rank_date,snapshot_time,rank_position,bvid,aid,title,author,category,main_category,tid,duration,view_count,danmaku_count,reply_count,like_count,coin_count,favorite_count,share_count,pubdate,video_url,cover_url
2026-06-07,2026-06-07 09:57:38,1,BV15iEc6VEfH,116691577216788,路边一块，也能变废为宝，雕刻出大家想要的题材我不知道什么时候天才会亮，但我知道，跑着跑着，天就亮了。,小梨家的和田玉,手工,生活,161,220,5615918,3563,10611,212466,6927,20232,3440,1780572193,https://www.bilibili.com/video/BV15iEc6VEfH,http://i2.hdslb.com/bfs/archive/c1597efe82d66a7f728f8bdd84505eff4b7f5ac9.jpg
2026-06-07,2026-06-07 09:57:38,2,BV1Qi7f6eE59,116690805395451,致敬每一个心中有花，努力奔跑的人,爱画画的子衿,亲子,生活,254,313,1627931,3263,3423,222336,111183,14559,3466,1780561800,https://www.bilibili.com/video/BV1Qi7f6eE59,http://i1.hdslb.com/bfs/archive/2c9cc3dd70d264a8473e46b8bebaad7db4d6ef2c.jpg
2026-06-07,2026-06-07 09:57:38,3,BV19ZEF6MEBV,116690117464228,人在干坏事的时候是不怕苦不怕累的,我是易拉爆,日常,生活,21,309,2074334,1349,3757,195627,13798,28720,14061,1780550100,https://www.bilibili.com/video/BV19ZEF6MEBV,http://i2.hdslb.com/bfs/archive/5a3e59dd5183e87d69b1ad3224466b821bf05e23.jpg
2026-06-07,2026-06-07 09:57:38,4,BV17GEP6xEDW,116692348832614,新三国up锐评楚汉传奇01：是不是我打开的方式不太对？,吃蛋挞的折棒,影视杂谈,影视,182,1348,1389151,18988,11295,127166,123524,26607,10000,1780624800,https://www.bilibili.com/video/BV17GEP6xEDW,http://i2.hdslb.com/bfs/archive/4e5cd47c8551d2b66643e2800041b7ec2d3bf729.jpg
2026-06-07,2026-06-07 09:57:38,5,BV15C7k6REKC,116697197451293,公测定档7月 | 《遗忘之海》船员集结摇滚MV「燥」,遗忘之海,GMV,GMV,121,205,4397019,941,1706,83267,55201,55331,3986,1780711200,https://www.bilibili.com/video/BV15C7k6REKC,http://i0.hdslb.com/bfs/archive/bef8db958217ad42ed011f4bf5d5d6c1cf3a4bad.jpg
2026-06-07,2026-06-07 09:57:38,6,BV1w6EF6QEjZ,116690033778619,不看后悔！史上最神人店家！,转生成为毛毛,美食侦探,美食,212,186,3146501,3788,8754,164099,4561,27670,13589,1780563600,https://www.bilibili.com/video/BV1w6EF6QEjZ,http://i1.hdslb.com/bfs/archive/07cb98d8f59285212c90c7646739a87803bf06c0.jpg
2026-06-07,2026-06-07 09:57:38,7,BV1wEEc6REms,116692097238799,城市大富翁（5）,雨哥到处跑,日常,生活,21,3846,1466313,35064,4958,131065,107654,35942,4794,1780628700,https://www.bilibili.com/video/BV1wEEc6REms,http://i1.hdslb.com/bfs/archive/8628e50dc2e56aec5815c8e3f665d304cfe23d80.jpg
2026-06-07,2026-06-07 09:57:38,8,BV13s7z63EjV,116695016477738,《绝区零》3.0新地块实机演示,绝区零,手机游戏,游戏,172,599,1420913,9306,13614,123698,58071,22239,24727,1780624803,https://www.bilibili.com/video/BV13s7z63EjV,http://i0.hdslb.com/bfs/archive/ac132a13aed30f0b83ff50dfb56d83e2e518206a.jpg
2026-06-07,2026-06-07 09:57:38,9,BV1XQ7Z6eEki,116689412819066,特朗普的愤怒,燕三嘤嘤嘤,人文历史,知识,228,1133,2855153,10671,4811,140771,33907,20507,2720,1780545020,https://www.bilibili.com/video/BV1XQ7Z6eEki,http://i0.hdslb.com/bfs/archive/d106118a7a33e310838a2e387ce511583c5a7a62.jpg
2026-06-07,2026-06-07 09:57:38,10,BV1cu7r6FEPd,116696023045705,英国，沦为印度殖民地,平原公子,日常,生活,21,463,2489827,9925,7174,163249,6763,16985,15292,1780640137,https://www.bilibili.com/video/BV1cu7r6FEPd,http://i1.hdslb.com/bfs/archive/95ba7fb80bc2a46fc2c8f7ff69a08c57c40ef914.jpg
2026-06-07,2026-06-07 09:57:38,11,BV1df7r6REpB,116695469463690,如何在家制造浓汤宝,嘤武罗,日常,生活,21,501,3292083,3185,2954,156124,39686,35971,2335,1780650000,https://www.bilibili.com/video/BV1df7r6REpB,http://i2.hdslb.com/bfs/archive/94c85d2ebad9002fcbad0c7ef2f3c8a3f1ec6768.jpg
2026-06-07,2026-06-07 09:57:38,12,BV1sC7R6VEF3,116687181451048,【侯绿萝】视频加载中，速速查收惊喜！,侯绿萝,小剧场,娱乐,85,233,1803914,1416,1384,173015,10211,14256,1749,1780538400,https://www.bilibili.com/video/BV1sC7R6VEF3,http://i0.hdslb.com/bfs/archive/e40df1469a3bc68659f30a77b0e0801ae88938bb.jpg
2026-06-07,2026-06-07 09:57:38,13,BV16DVz6UE77,116679229180052,如何拍出电影感大片,喜欢拍照的皮皮,日常,生活,21,60,3717026,347,2225,344477,11816,101255,8288,1780384052,https://www.bilibili.com/video/BV16DVz6UE77,http://i1.hdslb.com/bfs/archive/82ba23d6fb45244f769f8f127cfbe2f51afe67c8.jpg
2026-06-07,2026-06-07 09:57:38,14,BV1rg7C6TEUm,116696912369911,一句“一氧化二氢”能钓出多少“读稿机”？,中国食品报融媒体,科学科普,知识,201,291,3766501,5278,18286,157281,12174,19895,12694,1780653928,https://www.bilibili.com/video/BV1rg7C6TEUm,http://i1.hdslb.com/bfs/archive/1081ed32a36e81bee443915a997ed5f2bd56badd.jpg
2026-06-07,2026-06-07 09:57:38,15,BV1uXEA6gEMu,116692567070822,“别着急，我来给你补充「偶！像！能！量！」”,小耗owo,手机游戏,游戏,172,80,1057709,720,2148,211420,13322,46345,9415,1780624800,https://www.bilibili.com/video/BV1uXEA6gEMu,http://i1.hdslb.com/bfs/archive/64822f49e99e9fb8b41ba5e0f9e06f48d4b76446.jpg
2026-06-07,2026-06-07 09:57:38,16,BV16kV26TES7,116685470175022,当父母说出了正确答案：,进击的金厂长,搞笑,娱乐,138,129,5413079,2264,2342,372563,137929,174303,2977,1780479155,https://www.bilibili.com/video/BV16kV26TES7,http://i0.hdslb.com/bfs/archive/982b25c4ef21fb08f77ae933c89f4b99d5b0c86a.jpg
2026-06-07,2026-06-07 09:57:38,17,BV1Qt7X61Enn,116686241993999,百万英镑，但素质过低,青时晚,影视剪辑,影视,183,174,2106235,1815,2265,127109,9672,31803,12652,1780490956,https://www.bilibili.com/video/BV1Qt7X61Enn,http://i0.hdslb.com/bfs/archive/1573985b4950f4d1001b3a21a50adab722b0a0f1.jpg
2026-06-07,2026-06-07 09:57:38,18,BV1pDV86oE6S,116657217344637,热烈欢迎薛凯琪！工作之余，Fiona会带哪些让自己感到快乐的东西呢～（录完这期脑海里都是Fifi的笑声,papi酱,短片,动画,256,2017,1167872,10583,4450,120521,47749,15259,6864,1780632000,https://www.bilibili.com/video/BV1pDV86oE6S,http://i2.hdslb.com/bfs/archive/032f4048d6f94c465fc10972289999cf79f2572f.jpg
2026-06-07,2026-06-07 09:57:38,19,BV1kCVU65ERM,116669112386149,初中生斗胆跳一段jam,特崮斯,篮球,运动,235,45,6334662,8695,18428,1220499,198603,129301,19014,1780229707,https://www.bilibili.com/video/BV1kCVU65ERM,http://i1.hdslb.com/bfs/archive/5871a66dc8e356ff71da4a6d99d5922b4a6a3fce.jpg
2026-06-07,2026-06-07 09:57:38,20,BV1XEV26XEsz,116683641455201,冠以破碎之名：第一集 冰潮寒雨之夏,Xavier_白昼,综合,综合,27,1106,1359193,1807,2402,102574,21807,63286,3475,1780451269,https://www.bilibili.com/video/BV1XEV26XEsz,http://i0.hdslb.com/bfs/archive/edb3c2a03146bbc3390581aa30c41b8e3c3ab846.jpg
2026-06-07,2026-06-07 09:57:38,21,BV168796PEv1,116685839403735,如此仙音唯有挠臭,lulu和露爸,喵星人,喵星人,218,26,4599095,16065,5507,578457,15795,112216,24050,1780484850,https://www.bilibili.com/video/BV168796PEv1,http://i1.hdslb.com/bfs/archive/87f3ce4876a2e50e34a2c1b24dfe10ae34700a55.jpg
2026-06-07,2026-06-07 09:57:38,22,BV1uX7k6UENx,116696761239484,巨构：没有告别,巨构ai,网络游戏,游戏,65,19,2222249,3537,5906,370124,16331,126647,5211,1780651506,https://www.bilibili.com/video/BV1uX7k6UENx,http://i0.hdslb.com/bfs/archive/1422e60b2923b373953bd4ce6433b6f0e91f9501.jpg
2026-06-07,2026-06-07 09:57:38,23,BV1gsEw6zExs,116691040208641,你的高考/中考/期末考belike,哈基mer-猫meme,搞笑,娱乐,138,22,716521,26743,2168,256503,28005,52232,4873,1780564012,https://www.bilibili.com/video/BV1gsEw6zExs,http://i2.hdslb.com/bfs/archive/4f76f8d127f1c6d5a990c89a161f10356e783cd4.jpg
2026-06-07,2026-06-07 09:57:38,24,BV1gWEw6gE4X,116691056987748,“这种没流量的画画最狠了”,像风如你o_O,日常,生活,21,25,2167312,639,3242,269653,7301,22754,1072,1780564358,https://www.bilibili.com/video/BV1gWEw6gE4X,http://i0.hdslb.com/bfs/archive/96621cf035234fbf3c3d6f498d6f4d5eae388c12.jpg
2026-06-07,2026-06-07 09:57:38,25,BV1GHEw6rEo4,116691140875979,无能的杰哥,神威-狗剩,影视剪辑,影视,183,154,2743167,1810,3615,132854,7669,24121,26234,1780565876,https://www.bilibili.com/video/BV1GHEw6rEo4,http://i2.hdslb.com/bfs/archive/0814d03bdf68a6a83cba4b8ba18fa6d58d6de912.jpg
2026-06-07,2026-06-07 09:57:38,26,BV1yiEF6WErx,116690419585062,奶香馒头,夏叔厨房,美食制作,美食,76,76,1657121,911,7141,213373,7351,18601,1114,1780554601,https://www.bilibili.com/video/BV1yiEF6WErx,http://i1.hdslb.com/bfs/archive/82992eb9cddf1a5a5e5e77e481db8626c6005de9.jpg
2026-06-07,2026-06-07 09:57:38,27,BV1PP7C63E2J,116696710912022,《师》我回母校当老师,阿廖沙别害怕_,搞笑,娱乐,138,296,1505518,453,925,150506,4013,11355,522,1780650587,https://www.bilibili.com/video/BV1PP7C63E2J,http://i0.hdslb.com/bfs/archive/b04455fde128b88ff0a92e264778512242510bc9.jpg
2026-06-07,2026-06-07 09:57:38,28,BV1mhV26yETL,116683775678542,科比的哲学启示录第十四期,蟹不肉丨,影视剪辑,影视,183,74,5219644,1188,6976,321547,15887,83863,15217,1780453236,https://www.bilibili.com/video/BV1mhV26yETL,http://i0.hdslb.com/bfs/archive/738134aa027bf05aa3f3843c528db81f3d78307d.jpg
2026-06-07,2026-06-07 09:57:38,29,BV1pnVm6GEQG,116685386483651,“当bro以为自己很有影响力时…”,林宇辉,社科·法律·心理,知识,124,16,884321,467,1949,256027,10266,33192,1220,1780478075,https://www.bilibili.com/video/BV1pnVm6GEQG,http://i1.hdslb.com/bfs/archive/02329b4beff89227f0f34b10ef7ca21a2b920c65.jpg
2026-06-07,2026-06-07 09:57:38,30,BV1jeEc6yE75,116691593992011,《你说谁错谁就错，因为你开迈巴赫》,嘞是唐孃孃,搞笑,娱乐,138,34,2955994,168,1955,226177,3064,14973,1229,1780572588,https://www.bilibili.com/video/BV1jeEc6yE75,http://i0.hdslb.com/bfs/archive/cc74080d84744d7622f9f9dd492a1583e00aaed7.jpg
2026-06-07,2026-06-07 09:57:38,31,BV1xU7f6xEjt,116690939546284,CF单机叙事续作——《穿越火线：潜伏》实机首曝,穿越火线潜伏,单机游戏,游戏,17,308,3961112,1367,4413,99067,5650,18790,10384,1780696800,https://www.bilibili.com/video/BV1xU7f6xEjt,http://i0.hdslb.com/bfs/archive/140a4abb0c80a2aa1e7cb7126c978567b667ed12.jpg
2026-06-07,2026-06-07 09:57:38,32,BV12R7Q6MEJX,116686543914174,你说你有点难追～,未知艺术家_611,搞笑,娱乐,138,30,2579287,224,1965,237126,2851,24444,3647,1780495648,https://www.bilibili.com/video/BV12R7Q6MEJX,http://i2.hdslb.com/bfs/archive/aeaf33a25e079b26433a425ee56ac24f566861d7.jpg
2026-06-07,2026-06-07 09:57:38,33,BV1bV7k6LExn,116697264560365,再见！一系列！高考必胜！,一数,校园学习,知识,208,193,753407,27347,13892,77840,31101,16072,5400,1780659292,https://www.bilibili.com/video/BV1bV7k6LExn,http://i2.hdslb.com/bfs/archive/5df66240b2b71ca2bc6ce697e929657b1b1df5a4.jpg
2026-06-07,2026-06-07 09:57:38,34,BV1WT7C6uEj8,116696878749194,猫 咪 的 花 语 是 老 吴🎵,幾加乘,同人·手书,动画,47,259,1372735,1478,2712,105849,15545,21561,9093,1780653131,https://www.bilibili.com/video/BV1WT7C6uEj8,http://i0.hdslb.com/bfs/archive/ad354ddb8c2e2bf697327dc182835b3d6014f4b1.jpg
2026-06-07,2026-06-07 09:57:38,35,BV1T9Vm6UE2N,116684681647760,《古剑》3分钟战斗实机 | 线下试玩招募开启,古剑,单机游戏,游戏,17,168,3284227,2919,8880,57188,31926,18471,19670,1780698215,https://www.bilibili.com/video/BV1T9Vm6UE2N,http://i0.hdslb.com/bfs/archive/d18a0e2a80905c1a2bfe0d000c3ca47aa1548899.jpg
2026-06-07,2026-06-07 09:57:38,36,BV1F7716gE1d,116697667213269,不降 |《归唐》夏日游戏节剧情初窥预告,归唐,单机游戏,游戏,17,195,4713339,2045,7034,109682,3284,11137,5703,1780694417,https://www.bilibili.com/video/BV1F7716gE1d,http://i1.hdslb.com/bfs/archive/ee1e7f11e5576321abd715ef6582c5b5fe323c2d.jpg
2026-06-07,2026-06-07 09:57:38,37,BV1Ja7k6AE1b,116697063235411,我又给花朵加了个开关！,是玉木呀,设计·创意,设计·创意,229,104,861778,447,697,138340,15282,27612,2781,1780656042,https://www.bilibili.com/video/BV1Ja7k6AE1b,http://i0.hdslb.com/bfs/archive/c05470a618fc67ee60cb9df153eb5ad6d3c8ce08.jpg
2026-06-07,2026-06-07 09:57:38,38,BV1R7Ew65ERR,116691124229360,当爸爸找亲戚买手机,刘鸿哥哥,小剧场,娱乐,85,119,2267989,909,2780,154280,1330,8294,1652,1780565630,https://www.bilibili.com/video/BV1R7Ew65ERR,http://i0.hdslb.com/bfs/archive/5e4feb10a7cf9e178bf7e9a619d62843bc5ae8b2.jpg
2026-06-07,2026-06-07 09:57:38,39,BV1vkVB6NEuR,116680252462308,“超微距”下的瑞士长什么样？,影视飓风,娱乐粉丝创作,娱乐,242,1369,3616477,8179,3053,158632,50428,27996,6018,1780477200,https://www.bilibili.com/video/BV1vkVB6NEuR,http://i1.hdslb.com/bfs/archive/5b0c10c80ad8bf4789b41860cadc70e8c144245b.jpg
2026-06-07,2026-06-07 09:57:38,40,BV1EwEF62EhA,116690721443492,当校长挑选教室地板时,Cheems电玩屋,日常,生活,21,18,4480462,730,4308,183123,898,6725,439,1780559484,https://www.bilibili.com/video/BV1EwEF62EhA,http://i0.hdslb.com/bfs/archive/8916553504d48aec3ba5ad2bdfeec5fcf7eefc1c.jpg
2026-06-07,2026-06-07 09:57:38,41,BV1hG7y69Ej2,116698036313694,史上最骚特工(第二集),老番茄,单机游戏,游戏,17,842,1423532,2760,1676,102655,34105,27032,1723,1780716600,https://www.bilibili.com/video/BV1hG7y69Ej2,http://i2.hdslb.com/bfs/archive/c4778bfde8d395e0f91e2f746393736302e8205c.jpg
2026-06-07,2026-06-07 09:57:38,42,BV1yo7B68EHX,116695117207554,《鸣潮》×《赛博朋克：边缘行者》共鸣者战斗演示 | 露西,鸣潮,单机游戏,游戏,17,283,2222554,2321,8225,77381,23828,13538,14523,1780628400,https://www.bilibili.com/video/BV1yo7B68EHX,http://i2.hdslb.com/bfs/archive/61426f2876187b9326f1b732fdea7044e08d7ea3.jpg
2026-06-07,2026-06-07 09:57:38,43,BV1DB7f6AEBK,116690989942959,最 不 物 质 之 人,张八筒筒,日常,生活,21,127,2071076,830,856,162079,1392,8146,756,1780563943,https://www.bilibili.com/video/BV1DB7f6AEBK,http://i1.hdslb.com/bfs/archive/612e05a8e02454bd4e3723991d4808f061b1c188.jpg
2026-06-07,2026-06-07 09:57:38,44,BV1jwV663EjR,116679380112598,我的世界杯主题曲！IShowSpeed - World Cup (Champions),ishowspeedsui,竞技体育,运动,236,299,4606659,2464,10473,255096,46823,45314,15124,1780386563,https://www.bilibili.com/video/BV1jwV663EjR,http://i2.hdslb.com/bfs/archive/2807f6a9b9342740dfa8764e7bcc6e231196c94f.jpg
2026-06-07,2026-06-07 09:57:38,45,BV1xR7S6hEkB,116700804683368,菲比：就你们寝室最吵！！,Lm海洋,音乐综合,音乐,130,262,643974,502,2573,56651,42318,25162,9048,1780713190,https://www.bilibili.com/video/BV1xR7S6hEkB,http://i1.hdslb.com/bfs/archive/348cd3608f962369b093721ee90e2515a127a833.jpg
2026-06-07,2026-06-07 09:57:38,46,BV1W6VZ6MEbd,116674313328609,🍄欠揍气球🍄,纸片马力欧,日常,生活,21,40,4025858,4543,9483,474089,36664,247767,73538,1780309043,https://www.bilibili.com/video/BV1W6VZ6MEbd,http://i0.hdslb.com/bfs/archive/3d18bae01c4fc365d9e7e0ede5efb926e32115ad.jpg
2026-06-07,2026-06-07 09:57:38,47,BV1nWVm6uEqb,116685285624503,我吃牛瘪火锅 结果买错牛胃了,张离谱Dreams,搞笑,娱乐,138,97,2298933,1190,3316,154271,2668,41155,11392,1780476405,https://www.bilibili.com/video/BV1nWVm6uEqb,http://i0.hdslb.com/bfs/archive/6f4f02f224993a1933f3e515e84d84edb5ca3808.jpg
2026-06-07,2026-06-07 09:57:38,48,BV1ZREP6dEcU,116693758117714,扫落叶全清洁100%速通39分03秒leaf it alone,闲云豹,单机游戏,游戏,17,2367,1009900,1121,1550,85756,9433,18117,3777,1780605809,https://www.bilibili.com/video/BV1ZREP6dEcU,http://i1.hdslb.com/bfs/archive/3385291fb621bd6cb0c5fb61712551a6e5b91b00.jpg
2026-06-07,2026-06-07 09:57:38,49,BV1L7Ew65ETv,116691124098703,我养护的石拱桥，已经被国家收录为不可移动文物！,抓紧长长长呀,三农,生活,251,604,1648859,1063,2012,117674,6685,8635,451,1780565746,https://www.bilibili.com/video/BV1L7Ew65ETv,http://i1.hdslb.com/bfs/archive/56f52737bc566db19c5316ccdcc3b87cc81709e0.jpg
2026-06-07,2026-06-07 09:57:38,50,BV1WY7U6dEJ5,116699814693875,【微电影】人类文明的最后一届高考,最后讲述者,鬼畜剧场,鬼畜剧场,216,263,1077750,1612,3215,85535,9768,19914,4389,1780709400,https://www.bilibili.com/video/BV1WY7U6dEJ5,http://i2.hdslb.com/bfs/archive/40a717d48c3dbeb9559b00a07a88af6cfd5181fb.jpg
2026-06-07,2026-06-07 09:57:38,51,BV1L8Gq6aEVt,116622471922186,评论区摄影大赛直击人心篇开启，欢迎投稿好的作品会让更多人看到。,摄影恩哥,日常,生活,21,137,1072285,396,3676,139383,1509,9057,203,1780651800,https://www.bilibili.com/video/BV1L8Gq6aEVt,http://i0.hdslb.com/bfs/archive/d3eeaf9390b7eb77f3e8017f5ee769d473203355.jpg
2026-06-07,2026-06-07 09:57:38,52,BV1bwV161Er2,116684413209270,【aespa】LEMONNNN,aespa,音乐综合,音乐,130,11,6472905,12332,24470,124816,29609,14546,8082,1780475400,https://www.bilibili.com/video/BV1bwV161Er2,http://i1.hdslb.com/bfs/archive/1e63fbee388c793dc0403c872eefb52a8d7d8615.jpg
2026-06-07,2026-06-07 09:57:38,53,BV1jz7k6tEkL,116696979347018,教程来啦兄弟们 拍起来,是柳宗元,电子竞技,游戏,171,46,2076112,173,813,157338,2672,23532,1249,1780654702,https://www.bilibili.com/video/BV1jz7k6tEkL,http://i0.hdslb.com/bfs/archive/becaa38ea9e7437bed18411340db6d5da7f4cd54.jpg
2026-06-07,2026-06-07 09:57:38,54,BV1vEEP6HEFw,116692281789801,2025年出货量370万台！激光雷达真成“安全气囊”了？,保镖的车库,新能源车,新能源车,247,606,1318707,485,617,96792,3040,10517,365,1780653900,https://www.bilibili.com/video/BV1vEEP6HEFw,http://i1.hdslb.com/bfs/archive/76872e6b743f73527ee70c89a75c39214a868540.jpg
2026-06-07,2026-06-07 09:57:38,55,BV1VWVz6TELx,116679598147712,星际穿越的我，试图提醒过去的自己....,考研英语大雁,校园学习,知识,208,33,3114972,694,2441,399465,9135,51910,6921,1780389685,https://www.bilibili.com/video/BV1VWVz6TELx,http://i0.hdslb.com/bfs/archive/5822709cbd5c2a8a09fabc50bcfdcfc29859f9a1.jpg
2026-06-07,2026-06-07 09:57:38,56,BV1RvVo6QEqo,116674682426936,不儿，你俩来真的啊？！,主持人yoyo酱,搞笑,娱乐,138,265,5780435,16273,12519,691025,521853,125462,14605,1780314627,https://www.bilibili.com/video/BV1RvVo6QEqo,http://i1.hdslb.com/bfs/archive/e8bde3297455f3796e516de2362d5eb1085d9abf.jpg
2026-06-07,2026-06-07 09:57:38,57,BV1hAVm6XEE2,116685570836474,【传奇耐熬王】经典排骨💀60天仍然有5人存活💪到最后拼的就是谁身体好！🤦‍♂️,-超级小能猫-,搞笑,娱乐,138,2617,2351032,14323,2923,86613,19031,42578,3962,1780481719,https://www.bilibili.com/video/BV1hAVm6XEE2,http://i0.hdslb.com/bfs/archive/dc3782f8b522707e818c2537030e1b8893332367.jpg
2026-06-07,2026-06-07 09:57:38,58,BV1aFVm6REvY,116685537281059,蜘蛛糸モノポリー,苏酥鱼鱼喵,MMD·3D,动画,25,113,639182,177,1419,127149,5068,46782,3648,1780480166,https://www.bilibili.com/video/BV1aFVm6REvY,http://i0.hdslb.com/bfs/archive/43aeddbc4a47c5117090dc56e61b94bb7a858ec0.jpg
2026-06-07,2026-06-07 09:57:38,59,BV1um7665EpW,116696325033820,讷,水生植物人owo,日常,生活,21,16,896983,630,4844,133925,3273,35014,12510,1780644714,https://www.bilibili.com/video/BV1um7665EpW,http://i2.hdslb.com/bfs/archive/ce971f171b1f22d061819b3fea882f5d4af2a608.jpg
2026-06-07,2026-06-07 09:57:38,60,BV1JKEw6QEw9,116691509970719,我读了你们的评论 把阎王召唤出来了T_T,汤木檀泽,日常,生活,21,959,1807728,1455,1603,110645,6575,17122,525,1780571268,https://www.bilibili.com/video/BV1JKEw6QEw9,http://i1.hdslb.com/bfs/archive/0b6c7ccb214b6211a4cf9a8741eb473536e42587.jpg
2026-06-07,2026-06-07 09:57:38,61,BV1UV7k6LEUG,116697264627213,航天会刷典狱长？！【三角洲动画】,手折余弦丶,电子竞技,游戏,171,300,881135,919,1004,73538,7341,18336,1938,1780659017,https://www.bilibili.com/video/BV1UV7k6LEUG,http://i0.hdslb.com/bfs/archive/eb575db6391346950b2623259e6c0c6469239e03.jpg
2026-06-07,2026-06-07 09:57:38,62,BV15z766SE1A,116696341812776,假如高考什么都可以带,小安苒AIGC,校园学习,知识,208,177,2102296,2527,2412,87873,2160,6629,1600,1780646400,https://www.bilibili.com/video/BV15z766SE1A,http://i2.hdslb.com/bfs/archive/ed743a6a86446310a9957bce92faa671a082a6d8.jpg
2026-06-07,2026-06-07 09:57:38,63,BV16BVy6wEfx,116682534162276,《你来真的啊》,伤心欲茄222,搞笑,娱乐,138,116,3189748,1262,4135,322211,6569,21292,3790,1780459200,https://www.bilibili.com/video/BV16BVy6wEfx,http://i1.hdslb.com/bfs/archive/f16abe0150882e397bf053e6d7a1e4dced090de1.jpg
2026-06-07,2026-06-07 09:57:38,64,BV1JAEw69EUS,116691342200777,生完宝宝之后我再也不敢得罪我老公了，因为……,笑哥走丢了a,亲子,生活,254,89,1995602,790,6314,152831,2759,7207,1665,1780568869,https://www.bilibili.com/video/BV1JAEw69EUS,http://i2.hdslb.com/bfs/archive/2496ecbfca22198efdffe5b1855ea840b90edb2a.jpg
2026-06-07,2026-06-07 09:57:38,65,BV1xdEc6bEcK,116691426088191,肉食脑袋的硬菜局！爆辣猪蹄+火锅鸡泡面香迷糊,方芳的快乐生活,美食侦探,美食,212,1134,1750603,1455,851,83500,10211,14357,2879,1780571551,https://www.bilibili.com/video/BV1xdEc6bEcK,http://i1.hdslb.com/bfs/archive/bdc078c74f5e0987fffca10262d6ced73d562c27.jpg
2026-06-07,2026-06-07 09:57:38,66,BV15wVB6YECT,116678608359768,一顿饭只要三块钱，客人吃着吃着，人就“没了”,瞎通不设计了,美食侦探,美食,212,187,2400439,2488,6411,291082,168862,28248,4123,1780390800,https://www.bilibili.com/video/BV15wVB6YECT,http://i1.hdslb.com/bfs/archive/fd898a754bc3cf4317349a2b3c4394e104417434.jpg
2026-06-07,2026-06-07 09:57:38,67,BV1QzVR63E3L,116671930963542,回忆永远都是加分项,央视新闻,日常,生活,21,184,3672857,28885,24184,642274,248416,195593,60366,1780286400,https://www.bilibili.com/video/BV1QzVR63E3L,http://i2.hdslb.com/bfs/archive/f4dc3fe8ea88a450877315e867b4995121d5dbf6.jpg
2026-06-07,2026-06-07 09:57:38,68,BV1Qb7R6XECX,116687064072844,⚡冷 笑 话 大 全 6.0⚡,污污云,鬼畜调教,鬼畜,22,66,1476362,205,1041,106878,2029,42996,5343,1780545600,https://www.bilibili.com/video/BV1Qb7R6XECX,http://i2.hdslb.com/bfs/archive/edf5ec9306bef71931b52d5b0a961e13f1ecc966.jpg
2026-06-07,2026-06-07 09:57:38,69,BV1uX7k6UEPn,116696761239539,把硬装的喊过来！,脱缰凯Kk,小剧场,娱乐,85,219,1173964,1517,1555,87638,2860,9140,621,1780651876,https://www.bilibili.com/video/BV1uX7k6UEPn,http://i1.hdslb.com/bfs/archive/1a5306b127f7814fe75bc726966f0f675fcb7e33.jpg
2026-06-07,2026-06-07 09:57:38,70,BV15W7C6tEyc,116696425766532,送你一片夕阳！,困雀雀,仿妆cos,时尚,252,36,516855,129,2119,154328,7983,27384,2418,1780646468,https://www.bilibili.com/video/BV15W7C6tEyc,http://i2.hdslb.com/bfs/archive/86973af2078693bfe5fc81d4dae783648e7fb904.jpg
2026-06-07,2026-06-07 09:57:38,71,BV1usEw6zEiy,116691040210390,【餐馆TV】UP今天发烧了……作品会不会受影响啊,大乾乾是顾乾宇,小剧场,娱乐,85,141,879405,1632,2680,101198,3149,12312,7168,1780564633,https://www.bilibili.com/video/BV1usEw6zEiy,http://i1.hdslb.com/bfs/archive/6d69be5e1f22dec4058e90f795df2ff7c21e4a91.jpg
2026-06-07,2026-06-07 09:57:38,72,BV19J7r6HESb,116695704274527,【抱佛脚】高考语文！选择题？最后一课！,学过石油的语文老师,校园学习,知识,208,1200,847456,36893,10928,41413,16748,20731,4034,1780660800,https://www.bilibili.com/video/BV19J7r6HESb,http://i0.hdslb.com/bfs/archive/f8d05a7621ff85694f1ddb7ac6c3c775b0e01965.jpg
2026-06-07,2026-06-07 09:57:38,73,BV1LLVU6eE1t,116684782373820,你到底娶不娶我…,ENX叉叉酱,同人·手书,动画,47,77,927836,1571,6997,176249,10407,17858,4784,1780484400,https://www.bilibili.com/video/BV1LLVU6eE1t,http://i0.hdslb.com/bfs/archive/cffaf3db4947fd6d7956bd49b83dcea884c3307b.jpg
2026-06-07,2026-06-07 09:57:38,74,BV1xZ7k6LESp,116696778084201,“哎呀 我们的主角倒下啦～”,西门小昭,综合,综合,27,30,632673,92,932,121365,8163,48140,2075,1780655400,https://www.bilibili.com/video/BV1xZ7k6LESp,http://i2.hdslb.com/bfs/archive/2c5c6c548ed488771077293e2f7bfcfb435e4744.jpg
2026-06-07,2026-06-07 09:57:38,75,BV1MtEF6fEga,116690436233152,全国男生统一迷惑行为,王小洋-已黑化,日常,生活,21,446,895311,2779,1926,74152,1663,13594,2090,1780567200,https://www.bilibili.com/video/BV1MtEF6fEga,http://i1.hdslb.com/bfs/archive/696e0beeae3b0520b2aeae3a4aa24c0eeb689fcd.jpg
2026-06-07,2026-06-07 09:57:38,76,BV1uE7d6JEAp,116688674624635,啥龙：医生说我只剩几天了……,小陈的脚凑凑的,日常,生活,21,181,1009093,1256,1627,73151,5970,17526,3551,1780528049,https://www.bilibili.com/video/BV1uE7d6JEAp,http://i1.hdslb.com/bfs/archive/e92886e4f49270b6f1a24481e0b0851d64e70fc4.jpg
2026-06-07,2026-06-07 09:57:38,77,BV1tV7k6LEyH,116697264556028,你或许不认识我 但我唱的歌你或许？？听过？,喵☆酱,翻唱,音乐,31,443,459391,4115,2025,95279,6396,13000,1095,1780659262,https://www.bilibili.com/video/BV1tV7k6LEyH,http://i1.hdslb.com/bfs/archive/f27fa302b117dedb6f353c75770d440ca8982c33.jpg
2026-06-07,2026-06-07 09:57:38,78,BV1Nk7X6TEnq,116686023955827,半个小孩，全部的妈妈,超级猫猫兽,同人·手书,动画,47,483,1628977,1838,4991,134632,21411,58861,4948,1780487705,https://www.bilibili.com/video/BV1Nk7X6TEnq,http://i0.hdslb.com/bfs/archive/25cb3d6f6dd951590c71a8ea993463455554b0c6.jpg
2026-06-07,2026-06-07 09:57:38,79,BV13HEw6rEhc,116691140873202,接龙游戏开发，但都绷住了,M木糖M,单机游戏,游戏,17,933,1198220,1240,822,64018,9115,11663,1007,1780630200,https://www.bilibili.com/video/BV13HEw6rEhc,http://i2.hdslb.com/bfs/archive/1083ae38f0917802668505e94ed2fe06226cc58b.jpg
2026-06-07,2026-06-07 09:57:38,80,BV16w7D6RERW,116700921988742,007看后:追逐战？,MEspace天植,绘画,绘画,162,49,1388527,149,607,139107,12218,24005,1143,1780714922,https://www.bilibili.com/video/BV16w7D6RERW,http://i2.hdslb.com/bfs/archive/f35dab38094910739815ae6424bcceee9316f8f7.jpg
2026-06-07,2026-06-07 09:57:38,81,BV1797X6ZEvW,116686158038804,真跳60分钟，天台暴晒也算时间哦,矮乐多Aliga,日常,生活,21,3639,1155382,1071,1685,64303,13077,22604,2666,1780490050,https://www.bilibili.com/video/BV1797X6ZEvW,http://i0.hdslb.com/bfs/archive/51a11a46ff9c8a78cf19a5444bd1f18bb0099c9d.jpg
2026-06-07,2026-06-07 09:57:38,82,BV1edV26tEsB,116685654722666,复仇整蛊！蛋黄派伪装摄影师突袭周深，几秒就被识破？,记录生活的蛋黄派,美食测评,美食,213,556,3337137,7545,3037,103725,30925,49487,3970,1780565400,https://www.bilibili.com/video/BV1edV26tEsB,http://i2.hdslb.com/bfs/archive/a16b60bc03719059e3218dee538877f554f3f9b4.jpg
2026-06-07,2026-06-07 09:57:38,83,BV16sEc6SEwE,116692030070649,班级里的某些努力姐belike：,不懂爱的喵,AI音乐,AI音乐,265,81,2076167,596,4308,123188,573,9585,4032,1780579469,https://www.bilibili.com/video/BV16sEc6SEwE,http://i2.hdslb.com/bfs/archive/711ed87052e442f67c408a6e4e372e876c02a3f0.jpg
2026-06-07,2026-06-07 09:57:38,84,BV1xuVC6AEbg,116681426868021,今天把我关于《丧尸清道夫》的创作思路分享给大家，如果能帮到你，我会很开心。,Mx-Shell,影视剪辑,影视,183,2573,1258074,900,1981,73353,29453,75716,10516,1780452000,https://www.bilibili.com/video/BV1xuVC6AEbg,http://i0.hdslb.com/bfs/archive/4a766d587664347016b0288147deb324a2964232.jpg
2026-06-07,2026-06-07 09:57:38,85,BV15v7S65EWD,116701022717876,挑战给历史故事打tag（标签）,混饭达人,娱乐杂谈,娱乐杂谈,241,77,1730364,930,1229,128268,2706,14311,7510,1780716510,https://www.bilibili.com/video/BV15v7S65EWD,http://i2.hdslb.com/bfs/archive/1845b193e356ee0f6b686419e20cc96fe1678367.jpg
2026-06-07,2026-06-07 09:57:38,86,BV1yc7r6vE1C,116695905734805,关于我18岁为什么不去参加高考,我不是赤寒,日常,生活,21,126,991972,1261,5826,111379,5952,11966,1609,1780638439,https://www.bilibili.com/video/BV1yc7r6vE1C,http://i1.hdslb.com/bfs/archive/294ac25c415d3dcaf5c46bbc02fb5df23da86784.jpg
2026-06-07,2026-06-07 09:57:38,87,BV1ZUEF65EzU,116690016801808,论画手的高三生活有多燃！,圆脸面包人,绘画,绘画,162,141,751559,318,614,89258,3169,13254,1767,1780548385,https://www.bilibili.com/video/BV1ZUEF65EzU,http://i2.hdslb.com/bfs/archive/d2c74006b8fe69158c1e24fb31690a791ce674d0.jpg
2026-06-07,2026-06-07 09:57:38,88,BV1Zj7C6wEJY,116696845125445,织棉为布，非遗土布。用千年蓝染，重现极致的东方浪漫,花木紫Huamuz,手工,生活,161,401,932031,1351,2089,73587,6799,6849,519,1780652882,https://www.bilibili.com/video/BV1Zj7C6wEJY,http://i0.hdslb.com/bfs/archive/753a39454d2f1455af84effb021941e20ad4c2c7.jpg
2026-06-07,2026-06-07 09:57:38,89,BV1kzVy6hEGb,116682517385619,手绘2000多张沙画，历时3年制作,胡雪朗,绘画,绘画,162,54,800527,786,1475,183244,45326,26308,3856,1780457400,https://www.bilibili.com/video/BV1kzVy6hEGb,http://i0.hdslb.com/bfs/archive/959cf6a92144f70d7339865fe00cd198c4c8da9e.jpg
2026-06-07,2026-06-07 09:57:38,90,BV1uTEc6AEzV,116691963025070,以为这次断更，会是永别,ONLee_Studio,日常,生活,21,211,954712,1823,2588,64125,22054,4325,946,1780578368,https://www.bilibili.com/video/BV1uTEc6AEzV,http://i0.hdslb.com/bfs/archive/65223f1fb3bbe6f7b6e2b1e84b56584802350ec6.jpg
2026-06-07,2026-06-07 09:57:38,91,BV18qVr6KEk8,116680554519472,一个投了3万元必火的视频,奥利奥利奥是1,日常,生活,21,46,1011557,1781,8702,245631,22512,26548,4656,1780405200,https://www.bilibili.com/video/BV18qVr6KEk8,http://i0.hdslb.com/bfs/archive/0c023b00bd1d3a694bdd40c9d19039f1436532b1.jpg
2026-06-07,2026-06-07 09:57:38,92,BV12QEc6wETE,116691744917719,“我想我再也不会谈恋爱了”,柯洁,影视剪辑,影视,183,34,1356886,957,4433,145142,6161,6871,6221,1780574976,https://www.bilibili.com/video/BV12QEc6wETE,http://i0.hdslb.com/bfs/archive/47071584488230edc82fe88b8fe9b87eb57cd115.jpg
2026-06-07,2026-06-07 09:57:38,93,BV1gzVC6kE1S,116683507243907,【低成本在家实现牛排自由‼️ 】,村驴,美食制作,美食,76,329,996585,604,2498,95479,9309,71746,9947,1780449310,https://www.bilibili.com/video/BV1gzVC6kE1S,http://i0.hdslb.com/bfs/archive/005d3e68934a884c17ab0f89f1daac2ae9982f39.jpg
2026-06-07,2026-06-07 09:57:38,94,BV1XS796JETP,116687701545253,"""见过花开就好 何必在意花为谁开""19.0",我爱吃派大星,音乐综合,音乐,130,163,1359742,622,1191,74609,1251,8552,491,1780532400,https://www.bilibili.com/video/BV1XS796JETP,http://i1.hdslb.com/bfs/archive/29288eae5b7e0f9e2243fa9682885eab8981887d.jpg
2026-06-07,2026-06-07 09:57:38,95,BV19J7r6HEV7,116695704276560,咕嘎吃掉了整个幼儿园的伙食,咕咕嘎画,搞笑,娱乐,138,46,1481124,126,1138,111384,5484,16134,3177,1780635229,https://www.bilibili.com/video/BV19J7r6HEV7,http://i0.hdslb.com/bfs/archive/6f27e7f3c76289f0fac5ed16261338d0a6c2d5f2.jpg
2026-06-07,2026-06-07 09:57:38,96,BV1ogV26FEhB,116683943643894,兄弟们！今天给良子做一个入营测试，这身体身体素质，跟我想的不太一样啊!,健身华哥,运动综合,运动,238,246,2837867,4994,62426,131546,3806,7796,14945,1780455998,https://www.bilibili.com/video/BV1ogV26FEhB,http://i1.hdslb.com/bfs/archive/0ef39901811fd5680c39a67445609ba38a9560c2.jpg
2026-06-07,2026-06-07 09:57:38,97,BV1LCV66VE45,116680873346829,剥蒜的情谊147.0,NinthA-,网络游戏,游戏,65,147,1903419,790,864,135355,1780,23006,1780,1780455600,https://www.bilibili.com/video/BV1LCV66VE45,http://i1.hdslb.com/bfs/archive/21d74a2ecc26d0c95ecd1e1af6e84bf567bf37c9.jpg
2026-06-07,2026-06-07 09:57:38,98,BV1BQ7r68Ejy,116695553280188,高考加油！！！,青柳尊哉,日常,生活,21,25,386689,4804,2621,150936,11146,10679,3268,1780650000,https://www.bilibili.com/video/BV1BQ7r68Ejy,http://i1.hdslb.com/bfs/archive/d2a9b7766bc4f672f01dd4b2805739df436bfc4b.jpg
2026-06-07,2026-06-07 09:57:38,99,BV19N7y6bE1e,116698455803490,全体起立鼓掌！人类发现了治癌症的新药！🤯,蜗牛的科技笔记,软件应用,软件应用,230,115,880366,746,3622,78793,2816,13177,5243,1780677279,https://www.bilibili.com/video/BV19N7y6bE1e,http://i2.hdslb.com/bfs/archive/3b5f57bbd2f68b33097261f34d0cbb700b9439ce.jpg
2026-06-07,2026-06-07 09:57:38,100,BV1cmVz6DEmi,116679329712224,初代跑男团战力排行,东方日出哇,特摄,动画,86,600,2235890,5810,3577,182774,8634,23807,4385,1780385423,https://www.bilibili.com/video/BV1cmVz6DEmi,http://i0.hdslb.com/bfs/archive/ee051686685860fea8d8721ddf5c5d7f35a85e5f.jpg
2026-06-07,2026-06-07 10:57:38,1,BV15iEc6VEfH,116691577216788,路边一块，也能变废为宝，雕刻出大家想要的题材我不知道什么时候天才会亮，但我知道，跑着跑着，天就亮了。,小梨家的和田玉,手工,生活,161,220,5647246,3583,10667,213435,6996,20341,3456,1780572193,https://www.bilibili.com/video/BV15iEc6VEfH,http://i2.hdslb.com/bfs/archive/c1597efe82d66a7f728f8bdd84505eff4b7f5ac9.jpg
2026-06-07,2026-06-07 10:57:38,2,BV1Qi7f6eE59,116690805395451,致敬每一个心中有花，努力奔跑的人,爱画画的子衿,亲子,生活,254,313,1632761,3269,3432,222922,111574,14611,3482,1780561800,https://www.bilibili.com/video/BV1Qi7f6eE59,http://i1.hdslb.com/bfs/archive/2c9cc3dd70d264a8473e46b8bebaad7db4d6ef2c.jpg
2026-06-07,2026-06-07 10:57:38,3,BV19ZEF6MEBV,116690117464228,人在干坏事的时候是不怕苦不怕累的,我是易拉爆,日常,生活,21,309,2079097,1351,3772,196051,13874,28778,14106,1780550100,https://www.bilibili.com/video/BV19ZEF6MEBV,http://i2.hdslb.com/bfs/archive/5a3e59dd5183e87d69b1ad3224466b821bf05e23.jpg
2026-06-07,2026-06-07 10:57:38,4,BV17GEP6xEDW,116692348832614,新三国up锐评楚汉传奇01：是不是我打开的方式不太对？,吃蛋挞的折棒,影视杂谈,影视,182,1348,1403267,19084,11325,127772,124015,26733,10031,1780624800,https://www.bilibili.com/video/BV17GEP6xEDW,http://i2.hdslb.com/bfs/archive/4e5cd47c8551d2b66643e2800041b7ec2d3bf729.jpg
2026-06-07,2026-06-07 10:57:38,5,BV15C7k6REKC,116697197451293,公测定档7月 | 《遗忘之海》船员集结摇滚MV「燥」,遗忘之海,GMV,GMV,121,205,4586735,945,1751,84351,55233,55517,4019,1780711200,https://www.bilibili.com/video/BV15C7k6REKC,http://i0.hdslb.com/bfs/archive/bef8db958217ad42ed011f4bf5d5d6c1cf3a4bad.jpg
2026-06-07,2026-06-07 10:57:38,6,BV1w6EF6QEjZ,116690033778619,不看后悔！史上最神人店家！,转生成为毛毛,美食侦探,美食,212,186,3163440,3802,8771,164773,4588,27784,13645,1780563600,https://www.bilibili.com/video/BV1w6EF6QEjZ,http://i1.hdslb.com/bfs/archive/07cb98d8f59285212c90c7646739a87803bf06c0.jpg
2026-06-07,2026-06-07 10:57:38,7,BV1wEEc6REms,116692097238799,城市大富翁（5）,雨哥到处跑,日常,生活,21,3846,1478850,35201,4975,131656,108066,36089,4813,1780628700,https://www.bilibili.com/video/BV1wEEc6REms,http://i1.hdslb.com/bfs/archive/8628e50dc2e56aec5815c8e3f665d304cfe23d80.jpg
2026-06-07,2026-06-07 10:57:38,8,BV13s7z63EjV,116695016477738,《绝区零》3.0新地块实机演示,绝区零,手机游戏,游戏,172,599,1423248,9311,13608,123798,58099,22247,24748,1780624803,https://www.bilibili.com/video/BV13s7z63EjV,http://i0.hdslb.com/bfs/archive/ac132a13aed30f0b83ff50dfb56d83e2e518206a.jpg
2026-06-07,2026-06-07 10:57:38,9,BV1XQ7Z6eEki,116689412819066,特朗普的愤怒,燕三嘤嘤嘤,人文历史,知识,228,1133,2864516,10690,4822,141048,33967,20512,2725,1780545020,https://www.bilibili.com/video/BV1XQ7Z6eEki,http://i0.hdslb.com/bfs/archive/d106118a7a33e310838a2e387ce511583c5a7a62.jpg
2026-06-07,2026-06-07 10:57:38,10,BV1cu7r6FEPd,116696023045705,英国，沦为印度殖民地,平原公子,日常,生活,21,463,2547214,10173,7312,165978,6925,17358,15696,1780640137,https://www.bilibili.com/video/BV1cu7r6FEPd,http://i1.hdslb.com/bfs/archive/95ba7fb80bc2a46fc2c8f7ff69a08c57c40ef914.jpg
2026-06-07,2026-06-07 10:57:38,11,BV1df7r6REpB,116695469463690,如何在家制造浓汤宝,嘤武罗,日常,生活,21,501,3377505,3202,2969,157238,40026,36385,2348,1780650000,https://www.bilibili.com/video/BV1df7r6REpB,http://i2.hdslb.com/bfs/archive/94c85d2ebad9002fcbad0c7ef2f3c8a3f1ec6768.jpg
2026-06-07,2026-06-07 10:57:38,12,BV16DVz6UE77,116679229180052,如何拍出电影感大片,喜欢拍照的皮皮,日常,生活,21,60,3728971,350,2230,345654,11893,101655,8317,1780384052,https://www.bilibili.com/video/BV16DVz6UE77,http://i1.hdslb.com/bfs/archive/82ba23d6fb45244f769f8f127cfbe2f51afe67c8.jpg
2026-06-07,2026-06-07 10:57:38,13,BV1rg7C6TEUm,116696912369911,一句“一氧化二氢”能钓出多少“读稿机”？,中国食品报融媒体,科学科普,知识,201,291,3828192,5377,18515,159905,12451,20206,12908,1780653928,https://www.bilibili.com/video/BV1rg7C6TEUm,http://i1.hdslb.com/bfs/archive/1081ed32a36e81bee443915a997ed5f2bd56badd.jpg
2026-06-07,2026-06-07 10:57:38,14,BV1sC7R6VEF3,116687181451048,【侯绿萝】视频加载中，速速查收惊喜！,侯绿萝,小剧场,娱乐,85,233,1813911,1421,1385,173729,10240,14314,1759,1780538400,https://www.bilibili.com/video/BV1sC7R6VEF3,http://i0.hdslb.com/bfs/archive/e40df1469a3bc68659f30a77b0e0801ae88938bb.jpg
2026-06-07,2026-06-07 10:57:38,15,BV1uXEA6gEMu,116692567070822,“别着急，我来给你补充「偶！像！能！量！」”,小耗owo,手机游戏,游戏,172,80,1068117,732,2175,213109,13486,46866,9520,1780624800,https://www.bilibili.com/video/BV1uXEA6gEMu,http://i1.hdslb.com/bfs/archive/64822f49e99e9fb8b41ba5e0f9e06f48d4b76446.jpg
2026-06-07,2026-06-07 10:57:38,16,BV1Qt7X61Enn,116686241993999,百万英镑，但素质过低,青时晚,影视剪辑,影视,183,174,2124295,1824,2278,127774,9775,31978,12742,1780490956,https://www.bilibili.com/video/BV1Qt7X61Enn,http://i0.hdslb.com/bfs/archive/1573985b4950f4d1001b3a21a50adab722b0a0f1.jpg
2026-06-07,2026-06-07 10:57:38,17,BV1pDV86oE6S,116657217344637,热烈欢迎薛凯琪！工作之余，Fiona会带哪些让自己感到快乐的东西呢～（录完这期脑海里都是Fifi的笑声,papi酱,短片,动画,256,2017,1178732,10610,4483,121307,48035,15348,6908,1780632000,https://www.bilibili.com/video/BV1pDV86oE6S,http://i2.hdslb.com/bfs/archive/032f4048d6f94c465fc10972289999cf79f2572f.jpg
2026-06-07,2026-06-07 10:57:38,18,BV16kV26TES7,116685470175022,当父母说出了正确答案：,进击的金厂长,搞笑,娱乐,138,129,5487951,2279,2356,376319,138997,176679,3002,1780479155,https://www.bilibili.com/video/BV16kV26TES7,http://i0.hdslb.com/bfs/archive/982b25c4ef21fb08f77ae933c89f4b99d5b0c86a.jpg
2026-06-07,2026-06-07 10:57:38,19,BV1kCVU65ERM,116669112386149,初中生斗胆跳一段jam,特崮斯,篮球,运动,235,45,6354192,8814,18465,1223522,199183,129640,19058,1780229707,https://www.bilibili.com/video/BV1kCVU65ERM,http://i1.hdslb.com/bfs/archive/5871a66dc8e356ff71da4a6d99d5922b4a6a3fce.jpg
2026-06-07,2026-06-07 10:57:38,20,BV1XEV26XEsz,116683641455201,冠以破碎之名：第一集 冰潮寒雨之夏,Xavier_白昼,综合,综合,27,1106,1361485,1810,2408,102723,21858,63402,3483,1780451269,https://www.bilibili.com/video/BV1XEV26XEsz,http://i0.hdslb.com/bfs/archive/edb3c2a03146bbc3390581aa30c41b8e3c3ab846.jpg
2026-06-07,2026-06-07 10:57:38,21,BV168796PEv1,116685839403735,如此仙音唯有挠臭,lulu和露爸,喵星人,喵星人,218,26,4622778,16223,5539,581036,15901,112763,24178,1780484850,https://www.bilibili.com/video/BV168796PEv1,http://i1.hdslb.com/bfs/archive/87f3ce4876a2e50e34a2c1b24dfe10ae34700a55.jpg
2026-06-07,2026-06-07 10:57:38,22,BV1uX7k6UENx,116696761239484,巨构：没有告别,巨构ai,网络游戏,游戏,65,19,2305823,3826,6078,381087,17053,129902,5374,1780651506,https://www.bilibili.com/video/BV1uX7k6UENx,http://i0.hdslb.com/bfs/archive/1422e60b2923b373953bd4ce6433b6f0e91f9501.jpg
2026-06-07,2026-06-07 10:57:38,23,BV1gsEw6zExs,116691040208641,你的高考/中考/期末考belike,哈基mer-猫meme,搞笑,娱乐,138,22,718794,26855,2180,257117,28092,52415,4888,1780564012,https://www.bilibili.com/video/BV1gsEw6zExs,http://i2.hdslb.com/bfs/archive/4f76f8d127f1c6d5a990c89a161f10356e783cd4.jpg
2026-06-07,2026-06-07 10:57:38,24,BV1gWEw6gE4X,116691056987748,“这种没流量的画画最狠了”,像风如你o_O,日常,生活,21,25,2174824,641,3246,270162,7326,22829,1074,1780564358,https://www.bilibili.com/video/BV1gWEw6gE4X,http://i0.hdslb.com/bfs/archive/96621cf035234fbf3c3d6f498d6f4d5eae388c12.jpg
2026-06-07,2026-06-07 10:57:38,25,BV1GHEw6rEo4,116691140875979,无能的杰哥,神威-狗剩,影视剪辑,影视,183,154,2747642,1820,3628,133115,7706,24186,26306,1780565876,https://www.bilibili.com/video/BV1GHEw6rEo4,http://i2.hdslb.com/bfs/archive/0814d03bdf68a6a83cba4b8ba18fa6d58d6de912.jpg
2026-06-07,2026-06-07 10:57:38,26,BV1PP7C63E2J,116696710912022,《师》我回母校当老师,阿廖沙别害怕_,搞笑,娱乐,138,296,1544772,455,940,152445,4053,11576,528,1780650587,https://www.bilibili.com/video/BV1PP7C63E2J,http://i0.hdslb.com/bfs/archive/b04455fde128b88ff0a92e264778512242510bc9.jpg
2026-06-07,2026-06-07 10:57:38,27,BV1yiEF6WErx,116690419585062,奶香馒头,夏叔厨房,美食制作,美食,76,76,1662014,915,7155,213974,7372,18672,1120,1780554601,https://www.bilibili.com/video/BV1yiEF6WErx,http://i1.hdslb.com/bfs/archive/82992eb9cddf1a5a5e5e77e481db8626c6005de9.jpg
2026-06-07,2026-06-07 10:57:38,28,BV1xU7f6xEjt,116690939546284,CF单机叙事续作——《穿越火线：潜伏》实机首曝,穿越火线潜伏,单机游戏,游戏,17,308,4061653,1414,4451,100877,5687,19201,10663,1780696800,https://www.bilibili.com/video/BV1xU7f6xEjt,http://i0.hdslb.com/bfs/archive/140a4abb0c80a2aa1e7cb7126c978567b667ed12.jpg
2026-06-07,2026-06-07 10:57:38,29,BV1pnVm6GEQG,116685386483651,“当bro以为自己很有影响力时…”,林宇辉,社科·法律·心理,知识,124,16,887454,469,1955,256894,10327,33370,1222,1780478075,https://www.bilibili.com/video/BV1pnVm6GEQG,http://i1.hdslb.com/bfs/archive/02329b4beff89227f0f34b10ef7ca21a2b920c65.jpg
2026-06-07,2026-06-07 10:57:38,30,BV1jeEc6yE75,116691593992011,《你说谁错谁就错，因为你开迈巴赫》,嘞是唐孃孃,搞笑,娱乐,138,34,2977910,171,1957,227338,3084,15069,1238,1780572588,https://www.bilibili.com/video/BV1jeEc6yE75,http://i0.hdslb.com/bfs/archive/cc74080d84744d7622f9f9dd492a1583e00aaed7.jpg
2026-06-07,2026-06-07 10:57:38,31,BV12R7Q6MEJX,116686543914174,你说你有点难追～,未知艺术家_611,搞笑,娱乐,138,30,2601287,225,1971,238434,2867,24645,3670,1780495648,https://www.bilibili.com/video/BV12R7Q6MEJX,http://i2.hdslb.com/bfs/archive/aeaf33a25e079b26433a425ee56ac24f566861d7.jpg
2026-06-07,2026-06-07 10:57:38,32,BV1WT7C6uEj8,116696878749194,猫 咪 的 花 语 是 老 吴🎵,幾加乘,同人·手书,动画,47,259,1398322,1491,2776,106959,15745,21853,9231,1780653131,https://www.bilibili.com/video/BV1WT7C6uEj8,http://i0.hdslb.com/bfs/archive/ad354ddb8c2e2bf697327dc182835b3d6014f4b1.jpg
2026-06-07,2026-06-07 10:57:38,33,BV1bV7k6LExn,116697264560365,再见！一系列！高考必胜！,一数,校园学习,知识,208,193,777830,27416,13901,78499,31215,16417,5410,1780659292,https://www.bilibili.com/video/BV1bV7k6LExn,http://i2.hdslb.com/bfs/archive/5df66240b2b71ca2bc6ce697e929657b1b1df5a4.jpg
2026-06-07,2026-06-07 10:57:38,34,BV1F7716gE1d,116697667213269,不降 |《归唐》夏日游戏节剧情初窥预告,归唐,单机游戏,游戏,17,195,4797474,2061,7092,110295,3343,11233,5753,1780694417,https://www.bilibili.com/video/BV1F7716gE1d,http://i1.hdslb.com/bfs/archive/ee1e7f11e5576321abd715ef6582c5b5fe323c2d.jpg
2026-06-07,2026-06-07 10:57:38,35,BV1T9Vm6UE2N,116684681647760,《古剑》3分钟战斗实机 | 线下试玩招募开启,古剑,单机游戏,游戏,17,168,3321615,2939,8959,57673,32278,18678,19842,1780698215,https://www.bilibili.com/video/BV1T9Vm6UE2N,http://i0.hdslb.com/bfs/archive/d18a0e2a80905c1a2bfe0d000c3ca47aa1548899.jpg
2026-06-07,2026-06-07 10:57:38,36,BV1mhV26yETL,116683775678542,科比的哲学启示录第十四期,蟹不肉丨,影视剪辑,影视,183,74,5240563,1190,6986,322394,15975,84285,15246,1780453236,https://www.bilibili.com/video/BV1mhV26yETL,http://i0.hdslb.com/bfs/archive/738134aa027bf05aa3f3843c528db81f3d78307d.jpg
2026-06-07,2026-06-07 10:57:38,37,BV1WY7U6dEJ5,116699814693875,【微电影】人类文明的最后一届高考,最后讲述者,鬼畜剧场,鬼畜剧场,216,263,1191997,1765,3605,95518,10682,21706,4812,1780709400,https://www.bilibili.com/video/BV1WY7U6dEJ5,http://i2.hdslb.com/bfs/archive/40a717d48c3dbeb9559b00a07a88af6cfd5181fb.jpg
2026-06-07,2026-06-07 10:57:38,38,BV1Ja7k6AE1b,116697063235411,我又给花朵加了个开关！,是玉木呀,设计·创意,设计·创意,229,104,886169,451,707,141551,15723,28261,2856,1780656042,https://www.bilibili.com/video/BV1Ja7k6AE1b,http://i0.hdslb.com/bfs/archive/c05470a618fc67ee60cb9df153eb5ad6d3c8ce08.jpg
2026-06-07,2026-06-07 10:57:38,39,BV1R7Ew65ERR,116691124229360,当爸爸找亲戚买手机,刘鸿哥哥,小剧场,娱乐,85,119,2279021,917,2793,154856,1349,8318,1660,1780565630,https://www.bilibili.com/video/BV1R7Ew65ERR,http://i0.hdslb.com/bfs/archive/5e4feb10a7cf9e178bf7e9a619d62843bc5ae8b2.jpg
2026-06-07,2026-06-07 10:57:38,40,BV1hG7y69Ej2,116698036313694,史上最骚特工(第二集),老番茄,单机游戏,游戏,17,842,1463472,2780,1592,104671,34575,27658,1762,1780716600,https://www.bilibili.com/video/BV1hG7y69Ej2,http://i2.hdslb.com/bfs/archive/c4778bfde8d395e0f91e2f746393736302e8205c.jpg
2026-06-07,2026-06-07 10:57:38,41,BV1xR7S6hEkB,116700804683368,菲比：就你们寝室最吵！！,Lm海洋,音乐综合,音乐,130,262,679356,514,2650,58805,43550,25971,9325,1780713190,https://www.bilibili.com/video/BV1xR7S6hEkB,http://i1.hdslb.com/bfs/archive/348cd3608f962369b093721ee90e2515a127a833.jpg
2026-06-07,2026-06-07 10:57:38,42,BV1EwEF62EhA,116690721443492,当校长挑选教室地板时,Cheems电玩屋,日常,生活,21,18,4507271,735,4359,184002,906,6763,444,1780559484,https://www.bilibili.com/video/BV1EwEF62EhA,http://i0.hdslb.com/bfs/archive/8916553504d48aec3ba5ad2bdfeec5fcf7eefc1c.jpg
2026-06-07,2026-06-07 10:57:38,43,BV1ZREP6dEcU,116693758117714,扫落叶全清洁100%速通39分03秒leaf it alone,闲云豹,单机游戏,游戏,17,2367,1059498,1176,1654,90631,9834,19034,3921,1780605809,https://www.bilibili.com/video/BV1ZREP6dEcU,http://i1.hdslb.com/bfs/archive/3385291fb621bd6cb0c5fb61712551a6e5b91b00.jpg
2026-06-07,2026-06-07 10:57:38,44,BV1TR766zEvE,116695972714489,在沙漠里种了1800万棵树，然后呢？,影视飓风,娱乐粉丝创作,娱乐,242,756,1908355,7618,2461,112960,46489,21383,2062,1780650000,https://www.bilibili.com/video/BV1TR766zEvE,http://i1.hdslb.com/bfs/archive/af434541e40c0402ac850fc6783faa3ed5bfdda9.jpg
2026-06-07,2026-06-07 10:57:38,45,BV1yo7B68EHX,116695117207554,《鸣潮》×《赛博朋克：边缘行者》共鸣者战斗演示 | 露西,鸣潮,单机游戏,游戏,17,283,2224825,2329,8227,77443,23856,13546,14545,1780628400,https://www.bilibili.com/video/BV1yo7B68EHX,http://i2.hdslb.com/bfs/archive/61426f2876187b9326f1b732fdea7044e08d7ea3.jpg
2026-06-07,2026-06-07 10:57:38,46,BV1DB7f6AEBK,116690989942959,最 不 物 质 之 人,张八筒筒,日常,生活,21,127,2072930,830,859,162153,1392,8144,757,1780563943,https://www.bilibili.com/video/BV1DB7f6AEBK,http://i1.hdslb.com/bfs/archive/612e05a8e02454bd4e3723991d4808f061b1c188.jpg
2026-06-07,2026-06-07 10:57:38,47,BV1W6VZ6MEbd,116674313328609,🍄欠揍气球🍄,纸片马力欧,日常,生活,21,40,4075172,4691,9549,478632,37058,251232,73945,1780309043,https://www.bilibili.com/video/BV1W6VZ6MEbd,http://i0.hdslb.com/bfs/archive/3d18bae01c4fc365d9e7e0ede5efb926e32115ad.jpg
2026-06-07,2026-06-07 10:57:38,48,BV1L7Ew65ETv,116691124098703,我养护的石拱桥，已经被国家收录为不可移动文物！,抓紧长长长呀,三农,生活,251,604,1668882,1067,2028,118344,6736,8727,456,1780565746,https://www.bilibili.com/video/BV1L7Ew65ETv,http://i1.hdslb.com/bfs/archive/56f52737bc566db19c5316ccdcc3b87cc81709e0.jpg
2026-06-07,2026-06-07 10:57:38,49,BV1jwV663EjR,116679380112598,我的世界杯主题曲！IShowSpeed - World Cup (Champions),ishowspeedsui,竞技体育,运动,236,299,4631491,2472,10549,256165,47094,45555,15190,1780386563,https://www.bilibili.com/video/BV1jwV663EjR,http://i2.hdslb.com/bfs/archive/2807f6a9b9342740dfa8764e7bcc6e231196c94f.jpg
2026-06-07,2026-06-07 10:57:38,50,BV1nWVm6uEqb,116685285624503,我吃牛瘪火锅 结果买错牛胃了,张离谱Dreams,搞笑,娱乐,138,97,2318817,1201,3341,155141,2709,41517,11473,1780476405,https://www.bilibili.com/video/BV1nWVm6uEqb,http://i0.hdslb.com/bfs/archive/6f4f02f224993a1933f3e515e84d84edb5ca3808.jpg
2026-06-07,2026-06-07 10:57:38,51,BV1L8Gq6aEVt,116622471922186,评论区摄影大赛直击人心篇开启，欢迎投稿好的作品会让更多人看到。,摄影恩哥,日常,生活,21,137,1079818,398,3694,140241,1513,9149,203,1780651800,https://www.bilibili.com/video/BV1L8Gq6aEVt,http://i0.hdslb.com/bfs/archive/d3eeaf9390b7eb77f3e8017f5ee769d473203355.jpg
2026-06-07,2026-06-07 10:57:38,52,BV1bwV161Er2,116684413209270,【aespa】LEMONNNN,aespa,音乐综合,音乐,130,11,6510537,12410,24550,125446,29745,14619,8167,1780475400,https://www.bilibili.com/video/BV1bwV161Er2,http://i1.hdslb.com/bfs/archive/1e63fbee388c793dc0403c872eefb52a8d7d8615.jpg
2026-06-07,2026-06-07 10:57:38,53,BV1jz7k6tEkL,116696979347018,教程来啦兄弟们 拍起来,是柳宗元,电子竞技,游戏,171,46,2089937,175,817,158427,2692,23755,1255,1780654702,https://www.bilibili.com/video/BV1jz7k6tEkL,http://i0.hdslb.com/bfs/archive/becaa38ea9e7437bed18411340db6d5da7f4cd54.jpg
2026-06-07,2026-06-07 10:57:38,54,BV1um7665EpW,116696325033820,讷,水生植物人owo,日常,生活,21,16,937609,652,5005,138535,3376,36318,12890,1780644714,https://www.bilibili.com/video/BV1um7665EpW,http://i2.hdslb.com/bfs/archive/ce971f171b1f22d061819b3fea882f5d4af2a608.jpg
2026-06-07,2026-06-07 10:57:38,55,BV1vEEP6HEFw,116692281789801,2025年出货量370万台！激光雷达真成“安全气囊”了？,保镖的车库,新能源车,新能源车,247,606,1319419,489,623,100805,3044,10516,366,1780653900,https://www.bilibili.com/video/BV1vEEP6HEFw,http://i1.hdslb.com/bfs/archive/76872e6b743f73527ee70c89a75c39214a868540.jpg
2026-06-07,2026-06-07 10:57:38,56,BV1UV7k6LEUG,116697264627213,航天会刷典狱长？！【三角洲动画】,手折余弦丶,电子竞技,游戏,171,300,919676,946,1055,76405,7743,19114,2055,1780659017,https://www.bilibili.com/video/BV1UV7k6LEUG,http://i0.hdslb.com/bfs/archive/eb575db6391346950b2623259e6c0c6469239e03.jpg
2026-06-07,2026-06-07 10:57:38,57,BV1VWVz6TELx,116679598147712,星际穿越的我，试图提醒过去的自己....,考研英语大雁,校园学习,知识,208,33,3140481,698,2457,402146,9192,52304,6961,1780389685,https://www.bilibili.com/video/BV1VWVz6TELx,http://i0.hdslb.com/bfs/archive/5822709cbd5c2a8a09fabc50bcfdcfc29859f9a1.jpg
2026-06-07,2026-06-07 10:57:38,58,BV1JKEw6QEw9,116691509970719,我读了你们的评论 把阎王召唤出来了T_T,汤木檀泽,日常,生活,21,959,1814925,1458,1608,110970,6595,17201,528,1780571268,https://www.bilibili.com/video/BV1JKEw6QEw9,http://i1.hdslb.com/bfs/archive/0b6c7ccb214b6211a4cf9a8741eb473536e42587.jpg
2026-06-07,2026-06-07 10:57:38,59,BV15z766SE1A,116696341812776,假如高考什么都可以带,小安苒AIGC,校园学习,知识,208,177,2106350,2532,2425,88013,2168,6654,1610,1780646400,https://www.bilibili.com/video/BV15z766SE1A,http://i2.hdslb.com/bfs/archive/ed743a6a86446310a9957bce92faa671a082a6d8.jpg
2026-06-07,2026-06-07 10:57:38,60,BV1RvVo6QEqo,116674682426936,不儿，你俩来真的啊？！,主持人yoyo酱,搞笑,娱乐,138,265,5797642,16332,12548,693007,523219,125832,14649,1780314627,https://www.bilibili.com/video/BV1RvVo6QEqo,http://i1.hdslb.com/bfs/archive/e8bde3297455f3796e516de2362d5eb1085d9abf.jpg
2026-06-07,2026-06-07 10:57:38,61,BV1JAEw69EUS,116691342200777,生完宝宝之后我再也不敢得罪我老公了，因为……,笑哥走丢了a,亲子,生活,254,89,2014466,799,6374,153971,2791,7317,1680,1780568869,https://www.bilibili.com/video/BV1JAEw69EUS,http://i2.hdslb.com/bfs/archive/2496ecbfca22198efdffe5b1855ea840b90edb2a.jpg
2026-06-07,2026-06-07 10:57:38,62,BV16w7D6RERW,116700921988742,007看后:追逐战？,MEspace天植,绘画,绘画,162,49,1562209,169,661,155143,13887,26614,1281,1780714922,https://www.bilibili.com/video/BV16w7D6RERW,http://i2.hdslb.com/bfs/archive/f35dab38094910739815ae6424bcceee9316f8f7.jpg
2026-06-07,2026-06-07 10:57:38,63,BV1hAVm6XEE2,116685570836474,【传奇耐熬王】经典排骨💀60天仍然有5人存活💪到最后拼的就是谁身体好！🤦‍♂️,-超级小能猫-,搞笑,娱乐,138,2617,2360570,14352,2929,86854,19069,42720,3965,1780481719,https://www.bilibili.com/video/BV1hAVm6XEE2,http://i0.hdslb.com/bfs/archive/dc3782f8b522707e818c2537030e1b8893332367.jpg
2026-06-07,2026-06-07 10:57:38,64,BV1aFVm6REvY,116685537281059,蜘蛛糸モノポリー,苏酥鱼鱼喵,MMD·3D,动画,25,113,640385,178,1428,127463,5084,46894,3655,1780480166,https://www.bilibili.com/video/BV1aFVm6REvY,http://i0.hdslb.com/bfs/archive/43aeddbc4a47c5117090dc56e61b94bb7a858ec0.jpg
2026-06-07,2026-06-07 10:57:38,65,BV1xdEc6bEcK,116691426088191,肉食脑袋的硬菜局！爆辣猪蹄+火锅鸡泡面香迷糊,方芳的快乐生活,美食侦探,美食,212,1134,1753176,1455,852,83564,10239,14357,2884,1780571551,https://www.bilibili.com/video/BV1xdEc6bEcK,http://i1.hdslb.com/bfs/archive/bdc078c74f5e0987fffca10262d6ced73d562c27.jpg
2026-06-07,2026-06-07 10:57:38,66,BV1Qb7R6XECX,116687064072844,⚡冷 笑 话 大 全 6.0⚡,污污云,鬼畜调教,鬼畜,22,66,1484529,206,1045,107368,2037,43211,5365,1780545600,https://www.bilibili.com/video/BV1Qb7R6XECX,http://i2.hdslb.com/bfs/archive/edf5ec9306bef71931b52d5b0a961e13f1ecc966.jpg
2026-06-07,2026-06-07 10:57:38,67,BV1QzVR63E3L,116671930963542,回忆永远都是加分项,央视新闻,日常,生活,21,184,3681233,28959,24213,643649,248840,196069,60442,1780286400,https://www.bilibili.com/video/BV1QzVR63E3L,http://i2.hdslb.com/bfs/archive/f4dc3fe8ea88a450877315e867b4995121d5dbf6.jpg
2026-06-07,2026-06-07 10:57:38,68,BV1uX7k6UEPn,116696761239539,把硬装的喊过来！,脱缰凯Kk,小剧场,娱乐,85,219,1182812,1524,1563,88154,2874,9206,625,1780651876,https://www.bilibili.com/video/BV1uX7k6UEPn,http://i1.hdslb.com/bfs/archive/1a5306b127f7814fe75bc726966f0f675fcb7e33.jpg
2026-06-07,2026-06-07 10:57:38,69,BV15W7C6tEyc,116696425766532,送你一片夕阳！,困雀雀,仿妆cos,时尚,252,36,520740,131,2125,155110,8057,27558,2428,1780646468,https://www.bilibili.com/video/BV15W7C6tEyc,http://i2.hdslb.com/bfs/archive/86973af2078693bfe5fc81d4dae783648e7fb904.jpg
2026-06-07,2026-06-07 10:57:38,70,BV15wVB6YECT,116678608359768,一顿饭只要三块钱，客人吃着吃着，人就“没了”,瞎通不设计了,美食侦探,美食,212,187,2411751,2493,6386,291771,169251,28494,4128,1780390800,https://www.bilibili.com/video/BV15wVB6YECT,http://i1.hdslb.com/bfs/archive/fd898a754bc3cf4317349a2b3c4394e104417434.jpg
2026-06-07,2026-06-07 10:57:38,71,BV16BVy6wEfx,116682534162276,《你来真的啊》,伤心欲茄222,搞笑,娱乐,138,116,3200839,1271,4145,323215,6577,21371,3802,1780459200,https://www.bilibili.com/video/BV16BVy6wEfx,http://i1.hdslb.com/bfs/archive/f16abe0150882e397bf053e6d7a1e4dced090de1.jpg
2026-06-07,2026-06-07 10:57:38,72,BV1usEw6zEiy,116691040210390,【餐馆TV】UP今天发烧了……作品会不会受影响啊,大乾乾是顾乾宇,小剧场,娱乐,85,141,880970,1637,2687,101455,3165,12357,7190,1780564633,https://www.bilibili.com/video/BV1usEw6zEiy,http://i1.hdslb.com/bfs/archive/6d69be5e1f22dec4058e90f795df2ff7c21e4a91.jpg
2026-06-07,2026-06-07 10:57:38,73,BV19J7r6HESb,116695704274527,【抱佛脚】高考语文！选择题？最后一课！,学过石油的语文老师,校园学习,知识,208,1200,849932,36906,10957,41477,16765,20754,4049,1780660800,https://www.bilibili.com/video/BV19J7r6HESb,http://i0.hdslb.com/bfs/archive/f8d05a7621ff85694f1ddb7ac6c3c775b0e01965.jpg
2026-06-07,2026-06-07 10:57:38,74,BV1xZ7k6LESp,116696778084201,“哎呀 我们的主角倒下啦～”,西门小昭,综合,综合,27,30,642410,94,946,123178,8275,48869,2114,1780655400,https://www.bilibili.com/video/BV1xZ7k6LESp,http://i2.hdslb.com/bfs/archive/2c5c6c548ed488771077293e2f7bfcfb435e4744.jpg
2026-06-07,2026-06-07 10:57:38,75,BV1MtEF6fEga,116690436233152,全国男生统一迷惑行为,王小洋-已黑化,日常,生活,21,446,909582,2794,1954,74986,1697,13770,2120,1780567200,https://www.bilibili.com/video/BV1MtEF6fEga,http://i1.hdslb.com/bfs/archive/696e0beeae3b0520b2aeae3a4aa24c0eeb689fcd.jpg
2026-06-07,2026-06-07 10:57:38,76,BV1tV7k6LEyH,116697264556028,你或许不认识我 但我唱的歌你或许？？听过？,喵☆酱,翻唱,音乐,31,443,464575,4221,2051,96327,6480,13169,1111,1780659262,https://www.bilibili.com/video/BV1tV7k6LEyH,http://i1.hdslb.com/bfs/archive/f27fa302b117dedb6f353c75770d440ca8982c33.jpg
2026-06-07,2026-06-07 10:57:38,77,BV1LLVU6eE1t,116684782373820,你到底娶不娶我…,ENX叉叉酱,同人·手书,动画,47,77,937212,1617,7027,177826,10487,18024,4801,1780484400,https://www.bilibili.com/video/BV1LLVU6eE1t,http://i0.hdslb.com/bfs/archive/cffaf3db4947fd6d7956bd49b83dcea884c3307b.jpg
2026-06-07,2026-06-07 10:57:38,78,BV13HEw6rEhc,116691140873202,接龙游戏开发，但都绷住了,M木糖M,单机游戏,游戏,17,933,1234163,1275,841,65140,9290,11943,1024,1780630200,https://www.bilibili.com/video/BV13HEw6rEhc,http://i2.hdslb.com/bfs/archive/1083ae38f0917802668505e94ed2fe06226cc58b.jpg
2026-06-07,2026-06-07 10:57:38,79,BV15v7S65EWD,116701022717876,挑战给历史故事打tag（标签）,混饭达人,娱乐杂谈,娱乐杂谈,241,77,1877207,996,1333,139433,2935,15550,8075,1780716510,https://www.bilibili.com/video/BV15v7S65EWD,http://i2.hdslb.com/bfs/archive/1845b193e356ee0f6b686419e20cc96fe1678367.jpg
2026-06-07,2026-06-07 10:57:38,80,BV1uE7d6JEAp,116688674624635,啥龙：医生说我只剩几天了……,小陈的脚凑凑的,日常,生活,21,181,1014177,1269,1636,73443,5982,17611,3577,1780528049,https://www.bilibili.com/video/BV1uE7d6JEAp,http://i1.hdslb.com/bfs/archive/e92886e4f49270b6f1a24481e0b0851d64e70fc4.jpg
2026-06-07,2026-06-07 10:57:38,81,BV1797X6ZEvW,116686158038804,真跳60分钟，天台暴晒也算时间哦,矮乐多Aliga,日常,生活,21,3639,1157185,1073,1688,64424,13098,22657,2669,1780490050,https://www.bilibili.com/video/BV1797X6ZEvW,http://i0.hdslb.com/bfs/archive/51a11a46ff9c8a78cf19a5444bd1f18bb0099c9d.jpg
2026-06-07,2026-06-07 10:57:38,82,BV1edV26tEsB,116685654722666,复仇整蛊！蛋黄派伪装摄影师突袭周深，几秒就被识破？,记录生活的蛋黄派,美食测评,美食,213,556,3347134,7555,3039,104068,30990,49706,3979,1780565400,https://www.bilibili.com/video/BV1edV26tEsB,http://i2.hdslb.com/bfs/archive/a16b60bc03719059e3218dee538877f554f3f9b4.jpg
2026-06-07,2026-06-07 10:57:38,83,BV1Nk7X6TEnq,116686023955827,半个小孩，全部的妈妈,超级猫猫兽,同人·手书,动画,47,483,1639683,1846,5011,135213,21520,59216,4961,1780487705,https://www.bilibili.com/video/BV1Nk7X6TEnq,http://i0.hdslb.com/bfs/archive/25cb3d6f6dd951590c71a8ea993463455554b0c6.jpg
2026-06-07,2026-06-07 10:57:38,84,BV16sEc6SEwE,116692030070649,班级里的某些努力姐belike：,不懂爱的喵,AI音乐,AI音乐,265,81,2091654,600,4326,123799,576,9643,4071,1780579469,https://www.bilibili.com/video/BV16sEc6SEwE,http://i2.hdslb.com/bfs/archive/711ed87052e442f67c408a6e4e372e876c02a3f0.jpg
2026-06-07,2026-06-07 10:57:38,85,BV1yc7r6vE1C,116695905734805,关于我18岁为什么不去参加高考,我不是赤寒,日常,生活,21,126,1001907,1284,5853,112396,6000,12083,1622,1780638439,https://www.bilibili.com/video/BV1yc7r6vE1C,http://i1.hdslb.com/bfs/archive/294ac25c415d3dcaf5c46bbc02fb5df23da86784.jpg
2026-06-07,2026-06-07 10:57:38,86,BV1Zj7C6wEJY,116696845125445,织棉为布，非遗土布。用千年蓝染，重现极致的东方浪漫,花木紫Huamuz,手工,生活,161,401,957229,1363,2127,74951,6949,6996,533,1780652882,https://www.bilibili.com/video/BV1Zj7C6wEJY,http://i0.hdslb.com/bfs/archive/753a39454d2f1455af84effb021941e20ad4c2c7.jpg
2026-06-07,2026-06-07 10:57:38,87,BV1ZUEF65EzU,116690016801808,论画手的高三生活有多燃！,圆脸面包人,绘画,绘画,162,141,753853,319,615,89526,3178,13312,1772,1780548385,https://www.bilibili.com/video/BV1ZUEF65EzU,http://i2.hdslb.com/bfs/archive/d2c74006b8fe69158c1e24fb31690a791ce674d0.jpg
2026-06-07,2026-06-07 10:57:38,88,BV1uTEc6AEzV,116691963025070,以为这次断更，会是永别,ONLee_Studio,日常,生活,21,211,957460,1830,2594,64384,22138,4341,950,1780578368,https://www.bilibili.com/video/BV1uTEc6AEzV,http://i0.hdslb.com/bfs/archive/65223f1fb3bbe6f7b6e2b1e84b56584802350ec6.jpg
2026-06-07,2026-06-07 10:57:38,89,BV1xuVC6AEbg,116681426868021,今天把我关于《丧尸清道夫》的创作思路分享给大家，如果能帮到你，我会很开心。,Mx-Shell,影视剪辑,影视,183,2573,1265356,900,1991,73601,29534,75973,10543,1780452000,https://www.bilibili.com/video/BV1xuVC6AEbg,http://i0.hdslb.com/bfs/archive/4a766d587664347016b0288147deb324a2964232.jpg
2026-06-07,2026-06-07 10:57:38,90,BV12QEc6wETE,116691744917719,“我想我再也不会谈恋爱了”,柯洁,影视剪辑,影视,183,34,1363511,968,4442,145814,6183,6896,6243,1780574976,https://www.bilibili.com/video/BV12QEc6wETE,http://i0.hdslb.com/bfs/archive/47071584488230edc82fe88b8fe9b87eb57cd115.jpg
2026-06-07,2026-06-07 10:57:38,91,BV1kzVy6hEGb,116682517385619,手绘2000多张沙画，历时3年制作,胡雪朗,绘画,绘画,162,54,801419,788,1477,183498,45379,26365,3864,1780457400,https://www.bilibili.com/video/BV1kzVy6hEGb,http://i0.hdslb.com/bfs/archive/959cf6a92144f70d7339865fe00cd198c4c8da9e.jpg
2026-06-07,2026-06-07 10:57:38,92,BV18qVr6KEk8,116680554519472,一个投了3万元必火的视频,奥利奥利奥是1,日常,生活,21,46,1016664,1796,8732,246667,22635,26667,4665,1780405200,https://www.bilibili.com/video/BV18qVr6KEk8,http://i0.hdslb.com/bfs/archive/0c023b00bd1d3a694bdd40c9d19039f1436532b1.jpg
2026-06-07,2026-06-07 10:57:38,93,BV1gzVC6kE1S,116683507243907,【低成本在家实现牛排自由‼️ 】,村驴,美食制作,美食,76,329,999493,606,2506,95782,9329,71978,9974,1780449310,https://www.bilibili.com/video/BV1gzVC6kE1S,http://i0.hdslb.com/bfs/archive/005d3e68934a884c17ab0f89f1daac2ae9982f39.jpg
2026-06-07,2026-06-07 10:57:38,94,BV19J7r6HEV7,116695704276560,咕嘎吃掉了整个幼儿园的伙食,咕咕嘎画,搞笑,娱乐,138,46,1494772,126,1155,112235,5555,16292,3213,1780635229,https://www.bilibili.com/video/BV19J7r6HEV7,http://i0.hdslb.com/bfs/archive/6f27e7f3c76289f0fac5ed16261338d0a6c2d5f2.jpg
2026-06-07,2026-06-07 10:57:38,95,BV1XS796JETP,116687701545253,"""见过花开就好 何必在意花为谁开""19.0",我爱吃派大星,音乐综合,音乐,130,163,1364269,623,1196,74779,1257,8582,494,1780532400,https://www.bilibili.com/video/BV1XS796JETP,http://i1.hdslb.com/bfs/archive/29288eae5b7e0f9e2243fa9682885eab8981887d.jpg
2026-06-07,2026-06-07 10:57:38,96,BV19N7y6bE1e,116698455803490,全体起立鼓掌！人类发现了治癌症的新药！🤯,蜗牛的科技笔记,软件应用,软件应用,230,115,922331,794,3857,83382,3004,13797,5515,1780677279,https://www.bilibili.com/video/BV19N7y6bE1e,http://i2.hdslb.com/bfs/archive/3b5f57bbd2f68b33097261f34d0cbb700b9439ce.jpg
2026-06-07,2026-06-07 10:57:38,97,BV1BQ7r68Ejy,116695553280188,高考加油！！！,青柳尊哉,日常,生活,21,25,390727,4856,2637,152205,11240,10827,3293,1780650000,https://www.bilibili.com/video/BV1BQ7r68Ejy,http://i1.hdslb.com/bfs/archive/d2a9b7766bc4f672f01dd4b2805739df436bfc4b.jpg
2026-06-07,2026-06-07 10:57:38,98,BV1ogV26FEhB,116683943643894,兄弟们！今天给良子做一个入营测试，这身体身体素质，跟我想的不太一样啊!,健身华哥,运动综合,运动,238,246,2842539,4999,62497,131682,3809,7804,14958,1780455998,https://www.bilibili.com/video/BV1ogV26FEhB,http://i1.hdslb.com/bfs/archive/0ef39901811fd5680c39a67445609ba38a9560c2.jpg
2026-06-07,2026-06-07 10:57:38,99,BV1LCV66VE45,116680873346829,剥蒜的情谊147.0,NinthA-,网络游戏,游戏,65,147,1924201,793,865,136129,1793,23248,1786,1780455600,https://www.bilibili.com/video/BV1LCV66VE45,http://i1.hdslb.com/bfs/archive/21d74a2ecc26d0c95ecd1e1af6e84bf567bf37c9.jpg
2026-06-07,2026-06-07 10:57:38,100,BV1um7665EHP,116696325033953,谁是猜价超人？,小杨Johnson,搞笑,娱乐,138,621,1712778,1766,630,39312,10208,8021,542,1780650000,https://www.bilibili.com/video/BV1um7665EHP,http://i2.hdslb.com/bfs/archive/4a683ea3a122ada0dd88fb184da7439b6831fdfe.jpg
2026-06-07,2026-06-07 11:57:39,1,BV15iEc6VEfH,116691577216788,路边一块，也能变废为宝，雕刻出大家想要的题材我不知道什么时候天才会亮，但我知道，跑着跑着，天就亮了。,小梨家的和田玉,手工,生活,161,220,5681234,3600,10741,214401,7115,20453,3478,1780572193,https://www.bilibili.com/video/BV15iEc6VEfH,http://i2.hdslb.com/bfs/archive/c1597efe82d66a7f728f8bdd84505eff4b7f5ac9.jpg
2026-06-07,2026-06-07 11:57:39,2,BV1Qi7f6eE59,116690805395451,致敬每一个心中有花，努力奔跑的人,爱画画的子衿,亲子,生活,254,313,1637428,3278,3441,223563,111972,14677,3499,1780561800,https://www.bilibili.com/video/BV1Qi7f6eE59,http://i1.hdslb.com/bfs/archive/2c9cc3dd70d264a8473e46b8bebaad7db4d6ef2c.jpg
2026-06-07,2026-06-07 11:57:39,3,BV19ZEF6MEBV,116690117464228,人在干坏事的时候是不怕苦不怕累的,我是易拉爆,日常,生活,21,309,2083637,1354,3787,196512,13967,28858,14157,1780550100,https://www.bilibili.com/video/BV19ZEF6MEBV,http://i2.hdslb.com/bfs/archive/5a3e59dd5183e87d69b1ad3224466b821bf05e23.jpg
2026-06-07,2026-06-07 11:57:39,4,BV17GEP6xEDW,116692348832614,新三国up锐评楚汉传奇01：是不是我打开的方式不太对？,吃蛋挞的折棒,影视杂谈,影视,182,1348,1418586,19182,11376,128501,124561,26879,10077,1780624800,https://www.bilibili.com/video/BV17GEP6xEDW,http://i2.hdslb.com/bfs/archive/4e5cd47c8551d2b66643e2800041b7ec2d3bf729.jpg
2026-06-07,2026-06-07 11:57:39,5,BV15C7k6REKC,116697197451293,公测定档7月 | 《遗忘之海》船员集结摇滚MV「燥」,遗忘之海,GMV,GMV,121,205,4728996,1023,1794,85879,55273,55722,4071,1780711200,https://www.bilibili.com/video/BV15C7k6REKC,http://i0.hdslb.com/bfs/archive/bef8db958217ad42ed011f4bf5d5d6c1cf3a4bad.jpg
2026-06-07,2026-06-07 11:57:39,6,BV1w6EF6QEjZ,116690033778619,不看后悔！史上最神人店家！,转生成为毛毛,美食侦探,美食,212,186,3183658,3817,8791,165556,4636,27911,13714,1780563600,https://www.bilibili.com/video/BV1w6EF6QEjZ,http://i1.hdslb.com/bfs/archive/07cb98d8f59285212c90c7646739a87803bf06c0.jpg
2026-06-07,2026-06-07 11:57:39,7,BV1wEEc6REms,116692097238799,城市大富翁（5）,雨哥到处跑,日常,生活,21,3846,1497343,35437,4985,132499,108701,36286,4827,1780628700,https://www.bilibili.com/video/BV1wEEc6REms,http://i1.hdslb.com/bfs/archive/8628e50dc2e56aec5815c8e3f665d304cfe23d80.jpg
2026-06-07,2026-06-07 11:57:39,8,BV13s7z63EjV,116695016477738,《绝区零》3.0新地块实机演示,绝区零,手机游戏,游戏,172,599,1425625,9314,13618,123948,58133,22258,24764,1780624803,https://www.bilibili.com/video/BV13s7z63EjV,http://i0.hdslb.com/bfs/archive/ac132a13aed30f0b83ff50dfb56d83e2e518206a.jpg
2026-06-07,2026-06-07 11:57:39,9,BV1XQ7Z6eEki,116689412819066,特朗普的愤怒,燕三嘤嘤嘤,人文历史,知识,228,1133,2876828,10706,4837,141452,34058,20534,2737,1780545020,https://www.bilibili.com/video/BV1XQ7Z6eEki,http://i0.hdslb.com/bfs/archive/d106118a7a33e310838a2e387ce511583c5a7a62.jpg
2026-06-07,2026-06-07 11:57:39,10,BV1cu7r6FEPd,116696023045705,英国，沦为印度殖民地,平原公子,日常,生活,21,463,2598818,10370,7441,168889,7103,17760,16107,1780640137,https://www.bilibili.com/video/BV1cu7r6FEPd,http://i1.hdslb.com/bfs/archive/95ba7fb80bc2a46fc2c8f7ff69a08c57c40ef914.jpg
2026-06-07,2026-06-07 11:57:39,11,BV1df7r6REpB,116695469463690,如何在家制造浓汤宝,嘤武罗,日常,生活,21,501,3476684,3222,2985,158610,40391,36882,2365,1780650000,https://www.bilibili.com/video/BV1df7r6REpB,http://i2.hdslb.com/bfs/archive/94c85d2ebad9002fcbad0c7ef2f3c8a3f1ec6768.jpg
2026-06-07,2026-06-07 11:57:39,12,BV1rg7C6TEUm,116696912369911,一句“一氧化二氢”能钓出多少“读稿机”？,中国食品报融媒体,科学科普,知识,201,291,3889599,5467,18879,162756,12681,20524,13158,1780653928,https://www.bilibili.com/video/BV1rg7C6TEUm,http://i1.hdslb.com/bfs/archive/1081ed32a36e81bee443915a997ed5f2bd56badd.jpg
2026-06-07,2026-06-07 11:57:39,13,BV16DVz6UE77,116679229180052,如何拍出电影感大片,喜欢拍照的皮皮,日常,生活,21,60,3742274,350,2237,346955,11965,102082,8344,1780384052,https://www.bilibili.com/video/BV16DVz6UE77,http://i1.hdslb.com/bfs/archive/82ba23d6fb45244f769f8f127cfbe2f51afe67c8.jpg
2026-06-07,2026-06-07 11:57:39,14,BV1uXEA6gEMu,116692567070822,“别着急，我来给你补充「偶！像！能！量！」”,小耗owo,手机游戏,游戏,172,80,1078902,748,2205,214994,13717,47434,9627,1780624800,https://www.bilibili.com/video/BV1uXEA6gEMu,http://i1.hdslb.com/bfs/archive/64822f49e99e9fb8b41ba5e0f9e06f48d4b76446.jpg
2026-06-07,2026-06-07 11:57:39,15,BV1sC7R6VEF3,116687181451048,【侯绿萝】视频加载中，速速查收惊喜！,侯绿萝,小剧场,娱乐,85,233,1827801,1429,1387,174675,10281,14398,1768,1780538400,https://www.bilibili.com/video/BV1sC7R6VEF3,http://i0.hdslb.com/bfs/archive/e40df1469a3bc68659f30a77b0e0801ae88938bb.jpg
2026-06-07,2026-06-07 11:57:39,16,BV1pDV86oE6S,116657217344637,热烈欢迎薛凯琪！工作之余，Fiona会带哪些让自己感到快乐的东西呢～（录完这期脑海里都是Fifi的笑声,papi酱,短片,动画,256,2017,1193121,10670,4516,122369,48419,15488,6965,1780632000,https://www.bilibili.com/video/BV1pDV86oE6S,http://i2.hdslb.com/bfs/archive/032f4048d6f94c465fc10972289999cf79f2572f.jpg
2026-06-07,2026-06-07 11:57:39,17,BV1Qt7X61Enn,116686241993999,百万英镑，但素质过低,青时晚,影视剪辑,影视,183,174,2140360,1830,2296,128447,9861,32166,12846,1780490956,https://www.bilibili.com/video/BV1Qt7X61Enn,http://i0.hdslb.com/bfs/archive/1573985b4950f4d1001b3a21a50adab722b0a0f1.jpg
2026-06-07,2026-06-07 11:57:39,18,BV1kCVU65ERM,116669112386149,初中生斗胆跳一段jam,特崮斯,篮球,运动,235,45,6376478,8965,18511,1226927,199867,129989,19114,1780229707,https://www.bilibili.com/video/BV1kCVU65ERM,http://i1.hdslb.com/bfs/archive/5871a66dc8e356ff71da4a6d99d5922b4a6a3fce.jpg
2026-06-07,2026-06-07 11:57:39,19,BV16kV26TES7,116685470175022,当父母说出了正确答案：,进击的金厂长,搞笑,娱乐,138,129,5558376,2298,2369,379693,140054,178877,3040,1780479155,https://www.bilibili.com/video/BV16kV26TES7,http://i0.hdslb.com/bfs/archive/982b25c4ef21fb08f77ae933c89f4b99d5b0c86a.jpg
2026-06-07,2026-06-07 11:57:39,20,BV1PP7C63E2J,116696710912022,《师》我回母校当老师,阿廖沙别害怕_,搞笑,娱乐,138,296,1584129,460,957,154488,4115,11815,538,1780650587,https://www.bilibili.com/video/BV1PP7C63E2J,http://i0.hdslb.com/bfs/archive/b04455fde128b88ff0a92e264778512242510bc9.jpg
2026-06-07,2026-06-07 11:57:39,21,BV168796PEv1,116685839403735,如此仙音唯有挠臭,lulu和露爸,喵星人,喵星人,218,26,4647588,16403,5570,583849,16053,113424,24322,1780484850,https://www.bilibili.com/video/BV168796PEv1,http://i1.hdslb.com/bfs/archive/87f3ce4876a2e50e34a2c1b24dfe10ae34700a55.jpg
2026-06-07,2026-06-07 11:57:39,22,BV1uX7k6UENx,116696761239484,巨构：没有告别,巨构ai,网络游戏,游戏,65,19,2385947,4112,6242,393013,17740,133413,5557,1780651506,https://www.bilibili.com/video/BV1uX7k6UENx,http://i0.hdslb.com/bfs/archive/1422e60b2923b373953bd4ce6433b6f0e91f9501.jpg
2026-06-07,2026-06-07 11:57:39,23,BV1gsEw6zExs,116691040208641,你的高考/中考/期末考belike,哈基mer-猫meme,搞笑,娱乐,138,22,722468,27067,2192,258265,28288,52817,4910,1780564012,https://www.bilibili.com/video/BV1gsEw6zExs,http://i2.hdslb.com/bfs/archive/4f76f8d127f1c6d5a990c89a161f10356e783cd4.jpg
2026-06-07,2026-06-07 11:57:39,24,BV1gWEw6gE4X,116691056987748,“这种没流量的画画最狠了”,像风如你o_O,日常,生活,21,25,2183163,649,3251,270757,7347,22910,1078,1780564358,https://www.bilibili.com/video/BV1gWEw6gE4X,http://i0.hdslb.com/bfs/archive/96621cf035234fbf3c3d6f498d6f4d5eae388c12.jpg
2026-06-07,2026-06-07 11:57:39,25,BV1GHEw6rEo4,116691140875979,无能的杰哥,神威-狗剩,影视剪辑,影视,183,154,2752425,1828,3644,133432,7742,24281,26415,1780565876,https://www.bilibili.com/video/BV1GHEw6rEo4,http://i2.hdslb.com/bfs/archive/0814d03bdf68a6a83cba4b8ba18fa6d58d6de912.jpg
2026-06-07,2026-06-07 11:57:39,26,BV1XEV26XEsz,116683641455201,冠以破碎之名：第一集 冰潮寒雨之夏,Xavier_白昼,综合,综合,27,1106,1364268,1813,2410,102963,21935,63559,3498,1780451269,https://www.bilibili.com/video/BV1XEV26XEsz,http://i0.hdslb.com/bfs/archive/edb3c2a03146bbc3390581aa30c41b8e3c3ab846.jpg
2026-06-07,2026-06-07 11:57:39,27,BV1yiEF6WErx,116690419585062,奶香馒头,夏叔厨房,美食制作,美食,76,76,1666369,919,7168,214470,7388,18740,1121,1780554601,https://www.bilibili.com/video/BV1yiEF6WErx,http://i1.hdslb.com/bfs/archive/82992eb9cddf1a5a5e5e77e481db8626c6005de9.jpg
2026-06-07,2026-06-07 11:57:39,28,BV1xU7f6xEjt,116690939546284,CF单机叙事续作——《穿越火线：潜伏》实机首曝,穿越火线潜伏,单机游戏,游戏,17,308,4136498,1439,4582,103314,6232,20029,10985,1780696800,https://www.bilibili.com/video/BV1xU7f6xEjt,http://i0.hdslb.com/bfs/archive/140a4abb0c80a2aa1e7cb7126c978567b667ed12.jpg
2026-06-07,2026-06-07 11:57:39,29,BV1WY7U6dEJ5,116699814693875,【微电影】人类文明的最后一届高考,最后讲述者,鬼畜剧场,鬼畜剧场,216,263,1353941,1950,4074,109252,11934,24209,5431,1780709400,https://www.bilibili.com/video/BV1WY7U6dEJ5,http://i2.hdslb.com/bfs/archive/40a717d48c3dbeb9559b00a07a88af6cfd5181fb.jpg
2026-06-07,2026-06-07 11:57:39,30,BV1jeEc6yE75,116691593992011,《你说谁错谁就错，因为你开迈巴赫》,嘞是唐孃孃,搞笑,娱乐,138,34,2995509,176,1958,228463,3108,15176,1244,1780572588,https://www.bilibili.com/video/BV1jeEc6yE75,http://i0.hdslb.com/bfs/archive/cc74080d84744d7622f9f9dd492a1583e00aaed7.jpg
2026-06-07,2026-06-07 11:57:39,31,BV1WT7C6uEj8,116696878749194,猫 咪 的 花 语 是 老 吴🎵,幾加乘,同人·手书,动画,47,259,1424335,1508,2831,108066,15928,22136,9394,1780653131,https://www.bilibili.com/video/BV1WT7C6uEj8,http://i0.hdslb.com/bfs/archive/ad354ddb8c2e2bf697327dc182835b3d6014f4b1.jpg
2026-06-07,2026-06-07 11:57:39,32,BV12R7Q6MEJX,116686543914174,你说你有点难追～,未知艺术家_611,搞笑,娱乐,138,30,2620183,225,1975,239676,2894,24844,3693,1780495648,https://www.bilibili.com/video/BV12R7Q6MEJX,http://i2.hdslb.com/bfs/archive/aeaf33a25e079b26433a425ee56ac24f566861d7.jpg
2026-06-07,2026-06-07 11:57:39,33,BV1pnVm6GEQG,116685386483651,“当bro以为自己很有影响力时…”,林宇辉,社科·法律·心理,知识,124,16,891621,472,1961,258059,10393,33604,1228,1780478075,https://www.bilibili.com/video/BV1pnVm6GEQG,http://i1.hdslb.com/bfs/archive/02329b4beff89227f0f34b10ef7ca21a2b920c65.jpg
2026-06-07,2026-06-07 11:57:39,34,BV1bV7k6LExn,116697264560365,再见！一系列！高考必胜！,一数,校园学习,知识,208,193,798170,27504,13929,79018,31346,16626,5428,1780659292,https://www.bilibili.com/video/BV1bV7k6LExn,http://i2.hdslb.com/bfs/archive/5df66240b2b71ca2bc6ce697e929657b1b1df5a4.jpg
2026-06-07,2026-06-07 11:57:39,35,BV1F7716gE1d,116697667213269,不降 |《归唐》夏日游戏节剧情初窥预告,归唐,单机游戏,游戏,17,195,4823427,2074,7189,111142,3383,11374,5806,1780694417,https://www.bilibili.com/video/BV1F7716gE1d,http://i1.hdslb.com/bfs/archive/ee1e7f11e5576321abd715ef6582c5b5fe323c2d.jpg
2026-06-07,2026-06-07 11:57:39,36,BV1T9Vm6UE2N,116684681647760,《古剑》3分钟战斗实机 | 线下试玩招募开启,古剑,单机游戏,游戏,17,168,3422365,2972,9059,58478,32685,18948,20093,1780698215,https://www.bilibili.com/video/BV1T9Vm6UE2N,http://i0.hdslb.com/bfs/archive/d18a0e2a80905c1a2bfe0d000c3ca47aa1548899.jpg
2026-06-07,2026-06-07 11:57:39,37,BV1Ja7k6AE1b,116697063235411,我又给花朵加了个开关！,是玉木呀,设计·创意,设计·创意,229,104,913166,458,728,145407,16276,29039,2940,1780656042,https://www.bilibili.com/video/BV1Ja7k6AE1b,http://i0.hdslb.com/bfs/archive/c05470a618fc67ee60cb9df153eb5ad6d3c8ce08.jpg
2026-06-07,2026-06-07 11:57:39,38,BV1xR7S6hEkB,116700804683368,菲比：就你们寝室最吵！！,Lm海洋,音乐综合,音乐,130,262,716891,528,2709,61194,44838,26908,9617,1780713190,https://www.bilibili.com/video/BV1xR7S6hEkB,http://i1.hdslb.com/bfs/archive/348cd3608f962369b093721ee90e2515a127a833.jpg
2026-06-07,2026-06-07 11:57:39,39,BV1ZREP6dEcU,116693758117714,扫落叶全清洁100%速通39分03秒leaf it alone,闲云豹,单机游戏,游戏,17,2367,1148132,1287,1871,99533,10606,20696,4242,1780605809,https://www.bilibili.com/video/BV1ZREP6dEcU,http://i1.hdslb.com/bfs/archive/3385291fb621bd6cb0c5fb61712551a6e5b91b00.jpg
2026-06-07,2026-06-07 11:57:39,40,BV1hG7y69Ej2,116698036313694,史上最骚特工(第二集),老番茄,单机游戏,游戏,17,842,1516470,2802,1606,107346,35339,28414,1802,1780716600,https://www.bilibili.com/video/BV1hG7y69Ej2,http://i2.hdslb.com/bfs/archive/c4778bfde8d395e0f91e2f746393736302e8205c.jpg
2026-06-07,2026-06-07 11:57:39,41,BV1mhV26yETL,116683775678542,科比的哲学启示录第十四期,蟹不肉丨,影视剪辑,影视,183,74,5261965,1193,6998,323281,16070,84691,15296,1780453236,https://www.bilibili.com/video/BV1mhV26yETL,http://i0.hdslb.com/bfs/archive/738134aa027bf05aa3f3843c528db81f3d78307d.jpg
2026-06-07,2026-06-07 11:57:39,42,BV1R7Ew65ERR,116691124229360,当爸爸找亲戚买手机,刘鸿哥哥,小剧场,娱乐,85,119,2290880,925,2812,155540,1364,8359,1673,1780565630,https://www.bilibili.com/video/BV1R7Ew65ERR,http://i0.hdslb.com/bfs/archive/5e4feb10a7cf9e178bf7e9a619d62843bc5ae8b2.jpg
2026-06-07,2026-06-07 11:57:39,43,BV1EwEF62EhA,116690721443492,当校长挑选教室地板时,Cheems电玩屋,日常,生活,21,18,4547898,739,4421,185223,915,6830,447,1780559484,https://www.bilibili.com/video/BV1EwEF62EhA,http://i0.hdslb.com/bfs/archive/8916553504d48aec3ba5ad2bdfeec5fcf7eefc1c.jpg
2026-06-07,2026-06-07 11:57:39,44,BV1TR766zEvE,116695972714489,在沙漠里种了1800万棵树，然后呢？,影视飓风,娱乐粉丝创作,娱乐,242,756,1936342,7771,2482,114485,47175,21573,2085,1780650000,https://www.bilibili.com/video/BV1TR766zEvE,http://i1.hdslb.com/bfs/archive/af434541e40c0402ac850fc6783faa3ed5bfdda9.jpg
2026-06-07,2026-06-07 11:57:39,45,BV1DB7f6AEBK,116690989942959,最 不 物 质 之 人,张八筒筒,日常,生活,21,127,2330120,875,899,165591,1460,8476,815,1780563943,https://www.bilibili.com/video/BV1DB7f6AEBK,http://i1.hdslb.com/bfs/archive/612e05a8e02454bd4e3723991d4808f061b1c188.jpg
2026-06-07,2026-06-07 11:57:39,46,BV1W6VZ6MEbd,116674313328609,🍄欠揍气球🍄,纸片马力欧,日常,生活,21,40,4119360,4871,9629,483226,37477,254329,74412,1780309043,https://www.bilibili.com/video/BV1W6VZ6MEbd,http://i0.hdslb.com/bfs/archive/3d18bae01c4fc365d9e7e0ede5efb926e32115ad.jpg
2026-06-07,2026-06-07 11:57:39,47,BV1yo7B68EHX,116695117207554,《鸣潮》×《赛博朋克：边缘行者》共鸣者战斗演示 | 露西,鸣潮,单机游戏,游戏,17,283,2227431,2341,8234,77516,23877,13564,14570,1780628400,https://www.bilibili.com/video/BV1yo7B68EHX,http://i2.hdslb.com/bfs/archive/61426f2876187b9326f1b732fdea7044e08d7ea3.jpg
2026-06-07,2026-06-07 11:57:39,48,BV1L7Ew65ETv,116691124098703,我养护的石拱桥，已经被国家收录为不可移动文物！,抓紧长长长呀,三农,生活,251,604,1689818,1072,2035,119098,6776,8830,459,1780565746,https://www.bilibili.com/video/BV1L7Ew65ETv,http://i1.hdslb.com/bfs/archive/56f52737bc566db19c5316ccdcc3b87cc81709e0.jpg
2026-06-07,2026-06-07 11:57:39,49,BV1nWVm6uEqb,116685285624503,我吃牛瘪火锅 结果买错牛胃了,张离谱Dreams,搞笑,娱乐,138,97,2340731,1205,3353,156119,2741,41932,11555,1780476405,https://www.bilibili.com/video/BV1nWVm6uEqb,http://i0.hdslb.com/bfs/archive/6f4f02f224993a1933f3e515e84d84edb5ca3808.jpg
2026-06-07,2026-06-07 11:57:39,50,BV1L8Gq6aEVt,116622471922186,评论区摄影大赛直击人心篇开启，欢迎投稿好的作品会让更多人看到。,摄影恩哥,日常,生活,21,137,1089522,401,3720,141389,1532,9274,205,1780651800,https://www.bilibili.com/video/BV1L8Gq6aEVt,http://i0.hdslb.com/bfs/archive/d3eeaf9390b7eb77f3e8017f5ee769d473203355.jpg
2026-06-07,2026-06-07 11:57:39,51,BV16w7D6RERW,116700921988742,007看后:追逐战？,MEspace天植,绘画,绘画,162,49,1743052,182,722,172358,15617,29461,1434,1780714922,https://www.bilibili.com/video/BV16w7D6RERW,http://i2.hdslb.com/bfs/archive/f35dab38094910739815ae6424bcceee9316f8f7.jpg
2026-06-07,2026-06-07 11:57:39,52,BV1jwV663EjR,116679380112598,我的世界杯主题曲！IShowSpeed - World Cup (Champions),ishowspeedsui,竞技体育,运动,236,299,4654897,2481,10617,257202,47360,45783,15268,1780386563,https://www.bilibili.com/video/BV1jwV663EjR,http://i2.hdslb.com/bfs/archive/2807f6a9b9342740dfa8764e7bcc6e231196c94f.jpg
2026-06-07,2026-06-07 11:57:39,53,BV1bwV161Er2,116684413209270,【aespa】LEMONNNN,aespa,音乐综合,音乐,130,11,6552551,12474,24701,126061,29901,14708,8270,1780475400,https://www.bilibili.com/video/BV1bwV161Er2,http://i1.hdslb.com/bfs/archive/1e63fbee388c793dc0403c872eefb52a8d7d8615.jpg
2026-06-07,2026-06-07 11:57:39,54,BV1UV7k6LEUG,116697264627213,航天会刷典狱长？！【三角洲动画】,手折余弦丶,电子竞技,游戏,171,300,966827,988,1135,80479,8347,20103,2240,1780659017,https://www.bilibili.com/video/BV1UV7k6LEUG,http://i0.hdslb.com/bfs/archive/eb575db6391346950b2623259e6c0c6469239e03.jpg
2026-06-07,2026-06-07 11:57:39,55,BV1um7665EpW,116696325033820,讷,水生植物人owo,日常,生活,21,16,981376,679,5159,143170,3517,37507,13255,1780644714,https://www.bilibili.com/video/BV1um7665EpW,http://i2.hdslb.com/bfs/archive/ce971f171b1f22d061819b3fea882f5d4af2a608.jpg
2026-06-07,2026-06-07 11:57:39,56,BV1jz7k6tEkL,116696979347018,教程来啦兄弟们 拍起来,是柳宗元,电子竞技,游戏,171,46,2107558,176,827,159754,2710,24005,1264,1780654702,https://www.bilibili.com/video/BV1jz7k6tEkL,http://i0.hdslb.com/bfs/archive/becaa38ea9e7437bed18411340db6d5da7f4cd54.jpg
2026-06-07,2026-06-07 11:57:39,57,BV1vEEP6HEFw,116692281789801,2025年出货量370万台！激光雷达真成“安全气囊”了？,保镖的车库,新能源车,新能源车,247,606,1320682,491,623,100827,3047,10523,369,1780653900,https://www.bilibili.com/video/BV1vEEP6HEFw,http://i1.hdslb.com/bfs/archive/76872e6b743f73527ee70c89a75c39214a868540.jpg
2026-06-07,2026-06-07 11:57:39,58,BV1QzVR63E3L,116671930963542,回忆永远都是加分项,央视新闻,日常,生活,21,184,3689316,29017,24235,644844,249279,196509,60508,1780286400,https://www.bilibili.com/video/BV1QzVR63E3L,http://i2.hdslb.com/bfs/archive/f4dc3fe8ea88a450877315e867b4995121d5dbf6.jpg
2026-06-07,2026-06-07 11:57:39,59,BV1VWVz6TELx,116679598147712,星际穿越的我，试图提醒过去的自己....,考研英语大雁,校园学习,知识,208,33,3162652,703,2467,404205,9234,52661,7005,1780389685,https://www.bilibili.com/video/BV1VWVz6TELx,http://i0.hdslb.com/bfs/archive/5822709cbd5c2a8a09fabc50bcfdcfc29859f9a1.jpg
2026-06-07,2026-06-07 11:57:39,60,BV1JKEw6QEw9,116691509970719,我读了你们的评论 把阎王召唤出来了T_T,汤木檀泽,日常,生活,21,959,1823938,1461,1610,111500,6631,17288,532,1780571268,https://www.bilibili.com/video/BV1JKEw6QEw9,http://i1.hdslb.com/bfs/archive/0b6c7ccb214b6211a4cf9a8741eb473536e42587.jpg
2026-06-07,2026-06-07 11:57:39,61,BV1JAEw69EUS,116691342200777,生完宝宝之后我再也不敢得罪我老公了，因为……,笑哥走丢了a,亲子,生活,254,89,2037825,803,6432,155805,2834,7456,1704,1780568869,https://www.bilibili.com/video/BV1JAEw69EUS,http://i2.hdslb.com/bfs/archive/2496ecbfca22198efdffe5b1855ea840b90edb2a.jpg
2026-06-07,2026-06-07 11:57:39,62,BV15z766SE1A,116696341812776,假如高考什么都可以带,小安苒AIGC,校园学习,知识,208,177,2111359,2537,2437,88197,2174,6687,1618,1780646400,https://www.bilibili.com/video/BV15z766SE1A,http://i2.hdslb.com/bfs/archive/ed743a6a86446310a9957bce92faa671a082a6d8.jpg
2026-06-07,2026-06-07 11:57:39,63,BV1RvVo6QEqo,116674682426936,不儿，你俩来真的啊？！,主持人yoyo酱,搞笑,娱乐,138,265,5813587,16391,12567,695113,524656,126248,14688,1780314627,https://www.bilibili.com/video/BV1RvVo6QEqo,http://i1.hdslb.com/bfs/archive/e8bde3297455f3796e516de2362d5eb1085d9abf.jpg
2026-06-07,2026-06-07 11:57:39,64,BV1xdEc6bEcK,116691426088191,肉食脑袋的硬菜局！爆辣猪蹄+火锅鸡泡面香迷糊,方芳的快乐生活,美食侦探,美食,212,1134,1798549,1458,859,84037,10272,14465,2903,1780571551,https://www.bilibili.com/video/BV1xdEc6bEcK,http://i1.hdslb.com/bfs/archive/bdc078c74f5e0987fffca10262d6ced73d562c27.jpg
2026-06-07,2026-06-07 11:57:39,65,BV1hAVm6XEE2,116685570836474,【传奇耐熬王】经典排骨💀60天仍然有5人存活💪到最后拼的就是谁身体好！🤦‍♂️,-超级小能猫-,搞笑,娱乐,138,2617,2372165,14392,2933,87183,19133,42880,3984,1780481719,https://www.bilibili.com/video/BV1hAVm6XEE2,http://i0.hdslb.com/bfs/archive/dc3782f8b522707e818c2537030e1b8893332367.jpg
2026-06-07,2026-06-07 11:57:39,66,BV15v7S65EWD,116701022717876,挑战给历史故事打tag（标签）,混饭达人,娱乐杂谈,娱乐杂谈,241,77,2048800,1075,1509,152569,3180,17005,8840,1780716510,https://www.bilibili.com/video/BV15v7S65EWD,http://i2.hdslb.com/bfs/archive/1845b193e356ee0f6b686419e20cc96fe1678367.jpg
2026-06-07,2026-06-07 11:57:39,67,BV1Qb7R6XECX,116687064072844,⚡冷 笑 话 大 全 6.0⚡,污污云,鬼畜调教,鬼畜,22,66,1493363,208,1054,107983,2059,43471,5406,1780545600,https://www.bilibili.com/video/BV1Qb7R6XECX,http://i2.hdslb.com/bfs/archive/edf5ec9306bef71931b52d5b0a961e13f1ecc966.jpg
2026-06-07,2026-06-07 11:57:39,68,BV1uX7k6UEPn,116696761239539,把硬装的喊过来！,脱缰凯Kk,小剧场,娱乐,85,219,1194072,1532,1566,88765,2890,9278,628,1780651876,https://www.bilibili.com/video/BV1uX7k6UEPn,http://i1.hdslb.com/bfs/archive/1a5306b127f7814fe75bc726966f0f675fcb7e33.jpg
2026-06-07,2026-06-07 11:57:39,69,BV15W7C6tEyc,116696425766532,送你一片夕阳！,困雀雀,仿妆cos,时尚,252,36,524589,133,2142,156081,8143,27789,2440,1780646468,https://www.bilibili.com/video/BV15W7C6tEyc,http://i2.hdslb.com/bfs/archive/86973af2078693bfe5fc81d4dae783648e7fb904.jpg
2026-06-07,2026-06-07 11:57:39,70,BV1aFVm6REvY,116685537281059,蜘蛛糸モノポリー,苏酥鱼鱼喵,MMD·3D,动画,25,113,642524,181,1432,127954,5102,47062,3666,1780480166,https://www.bilibili.com/video/BV1aFVm6REvY,http://i0.hdslb.com/bfs/archive/43aeddbc4a47c5117090dc56e61b94bb7a858ec0.jpg
2026-06-07,2026-06-07 11:57:39,71,BV1xZ7k6LESp,116696778084201,“哎呀 我们的主角倒下啦～”,西门小昭,综合,综合,27,30,650509,94,960,124710,8394,49507,2163,1780655400,https://www.bilibili.com/video/BV1xZ7k6LESp,http://i2.hdslb.com/bfs/archive/2c5c6c548ed488771077293e2f7bfcfb435e4744.jpg
2026-06-07,2026-06-07 11:57:39,72,BV1usEw6zEiy,116691040210390,【餐馆TV】UP今天发烧了……作品会不会受影响啊,大乾乾是顾乾宇,小剧场,娱乐,85,141,883030,1645,2704,101823,3177,12418,7218,1780564633,https://www.bilibili.com/video/BV1usEw6zEiy,http://i1.hdslb.com/bfs/archive/6d69be5e1f22dec4058e90f795df2ff7c21e4a91.jpg
2026-06-07,2026-06-07 11:57:39,73,BV1MtEF6fEga,116690436233152,全国男生统一迷惑行为,王小洋-已黑化,日常,生活,21,446,922111,2816,1970,75879,1720,13935,2147,1780567200,https://www.bilibili.com/video/BV1MtEF6fEga,http://i1.hdslb.com/bfs/archive/696e0beeae3b0520b2aeae3a4aa24c0eeb689fcd.jpg
2026-06-07,2026-06-07 11:57:39,74,BV19J7r6HESb,116695704274527,【抱佛脚】高考语文！选择题？最后一课！,学过石油的语文老师,校园学习,知识,208,1200,853544,36917,11008,41560,16769,20766,4053,1780660800,https://www.bilibili.com/video/BV19J7r6HESb,http://i0.hdslb.com/bfs/archive/f8d05a7621ff85694f1ddb7ac6c3c775b0e01965.jpg
2026-06-07,2026-06-07 11:57:39,75,BV15wVB6YECT,116678608359768,一顿饭只要三块钱，客人吃着吃着，人就“没了”,瞎通不设计了,美食侦探,美食,212,187,2425071,2502,6393,292452,169597,28782,4129,1780390800,https://www.bilibili.com/video/BV15wVB6YECT,http://i1.hdslb.com/bfs/archive/fd898a754bc3cf4317349a2b3c4394e104417434.jpg
2026-06-07,2026-06-07 11:57:39,76,BV16BVy6wEfx,116682534162276,《你来真的啊》,伤心欲茄222,搞笑,娱乐,138,116,3214866,1271,4151,324286,6589,21460,3817,1780459200,https://www.bilibili.com/video/BV16BVy6wEfx,http://i1.hdslb.com/bfs/archive/f16abe0150882e397bf053e6d7a1e4dced090de1.jpg
2026-06-07,2026-06-07 11:57:39,77,BV1tV7k6LEyH,116697264556028,你或许不认识我 但我唱的歌你或许？？听过？,喵☆酱,翻唱,音乐,31,443,471418,4317,2104,97863,6565,13416,1126,1780659262,https://www.bilibili.com/video/BV1tV7k6LEyH,http://i1.hdslb.com/bfs/archive/f27fa302b117dedb6f353c75770d440ca8982c33.jpg
2026-06-07,2026-06-07 11:57:39,78,BV13HEw6rEhc,116691140873202,接龙游戏开发，但都绷住了,M木糖M,单机游戏,游戏,17,933,1274011,1299,862,66449,9500,12208,1054,1780630200,https://www.bilibili.com/video/BV13HEw6rEhc,http://i2.hdslb.com/bfs/archive/1083ae38f0917802668505e94ed2fe06226cc58b.jpg
2026-06-07,2026-06-07 11:57:39,79,BV1uE7d6JEAp,116688674624635,啥龙：医生说我只剩几天了……,小陈的脚凑凑的,日常,生活,21,181,1017614,1282,1647,73687,5992,17678,3589,1780528049,https://www.bilibili.com/video/BV1uE7d6JEAp,http://i1.hdslb.com/bfs/archive/e92886e4f49270b6f1a24481e0b0851d64e70fc4.jpg
2026-06-07,2026-06-07 11:57:39,80,BV1edV26tEsB,116685654722666,复仇整蛊！蛋黄派伪装摄影师突袭周深，几秒就被识破？,记录生活的蛋黄派,美食测评,美食,213,556,3359521,7573,3045,104477,31075,49969,3984,1780565400,https://www.bilibili.com/video/BV1edV26tEsB,http://i2.hdslb.com/bfs/archive/a16b60bc03719059e3218dee538877f554f3f9b4.jpg
2026-06-07,2026-06-07 11:57:39,81,BV1797X6ZEvW,116686158038804,真跳60分钟，天台暴晒也算时间哦,矮乐多Aliga,日常,生活,21,3639,1159102,1077,1688,64563,13128,22713,2673,1780490050,https://www.bilibili.com/video/BV1797X6ZEvW,http://i0.hdslb.com/bfs/archive/51a11a46ff9c8a78cf19a5444bd1f18bb0099c9d.jpg
2026-06-07,2026-06-07 11:57:39,82,BV16sEc6SEwE,116692030070649,班级里的某些努力姐belike：,不懂爱的喵,AI音乐,AI音乐,265,81,2107590,602,4345,124395,580,9712,4115,1780579469,https://www.bilibili.com/video/BV16sEc6SEwE,http://i2.hdslb.com/bfs/archive/711ed87052e442f67c408a6e4e372e876c02a3f0.jpg
2026-06-07,2026-06-07 11:57:39,83,BV1Zj7C6wEJY,116696845125445,织棉为布，非遗土布。用千年蓝染，重现极致的东方浪漫,花木紫Huamuz,手工,生活,161,401,986008,1396,2165,76697,7116,7197,554,1780652882,https://www.bilibili.com/video/BV1Zj7C6wEJY,http://i0.hdslb.com/bfs/archive/753a39454d2f1455af84effb021941e20ad4c2c7.jpg
2026-06-07,2026-06-07 11:57:39,84,BV1yc7r6vE1C,116695905734805,关于我18岁为什么不去参加高考,我不是赤寒,日常,生活,21,126,1012094,1303,5892,113441,6041,12178,1635,1780638439,https://www.bilibili.com/video/BV1yc7r6vE1C,http://i1.hdslb.com/bfs/archive/294ac25c415d3dcaf5c46bbc02fb5df23da86784.jpg
2026-06-07,2026-06-07 11:57:39,85,BV1LLVU6eE1t,116684782373820,你到底娶不娶我…,ENX叉叉酱,同人·手书,动画,47,77,947317,1645,7060,179595,10554,18227,4839,1780484400,https://www.bilibili.com/video/BV1LLVU6eE1t,http://i0.hdslb.com/bfs/archive/cffaf3db4947fd6d7956bd49b83dcea884c3307b.jpg
2026-06-07,2026-06-07 11:57:39,86,BV1Nk7X6TEnq,116686023955827,半个小孩，全部的妈妈,超级猫猫兽,同人·手书,动画,47,483,1649412,1853,5021,135805,21636,59523,4975,1780487705,https://www.bilibili.com/video/BV1Nk7X6TEnq,http://i0.hdslb.com/bfs/archive/25cb3d6f6dd951590c71a8ea993463455554b0c6.jpg
2026-06-07,2026-06-07 11:57:39,87,BV1ZUEF65EzU,116690016801808,论画手的高三生活有多燃！,圆脸面包人,绘画,绘画,162,141,756658,319,616,89790,3188,13361,1775,1780548385,https://www.bilibili.com/video/BV1ZUEF65EzU,http://i2.hdslb.com/bfs/archive/d2c74006b8fe69158c1e24fb31690a791ce674d0.jpg
2026-06-07,2026-06-07 11:57:39,88,BV1uTEc6AEzV,116691963025070,以为这次断更，会是永别,ONLee_Studio,日常,生活,21,211,960571,1837,2601,64691,22237,4359,955,1780578368,https://www.bilibili.com/video/BV1uTEc6AEzV,http://i0.hdslb.com/bfs/archive/65223f1fb3bbe6f7b6e2b1e84b56584802350ec6.jpg
2026-06-07,2026-06-07 11:57:39,89,BV12QEc6wETE,116691744917719,“我想我再也不会谈恋爱了”,柯洁,影视剪辑,影视,183,34,1369973,979,4450,146514,6209,6930,6274,1780574976,https://www.bilibili.com/video/BV12QEc6wETE,http://i0.hdslb.com/bfs/archive/47071584488230edc82fe88b8fe9b87eb57cd115.jpg
2026-06-07,2026-06-07 11:57:39,90,BV19N7y6bE1e,116698455803490,全体起立鼓掌！人类发现了治癌症的新药！🤯,蜗牛的科技笔记,软件应用,软件应用,230,115,978862,839,4170,88474,3197,14621,5905,1780677279,https://www.bilibili.com/video/BV19N7y6bE1e,http://i2.hdslb.com/bfs/archive/3b5f57bbd2f68b33097261f34d0cbb700b9439ce.jpg
2026-06-07,2026-06-07 11:57:39,91,BV18qVr6KEk8,116680554519472,一个投了3万元必火的视频,奥利奥利奥是1,日常,生活,21,46,1021793,1812,8751,247519,22756,26759,4672,1780405200,https://www.bilibili.com/video/BV18qVr6KEk8,http://i0.hdslb.com/bfs/archive/0c023b00bd1d3a694bdd40c9d19039f1436532b1.jpg
2026-06-07,2026-06-07 11:57:39,92,BV1xuVC6AEbg,116681426868021,今天把我关于《丧尸清道夫》的创作思路分享给大家，如果能帮到你，我会很开心。,Mx-Shell,影视剪辑,影视,183,2573,1272142,906,1995,73847,29639,76250,10582,1780452000,https://www.bilibili.com/video/BV1xuVC6AEbg,http://i0.hdslb.com/bfs/archive/4a766d587664347016b0288147deb324a2964232.jpg
2026-06-07,2026-06-07 11:57:39,93,BV19J7r6HEV7,116695704276560,咕嘎吃掉了整个幼儿园的伙食,咕咕嘎画,搞笑,娱乐,138,46,1508123,127,1160,112992,5637,16503,3254,1780635229,https://www.bilibili.com/video/BV19J7r6HEV7,http://i0.hdslb.com/bfs/archive/6f27e7f3c76289f0fac5ed16261338d0a6c2d5f2.jpg
2026-06-07,2026-06-07 11:57:39,94,BV1XS796JETP,116687701545253,"""见过花开就好 何必在意花为谁开""19.0",我爱吃派大星,音乐综合,音乐,130,163,1370562,628,1198,74987,1262,8612,497,1780532400,https://www.bilibili.com/video/BV1XS796JETP,http://i1.hdslb.com/bfs/archive/29288eae5b7e0f9e2243fa9682885eab8981887d.jpg
2026-06-07,2026-06-07 11:57:39,95,BV1vR7D6JEEm,116702566223209,全球吃席！自驾巴尔干婚礼，吃欧洲乡村大席,食贫道,日常,生活,21,3274,702963,4611,1259,66717,23475,9838,749,1780741089,https://www.bilibili.com/video/BV1vR7D6JEEm,http://i2.hdslb.com/bfs/archive/b23120503d27e3049c25e887901c19df17a98fe1.jpg
2026-06-07,2026-06-07 11:57:39,96,BV1gzVC6kE1S,116683507243907,【低成本在家实现牛排自由‼️ 】,村驴,美食制作,美食,76,329,1003493,607,2517,96215,9360,72277,10009,1780449310,https://www.bilibili.com/video/BV1gzVC6kE1S,http://i0.hdslb.com/bfs/archive/005d3e68934a884c17ab0f89f1daac2ae9982f39.jpg
2026-06-07,2026-06-07 11:57:39,97,BV1BQ7r68Ejy,116695553280188,高考加油！！！,青柳尊哉,日常,生活,21,25,394252,4909,2661,153361,11355,10957,3322,1780650000,https://www.bilibili.com/video/BV1BQ7r68Ejy,http://i1.hdslb.com/bfs/archive/d2a9b7766bc4f672f01dd4b2805739df436bfc4b.jpg
2026-06-07,2026-06-07 11:57:39,98,BV1n17D6xEX2,116702331278408,这就是7JIA最强之人,杨齐家_,单机游戏,游戏,17,1221,940540,4236,1946,67214,6732,7406,570,1780736508,https://www.bilibili.com/video/BV1n17D6xEX2,http://i1.hdslb.com/bfs/archive/63922fa2e9e8a18b95b8175a3bea61b0779794d1.jpg
2026-06-07,2026-06-07 11:57:39,99,BV1um7665EHP,116696325033953,谁是猜价超人？,小杨Johnson,搞笑,娱乐,138,621,1794022,1782,629,40026,10336,8123,549,1780650000,https://www.bilibili.com/video/BV1um7665EHP,http://i2.hdslb.com/bfs/archive/4a683ea3a122ada0dd88fb184da7439b6831fdfe.jpg
2026-06-07,2026-06-07 11:57:39,100,BV1YV7U6zEps,116699697254319,小登VS老登,灼眼的SABER哒,同人·手书,动画,47,63,736378,378,1961,98000,7883,32341,7789,1780718400,https://www.bilibili.com/video/BV1YV7U6zEps,http://i0.hdslb.com/bfs/archive/dce2758cd8546e893008888b88f215364194d4a7.jpg
2026-06-07,2026-06-07 12:57:39,1,BV15iEc6VEfH,116691577216788,路边一块，也能变废为宝，雕刻出大家想要的题材我不知道什么时候天才会亮，但我知道，跑着跑着，天就亮了。,小梨家的和田玉,手工,生活,161,220,5717983,3635,10841,215737,7199,20599,3507,1780572193,https://www.bilibili.com/video/BV15iEc6VEfH,http://i2.hdslb.com/bfs/archive/c1597efe82d66a7f728f8bdd84505eff4b7f5ac9.jpg
2026-06-07,2026-06-07 12:57:39,2,BV1Qi7f6eE59,116690805395451,致敬每一个心中有花，努力奔跑的人,爱画画的子衿,亲子,生活,254,313,1644472,3293,3469,224522,112579,14767,3516,1780561800,https://www.bilibili.com/video/BV1Qi7f6eE59,http://i1.hdslb.com/bfs/archive/2c9cc3dd70d264a8473e46b8bebaad7db4d6ef2c.jpg
2026-06-07,2026-06-07 12:57:39,3,BV19ZEF6MEBV,116690117464228,人在干坏事的时候是不怕苦不怕累的,我是易拉爆,日常,生活,21,309,2090560,1364,3813,197267,14105,28991,14250,1780550100,https://www.bilibili.com/video/BV19ZEF6MEBV,http://i2.hdslb.com/bfs/archive/5a3e59dd5183e87d69b1ad3224466b821bf05e23.jpg
2026-06-07,2026-06-07 12:57:39,4,BV17GEP6xEDW,116692348832614,新三国up锐评楚汉传奇01：是不是我打开的方式不太对？,吃蛋挞的折棒,影视杂谈,影视,182,1348,1434451,19287,11433,129323,125316,27025,10125,1780624800,https://www.bilibili.com/video/BV17GEP6xEDW,http://i2.hdslb.com/bfs/archive/4e5cd47c8551d2b66643e2800041b7ec2d3bf729.jpg
2026-06-07,2026-06-07 12:57:39,5,BV15C7k6REKC,116697197451293,公测定档7月 | 《遗忘之海》船员集结摇滚MV「燥」,遗忘之海,GMV,GMV,121,205,4871437,1094,1840,96861,74539,65555,4112,1780711200,https://www.bilibili.com/video/BV15C7k6REKC,http://i0.hdslb.com/bfs/archive/bef8db958217ad42ed011f4bf5d5d6c1cf3a4bad.jpg
2026-06-07,2026-06-07 12:57:39,6,BV1w6EF6QEjZ,116690033778619,不看后悔！史上最神人店家！,转生成为毛毛,美食侦探,美食,212,186,3208085,3839,8830,166713,4686,28095,13818,1780563600,https://www.bilibili.com/video/BV1w6EF6QEjZ,http://i1.hdslb.com/bfs/archive/07cb98d8f59285212c90c7646739a87803bf06c0.jpg
2026-06-07,2026-06-07 12:57:39,7,BV1wEEc6REms,116692097238799,城市大富翁（5）,雨哥到处跑,日常,生活,21,3846,1524721,35879,5005,134391,109860,36697,4853,1780628700,https://www.bilibili.com/video/BV1wEEc6REms,http://i1.hdslb.com/bfs/archive/8628e50dc2e56aec5815c8e3f665d304cfe23d80.jpg
2026-06-07,2026-06-07 12:57:39,8,BV13s7z63EjV,116695016477738,《绝区零》3.0新地块实机演示,绝区零,手机游戏,游戏,172,599,1428249,9323,13627,124127,58189,22281,24790,1780624803,https://www.bilibili.com/video/BV13s7z63EjV,http://i0.hdslb.com/bfs/archive/ac132a13aed30f0b83ff50dfb56d83e2e518206a.jpg
2026-06-07,2026-06-07 12:57:39,9,BV1cu7r6FEPd,116696023045705,英国，沦为印度殖民地,平原公子,日常,生活,21,463,2668002,10638,7601,172847,7282,18233,16624,1780640137,https://www.bilibili.com/video/BV1cu7r6FEPd,http://i1.hdslb.com/bfs/archive/95ba7fb80bc2a46fc2c8f7ff69a08c57c40ef914.jpg
2026-06-07,2026-06-07 12:57:39,10,BV1rg7C6TEUm,116696912369911,一句“一氧化二氢”能钓出多少“读稿机”？,中国食品报融媒体,科学科普,知识,201,291,3973018,5589,19367,166299,12956,20873,13463,1780653928,https://www.bilibili.com/video/BV1rg7C6TEUm,http://i1.hdslb.com/bfs/archive/1081ed32a36e81bee443915a997ed5f2bd56badd.jpg
2026-06-07,2026-06-07 12:57:39,11,BV1df7r6REpB,116695469463690,如何在家制造浓汤宝,嘤武罗,日常,生活,21,501,3617088,3267,3018,160939,40974,37696,2395,1780650000,https://www.bilibili.com/video/BV1df7r6REpB,http://i2.hdslb.com/bfs/archive/94c85d2ebad9002fcbad0c7ef2f3c8a3f1ec6768.jpg
2026-06-07,2026-06-07 12:57:39,12,BV16DVz6UE77,116679229180052,如何拍出电影感大片,喜欢拍照的皮皮,日常,生活,21,60,3758423,352,2248,348601,12033,102581,8400,1780384052,https://www.bilibili.com/video/BV16DVz6UE77,http://i1.hdslb.com/bfs/archive/82ba23d6fb45244f769f8f127cfbe2f51afe67c8.jpg
2026-06-07,2026-06-07 12:57:39,13,BV1XQ7Z6eEki,116689412819066,特朗普的愤怒,燕三嘤嘤嘤,人文历史,知识,228,1133,2892273,10725,4863,142016,34222,20566,2749,1780545020,https://www.bilibili.com/video/BV1XQ7Z6eEki,http://i0.hdslb.com/bfs/archive/d106118a7a33e310838a2e387ce511583c5a7a62.jpg
2026-06-07,2026-06-07 12:57:39,14,BV1uXEA6gEMu,116692567070822,“别着急，我来给你补充「偶！像！能！量！」”,小耗owo,手机游戏,游戏,172,80,1090854,791,2232,217267,13990,48100,9769,1780624800,https://www.bilibili.com/video/BV1uXEA6gEMu,http://i1.hdslb.com/bfs/archive/64822f49e99e9fb8b41ba5e0f9e06f48d4b76446.jpg
2026-06-07,2026-06-07 12:57:39,15,BV1pDV86oE6S,116657217344637,热烈欢迎薛凯琪！工作之余，Fiona会带哪些让自己感到快乐的东西呢～（录完这期脑海里都是Fifi的笑声,papi酱,短片,动画,256,2017,1208136,10733,4537,123500,48847,15605,7026,1780632000,https://www.bilibili.com/video/BV1pDV86oE6S,http://i2.hdslb.com/bfs/archive/032f4048d6f94c465fc10972289999cf79f2572f.jpg
2026-06-07,2026-06-07 12:57:39,16,BV1Qt7X61Enn,116686241993999,百万英镑，但素质过低,青时晚,影视剪辑,影视,183,174,2163898,1850,2321,129768,9993,32515,12979,1780490956,https://www.bilibili.com/video/BV1Qt7X61Enn,http://i0.hdslb.com/bfs/archive/1573985b4950f4d1001b3a21a50adab722b0a0f1.jpg
2026-06-07,2026-06-07 12:57:39,17,BV1sC7R6VEF3,116687181451048,【侯绿萝】视频加载中，速速查收惊喜！,侯绿萝,小剧场,娱乐,85,233,1843405,1436,1390,175865,10324,14512,1781,1780538400,https://www.bilibili.com/video/BV1sC7R6VEF3,http://i0.hdslb.com/bfs/archive/e40df1469a3bc68659f30a77b0e0801ae88938bb.jpg
2026-06-07,2026-06-07 12:57:39,18,BV1kCVU65ERM,116669112386149,初中生斗胆跳一段jam,特崮斯,篮球,运动,235,45,6404404,9138,18555,1231449,200621,130464,19195,1780229707,https://www.bilibili.com/video/BV1kCVU65ERM,http://i1.hdslb.com/bfs/archive/5871a66dc8e356ff71da4a6d99d5922b4a6a3fce.jpg
2026-06-07,2026-06-07 12:57:39,19,BV1WY7U6dEJ5,116699814693875,【微电影】人类文明的最后一届高考,最后讲述者,鬼畜剧场,鬼畜剧场,216,263,1523915,2119,4475,125304,13338,27362,6168,1780709400,https://www.bilibili.com/video/BV1WY7U6dEJ5,http://i2.hdslb.com/bfs/archive/40a717d48c3dbeb9559b00a07a88af6cfd5181fb.jpg
2026-06-07,2026-06-07 12:57:39,20,BV16kV26TES7,116685470175022,当父母说出了正确答案：,进击的金厂长,搞笑,娱乐,138,129,5650404,2318,2380,383932,141435,181437,3073,1780479155,https://www.bilibili.com/video/BV16kV26TES7,http://i0.hdslb.com/bfs/archive/982b25c4ef21fb08f77ae933c89f4b99d5b0c86a.jpg
2026-06-07,2026-06-07 12:57:39,21,BV168796PEv1,116685839403735,如此仙音唯有挠臭,lulu和露爸,喵星人,喵星人,218,26,4678413,16612,5610,587678,16228,114232,24515,1780484850,https://www.bilibili.com/video/BV168796PEv1,http://i1.hdslb.com/bfs/archive/87f3ce4876a2e50e34a2c1b24dfe10ae34700a55.jpg
2026-06-07,2026-06-07 12:57:39,22,BV1uX7k6UENx,116696761239484,巨构：没有告别,巨构ai,网络游戏,游戏,65,19,2473989,4441,6435,406704,18701,137593,5769,1780651506,https://www.bilibili.com/video/BV1uX7k6UENx,http://i0.hdslb.com/bfs/archive/1422e60b2923b373953bd4ce6433b6f0e91f9501.jpg
2026-06-07,2026-06-07 12:57:39,23,BV1gsEw6zExs,116691040208641,你的高考/中考/期末考belike,哈基mer-猫meme,搞笑,娱乐,138,22,726114,27236,2206,259429,28526,53159,4931,1780564012,https://www.bilibili.com/video/BV1gsEw6zExs,http://i2.hdslb.com/bfs/archive/4f76f8d127f1c6d5a990c89a161f10356e783cd4.jpg
2026-06-07,2026-06-07 12:57:39,24,BV1gWEw6gE4X,116691056987748,“这种没流量的画画最狠了”,像风如你o_O,日常,生活,21,25,2192318,655,3268,271570,7378,23026,1083,1780564358,https://www.bilibili.com/video/BV1gWEw6gE4X,http://i0.hdslb.com/bfs/archive/96621cf035234fbf3c3d6f498d6f4d5eae388c12.jpg
2026-06-07,2026-06-07 12:57:39,25,BV1GHEw6rEo4,116691140875979,无能的杰哥,神威-狗剩,影视剪辑,影视,183,154,2758671,1832,3667,133917,7792,24383,26552,1780565876,https://www.bilibili.com/video/BV1GHEw6rEo4,http://i2.hdslb.com/bfs/archive/0814d03bdf68a6a83cba4b8ba18fa6d58d6de912.jpg
2026-06-07,2026-06-07 12:57:39,26,BV1PP7C63E2J,116696710912022,《师》我回母校当老师,阿廖沙别害怕_,搞笑,娱乐,138,296,1629056,464,973,157068,4209,12083,549,1780650587,https://www.bilibili.com/video/BV1PP7C63E2J,http://i0.hdslb.com/bfs/archive/b04455fde128b88ff0a92e264778512242510bc9.jpg
2026-06-07,2026-06-07 12:57:39,27,BV1yiEF6WErx,116690419585062,奶香馒头,夏叔厨房,美食制作,美食,76,76,1674044,921,7189,215346,7423,18842,1124,1780554601,https://www.bilibili.com/video/BV1yiEF6WErx,http://i1.hdslb.com/bfs/archive/82992eb9cddf1a5a5e5e77e481db8626c6005de9.jpg
2026-06-07,2026-06-07 12:57:39,28,BV1XEV26XEsz,116683641455201,冠以破碎之名：第一集 冰潮寒雨之夏,Xavier_白昼,综合,综合,27,1106,1367146,1816,2417,103203,22031,63719,3511,1780451269,https://www.bilibili.com/video/BV1XEV26XEsz,http://i0.hdslb.com/bfs/archive/edb3c2a03146bbc3390581aa30c41b8e3c3ab846.jpg
2026-06-07,2026-06-07 12:57:39,29,BV1xU7f6xEjt,116690939546284,CF单机叙事续作——《穿越火线：潜伏》实机首曝,穿越火线潜伏,单机游戏,游戏,17,308,4259969,1472,4724,106171,6788,21001,11356,1780696800,https://www.bilibili.com/video/BV1xU7f6xEjt,http://i0.hdslb.com/bfs/archive/140a4abb0c80a2aa1e7cb7126c978567b667ed12.jpg
2026-06-07,2026-06-07 12:57:39,30,BV1s7V46XEix,116655590017716,评论区摄影大赛之火遍全网的佳作篇，本期有锐评系列也有破败与新生佳作，欢迎投稿好的作品会让更多人看到。,摄影恩哥,日常,生活,21,124,2973184,1142,6033,192871,1120,13275,550,1780738200,https://www.bilibili.com/video/BV1s7V46XEix,http://i1.hdslb.com/bfs/archive/58aada2ca9cd83b3f4d86b331759b2c832c8bcb4.jpg
2026-06-07,2026-06-07 12:57:39,31,BV1WT7C6uEj8,116696878749194,猫 咪 的 花 语 是 老 吴🎵,幾加乘,同人·手书,动画,47,259,1449900,1526,2887,109346,16116,22463,9560,1780653131,https://www.bilibili.com/video/BV1WT7C6uEj8,http://i0.hdslb.com/bfs/archive/ad354ddb8c2e2bf697327dc182835b3d6014f4b1.jpg
2026-06-07,2026-06-07 12:57:39,32,BV1jeEc6yE75,116691593992011,《你说谁错谁就错，因为你开迈巴赫》,嘞是唐孃孃,搞笑,娱乐,138,34,3018668,176,1960,229874,3116,15274,1256,1780572588,https://www.bilibili.com/video/BV1jeEc6yE75,http://i0.hdslb.com/bfs/archive/cc74080d84744d7622f9f9dd492a1583e00aaed7.jpg
2026-06-07,2026-06-07 12:57:39,33,BV1T9Vm6UE2N,116684681647760,《古剑》3分钟战斗实机 | 线下试玩招募开启,古剑,单机游戏,游戏,17,168,3657294,3017,9184,65804,42638,24997,20488,1780698215,https://www.bilibili.com/video/BV1T9Vm6UE2N,http://i0.hdslb.com/bfs/archive/d18a0e2a80905c1a2bfe0d000c3ca47aa1548899.jpg
2026-06-07,2026-06-07 12:57:39,34,BV1ZREP6dEcU,116693758117714,扫落叶全清洁100%速通39分03秒leaf it alone,闲云豹,单机游戏,游戏,17,2367,1215820,1368,1985,105028,11186,21880,4443,1780605809,https://www.bilibili.com/video/BV1ZREP6dEcU,http://i1.hdslb.com/bfs/archive/3385291fb621bd6cb0c5fb61712551a6e5b91b00.jpg
2026-06-07,2026-06-07 12:57:39,35,BV12R7Q6MEJX,116686543914174,你说你有点难追～,未知艺术家_611,搞笑,娱乐,138,30,2646053,226,1985,241872,2928,25148,3727,1780495648,https://www.bilibili.com/video/BV12R7Q6MEJX,http://i2.hdslb.com/bfs/archive/aeaf33a25e079b26433a425ee56ac24f566861d7.jpg
2026-06-07,2026-06-07 12:57:39,36,BV1F7716gE1d,116697667213269,不降 |《归唐》夏日游戏节剧情初窥预告,归唐,单机游戏,游戏,17,195,4841371,2098,7243,112702,3468,11577,5886,1780694417,https://www.bilibili.com/video/BV1F7716gE1d,http://i1.hdslb.com/bfs/archive/ee1e7f11e5576321abd715ef6582c5b5fe323c2d.jpg
2026-06-07,2026-06-07 12:57:39,37,BV1bV7k6LExn,116697264560365,再见！一系列！高考必胜！,一数,校园学习,知识,208,193,825382,28012,14156,80230,31736,16886,5495,1780659292,https://www.bilibili.com/video/BV1bV7k6LExn,http://i2.hdslb.com/bfs/archive/5df66240b2b71ca2bc6ce697e929657b1b1df5a4.jpg
2026-06-07,2026-06-07 12:57:39,38,BV1Ja7k6AE1b,116697063235411,我又给花朵加了个开关！,是玉木呀,设计·创意,设计·创意,229,104,943117,474,749,149554,16796,29868,3035,1780656042,https://www.bilibili.com/video/BV1Ja7k6AE1b,http://i0.hdslb.com/bfs/archive/c05470a618fc67ee60cb9df153eb5ad6d3c8ce08.jpg
2026-06-07,2026-06-07 12:57:39,39,BV1xR7S6hEkB,116700804683368,菲比：就你们寝室最吵！！,Lm海洋,音乐综合,音乐,130,262,751916,541,2820,63967,46563,28068,10023,1780713190,https://www.bilibili.com/video/BV1xR7S6hEkB,http://i1.hdslb.com/bfs/archive/348cd3608f962369b093721ee90e2515a127a833.jpg
2026-06-07,2026-06-07 12:57:39,40,BV1pnVm6GEQG,116685386483651,“当bro以为自己很有影响力时…”,林宇辉,社科·法律·心理,知识,124,16,895918,475,1966,259316,10463,33830,1231,1780478075,https://www.bilibili.com/video/BV1pnVm6GEQG,http://i1.hdslb.com/bfs/archive/02329b4beff89227f0f34b10ef7ca21a2b920c65.jpg
2026-06-07,2026-06-07 12:57:39,41,BV1hG7y69Ej2,116698036313694,史上最骚特工(第二集),老番茄,单机游戏,游戏,17,842,1575183,2837,1629,110884,36402,29410,1860,1780716600,https://www.bilibili.com/video/BV1hG7y69Ej2,http://i2.hdslb.com/bfs/archive/c4778bfde8d395e0f91e2f746393736302e8205c.jpg
2026-06-07,2026-06-07 12:57:39,42,BV16w7D6RERW,116700921988742,007看后:追逐战？,MEspace天植,绘画,绘画,162,49,1908186,202,798,188680,17344,32214,1574,1780714922,https://www.bilibili.com/video/BV16w7D6RERW,http://i2.hdslb.com/bfs/archive/f35dab38094910739815ae6424bcceee9316f8f7.jpg
2026-06-07,2026-06-07 12:57:39,43,BV1R7Ew65ERR,116691124229360,当爸爸找亲戚买手机,刘鸿哥哥,小剧场,娱乐,85,119,2303982,929,2824,156395,1382,8395,1682,1780565630,https://www.bilibili.com/video/BV1R7Ew65ERR,http://i0.hdslb.com/bfs/archive/5e4feb10a7cf9e178bf7e9a619d62843bc5ae8b2.jpg
2026-06-07,2026-06-07 12:57:39,44,BV1EwEF62EhA,116690721443492,当校长挑选教室地板时,Cheems电玩屋,日常,生活,21,18,4591662,751,4481,186684,918,6898,450,1780559484,https://www.bilibili.com/video/BV1EwEF62EhA,http://i0.hdslb.com/bfs/archive/8916553504d48aec3ba5ad2bdfeec5fcf7eefc1c.jpg
2026-06-07,2026-06-07 12:57:39,45,BV1DB7f6AEBK,116690989942959,最 不 物 质 之 人,张八筒筒,日常,生活,21,127,2353369,879,906,165905,1468,8513,818,1780563943,https://www.bilibili.com/video/BV1DB7f6AEBK,http://i1.hdslb.com/bfs/archive/612e05a8e02454bd4e3723991d4808f061b1c188.jpg
2026-06-07,2026-06-07 12:57:39,46,BV1TR766zEvE,116695972714489,在沙漠里种了1800万棵树，然后呢？,影视飓风,娱乐粉丝创作,娱乐,242,756,2049964,8041,2519,118786,48303,22107,2122,1780650000,https://www.bilibili.com/video/BV1TR766zEvE,http://i1.hdslb.com/bfs/archive/af434541e40c0402ac850fc6783faa3ed5bfdda9.jpg
2026-06-07,2026-06-07 12:57:39,47,BV1W6VZ6MEbd,116674313328609,🍄欠揍气球🍄,纸片马力欧,日常,生活,21,40,4169149,5074,9741,488312,38006,257621,75003,1780309043,https://www.bilibili.com/video/BV1W6VZ6MEbd,http://i0.hdslb.com/bfs/archive/3d18bae01c4fc365d9e7e0ede5efb926e32115ad.jpg
2026-06-07,2026-06-07 12:57:39,48,BV1yo7B68EHX,116695117207554,《鸣潮》×《赛博朋克：边缘行者》共鸣者战斗演示 | 露西,鸣潮,单机游戏,游戏,17,283,2232726,2351,8249,77661,23922,13590,14594,1780628400,https://www.bilibili.com/video/BV1yo7B68EHX,http://i2.hdslb.com/bfs/archive/61426f2876187b9326f1b732fdea7044e08d7ea3.jpg
2026-06-07,2026-06-07 12:57:39,49,BV1UV7k6LEUG,116697264627213,航天会刷典狱长？！【三角洲动画】,手折余弦丶,电子竞技,游戏,171,300,1016901,1145,1203,84586,8925,21046,2401,1780659017,https://www.bilibili.com/video/BV1UV7k6LEUG,http://i0.hdslb.com/bfs/archive/eb575db6391346950b2623259e6c0c6469239e03.jpg
2026-06-07,2026-06-07 12:57:39,50,BV1L7Ew65ETv,116691124098703,我养护的石拱桥，已经被国家收录为不可移动文物！,抓紧长长长呀,三农,生活,251,604,1716723,1078,2048,120026,6838,8964,462,1780565746,https://www.bilibili.com/video/BV1L7Ew65ETv,http://i1.hdslb.com/bfs/archive/56f52737bc566db19c5316ccdcc3b87cc81709e0.jpg
2026-06-07,2026-06-07 12:57:39,51,BV1mhV26yETL,116683775678542,科比的哲学启示录第十四期,蟹不肉丨,影视剪辑,影视,183,74,5285180,1197,7021,324893,16216,85314,15386,1780453236,https://www.bilibili.com/video/BV1mhV26yETL,http://i0.hdslb.com/bfs/archive/738134aa027bf05aa3f3843c528db81f3d78307d.jpg
2026-06-07,2026-06-07 12:57:39,52,BV1um7665EpW,116696325033820,讷,水生植物人owo,日常,生活,21,16,1031224,703,5358,149295,3699,38997,13800,1780644714,https://www.bilibili.com/video/BV1um7665EpW,http://i2.hdslb.com/bfs/archive/ce971f171b1f22d061819b3fea882f5d4af2a608.jpg
2026-06-07,2026-06-07 12:57:39,53,BV1nWVm6uEqb,116685285624503,我吃牛瘪火锅 结果买错牛胃了,张离谱Dreams,搞笑,娱乐,138,97,2370123,1220,3384,157972,2794,42662,11689,1780476405,https://www.bilibili.com/video/BV1nWVm6uEqb,http://i0.hdslb.com/bfs/archive/6f4f02f224993a1933f3e515e84d84edb5ca3808.jpg
2026-06-07,2026-06-07 12:57:39,54,BV1jz7k6tEkL,116696979347018,教程来啦兄弟们 拍起来,是柳宗元,电子竞技,游戏,171,46,2125089,176,840,161254,2736,24261,1273,1780654702,https://www.bilibili.com/video/BV1jz7k6tEkL,http://i0.hdslb.com/bfs/archive/becaa38ea9e7437bed18411340db6d5da7f4cd54.jpg
2026-06-07,2026-06-07 12:57:39,55,BV1jwV663EjR,116679380112598,我的世界杯主题曲！IShowSpeed - World Cup (Champions),ishowspeedsui,竞技体育,运动,236,299,4684414,2495,10714,258681,47678,46056,15358,1780386563,https://www.bilibili.com/video/BV1jwV663EjR,http://i2.hdslb.com/bfs/archive/2807f6a9b9342740dfa8764e7bcc6e231196c94f.jpg
2026-06-07,2026-06-07 12:57:39,56,BV15v7S65EWD,116701022717876,挑战给历史故事打tag（标签）,混饭达人,娱乐杂谈,娱乐杂谈,241,77,2177314,1137,1605,161707,3416,17939,9337,1780716510,https://www.bilibili.com/video/BV15v7S65EWD,http://i2.hdslb.com/bfs/archive/1845b193e356ee0f6b686419e20cc96fe1678367.jpg
2026-06-07,2026-06-07 12:57:39,57,BV1bwV161Er2,116684413209270,【aespa】LEMONNNN,aespa,音乐综合,音乐,130,11,6599457,12553,24952,126833,30109,14809,8380,1780475400,https://www.bilibili.com/video/BV1bwV161Er2,http://i1.hdslb.com/bfs/archive/1e63fbee388c793dc0403c872eefb52a8d7d8615.jpg
2026-06-07,2026-06-07 12:57:39,58,BV1vEEP6HEFw,116692281789801,2025年出货量370万台！激光雷达真成“安全气囊”了？,保镖的车库,新能源车,新能源车,247,606,1377047,497,638,102466,3057,10663,374,1780653900,https://www.bilibili.com/video/BV1vEEP6HEFw,http://i1.hdslb.com/bfs/archive/76872e6b743f73527ee70c89a75c39214a868540.jpg
2026-06-07,2026-06-07 12:57:39,59,BV1JAEw69EUS,116691342200777,生完宝宝之后我再也不敢得罪我老公了，因为……,笑哥走丢了a,亲子,生活,254,89,2059544,811,6532,157725,2885,7587,1740,1780568869,https://www.bilibili.com/video/BV1JAEw69EUS,http://i2.hdslb.com/bfs/archive/2496ecbfca22198efdffe5b1855ea840b90edb2a.jpg
2026-06-07,2026-06-07 12:57:39,60,BV1VWVz6TELx,116679598147712,星际穿越的我，试图提醒过去的自己....,考研英语大雁,校园学习,知识,208,33,3190457,705,2479,407334,9313,53090,7043,1780389685,https://www.bilibili.com/video/BV1VWVz6TELx,http://i0.hdslb.com/bfs/archive/5822709cbd5c2a8a09fabc50bcfdcfc29859f9a1.jpg
2026-06-07,2026-06-07 12:57:39,61,BV1JKEw6QEw9,116691509970719,我读了你们的评论 把阎王召唤出来了T_T,汤木檀泽,日常,生活,21,959,1832839,1464,1612,112070,6655,17419,534,1780571268,https://www.bilibili.com/video/BV1JKEw6QEw9,http://i1.hdslb.com/bfs/archive/0b6c7ccb214b6211a4cf9a8741eb473536e42587.jpg
2026-06-07,2026-06-07 12:57:39,62,BV15z766SE1A,116696341812776,假如高考什么都可以带,小安苒AIGC,校园学习,知识,208,177,2117422,2546,2459,88451,2178,6722,1626,1780646400,https://www.bilibili.com/video/BV15z766SE1A,http://i2.hdslb.com/bfs/archive/ed743a6a86446310a9957bce92faa671a082a6d8.jpg
2026-06-07,2026-06-07 12:57:39,63,BV1xdEc6bEcK,116691426088191,肉食脑袋的硬菜局！爆辣猪蹄+火锅鸡泡面香迷糊,方芳的快乐生活,美食侦探,美食,212,1134,1810379,1461,861,84260,10338,14489,2922,1780571551,https://www.bilibili.com/video/BV1xdEc6bEcK,http://i1.hdslb.com/bfs/archive/bdc078c74f5e0987fffca10262d6ced73d562c27.jpg
2026-06-07,2026-06-07 12:57:39,64,BV1QzVR63E3L,116671930963542,回忆永远都是加分项,央视新闻,日常,生活,21,184,3699291,29107,24263,646421,249859,197047,60593,1780286400,https://www.bilibili.com/video/BV1QzVR63E3L,http://i2.hdslb.com/bfs/archive/f4dc3fe8ea88a450877315e867b4995121d5dbf6.jpg
2026-06-07,2026-06-07 12:57:39,65,BV1uX7k6UEPn,116696761239539,把硬装的喊过来！,脱缰凯Kk,小剧场,娱乐,85,219,1206468,1539,1573,89459,2914,9359,634,1780651876,https://www.bilibili.com/video/BV1uX7k6UEPn,http://i1.hdslb.com/bfs/archive/1a5306b127f7814fe75bc726966f0f675fcb7e33.jpg
2026-06-07,2026-06-07 12:57:39,66,BV15W7C6tEyc,116696425766532,送你一片夕阳！,困雀雀,仿妆cos,时尚,252,36,528593,134,2156,157168,8231,28075,2463,1780646468,https://www.bilibili.com/video/BV15W7C6tEyc,http://i2.hdslb.com/bfs/archive/86973af2078693bfe5fc81d4dae783648e7fb904.jpg
2026-06-07,2026-06-07 12:57:39,67,BV1RvVo6QEqo,116674682426936,不儿，你俩来真的啊？！,主持人yoyo酱,搞笑,娱乐,138,265,5828795,16470,12588,697526,526401,126738,14728,1780314627,https://www.bilibili.com/video/BV1RvVo6QEqo,http://i1.hdslb.com/bfs/archive/e8bde3297455f3796e516de2362d5eb1085d9abf.jpg
2026-06-07,2026-06-07 12:57:39,68,BV1xZ7k6LESp,116696778084201,“哎呀 我们的主角倒下啦～”,西门小昭,综合,综合,27,30,661000,95,969,126823,8563,50412,2206,1780655400,https://www.bilibili.com/video/BV1xZ7k6LESp,http://i2.hdslb.com/bfs/archive/2c5c6c548ed488771077293e2f7bfcfb435e4744.jpg
2026-06-07,2026-06-07 12:57:39,69,BV1hAVm6XEE2,116685570836474,【传奇耐熬王】经典排骨💀60天仍然有5人存活💪到最后拼的就是谁身体好！🤦‍♂️,-超级小能猫-,搞笑,娱乐,138,2617,2389723,14439,2943,87622,19225,43093,4003,1780481719,https://www.bilibili.com/video/BV1hAVm6XEE2,http://i0.hdslb.com/bfs/archive/dc3782f8b522707e818c2537030e1b8893332367.jpg
2026-06-07,2026-06-07 12:57:39,70,BV1MtEF6fEga,116690436233152,全国男生统一迷惑行为,王小洋-已黑化,日常,生活,21,446,933710,2854,1981,76831,1744,14100,2168,1780567200,https://www.bilibili.com/video/BV1MtEF6fEga,http://i1.hdslb.com/bfs/archive/696e0beeae3b0520b2aeae3a4aa24c0eeb689fcd.jpg
2026-06-07,2026-06-07 12:57:39,71,BV1tV7k6LEyH,116697264556028,你或许不认识我 但我唱的歌你或许？？听过？,喵☆酱,翻唱,音乐,31,443,480782,4454,2137,100054,6687,13808,1146,1780659262,https://www.bilibili.com/video/BV1tV7k6LEyH,http://i1.hdslb.com/bfs/archive/f27fa302b117dedb6f353c75770d440ca8982c33.jpg
2026-06-07,2026-06-07 12:57:39,72,BV1usEw6zEiy,116691040210390,【餐馆TV】UP今天发烧了……作品会不会受影响啊,大乾乾是顾乾宇,小剧场,娱乐,85,141,886165,1661,2717,102397,3204,12506,7282,1780564633,https://www.bilibili.com/video/BV1usEw6zEiy,http://i1.hdslb.com/bfs/archive/6d69be5e1f22dec4058e90f795df2ff7c21e4a91.jpg
2026-06-07,2026-06-07 12:57:39,73,BV19J7r6HESb,116695704274527,【抱佛脚】高考语文！选择题？最后一课！,学过石油的语文老师,校园学习,知识,208,1200,860639,36936,11211,41634,16782,20652,4056,1780660800,https://www.bilibili.com/video/BV19J7r6HESb,http://i0.hdslb.com/bfs/archive/f8d05a7621ff85694f1ddb7ac6c3c775b0e01965.jpg
2026-06-07,2026-06-07 12:57:39,74,BV13HEw6rEhc,116691140873202,接龙游戏开发，但都绷住了,M木糖M,单机游戏,游戏,17,933,1327092,1330,880,68351,9760,12522,1098,1780630200,https://www.bilibili.com/video/BV13HEw6rEhc,http://i2.hdslb.com/bfs/archive/1083ae38f0917802668505e94ed2fe06226cc58b.jpg
2026-06-07,2026-06-07 12:57:39,75,BV1aFVm6REvY,116685537281059,蜘蛛糸モノポリー,苏酥鱼鱼喵,MMD·3D,动画,25,113,645179,181,1437,128514,5123,47260,3678,1780480166,https://www.bilibili.com/video/BV1aFVm6REvY,http://i0.hdslb.com/bfs/archive/43aeddbc4a47c5117090dc56e61b94bb7a858ec0.jpg
2026-06-07,2026-06-07 12:57:39,76,BV15wVB6YECT,116678608359768,一顿饭只要三块钱，客人吃着吃着，人就“没了”,瞎通不设计了,美食侦探,美食,212,187,2438736,2505,6402,293387,170113,29134,4136,1780390800,https://www.bilibili.com/video/BV15wVB6YECT,http://i1.hdslb.com/bfs/archive/fd898a754bc3cf4317349a2b3c4394e104417434.jpg
2026-06-07,2026-06-07 12:57:39,77,BV1Qb7R6XECX,116687064072844,⚡冷 笑 话 大 全 6.0⚡,污污云,鬼畜调教,鬼畜,22,66,1507288,210,1060,108842,2078,43852,5478,1780545600,https://www.bilibili.com/video/BV1Qb7R6XECX,http://i2.hdslb.com/bfs/archive/edf5ec9306bef71931b52d5b0a961e13f1ecc966.jpg
2026-06-07,2026-06-07 12:57:39,78,BV1VD726iE1t,116698791282580,《猴王出事》,伤心欲茄222,搞笑,娱乐,138,103,1698939,1037,2966,128965,5143,6657,4675,1780718400,https://www.bilibili.com/video/BV1VD726iE1t,http://i1.hdslb.com/bfs/archive/2fa41f4d1af95817e553d8fd8c6eeb7fc16a9d82.jpg
2026-06-07,2026-06-07 12:57:39,79,BV1edV26tEsB,116685654722666,复仇整蛊！蛋黄派伪装摄影师突袭周深，几秒就被识破？,记录生活的蛋黄派,美食测评,美食,213,556,3372466,7591,3056,104923,31156,50183,3992,1780565400,https://www.bilibili.com/video/BV1edV26tEsB,http://i2.hdslb.com/bfs/archive/a16b60bc03719059e3218dee538877f554f3f9b4.jpg
2026-06-07,2026-06-07 12:57:39,80,BV1Zj7C6wEJY,116696845125445,织棉为布，非遗土布。用千年蓝染，重现极致的东方浪漫,花木紫Huamuz,手工,生活,161,401,1023195,1449,2232,79415,7393,7485,574,1780652882,https://www.bilibili.com/video/BV1Zj7C6wEJY,http://i0.hdslb.com/bfs/archive/753a39454d2f1455af84effb021941e20ad4c2c7.jpg
2026-06-07,2026-06-07 12:57:39,81,BV16sEc6SEwE,116692030070649,班级里的某些努力姐belike：,不懂爱的喵,AI音乐,AI音乐,265,81,2129163,605,4371,125248,586,9795,4175,1780579469,https://www.bilibili.com/video/BV16sEc6SEwE,http://i2.hdslb.com/bfs/archive/711ed87052e442f67c408a6e4e372e876c02a3f0.jpg
2026-06-07,2026-06-07 12:57:39,82,BV1yc7r6vE1C,116695905734805,关于我18岁为什么不去参加高考,我不是赤寒,日常,生活,21,126,1022935,1311,5925,114657,6093,12310,1651,1780638439,https://www.bilibili.com/video/BV1yc7r6vE1C,http://i1.hdslb.com/bfs/archive/294ac25c415d3dcaf5c46bbc02fb5df23da86784.jpg
2026-06-07,2026-06-07 12:57:39,83,BV1797X6ZEvW,116686158038804,真跳60分钟，天台暴晒也算时间哦,矮乐多Aliga,日常,生活,21,3639,1161464,1078,1693,64778,13175,22796,2679,1780490050,https://www.bilibili.com/video/BV1797X6ZEvW,http://i0.hdslb.com/bfs/archive/51a11a46ff9c8a78cf19a5444bd1f18bb0099c9d.jpg
2026-06-07,2026-06-07 12:57:39,84,BV1uE7d6JEAp,116688674624635,啥龙：医生说我只剩几天了……,小陈的脚凑凑的,日常,生活,21,181,1021080,1298,1656,74033,6019,17767,3599,1780528049,https://www.bilibili.com/video/BV1uE7d6JEAp,http://i1.hdslb.com/bfs/archive/e92886e4f49270b6f1a24481e0b0851d64e70fc4.jpg
2026-06-07,2026-06-07 12:57:39,85,BV19N7y6bE1e,116698455803490,全体起立鼓掌！人类发现了治癌症的新药！🤯,蜗牛的科技笔记,软件应用,软件应用,230,115,1028506,885,4507,93526,3448,15401,6272,1780677279,https://www.bilibili.com/video/BV19N7y6bE1e,http://i2.hdslb.com/bfs/archive/3b5f57bbd2f68b33097261f34d0cbb700b9439ce.jpg
2026-06-07,2026-06-07 12:57:39,86,BV1ZUEF65EzU,116690016801808,论画手的高三生活有多燃！,圆脸面包人,绘画,绘画,162,141,759977,320,615,90233,3203,13448,1783,1780548385,https://www.bilibili.com/video/BV1ZUEF65EzU,http://i2.hdslb.com/bfs/archive/d2c74006b8fe69158c1e24fb31690a791ce674d0.jpg
2026-06-07,2026-06-07 12:57:39,87,BV1vR7D6JEEm,116702566223209,全球吃席！自驾巴尔干婚礼，吃欧洲乡村大席,食贫道,日常,生活,21,3274,769852,4891,1302,73326,25979,10449,807,1780741089,https://www.bilibili.com/video/BV1vR7D6JEEm,http://i2.hdslb.com/bfs/archive/b23120503d27e3049c25e887901c19df17a98fe1.jpg
2026-06-07,2026-06-07 12:57:39,88,BV1uTEc6AEzV,116691963025070,以为这次断更，会是永别,ONLee_Studio,日常,生活,21,211,964320,1854,2609,65051,22344,4373,959,1780578368,https://www.bilibili.com/video/BV1uTEc6AEzV,http://i0.hdslb.com/bfs/archive/65223f1fb3bbe6f7b6e2b1e84b56584802350ec6.jpg
2026-06-07,2026-06-07 12:57:39,89,BV12QEc6wETE,116691744917719,“我想我再也不会谈恋爱了”,柯洁,影视剪辑,影视,183,34,1377289,992,4462,147391,6247,6967,6307,1780574976,https://www.bilibili.com/video/BV12QEc6wETE,http://i0.hdslb.com/bfs/archive/47071584488230edc82fe88b8fe9b87eb57cd115.jpg
2026-06-07,2026-06-07 12:57:39,90,BV1n17D6xEX2,116702331278408,这就是7JIA最强之人,杨齐家_,单机游戏,游戏,17,1221,1086128,4353,2014,72295,7058,8669,585,1780736508,https://www.bilibili.com/video/BV1n17D6xEX2,http://i1.hdslb.com/bfs/archive/63922fa2e9e8a18b95b8175a3bea61b0779794d1.jpg
2026-06-07,2026-06-07 12:57:39,91,BV1Nk7X6TEnq,116686023955827,半个小孩，全部的妈妈,超级猫猫兽,同人·手书,动画,47,483,1658999,1864,5029,136590,21771,59856,5005,1780487705,https://www.bilibili.com/video/BV1Nk7X6TEnq,http://i0.hdslb.com/bfs/archive/25cb3d6f6dd951590c71a8ea993463455554b0c6.jpg
2026-06-07,2026-06-07 12:57:39,92,BV1LLVU6eE1t,116684782373820,你到底娶不娶我…,ENX叉叉酱,同人·手书,动画,47,77,957862,1694,7097,181479,10653,18406,4859,1780484400,https://www.bilibili.com/video/BV1LLVU6eE1t,http://i0.hdslb.com/bfs/archive/cffaf3db4947fd6d7956bd49b83dcea884c3307b.jpg
2026-06-07,2026-06-07 12:57:39,93,BV1Xa7m6qEm7,116700217347938,意识深渊：我真的存在吗？,大圆镜科普,科学科普,知识,201,484,722693,1096,1553,65750,2158,12539,1128,1780704207,https://www.bilibili.com/video/BV1Xa7m6qEm7,http://i1.hdslb.com/bfs/archive/2d760490c4cfbae1c3b9168320f075ace66ad15a.jpg
2026-06-07,2026-06-07 12:57:39,94,BV18qVr6KEk8,116680554519472,一个投了3万元必火的视频,奥利奥利奥是1,日常,生活,21,46,1029466,1826,8794,248996,22927,26901,4682,1780405200,https://www.bilibili.com/video/BV18qVr6KEk8,http://i0.hdslb.com/bfs/archive/0c023b00bd1d3a694bdd40c9d19039f1436532b1.jpg
2026-06-07,2026-06-07 12:57:39,95,BV19J7r6HEV7,116695704276560,咕嘎吃掉了整个幼儿园的伙食,咕咕嘎画,搞笑,娱乐,138,46,1521303,127,1169,113960,5692,16687,3291,1780635229,https://www.bilibili.com/video/BV19J7r6HEV7,http://i0.hdslb.com/bfs/archive/6f27e7f3c76289f0fac5ed16261338d0a6c2d5f2.jpg
2026-06-07,2026-06-07 12:57:39,96,BV1YV7U6zEps,116699697254319,小登VS老登,灼眼的SABER哒,同人·手书,动画,47,63,768927,383,2020,101597,8159,33587,8061,1780718400,https://www.bilibili.com/video/BV1YV7U6zEps,http://i0.hdslb.com/bfs/archive/dce2758cd8546e893008888b88f215364194d4a7.jpg
2026-06-07,2026-06-07 12:57:39,97,BV1um7665EHP,116696325033953,谁是猜价超人？,小杨Johnson,搞笑,娱乐,138,621,1854625,1800,630,40933,10518,8235,566,1780650000,https://www.bilibili.com/video/BV1um7665EHP,http://i2.hdslb.com/bfs/archive/4a683ea3a122ada0dd88fb184da7439b6831fdfe.jpg
2026-06-07,2026-06-07 12:57:39,98,BV1BQ7r68Ejy,116695553280188,高考加油！！！,青柳尊哉,日常,生活,21,25,397828,4987,2678,154673,11494,11076,3345,1780650000,https://www.bilibili.com/video/BV1BQ7r68Ejy,http://i1.hdslb.com/bfs/archive/d2a9b7766bc4f672f01dd4b2805739df436bfc4b.jpg
2026-06-07,2026-06-07 12:57:39,99,BV1dY7Q6pEQZ,116701878291791,千里奔赴只为弥补40年前的遗憾,赛亚人阿廖,出行,生活,250,246,618383,1118,1071,79174,22332,8210,285,1780729530,https://www.bilibili.com/video/BV1dY7Q6pEQZ,http://i0.hdslb.com/bfs/archive/5f9f719eb1fb6326b0a2eabe298cd1484afab3e6.jpg
2026-06-07,2026-06-07 12:57:39,100,BV1kv7262EyU,116698623578210,公司给粉丝安排了30万的水上宫殿...,飓多多StormCrew,日常,生活,21,852,1070952,2933,1928,61853,14323,12603,1344,1780714800,https://www.bilibili.com/video/BV1kv7262EyU,http://i2.hdslb.com/bfs/archive/a59944bd6ce91c0bbc28d8c8b560e8b73c31e976.jpg
2026-06-07,2026-06-07 13:57:39,1,BV15iEc6VEfH,116691577216788,路边一块，也能变废为宝，雕刻出大家想要的题材我不知道什么时候天才会亮，但我知道，跑着跑着，天就亮了。,小梨家的和田玉,手工,生活,161,220,5758841,3668,10961,217286,7317,20758,3545,1780572193,https://www.bilibili.com/video/BV15iEc6VEfH,http://i2.hdslb.com/bfs/archive/c1597efe82d66a7f728f8bdd84505eff4b7f5ac9.jpg
2026-06-07,2026-06-07 13:57:39,2,BV1Qi7f6eE59,116690805395451,致敬每一个心中有花，努力奔跑的人,爱画画的子衿,亲子,生活,254,313,1650547,3304,3485,225369,113105,14828,3539,1780561800,https://www.bilibili.com/video/BV1Qi7f6eE59,http://i1.hdslb.com/bfs/archive/2c9cc3dd70d264a8473e46b8bebaad7db4d6ef2c.jpg
2026-06-07,2026-06-07 13:57:39,3,BV15C7k6REKC,116697197451293,公测定档7月 | 《遗忘之海》船员集结摇滚MV「燥」,遗忘之海,GMV,GMV,121,205,5007099,1101,1900,98617,75364,66119,4151,1780711200,https://www.bilibili.com/video/BV15C7k6REKC,http://i0.hdslb.com/bfs/archive/bef8db958217ad42ed011f4bf5d5d6c1cf3a4bad.jpg
2026-06-07,2026-06-07 13:57:39,4,BV17GEP6xEDW,116692348832614,新三国up锐评楚汉传奇01：是不是我打开的方式不太对？,吃蛋挞的折棒,影视杂谈,影视,182,1348,1446867,19384,11493,130015,125963,27124,10157,1780624800,https://www.bilibili.com/video/BV17GEP6xEDW,http://i2.hdslb.com/bfs/archive/4e5cd47c8551d2b66643e2800041b7ec2d3bf729.jpg
2026-06-07,2026-06-07 13:57:39,5,BV1w6EF6QEjZ,116690033778619,不看后悔！史上最神人店家！,转生成为毛毛,美食侦探,美食,212,186,3232095,3855,8870,167724,4725,28229,13910,1780563600,https://www.bilibili.com/video/BV1w6EF6QEjZ,http://i1.hdslb.com/bfs/archive/07cb98d8f59285212c90c7646739a87803bf06c0.jpg
2026-06-07,2026-06-07 13:57:39,6,BV19ZEF6MEBV,116690117464228,人在干坏事的时候是不怕苦不怕累的,我是易拉爆,日常,生活,21,309,2096259,1372,3841,197943,14217,29119,14341,1780550100,https://www.bilibili.com/video/BV19ZEF6MEBV,http://i2.hdslb.com/bfs/archive/5a3e59dd5183e87d69b1ad3224466b821bf05e23.jpg
2026-06-07,2026-06-07 13:57:39,7,BV1wEEc6REms,116692097238799,城市大富翁（5）,雨哥到处跑,日常,生活,21,3846,1547880,36285,5035,136397,111039,37141,4882,1780628700,https://www.bilibili.com/video/BV1wEEc6REms,http://i1.hdslb.com/bfs/archive/8628e50dc2e56aec5815c8e3f665d304cfe23d80.jpg
2026-06-07,2026-06-07 13:57:39,8,BV13s7z63EjV,116695016477738,《绝区零》3.0新地块实机演示,绝区零,手机游戏,游戏,172,599,1430860,9331,13635,124319,58250,22300,24814,1780624803,https://www.bilibili.com/video/BV13s7z63EjV,http://i0.hdslb.com/bfs/archive/ac132a13aed30f0b83ff50dfb56d83e2e518206a.jpg
2026-06-07,2026-06-07 13:57:39,9,BV1cu7r6FEPd,116696023045705,英国，沦为印度殖民地,平原公子,日常,生活,21,463,2729672,10877,7751,176668,7492,18668,17044,1780640137,https://www.bilibili.com/video/BV1cu7r6FEPd,http://i1.hdslb.com/bfs/archive/95ba7fb80bc2a46fc2c8f7ff69a08c57c40ef914.jpg
2026-06-07,2026-06-07 13:57:39,10,BV1rg7C6TEUm,116696912369911,一句“一氧化二氢”能钓出多少“读稿机”？,中国食品报融媒体,科学科普,知识,201,291,4047843,5705,19767,169610,13221,21218,13759,1780653928,https://www.bilibili.com/video/BV1rg7C6TEUm,http://i1.hdslb.com/bfs/archive/1081ed32a36e81bee443915a997ed5f2bd56badd.jpg
2026-06-07,2026-06-07 13:57:39,11,BV1df7r6REpB,116695469463690,如何在家制造浓汤宝,嘤武罗,日常,生活,21,501,3761692,3303,3047,163235,41571,38521,2431,1780650000,https://www.bilibili.com/video/BV1df7r6REpB,http://i2.hdslb.com/bfs/archive/94c85d2ebad9002fcbad0c7ef2f3c8a3f1ec6768.jpg
2026-06-07,2026-06-07 13:57:39,12,BV1WY7U6dEJ5,116699814693875,【微电影】人类文明的最后一届高考,最后讲述者,鬼畜剧场,鬼畜剧场,216,263,1665804,2261,4769,136308,14586,29905,6767,1780709400,https://www.bilibili.com/video/BV1WY7U6dEJ5,http://i2.hdslb.com/bfs/archive/40a717d48c3dbeb9559b00a07a88af6cfd5181fb.jpg
2026-06-07,2026-06-07 13:57:39,13,BV16DVz6UE77,116679229180052,如何拍出电影感大片,喜欢拍照的皮皮,日常,生活,21,60,3774392,353,2254,350282,12146,103058,8441,1780384052,https://www.bilibili.com/video/BV16DVz6UE77,http://i1.hdslb.com/bfs/archive/82ba23d6fb45244f769f8f127cfbe2f51afe67c8.jpg
2026-06-07,2026-06-07 13:57:39,14,BV1uXEA6gEMu,116692567070822,“别着急，我来给你补充「偶！像！能！量！」”,小耗owo,手机游戏,游戏,172,80,1102717,806,2276,219497,14269,48747,9907,1780624800,https://www.bilibili.com/video/BV1uXEA6gEMu,http://i1.hdslb.com/bfs/archive/64822f49e99e9fb8b41ba5e0f9e06f48d4b76446.jpg
2026-06-07,2026-06-07 13:57:39,15,BV1pDV86oE6S,116657217344637,热烈欢迎薛凯琪！工作之余，Fiona会带哪些让自己感到快乐的东西呢～（录完这期脑海里都是Fifi的笑声,papi酱,短片,动画,256,2017,1219561,10844,4566,124516,49329,15717,7081,1780632000,https://www.bilibili.com/video/BV1pDV86oE6S,http://i2.hdslb.com/bfs/archive/032f4048d6f94c465fc10972289999cf79f2572f.jpg
2026-06-07,2026-06-07 13:57:39,16,BV1Qt7X61Enn,116686241993999,百万英镑，但素质过低,青时晚,影视剪辑,影视,183,174,2184696,1867,2338,130738,10142,32822,13090,1780490956,https://www.bilibili.com/video/BV1Qt7X61Enn,http://i0.hdslb.com/bfs/archive/1573985b4950f4d1001b3a21a50adab722b0a0f1.jpg
2026-06-07,2026-06-07 13:57:39,17,BV1T9Vm6UE2N,116684681647760,《古剑》3分钟战斗实机 | 线下试玩招募开启,古剑,单机游戏,游戏,17,168,3912836,3039,9310,67825,43479,25575,20869,1780698215,https://www.bilibili.com/video/BV1T9Vm6UE2N,http://i0.hdslb.com/bfs/archive/d18a0e2a80905c1a2bfe0d000c3ca47aa1548899.jpg
2026-06-07,2026-06-07 13:57:39,18,BV1kCVU65ERM,116669112386149,初中生斗胆跳一段jam,特崮斯,篮球,运动,235,45,6431915,9308,18605,1235563,201333,130916,19255,1780229707,https://www.bilibili.com/video/BV1kCVU65ERM,http://i1.hdslb.com/bfs/archive/5871a66dc8e356ff71da4a6d99d5922b4a6a3fce.jpg
2026-06-07,2026-06-07 13:57:39,19,BV1sC7R6VEF3,116687181451048,【侯绿萝】视频加载中，速速查收惊喜！,侯绿萝,小剧场,娱乐,85,233,1855873,1441,1395,176871,10385,14608,1788,1780538400,https://www.bilibili.com/video/BV1sC7R6VEF3,http://i0.hdslb.com/bfs/archive/e40df1469a3bc68659f30a77b0e0801ae88938bb.jpg
2026-06-07,2026-06-07 13:57:39,20,BV1PP7C63E2J,116696710912022,《师》我回母校当老师,阿廖沙别害怕_,搞笑,娱乐,138,296,1663920,472,993,159106,4256,12294,556,1780650587,https://www.bilibili.com/video/BV1PP7C63E2J,http://i0.hdslb.com/bfs/archive/b04455fde128b88ff0a92e264778512242510bc9.jpg
2026-06-07,2026-06-07 13:57:39,21,BV168796PEv1,116685839403735,如此仙音唯有挠臭,lulu和露爸,喵星人,喵星人,218,26,4712710,16802,5649,592062,16425,115089,24748,1780484850,https://www.bilibili.com/video/BV168796PEv1,http://i1.hdslb.com/bfs/archive/87f3ce4876a2e50e34a2c1b24dfe10ae34700a55.jpg
2026-06-07,2026-06-07 13:57:39,22,BV1uX7k6UENx,116696761239484,巨构：没有告别,巨构ai,网络游戏,游戏,65,19,2562846,4751,6645,419454,19560,141510,5979,1780651506,https://www.bilibili.com/video/BV1uX7k6UENx,http://i0.hdslb.com/bfs/archive/1422e60b2923b373953bd4ce6433b6f0e91f9501.jpg
2026-06-07,2026-06-07 13:57:39,23,BV1gsEw6zExs,116691040208641,你的高考/中考/期末考belike,哈基mer-猫meme,搞笑,娱乐,138,22,730305,27432,2218,260661,28722,53518,4957,1780564012,https://www.bilibili.com/video/BV1gsEw6zExs,http://i2.hdslb.com/bfs/archive/4f76f8d127f1c6d5a990c89a161f10356e783cd4.jpg
2026-06-07,2026-06-07 13:57:39,24,BV1s7V46XEix,116655590017716,评论区摄影大赛之火遍全网的佳作篇，本期有锐评系列也有破败与新生佳作，欢迎投稿好的作品会让更多人看到。,摄影恩哥,日常,生活,21,124,3341346,1262,6710,216179,1323,15152,619,1780738200,https://www.bilibili.com/video/BV1s7V46XEix,http://i1.hdslb.com/bfs/archive/58aada2ca9cd83b3f4d86b331759b2c832c8bcb4.jpg
2026-06-07,2026-06-07 13:57:39,25,BV1gWEw6gE4X,116691056987748,“这种没流量的画画最狠了”,像风如你o_O,日常,生活,21,25,2203070,660,3277,272408,7418,23120,1087,1780564358,https://www.bilibili.com/video/BV1gWEw6gE4X,http://i0.hdslb.com/bfs/archive/96621cf035234fbf3c3d6f498d6f4d5eae388c12.jpg
2026-06-07,2026-06-07 13:57:39,26,BV1GHEw6rEo4,116691140875979,无能的杰哥,神威-狗剩,影视剪辑,影视,183,154,2765340,1845,3685,134379,7874,24508,26707,1780565876,https://www.bilibili.com/video/BV1GHEw6rEo4,http://i2.hdslb.com/bfs/archive/0814d03bdf68a6a83cba4b8ba18fa6d58d6de912.jpg
2026-06-07,2026-06-07 13:57:39,27,BV16kV26TES7,116685470175022,当父母说出了正确答案：,进击的金厂长,搞笑,娱乐,138,129,5738361,2330,2393,387542,142579,183685,3107,1780479155,https://www.bilibili.com/video/BV16kV26TES7,http://i0.hdslb.com/bfs/archive/982b25c4ef21fb08f77ae933c89f4b99d5b0c86a.jpg
2026-06-07,2026-06-07 13:57:39,28,BV1xU7f6xEjt,116690939546284,CF单机叙事续作——《穿越火线：潜伏》实机首曝,穿越火线潜伏,单机游戏,游戏,17,308,4362072,1495,4855,108008,6837,21416,11645,1780696800,https://www.bilibili.com/video/BV1xU7f6xEjt,http://i0.hdslb.com/bfs/archive/140a4abb0c80a2aa1e7cb7126c978567b667ed12.jpg
2026-06-07,2026-06-07 13:57:39,29,BV1yiEF6WErx,116690419585062,奶香馒头,夏叔厨房,美食制作,美食,76,76,1682130,923,7214,216203,7455,18924,1125,1780554601,https://www.bilibili.com/video/BV1yiEF6WErx,http://i1.hdslb.com/bfs/archive/82992eb9cddf1a5a5e5e77e481db8626c6005de9.jpg
2026-06-07,2026-06-07 13:57:39,30,BV1XEV26XEsz,116683641455201,冠以破碎之名：第一集 冰潮寒雨之夏,Xavier_白昼,综合,综合,27,1106,1369608,1819,2421,103395,22085,63852,3520,1780451269,https://www.bilibili.com/video/BV1XEV26XEsz,http://i0.hdslb.com/bfs/archive/edb3c2a03146bbc3390581aa30c41b8e3c3ab846.jpg
2026-06-07,2026-06-07 13:57:39,31,BV1ZREP6dEcU,116693758117714,扫落叶全清洁100%速通39分03秒leaf it alone,闲云豹,单机游戏,游戏,17,2367,1258066,1421,2043,108354,11524,22608,4559,1780605809,https://www.bilibili.com/video/BV1ZREP6dEcU,http://i1.hdslb.com/bfs/archive/310db23466f62e9399f25f92c8d2b0af953476d6.jpg
2026-06-07,2026-06-07 13:57:39,32,BV1XQ7Z6eEki,116689412819066,特朗普的愤怒,燕三嘤嘤嘤,人文历史,知识,228,1133,2903129,10742,4877,142375,34331,20590,2758,1780545020,https://www.bilibili.com/video/BV1XQ7Z6eEki,http://i0.hdslb.com/bfs/archive/d106118a7a33e310838a2e387ce511583c5a7a62.jpg
2026-06-07,2026-06-07 13:57:39,33,BV1WT7C6uEj8,116696878749194,猫 咪 的 花 语 是 老 吴🎵,幾加乘,同人·手书,动画,47,259,1474005,1547,2926,110486,16366,22786,9736,1780653131,https://www.bilibili.com/video/BV1WT7C6uEj8,http://i0.hdslb.com/bfs/archive/ad354ddb8c2e2bf697327dc182835b3d6014f4b1.jpg
2026-06-07,2026-06-07 13:57:39,34,BV1jeEc6yE75,116691593992011,《你说谁错谁就错，因为你开迈巴赫》,嘞是唐孃孃,搞笑,娱乐,138,34,3045216,177,1966,231460,3134,15398,1260,1780572588,https://www.bilibili.com/video/BV1jeEc6yE75,http://i0.hdslb.com/bfs/archive/cc74080d84744d7622f9f9dd492a1583e00aaed7.jpg
2026-06-07,2026-06-07 13:57:39,35,BV16w7D6RERW,116700921988742,007看后:追逐战？,MEspace天植,绘画,绘画,162,49,2040337,221,865,201605,18687,34404,1695,1780714922,https://www.bilibili.com/video/BV16w7D6RERW,http://i2.hdslb.com/bfs/archive/f35dab38094910739815ae6424bcceee9316f8f7.jpg
2026-06-07,2026-06-07 13:57:39,36,BV1xR7S6hEkB,116700804683368,菲比：就你们寝室最吵！！,Lm海洋,音乐综合,音乐,130,262,786004,551,2887,66422,48179,29122,10437,1780713190,https://www.bilibili.com/video/BV1xR7S6hEkB,http://i1.hdslb.com/bfs/archive/348cd3608f962369b093721ee90e2515a127a833.jpg
2026-06-07,2026-06-07 13:57:39,37,BV12R7Q6MEJX,116686543914174,你说你有点难追～,未知艺术家_611,搞笑,娱乐,138,30,2673032,227,2007,243822,2962,25406,3763,1780495648,https://www.bilibili.com/video/BV12R7Q6MEJX,http://i2.hdslb.com/bfs/archive/aeaf33a25e079b26433a425ee56ac24f566861d7.jpg
2026-06-07,2026-06-07 13:57:39,38,BV1F7716gE1d,116697667213269,不降 |《归唐》夏日游戏节剧情初窥预告,归唐,单机游戏,游戏,17,195,4870365,2120,7356,114806,3549,11835,5969,1780694417,https://www.bilibili.com/video/BV1F7716gE1d,http://i1.hdslb.com/bfs/archive/ee1e7f11e5576321abd715ef6582c5b5fe323c2d.jpg
2026-06-07,2026-06-07 13:57:39,39,BV1Ja7k6AE1b,116697063235411,我又给花朵加了个开关！,是玉木呀,设计·创意,设计·创意,229,104,965844,483,773,153029,17232,30546,3114,1780656042,https://www.bilibili.com/video/BV1Ja7k6AE1b,http://i0.hdslb.com/bfs/archive/c05470a618fc67ee60cb9df153eb5ad6d3c8ce08.jpg
2026-06-07,2026-06-07 13:57:39,40,BV1bV7k6LExn,116697264560365,再见！一系列！高考必胜！,一数,校园学习,知识,208,193,839009,28302,14288,80981,31987,17031,5536,1780659292,https://www.bilibili.com/video/BV1bV7k6LExn,http://i2.hdslb.com/bfs/archive/5df66240b2b71ca2bc6ce697e929657b1b1df5a4.jpg
2026-06-07,2026-06-07 13:57:39,41,BV1hG7y69Ej2,116698036313694,史上最骚特工(第二集),老番茄,单机游戏,游戏,17,842,1671982,2882,1637,114026,37285,30550,1897,1780716600,https://www.bilibili.com/video/BV1hG7y69Ej2,http://i2.hdslb.com/bfs/archive/c4778bfde8d395e0f91e2f746393736302e8205c.jpg
2026-06-07,2026-06-07 13:57:39,42,BV1TR766zEvE,116695972714489,在沙漠里种了1800万棵树，然后呢？,影视飓风,娱乐粉丝创作,娱乐,242,756,2187786,8286,2546,123591,49337,22730,2169,1780650000,https://www.bilibili.com/video/BV1TR766zEvE,http://i1.hdslb.com/bfs/archive/af434541e40c0402ac850fc6783faa3ed5bfdda9.jpg
2026-06-07,2026-06-07 13:57:39,43,BV1R7Ew65ERR,116691124229360,当爸爸找亲戚买手机,刘鸿哥哥,小剧场,娱乐,85,119,2315544,933,2843,157026,1386,8428,1686,1780565630,https://www.bilibili.com/video/BV1R7Ew65ERR,http://i0.hdslb.com/bfs/archive/5e4feb10a7cf9e178bf7e9a619d62843bc5ae8b2.jpg
2026-06-07,2026-06-07 13:57:39,44,BV1EwEF62EhA,116690721443492,当校长挑选教室地板时,Cheems电玩屋,日常,生活,21,18,4637924,756,4550,188346,930,6981,459,1780559484,https://www.bilibili.com/video/BV1EwEF62EhA,http://i0.hdslb.com/bfs/archive/8916553504d48aec3ba5ad2bdfeec5fcf7eefc1c.jpg
2026-06-07,2026-06-07 13:57:39,45,BV1UV7k6LEUG,116697264627213,航天会刷典狱长？！【三角洲动画】,手折余弦丶,电子竞技,游戏,171,300,1053516,1187,1252,87423,9317,21734,2498,1780659017,https://www.bilibili.com/video/BV1UV7k6LEUG,http://i0.hdslb.com/bfs/archive/eb575db6391346950b2623259e6c0c6469239e03.jpg
2026-06-07,2026-06-07 13:57:39,46,BV1DB7f6AEBK,116690989942959,最 不 物 质 之 人,张八筒筒,日常,生活,21,127,2359252,880,906,166048,1477,8514,821,1780563943,https://www.bilibili.com/video/BV1DB7f6AEBK,http://i1.hdslb.com/bfs/archive/612e05a8e02454bd4e3723991d4808f061b1c188.jpg
2026-06-07,2026-06-07 13:57:39,47,BV1um7665EpW,116696325033820,讷,水生植物人owo,日常,生活,21,16,1080114,727,5541,154724,3895,40323,14324,1780644714,https://www.bilibili.com/video/BV1um7665EpW,http://i2.hdslb.com/bfs/archive/ce971f171b1f22d061819b3fea882f5d4af2a608.jpg
2026-06-07,2026-06-07 13:57:39,48,BV1W6VZ6MEbd,116674313328609,🍄欠揍气球🍄,纸片马力欧,日常,生活,21,40,4218130,5258,9837,493327,38498,260749,75529,1780309043,https://www.bilibili.com/video/BV1W6VZ6MEbd,http://i0.hdslb.com/bfs/archive/3d18bae01c4fc365d9e7e0ede5efb926e32115ad.jpg
2026-06-07,2026-06-07 13:57:39,49,BV15v7S65EWD,116701022717876,挑战给历史故事打tag（标签）,混饭达人,娱乐杂谈,娱乐杂谈,241,77,2326060,1273,1726,174568,3695,19482,10056,1780716510,https://www.bilibili.com/video/BV15v7S65EWD,http://i2.hdslb.com/bfs/archive/1845b193e356ee0f6b686419e20cc96fe1678367.jpg
2026-06-07,2026-06-07 13:57:39,50,BV1yo7B68EHX,116695117207554,《鸣潮》×《赛博朋克：边缘行者》共鸣者战斗演示 | 露西,鸣潮,单机游戏,游戏,17,283,2238657,2366,8263,77810,23960,13611,14630,1780628400,https://www.bilibili.com/video/BV1yo7B68EHX,http://i2.hdslb.com/bfs/archive/61426f2876187b9326f1b732fdea7044e08d7ea3.jpg
2026-06-07,2026-06-07 13:57:39,51,BV1pnVm6GEQG,116685386483651,“当bro以为自己很有影响力时…”,林宇辉,社科·法律·心理,知识,124,16,900627,480,1974,260654,10550,34082,1234,1780478075,https://www.bilibili.com/video/BV1pnVm6GEQG,http://i1.hdslb.com/bfs/archive/02329b4beff89227f0f34b10ef7ca21a2b920c65.jpg
2026-06-07,2026-06-07 13:57:39,52,BV1L7Ew65ETv,116691124098703,我养护的石拱桥，已经被国家收录为不可移动文物！,抓紧长长长呀,三农,生活,251,604,1742446,1082,2056,120882,6885,9087,465,1780565746,https://www.bilibili.com/video/BV1L7Ew65ETv,http://i1.hdslb.com/bfs/archive/56f52737bc566db19c5316ccdcc3b87cc81709e0.jpg
2026-06-07,2026-06-07 13:57:39,53,BV1nWVm6uEqb,116685285624503,我吃牛瘪火锅 结果买错牛胃了,张离谱Dreams,搞笑,娱乐,138,97,2414786,1234,3431,160291,2853,43570,11814,1780476405,https://www.bilibili.com/video/BV1nWVm6uEqb,http://i0.hdslb.com/bfs/archive/6f4f02f224993a1933f3e515e84d84edb5ca3808.jpg
2026-06-07,2026-06-07 13:57:39,54,BV1jz7k6tEkL,116696979347018,教程来啦兄弟们 拍起来,是柳宗元,电子竞技,游戏,171,46,2145291,176,852,162689,2755,24522,1288,1780654702,https://www.bilibili.com/video/BV1jz7k6tEkL,http://i0.hdslb.com/bfs/archive/becaa38ea9e7437bed18411340db6d5da7f4cd54.jpg
2026-06-07,2026-06-07 13:57:39,55,BV1vEEP6HEFw,116692281789801,2025年出货量370万台！激光雷达真成“安全气囊”了？,保镖的车库,新能源车,新能源车,247,606,1440767,505,656,103764,3074,10748,379,1780653900,https://www.bilibili.com/video/BV1vEEP6HEFw,http://i1.hdslb.com/bfs/archive/76872e6b743f73527ee70c89a75c39214a868540.jpg
2026-06-07,2026-06-07 13:57:39,56,BV1jwV663EjR,116679380112598,我的世界杯主题曲！IShowSpeed - World Cup (Champions),ishowspeedsui,竞技体育,运动,236,299,4711122,2506,10800,259975,47980,46344,15446,1780386563,https://www.bilibili.com/video/BV1jwV663EjR,http://i2.hdslb.com/bfs/archive/2807f6a9b9342740dfa8764e7bcc6e231196c94f.jpg
2026-06-07,2026-06-07 13:57:39,57,BV1bwV161Er2,116684413209270,【aespa】LEMONNNN,aespa,音乐综合,音乐,130,11,6648352,12652,25144,127625,30334,14921,8513,1780475400,https://www.bilibili.com/video/BV1bwV161Er2,http://i1.hdslb.com/bfs/archive/1e63fbee388c793dc0403c872eefb52a8d7d8615.jpg
2026-06-07,2026-06-07 13:57:39,58,BV1JAEw69EUS,116691342200777,生完宝宝之后我再也不敢得罪我老公了，因为……,笑哥走丢了a,亲子,生活,254,89,2084228,817,6606,159747,2926,7725,1766,1780568869,https://www.bilibili.com/video/BV1JAEw69EUS,http://i2.hdslb.com/bfs/archive/2496ecbfca22198efdffe5b1855ea840b90edb2a.jpg
2026-06-07,2026-06-07 13:57:39,59,BV1JKEw6QEw9,116691509970719,我读了你们的评论 把阎王召唤出来了T_T,汤木檀泽,日常,生活,21,959,1842032,1471,1618,112606,6685,17501,537,1780571268,https://www.bilibili.com/video/BV1JKEw6QEw9,http://i1.hdslb.com/bfs/archive/0b6c7ccb214b6211a4cf9a8741eb473536e42587.jpg
2026-06-07,2026-06-07 13:57:39,60,BV1mhV26yETL,116683775678542,科比的哲学启示录第十四期,蟹不肉丨,影视剪辑,影视,183,74,5317183,1204,7053,326994,16422,86029,15493,1780453236,https://www.bilibili.com/video/BV1mhV26yETL,http://i0.hdslb.com/bfs/archive/738134aa027bf05aa3f3843c528db81f3d78307d.jpg
2026-06-07,2026-06-07 13:57:39,61,BV15z766SE1A,116696341812776,假如高考什么都可以带,小安苒AIGC,校园学习,知识,208,177,2124270,2554,2471,88758,2195,6774,1645,1780646400,https://www.bilibili.com/video/BV15z766SE1A,http://i2.hdslb.com/bfs/archive/ed743a6a86446310a9957bce92faa671a082a6d8.jpg
2026-06-07,2026-06-07 13:57:39,62,BV1xdEc6bEcK,116691426088191,肉食脑袋的硬菜局！爆辣猪蹄+火锅鸡泡面香迷糊,方芳的快乐生活,美食侦探,美食,212,1134,1817467,1467,866,84429,10406,14502,2936,1780571551,https://www.bilibili.com/video/BV1xdEc6bEcK,http://i1.hdslb.com/bfs/archive/bdc078c74f5e0987fffca10262d6ced73d562c27.jpg
2026-06-07,2026-06-07 13:57:39,63,BV15W7C6tEyc,116696425766532,送你一片夕阳！,困雀雀,仿妆cos,时尚,252,36,532550,135,2172,158079,8311,28288,2480,1780646468,https://www.bilibili.com/video/BV15W7C6tEyc,http://i2.hdslb.com/bfs/archive/86973af2078693bfe5fc81d4dae783648e7fb904.jpg
2026-06-07,2026-06-07 13:57:39,64,BV1uX7k6UEPn,116696761239539,把硬装的喊过来！,脱缰凯Kk,小剧场,娱乐,85,219,1215870,1549,1583,90011,2929,9417,637,1780651876,https://www.bilibili.com/video/BV1uX7k6UEPn,http://i1.hdslb.com/bfs/archive/1a5306b127f7814fe75bc726966f0f675fcb7e33.jpg
2026-06-07,2026-06-07 13:57:39,65,BV1VWVz6TELx,116679598147712,星际穿越的我，试图提醒过去的自己....,考研英语大雁,校园学习,知识,208,33,3222019,708,2490,411034,9412,53590,7078,1780389685,https://www.bilibili.com/video/BV1VWVz6TELx,http://i0.hdslb.com/bfs/archive/5822709cbd5c2a8a09fabc50bcfdcfc29859f9a1.jpg
2026-06-07,2026-06-07 13:57:39,66,BV1xZ7k6LESp,116696778084201,“哎呀 我们的主角倒下啦～”,西门小昭,综合,综合,27,30,674831,111,991,129572,8787,51598,2244,1780655400,https://www.bilibili.com/video/BV1xZ7k6LESp,http://i2.hdslb.com/bfs/archive/2c5c6c548ed488771077293e2f7bfcfb435e4744.jpg
2026-06-07,2026-06-07 13:57:39,67,BV1tV7k6LEyH,116697264556028,你或许不认识我 但我唱的歌你或许？？听过？,喵☆酱,翻唱,音乐,31,443,487476,4569,2161,101424,6770,14129,1158,1780659262,https://www.bilibili.com/video/BV1tV7k6LEyH,http://i1.hdslb.com/bfs/archive/f27fa302b117dedb6f353c75770d440ca8982c33.jpg
2026-06-07,2026-06-07 13:57:39,68,BV1QzVR63E3L,116671930963542,回忆永远都是加分项,央视新闻,日常,生活,21,184,3708838,29168,24290,648020,250427,197600,60672,1780286400,https://www.bilibili.com/video/BV1QzVR63E3L,http://i2.hdslb.com/bfs/archive/f4dc3fe8ea88a450877315e867b4995121d5dbf6.jpg
2026-06-07,2026-06-07 13:57:39,69,BV13HEw6rEhc,116691140873202,接龙游戏开发，但都绷住了,M木糖M,单机游戏,游戏,17,933,1365751,1359,901,69812,10010,12836,1127,1780630200,https://www.bilibili.com/video/BV13HEw6rEhc,http://i2.hdslb.com/bfs/archive/1083ae38f0917802668505e94ed2fe06226cc58b.jpg
2026-06-07,2026-06-07 13:57:39,70,BV1MtEF6fEga,116690436233152,全国男生统一迷惑行为,王小洋-已黑化,日常,生活,21,446,944246,2879,1989,77596,1762,14265,2191,1780567200,https://www.bilibili.com/video/BV1MtEF6fEga,http://i1.hdslb.com/bfs/archive/696e0beeae3b0520b2aeae3a4aa24c0eeb689fcd.jpg
2026-06-07,2026-06-07 13:57:39,71,BV1RvVo6QEqo,116674682426936,不儿，你俩来真的啊？！,主持人yoyo酱,搞笑,娱乐,138,265,5846028,16550,12617,699977,528076,127204,14766,1780314627,https://www.bilibili.com/video/BV1RvVo6QEqo,http://i1.hdslb.com/bfs/archive/e8bde3297455f3796e516de2362d5eb1085d9abf.jpg
2026-06-07,2026-06-07 13:57:39,72,BV1usEw6zEiy,116691040210390,【餐馆TV】UP今天发烧了……作品会不会受影响啊,大乾乾是顾乾宇,小剧场,娱乐,85,141,889138,1680,2734,102937,3234,12577,7344,1780564633,https://www.bilibili.com/video/BV1usEw6zEiy,http://i1.hdslb.com/bfs/archive/6d69be5e1f22dec4058e90f795df2ff7c21e4a91.jpg
2026-06-07,2026-06-07 13:57:39,73,BV19J7r6HESb,116695704274527,【抱佛脚】高考语文！选择题？最后一课！,学过石油的语文老师,校园学习,知识,208,1200,864265,36945,11272,41673,16801,20618,4061,1780660800,https://www.bilibili.com/video/BV19J7r6HESb,http://i0.hdslb.com/bfs/archive/f8d05a7621ff85694f1ddb7ac6c3c775b0e01965.jpg
2026-06-07,2026-06-07 13:57:39,74,BV1vR7D6JEEm,116702566223209,全球吃席！自驾巴尔干婚礼，吃欧洲乡村大席,食贫道,日常,生活,21,3274,816641,5197,1359,78203,28012,10922,861,1780741089,https://www.bilibili.com/video/BV1vR7D6JEEm,http://i2.hdslb.com/bfs/archive/b23120503d27e3049c25e887901c19df17a98fe1.jpg
2026-06-07,2026-06-07 13:57:39,75,BV1VD726iE1t,116698791282580,《猴王出事》,伤心欲茄222,搞笑,娱乐,138,103,1751325,1059,3043,132887,5261,6845,4794,1780718400,https://www.bilibili.com/video/BV1VD726iE1t,http://i1.hdslb.com/bfs/archive/2fa41f4d1af95817e553d8fd8c6eeb7fc16a9d82.jpg
2026-06-07,2026-06-07 13:57:39,76,BV1hAVm6XEE2,116685570836474,【传奇耐熬王】经典排骨💀60天仍然有5人存活💪到最后拼的就是谁身体好！🤦‍♂️,-超级小能猫-,搞笑,娱乐,138,2617,2404692,14501,2960,88052,19315,43278,4016,1780481719,https://www.bilibili.com/video/BV1hAVm6XEE2,http://i0.hdslb.com/bfs/archive/dc3782f8b522707e818c2537030e1b8893332367.jpg
2026-06-07,2026-06-07 13:57:39,77,BV1Qb7R6XECX,116687064072844,⚡冷 笑 话 大 全 6.0⚡,污污云,鬼畜调教,鬼畜,22,66,1522245,213,1068,109892,2117,44243,5548,1780545600,https://www.bilibili.com/video/BV1Qb7R6XECX,http://i2.hdslb.com/bfs/archive/edf5ec9306bef71931b52d5b0a961e13f1ecc966.jpg
2026-06-07,2026-06-07 13:57:39,78,BV1Zj7C6wEJY,116696845125445,织棉为布，非遗土布。用千年蓝染，重现极致的东方浪漫,花木紫Huamuz,手工,生活,161,401,1055355,1482,2264,81534,7639,7732,590,1780652882,https://www.bilibili.com/video/BV1Zj7C6wEJY,http://i0.hdslb.com/bfs/archive/753a39454d2f1455af84effb021941e20ad4c2c7.jpg
2026-06-07,2026-06-07 13:57:39,79,BV19N7y6bE1e,116698455803490,全体起立鼓掌！人类发现了治癌症的新药！🤯,蜗牛的科技笔记,软件应用,软件应用,230,115,1068824,915,4744,97639,3616,16100,6550,1780677279,https://www.bilibili.com/video/BV19N7y6bE1e,http://i2.hdslb.com/bfs/archive/3b5f57bbd2f68b33097261f34d0cbb700b9439ce.jpg
2026-06-07,2026-06-07 13:57:39,80,BV1wE7m67EAF,116700569671653,“我在成华大道「拼接遗憾」”,Dieorite,人力VOCALOID,人力VOCALOID,126,116,430197,1841,1214,100081,21700,29648,1706,1780709690,https://www.bilibili.com/video/BV1wE7m67EAF,http://i1.hdslb.com/bfs/archive/b7a88bfce9322211ddb670d69d549967dba6591e.jpg
2026-06-07,2026-06-07 13:57:39,81,BV15wVB6YECT,116678608359768,一顿饭只要三块钱，客人吃着吃着，人就“没了”,瞎通不设计了,美食侦探,美食,212,187,2451706,2512,6412,294363,170658,29361,4143,1780390800,https://www.bilibili.com/video/BV15wVB6YECT,http://i1.hdslb.com/bfs/archive/fd898a754bc3cf4317349a2b3c4394e104417434.jpg
2026-06-07,2026-06-07 13:57:39,82,BV1edV26tEsB,116685654722666,复仇整蛊！蛋黄派伪装摄影师突袭周深，几秒就被识破？,记录生活的蛋黄派,美食测评,美食,213,556,3382156,7606,3059,105323,31250,50352,4003,1780565400,https://www.bilibili.com/video/BV1edV26tEsB,http://i2.hdslb.com/bfs/archive/a16b60bc03719059e3218dee538877f554f3f9b4.jpg
2026-06-07,2026-06-07 13:57:39,83,BV1aFVm6REvY,116685537281059,蜘蛛糸モノポリー,苏酥鱼鱼喵,MMD·3D,动画,25,113,647662,181,1441,129092,5155,47460,3696,1780480166,https://www.bilibili.com/video/BV1aFVm6REvY,http://i0.hdslb.com/bfs/archive/43aeddbc4a47c5117090dc56e61b94bb7a858ec0.jpg
2026-06-07,2026-06-07 13:57:39,84,BV16sEc6SEwE,116692030070649,班级里的某些努力姐belike：,不懂爱的喵,AI音乐,AI音乐,265,81,2149032,609,4390,126104,596,9860,4227,1780579469,https://www.bilibili.com/video/BV16sEc6SEwE,http://i2.hdslb.com/bfs/archive/711ed87052e442f67c408a6e4e372e876c02a3f0.jpg
2026-06-07,2026-06-07 13:57:39,85,BV1yc7r6vE1C,116695905734805,关于我18岁为什么不去参加高考,我不是赤寒,日常,生活,21,126,1031352,1332,5950,115578,6141,12385,1665,1780638439,https://www.bilibili.com/video/BV1yc7r6vE1C,http://i1.hdslb.com/bfs/archive/294ac25c415d3dcaf5c46bbc02fb5df23da86784.jpg
2026-06-07,2026-06-07 13:57:39,86,BV1dY7Q6pEQZ,116701878291791,千里奔赴只为弥补40年前的遗憾,赛亚人阿廖,出行,生活,250,246,656709,1179,1131,83577,23397,8731,299,1780729530,https://www.bilibili.com/video/BV1dY7Q6pEQZ,http://i0.hdslb.com/bfs/archive/5f9f719eb1fb6326b0a2eabe298cd1484afab3e6.jpg
2026-06-07,2026-06-07 13:57:39,87,BV1797X6ZEvW,116686158038804,真跳60分钟，天台暴晒也算时间哦,矮乐多Aliga,日常,生活,21,3639,1163900,1087,1698,64969,13205,22856,2684,1780490050,https://www.bilibili.com/video/BV1797X6ZEvW,http://i0.hdslb.com/bfs/archive/51a11a46ff9c8a78cf19a5444bd1f18bb0099c9d.jpg
2026-06-07,2026-06-07 13:57:39,88,BV1uTEc6AEzV,116691963025070,以为这次断更，会是永别,ONLee_Studio,日常,生活,21,211,971100,1886,2633,65633,22495,4406,965,1780578368,https://www.bilibili.com/video/BV1uTEc6AEzV,http://i0.hdslb.com/bfs/archive/65223f1fb3bbe6f7b6e2b1e84b56584802350ec6.jpg
2026-06-07,2026-06-07 13:57:39,89,BV1n17D6xEX2,116702331278408,这就是7JIA最强之人,杨齐家_,单机游戏,游戏,17,1221,1204324,4440,2070,75996,7290,9485,607,1780736508,https://www.bilibili.com/video/BV1n17D6xEX2,http://i1.hdslb.com/bfs/archive/63922fa2e9e8a18b95b8175a3bea61b0779794d1.jpg
2026-06-07,2026-06-07 13:57:39,90,BV1Xa7m6qEm7,116700217347938,意识深渊：我真的存在吗？,大圆镜科普,科学科普,知识,201,484,746097,1121,1612,68307,2224,12949,1159,1780704207,https://www.bilibili.com/video/BV1Xa7m6qEm7,http://i1.hdslb.com/bfs/archive/2d760490c4cfbae1c3b9168320f075ace66ad15a.jpg
2026-06-07,2026-06-07 13:57:39,91,BV12QEc6wETE,116691744917719,“我想我再也不会谈恋爱了”,柯洁,影视剪辑,影视,183,34,1385130,1007,4475,148316,6276,7004,6342,1780574976,https://www.bilibili.com/video/BV12QEc6wETE,http://i0.hdslb.com/bfs/archive/47071584488230edc82fe88b8fe9b87eb57cd115.jpg
2026-06-07,2026-06-07 13:57:39,92,BV1YV7U6zEps,116699697254319,小登VS老登,灼眼的SABER哒,同人·手书,动画,47,63,798500,390,2088,104775,8409,34553,8307,1780718400,https://www.bilibili.com/video/BV1YV7U6zEps,http://i0.hdslb.com/bfs/archive/dce2758cd8546e893008888b88f215364194d4a7.jpg
2026-06-07,2026-06-07 13:57:39,93,BV1uE7d6JEAp,116688674624635,啥龙：医生说我只剩几天了……,小陈的脚凑凑的,日常,生活,21,181,1024766,1314,1663,74426,6038,17836,3612,1780528049,https://www.bilibili.com/video/BV1uE7d6JEAp,http://i1.hdslb.com/bfs/archive/e92886e4f49270b6f1a24481e0b0851d64e70fc4.jpg
2026-06-07,2026-06-07 13:57:39,94,BV15d7D6UE4i,116702549379788,世界杯期间不抓移民？那这世界杯不是白办了吗,麻薯波比呀,社科·法律·心理,知识,124,995,981129,5331,2476,63918,8650,8025,1399,1780740025,https://www.bilibili.com/video/BV15d7D6UE4i,http://i2.hdslb.com/bfs/archive/91940674117acf43b95f7a6e2e7ab686470cc3ea.jpg
2026-06-07,2026-06-07 13:57:39,95,BV17q7y6qEeG,116697767874225,当代牢大学生论文现状belike：,黑曼波语录,鬼畜调教,鬼畜,22,78,972529,197,1255,70898,2112,48865,5206,1780716900,https://www.bilibili.com/video/BV17q7y6qEeG,http://i2.hdslb.com/bfs/archive/a42866374c2dd87fd5093121386c1dd1372e10a6.jpg
2026-06-07,2026-06-07 13:57:39,96,BV19J7r6HEV7,116695704276560,咕嘎吃掉了整个幼儿园的伙食,咕咕嘎画,搞笑,娱乐,138,46,1533677,127,1178,114737,5755,16841,3314,1780635229,https://www.bilibili.com/video/BV19J7r6HEV7,http://i0.hdslb.com/bfs/archive/6f27e7f3c76289f0fac5ed16261338d0a6c2d5f2.jpg
2026-06-07,2026-06-07 13:57:39,97,BV1ZUEF65EzU,116690016801808,论画手的高三生活有多燃！,圆脸面包人,绘画,绘画,162,141,764635,322,615,90689,3216,13537,1790,1780548385,https://www.bilibili.com/video/BV1ZUEF65EzU,http://i2.hdslb.com/bfs/archive/d2c74006b8fe69158c1e24fb31690a791ce674d0.jpg
2026-06-07,2026-06-07 13:57:39,98,BV1um7665EHP,116696325033953,谁是猜价超人？,小杨Johnson,搞笑,娱乐,138,621,1908775,1809,634,41689,10688,8356,572,1780650000,https://www.bilibili.com/video/BV1um7665EHP,http://i2.hdslb.com/bfs/archive/4a683ea3a122ada0dd88fb184da7439b6831fdfe.jpg
2026-06-07,2026-06-07 13:57:39,99,BV1LR7D6JEV7,116702566156828,Re：佩恩从零开始的异世界生活！！！【水门篇】,-夏秋冬-,综合,综合,27,416,592829,1219,2471,51140,18767,15175,2818,1780740005,https://www.bilibili.com/video/BV1LR7D6JEV7,http://i0.hdslb.com/bfs/archive/bb4c488614d181445341190010ddfd29eae8cfb7.jpg
2026-06-07,2026-06-07 13:57:39,100,BV1kv7262EyU,116698623578210,公司给粉丝安排了30万的水上宫殿...,飓多多StormCrew,日常,生活,21,852,1115053,2980,1967,63513,14775,13213,1379,1780714800,https://www.bilibili.com/video/BV1kv7262EyU,http://i2.hdslb.com/bfs/archive/a59944bd6ce91c0bbc28d8c8b560e8b73c31e976.jpg
2026-06-07,2026-06-07 14:57:39,1,BV15iEc6VEfH,116691577216788,路边一块，也能变废为宝，雕刻出大家想要的题材我不知道什么时候天才会亮，但我知道，跑着跑着，天就亮了。,小梨家的和田玉,手工,生活,161,220,5801374,3692,11054,218903,7395,20918,3575,1780572193,https://www.bilibili.com/video/BV15iEc6VEfH,http://i2.hdslb.com/bfs/archive/c1597efe82d66a7f728f8bdd84505eff4b7f5ac9.jpg
2026-06-07,2026-06-07 14:57:39,2,BV15C7k6REKC,116697197451293,公测定档7月 | 《遗忘之海》船员集结摇滚MV「燥」,遗忘之海,GMV,GMV,121,205,5166765,1103,1939,99776,75431,66331,4198,1780711200,https://www.bilibili.com/video/BV15C7k6REKC,http://i0.hdslb.com/bfs/archive/bef8db958217ad42ed011f4bf5d5d6c1cf3a4bad.jpg
2026-06-07,2026-06-07 14:57:39,3,BV1Qi7f6eE59,116690805395451,致敬每一个心中有花，努力奔跑的人,爱画画的子衿,亲子,生活,254,313,1656124,3316,3494,226112,113558,14898,3558,1780561800,https://www.bilibili.com/video/BV1Qi7f6eE59,http://i1.hdslb.com/bfs/archive/2c9cc3dd70d264a8473e46b8bebaad7db4d6ef2c.jpg
2026-06-07,2026-06-07 14:57:39,4,BV17GEP6xEDW,116692348832614,新三国up锐评楚汉传奇01：是不是我打开的方式不太对？,吃蛋挞的折棒,影视杂谈,影视,182,1348,1456830,19443,11252,130529,126412,27221,10179,1780624800,https://www.bilibili.com/video/BV17GEP6xEDW,http://i2.hdslb.com/bfs/archive/4e5cd47c8551d2b66643e2800041b7ec2d3bf729.jpg
2026-06-07,2026-06-07 14:57:39,5,BV1w6EF6QEjZ,116690033778619,不看后悔！史上最神人店家！,转生成为毛毛,美食侦探,美食,212,186,3251013,3864,8888,168511,4757,28362,13977,1780563600,https://www.bilibili.com/video/BV1w6EF6QEjZ,http://i1.hdslb.com/bfs/archive/07cb98d8f59285212c90c7646739a87803bf06c0.jpg
2026-06-07,2026-06-07 14:57:39,6,BV19ZEF6MEBV,116690117464228,人在干坏事的时候是不怕苦不怕累的,我是易拉爆,日常,生活,21,309,2100697,1378,3851,198362,14290,29198,14389,1780550100,https://www.bilibili.com/video/BV19ZEF6MEBV,http://i2.hdslb.com/bfs/archive/5a3e59dd5183e87d69b1ad3224466b821bf05e23.jpg
2026-06-07,2026-06-07 14:57:39,7,BV1wEEc6REms,116692097238799,城市大富翁（5）,雨哥到处跑,日常,生活,21,3846,1564969,36598,5055,137733,111880,37446,4902,1780628700,https://www.bilibili.com/video/BV1wEEc6REms,http://i1.hdslb.com/bfs/archive/8628e50dc2e56aec5815c8e3f665d304cfe23d80.jpg
2026-06-07,2026-06-07 14:57:39,8,BV1cu7r6FEPd,116696023045705,英国，沦为印度殖民地,平原公子,日常,生活,21,463,2782078,11137,7886,179830,7693,19110,17480,1780640137,https://www.bilibili.com/video/BV1cu7r6FEPd,http://i1.hdslb.com/bfs/archive/95ba7fb80bc2a46fc2c8f7ff69a08c57c40ef914.jpg
2026-06-07,2026-06-07 14:57:39,9,BV13s7z63EjV,116695016477738,《绝区零》3.0新地块实机演示,绝区零,手机游戏,游戏,172,599,1432782,9338,13640,124442,58278,22311,24830,1780624803,https://www.bilibili.com/video/BV13s7z63EjV,http://i0.hdslb.com/bfs/archive/ac132a13aed30f0b83ff50dfb56d83e2e518206a.jpg
2026-06-07,2026-06-07 14:57:39,10,BV1WY7U6dEJ5,116699814693875,【微电影】人类文明的最后一届高考,最后讲述者,鬼畜剧场,鬼畜剧场,216,263,1834861,2387,5044,145684,15652,32094,7365,1780709400,https://www.bilibili.com/video/BV1WY7U6dEJ5,http://i2.hdslb.com/bfs/archive/40a717d48c3dbeb9559b00a07a88af6cfd5181fb.jpg
2026-06-07,2026-06-07 14:57:39,11,BV1rg7C6TEUm,116696912369911,一句“一氧化二氢”能钓出多少“读稿机”？,中国食品报融媒体,科学科普,知识,201,291,4112653,5791,20125,172700,13427,21537,14023,1780653928,https://www.bilibili.com/video/BV1rg7C6TEUm,http://i1.hdslb.com/bfs/archive/1081ed32a36e81bee443915a997ed5f2bd56badd.jpg
2026-06-07,2026-06-07 14:57:39,12,BV1df7r6REpB,116695469463690,如何在家制造浓汤宝,嘤武罗,日常,生活,21,501,3888479,3331,3080,164878,41934,39219,2453,1780650000,https://www.bilibili.com/video/BV1df7r6REpB,http://i2.hdslb.com/bfs/archive/94c85d2ebad9002fcbad0c7ef2f3c8a3f1ec6768.jpg
2026-06-07,2026-06-07 14:57:39,13,BV1uXEA6gEMu,116692567070822,“别着急，我来给你补充「偶！像！能！量！」”,小耗owo,手机游戏,游戏,172,80,1113569,817,2301,221404,14494,49310,10026,1780624800,https://www.bilibili.com/video/BV1uXEA6gEMu,http://i1.hdslb.com/bfs/archive/64822f49e99e9fb8b41ba5e0f9e06f48d4b76446.jpg
2026-06-07,2026-06-07 14:57:39,14,BV1pDV86oE6S,116657217344637,热烈欢迎薛凯琪！工作之余，Fiona会带哪些让自己感到快乐的东西呢～（录完这期脑海里都是Fifi的笑声,papi酱,短片,动画,256,2017,1228521,10884,4590,125296,49681,15794,7117,1780632000,https://www.bilibili.com/video/BV1pDV86oE6S,http://i2.hdslb.com/bfs/archive/032f4048d6f94c465fc10972289999cf79f2572f.jpg
2026-06-07,2026-06-07 14:57:39,15,BV16DVz6UE77,116679229180052,如何拍出电影感大片,喜欢拍照的皮皮,日常,生活,21,60,3790295,354,2259,352136,12243,103609,8481,1780384052,https://www.bilibili.com/video/BV16DVz6UE77,http://i1.hdslb.com/bfs/archive/82ba23d6fb45244f769f8f127cfbe2f51afe67c8.jpg
2026-06-07,2026-06-07 14:57:39,16,BV1T9Vm6UE2N,116684681647760,《古剑》3分钟战斗实机 | 线下试玩招募开启,古剑,单机游戏,游戏,17,168,4065183,3124,9414,71905,49506,28745,21155,1780698215,https://www.bilibili.com/video/BV1T9Vm6UE2N,http://i0.hdslb.com/bfs/archive/d18a0e2a80905c1a2bfe0d000c3ca47aa1548899.jpg
2026-06-07,2026-06-07 14:57:39,17,BV1Qt7X61Enn,116686241993999,百万英镑，但素质过低,青时晚,影视剪辑,影视,183,174,2201542,1881,2297,131587,10244,33096,13166,1780490956,https://www.bilibili.com/video/BV1Qt7X61Enn,http://i0.hdslb.com/bfs/archive/1573985b4950f4d1001b3a21a50adab722b0a0f1.jpg
2026-06-07,2026-06-07 14:57:39,18,BV1PP7C63E2J,116696710912022,《师》我回母校当老师,阿廖沙别害怕_,搞笑,娱乐,138,296,1694542,474,1004,161082,4289,12488,571,1780650587,https://www.bilibili.com/video/BV1PP7C63E2J,http://i0.hdslb.com/bfs/archive/b04455fde128b88ff0a92e264778512242510bc9.jpg
2026-06-07,2026-06-07 14:57:39,19,BV1kCVU65ERM,116669112386149,初中生斗胆跳一段jam,特崮斯,篮球,运动,235,45,6454278,9428,18658,1238758,201905,131272,19311,1780229707,https://www.bilibili.com/video/BV1kCVU65ERM,http://i1.hdslb.com/bfs/archive/5871a66dc8e356ff71da4a6d99d5922b4a6a3fce.jpg
2026-06-07,2026-06-07 14:57:39,20,BV1xU7f6xEjt,116690939546284,CF单机叙事续作——《穿越火线：潜伏》实机首曝,穿越火线潜伏,单机游戏,游戏,17,308,4473480,1535,5003,109891,6889,21852,11909,1780696800,https://www.bilibili.com/video/BV1xU7f6xEjt,http://i0.hdslb.com/bfs/archive/140a4abb0c80a2aa1e7cb7126c978567b667ed12.jpg
2026-06-07,2026-06-07 14:57:39,21,BV168796PEv1,116685839403735,如此仙音唯有挠臭,lulu和露爸,喵星人,喵星人,218,26,4746414,16997,5691,595890,16620,115938,24942,1780484850,https://www.bilibili.com/video/BV168796PEv1,http://i1.hdslb.com/bfs/archive/87f3ce4876a2e50e34a2c1b24dfe10ae34700a55.jpg
2026-06-07,2026-06-07 14:57:39,22,BV1uX7k6UENx,116696761239484,巨构：没有告别,巨构ai,网络游戏,游戏,65,19,2630416,4971,6795,428617,20174,144448,6117,1780651506,https://www.bilibili.com/video/BV1uX7k6UENx,http://i0.hdslb.com/bfs/archive/1422e60b2923b373953bd4ce6433b6f0e91f9501.jpg
2026-06-07,2026-06-07 14:57:39,23,BV1s7V46XEix,116655590017716,评论区摄影大赛之火遍全网的佳作篇，本期有锐评系列也有破败与新生佳作，欢迎投稿好的作品会让更多人看到。,摄影恩哥,日常,生活,21,124,3616061,1369,7169,233155,1453,16748,677,1780738200,https://www.bilibili.com/video/BV1s7V46XEix,http://i1.hdslb.com/bfs/archive/58aada2ca9cd83b3f4d86b331759b2c832c8bcb4.jpg
2026-06-07,2026-06-07 14:57:39,24,BV1gsEw6zExs,116691040208641,你的高考/中考/期末考belike,哈基mer-猫meme,搞笑,娱乐,138,22,733561,27598,2223,261661,28870,53814,4975,1780564012,https://www.bilibili.com/video/BV1gsEw6zExs,http://i2.hdslb.com/bfs/archive/4f76f8d127f1c6d5a990c89a161f10356e783cd4.jpg
2026-06-07,2026-06-07 14:57:39,25,BV1gWEw6gE4X,116691056987748,“这种没流量的画画最狠了”,像风如你o_O,日常,生活,21,25,2213176,664,3283,273227,7458,23214,1090,1780564358,https://www.bilibili.com/video/BV1gWEw6gE4X,http://i0.hdslb.com/bfs/archive/96621cf035234fbf3c3d6f498d6f4d5eae388c12.jpg
2026-06-07,2026-06-07 14:57:39,26,BV1GHEw6rEo4,116691140875979,无能的杰哥,神威-狗剩,影视剪辑,影视,183,154,2771178,1851,3696,134753,7922,24633,26823,1780565876,https://www.bilibili.com/video/BV1GHEw6rEo4,http://i2.hdslb.com/bfs/archive/0814d03bdf68a6a83cba4b8ba18fa6d58d6de912.jpg
2026-06-07,2026-06-07 14:57:39,27,BV1sC7R6VEF3,116687181451048,【侯绿萝】视频加载中，速速查收惊喜！,侯绿萝,小剧场,娱乐,85,233,1867043,1447,1400,177831,10442,14712,1793,1780538400,https://www.bilibili.com/video/BV1sC7R6VEF3,http://i0.hdslb.com/bfs/archive/e40df1469a3bc68659f30a77b0e0801ae88938bb.jpg
2026-06-07,2026-06-07 14:57:39,28,BV1yiEF6WErx,116690419585062,奶香馒头,夏叔厨房,美食制作,美食,76,76,1686509,923,7229,216664,7476,18980,1126,1780554601,https://www.bilibili.com/video/BV1yiEF6WErx,http://i1.hdslb.com/bfs/archive/82992eb9cddf1a5a5e5e77e481db8626c6005de9.jpg
2026-06-07,2026-06-07 14:57:39,29,BV16w7D6RERW,116700921988742,007看后:追逐战？,MEspace天植,绘画,绘画,162,49,2158684,227,900,213040,19830,36255,1802,1780714922,https://www.bilibili.com/video/BV16w7D6RERW,http://i2.hdslb.com/bfs/archive/f35dab38094910739815ae6424bcceee9316f8f7.jpg
2026-06-07,2026-06-07 14:57:39,30,BV16kV26TES7,116685470175022,当父母说出了正确答案：,进击的金厂长,搞笑,娱乐,138,129,5812482,2351,2417,391092,143783,185646,3130,1780479155,https://www.bilibili.com/video/BV16kV26TES7,http://i0.hdslb.com/bfs/archive/982b25c4ef21fb08f77ae933c89f4b99d5b0c86a.jpg
2026-06-07,2026-06-07 14:57:39,31,BV1ZREP6dEcU,116693758117714,扫落叶全清洁100%速通39分03秒leaf it alone,闲云豹,单机游戏,游戏,17,2367,1325844,1481,2131,115423,12025,24111,4750,1780605809,https://www.bilibili.com/video/BV1ZREP6dEcU,http://i1.hdslb.com/bfs/archive/310db23466f62e9399f25f92c8d2b0af953476d6.jpg
2026-06-07,2026-06-07 14:57:39,32,BV1XEV26XEsz,116683641455201,冠以破碎之名：第一集 冰潮寒雨之夏,Xavier_白昼,综合,综合,27,1106,1371669,1822,2431,103555,22127,63965,3526,1780451269,https://www.bilibili.com/video/BV1XEV26XEsz,http://i0.hdslb.com/bfs/archive/edb3c2a03146bbc3390581aa30c41b8e3c3ab846.jpg
2026-06-07,2026-06-07 14:57:39,33,BV1WT7C6uEj8,116696878749194,猫 咪 的 花 语 是 老 吴🎵,幾加乘,同人·手书,动画,47,259,1493618,1563,2956,111345,16533,23036,9859,1780653131,https://www.bilibili.com/video/BV1WT7C6uEj8,http://i0.hdslb.com/bfs/archive/ad354ddb8c2e2bf697327dc182835b3d6014f4b1.jpg
2026-06-07,2026-06-07 14:57:39,34,BV1xR7S6hEkB,116700804683368,菲比：就你们寝室最吵！！,Lm海洋,音乐综合,音乐,130,262,813598,566,2950,68302,49527,29957,10735,1780713190,https://www.bilibili.com/video/BV1xR7S6hEkB,http://i1.hdslb.com/bfs/archive/348cd3608f962369b093721ee90e2515a127a833.jpg
2026-06-07,2026-06-07 14:57:39,35,BV1jeEc6yE75,116691593992011,《你说谁错谁就错，因为你开迈巴赫》,嘞是唐孃孃,搞笑,娱乐,138,34,3065974,177,1968,232619,3155,15500,1269,1780572588,https://www.bilibili.com/video/BV1jeEc6yE75,http://i0.hdslb.com/bfs/archive/cc74080d84744d7622f9f9dd492a1583e00aaed7.jpg
2026-06-07,2026-06-07 14:57:39,36,BV1Ja7k6AE1b,116697063235411,我又给花朵加了个开关！,是玉木呀,设计·创意,设计·创意,229,104,982468,487,786,155547,17555,31092,3162,1780656042,https://www.bilibili.com/video/BV1Ja7k6AE1b,http://i0.hdslb.com/bfs/archive/c05470a618fc67ee60cb9df153eb5ad6d3c8ce08.jpg
2026-06-07,2026-06-07 14:57:39,37,BV1F7716gE1d,116697667213269,不降 |《归唐》夏日游戏节剧情初窥预告,归唐,单机游戏,游戏,17,195,4894277,2176,7498,118371,3635,12226,6063,1780694417,https://www.bilibili.com/video/BV1F7716gE1d,http://i1.hdslb.com/bfs/archive/ee1e7f11e5576321abd715ef6582c5b5fe323c2d.jpg
2026-06-07,2026-06-07 14:57:39,38,BV1bV7k6LExn,116697264560365,再见！一系列！高考必胜！,一数,校园学习,知识,208,193,844867,28385,14328,81317,32085,17111,5551,1780659292,https://www.bilibili.com/video/BV1bV7k6LExn,http://i2.hdslb.com/bfs/archive/5df66240b2b71ca2bc6ce697e929657b1b1df5a4.jpg
2026-06-07,2026-06-07 14:57:39,39,BV1hG7y69Ej2,116698036313694,史上最骚特工(第二集),老番茄,单机游戏,游戏,17,842,1711115,2922,1649,116081,37912,31120,1937,1780716600,https://www.bilibili.com/video/BV1hG7y69Ej2,http://i2.hdslb.com/bfs/archive/c4778bfde8d395e0f91e2f746393736302e8205c.jpg
2026-06-07,2026-06-07 14:57:39,40,BV12R7Q6MEJX,116686543914174,你说你有点难追～,未知艺术家_611,搞笑,娱乐,138,30,2693654,229,2008,245089,2978,25579,3790,1780495648,https://www.bilibili.com/video/BV12R7Q6MEJX,http://i2.hdslb.com/bfs/archive/aeaf33a25e079b26433a425ee56ac24f566861d7.jpg
2026-06-07,2026-06-07 14:57:39,41,BV1XQ7Z6eEki,116689412819066,特朗普的愤怒,燕三嘤嘤嘤,人文历史,知识,228,1133,2912021,10753,4886,142704,34419,20599,2763,1780545020,https://www.bilibili.com/video/BV1XQ7Z6eEki,http://i0.hdslb.com/bfs/archive/d106118a7a33e310838a2e387ce511583c5a7a62.jpg
2026-06-07,2026-06-07 14:57:39,42,BV1TR766zEvE,116695972714489,在沙漠里种了1800万棵树，然后呢？,影视飓风,娱乐粉丝创作,娱乐,242,756,2268584,8500,2573,126543,50148,23090,2206,1780650000,https://www.bilibili.com/video/BV1TR766zEvE,http://i1.hdslb.com/bfs/archive/af434541e40c0402ac850fc6783faa3ed5bfdda9.jpg
2026-06-07,2026-06-07 14:57:39,43,BV15v7S65EWD,116701022717876,挑战给历史故事打tag（标签）,混饭达人,娱乐杂谈,娱乐杂谈,241,77,2460207,1430,1813,186194,3913,20949,10725,1780716510,https://www.bilibili.com/video/BV15v7S65EWD,http://i2.hdslb.com/bfs/archive/1845b193e356ee0f6b686419e20cc96fe1678367.jpg
2026-06-07,2026-06-07 14:57:39,44,BV1UV7k6LEUG,116697264627213,航天会刷典狱长？！【三角洲动画】,手折余弦丶,电子竞技,游戏,171,300,1084779,1202,1291,89706,9608,22294,2589,1780659017,https://www.bilibili.com/video/BV1UV7k6LEUG,http://i0.hdslb.com/bfs/archive/eb575db6391346950b2623259e6c0c6469239e03.jpg
2026-06-07,2026-06-07 14:57:39,45,BV1EwEF62EhA,116690721443492,当校长挑选教室地板时,Cheems电玩屋,日常,生活,21,18,4684445,765,4592,189776,937,7055,462,1780559484,https://www.bilibili.com/video/BV1EwEF62EhA,http://i0.hdslb.com/bfs/archive/8916553504d48aec3ba5ad2bdfeec5fcf7eefc1c.jpg
2026-06-07,2026-06-07 14:57:39,46,BV1R7Ew65ERR,116691124229360,当爸爸找亲戚买手机,刘鸿哥哥,小剧场,娱乐,85,119,2323942,934,2854,157508,1391,8456,1693,1780565630,https://www.bilibili.com/video/BV1R7Ew65ERR,http://i0.hdslb.com/bfs/archive/5e4feb10a7cf9e178bf7e9a619d62843bc5ae8b2.jpg
2026-06-07,2026-06-07 14:57:39,47,BV1um7665EpW,116696325033820,讷,水生植物人owo,日常,生活,21,16,1119833,753,5736,159545,4024,41482,14742,1780644714,https://www.bilibili.com/video/BV1um7665EpW,http://i2.hdslb.com/bfs/archive/ce971f171b1f22d061819b3fea882f5d4af2a608.jpg
2026-06-07,2026-06-07 14:57:39,48,BV1DB7f6AEBK,116690989942959,最 不 物 质 之 人,张八筒筒,日常,生活,21,127,2361858,880,906,166108,1480,8517,824,1780563943,https://www.bilibili.com/video/BV1DB7f6AEBK,http://i1.hdslb.com/bfs/archive/612e05a8e02454bd4e3723991d4808f061b1c188.jpg
2026-06-07,2026-06-07 14:57:39,49,BV1W6VZ6MEbd,116674313328609,🍄欠揍气球🍄,纸片马力欧,日常,生活,21,40,4260480,5428,9922,497435,38932,263288,76011,1780309043,https://www.bilibili.com/video/BV1W6VZ6MEbd,http://i0.hdslb.com/bfs/archive/3d18bae01c4fc365d9e7e0ede5efb926e32115ad.jpg
2026-06-07,2026-06-07 14:57:39,50,BV1yo7B68EHX,116695117207554,《鸣潮》×《赛博朋克：边缘行者》共鸣者战斗演示 | 露西,鸣潮,单机游戏,游戏,17,283,2242861,2377,8265,77902,23977,13622,14651,1780628400,https://www.bilibili.com/video/BV1yo7B68EHX,http://i2.hdslb.com/bfs/archive/61426f2876187b9326f1b732fdea7044e08d7ea3.jpg
2026-06-07,2026-06-07 14:57:39,51,BV1L7Ew65ETv,116691124098703,我养护的石拱桥，已经被国家收录为不可移动文物！,抓紧长长长呀,三农,生活,251,604,1763738,1085,2058,121596,6925,9187,466,1780565746,https://www.bilibili.com/video/BV1L7Ew65ETv,http://i1.hdslb.com/bfs/archive/56f52737bc566db19c5316ccdcc3b87cc81709e0.jpg
2026-06-07,2026-06-07 14:57:39,52,BV1vEEP6HEFw,116692281789801,2025年出货量370万台！激光雷达真成“安全气囊”了？,保镖的车库,新能源车,新能源车,247,606,1486201,516,678,104708,3082,10820,384,1780653900,https://www.bilibili.com/video/BV1vEEP6HEFw,http://i1.hdslb.com/bfs/archive/76872e6b743f73527ee70c89a75c39214a868540.jpg
2026-06-07,2026-06-07 14:57:39,53,BV1jz7k6tEkL,116696979347018,教程来啦兄弟们 拍起来,是柳宗元,电子竞技,游戏,171,46,2164342,176,856,163977,2780,24744,1295,1780654702,https://www.bilibili.com/video/BV1jz7k6tEkL,http://i0.hdslb.com/bfs/archive/becaa38ea9e7437bed18411340db6d5da7f4cd54.jpg
2026-06-07,2026-06-07 14:57:39,54,BV1nWVm6uEqb,116685285624503,我吃牛瘪火锅 结果买错牛胃了,张离谱Dreams,搞笑,娱乐,138,97,2475220,1253,3461,163636,2952,44708,12031,1780476405,https://www.bilibili.com/video/BV1nWVm6uEqb,http://i0.hdslb.com/bfs/archive/6f4f02f224993a1933f3e515e84d84edb5ca3808.jpg
2026-06-07,2026-06-07 14:57:39,55,BV1pnVm6GEQG,116685386483651,“当bro以为自己很有影响力时…”,林宇辉,社科·法律·心理,知识,124,16,904303,483,1978,261654,10610,34283,1237,1780478075,https://www.bilibili.com/video/BV1pnVm6GEQG,http://i1.hdslb.com/bfs/archive/02329b4beff89227f0f34b10ef7ca21a2b920c65.jpg
2026-06-07,2026-06-07 14:57:39,56,BV1JAEw69EUS,116691342200777,生完宝宝之后我再也不敢得罪我老公了，因为……,笑哥走丢了a,亲子,生活,254,89,2108631,826,6668,161640,2951,7861,1787,1780568869,https://www.bilibili.com/video/BV1JAEw69EUS,http://i2.hdslb.com/bfs/archive/2496ecbfca22198efdffe5b1855ea840b90edb2a.jpg
2026-06-07,2026-06-07 14:57:39,57,BV1jwV663EjR,116679380112598,我的世界杯主题曲！IShowSpeed - World Cup (Champions),ishowspeedsui,竞技体育,运动,236,299,4730274,2513,10856,260832,48194,46556,15504,1780386563,https://www.bilibili.com/video/BV1jwV663EjR,http://i2.hdslb.com/bfs/archive/2807f6a9b9342740dfa8764e7bcc6e231196c94f.jpg
2026-06-07,2026-06-07 14:57:39,58,BV1bwV161Er2,116684413209270,【aespa】LEMONNNN,aespa,音乐综合,音乐,130,11,6694685,12762,25413,128409,30552,15028,8624,1780475400,https://www.bilibili.com/video/BV1bwV161Er2,http://i1.hdslb.com/bfs/archive/1e63fbee388c793dc0403c872eefb52a8d7d8615.jpg
2026-06-07,2026-06-07 14:57:39,59,BV1JKEw6QEw9,116691509970719,我读了你们的评论 把阎王召唤出来了T_T,汤木檀泽,日常,生活,21,959,1851604,1476,1622,113216,6723,17604,539,1780571268,https://www.bilibili.com/video/BV1JKEw6QEw9,http://i1.hdslb.com/bfs/archive/0b6c7ccb214b6211a4cf9a8741eb473536e42587.jpg
2026-06-07,2026-06-07 14:57:39,60,BV15z766SE1A,116696341812776,假如高考什么都可以带,小安苒AIGC,校园学习,知识,208,177,2129033,2570,2474,88994,2202,6824,1655,1780646400,https://www.bilibili.com/video/BV15z766SE1A,http://i2.hdslb.com/bfs/archive/ed743a6a86446310a9957bce92faa671a082a6d8.jpg
2026-06-07,2026-06-07 14:57:39,61,BV1xZ7k6LESp,116696778084201,“哎呀 我们的主角倒下啦～”,西门小昭,综合,综合,27,30,685840,113,1011,131682,8949,52517,2286,1780655400,https://www.bilibili.com/video/BV1xZ7k6LESp,http://i2.hdslb.com/bfs/archive/2c5c6c548ed488771077293e2f7bfcfb435e4744.jpg
2026-06-07,2026-06-07 14:57:39,62,BV1wE7m67EAF,116700569671653,“我在成华大道「拼接遗憾」”,Dieorite,人力VOCALOID,人力VOCALOID,126,116,473140,2050,1293,109363,23412,32006,1824,1780709690,https://www.bilibili.com/video/BV1wE7m67EAF,http://i1.hdslb.com/bfs/archive/b7a88bfce9322211ddb670d69d549967dba6591e.jpg
2026-06-07,2026-06-07 14:57:39,63,BV15W7C6tEyc,116696425766532,送你一片夕阳！,困雀雀,仿妆cos,时尚,252,36,536081,134,2177,158715,8370,28445,2498,1780646468,https://www.bilibili.com/video/BV15W7C6tEyc,http://i2.hdslb.com/bfs/archive/86973af2078693bfe5fc81d4dae783648e7fb904.jpg
2026-06-07,2026-06-07 14:57:39,64,BV1tV7k6LEyH,116697264556028,你或许不认识我 但我唱的歌你或许？？听过？,喵☆酱,翻唱,音乐,31,443,493071,4641,2182,102512,6828,14374,1168,1780659262,https://www.bilibili.com/video/BV1tV7k6LEyH,http://i1.hdslb.com/bfs/archive/f27fa302b117dedb6f353c75770d440ca8982c33.jpg
2026-06-07,2026-06-07 14:57:39,65,BV1xdEc6bEcK,116691426088191,肉食脑袋的硬菜局！爆辣猪蹄+火锅鸡泡面香迷糊,方芳的快乐生活,美食侦探,美食,212,1134,1822211,1470,869,84529,10457,14515,2944,1780571551,https://www.bilibili.com/video/BV1xdEc6bEcK,http://i1.hdslb.com/bfs/archive/bdc078c74f5e0987fffca10262d6ced73d562c27.jpg
2026-06-07,2026-06-07 14:57:39,66,BV1uX7k6UEPn,116696761239539,把硬装的喊过来！,脱缰凯Kk,小剧场,娱乐,85,219,1224677,1551,1588,90538,2944,9475,639,1780651876,https://www.bilibili.com/video/BV1uX7k6UEPn,http://i1.hdslb.com/bfs/archive/1a5306b127f7814fe75bc726966f0f675fcb7e33.jpg
2026-06-07,2026-06-07 14:57:39,67,BV1vR7D6JEEm,116702566223209,全球吃席！自驾巴尔干婚礼，吃欧洲乡村大席,食贫道,日常,生活,21,3274,851045,5382,1385,81332,29250,11252,899,1780741089,https://www.bilibili.com/video/BV1vR7D6JEEm,http://i2.hdslb.com/bfs/archive/b23120503d27e3049c25e887901c19df17a98fe1.jpg
2026-06-07,2026-06-07 14:57:39,68,BV13HEw6rEhc,116691140873202,接龙游戏开发，但都绷住了,M木糖M,单机游戏,游戏,17,933,1389729,1369,910,70747,10144,13026,1144,1780630200,https://www.bilibili.com/video/BV13HEw6rEhc,http://i2.hdslb.com/bfs/archive/1083ae38f0917802668505e94ed2fe06226cc58b.jpg
2026-06-07,2026-06-07 14:57:39,69,BV1VWVz6TELx,116679598147712,星际穿越的我，试图提醒过去的自己....,考研英语大雁,校园学习,知识,208,33,3252626,714,2497,414761,9498,54144,7133,1780389685,https://www.bilibili.com/video/BV1VWVz6TELx,http://i0.hdslb.com/bfs/archive/5822709cbd5c2a8a09fabc50bcfdcfc29859f9a1.jpg
2026-06-07,2026-06-07 14:57:39,70,BV1MtEF6fEga,116690436233152,全国男生统一迷惑行为,王小洋-已黑化,日常,生活,21,446,953591,2892,2004,78302,1772,14407,2209,1780567200,https://www.bilibili.com/video/BV1MtEF6fEga,http://i1.hdslb.com/bfs/archive/696e0beeae3b0520b2aeae3a4aa24c0eeb689fcd.jpg
2026-06-07,2026-06-07 14:57:39,71,BV1RvVo6QEqo,116674682426936,不儿，你俩来真的啊？！,主持人yoyo酱,搞笑,娱乐,138,265,5860609,16612,12649,701972,529460,127573,14795,1780314627,https://www.bilibili.com/video/BV1RvVo6QEqo,http://i1.hdslb.com/bfs/archive/e8bde3297455f3796e516de2362d5eb1085d9abf.jpg
2026-06-07,2026-06-07 14:57:39,72,BV1usEw6zEiy,116691040210390,【餐馆TV】UP今天发烧了……作品会不会受影响啊,大乾乾是顾乾宇,小剧场,娱乐,85,141,891191,1693,2745,103274,3251,12630,7372,1780564633,https://www.bilibili.com/video/BV1usEw6zEiy,http://i1.hdslb.com/bfs/archive/6d69be5e1f22dec4058e90f795df2ff7c21e4a91.jpg
2026-06-07,2026-06-07 14:57:39,73,BV1VD726iE1t,116698791282580,《猴王出事》,伤心欲茄222,搞笑,娱乐,138,103,1806073,1072,3110,136478,5390,7024,4890,1780718400,https://www.bilibili.com/video/BV1VD726iE1t,http://i1.hdslb.com/bfs/archive/2fa41f4d1af95817e553d8fd8c6eeb7fc16a9d82.jpg
2026-06-07,2026-06-07 14:57:39,74,BV19J7r6HESb,116695704274527,【抱佛脚】高考语文！选择题？最后一课！,学过石油的语文老师,校园学习,知识,208,1200,865837,36950,11280,41709,16813,20636,4065,1780660800,https://www.bilibili.com/video/BV19J7r6HESb,http://i0.hdslb.com/bfs/archive/f8d05a7621ff85694f1ddb7ac6c3c775b0e01965.jpg
2026-06-07,2026-06-07 14:57:39,75,BV1mhV26yETL,116683775678542,科比的哲学启示录第十四期,蟹不肉丨,影视剪辑,影视,183,74,5344918,1213,7072,328654,16561,86664,15583,1780453236,https://www.bilibili.com/video/BV1mhV26yETL,http://i0.hdslb.com/bfs/archive/738134aa027bf05aa3f3843c528db81f3d78307d.jpg
2026-06-07,2026-06-07 14:57:39,76,BV1QzVR63E3L,116671930963542,回忆永远都是加分项,央视新闻,日常,生活,21,184,3716793,29207,24309,649286,250788,197986,60740,1780286400,https://www.bilibili.com/video/BV1QzVR63E3L,http://i2.hdslb.com/bfs/archive/f4dc3fe8ea88a450877315e867b4995121d5dbf6.jpg
2026-06-07,2026-06-07 14:57:39,77,BV19N7y6bE1e,116698455803490,全体起立鼓掌！人类发现了治癌症的新药！🤯,蜗牛的科技笔记,软件应用,软件应用,230,115,1113130,947,4939,102002,3800,16810,6881,1780677279,https://www.bilibili.com/video/BV19N7y6bE1e,http://i2.hdslb.com/bfs/archive/3b5f57bbd2f68b33097261f34d0cbb700b9439ce.jpg
2026-06-07,2026-06-07 14:57:39,78,BV1Zj7C6wEJY,116696845125445,织棉为布，非遗土布。用千年蓝染，重现极致的东方浪漫,花木紫Huamuz,手工,生活,161,401,1089727,1515,2298,83684,7923,7988,607,1780652882,https://www.bilibili.com/video/BV1Zj7C6wEJY,http://i0.hdslb.com/bfs/archive/753a39454d2f1455af84effb021941e20ad4c2c7.jpg
2026-06-07,2026-06-07 14:57:39,79,BV1dY7Q6pEQZ,116701878291791,千里奔赴只为弥补40年前的遗憾,赛亚人阿廖,出行,生活,250,246,693311,1253,1164,87957,24262,9219,316,1780729530,https://www.bilibili.com/video/BV1dY7Q6pEQZ,http://i0.hdslb.com/bfs/archive/5f9f719eb1fb6326b0a2eabe298cd1484afab3e6.jpg
2026-06-07,2026-06-07 14:57:39,80,BV1Qb7R6XECX,116687064072844,⚡冷 笑 话 大 全 6.0⚡,污污云,鬼畜调教,鬼畜,22,66,1538204,214,1072,110836,2137,44580,5601,1780545600,https://www.bilibili.com/video/BV1Qb7R6XECX,http://i2.hdslb.com/bfs/archive/edf5ec9306bef71931b52d5b0a961e13f1ecc966.jpg
2026-06-07,2026-06-07 14:57:39,81,BV1hAVm6XEE2,116685570836474,【传奇耐熬王】经典排骨💀60天仍然有5人存活💪到最后拼的就是谁身体好！🤦‍♂️,-超级小能猫-,搞笑,娱乐,138,2617,2436001,14574,2967,88633,19409,43548,4041,1780481719,https://www.bilibili.com/video/BV1hAVm6XEE2,http://i0.hdslb.com/bfs/archive/dc3782f8b522707e818c2537030e1b8893332367.jpg
2026-06-07,2026-06-07 14:57:39,82,BV15wVB6YECT,116678608359768,一顿饭只要三块钱，客人吃着吃着，人就“没了”,瞎通不设计了,美食侦探,美食,212,187,2464800,2523,6434,295362,171340,29621,4153,1780390800,https://www.bilibili.com/video/BV15wVB6YECT,http://i1.hdslb.com/bfs/archive/fd898a754bc3cf4317349a2b3c4394e104417434.jpg
2026-06-07,2026-06-07 14:57:39,83,BV1edV26tEsB,116685654722666,复仇整蛊！蛋黄派伪装摄影师突袭周深，几秒就被识破？,记录生活的蛋黄派,美食测评,美食,213,556,3389631,7617,3068,105595,31306,50482,4014,1780565400,https://www.bilibili.com/video/BV1edV26tEsB,http://i2.hdslb.com/bfs/archive/a16b60bc03719059e3218dee538877f554f3f9b4.jpg
2026-06-07,2026-06-07 14:57:39,84,BV16sEc6SEwE,116692030070649,班级里的某些努力姐belike：,不懂爱的喵,AI音乐,AI音乐,265,81,2167213,618,4419,126951,601,9951,4276,1780579469,https://www.bilibili.com/video/BV16sEc6SEwE,http://i2.hdslb.com/bfs/archive/711ed87052e442f67c408a6e4e372e876c02a3f0.jpg
2026-06-07,2026-06-07 14:57:39,85,BV1yc7r6vE1C,116695905734805,关于我18岁为什么不去参加高考,我不是赤寒,日常,生活,21,126,1038640,1347,5973,116366,6163,12474,1674,1780638439,https://www.bilibili.com/video/BV1yc7r6vE1C,http://i1.hdslb.com/bfs/archive/294ac25c415d3dcaf5c46bbc02fb5df23da86784.jpg
2026-06-07,2026-06-07 14:57:39,86,BV1Xa7m6qEm7,116700217347938,意识深渊：我真的存在吗？,大圆镜科普,科学科普,知识,201,484,757724,1137,1656,69359,2260,13152,1182,1780704207,https://www.bilibili.com/video/BV1Xa7m6qEm7,http://i1.hdslb.com/bfs/archive/2d760490c4cfbae1c3b9168320f075ace66ad15a.jpg
2026-06-07,2026-06-07 14:57:39,87,BV17q7y6qEeG,116697767874225,当代牢大学生论文现状belike：,黑曼波语录,鬼畜调教,鬼畜,22,78,1081621,211,1415,79800,2475,55180,5928,1780716900,https://www.bilibili.com/video/BV17q7y6qEeG,http://i2.hdslb.com/bfs/archive/a42866374c2dd87fd5093121386c1dd1372e10a6.jpg
2026-06-07,2026-06-07 14:57:39,88,BV1pW7Q68Emz,116702180348281,这期谁能绷住,呱唧菌,搞笑,娱乐,138,339,771590,1362,971,79552,3781,13895,1110,1780741800,https://www.bilibili.com/video/BV1pW7Q68Emz,http://i2.hdslb.com/bfs/archive/5ae6e1d11721490eb4a17034e97a4c36afdca5f0.jpg
2026-06-07,2026-06-07 14:57:39,89,BV1LR7D6JEV7,116702566156828,Re：佩恩从零开始的异世界生活！！！【水门篇】,-夏秋冬-,综合,综合,27,416,636792,1245,2595,53559,19463,15802,2953,1780740005,https://www.bilibili.com/video/BV1LR7D6JEV7,http://i0.hdslb.com/bfs/archive/bb4c488614d181445341190010ddfd29eae8cfb7.jpg
2026-06-07,2026-06-07 14:57:39,90,BV1797X6ZEvW,116686158038804,真跳60分钟，天台暴晒也算时间哦,矮乐多Aliga,日常,生活,21,3639,1166129,1089,1700,65123,13234,22916,2687,1780490050,https://www.bilibili.com/video/BV1797X6ZEvW,http://i0.hdslb.com/bfs/archive/51a11a46ff9c8a78cf19a5444bd1f18bb0099c9d.jpg
2026-06-07,2026-06-07 14:57:39,91,BV1aFVm6REvY,116685537281059,蜘蛛糸モノポリー,苏酥鱼鱼喵,MMD·3D,动画,25,113,650230,181,1447,129688,5163,47664,3709,1780480166,https://www.bilibili.com/video/BV1aFVm6REvY,http://i0.hdslb.com/bfs/archive/43aeddbc4a47c5117090dc56e61b94bb7a858ec0.jpg
2026-06-07,2026-06-07 14:57:39,92,BV1uTEc6AEzV,116691963025070,以为这次断更，会是永别,ONLee_Studio,日常,生活,21,211,974732,1896,2646,65924,22604,4422,970,1780578368,https://www.bilibili.com/video/BV1uTEc6AEzV,http://i0.hdslb.com/bfs/archive/65223f1fb3bbe6f7b6e2b1e84b56584802350ec6.jpg
2026-06-07,2026-06-07 14:57:39,93,BV1YV7U6zEps,116699697254319,小登VS老登,灼眼的SABER哒,同人·手书,动画,47,63,823468,392,2138,107645,8630,35458,8530,1780718400,https://www.bilibili.com/video/BV1YV7U6zEps,http://i0.hdslb.com/bfs/archive/dce2758cd8546e893008888b88f215364194d4a7.jpg
2026-06-07,2026-06-07 14:57:39,94,BV1n17D6xEX2,116702331278408,这就是7JIA最强之人,杨齐家_,单机游戏,游戏,17,1221,1291787,4479,2132,78746,7449,10105,618,1780736508,https://www.bilibili.com/video/BV1n17D6xEX2,http://i1.hdslb.com/bfs/archive/63922fa2e9e8a18b95b8175a3bea61b0779794d1.jpg
2026-06-07,2026-06-07 14:57:39,95,BV12QEc6wETE,116691744917719,“我想我再也不会谈恋爱了”,柯洁,影视剪辑,影视,183,34,1392025,1015,4484,149055,6301,7040,6366,1780574976,https://www.bilibili.com/video/BV12QEc6wETE,http://i0.hdslb.com/bfs/archive/47071584488230edc82fe88b8fe9b87eb57cd115.jpg
2026-06-07,2026-06-07 14:57:39,96,BV15d7D6UE4i,116702549379788,世界杯期间不抓移民？那这世界杯不是白办了吗,麻薯波比呀,社科·法律·心理,知识,124,995,1013716,5476,2514,65509,8876,8132,1460,1780740025,https://www.bilibili.com/video/BV15d7D6UE4i,http://i2.hdslb.com/bfs/archive/91940674117acf43b95f7a6e2e7ab686470cc3ea.jpg
2026-06-07,2026-06-07 14:57:39,97,BV1um7665EHP,116696325033953,谁是猜价超人？,小杨Johnson,搞笑,娱乐,138,621,1963509,1824,643,42284,10804,8444,584,1780650000,https://www.bilibili.com/video/BV1um7665EHP,http://i2.hdslb.com/bfs/archive/4a683ea3a122ada0dd88fb184da7439b6831fdfe.jpg
2026-06-07,2026-06-07 14:57:39,98,BV19J7r6HEV7,116695704276560,咕嘎吃掉了整个幼儿园的伙食,咕咕嘎画,搞笑,娱乐,138,46,1544637,131,1187,115387,5799,16983,3351,1780635229,https://www.bilibili.com/video/BV19J7r6HEV7,http://i0.hdslb.com/bfs/archive/6f27e7f3c76289f0fac5ed16261338d0a6c2d5f2.jpg
2026-06-07,2026-06-07 14:57:39,99,BV1Jj7C6AEPq,116696845193451,是我还不够好,怎么转身又是,MMD·3D,动画,25,67,1055941,2144,4710,125236,6068,26601,18109,1780652794,https://www.bilibili.com/video/BV1Jj7C6AEPq,http://i0.hdslb.com/bfs/archive/c261bcb22b8b34b31c0d9cb2e04b0a49a318b123.jpg
2026-06-07,2026-06-07 14:57:39,100,BV1kv7262EyU,116698623578210,公司给粉丝安排了30万的水上宫殿...,飓多多StormCrew,日常,生活,21,852,1145687,3017,1997,64739,15086,13573,1410,1780714800,https://www.bilibili.com/video/BV1kv7262EyU,http://i2.hdslb.com/bfs/archive/a59944bd6ce91c0bbc28d8c8b560e8b73c31e976.jpg
2026-06-07,2026-06-07 15:57:39,1,BV15iEc6VEfH,116691577216788,路边一块，也能变废为宝，雕刻出大家想要的题材我不知道什么时候天才会亮，但我知道，跑着跑着，天就亮了。,小梨家的和田玉,手工,生活,161,220,5843297,3721,11152,220514,7473,21090,3606,1780572193,https://www.bilibili.com/video/BV15iEc6VEfH,http://i2.hdslb.com/bfs/archive/c1597efe82d66a7f728f8bdd84505eff4b7f5ac9.jpg
2026-06-07,2026-06-07 15:57:39,2,BV15C7k6REKC,116697197451293,公测定档7月 | 《遗忘之海》船员集结摇滚MV「燥」,遗忘之海,GMV,GMV,121,205,5335362,1150,1984,100934,75471,76486,4238,1780711200,https://www.bilibili.com/video/BV15C7k6REKC,http://i0.hdslb.com/bfs/archive/bef8db958217ad42ed011f4bf5d5d6c1cf3a4bad.jpg
2026-06-07,2026-06-07 15:57:39,3,BV1Qi7f6eE59,116690805395451,致敬每一个心中有花，努力奔跑的人,爱画画的子衿,亲子,生活,254,313,1662626,3338,3503,226983,114081,14974,3574,1780561800,https://www.bilibili.com/video/BV1Qi7f6eE59,http://i1.hdslb.com/bfs/archive/2c9cc3dd70d264a8473e46b8bebaad7db4d6ef2c.jpg
2026-06-07,2026-06-07 15:57:39,4,BV17GEP6xEDW,116692348832614,新三国up锐评楚汉传奇01：是不是我打开的方式不太对？,吃蛋挞的折棒,影视杂谈,影视,182,1348,1466927,19486,11299,131005,126828,27300,10211,1780624800,https://www.bilibili.com/video/BV17GEP6xEDW,http://i2.hdslb.com/bfs/archive/4e5cd47c8551d2b66643e2800041b7ec2d3bf729.jpg
2026-06-07,2026-06-07 15:57:39,5,BV1w6EF6QEjZ,116690033778619,不看后悔！史上最神人店家！,转生成为毛毛,美食侦探,美食,212,186,3265617,3881,8918,169131,4782,28487,14042,1780563600,https://www.bilibili.com/video/BV1w6EF6QEjZ,http://i1.hdslb.com/bfs/archive/07cb98d8f59285212c90c7646739a87803bf06c0.jpg
2026-06-07,2026-06-07 15:57:39,6,BV19ZEF6MEBV,116690117464228,人在干坏事的时候是不怕苦不怕累的,我是易拉爆,日常,生活,21,309,2105264,1384,3876,198862,14363,29307,14441,1780550100,https://www.bilibili.com/video/BV19ZEF6MEBV,http://i2.hdslb.com/bfs/archive/5a3e59dd5183e87d69b1ad3224466b821bf05e23.jpg
2026-06-07,2026-06-07 15:57:39,7,BV1wEEc6REms,116692097238799,城市大富翁（5）,雨哥到处跑,日常,生活,21,3846,1581381,36840,5074,138806,112465,37696,4917,1780628700,https://www.bilibili.com/video/BV1wEEc6REms,http://i1.hdslb.com/bfs/archive/8628e50dc2e56aec5815c8e3f665d304cfe23d80.jpg
2026-06-07,2026-06-07 15:57:39,8,BV1cu7r6FEPd,116696023045705,英国，沦为印度殖民地,平原公子,日常,生活,21,463,2820622,11321,8005,182382,7802,19437,17750,1780640137,https://www.bilibili.com/video/BV1cu7r6FEPd,http://i1.hdslb.com/bfs/archive/95ba7fb80bc2a46fc2c8f7ff69a08c57c40ef914.jpg
2026-06-07,2026-06-07 15:57:39,9,BV13s7z63EjV,116695016477738,《绝区零》3.0新地块实机演示,绝区零,手机游戏,游戏,172,599,1434615,9345,13636,124577,58302,22330,24845,1780624803,https://www.bilibili.com/video/BV13s7z63EjV,http://i0.hdslb.com/bfs/archive/ac132a13aed30f0b83ff50dfb56d83e2e518206a.jpg
2026-06-07,2026-06-07 15:57:39,10,BV1WY7U6dEJ5,116699814693875,【微电影】人类文明的最后一届高考,最后讲述者,鬼畜剧场,鬼畜剧场,216,263,1916485,2470,5189,153072,16367,33574,7720,1780709400,https://www.bilibili.com/video/BV1WY7U6dEJ5,http://i2.hdslb.com/bfs/archive/40a717d48c3dbeb9559b00a07a88af6cfd5181fb.jpg
2026-06-07,2026-06-07 15:57:39,11,BV1rg7C6TEUm,116696912369911,一句“一氧化二氢”能钓出多少“读稿机”？,中国食品报融媒体,科学科普,知识,201,291,4165155,5845,20326,175391,13601,21818,14235,1780653928,https://www.bilibili.com/video/BV1rg7C6TEUm,http://i1.hdslb.com/bfs/archive/1081ed32a36e81bee443915a997ed5f2bd56badd.jpg
2026-06-07,2026-06-07 15:57:39,12,BV1df7r6REpB,116695469463690,如何在家制造浓汤宝,嘤武罗,日常,生活,21,501,4040988,3346,3097,167119,42317,40096,2481,1780650000,https://www.bilibili.com/video/BV1df7r6REpB,http://i2.hdslb.com/bfs/archive/94c85d2ebad9002fcbad0c7ef2f3c8a3f1ec6768.jpg
2026-06-07,2026-06-07 15:57:39,13,BV1T9Vm6UE2N,116684681647760,《古剑》3分钟战斗实机 | 线下试玩招募开启,古剑,单机游戏,游戏,17,168,4155030,3135,9507,72806,50153,29107,21299,1780698215,https://www.bilibili.com/video/BV1T9Vm6UE2N,http://i0.hdslb.com/bfs/archive/d18a0e2a80905c1a2bfe0d000c3ca47aa1548899.jpg
2026-06-07,2026-06-07 15:57:39,14,BV1uXEA6gEMu,116692567070822,“别着急，我来给你补充「偶！像！能！量！」”,小耗owo,手机游戏,游戏,172,80,1123292,825,2320,223192,14675,49766,10148,1780624800,https://www.bilibili.com/video/BV1uXEA6gEMu,http://i1.hdslb.com/bfs/archive/64822f49e99e9fb8b41ba5e0f9e06f48d4b76446.jpg
2026-06-07,2026-06-07 15:57:39,15,BV1pDV86oE6S,116657217344637,热烈欢迎薛凯琪！工作之余，Fiona会带哪些让自己感到快乐的东西呢～（录完这期脑海里都是Fifi的笑声,papi酱,短片,动画,256,2017,1238514,10953,4612,126040,49992,15875,7172,1780632000,https://www.bilibili.com/video/BV1pDV86oE6S,http://i2.hdslb.com/bfs/archive/032f4048d6f94c465fc10972289999cf79f2572f.jpg
2026-06-07,2026-06-07 15:57:39,16,BV16DVz6UE77,116679229180052,如何拍出电影感大片,喜欢拍照的皮皮,日常,生活,21,60,3808512,355,2264,354217,12340,104206,8533,1780384052,https://www.bilibili.com/video/BV16DVz6UE77,http://i1.hdslb.com/bfs/archive/82ba23d6fb45244f769f8f127cfbe2f51afe67c8.jpg
2026-06-07,2026-06-07 15:57:39,17,BV1PP7C63E2J,116696710912022,《师》我回母校当老师,阿廖沙别害怕_,搞笑,娱乐,138,296,1718234,482,1018,162755,4344,12666,579,1780650587,https://www.bilibili.com/video/BV1PP7C63E2J,http://i0.hdslb.com/bfs/archive/b04455fde128b88ff0a92e264778512242510bc9.jpg
2026-06-07,2026-06-07 15:57:39,18,BV1Qt7X61Enn,116686241993999,百万英镑，但素质过低,青时晚,影视剪辑,影视,183,174,2217356,1888,2314,132429,10339,33379,13266,1780490956,https://www.bilibili.com/video/BV1Qt7X61Enn,http://i0.hdslb.com/bfs/archive/1573985b4950f4d1001b3a21a50adab722b0a0f1.jpg
2026-06-07,2026-06-07 15:57:39,19,BV1ZREP6dEcU,116693758117714,扫落叶全清洁100%速通39分03秒leaf it alone,闲云豹,单机游戏,游戏,17,2367,1377139,1544,2235,119988,12512,25179,4927,1780605809,https://www.bilibili.com/video/BV1ZREP6dEcU,http://i1.hdslb.com/bfs/archive/310db23466f62e9399f25f92c8d2b0af953476d6.jpg
2026-06-07,2026-06-07 15:57:39,20,BV16w7D6RERW,116700921988742,007看后:追逐战？,MEspace天植,绘画,绘画,162,49,2254406,231,936,221370,20612,37703,1885,1780714922,https://www.bilibili.com/video/BV16w7D6RERW,http://i2.hdslb.com/bfs/archive/f35dab38094910739815ae6424bcceee9316f8f7.jpg
2026-06-07,2026-06-07 15:57:39,21,BV168796PEv1,116685839403735,如此仙音唯有挠臭,lulu和露爸,喵星人,喵星人,218,26,4776366,17130,5725,599018,16771,116587,25103,1780484850,https://www.bilibili.com/video/BV168796PEv1,http://i1.hdslb.com/bfs/archive/87f3ce4876a2e50e34a2c1b24dfe10ae34700a55.jpg
2026-06-07,2026-06-07 15:57:39,22,BV1uX7k6UENx,116696761239484,巨构：没有告别,巨构ai,网络游戏,游戏,65,19,2675712,5115,6905,434454,20598,146450,6239,1780651506,https://www.bilibili.com/video/BV1uX7k6UENx,http://i0.hdslb.com/bfs/archive/1422e60b2923b373953bd4ce6433b6f0e91f9501.jpg
2026-06-07,2026-06-07 15:57:39,23,BV1s7V46XEix,116655590017716,评论区摄影大赛之火遍全网的佳作篇，本期有锐评系列也有破败与新生佳作，欢迎投稿好的作品会让更多人看到。,摄影恩哥,日常,生活,21,124,3845577,1452,7545,246826,1572,18040,743,1780738200,https://www.bilibili.com/video/BV1s7V46XEix,http://i1.hdslb.com/bfs/archive/58aada2ca9cd83b3f4d86b331759b2c832c8bcb4.jpg
2026-06-07,2026-06-07 15:57:39,24,BV1gsEw6zExs,116691040208641,你的高考/中考/期末考belike,哈基mer-猫meme,搞笑,娱乐,138,22,736551,27724,2231,262511,28987,54069,4990,1780564012,https://www.bilibili.com/video/BV1gsEw6zExs,http://i2.hdslb.com/bfs/archive/4f76f8d127f1c6d5a990c89a161f10356e783cd4.jpg
2026-06-07,2026-06-07 15:57:39,25,BV1gWEw6gE4X,116691056987748,“这种没流量的画画最狠了”,像风如你o_O,日常,生活,21,25,2223378,669,3291,274005,7490,23308,1091,1780564358,https://www.bilibili.com/video/BV1gWEw6gE4X,http://i0.hdslb.com/bfs/archive/96621cf035234fbf3c3d6f498d6f4d5eae388c12.jpg
2026-06-07,2026-06-07 15:57:39,26,BV1GHEw6rEo4,116691140875979,无能的杰哥,神威-狗剩,影视剪辑,影视,183,154,2775709,1853,3703,135050,7958,24701,26919,1780565876,https://www.bilibili.com/video/BV1GHEw6rEo4,http://i2.hdslb.com/bfs/archive/0814d03bdf68a6a83cba4b8ba18fa6d58d6de912.jpg
2026-06-07,2026-06-07 15:57:39,27,BV1kCVU65ERM,116669112386149,初中生斗胆跳一段jam,特崮斯,篮球,运动,235,45,6475172,9528,18651,1241599,202423,131577,19376,1780229707,https://www.bilibili.com/video/BV1kCVU65ERM,http://i1.hdslb.com/bfs/archive/5871a66dc8e356ff71da4a6d99d5922b4a6a3fce.jpg
2026-06-07,2026-06-07 15:57:39,28,BV1xU7f6xEjt,116690939546284,CF单机叙事续作——《穿越火线：潜伏》实机首曝,穿越火线潜伏,单机游戏,游戏,17,308,4586049,1556,5059,111657,6920,22260,12139,1780696800,https://www.bilibili.com/video/BV1xU7f6xEjt,http://i0.hdslb.com/bfs/archive/140a4abb0c80a2aa1e7cb7126c978567b667ed12.jpg
2026-06-07,2026-06-07 15:57:39,29,BV1sC7R6VEF3,116687181451048,【侯绿萝】视频加载中，速速查收惊喜！,侯绿萝,小剧场,娱乐,85,233,1876762,1459,1404,178620,10500,14783,1800,1780538400,https://www.bilibili.com/video/BV1sC7R6VEF3,http://i0.hdslb.com/bfs/archive/e40df1469a3bc68659f30a77b0e0801ae88938bb.jpg
2026-06-07,2026-06-07 15:57:39,30,BV16kV26TES7,116685470175022,当父母说出了正确答案：,进击的金厂长,搞笑,娱乐,138,129,5878528,2368,2426,394143,144745,187276,3170,1780479155,https://www.bilibili.com/video/BV16kV26TES7,http://i0.hdslb.com/bfs/archive/982b25c4ef21fb08f77ae933c89f4b99d5b0c86a.jpg
2026-06-07,2026-06-07 15:57:39,31,BV1xR7S6hEkB,116700804683368,菲比：就你们寝室最吵！！,Lm海洋,音乐综合,音乐,130,262,838713,571,3024,69983,50655,30682,10990,1780713190,https://www.bilibili.com/video/BV1xR7S6hEkB,http://i1.hdslb.com/bfs/archive/348cd3608f962369b093721ee90e2515a127a833.jpg
2026-06-07,2026-06-07 15:57:39,32,BV1WT7C6uEj8,116696878749194,猫 咪 的 花 语 是 老 吴🎵,幾加乘,同人·手书,动画,47,259,1511624,1573,2986,112123,16701,23230,9965,1780653131,https://www.bilibili.com/video/BV1WT7C6uEj8,http://i0.hdslb.com/bfs/archive/ad354ddb8c2e2bf697327dc182835b3d6014f4b1.jpg
2026-06-07,2026-06-07 15:57:39,33,BV1F7716gE1d,116697667213269,不降 |《归唐》夏日游戏节剧情初窥预告,归唐,单机游戏,游戏,17,195,4911125,2205,7588,120648,3707,12489,6128,1780694417,https://www.bilibili.com/video/BV1F7716gE1d,http://i1.hdslb.com/bfs/archive/ee1e7f11e5576321abd715ef6582c5b5fe323c2d.jpg
2026-06-07,2026-06-07 15:57:39,34,BV1jeEc6yE75,116691593992011,《你说谁错谁就错，因为你开迈巴赫》,嘞是唐孃孃,搞笑,娱乐,138,34,3082680,177,1969,233503,3167,15565,1272,1780572588,https://www.bilibili.com/video/BV1jeEc6yE75,http://i0.hdslb.com/bfs/archive/cc74080d84744d7622f9f9dd492a1583e00aaed7.jpg
2026-06-07,2026-06-07 15:57:39,35,BV1XEV26XEsz,116683641455201,冠以破碎之名：第一集 冰潮寒雨之夏,Xavier_白昼,综合,综合,27,1106,1373558,1824,2433,103704,22162,64076,3532,1780451269,https://www.bilibili.com/video/BV1XEV26XEsz,http://i0.hdslb.com/bfs/archive/edb3c2a03146bbc3390581aa30c41b8e3c3ab846.jpg
2026-06-07,2026-06-07 15:57:39,36,BV1Ja7k6AE1b,116697063235411,我又给花朵加了个开关！,是玉木呀,设计·创意,设计·创意,229,104,989771,489,802,156884,17742,31397,3186,1780656042,https://www.bilibili.com/video/BV1Ja7k6AE1b,http://i0.hdslb.com/bfs/archive/c05470a618fc67ee60cb9df153eb5ad6d3c8ce08.jpg
2026-06-07,2026-06-07 15:57:39,37,BV1yiEF6WErx,116690419585062,奶香馒头,夏叔厨房,美食制作,美食,76,76,1691673,925,7250,217316,7502,19060,1126,1780554601,https://www.bilibili.com/video/BV1yiEF6WErx,http://i1.hdslb.com/bfs/archive/82992eb9cddf1a5a5e5e77e481db8626c6005de9.jpg
2026-06-07,2026-06-07 15:57:39,38,BV1bV7k6LExn,116697264560365,再见！一系列！高考必胜！,一数,校园学习,知识,208,193,848844,28438,14339,81552,32152,17158,5559,1780659292,https://www.bilibili.com/video/BV1bV7k6LExn,http://i2.hdslb.com/bfs/archive/5df66240b2b71ca2bc6ce697e929657b1b1df5a4.jpg
2026-06-07,2026-06-07 15:57:39,39,BV15v7S65EWD,116701022717876,挑战给历史故事打tag（标签）,混饭达人,娱乐杂谈,娱乐杂谈,241,77,2566770,1545,1888,194769,4117,21972,11257,1780716510,https://www.bilibili.com/video/BV15v7S65EWD,http://i2.hdslb.com/bfs/archive/1845b193e356ee0f6b686419e20cc96fe1678367.jpg
2026-06-07,2026-06-07 15:57:39,40,BV1hG7y69Ej2,116698036313694,史上最骚特工(第二集),老番茄,单机游戏,游戏,17,842,1742050,2951,1653,117683,38393,31527,1964,1780716600,https://www.bilibili.com/video/BV1hG7y69Ej2,http://i2.hdslb.com/bfs/archive/c4778bfde8d395e0f91e2f746393736302e8205c.jpg
2026-06-07,2026-06-07 15:57:39,41,BV12R7Q6MEJX,116686543914174,你说你有点难追～,未知艺术家_611,搞笑,娱乐,138,30,2715615,233,2013,246572,3008,25774,3812,1780495648,https://www.bilibili.com/video/BV12R7Q6MEJX,http://i2.hdslb.com/bfs/archive/aeaf33a25e079b26433a425ee56ac24f566861d7.jpg
2026-06-07,2026-06-07 15:57:39,42,BV1TR766zEvE,116695972714489,在沙漠里种了1800万棵树，然后呢？,影视飓风,娱乐粉丝创作,娱乐,242,756,2367657,8699,2617,130035,50851,23502,2249,1780650000,https://www.bilibili.com/video/BV1TR766zEvE,http://i1.hdslb.com/bfs/archive/af434541e40c0402ac850fc6783faa3ed5bfdda9.jpg
2026-06-07,2026-06-07 15:57:39,43,BV1UV7k6LEUG,116697264627213,航天会刷典狱长？！【三角洲动画】,手折余弦丶,电子竞技,游戏,171,300,1113401,1235,1308,91968,9941,22872,2685,1780659017,https://www.bilibili.com/video/BV1UV7k6LEUG,http://i0.hdslb.com/bfs/archive/eb575db6391346950b2623259e6c0c6469239e03.jpg
2026-06-07,2026-06-07 15:57:39,44,BV1XQ7Z6eEki,116689412819066,特朗普的愤怒,燕三嘤嘤嘤,人文历史,知识,228,1133,2919426,10763,4891,142956,34481,20604,2768,1780545020,https://www.bilibili.com/video/BV1XQ7Z6eEki,http://i0.hdslb.com/bfs/archive/d106118a7a33e310838a2e387ce511583c5a7a62.jpg
2026-06-07,2026-06-07 15:57:39,45,BV1EwEF62EhA,116690721443492,当校长挑选教室地板时,Cheems电玩屋,日常,生活,21,18,4734205,775,4631,191315,955,7118,472,1780559484,https://www.bilibili.com/video/BV1EwEF62EhA,http://i0.hdslb.com/bfs/archive/8916553504d48aec3ba5ad2bdfeec5fcf7eefc1c.jpg
2026-06-07,2026-06-07 15:57:39,46,BV1um7665EpW,116696325033820,讷,水生植物人owo,日常,生活,21,16,1149387,775,5925,163335,4171,42460,15093,1780644714,https://www.bilibili.com/video/BV1um7665EpW,http://i2.hdslb.com/bfs/archive/ce971f171b1f22d061819b3fea882f5d4af2a608.jpg
2026-06-07,2026-06-07 15:57:39,47,BV1R7Ew65ERR,116691124229360,当爸爸找亲戚买手机,刘鸿哥哥,小剧场,娱乐,85,119,2334366,937,2872,158194,1403,8498,1696,1780565630,https://www.bilibili.com/video/BV1R7Ew65ERR,http://i0.hdslb.com/bfs/archive/5e4feb10a7cf9e178bf7e9a619d62843bc5ae8b2.jpg
2026-06-07,2026-06-07 15:57:39,48,BV1DB7f6AEBK,116690989942959,最 不 物 质 之 人,张八筒筒,日常,生活,21,127,2363278,881,908,166159,1483,8521,825,1780563943,https://www.bilibili.com/video/BV1DB7f6AEBK,http://i1.hdslb.com/bfs/archive/612e05a8e02454bd4e3723991d4808f061b1c188.jpg
2026-06-07,2026-06-07 15:57:39,49,BV1W6VZ6MEbd,116674313328609,🍄欠揍气球🍄,纸片马力欧,日常,生活,21,40,4296812,5585,10026,500892,39258,265197,76447,1780309043,https://www.bilibili.com/video/BV1W6VZ6MEbd,http://i0.hdslb.com/bfs/archive/3d18bae01c4fc365d9e7e0ede5efb926e32115ad.jpg
2026-06-07,2026-06-07 15:57:39,50,BV1yo7B68EHX,116695117207554,《鸣潮》×《赛博朋克：边缘行者》共鸣者战斗演示 | 露西,鸣潮,单机游戏,游戏,17,283,2246751,2381,8268,77998,24007,13630,14688,1780628400,https://www.bilibili.com/video/BV1yo7B68EHX,http://i2.hdslb.com/bfs/archive/61426f2876187b9326f1b732fdea7044e08d7ea3.jpg
2026-06-07,2026-06-07 15:57:39,51,BV1L7Ew65ETv,116691124098703,我养护的石拱桥，已经被国家收录为不可移动文物！,抓紧长长长呀,三农,生活,251,604,1784332,1094,2072,122530,6995,9283,472,1780565746,https://www.bilibili.com/video/BV1L7Ew65ETv,http://i1.hdslb.com/bfs/archive/56f52737bc566db19c5316ccdcc3b87cc81709e0.jpg
2026-06-07,2026-06-07 15:57:39,52,BV1vEEP6HEFw,116692281789801,2025年出货量370万台！激光雷达真成“安全气囊”了？,保镖的车库,新能源车,新能源车,247,606,1537927,523,689,105939,3097,10926,391,1780653900,https://www.bilibili.com/video/BV1vEEP6HEFw,http://i1.hdslb.com/bfs/archive/76872e6b743f73527ee70c89a75c39214a868540.jpg
2026-06-07,2026-06-07 15:57:39,53,BV1jz7k6tEkL,116696979347018,教程来啦兄弟们 拍起来,是柳宗元,电子竞技,游戏,171,46,2178430,177,862,164895,2793,24924,1302,1780654702,https://www.bilibili.com/video/BV1jz7k6tEkL,http://i0.hdslb.com/bfs/archive/becaa38ea9e7437bed18411340db6d5da7f4cd54.jpg
2026-06-07,2026-06-07 15:57:39,54,BV1wE7m67EAF,116700569671653,“我在成华大道「拼接遗憾」”,Dieorite,人力VOCALOID,人力VOCALOID,126,116,501227,2181,1337,114714,24584,33467,1915,1780709690,https://www.bilibili.com/video/BV1wE7m67EAF,http://i1.hdslb.com/bfs/archive/b7a88bfce9322211ddb670d69d549967dba6591e.jpg
2026-06-07,2026-06-07 15:57:39,55,BV1nWVm6uEqb,116685285624503,我吃牛瘪火锅 结果买错牛胃了,张离谱Dreams,搞笑,娱乐,138,97,2532754,1269,3495,166243,3021,45636,12190,1780476405,https://www.bilibili.com/video/BV1nWVm6uEqb,http://i0.hdslb.com/bfs/archive/6f4f02f224993a1933f3e515e84d84edb5ca3808.jpg
2026-06-07,2026-06-07 15:57:39,56,BV1JAEw69EUS,116691342200777,生完宝宝之后我再也不敢得罪我老公了，因为……,笑哥走丢了a,亲子,生活,254,89,2131165,834,6735,163498,2997,8008,1807,1780568869,https://www.bilibili.com/video/BV1JAEw69EUS,http://i2.hdslb.com/bfs/archive/2496ecbfca22198efdffe5b1855ea840b90edb2a.jpg
2026-06-07,2026-06-07 15:57:39,57,BV1vR7D6JEEm,116702566223209,全球吃席！自驾巴尔干婚礼，吃欧洲乡村大席,食贫道,日常,生活,21,3274,883976,5524,1422,84094,30300,11562,927,1780741089,https://www.bilibili.com/video/BV1vR7D6JEEm,http://i2.hdslb.com/bfs/archive/b23120503d27e3049c25e887901c19df17a98fe1.jpg
2026-06-07,2026-06-07 15:57:39,58,BV1bwV161Er2,116684413209270,【aespa】LEMONNNN,aespa,音乐综合,音乐,130,11,6741428,12897,25668,129191,30764,15133,8703,1780475400,https://www.bilibili.com/video/BV1bwV161Er2,http://i1.hdslb.com/bfs/archive/1e63fbee388c793dc0403c872eefb52a8d7d8615.jpg
2026-06-07,2026-06-07 15:57:39,59,BV1JKEw6QEw9,116691509970719,我读了你们的评论 把阎王召唤出来了T_T,汤木檀泽,日常,生活,21,959,1860765,1484,1625,113924,6749,17696,545,1780571268,https://www.bilibili.com/video/BV1JKEw6QEw9,http://i1.hdslb.com/bfs/archive/0b6c7ccb214b6211a4cf9a8741eb473536e42587.jpg
2026-06-07,2026-06-07 15:57:39,60,BV1xZ7k6LESp,116696778084201,“哎呀 我们的主角倒下啦～”,西门小昭,综合,综合,27,30,694514,115,1019,133014,9059,53064,2316,1780655400,https://www.bilibili.com/video/BV1xZ7k6LESp,http://i2.hdslb.com/bfs/archive/2c5c6c548ed488771077293e2f7bfcfb435e4744.jpg
2026-06-07,2026-06-07 15:57:39,61,BV15z766SE1A,116696341812776,假如高考什么都可以带,小安苒AIGC,校园学习,知识,208,177,2132907,2578,2484,89162,2209,6860,1663,1780646400,https://www.bilibili.com/video/BV15z766SE1A,http://i2.hdslb.com/bfs/archive/ed743a6a86446310a9957bce92faa671a082a6d8.jpg
2026-06-07,2026-06-07 15:57:39,62,BV1jwV663EjR,116679380112598,我的世界杯主题曲！IShowSpeed - World Cup (Champions),ishowspeedsui,竞技体育,运动,236,299,4748324,2520,10922,261637,48408,46709,15562,1780386563,https://www.bilibili.com/video/BV1jwV663EjR,http://i2.hdslb.com/bfs/archive/2807f6a9b9342740dfa8764e7bcc6e231196c94f.jpg
2026-06-07,2026-06-07 15:57:39,63,BV1tV7k6LEyH,116697264556028,你或许不认识我 但我唱的歌你或许？？听过？,喵☆酱,翻唱,音乐,31,443,498031,4717,2208,103686,6900,14609,1180,1780659262,https://www.bilibili.com/video/BV1tV7k6LEyH,http://i1.hdslb.com/bfs/archive/f27fa302b117dedb6f353c75770d440ca8982c33.jpg
2026-06-07,2026-06-07 15:57:39,64,BV15W7C6tEyc,116696425766532,送你一片夕阳！,困雀雀,仿妆cos,时尚,252,36,538268,134,2187,159157,8422,28534,2505,1780646468,https://www.bilibili.com/video/BV15W7C6tEyc,http://i2.hdslb.com/bfs/archive/86973af2078693bfe5fc81d4dae783648e7fb904.jpg
2026-06-07,2026-06-07 15:57:39,65,BV13HEw6rEhc,116691140873202,接龙游戏开发，但都绷住了,M木糖M,单机游戏,游戏,17,933,1421614,1400,924,72010,10316,13318,1166,1780630200,https://www.bilibili.com/video/BV13HEw6rEhc,http://i2.hdslb.com/bfs/archive/1083ae38f0917802668505e94ed2fe06226cc58b.jpg
2026-06-07,2026-06-07 15:57:39,66,BV1uX7k6UEPn,116696761239539,把硬装的喊过来！,脱缰凯Kk,小剧场,娱乐,85,219,1234248,1558,1595,91097,2956,9557,642,1780651876,https://www.bilibili.com/video/BV1uX7k6UEPn,http://i1.hdslb.com/bfs/archive/1a5306b127f7814fe75bc726966f0f675fcb7e33.jpg
2026-06-07,2026-06-07 15:57:39,67,BV1xdEc6bEcK,116691426088191,肉食脑袋的硬菜局！爆辣猪蹄+火锅鸡泡面香迷糊,方芳的快乐生活,美食侦探,美食,212,1134,1825969,1472,871,84619,10476,14523,2949,1780571551,https://www.bilibili.com/video/BV1xdEc6bEcK,http://i1.hdslb.com/bfs/archive/bdc078c74f5e0987fffca10262d6ced73d562c27.jpg
2026-06-07,2026-06-07 15:57:39,68,BV1VWVz6TELx,116679598147712,星际穿越的我，试图提醒过去的自己....,考研英语大雁,校园学习,知识,208,33,3280664,718,2505,417419,9607,54555,7166,1780389685,https://www.bilibili.com/video/BV1VWVz6TELx,http://i0.hdslb.com/bfs/archive/5822709cbd5c2a8a09fabc50bcfdcfc29859f9a1.jpg
2026-06-07,2026-06-07 15:57:39,69,BV1MtEF6fEga,116690436233152,全国男生统一迷惑行为,王小洋-已黑化,日常,生活,21,446,963267,2917,2017,79014,1803,14558,2223,1780567200,https://www.bilibili.com/video/BV1MtEF6fEga,http://i1.hdslb.com/bfs/archive/696e0beeae3b0520b2aeae3a4aa24c0eeb689fcd.jpg
2026-06-07,2026-06-07 15:57:39,70,BV1VD726iE1t,116698791282580,《猴王出事》,伤心欲茄222,搞笑,娱乐,138,103,1906730,1090,3214,141957,5526,7301,5035,1780718400,https://www.bilibili.com/video/BV1VD726iE1t,http://i1.hdslb.com/bfs/archive/2fa41f4d1af95817e553d8fd8c6eeb7fc16a9d82.jpg
2026-06-07,2026-06-07 15:57:39,71,BV19N7y6bE1e,116698455803490,全体起立鼓掌！人类发现了治癌症的新药！🤯,蜗牛的科技笔记,软件应用,软件应用,230,115,1147393,986,5113,105406,3984,17416,7173,1780677279,https://www.bilibili.com/video/BV19N7y6bE1e,http://i2.hdslb.com/bfs/archive/3b5f57bbd2f68b33097261f34d0cbb700b9439ce.jpg
2026-06-07,2026-06-07 15:57:39,72,BV1pnVm6GEQG,116685386483651,“当bro以为自己很有影响力时…”,林宇辉,社科·法律·心理,知识,124,16,906931,485,1982,262467,10634,34447,1244,1780478075,https://www.bilibili.com/video/BV1pnVm6GEQG,http://i1.hdslb.com/bfs/archive/02329b4beff89227f0f34b10ef7ca21a2b920c65.jpg
2026-06-07,2026-06-07 15:57:39,73,BV1usEw6zEiy,116691040210390,【餐馆TV】UP今天发烧了……作品会不会受影响啊,大乾乾是顾乾宇,小剧场,娱乐,85,141,895798,1711,2756,104009,3289,12722,7439,1780564633,https://www.bilibili.com/video/BV1usEw6zEiy,http://i1.hdslb.com/bfs/archive/6d69be5e1f22dec4058e90f795df2ff7c21e4a91.jpg
2026-06-07,2026-06-07 15:57:39,74,BV1dY7Q6pEQZ,116701878291791,千里奔赴只为弥补40年前的遗憾,赛亚人阿廖,出行,生活,250,246,718167,1331,1231,91028,24986,9612,324,1780729530,https://www.bilibili.com/video/BV1dY7Q6pEQZ,http://i0.hdslb.com/bfs/archive/5f9f719eb1fb6326b0a2eabe298cd1484afab3e6.jpg
2026-06-07,2026-06-07 15:57:39,75,BV1Zj7C6wEJY,116696845125445,织棉为布，非遗土布。用千年蓝染，重现极致的东方浪漫,花木紫Huamuz,手工,生活,161,401,1103236,1541,2330,85050,8081,8172,624,1780652882,https://www.bilibili.com/video/BV1Zj7C6wEJY,http://i0.hdslb.com/bfs/archive/753a39454d2f1455af84effb021941e20ad4c2c7.jpg
2026-06-07,2026-06-07 15:57:39,76,BV19J7r6HESb,116695704274527,【抱佛脚】高考语文！选择题？最后一课！,学过石油的语文老师,校园学习,知识,208,1200,866888,36957,11265,41742,16817,20643,4066,1780660800,https://www.bilibili.com/video/BV19J7r6HESb,http://i0.hdslb.com/bfs/archive/f8d05a7621ff85694f1ddb7ac6c3c775b0e01965.jpg
2026-06-07,2026-06-07 15:57:39,77,BV1RvVo6QEqo,116674682426936,不儿，你俩来真的啊？！,主持人yoyo酱,搞笑,娱乐,138,265,5874553,16666,12671,703894,530731,127915,14833,1780314627,https://www.bilibili.com/video/BV1RvVo6QEqo,http://i1.hdslb.com/bfs/archive/e8bde3297455f3796e516de2362d5eb1085d9abf.jpg
2026-06-07,2026-06-07 15:57:39,78,BV1pW7Q68Emz,116702180348281,这期谁能绷住,呱唧菌,搞笑,娱乐,138,339,864836,1429,1014,86565,4106,14996,1192,1780741800,https://www.bilibili.com/video/BV1pW7Q68Emz,http://i2.hdslb.com/bfs/archive/5ae6e1d11721490eb4a17034e97a4c36afdca5f0.jpg
2026-06-07,2026-06-07 15:57:39,79,BV1QzVR63E3L,116671930963542,回忆永远都是加分项,央视新闻,日常,生活,21,184,3723848,29258,24321,650338,251155,198301,60803,1780286400,https://www.bilibili.com/video/BV1QzVR63E3L,http://i2.hdslb.com/bfs/archive/f4dc3fe8ea88a450877315e867b4995121d5dbf6.jpg
2026-06-07,2026-06-07 15:57:39,80,BV17q7y6qEeG,116697767874225,当代牢大学生论文现状belike：,黑曼波语录,鬼畜调教,鬼畜,22,78,1182206,217,1513,86659,2716,59826,6514,1780716900,https://www.bilibili.com/video/BV17q7y6qEeG,http://i2.hdslb.com/bfs/archive/a42866374c2dd87fd5093121386c1dd1372e10a6.jpg
2026-06-07,2026-06-07 15:57:39,81,BV1Qb7R6XECX,116687064072844,⚡冷 笑 话 大 全 6.0⚡,污污云,鬼畜调教,鬼畜,22,66,1551619,216,1078,111814,2164,44987,5653,1780545600,https://www.bilibili.com/video/BV1Qb7R6XECX,http://i2.hdslb.com/bfs/archive/edf5ec9306bef71931b52d5b0a961e13f1ecc966.jpg
2026-06-07,2026-06-07 15:57:39,82,BV1mhV26yETL,116683775678542,科比的哲学启示录第十四期,蟹不肉丨,影视剪辑,影视,183,74,5372071,1214,7086,330167,16673,87231,15653,1780453236,https://www.bilibili.com/video/BV1mhV26yETL,http://i0.hdslb.com/bfs/archive/738134aa027bf05aa3f3843c528db81f3d78307d.jpg
2026-06-07,2026-06-07 15:57:39,83,BV1LR7D6JEV7,116702566156828,Re：佩恩从零开始的异世界生活！！！【水门篇】,-夏秋冬-,综合,综合,27,416,703755,1274,2724,56447,20187,16611,3140,1780740005,https://www.bilibili.com/video/BV1LR7D6JEV7,http://i0.hdslb.com/bfs/archive/bb4c488614d181445341190010ddfd29eae8cfb7.jpg
2026-06-07,2026-06-07 15:57:39,84,BV16sEc6SEwE,116692030070649,班级里的某些努力姐belike：,不懂爱的喵,AI音乐,AI音乐,265,81,2184591,621,4436,127885,608,10036,4310,1780579469,https://www.bilibili.com/video/BV16sEc6SEwE,http://i2.hdslb.com/bfs/archive/711ed87052e442f67c408a6e4e372e876c02a3f0.jpg
2026-06-07,2026-06-07 15:57:39,85,BV1edV26tEsB,116685654722666,复仇整蛊！蛋黄派伪装摄影师突袭周深，几秒就被识破？,记录生活的蛋黄派,美食测评,美食,213,556,3395840,7628,3069,105852,31377,50579,4023,1780565400,https://www.bilibili.com/video/BV1edV26tEsB,http://i2.hdslb.com/bfs/archive/a16b60bc03719059e3218dee538877f554f3f9b4.jpg
2026-06-07,2026-06-07 15:57:39,86,BV1yc7r6vE1C,116695905734805,关于我18岁为什么不去参加高考,我不是赤寒,日常,生活,21,126,1045795,1352,5992,117148,6198,12550,1679,1780638439,https://www.bilibili.com/video/BV1yc7r6vE1C,http://i1.hdslb.com/bfs/archive/294ac25c415d3dcaf5c46bbc02fb5df23da86784.jpg
2026-06-07,2026-06-07 15:57:39,87,BV1hAVm6XEE2,116685570836474,【传奇耐熬王】经典排骨💀60天仍然有5人存活💪到最后拼的就是谁身体好！🤦‍♂️,-超级小能猫-,搞笑,娱乐,138,2617,2455639,14635,2981,89091,19502,43742,4063,1780481719,https://www.bilibili.com/video/BV1hAVm6XEE2,http://i0.hdslb.com/bfs/archive/dc3782f8b522707e818c2537030e1b8893332367.jpg
2026-06-07,2026-06-07 15:57:39,88,BV1Xa7m6qEm7,116700217347938,意识深渊：我真的存在吗？,大圆镜科普,科学科普,知识,201,484,768713,1147,1680,70426,2289,13347,1203,1780704207,https://www.bilibili.com/video/BV1Xa7m6qEm7,http://i1.hdslb.com/bfs/archive/2d760490c4cfbae1c3b9168320f075ace66ad15a.jpg
2026-06-07,2026-06-07 15:57:39,89,BV15wVB6YECT,116678608359768,一顿饭只要三块钱，客人吃着吃着，人就“没了”,瞎通不设计了,美食侦探,美食,212,187,2480663,2538,6462,296721,172117,29894,4165,1780390800,https://www.bilibili.com/video/BV15wVB6YECT,http://i1.hdslb.com/bfs/archive/fd898a754bc3cf4317349a2b3c4394e104417434.jpg
2026-06-07,2026-06-07 15:57:39,90,BV1YV7U6zEps,116699697254319,小登VS老登,灼眼的SABER哒,同人·手书,动画,47,63,845681,411,2180,110104,8818,36229,8738,1780718400,https://www.bilibili.com/video/BV1YV7U6zEps,http://i0.hdslb.com/bfs/archive/dce2758cd8546e893008888b88f215364194d4a7.jpg
2026-06-07,2026-06-07 15:57:39,91,BV1797X6ZEvW,116686158038804,真跳60分钟，天台暴晒也算时间哦,矮乐多Aliga,日常,生活,21,3639,1168132,1090,1700,65274,13271,22965,2690,1780490050,https://www.bilibili.com/video/BV1797X6ZEvW,http://i0.hdslb.com/bfs/archive/51a11a46ff9c8a78cf19a5444bd1f18bb0099c9d.jpg
2026-06-07,2026-06-07 15:57:39,92,BV1n17D6xEX2,116702331278408,这就是7JIA最强之人,杨齐家_,单机游戏,游戏,17,1221,1369674,4528,2187,80876,7594,10704,632,1780736508,https://www.bilibili.com/video/BV1n17D6xEX2,http://i1.hdslb.com/bfs/archive/63922fa2e9e8a18b95b8175a3bea61b0779794d1.jpg
2026-06-07,2026-06-07 15:57:39,93,BV1uTEc6AEzV,116691963025070,以为这次断更，会是永别,ONLee_Studio,日常,生活,21,211,978726,1906,2661,66258,22681,4435,974,1780578368,https://www.bilibili.com/video/BV1uTEc6AEzV,http://i0.hdslb.com/bfs/archive/65223f1fb3bbe6f7b6e2b1e84b56584802350ec6.jpg
2026-06-07,2026-06-07 15:57:39,94,BV15d7D6UE4i,116702549379788,世界杯期间不抓移民？那这世界杯不是白办了吗,麻薯波比呀,社科·法律·心理,知识,124,995,1039977,5580,2556,66847,9087,8197,1487,1780740025,https://www.bilibili.com/video/BV15d7D6UE4i,http://i2.hdslb.com/bfs/archive/91940674117acf43b95f7a6e2e7ab686470cc3ea.jpg
2026-06-07,2026-06-07 15:57:39,95,BV1Jj7C6AEPq,116696845193451,是我还不够好,怎么转身又是,MMD·3D,动画,25,67,1164039,2426,5008,132449,6384,28969,19225,1780652794,https://www.bilibili.com/video/BV1Jj7C6AEPq,http://i0.hdslb.com/bfs/archive/c261bcb22b8b34b31c0d9cb2e04b0a49a318b123.jpg
2026-06-07,2026-06-07 15:57:39,96,BV12QEc6wETE,116691744917719,“我想我再也不会谈恋爱了”,柯洁,影视剪辑,影视,183,34,1397666,1023,4491,149680,6320,7057,6394,1780574976,https://www.bilibili.com/video/BV12QEc6wETE,http://i0.hdslb.com/bfs/archive/47071584488230edc82fe88b8fe9b87eb57cd115.jpg
2026-06-07,2026-06-07 15:57:39,97,BV1aFVm6REvY,116685537281059,蜘蛛糸モノポリー,苏酥鱼鱼喵,MMD·3D,动画,25,113,653090,183,1451,130308,5184,47866,3722,1780480166,https://www.bilibili.com/video/BV1aFVm6REvY,http://i0.hdslb.com/bfs/archive/43aeddbc4a47c5117090dc56e61b94bb7a858ec0.jpg
2026-06-07,2026-06-07 15:57:39,98,BV1um7665EHP,116696325033953,谁是猜价超人？,小杨Johnson,搞笑,娱乐,138,621,2023204,1833,647,42811,10890,8521,593,1780650000,https://www.bilibili.com/video/BV1um7665EHP,http://i2.hdslb.com/bfs/archive/4a683ea3a122ada0dd88fb184da7439b6831fdfe.jpg
2026-06-07,2026-06-07 15:57:39,99,BV1yk7X6KEz4,116686023891513,2高中生屠杀同学，造成13人死亡后自杀，开启美国校园枪击案先河：科伦拜恩枪击案,捕月说,人文历史,知识,228,733,1744342,696,511,60273,443,8338,279,1780654200,https://www.bilibili.com/video/BV1yk7X6KEz4,http://i2.hdslb.com/bfs/archive/b52e8d555de710438989ea0831c1fa8211fbe67d.jpg
2026-06-07,2026-06-07 15:57:39,100,BV1kv7262EyU,116698623578210,公司给粉丝安排了30万的水上宫殿...,飓多多StormCrew,日常,生活,21,852,1169632,3043,2017,65647,15335,13834,1433,1780714800,https://www.bilibili.com/video/BV1kv7262EyU,http://i2.hdslb.com/bfs/archive/a59944bd6ce91c0bbc28d8c8b560e8b73c31e976.jpg
2026-06-07,2026-06-07 16:57:40,1,BV15iEc6VEfH,116691577216788,路边一块，也能变废为宝，雕刻出大家想要的题材我不知道什么时候天才会亮，但我知道，跑着跑着，天就亮了。,小梨家的和田玉,手工,生活,161,220,5882925,3773,11266,222115,7569,21231,3626,1780572193,https://www.bilibili.com/video/BV15iEc6VEfH,http://i2.hdslb.com/bfs/archive/c1597efe82d66a7f728f8bdd84505eff4b7f5ac9.jpg
2026-06-07,2026-06-07 16:57:40,2,BV15C7k6REKC,116697197451293,公测定档7月 | 《遗忘之海》船员集结摇滚MV「燥」,遗忘之海,GMV,GMV,121,205,5518627,1184,2040,102327,75507,76725,4288,1780711200,https://www.bilibili.com/video/BV15C7k6REKC,http://i0.hdslb.com/bfs/archive/bef8db958217ad42ed011f4bf5d5d6c1cf3a4bad.jpg
2026-06-07,2026-06-07 16:57:40,3,BV1Qi7f6eE59,116690805395451,致敬每一个心中有花，努力奔跑的人,爱画画的子衿,亲子,生活,254,313,1670454,3351,3514,227912,114605,15053,3606,1780561800,https://www.bilibili.com/video/BV1Qi7f6eE59,http://i1.hdslb.com/bfs/archive/2c9cc3dd70d264a8473e46b8bebaad7db4d6ef2c.jpg
2026-06-07,2026-06-07 16:57:40,4,BV17GEP6xEDW,116692348832614,新三国up锐评楚汉传奇01：是不是我打开的方式不太对？,吃蛋挞的折棒,影视杂谈,影视,182,1348,1477865,19554,11324,131532,127251,27397,10247,1780624800,https://www.bilibili.com/video/BV17GEP6xEDW,http://i2.hdslb.com/bfs/archive/4e5cd47c8551d2b66643e2800041b7ec2d3bf729.jpg
2026-06-07,2026-06-07 16:57:40,5,BV1w6EF6QEjZ,116690033778619,不看后悔！史上最神人店家！,转生成为毛毛,美食侦探,美食,212,186,3282620,3897,8944,170044,4797,28663,14139,1780563600,https://www.bilibili.com/video/BV1w6EF6QEjZ,http://i1.hdslb.com/bfs/archive/07cb98d8f59285212c90c7646739a87803bf06c0.jpg
2026-06-07,2026-06-07 16:57:40,6,BV19ZEF6MEBV,116690117464228,人在干坏事的时候是不怕苦不怕累的,我是易拉爆,日常,生活,21,309,2109564,1390,3885,199362,14419,29400,14498,1780550100,https://www.bilibili.com/video/BV19ZEF6MEBV,http://i2.hdslb.com/bfs/archive/5a3e59dd5183e87d69b1ad3224466b821bf05e23.jpg
2026-06-07,2026-06-07 16:57:40,7,BV1wEEc6REms,116692097238799,城市大富翁（5）,雨哥到处跑,日常,生活,21,3846,1598292,37089,5092,139817,113045,37941,4939,1780628700,https://www.bilibili.com/video/BV1wEEc6REms,http://i1.hdslb.com/bfs/archive/8628e50dc2e56aec5815c8e3f665d304cfe23d80.jpg
2026-06-07,2026-06-07 16:57:40,8,BV1cu7r6FEPd,116696023045705,英国，沦为印度殖民地,平原公子,日常,生活,21,463,2857008,11531,8114,184931,7945,19746,18047,1780640137,https://www.bilibili.com/video/BV1cu7r6FEPd,http://i1.hdslb.com/bfs/archive/95ba7fb80bc2a46fc2c8f7ff69a08c57c40ef914.jpg
2026-06-07,2026-06-07 16:57:40,9,BV1WY7U6dEJ5,116699814693875,【微电影】人类文明的最后一届高考,最后讲述者,鬼畜剧场,鬼畜剧场,216,263,1975805,2530,5295,158124,16880,34667,7972,1780709400,https://www.bilibili.com/video/BV1WY7U6dEJ5,http://i2.hdslb.com/bfs/archive/40a717d48c3dbeb9559b00a07a88af6cfd5181fb.jpg
2026-06-07,2026-06-07 16:57:40,10,BV13s7z63EjV,116695016477738,《绝区零》3.0新地块实机演示,绝区零,手机游戏,游戏,172,599,1436415,9350,13641,124699,58333,22348,24855,1780624803,https://www.bilibili.com/video/BV13s7z63EjV,http://i0.hdslb.com/bfs/archive/ac132a13aed30f0b83ff50dfb56d83e2e518206a.jpg
2026-06-07,2026-06-07 16:57:40,11,BV1rg7C6TEUm,116696912369911,一句“一氧化二氢”能钓出多少“读稿机”？,中国食品报融媒体,科学科普,知识,201,291,4215132,5930,20594,177871,13758,22064,14420,1780653928,https://www.bilibili.com/video/BV1rg7C6TEUm,http://i1.hdslb.com/bfs/archive/1081ed32a36e81bee443915a997ed5f2bd56badd.jpg
2026-06-07,2026-06-07 16:57:40,12,BV1T9Vm6UE2N,116684681647760,《古剑》3分钟战斗实机 | 线下试玩招募开启,古剑,单机游戏,游戏,17,168,4272851,3153,9581,73645,50326,29231,21447,1780698215,https://www.bilibili.com/video/BV1T9Vm6UE2N,http://i0.hdslb.com/bfs/archive/d18a0e2a80905c1a2bfe0d000c3ca47aa1548899.jpg
2026-06-07,2026-06-07 16:57:40,13,BV1df7r6REpB,116695469463690,如何在家制造浓汤宝,嘤武罗,日常,生活,21,501,4176361,3367,3114,169222,42694,40809,2515,1780650000,https://www.bilibili.com/video/BV1df7r6REpB,http://i2.hdslb.com/bfs/archive/94c85d2ebad9002fcbad0c7ef2f3c8a3f1ec6768.jpg
2026-06-07,2026-06-07 16:57:40,14,BV1uXEA6gEMu,116692567070822,“别着急，我来给你补充「偶！像！能！量！」”,小耗owo,手机游戏,游戏,172,80,1133532,836,2352,225129,14885,50348,10264,1780624800,https://www.bilibili.com/video/BV1uXEA6gEMu,http://i1.hdslb.com/bfs/archive/64822f49e99e9fb8b41ba5e0f9e06f48d4b76446.jpg
2026-06-07,2026-06-07 16:57:40,15,BV1pDV86oE6S,116657217344637,热烈欢迎薛凯琪！工作之余，Fiona会带哪些让自己感到快乐的东西呢～（录完这期脑海里都是Fifi的笑声,papi酱,短片,动画,256,2017,1250882,11002,4637,126954,50300,16004,7211,1780632000,https://www.bilibili.com/video/BV1pDV86oE6S,http://i2.hdslb.com/bfs/archive/032f4048d6f94c465fc10972289999cf79f2572f.jpg
2026-06-07,2026-06-07 16:57:40,16,BV16w7D6RERW,116700921988742,007看后:追逐战？,MEspace天植,绘画,绘画,162,49,2327694,237,955,228113,21278,38934,1950,1780714922,https://www.bilibili.com/video/BV16w7D6RERW,http://i2.hdslb.com/bfs/archive/f35dab38094910739815ae6424bcceee9316f8f7.jpg
2026-06-07,2026-06-07 16:57:40,17,BV1ZREP6dEcU,116693758117714,扫落叶全清洁100%速通39分03秒leaf it alone,闲云豹,单机游戏,游戏,17,2367,1413751,1579,2274,123237,12819,26014,5058,1780605809,https://www.bilibili.com/video/BV1ZREP6dEcU,http://i1.hdslb.com/bfs/archive/310db23466f62e9399f25f92c8d2b0af953476d6.jpg
2026-06-07,2026-06-07 16:57:40,18,BV1PP7C63E2J,116696710912022,《师》我回母校当老师,阿廖沙别害怕_,搞笑,娱乐,138,296,1743403,485,1022,164432,4384,12855,584,1780650587,https://www.bilibili.com/video/BV1PP7C63E2J,http://i0.hdslb.com/bfs/archive/b04455fde128b88ff0a92e264778512242510bc9.jpg
2026-06-07,2026-06-07 16:57:40,19,BV16DVz6UE77,116679229180052,如何拍出电影感大片,喜欢拍照的皮皮,日常,生活,21,60,3827607,355,2273,356138,12466,104803,8592,1780384052,https://www.bilibili.com/video/BV16DVz6UE77,http://i1.hdslb.com/bfs/archive/82ba23d6fb45244f769f8f127cfbe2f51afe67c8.jpg
2026-06-07,2026-06-07 16:57:40,20,BV1xU7f6xEjt,116690939546284,CF单机叙事续作——《穿越火线：潜伏》实机首曝,穿越火线潜伏,单机游戏,游戏,17,308,4721690,1589,5245,113763,6964,22765,12428,1780696800,https://www.bilibili.com/video/BV1xU7f6xEjt,http://i0.hdslb.com/bfs/archive/140a4abb0c80a2aa1e7cb7126c978567b667ed12.jpg
2026-06-07,2026-06-07 16:57:40,21,BV168796PEv1,116685839403735,如此仙音唯有挠臭,lulu和露爸,喵星人,喵星人,218,26,4809180,17290,5753,602622,16937,117292,25329,1780484850,https://www.bilibili.com/video/BV168796PEv1,http://i1.hdslb.com/bfs/archive/87f3ce4876a2e50e34a2c1b24dfe10ae34700a55.jpg
2026-06-07,2026-06-07 16:57:40,22,BV1uX7k6UENx,116696761239484,巨构：没有告别,巨构ai,网络游戏,游戏,65,19,2709490,5197,6961,438646,20960,147936,6345,1780651506,https://www.bilibili.com/video/BV1uX7k6UENx,http://i0.hdslb.com/bfs/archive/1422e60b2923b373953bd4ce6433b6f0e91f9501.jpg
2026-06-07,2026-06-07 16:57:40,23,BV1s7V46XEix,116655590017716,评论区摄影大赛之火遍全网的佳作篇，本期有锐评系列也有破败与新生佳作，欢迎投稿好的作品会让更多人看到。,摄影恩哥,日常,生活,21,124,4025902,1512,7851,257132,1672,18991,786,1780738200,https://www.bilibili.com/video/BV1s7V46XEix,http://i1.hdslb.com/bfs/archive/58aada2ca9cd83b3f4d86b331759b2c832c8bcb4.jpg
2026-06-07,2026-06-07 16:57:40,24,BV1gsEw6zExs,116691040208641,你的高考/中考/期末考belike,哈基mer-猫meme,搞笑,娱乐,138,22,739547,27867,2250,263476,29148,54372,5003,1780564012,https://www.bilibili.com/video/BV1gsEw6zExs,http://i2.hdslb.com/bfs/archive/4f76f8d127f1c6d5a990c89a161f10356e783cd4.jpg
2026-06-07,2026-06-07 16:57:40,25,BV1gWEw6gE4X,116691056987748,“这种没流量的画画最狠了”,像风如你o_O,日常,生活,21,25,2231625,669,3301,274705,7524,23398,1099,1780564358,https://www.bilibili.com/video/BV1gWEw6gE4X,http://i0.hdslb.com/bfs/archive/96621cf035234fbf3c3d6f498d6f4d5eae388c12.jpg
2026-06-07,2026-06-07 16:57:40,26,BV1GHEw6rEo4,116691140875979,无能的杰哥,神威-狗剩,影视剪辑,影视,183,154,2780796,1859,3713,135417,7996,24788,27018,1780565876,https://www.bilibili.com/video/BV1GHEw6rEo4,http://i2.hdslb.com/bfs/archive/0814d03bdf68a6a83cba4b8ba18fa6d58d6de912.jpg
2026-06-07,2026-06-07 16:57:40,27,BV1Qt7X61Enn,116686241993999,百万英镑，但素质过低,青时晚,影视剪辑,影视,183,174,2232764,1904,2334,133402,10434,33671,13364,1780490956,https://www.bilibili.com/video/BV1Qt7X61Enn,http://i0.hdslb.com/bfs/archive/1573985b4950f4d1001b3a21a50adab722b0a0f1.jpg
2026-06-07,2026-06-07 16:57:40,28,BV1kCVU65ERM,116669112386149,初中生斗胆跳一段jam,特崮斯,篮球,运动,235,45,6496269,9617,18697,1244758,203003,131934,19429,1780229707,https://www.bilibili.com/video/BV1kCVU65ERM,http://i1.hdslb.com/bfs/archive/5871a66dc8e356ff71da4a6d99d5922b4a6a3fce.jpg
2026-06-07,2026-06-07 16:57:40,29,BV1xR7S6hEkB,116700804683368,菲比：就你们寝室最吵！！,Lm海洋,音乐综合,音乐,130,262,861309,582,3088,71604,51761,31389,11252,1780713190,https://www.bilibili.com/video/BV1xR7S6hEkB,http://i1.hdslb.com/bfs/archive/348cd3608f962369b093721ee90e2515a127a833.jpg
2026-06-07,2026-06-07 16:57:40,30,BV1sC7R6VEF3,116687181451048,【侯绿萝】视频加载中，速速查收惊喜！,侯绿萝,小剧场,娱乐,85,233,1887676,1477,1407,179681,10559,14887,1808,1780538400,https://www.bilibili.com/video/BV1sC7R6VEF3,http://i0.hdslb.com/bfs/archive/e40df1469a3bc68659f30a77b0e0801ae88938bb.jpg
2026-06-07,2026-06-07 16:57:40,31,BV1WT7C6uEj8,116696878749194,猫 咪 的 花 语 是 老 吴🎵,幾加乘,同人·手书,动画,47,259,1528809,1579,3008,112973,16882,23450,10086,1780653131,https://www.bilibili.com/video/BV1WT7C6uEj8,http://i0.hdslb.com/bfs/archive/ad354ddb8c2e2bf697327dc182835b3d6014f4b1.jpg
2026-06-07,2026-06-07 16:57:40,32,BV1F7716gE1d,116697667213269,不降 |《归唐》夏日游戏节剧情初窥预告,归唐,单机游戏,游戏,17,195,4915586,2210,7643,120800,3735,12514,6148,1780694417,https://www.bilibili.com/video/BV1F7716gE1d,http://i1.hdslb.com/bfs/archive/ee1e7f11e5576321abd715ef6582c5b5fe323c2d.jpg
2026-06-07,2026-06-07 16:57:40,33,BV16kV26TES7,116685470175022,当父母说出了正确答案：,进击的金厂长,搞笑,娱乐,138,129,5934040,2390,2432,396893,145582,188747,3205,1780479155,https://www.bilibili.com/video/BV16kV26TES7,http://i0.hdslb.com/bfs/archive/982b25c4ef21fb08f77ae933c89f4b99d5b0c86a.jpg
2026-06-07,2026-06-07 16:57:40,34,BV15v7S65EWD,116701022717876,挑战给历史故事打tag（标签）,混饭达人,娱乐杂谈,娱乐杂谈,241,77,2644623,1657,1950,201469,4268,22855,11737,1780716510,https://www.bilibili.com/video/BV15v7S65EWD,http://i2.hdslb.com/bfs/archive/1845b193e356ee0f6b686419e20cc96fe1678367.jpg
2026-06-07,2026-06-07 16:57:40,35,BV1jeEc6yE75,116691593992011,《你说谁错谁就错，因为你开迈巴赫》,嘞是唐孃孃,搞笑,娱乐,138,34,3096389,177,1971,234417,3185,15663,1275,1780572588,https://www.bilibili.com/video/BV1jeEc6yE75,http://i0.hdslb.com/bfs/archive/cc74080d84744d7622f9f9dd492a1583e00aaed7.jpg
2026-06-07,2026-06-07 16:57:40,36,BV1Ja7k6AE1b,116697063235411,我又给花朵加了个开关！,是玉木呀,设计·创意,设计·创意,229,104,997156,491,809,158207,17926,31705,3223,1780656042,https://www.bilibili.com/video/BV1Ja7k6AE1b,http://i0.hdslb.com/bfs/archive/c05470a618fc67ee60cb9df153eb5ad6d3c8ce08.jpg
2026-06-07,2026-06-07 16:57:40,37,BV1yiEF6WErx,116690419585062,奶香馒头,夏叔厨房,美食制作,美食,76,76,1698732,928,7274,218164,7535,19171,1128,1780554601,https://www.bilibili.com/video/BV1yiEF6WErx,http://i1.hdslb.com/bfs/archive/82992eb9cddf1a5a5e5e77e481db8626c6005de9.jpg
2026-06-07,2026-06-07 16:57:40,38,BV1hG7y69Ej2,116698036313694,史上最骚特工(第二集),老番茄,单机游戏,游戏,17,842,1770437,2981,1664,119266,38856,32037,1994,1780716600,https://www.bilibili.com/video/BV1hG7y69Ej2,http://i2.hdslb.com/bfs/archive/c4778bfde8d395e0f91e2f746393736302e8205c.jpg
2026-06-07,2026-06-07 16:57:40,39,BV1bV7k6LExn,116697264560365,再见！一系列！高考必胜！,一数,校园学习,知识,208,193,852440,28476,14354,81801,32234,17213,5564,1780659292,https://www.bilibili.com/video/BV1bV7k6LExn,http://i2.hdslb.com/bfs/archive/5df66240b2b71ca2bc6ce697e929657b1b1df5a4.jpg
2026-06-07,2026-06-07 16:57:40,40,BV1TR766zEvE,116695972714489,在沙漠里种了1800万棵树，然后呢？,影视飓风,娱乐粉丝创作,娱乐,242,756,2473886,8899,2644,133634,51606,23932,2306,1780650000,https://www.bilibili.com/video/BV1TR766zEvE,http://i1.hdslb.com/bfs/archive/af434541e40c0402ac850fc6783faa3ed5bfdda9.jpg
2026-06-07,2026-06-07 16:57:40,41,BV1XEV26XEsz,116683641455201,冠以破碎之名：第一集 冰潮寒雨之夏,Xavier_白昼,综合,综合,27,1106,1375391,1825,2434,103841,22197,64168,3538,1780451269,https://www.bilibili.com/video/BV1XEV26XEsz,http://i0.hdslb.com/bfs/archive/edb3c2a03146bbc3390581aa30c41b8e3c3ab846.jpg
2026-06-07,2026-06-07 16:57:40,42,BV12R7Q6MEJX,116686543914174,你说你有点难追～,未知艺术家_611,搞笑,娱乐,138,30,2733060,234,2019,247694,3017,25937,3834,1780495648,https://www.bilibili.com/video/BV12R7Q6MEJX,http://i2.hdslb.com/bfs/archive/aeaf33a25e079b26433a425ee56ac24f566861d7.jpg
2026-06-07,2026-06-07 16:57:40,43,BV1UV7k6LEUG,116697264627213,航天会刷典狱长？！【三角洲动画】,手折余弦丶,电子竞技,游戏,171,300,1131304,1251,1340,93639,10198,23369,2764,1780659017,https://www.bilibili.com/video/BV1UV7k6LEUG,http://i0.hdslb.com/bfs/archive/eb575db6391346950b2623259e6c0c6469239e03.jpg
2026-06-07,2026-06-07 16:57:40,44,BV1um7665EpW,116696325033820,讷,水生植物人owo,日常,生活,21,16,1168541,799,6071,166054,4239,43194,15345,1780644714,https://www.bilibili.com/video/BV1um7665EpW,http://i2.hdslb.com/bfs/archive/ce971f171b1f22d061819b3fea882f5d4af2a608.jpg
2026-06-07,2026-06-07 16:57:40,45,BV1R7Ew65ERR,116691124229360,当爸爸找亲戚买手机,刘鸿哥哥,小剧场,娱乐,85,119,2343178,943,2902,158831,1414,8540,1709,1780565630,https://www.bilibili.com/video/BV1R7Ew65ERR,http://i0.hdslb.com/bfs/archive/5e4feb10a7cf9e178bf7e9a619d62843bc5ae8b2.jpg
2026-06-07,2026-06-07 16:57:40,46,BV1XQ7Z6eEki,116689412819066,特朗普的愤怒,燕三嘤嘤嘤,人文历史,知识,228,1133,2926920,10781,4901,143184,34527,20612,2773,1780545020,https://www.bilibili.com/video/BV1XQ7Z6eEki,http://i0.hdslb.com/bfs/archive/d106118a7a33e310838a2e387ce511583c5a7a62.jpg
2026-06-07,2026-06-07 16:57:40,47,BV1DB7f6AEBK,116690989942959,最 不 物 质 之 人,张八筒筒,日常,生活,21,127,2394739,885,914,166558,1488,8565,828,1780563943,https://www.bilibili.com/video/BV1DB7f6AEBK,http://i1.hdslb.com/bfs/archive/612e05a8e02454bd4e3723991d4808f061b1c188.jpg
2026-06-07,2026-06-07 16:57:40,48,BV1W6VZ6MEbd,116674313328609,🍄欠揍气球🍄,纸片马力欧,日常,生活,21,40,4333121,5747,10090,504397,39584,267184,76852,1780309043,https://www.bilibili.com/video/BV1W6VZ6MEbd,http://i0.hdslb.com/bfs/archive/3d18bae01c4fc365d9e7e0ede5efb926e32115ad.jpg
2026-06-07,2026-06-07 16:57:40,49,BV1wE7m67EAF,116700569671653,“我在成华大道「拼接遗憾」”,Dieorite,人力VOCALOID,人力VOCALOID,126,116,532291,2313,1401,121145,25792,35229,2014,1780709690,https://www.bilibili.com/video/BV1wE7m67EAF,http://i1.hdslb.com/bfs/archive/b7a88bfce9322211ddb670d69d549967dba6591e.jpg
2026-06-07,2026-06-07 16:57:40,50,BV1yo7B68EHX,116695117207554,《鸣潮》×《赛博朋克：边缘行者》共鸣者战斗演示 | 露西,鸣潮,单机游戏,游戏,17,283,2251217,2390,8271,78115,24036,13651,14720,1780628400,https://www.bilibili.com/video/BV1yo7B68EHX,http://i2.hdslb.com/bfs/archive/61426f2876187b9326f1b732fdea7044e08d7ea3.jpg
2026-06-07,2026-06-07 16:57:40,51,BV1EwEF62EhA,116690721443492,当校长挑选教室地板时,Cheems电玩屋,日常,生活,21,18,4778430,784,4676,192897,966,7183,475,1780559484,https://www.bilibili.com/video/BV1EwEF62EhA,http://i0.hdslb.com/bfs/archive/8916553504d48aec3ba5ad2bdfeec5fcf7eefc1c.jpg
2026-06-07,2026-06-07 16:57:40,52,BV1vEEP6HEFw,116692281789801,2025年出货量370万台！激光雷达真成“安全气囊”了？,保镖的车库,新能源车,新能源车,247,606,1588718,532,704,107088,3103,11030,396,1780653900,https://www.bilibili.com/video/BV1vEEP6HEFw,http://i1.hdslb.com/bfs/archive/76872e6b743f73527ee70c89a75c39214a868540.jpg
2026-06-07,2026-06-07 16:57:40,53,BV1L7Ew65ETv,116691124098703,我养护的石拱桥，已经被国家收录为不可移动文物！,抓紧长长长呀,三农,生活,251,604,1802376,1108,2081,123510,7054,9398,475,1780565746,https://www.bilibili.com/video/BV1L7Ew65ETv,http://i1.hdslb.com/bfs/archive/56f52737bc566db19c5316ccdcc3b87cc81709e0.jpg
2026-06-07,2026-06-07 16:57:40,54,BV1jz7k6tEkL,116696979347018,教程来啦兄弟们 拍起来,是柳宗元,电子竞技,游戏,171,46,2192031,178,871,165878,2824,25122,1317,1780654702,https://www.bilibili.com/video/BV1jz7k6tEkL,http://i0.hdslb.com/bfs/archive/becaa38ea9e7437bed18411340db6d5da7f4cd54.jpg
2026-06-07,2026-06-07 16:57:40,55,BV1nWVm6uEqb,116685285624503,我吃牛瘪火锅 结果买错牛胃了,张离谱Dreams,搞笑,娱乐,138,97,2580505,1301,3542,168985,3097,46647,12378,1780476405,https://www.bilibili.com/video/BV1nWVm6uEqb,http://i0.hdslb.com/bfs/archive/6f4f02f224993a1933f3e515e84d84edb5ca3808.jpg
2026-06-07,2026-06-07 16:57:40,56,BV1vR7D6JEEm,116702566223209,全球吃席！自驾巴尔干婚礼，吃欧洲乡村大席,食贫道,日常,生活,21,3274,918633,5641,1447,86935,31293,11848,955,1780741089,https://www.bilibili.com/video/BV1vR7D6JEEm,http://i2.hdslb.com/bfs/archive/b23120503d27e3049c25e887901c19df17a98fe1.jpg
2026-06-07,2026-06-07 16:57:40,57,BV1JAEw69EUS,116691342200777,生完宝宝之后我再也不敢得罪我老公了，因为……,笑哥走丢了a,亲子,生活,254,89,2156913,843,6822,165470,3043,8141,1826,1780568869,https://www.bilibili.com/video/BV1JAEw69EUS,http://i2.hdslb.com/bfs/archive/2496ecbfca22198efdffe5b1855ea840b90edb2a.jpg
2026-06-07,2026-06-07 16:57:40,58,BV1xZ7k6LESp,116696778084201,“哎呀 我们的主角倒下啦～”,西门小昭,综合,综合,27,30,703948,116,1027,134710,9190,53773,2355,1780655400,https://www.bilibili.com/video/BV1xZ7k6LESp,http://i2.hdslb.com/bfs/archive/2c5c6c548ed488771077293e2f7bfcfb435e4744.jpg
2026-06-07,2026-06-07 16:57:40,59,BV1JKEw6QEw9,116691509970719,我读了你们的评论 把阎王召唤出来了T_T,汤木檀泽,日常,生活,21,959,1870635,1495,1631,114706,6795,17822,551,1780571268,https://www.bilibili.com/video/BV1JKEw6QEw9,http://i1.hdslb.com/bfs/archive/0b6c7ccb214b6211a4cf9a8741eb473536e42587.jpg
2026-06-07,2026-06-07 16:57:40,60,BV1pW7Q68Emz,116702180348281,这期谁能绷住,呱唧菌,搞笑,娱乐,138,339,947303,1490,1052,93113,4413,16054,1277,1780741800,https://www.bilibili.com/video/BV1pW7Q68Emz,http://i2.hdslb.com/bfs/archive/5ae6e1d11721490eb4a17034e97a4c36afdca5f0.jpg
2026-06-07,2026-06-07 16:57:40,61,BV1tV7k6LEyH,116697264556028,你或许不认识我 但我唱的歌你或许？？听过？,喵☆酱,翻唱,音乐,31,443,503321,4803,2234,104868,6966,14850,1193,1780659262,https://www.bilibili.com/video/BV1tV7k6LEyH,http://i1.hdslb.com/bfs/archive/f27fa302b117dedb6f353c75770d440ca8982c33.jpg
2026-06-07,2026-06-07 16:57:40,62,BV1VD726iE1t,116698791282580,《猴王出事》,伤心欲茄222,搞笑,娱乐,138,103,1955936,1102,3273,144841,5616,7430,5129,1780718400,https://www.bilibili.com/video/BV1VD726iE1t,http://i1.hdslb.com/bfs/archive/2fa41f4d1af95817e553d8fd8c6eeb7fc16a9d82.jpg
2026-06-07,2026-06-07 16:57:40,63,BV15z766SE1A,116696341812776,假如高考什么都可以带,小安苒AIGC,校园学习,知识,208,177,2136796,2587,2498,89324,2212,6896,1676,1780646400,https://www.bilibili.com/video/BV15z766SE1A,http://i2.hdslb.com/bfs/archive/ed743a6a86446310a9957bce92faa671a082a6d8.jpg
2026-06-07,2026-06-07 16:57:40,64,BV13HEw6rEhc,116691140873202,接龙游戏开发，但都绷住了,M木糖M,单机游戏,游戏,17,933,1450235,1419,947,73253,10475,13560,1191,1780630200,https://www.bilibili.com/video/BV13HEw6rEhc,http://i2.hdslb.com/bfs/archive/1083ae38f0917802668505e94ed2fe06226cc58b.jpg
2026-06-07,2026-06-07 16:57:40,65,BV1jwV663EjR,116679380112598,我的世界杯主题曲！IShowSpeed - World Cup (Champions),ishowspeedsui,竞技体育,运动,236,299,4764748,2528,10993,262438,48619,46868,15631,1780386563,https://www.bilibili.com/video/BV1jwV663EjR,http://i2.hdslb.com/bfs/archive/2807f6a9b9342740dfa8764e7bcc6e231196c94f.jpg
2026-06-07,2026-06-07 16:57:40,66,BV19N7y6bE1e,116698455803490,全体起立鼓掌！人类发现了治癌症的新药！🤯,蜗牛的科技笔记,软件应用,软件应用,230,115,1182238,1021,5363,108533,4152,17997,7434,1780677279,https://www.bilibili.com/video/BV19N7y6bE1e,http://i2.hdslb.com/bfs/archive/3b5f57bbd2f68b33097261f34d0cbb700b9439ce.jpg
2026-06-07,2026-06-07 16:57:40,67,BV15W7C6tEyc,116696425766532,送你一片夕阳！,困雀雀,仿妆cos,时尚,252,36,540596,134,2195,159689,8442,28665,2510,1780646468,https://www.bilibili.com/video/BV15W7C6tEyc,http://i2.hdslb.com/bfs/archive/86973af2078693bfe5fc81d4dae783648e7fb904.jpg
2026-06-07,2026-06-07 16:57:40,68,BV1uX7k6UEPn,116696761239539,把硬装的喊过来！,脱缰凯Kk,小剧场,娱乐,85,219,1244363,1564,1605,91726,2972,9619,646,1780651876,https://www.bilibili.com/video/BV1uX7k6UEPn,http://i1.hdslb.com/bfs/archive/1a5306b127f7814fe75bc726966f0f675fcb7e33.jpg
2026-06-07,2026-06-07 16:57:40,69,BV1bwV161Er2,116684413209270,【aespa】LEMONNNN,aespa,音乐综合,音乐,130,11,6780215,13006,25833,129898,30972,15235,8799,1780475400,https://www.bilibili.com/video/BV1bwV161Er2,http://i1.hdslb.com/bfs/archive/1e63fbee388c793dc0403c872eefb52a8d7d8615.jpg
2026-06-07,2026-06-07 16:57:40,70,BV1xdEc6bEcK,116691426088191,肉食脑袋的硬菜局！爆辣猪蹄+火锅鸡泡面香迷糊,方芳的快乐生活,美食侦探,美食,212,1134,1856318,1475,877,84796,10515,14542,2969,1780571551,https://www.bilibili.com/video/BV1xdEc6bEcK,http://i1.hdslb.com/bfs/archive/bdc078c74f5e0987fffca10262d6ced73d562c27.jpg
2026-06-07,2026-06-07 16:57:40,71,BV1dY7Q6pEQZ,116701878291791,千里奔赴只为弥补40年前的遗憾,赛亚人阿廖,出行,生活,250,246,734704,1368,1262,92791,25402,9858,329,1780729530,https://www.bilibili.com/video/BV1dY7Q6pEQZ,http://i0.hdslb.com/bfs/archive/5f9f719eb1fb6326b0a2eabe298cd1484afab3e6.jpg
2026-06-07,2026-06-07 16:57:40,72,BV1MtEF6fEga,116690436233152,全国男生统一迷惑行为,王小洋-已黑化,日常,生活,21,446,976316,2944,2046,80006,1819,14742,2248,1780567200,https://www.bilibili.com/video/BV1MtEF6fEga,http://i1.hdslb.com/bfs/archive/696e0beeae3b0520b2aeae3a4aa24c0eeb689fcd.jpg
2026-06-07,2026-06-07 16:57:40,73,BV17q7y6qEeG,116697767874225,当代牢大学生论文现状belike：,黑曼波语录,鬼畜调教,鬼畜,22,78,1262540,225,1585,93143,2936,64063,7087,1780716900,https://www.bilibili.com/video/BV17q7y6qEeG,http://i2.hdslb.com/bfs/archive/a42866374c2dd87fd5093121386c1dd1372e10a6.jpg
2026-06-07,2026-06-07 16:57:40,74,BV1usEw6zEiy,116691040210390,【餐馆TV】UP今天发烧了……作品会不会受影响啊,大乾乾是顾乾宇,小剧场,娱乐,85,141,901429,1734,2768,104820,3321,12846,7497,1780564633,https://www.bilibili.com/video/BV1usEw6zEiy,http://i1.hdslb.com/bfs/archive/6d69be5e1f22dec4058e90f795df2ff7c21e4a91.jpg
2026-06-07,2026-06-07 16:57:40,75,BV1Zj7C6wEJY,116696845125445,织棉为布，非遗土布。用千年蓝染，重现极致的东方浪漫,花木紫Huamuz,手工,生活,161,401,1113640,1552,2359,86134,8182,8331,637,1780652882,https://www.bilibili.com/video/BV1Zj7C6wEJY,http://i0.hdslb.com/bfs/archive/753a39454d2f1455af84effb021941e20ad4c2c7.jpg
2026-06-07,2026-06-07 16:57:40,76,BV1VWVz6TELx,116679598147712,星际穿越的我，试图提醒过去的自己....,考研英语大雁,校园学习,知识,208,33,3307899,723,2513,420102,9696,54978,7206,1780389685,https://www.bilibili.com/video/BV1VWVz6TELx,http://i0.hdslb.com/bfs/archive/5822709cbd5c2a8a09fabc50bcfdcfc29859f9a1.jpg
2026-06-07,2026-06-07 16:57:40,77,BV1LR7D6JEV7,116702566156828,Re：佩恩从零开始的异世界生活！！！【水门篇】,-夏秋冬-,综合,综合,27,416,769879,1307,2834,59453,20896,17374,3397,1780740005,https://www.bilibili.com/video/BV1LR7D6JEV7,http://i0.hdslb.com/bfs/archive/bb4c488614d181445341190010ddfd29eae8cfb7.jpg
2026-06-07,2026-06-07 16:57:40,78,BV19J7r6HESb,116695704274527,【抱佛脚】高考语文！选择题？最后一课！,学过石油的语文老师,校园学习,知识,208,1200,867856,36968,11273,41778,16824,20656,4066,1780660800,https://www.bilibili.com/video/BV19J7r6HESb,http://i0.hdslb.com/bfs/archive/f8d05a7621ff85694f1ddb7ac6c3c775b0e01965.jpg
2026-06-07,2026-06-07 16:57:40,79,BV1pnVm6GEQG,116685386483651,“当bro以为自己很有影响力时…”,林宇辉,社科·法律·心理,知识,124,16,909559,487,1988,263365,10677,34648,1248,1780478075,https://www.bilibili.com/video/BV1pnVm6GEQG,http://i1.hdslb.com/bfs/archive/02329b4beff89227f0f34b10ef7ca21a2b920c65.jpg
2026-06-07,2026-06-07 16:57:40,80,BV1RvVo6QEqo,116674682426936,不儿，你俩来真的啊？！,主持人yoyo酱,搞笑,娱乐,138,265,5887568,16724,12684,705778,531966,128259,14879,1780314627,https://www.bilibili.com/video/BV1RvVo6QEqo,http://i1.hdslb.com/bfs/archive/e8bde3297455f3796e516de2362d5eb1085d9abf.jpg
2026-06-07,2026-06-07 16:57:40,81,BV1Qb7R6XECX,116687064072844,⚡冷 笑 话 大 全 6.0⚡,污污云,鬼畜调教,鬼畜,22,66,1566052,218,1085,112768,2182,45344,5690,1780545600,https://www.bilibili.com/video/BV1Qb7R6XECX,http://i2.hdslb.com/bfs/archive/edf5ec9306bef71931b52d5b0a961e13f1ecc966.jpg
2026-06-07,2026-06-07 16:57:40,82,BV1QzVR63E3L,116671930963542,回忆永远都是加分项,央视新闻,日常,生活,21,184,3730930,29315,24355,651496,251460,198603,60882,1780286400,https://www.bilibili.com/video/BV1QzVR63E3L,http://i2.hdslb.com/bfs/archive/f4dc3fe8ea88a450877315e867b4995121d5dbf6.jpg
2026-06-07,2026-06-07 16:57:40,83,BV16sEc6SEwE,116692030070649,班级里的某些努力姐belike：,不懂爱的喵,AI音乐,AI音乐,265,81,2202741,627,4458,128963,615,10137,4357,1780579469,https://www.bilibili.com/video/BV16sEc6SEwE,http://i2.hdslb.com/bfs/archive/711ed87052e442f67c408a6e4e372e876c02a3f0.jpg
2026-06-07,2026-06-07 16:57:40,84,BV1yc7r6vE1C,116695905734805,关于我18岁为什么不去参加高考,我不是赤寒,日常,生活,21,126,1053307,1363,6016,117905,6223,12621,1693,1780638439,https://www.bilibili.com/video/BV1yc7r6vE1C,http://i1.hdslb.com/bfs/archive/294ac25c415d3dcaf5c46bbc02fb5df23da86784.jpg
2026-06-07,2026-06-07 16:57:40,85,BV1edV26tEsB,116685654722666,复仇整蛊！蛋黄派伪装摄影师突袭周深，几秒就被识破？,记录生活的蛋黄派,美食测评,美食,213,556,3402855,7632,3070,106149,31443,50709,4036,1780565400,https://www.bilibili.com/video/BV1edV26tEsB,http://i2.hdslb.com/bfs/archive/a16b60bc03719059e3218dee538877f554f3f9b4.jpg
2026-06-07,2026-06-07 16:57:40,86,BV1mhV26yETL,116683775678542,科比的哲学启示录第十四期,蟹不肉丨,影视剪辑,影视,183,74,5395687,1215,7094,331515,16790,87677,15714,1780453236,https://www.bilibili.com/video/BV1mhV26yETL,http://i0.hdslb.com/bfs/archive/738134aa027bf05aa3f3843c528db81f3d78307d.jpg
2026-06-07,2026-06-07 16:57:40,87,BV1Jj7C6AEPq,116696845193451,是我还不够好,怎么转身又是,MMD·3D,动画,25,67,1255204,2629,5215,138156,6692,30979,20115,1780652794,https://www.bilibili.com/video/BV1Jj7C6AEPq,http://i0.hdslb.com/bfs/archive/c261bcb22b8b34b31c0d9cb2e04b0a49a318b123.jpg
2026-06-07,2026-06-07 16:57:40,88,BV1Xa7m6qEm7,116700217347938,意识深渊：我真的存在吗？,大圆镜科普,科学科普,知识,201,484,786065,1168,1729,72207,2340,13672,1232,1780704207,https://www.bilibili.com/video/BV1Xa7m6qEm7,http://i1.hdslb.com/bfs/archive/2d760490c4cfbae1c3b9168320f075ace66ad15a.jpg
2026-06-07,2026-06-07 16:57:40,89,BV1YV7U6zEps,116699697254319,小登VS老登,灼眼的SABER哒,同人·手书,动画,47,63,864342,415,2222,112217,9026,36944,8912,1780718400,https://www.bilibili.com/video/BV1YV7U6zEps,http://i0.hdslb.com/bfs/archive/dce2758cd8546e893008888b88f215364194d4a7.jpg
2026-06-07,2026-06-07 16:57:40,90,BV1hAVm6XEE2,116685570836474,【传奇耐熬王】经典排骨💀60天仍然有5人存活💪到最后拼的就是谁身体好！🤦‍♂️,-超级小能猫-,搞笑,娱乐,138,2617,2476273,14701,2994,89552,19584,43978,4079,1780481719,https://www.bilibili.com/video/BV1hAVm6XEE2,http://i0.hdslb.com/bfs/archive/dc3782f8b522707e818c2537030e1b8893332367.jpg
2026-06-07,2026-06-07 16:57:40,91,BV15d7D6UE4i,116702549379788,世界杯期间不抓移民？那这世界杯不是白办了吗,麻薯波比呀,社科·法律·心理,知识,124,995,1065027,5665,2594,68004,9275,8260,1529,1780740025,https://www.bilibili.com/video/BV15d7D6UE4i,http://i2.hdslb.com/bfs/archive/91940674117acf43b95f7a6e2e7ab686470cc3ea.jpg
2026-06-07,2026-06-07 16:57:40,92,BV1n17D6xEX2,116702331278408,这就是7JIA最强之人,杨齐家_,单机游戏,游戏,17,1221,1453152,4562,2207,82846,7728,11283,648,1780736508,https://www.bilibili.com/video/BV1n17D6xEX2,http://i1.hdslb.com/bfs/archive/63922fa2e9e8a18b95b8175a3bea61b0779794d1.jpg
2026-06-07,2026-06-07 16:57:40,93,BV15wVB6YECT,116678608359768,一顿饭只要三块钱，客人吃着吃着，人就“没了”,瞎通不设计了,美食侦探,美食,212,187,2500777,2556,6491,298245,172957,30249,4176,1780390800,https://www.bilibili.com/video/BV15wVB6YECT,http://i1.hdslb.com/bfs/archive/fd898a754bc3cf4317349a2b3c4394e104417434.jpg
2026-06-07,2026-06-07 16:57:40,94,BV1uTEc6AEzV,116691963025070,以为这次断更，会是永别,ONLee_Studio,日常,生活,21,211,982309,1913,2673,66535,22783,4453,978,1780578368,https://www.bilibili.com/video/BV1uTEc6AEzV,http://i0.hdslb.com/bfs/archive/65223f1fb3bbe6f7b6e2b1e84b56584802350ec6.jpg
2026-06-07,2026-06-07 16:57:40,95,BV1yk7X6KEz4,116686023891513,2高中生屠杀同学，造成13人死亡后自杀，开启美国校园枪击案先河：科伦拜恩枪击案,捕月说,人文历史,知识,228,733,1814609,718,532,62800,464,8727,292,1780654200,https://www.bilibili.com/video/BV1yk7X6KEz4,http://i2.hdslb.com/bfs/archive/b52e8d555de710438989ea0831c1fa8211fbe67d.jpg
2026-06-07,2026-06-07 16:57:40,96,BV12QEc6wETE,116691744917719,“我想我再也不会谈恋爱了”,柯洁,影视剪辑,影视,183,34,1402874,1032,4498,150296,6347,7088,6407,1780574976,https://www.bilibili.com/video/BV12QEc6wETE,http://i0.hdslb.com/bfs/archive/47071584488230edc82fe88b8fe9b87eb57cd115.jpg
2026-06-07,2026-06-07 16:57:40,97,BV1797X6ZEvW,116686158038804,真跳60分钟，天台暴晒也算时间哦,矮乐多Aliga,日常,生活,21,3639,1170047,1094,1702,65415,13313,23017,2696,1780490050,https://www.bilibili.com/video/BV1797X6ZEvW,http://i0.hdslb.com/bfs/archive/51a11a46ff9c8a78cf19a5444bd1f18bb0099c9d.jpg
2026-06-07,2026-06-07 16:57:40,98,BV1um7665EHP,116696325033953,谁是猜价超人？,小杨Johnson,搞笑,娱乐,138,621,2045087,1848,651,43140,10972,8571,599,1780650000,https://www.bilibili.com/video/BV1um7665EHP,http://i2.hdslb.com/bfs/archive/4a683ea3a122ada0dd88fb184da7439b6831fdfe.jpg
2026-06-07,2026-06-07 16:57:40,99,BV1kv7262EyU,116698623578210,公司给粉丝安排了30万的水上宫殿...,飓多多StormCrew,日常,生活,21,852,1197628,3076,2038,66655,15589,14158,1456,1780714800,https://www.bilibili.com/video/BV1kv7262EyU,http://i2.hdslb.com/bfs/archive/a59944bd6ce91c0bbc28d8c8b560e8b73c31e976.jpg
2026-06-07,2026-06-07 16:57:40,100,BV19J7r6HEV7,116695704276560,咕嘎吃掉了整个幼儿园的伙食,咕咕嘎画,搞笑,娱乐,138,46,1564062,138,1200,116610,5899,17242,3398,1780635229,https://www.bilibili.com/video/BV19J7r6HEV7,http://i0.hdslb.com/bfs/archive/6f27e7f3c76289f0fac5ed16261338d0a6c2d5f2.jpg
2026-06-07,2026-06-07 17:57:40,1,BV15C7k6REKC,116697197451293,公测定档7月 | 《遗忘之海》船员集结摇滚MV「燥」,遗忘之海,GMV,GMV,121,205,5704688,1190,2065,108575,85554,81950,4350,1780711200,https://www.bilibili.com/video/BV15C7k6REKC,http://i0.hdslb.com/bfs/archive/bef8db958217ad42ed011f4bf5d5d6c1cf3a4bad.jpg
2026-06-07,2026-06-07 17:57:40,2,BV1Qi7f6eE59,116690805395451,致敬每一个心中有花，努力奔跑的人,爱画画的子衿,亲子,生活,254,313,1677241,3358,3520,228757,115093,15126,3628,1780561800,https://www.bilibili.com/video/BV1Qi7f6eE59,http://i1.hdslb.com/bfs/archive/2c9cc3dd70d264a8473e46b8bebaad7db4d6ef2c.jpg
2026-06-07,2026-06-07 17:57:40,3,BV17GEP6xEDW,116692348832614,新三国up锐评楚汉传奇01：是不是我打开的方式不太对？,吃蛋挞的折棒,影视杂谈,影视,182,1348,1490409,19629,11382,132154,127692,27525,10298,1780624800,https://www.bilibili.com/video/BV17GEP6xEDW,http://i2.hdslb.com/bfs/archive/4e5cd47c8551d2b66643e2800041b7ec2d3bf729.jpg
2026-06-07,2026-06-07 17:57:40,4,BV19ZEF6MEBV,116690117464228,人在干坏事的时候是不怕苦不怕累的,我是易拉爆,日常,生活,21,309,2113992,1392,3901,199919,14486,29522,14576,1780550100,https://www.bilibili.com/video/BV19ZEF6MEBV,http://i2.hdslb.com/bfs/archive/5a3e59dd5183e87d69b1ad3224466b821bf05e23.jpg
2026-06-07,2026-06-07 17:57:40,5,BV1cu7r6FEPd,116696023045705,英国，沦为印度殖民地,平原公子,日常,生活,21,463,2895780,11738,8230,187956,8066,20146,18378,1780640137,https://www.bilibili.com/video/BV1cu7r6FEPd,http://i1.hdslb.com/bfs/archive/95ba7fb80bc2a46fc2c8f7ff69a08c57c40ef914.jpg
2026-06-07,2026-06-07 17:57:40,6,BV1wEEc6REms,116692097238799,城市大富翁（5）,雨哥到处跑,日常,生活,21,3846,1616742,37393,5109,140967,113676,38188,4953,1780628700,https://www.bilibili.com/video/BV1wEEc6REms,http://i1.hdslb.com/bfs/archive/8628e50dc2e56aec5815c8e3f665d304cfe23d80.jpg
2026-06-07,2026-06-07 17:57:40,7,BV1WY7U6dEJ5,116699814693875,【微电影】人类文明的最后一届高考,最后讲述者,鬼畜剧场,鬼畜剧场,216,263,2040503,2604,5392,163396,17527,35776,8214,1780709400,https://www.bilibili.com/video/BV1WY7U6dEJ5,http://i2.hdslb.com/bfs/archive/40a717d48c3dbeb9559b00a07a88af6cfd5181fb.jpg
2026-06-07,2026-06-07 17:57:40,8,BV1w6EF6QEjZ,116690033778619,不看后悔！史上最神人店家！,转生成为毛毛,美食侦探,美食,212,186,3304639,3913,8932,171169,4822,28875,14235,1780563600,https://www.bilibili.com/video/BV1w6EF6QEjZ,http://i1.hdslb.com/bfs/archive/07cb98d8f59285212c90c7646739a87803bf06c0.jpg
2026-06-07,2026-06-07 17:57:40,9,BV13s7z63EjV,116695016477738,《绝区零》3.0新地块实机演示,绝区零,手机游戏,游戏,172,599,1438247,9355,13644,124815,58351,22358,24864,1780624803,https://www.bilibili.com/video/BV13s7z63EjV,http://i0.hdslb.com/bfs/archive/ac132a13aed30f0b83ff50dfb56d83e2e518206a.jpg
2026-06-07,2026-06-07 17:57:40,10,BV1rg7C6TEUm,116696912369911,一句“一氧化二氢”能钓出多少“读稿机”？,中国食品报融媒体,科学科普,知识,201,291,4268977,5989,20847,180272,13890,22293,14629,1780653928,https://www.bilibili.com/video/BV1rg7C6TEUm,http://i1.hdslb.com/bfs/archive/1081ed32a36e81bee443915a997ed5f2bd56badd.jpg
2026-06-07,2026-06-07 17:57:40,11,BV1T9Vm6UE2N,116684681647760,《古剑》3分钟战斗实机 | 线下试玩招募开启,古剑,单机游戏,游戏,17,168,4375299,3160,9651,81024,50437,29328,21590,1780698215,https://www.bilibili.com/video/BV1T9Vm6UE2N,http://i0.hdslb.com/bfs/archive/d18a0e2a80905c1a2bfe0d000c3ca47aa1548899.jpg
2026-06-07,2026-06-07 17:57:40,12,BV1uXEA6gEMu,116692567070822,“别着急，我来给你补充「偶！像！能！量！」”,小耗owo,手机游戏,游戏,172,80,1143585,853,2378,227054,15086,50902,10388,1780624800,https://www.bilibili.com/video/BV1uXEA6gEMu,http://i1.hdslb.com/bfs/archive/64822f49e99e9fb8b41ba5e0f9e06f48d4b76446.jpg
2026-06-07,2026-06-07 17:57:40,13,BV1df7r6REpB,116695469463690,如何在家制造浓汤宝,嘤武罗,日常,生活,21,501,4309716,3396,3139,171506,43103,41563,2541,1780650000,https://www.bilibili.com/video/BV1df7r6REpB,http://i2.hdslb.com/bfs/archive/94c85d2ebad9002fcbad0c7ef2f3c8a3f1ec6768.jpg
2026-06-07,2026-06-07 17:57:40,14,BV1pDV86oE6S,116657217344637,热烈欢迎薛凯琪！工作之余，Fiona会带哪些让自己感到快乐的东西呢～（录完这期脑海里都是Fifi的笑声,papi酱,短片,动画,256,2017,1265362,11047,4654,128058,50626,16118,7257,1780632000,https://www.bilibili.com/video/BV1pDV86oE6S,http://i2.hdslb.com/bfs/archive/032f4048d6f94c465fc10972289999cf79f2572f.jpg
2026-06-07,2026-06-07 17:57:40,15,BV16w7D6RERW,116700921988742,007看后:追逐战？,MEspace天植,绘画,绘画,162,49,2395459,245,986,234632,21882,40057,2008,1780714922,https://www.bilibili.com/video/BV16w7D6RERW,http://i2.hdslb.com/bfs/archive/f35dab38094910739815ae6424bcceee9316f8f7.jpg
2026-06-07,2026-06-07 17:57:40,16,BV1ZREP6dEcU,116693758117714,扫落叶全清洁100%速通39分03秒leaf it alone,闲云豹,单机游戏,游戏,17,2367,1443506,1605,2313,126008,13056,26651,5182,1780605809,https://www.bilibili.com/video/BV1ZREP6dEcU,http://i1.hdslb.com/bfs/archive/310db23466f62e9399f25f92c8d2b0af953476d6.jpg
2026-06-07,2026-06-07 17:57:40,17,BV1xU7f6xEjt,116690939546284,CF单机叙事续作——《穿越火线：潜伏》实机首曝,穿越火线潜伏,单机游戏,游戏,17,308,4862994,1617,5375,116283,7017,23320,12713,1780696800,https://www.bilibili.com/video/BV1xU7f6xEjt,http://i0.hdslb.com/bfs/archive/140a4abb0c80a2aa1e7cb7126c978567b667ed12.jpg
2026-06-07,2026-06-07 17:57:40,18,BV1PP7C63E2J,116696710912022,《师》我回母校当老师,阿廖沙别害怕_,搞笑,娱乐,138,296,1766401,487,1030,166078,4420,13034,589,1780650587,https://www.bilibili.com/video/BV1PP7C63E2J,http://i0.hdslb.com/bfs/archive/b04455fde128b88ff0a92e264778512242510bc9.jpg
2026-06-07,2026-06-07 17:57:40,19,BV16DVz6UE77,116679229180052,如何拍出电影感大片,喜欢拍照的皮皮,日常,生活,21,60,3844576,356,2281,357968,12559,105381,8635,1780384052,https://www.bilibili.com/video/BV16DVz6UE77,http://i1.hdslb.com/bfs/archive/82ba23d6fb45244f769f8f127cfbe2f51afe67c8.jpg
2026-06-07,2026-06-07 17:57:40,20,BV1kCVU65ERM,116669112386149,初中生斗胆跳一段jam,特崮斯,篮球,运动,235,45,6516498,9750,18567,1247955,203647,132253,19497,1780229707,https://www.bilibili.com/video/BV1kCVU65ERM,http://i1.hdslb.com/bfs/archive/5871a66dc8e356ff71da4a6d99d5922b4a6a3fce.jpg
2026-06-07,2026-06-07 17:57:40,21,BV168796PEv1,116685839403735,如此仙音唯有挠臭,lulu和露爸,喵星人,喵星人,218,26,4840477,17451,5792,606163,17120,117990,25503,1780484850,https://www.bilibili.com/video/BV168796PEv1,http://i1.hdslb.com/bfs/archive/87f3ce4876a2e50e34a2c1b24dfe10ae34700a55.jpg
2026-06-07,2026-06-07 17:57:40,22,BV1uX7k6UENx,116696761239484,巨构：没有告别,巨构ai,网络游戏,游戏,65,19,2742393,5296,7060,442929,21307,149416,6443,1780651506,https://www.bilibili.com/video/BV1uX7k6UENx,http://i0.hdslb.com/bfs/archive/1422e60b2923b373953bd4ce6433b6f0e91f9501.jpg
2026-06-07,2026-06-07 17:57:40,23,BV15iEc6VEfH,116691577216788,路边一块，也能变废为宝，雕刻出大家想要的题材我不知道什么时候天才会亮，但我知道，跑着跑着，天就亮了。,小梨家的和田玉,手工,生活,161,220,5920823,3798,11353,223828,7643,21410,3655,1780572193,https://www.bilibili.com/video/BV15iEc6VEfH,http://i2.hdslb.com/bfs/archive/c1597efe82d66a7f728f8bdd84505eff4b7f5ac9.jpg
2026-06-07,2026-06-07 17:57:40,24,BV1s7V46XEix,116655590017716,评论区摄影大赛之火遍全网的佳作篇，本期有锐评系列也有破败与新生佳作，欢迎投稿好的作品会让更多人看到。,摄影恩哥,日常,生活,21,124,4166965,1571,8133,266061,1740,19713,820,1780738200,https://www.bilibili.com/video/BV1s7V46XEix,http://i1.hdslb.com/bfs/archive/58aada2ca9cd83b3f4d86b331759b2c832c8bcb4.jpg
2026-06-07,2026-06-07 17:57:40,25,BV1GHEw6rEo4,116691140875979,无能的杰哥,神威-狗剩,影视剪辑,影视,183,154,2784992,1863,3727,135724,8022,24880,27118,1780565876,https://www.bilibili.com/video/BV1GHEw6rEo4,http://i2.hdslb.com/bfs/archive/0814d03bdf68a6a83cba4b8ba18fa6d58d6de912.jpg
2026-06-07,2026-06-07 17:57:40,26,BV1gsEw6zExs,116691040208641,你的高考/中考/期末考belike,哈基mer-猫meme,搞笑,娱乐,138,22,744700,28060,2262,264958,29352,54782,5023,1780564012,https://www.bilibili.com/video/BV1gsEw6zExs,http://i2.hdslb.com/bfs/archive/4f76f8d127f1c6d5a990c89a161f10356e783cd4.jpg
2026-06-07,2026-06-07 17:57:40,27,BV1gWEw6gE4X,116691056987748,“这种没流量的画画最狠了”,像风如你o_O,日常,生活,21,25,2239910,676,3308,275440,7554,23484,1100,1780564358,https://www.bilibili.com/video/BV1gWEw6gE4X,http://i0.hdslb.com/bfs/archive/96621cf035234fbf3c3d6f498d6f4d5eae388c12.jpg
2026-06-07,2026-06-07 17:57:40,28,BV1Qt7X61Enn,116686241993999,百万英镑，但素质过低,青时晚,影视剪辑,影视,183,174,2253620,1917,2358,134748,10565,33987,13486,1780490956,https://www.bilibili.com/video/BV1Qt7X61Enn,http://i0.hdslb.com/bfs/archive/1573985b4950f4d1001b3a21a50adab722b0a0f1.jpg
2026-06-07,2026-06-07 17:57:40,29,BV1xR7S6hEkB,116700804683368,菲比：就你们寝室最吵！！,Lm海洋,音乐综合,音乐,130,262,883378,590,3158,73163,52879,32106,11524,1780713190,https://www.bilibili.com/video/BV1xR7S6hEkB,http://i1.hdslb.com/bfs/archive/348cd3608f962369b093721ee90e2515a127a833.jpg
2026-06-07,2026-06-07 17:57:40,30,BV15v7S65EWD,116701022717876,挑战给历史故事打tag（标签）,混饭达人,娱乐杂谈,娱乐杂谈,241,77,2731941,1864,2029,209366,4432,23880,12248,1780716510,https://www.bilibili.com/video/BV15v7S65EWD,http://i2.hdslb.com/bfs/archive/1845b193e356ee0f6b686419e20cc96fe1678367.jpg
2026-06-07,2026-06-07 17:57:40,31,BV1WT7C6uEj8,116696878749194,猫 咪 的 花 语 是 老 吴🎵,幾加乘,同人·手书,动画,47,259,1545751,1590,3033,113773,17034,23682,10179,1780653131,https://www.bilibili.com/video/BV1WT7C6uEj8,http://i0.hdslb.com/bfs/archive/ad354ddb8c2e2bf697327dc182835b3d6014f4b1.jpg
2026-06-07,2026-06-07 17:57:40,32,BV1Uj7k6VEPU,116697432395968,信 |《归唐》19分钟完整实机演示,归唐,单机游戏,游戏,17,1167,3781617,14962,23027,79760,25810,14549,38604,1780791300,https://www.bilibili.com/video/BV1Uj7k6VEPU,http://i1.hdslb.com/bfs/archive/73972f02b3d2a52c97a1ec81e53403fef6160006.jpg
2026-06-07,2026-06-07 17:57:40,33,BV1Ja7k6AE1b,116697063235411,我又给花朵加了个开关！,是玉木呀,设计·创意,设计·创意,229,104,1004572,495,825,159451,18097,32000,3266,1780656042,https://www.bilibili.com/video/BV1Ja7k6AE1b,http://i0.hdslb.com/bfs/archive/c05470a618fc67ee60cb9df153eb5ad6d3c8ce08.jpg
2026-06-07,2026-06-07 17:57:40,34,BV1jeEc6yE75,116691593992011,《你说谁错谁就错，因为你开迈巴赫》,嘞是唐孃孃,搞笑,娱乐,138,34,3111868,178,1975,235424,3207,15777,1279,1780572588,https://www.bilibili.com/video/BV1jeEc6yE75,http://i0.hdslb.com/bfs/archive/cc74080d84744d7622f9f9dd492a1583e00aaed7.jpg
2026-06-07,2026-06-07 17:57:40,35,BV16kV26TES7,116685470175022,当父母说出了正确答案：,进击的金厂长,搞笑,娱乐,138,129,5995236,2410,2440,399619,146535,190294,3216,1780479155,https://www.bilibili.com/video/BV16kV26TES7,http://i0.hdslb.com/bfs/archive/982b25c4ef21fb08f77ae933c89f4b99d5b0c86a.jpg
2026-06-07,2026-06-07 17:57:40,36,BV1sC7R6VEF3,116687181451048,【侯绿萝】视频加载中，速速查收惊喜！,侯绿萝,小剧场,娱乐,85,233,1900401,1490,1412,180838,10618,14986,1814,1780538400,https://www.bilibili.com/video/BV1sC7R6VEF3,http://i0.hdslb.com/bfs/archive/e40df1469a3bc68659f30a77b0e0801ae88938bb.jpg
2026-06-07,2026-06-07 17:57:40,37,BV1TR766zEvE,116695972714489,在沙漠里种了1800万棵树，然后呢？,影视飓风,娱乐粉丝创作,娱乐,242,756,2597300,9113,2687,137806,52416,24428,2341,1780650000,https://www.bilibili.com/video/BV1TR766zEvE,http://i1.hdslb.com/bfs/archive/af434541e40c0402ac850fc6783faa3ed5bfdda9.jpg
2026-06-07,2026-06-07 17:57:40,38,BV1hG7y69Ej2,116698036313694,史上最骚特工(第二集),老番茄,单机游戏,游戏,17,842,1804053,3016,1682,121176,39489,32647,2017,1780716600,https://www.bilibili.com/video/BV1hG7y69Ej2,http://i2.hdslb.com/bfs/archive/c4778bfde8d395e0f91e2f746393736302e8205c.jpg
2026-06-07,2026-06-07 17:57:40,39,BV1yiEF6WErx,116690419585062,奶香馒头,夏叔厨房,美食制作,美食,76,76,1707744,932,7289,219095,7571,19283,1133,1780554601,https://www.bilibili.com/video/BV1yiEF6WErx,http://i1.hdslb.com/bfs/archive/82992eb9cddf1a5a5e5e77e481db8626c6005de9.jpg
2026-06-07,2026-06-07 17:57:40,40,BV1bV7k6LExn,116697264560365,再见！一系列！高考必胜！,一数,校园学习,知识,208,193,860266,28594,14646,82190,32343,17278,5579,1780659292,https://www.bilibili.com/video/BV1bV7k6LExn,http://i2.hdslb.com/bfs/archive/5df66240b2b71ca2bc6ce697e929657b1b1df5a4.jpg
2026-06-07,2026-06-07 17:57:40,41,BV1UV7k6LEUG,116697264627213,航天会刷典狱长？！【三角洲动画】,手折余弦丶,电子竞技,游戏,171,300,1150239,1272,1380,95380,10426,23844,2847,1780659017,https://www.bilibili.com/video/BV1UV7k6LEUG,http://i0.hdslb.com/bfs/archive/eb575db6391346950b2623259e6c0c6469239e03.jpg
2026-06-07,2026-06-07 17:57:40,42,BV1XEV26XEsz,116683641455201,冠以破碎之名：第一集 冰潮寒雨之夏,Xavier_白昼,综合,综合,27,1106,1377644,1825,2438,104075,22252,64332,3545,1780451269,https://www.bilibili.com/video/BV1XEV26XEsz,http://i0.hdslb.com/bfs/archive/edb3c2a03146bbc3390581aa30c41b8e3c3ab846.jpg
2026-06-07,2026-06-07 17:57:40,43,BV12R7Q6MEJX,116686543914174,你说你有点难追～,未知艺术家_611,搞笑,娱乐,138,30,2752875,235,2009,249171,3045,26168,3866,1780495648,https://www.bilibili.com/video/BV12R7Q6MEJX,http://i2.hdslb.com/bfs/archive/aeaf33a25e079b26433a425ee56ac24f566861d7.jpg
2026-06-07,2026-06-07 17:57:40,44,BV1um7665EpW,116696325033820,讷,水生植物人owo,日常,生活,21,16,1188157,814,6247,168914,4323,43937,15614,1780644714,https://www.bilibili.com/video/BV1um7665EpW,http://i2.hdslb.com/bfs/archive/ce971f171b1f22d061819b3fea882f5d4af2a608.jpg
2026-06-07,2026-06-07 17:57:40,45,BV1wE7m67EAF,116700569671653,“我在成华大道「拼接遗憾」”,Dieorite,人力VOCALOID,人力VOCALOID,126,116,556498,2416,1453,125944,26746,36496,2074,1780709690,https://www.bilibili.com/video/BV1wE7m67EAF,http://i1.hdslb.com/bfs/archive/b7a88bfce9322211ddb670d69d549967dba6591e.jpg
2026-06-07,2026-06-07 17:57:40,46,BV1R7Ew65ERR,116691124229360,当爸爸找亲戚买手机,刘鸿哥哥,小剧场,娱乐,85,119,2353524,950,2932,159592,1424,8589,1715,1780565630,https://www.bilibili.com/video/BV1R7Ew65ERR,http://i0.hdslb.com/bfs/archive/5e4feb10a7cf9e178bf7e9a619d62843bc5ae8b2.jpg
2026-06-07,2026-06-07 17:57:40,47,BV1W6VZ6MEbd,116674313328609,🍄欠揍气球🍄,纸片马力欧,日常,生活,21,40,4369735,5886,10182,507764,39895,269228,77267,1780309043,https://www.bilibili.com/video/BV1W6VZ6MEbd,http://i0.hdslb.com/bfs/archive/3d18bae01c4fc365d9e7e0ede5efb926e32115ad.jpg
2026-06-07,2026-06-07 17:57:40,48,BV1vEEP6HEFw,116692281789801,2025年出货量370万台！激光雷达真成“安全气囊”了？,保镖的车库,新能源车,新能源车,247,606,1645146,540,722,108365,3115,11141,403,1780653900,https://www.bilibili.com/video/BV1vEEP6HEFw,http://i1.hdslb.com/bfs/archive/76872e6b743f73527ee70c89a75c39214a868540.jpg
2026-06-07,2026-06-07 17:57:40,49,BV1yo7B68EHX,116695117207554,《鸣潮》×《赛博朋克：边缘行者》共鸣者战斗演示 | 露西,鸣潮,单机游戏,游戏,17,283,2255218,2396,8274,78218,24069,13671,14740,1780628400,https://www.bilibili.com/video/BV1yo7B68EHX,http://i2.hdslb.com/bfs/archive/61426f2876187b9326f1b732fdea7044e08d7ea3.jpg
2026-06-07,2026-06-07 17:57:40,50,BV1EwEF62EhA,116690721443492,当校长挑选教室地板时,Cheems电玩屋,日常,生活,21,18,4824560,793,4726,194722,972,7254,482,1780559484,https://www.bilibili.com/video/BV1EwEF62EhA,http://i0.hdslb.com/bfs/archive/8916553504d48aec3ba5ad2bdfeec5fcf7eefc1c.jpg
2026-06-07,2026-06-07 17:57:40,51,BV1XQ7Z6eEki,116689412819066,特朗普的愤怒,燕三嘤嘤嘤,人文历史,知识,228,1133,2936863,10793,4903,143483,34611,20644,2780,1780545020,https://www.bilibili.com/video/BV1XQ7Z6eEki,http://i0.hdslb.com/bfs/archive/d106118a7a33e310838a2e387ce511583c5a7a62.jpg
2026-06-07,2026-06-07 17:57:40,52,BV1L7Ew65ETv,116691124098703,我养护的石拱桥，已经被国家收录为不可移动文物！,抓紧长长长呀,三农,生活,251,604,1815596,1110,2086,124215,7084,9488,477,1780565746,https://www.bilibili.com/video/BV1L7Ew65ETv,http://i1.hdslb.com/bfs/archive/56f52737bc566db19c5316ccdcc3b87cc81709e0.jpg
2026-06-07,2026-06-07 17:57:40,53,BV1jz7k6tEkL,116696979347018,教程来啦兄弟们 拍起来,是柳宗元,电子竞技,游戏,171,46,2205054,181,875,166875,2841,25306,1327,1780654702,https://www.bilibili.com/video/BV1jz7k6tEkL,http://i0.hdslb.com/bfs/archive/becaa38ea9e7437bed18411340db6d5da7f4cd54.jpg
2026-06-07,2026-06-07 17:57:40,54,BV1vR7D6JEEm,116702566223209,全球吃席！自驾巴尔干婚礼，吃欧洲乡村大席,食贫道,日常,生活,21,3274,955845,5799,1461,90056,32369,12165,990,1780741089,https://www.bilibili.com/video/BV1vR7D6JEEm,http://i2.hdslb.com/bfs/archive/b23120503d27e3049c25e887901c19df17a98fe1.jpg
2026-06-07,2026-06-07 17:57:40,55,BV1pW7Q68Emz,116702180348281,这期谁能绷住,呱唧菌,搞笑,娱乐,138,339,1035467,1555,1122,100418,4751,17147,1371,1780741800,https://www.bilibili.com/video/BV1pW7Q68Emz,http://i2.hdslb.com/bfs/archive/5ae6e1d11721490eb4a17034e97a4c36afdca5f0.jpg
2026-06-07,2026-06-07 17:57:40,56,BV1DB7f6AEBK,116690989942959,最 不 物 质 之 人,张八筒筒,日常,生活,21,127,2675455,928,946,170549,1579,9002,875,1780563943,https://www.bilibili.com/video/BV1DB7f6AEBK,http://i1.hdslb.com/bfs/archive/612e05a8e02454bd4e3723991d4808f061b1c188.jpg
2026-06-07,2026-06-07 17:57:40,57,BV1JAEw69EUS,116691342200777,生完宝宝之后我再也不敢得罪我老公了，因为……,笑哥走丢了a,亲子,生活,254,89,2186110,853,6902,167793,3113,8272,1858,1780568869,https://www.bilibili.com/video/BV1JAEw69EUS,http://i2.hdslb.com/bfs/archive/2496ecbfca22198efdffe5b1855ea840b90edb2a.jpg
2026-06-07,2026-06-07 17:57:40,58,BV1nWVm6uEqb,116685285624503,我吃牛瘪火锅 结果买错牛胃了,张离谱Dreams,搞笑,娱乐,138,97,2641588,1335,3615,172736,3178,47817,12659,1780476405,https://www.bilibili.com/video/BV1nWVm6uEqb,http://i0.hdslb.com/bfs/archive/6f4f02f224993a1933f3e515e84d84edb5ca3808.jpg
2026-06-07,2026-06-07 17:57:40,59,BV1xZ7k6LESp,116696778084201,“哎呀 我们的主角倒下啦～”,西门小昭,综合,综合,27,30,714578,120,1040,136826,9368,54738,2390,1780655400,https://www.bilibili.com/video/BV1xZ7k6LESp,http://i2.hdslb.com/bfs/archive/2c5c6c548ed488771077293e2f7bfcfb435e4744.jpg
2026-06-07,2026-06-07 17:57:40,60,BV1VD726iE1t,116698791282580,《猴王出事》,伤心欲茄222,搞笑,娱乐,138,103,2006364,1119,3333,147842,5705,7575,5227,1780718400,https://www.bilibili.com/video/BV1VD726iE1t,http://i1.hdslb.com/bfs/archive/2fa41f4d1af95817e553d8fd8c6eeb7fc16a9d82.jpg
2026-06-07,2026-06-07 17:57:40,61,BV19N7y6bE1e,116698455803490,全体起立鼓掌！人类发现了治癌症的新药！🤯,蜗牛的科技笔记,软件应用,软件应用,230,115,1219775,1049,5533,112271,4330,18649,7714,1780677279,https://www.bilibili.com/video/BV19N7y6bE1e,http://i2.hdslb.com/bfs/archive/3b5f57bbd2f68b33097261f34d0cbb700b9439ce.jpg
2026-06-07,2026-06-07 17:57:40,62,BV1tV7k6LEyH,116697264556028,你或许不认识我 但我唱的歌你或许？？听过？,喵☆酱,翻唱,音乐,31,443,508649,4888,2247,106084,7037,15078,1201,1780659262,https://www.bilibili.com/video/BV1tV7k6LEyH,http://i1.hdslb.com/bfs/archive/f27fa302b117dedb6f353c75770d440ca8982c33.jpg
2026-06-07,2026-06-07 17:57:40,63,BV13HEw6rEhc,116691140873202,接龙游戏开发，但都绷住了,M木糖M,单机游戏,游戏,17,933,1480928,1449,965,74534,10623,13806,1211,1780630200,https://www.bilibili.com/video/BV13HEw6rEhc,http://i2.hdslb.com/bfs/archive/1083ae38f0917802668505e94ed2fe06226cc58b.jpg
2026-06-07,2026-06-07 17:57:40,64,BV1JKEw6QEw9,116691509970719,我读了你们的评论 把阎王召唤出来了T_T,汤木檀泽,日常,生活,21,959,1882187,1500,1637,115499,6843,17962,552,1780571268,https://www.bilibili.com/video/BV1JKEw6QEw9,http://i1.hdslb.com/bfs/archive/0b6c7ccb214b6211a4cf9a8741eb473536e42587.jpg
2026-06-07,2026-06-07 17:57:40,65,BV17q7y6qEeG,116697767874225,当代牢大学生论文现状belike：,黑曼波语录,鬼畜调教,鬼畜,22,78,1343278,231,1661,99491,3191,68204,7602,1780716900,https://www.bilibili.com/video/BV17q7y6qEeG,http://i2.hdslb.com/bfs/archive/a42866374c2dd87fd5093121386c1dd1372e10a6.jpg
2026-06-07,2026-06-07 17:57:40,66,BV15z766SE1A,116696341812776,假如高考什么都可以带,小安苒AIGC,校园学习,知识,208,177,2140911,2593,2508,89517,2225,6922,1684,1780646400,https://www.bilibili.com/video/BV15z766SE1A,http://i2.hdslb.com/bfs/archive/ed743a6a86446310a9957bce92faa671a082a6d8.jpg
2026-06-07,2026-06-07 17:57:40,67,BV1LR7D6JEV7,116702566156828,Re：佩恩从零开始的异世界生活！！！【水门篇】,-夏秋冬-,综合,综合,27,416,820470,1338,2919,61739,21524,18018,3533,1780740005,https://www.bilibili.com/video/BV1LR7D6JEV7,http://i0.hdslb.com/bfs/archive/bb4c488614d181445341190010ddfd29eae8cfb7.jpg
2026-06-07,2026-06-07 17:57:40,68,BV1dY7Q6pEQZ,116701878291791,千里奔赴只为弥补40年前的遗憾,赛亚人阿廖,出行,生活,250,246,753204,1427,1287,94856,25853,10158,334,1780729530,https://www.bilibili.com/video/BV1dY7Q6pEQZ,http://i0.hdslb.com/bfs/archive/5f9f719eb1fb6326b0a2eabe298cd1484afab3e6.jpg
2026-06-07,2026-06-07 17:57:40,69,BV1uX7k6UEPn,116696761239539,把硬装的喊过来！,脱缰凯Kk,小剧场,娱乐,85,219,1256851,1576,1612,92511,2984,9722,650,1780651876,https://www.bilibili.com/video/BV1uX7k6UEPn,http://i1.hdslb.com/bfs/archive/1a5306b127f7814fe75bc726966f0f675fcb7e33.jpg
2026-06-07,2026-06-07 17:57:40,70,BV15W7C6tEyc,116696425766532,送你一片夕阳！,困雀雀,仿妆cos,时尚,252,36,543134,134,2200,160323,8491,28802,2521,1780646468,https://www.bilibili.com/video/BV15W7C6tEyc,http://i2.hdslb.com/bfs/archive/86973af2078693bfe5fc81d4dae783648e7fb904.jpg
2026-06-07,2026-06-07 17:57:40,71,BV1xdEc6bEcK,116691426088191,肉食脑袋的硬菜局！爆辣猪蹄+火锅鸡泡面香迷糊,方芳的快乐生活,美食侦探,美食,212,1134,1940168,1482,886,85427,10585,14668,3030,1780571551,https://www.bilibili.com/video/BV1xdEc6bEcK,http://i1.hdslb.com/bfs/archive/bdc078c74f5e0987fffca10262d6ced73d562c27.jpg
2026-06-07,2026-06-07 17:57:40,72,BV1MtEF6fEga,116690436233152,全国男生统一迷惑行为,王小洋-已黑化,日常,生活,21,446,993886,3008,2069,81203,1851,14993,2276,1780567200,https://www.bilibili.com/video/BV1MtEF6fEga,http://i1.hdslb.com/bfs/archive/696e0beeae3b0520b2aeae3a4aa24c0eeb689fcd.jpg
2026-06-07,2026-06-07 17:57:40,73,BV1bwV161Er2,116684413209270,【aespa】LEMONNNN,aespa,音乐综合,音乐,130,11,6817924,13100,26067,130673,31184,15349,8905,1780475400,https://www.bilibili.com/video/BV1bwV161Er2,http://i1.hdslb.com/bfs/archive/1e63fbee388c793dc0403c872eefb52a8d7d8615.jpg
2026-06-07,2026-06-07 17:57:40,74,BV1jwV663EjR,116679380112598,我的世界杯主题曲！IShowSpeed - World Cup (Champions),ishowspeedsui,竞技体育,运动,236,299,4783345,2540,11063,263365,48871,47079,15695,1780386563,https://www.bilibili.com/video/BV1jwV663EjR,http://i2.hdslb.com/bfs/archive/2807f6a9b9342740dfa8764e7bcc6e231196c94f.jpg
2026-06-07,2026-06-07 17:57:40,75,BV1Zj7C6wEJY,116696845125445,织棉为布，非遗土布。用千年蓝染，重现极致的东方浪漫,花木紫Huamuz,手工,生活,161,401,1121639,1566,2374,87141,8280,8464,641,1780652882,https://www.bilibili.com/video/BV1Zj7C6wEJY,http://i0.hdslb.com/bfs/archive/753a39454d2f1455af84effb021941e20ad4c2c7.jpg
2026-06-07,2026-06-07 17:57:40,76,BV1VWVz6TELx,116679598147712,星际穿越的我，试图提醒过去的自己....,考研英语大雁,校园学习,知识,208,33,3340780,733,2535,423331,9787,55440,7253,1780389685,https://www.bilibili.com/video/BV1VWVz6TELx,http://i0.hdslb.com/bfs/archive/5822709cbd5c2a8a09fabc50bcfdcfc29859f9a1.jpg
2026-06-07,2026-06-07 17:57:40,77,BV19J7r6HESb,116695704274527,【抱佛脚】高考语文！选择题？最后一课！,学过石油的语文老师,校园学习,知识,208,1200,869319,36980,11290,41802,16833,20615,4072,1780660800,https://www.bilibili.com/video/BV19J7r6HESb,http://i0.hdslb.com/bfs/archive/f8d05a7621ff85694f1ddb7ac6c3c775b0e01965.jpg
2026-06-07,2026-06-07 17:57:40,78,BV1Qb7R6XECX,116687064072844,⚡冷 笑 话 大 全 6.0⚡,污污云,鬼畜调教,鬼畜,22,66,1581706,219,1092,113792,2210,45696,5722,1780545600,https://www.bilibili.com/video/BV1Qb7R6XECX,http://i2.hdslb.com/bfs/archive/edf5ec9306bef71931b52d5b0a961e13f1ecc966.jpg
2026-06-07,2026-06-07 17:57:40,79,BV1Jj7C6AEPq,116696845193451,是我还不够好,怎么转身又是,MMD·3D,动画,25,67,1352752,2903,5475,144670,7041,33087,21153,1780652794,https://www.bilibili.com/video/BV1Jj7C6AEPq,http://i0.hdslb.com/bfs/archive/c261bcb22b8b34b31c0d9cb2e04b0a49a318b123.jpg
2026-06-07,2026-06-07 17:57:40,80,BV1usEw6zEiy,116691040210390,【餐馆TV】UP今天发烧了……作品会不会受影响啊,大乾乾是顾乾宇,小剧场,娱乐,85,141,911830,1760,2778,105890,3362,12961,7566,1780564633,https://www.bilibili.com/video/BV1usEw6zEiy,http://i1.hdslb.com/bfs/archive/6d69be5e1f22dec4058e90f795df2ff7c21e4a91.jpg
2026-06-07,2026-06-07 17:57:40,81,BV1RvVo6QEqo,116674682426936,不儿，你俩来真的啊？！,主持人yoyo酱,搞笑,娱乐,138,265,5901489,16771,12696,707835,533266,128623,14905,1780314627,https://www.bilibili.com/video/BV1RvVo6QEqo,http://i1.hdslb.com/bfs/archive/e8bde3297455f3796e516de2362d5eb1085d9abf.jpg
2026-06-07,2026-06-07 17:57:40,82,BV16sEc6SEwE,116692030070649,班级里的某些努力姐belike：,不懂爱的喵,AI音乐,AI音乐,265,81,2224381,630,4498,130117,625,10259,4418,1780579469,https://www.bilibili.com/video/BV16sEc6SEwE,http://i2.hdslb.com/bfs/archive/711ed87052e442f67c408a6e4e372e876c02a3f0.jpg
2026-06-07,2026-06-07 17:57:40,83,BV1Xa7m6qEm7,116700217347938,意识深渊：我真的存在吗？,大圆镜科普,科学科普,知识,201,484,798221,1181,1762,73535,2373,13913,1248,1780704207,https://www.bilibili.com/video/BV1Xa7m6qEm7,http://i1.hdslb.com/bfs/archive/2d760490c4cfbae1c3b9168320f075ace66ad15a.jpg
2026-06-07,2026-06-07 17:57:40,84,BV1yc7r6vE1C,116695905734805,关于我18岁为什么不去参加高考,我不是赤寒,日常,生活,21,126,1062114,1383,6051,118870,6255,12704,1701,1780638439,https://www.bilibili.com/video/BV1yc7r6vE1C,http://i1.hdslb.com/bfs/archive/294ac25c415d3dcaf5c46bbc02fb5df23da86784.jpg
2026-06-07,2026-06-07 17:57:40,85,BV1pnVm6GEQG,116685386483651,“当bro以为自己很有影响力时…”,林宇辉,社科·法律·心理,知识,124,16,911774,488,1993,264135,10726,34820,1252,1780478075,https://www.bilibili.com/video/BV1pnVm6GEQG,http://i1.hdslb.com/bfs/archive/02329b4beff89227f0f34b10ef7ca21a2b920c65.jpg
2026-06-07,2026-06-07 17:57:40,86,BV1edV26tEsB,116685654722666,复仇整蛊！蛋黄派伪装摄影师突袭周深，几秒就被识破？,记录生活的蛋黄派,美食测评,美食,213,556,3410972,7654,3072,106464,31514,50867,4042,1780565400,https://www.bilibili.com/video/BV1edV26tEsB,http://i2.hdslb.com/bfs/archive/a16b60bc03719059e3218dee538877f554f3f9b4.jpg
2026-06-07,2026-06-07 17:57:40,87,BV1YV7U6zEps,116699697254319,小登VS老登,灼眼的SABER哒,同人·手书,动画,47,63,879909,418,2271,114181,9225,37706,9057,1780718400,https://www.bilibili.com/video/BV1YV7U6zEps,http://i0.hdslb.com/bfs/archive/dce2758cd8546e893008888b88f215364194d4a7.jpg
2026-06-07,2026-06-07 17:57:40,88,BV1QzVR63E3L,116671930963542,回忆永远都是加分项,央视新闻,日常,生活,21,184,3738019,29390,24367,652565,251755,198937,60924,1780286400,https://www.bilibili.com/video/BV1QzVR63E3L,http://i2.hdslb.com/bfs/archive/f4dc3fe8ea88a450877315e867b4995121d5dbf6.jpg
2026-06-07,2026-06-07 17:57:40,89,BV1yk7X6KEz4,116686023891513,2高中生屠杀同学，造成13人死亡后自杀，开启美国校园枪击案先河：科伦拜恩枪击案,捕月说,人文历史,知识,228,733,1867185,734,548,65012,482,9004,304,1780654200,https://www.bilibili.com/video/BV1yk7X6KEz4,http://i2.hdslb.com/bfs/archive/b52e8d555de710438989ea0831c1fa8211fbe67d.jpg
2026-06-07,2026-06-07 17:57:40,90,BV15d7D6UE4i,116702549379788,世界杯期间不抓移民？那这世界杯不是白办了吗,麻薯波比呀,社科·法律·心理,知识,124,995,1095375,5747,2649,69580,9536,8339,1559,1780740025,https://www.bilibili.com/video/BV15d7D6UE4i,http://i2.hdslb.com/bfs/archive/91940674117acf43b95f7a6e2e7ab686470cc3ea.jpg
2026-06-07,2026-06-07 17:57:40,91,BV1mhV26yETL,116683775678542,科比的哲学启示录第十四期,蟹不肉丨,影视剪辑,影视,183,74,5427680,1219,7104,333094,16888,88301,15792,1780453236,https://www.bilibili.com/video/BV1mhV26yETL,http://i0.hdslb.com/bfs/archive/738134aa027bf05aa3f3843c528db81f3d78307d.jpg
2026-06-07,2026-06-07 17:57:40,92,BV1uTEc6AEzV,116691963025070,以为这次断更，会是永别,ONLee_Studio,日常,生活,21,211,986029,1919,2679,66855,22882,4479,980,1780578368,https://www.bilibili.com/video/BV1uTEc6AEzV,http://i0.hdslb.com/bfs/archive/65223f1fb3bbe6f7b6e2b1e84b56584802350ec6.jpg
2026-06-07,2026-06-07 17:57:40,93,BV1n17D6xEX2,116702331278408,这就是7JIA最强之人,杨齐家_,单机游戏,游戏,17,1221,1576881,4614,2241,86106,7863,12068,663,1780736508,https://www.bilibili.com/video/BV1n17D6xEX2,http://i1.hdslb.com/bfs/archive/63922fa2e9e8a18b95b8175a3bea61b0779794d1.jpg
2026-06-07,2026-06-07 17:57:40,94,BV15wVB6YECT,116678608359768,一顿饭只要三块钱，客人吃着吃着，人就“没了”,瞎通不设计了,美食侦探,美食,212,187,2523968,2567,6522,300099,173987,30664,4191,1780390800,https://www.bilibili.com/video/BV15wVB6YECT,http://i1.hdslb.com/bfs/archive/fd898a754bc3cf4317349a2b3c4394e104417434.jpg
2026-06-07,2026-06-07 17:57:40,95,BV1hAVm6XEE2,116685570836474,【传奇耐熬王】经典排骨💀60天仍然有5人存活💪到最后拼的就是谁身体好！🤦‍♂️,-超级小能猫-,搞笑,娱乐,138,2617,2492737,14769,3003,90003,19659,44213,4110,1780481719,https://www.bilibili.com/video/BV1hAVm6XEE2,http://i0.hdslb.com/bfs/archive/dc3782f8b522707e818c2537030e1b8893332367.jpg
2026-06-07,2026-06-07 17:57:40,96,BV12QEc6wETE,116691744917719,“我想我再也不会谈恋爱了”,柯洁,影视剪辑,影视,183,34,1408645,1047,4510,151044,6358,7135,6426,1780574976,https://www.bilibili.com/video/BV12QEc6wETE,http://i0.hdslb.com/bfs/archive/47071584488230edc82fe88b8fe9b87eb57cd115.jpg
2026-06-07,2026-06-07 17:57:40,97,BV1um7665EHP,116696325033953,谁是猜价超人？,小杨Johnson,搞笑,娱乐,138,621,2051590,1859,655,43450,11051,8612,601,1780650000,https://www.bilibili.com/video/BV1um7665EHP,http://i2.hdslb.com/bfs/archive/4a683ea3a122ada0dd88fb184da7439b6831fdfe.jpg
2026-06-07,2026-06-07 17:57:40,98,BV1kv7262EyU,116698623578210,公司给粉丝安排了30万的水上宫殿...,飓多多StormCrew,日常,生活,21,852,1272725,3112,2079,69020,15973,14574,1499,1780714800,https://www.bilibili.com/video/BV1kv7262EyU,http://i2.hdslb.com/bfs/archive/a59944bd6ce91c0bbc28d8c8b560e8b73c31e976.jpg
2026-06-07,2026-06-07 17:57:40,99,BV1797X6ZEvW,116686158038804,真跳60分钟，天台暴晒也算时间哦,矮乐多Aliga,日常,生活,21,3639,1171961,1096,1707,65558,13357,23080,2703,1780490050,https://www.bilibili.com/video/BV1797X6ZEvW,http://i0.hdslb.com/bfs/archive/51a11a46ff9c8a78cf19a5444bd1f18bb0099c9d.jpg
2026-06-07,2026-06-07 17:57:40,100,BV19J7r6HEV7,116695704276560,咕嘎吃掉了整个幼儿园的伙食,咕咕嘎画,搞笑,娱乐,138,46,1572755,140,1206,117230,5951,17371,3421,1780635229,https://www.bilibili.com/video/BV19J7r6HEV7,http://i0.hdslb.com/bfs/archive/6f27e7f3c76289f0fac5ed16261338d0a6c2d5f2.jpg
2026-06-07,2026-06-07 18:57:40,1,BV15C7k6REKC,116697197451293,公测定档7月 | 《遗忘之海》船员集结摇滚MV「燥」,遗忘之海,GMV,GMV,121,205,5861475,1228,2115,110111,85613,82194,4394,1780711200,https://www.bilibili.com/video/BV15C7k6REKC,http://i0.hdslb.com/bfs/archive/bef8db958217ad42ed011f4bf5d5d6c1cf3a4bad.jpg
2026-06-07,2026-06-07 18:57:40,2,BV1Qi7f6eE59,116690805395451,致敬每一个心中有花，努力奔跑的人,爱画画的子衿,亲子,生活,254,313,1683949,3366,3535,229711,115594,15203,3650,1780561800,https://www.bilibili.com/video/BV1Qi7f6eE59,http://i1.hdslb.com/bfs/archive/2c9cc3dd70d264a8473e46b8bebaad7db4d6ef2c.jpg
2026-06-07,2026-06-07 18:57:40,3,BV17GEP6xEDW,116692348832614,新三国up锐评楚汉传奇01：是不是我打开的方式不太对？,吃蛋挞的折棒,影视杂谈,影视,182,1348,1504757,19718,11432,132804,128170,27670,10342,1780624800,https://www.bilibili.com/video/BV17GEP6xEDW,http://i2.hdslb.com/bfs/archive/4e5cd47c8551d2b66643e2800041b7ec2d3bf729.jpg
2026-06-07,2026-06-07 18:57:40,4,BV1cu7r6FEPd,116696023045705,英国，沦为印度殖民地,平原公子,日常,生活,21,463,2939332,11969,8340,191039,8230,20541,18763,1780640137,https://www.bilibili.com/video/BV1cu7r6FEPd,http://i1.hdslb.com/bfs/archive/95ba7fb80bc2a46fc2c8f7ff69a08c57c40ef914.jpg
2026-06-07,2026-06-07 18:57:40,5,BV19ZEF6MEBV,116690117464228,人在干坏事的时候是不怕苦不怕累的,我是易拉爆,日常,生活,21,309,2119631,1397,3928,200503,14581,29631,14660,1780550100,https://www.bilibili.com/video/BV19ZEF6MEBV,http://i2.hdslb.com/bfs/archive/5a3e59dd5183e87d69b1ad3224466b821bf05e23.jpg
2026-06-07,2026-06-07 18:57:40,6,BV1WY7U6dEJ5,116699814693875,【微电影】人类文明的最后一届高考,最后讲述者,鬼畜剧场,鬼畜剧场,216,263,2059874,2640,5475,165160,17899,36315,8382,1780709400,https://www.bilibili.com/video/BV1WY7U6dEJ5,http://i2.hdslb.com/bfs/archive/40a717d48c3dbeb9559b00a07a88af6cfd5181fb.jpg
2026-06-07,2026-06-07 18:57:40,7,BV1wEEc6REms,116692097238799,城市大富翁（5）,雨哥到处跑,日常,生活,21,3846,1640686,37772,5109,142424,114561,38492,4981,1780628700,https://www.bilibili.com/video/BV1wEEc6REms,http://i1.hdslb.com/bfs/archive/8628e50dc2e56aec5815c8e3f665d304cfe23d80.jpg
2026-06-07,2026-06-07 18:57:40,8,BV1w6EF6QEjZ,116690033778619,不看后悔！史上最神人店家！,转生成为毛毛,美食侦探,美食,212,186,3329626,3939,8974,172299,4864,29083,14367,1780563600,https://www.bilibili.com/video/BV1w6EF6QEjZ,http://i1.hdslb.com/bfs/archive/07cb98d8f59285212c90c7646739a87803bf06c0.jpg
2026-06-07,2026-06-07 18:57:40,9,BV13s7z63EjV,116695016477738,《绝区零》3.0新地块实机演示,绝区零,手机游戏,游戏,172,599,1440167,9357,13646,124943,58397,22377,24878,1780624803,https://www.bilibili.com/video/BV13s7z63EjV,http://i0.hdslb.com/bfs/archive/ac132a13aed30f0b83ff50dfb56d83e2e518206a.jpg
2026-06-07,2026-06-07 18:57:40,10,BV1rg7C6TEUm,116696912369911,一句“一氧化二氢”能钓出多少“读稿机”？,中国食品报融媒体,科学科普,知识,201,291,4331044,6060,21109,182963,14090,22599,14820,1780653928,https://www.bilibili.com/video/BV1rg7C6TEUm,http://i1.hdslb.com/bfs/archive/1081ed32a36e81bee443915a997ed5f2bd56badd.jpg
2026-06-07,2026-06-07 18:57:40,11,BV1T9Vm6UE2N,116684681647760,《古剑》3分钟战斗实机 | 线下试玩招募开启,古剑,单机游戏,游戏,17,168,4501711,3178,9733,81737,50563,29429,21807,1780698215,https://www.bilibili.com/video/BV1T9Vm6UE2N,http://i0.hdslb.com/bfs/archive/d18a0e2a80905c1a2bfe0d000c3ca47aa1548899.jpg
2026-06-07,2026-06-07 18:57:40,12,BV1uXEA6gEMu,116692567070822,“别着急，我来给你补充「偶！像！能！量！」”,小耗owo,手机游戏,游戏,172,80,1152976,861,2413,228787,15298,51404,10481,1780624800,https://www.bilibili.com/video/BV1uXEA6gEMu,http://i1.hdslb.com/bfs/archive/64822f49e99e9fb8b41ba5e0f9e06f48d4b76446.jpg
2026-06-07,2026-06-07 18:57:40,13,BV1df7r6REpB,116695469463690,如何在家制造浓汤宝,嘤武罗,日常,生活,21,501,4433456,3437,3170,173682,43645,42292,2574,1780650000,https://www.bilibili.com/video/BV1df7r6REpB,http://i2.hdslb.com/bfs/archive/94c85d2ebad9002fcbad0c7ef2f3c8a3f1ec6768.jpg
2026-06-07,2026-06-07 18:57:40,14,BV16w7D6RERW,116700921988742,007看后:追逐战？,MEspace天植,绘画,绘画,162,49,2466888,249,1008,241030,22488,41127,2066,1780714922,https://www.bilibili.com/video/BV16w7D6RERW,http://i2.hdslb.com/bfs/archive/f35dab38094910739815ae6424bcceee9316f8f7.jpg
2026-06-07,2026-06-07 18:57:40,15,BV1pDV86oE6S,116657217344637,热烈欢迎薛凯琪！工作之余，Fiona会带哪些让自己感到快乐的东西呢～（录完这期脑海里都是Fifi的笑声,papi酱,短片,动画,256,2017,1283314,11090,4681,129539,51133,16278,7328,1780632000,https://www.bilibili.com/video/BV1pDV86oE6S,http://i2.hdslb.com/bfs/archive/032f4048d6f94c465fc10972289999cf79f2572f.jpg
2026-06-07,2026-06-07 18:57:40,16,BV1ZREP6dEcU,116693758117714,扫落叶全清洁100%速通39分03秒leaf it alone,闲云豹,单机游戏,游戏,17,2367,1471551,1644,2356,128571,13291,27226,5281,1780605809,https://www.bilibili.com/video/BV1ZREP6dEcU,http://i1.hdslb.com/bfs/archive/310db23466f62e9399f25f92c8d2b0af953476d6.jpg
2026-06-07,2026-06-07 18:57:40,17,BV1xU7f6xEjt,116690939546284,CF单机叙事续作——《穿越火线：潜伏》实机首曝,穿越火线潜伏,单机游戏,游戏,17,308,4998510,1654,5506,118477,7075,23838,13035,1780696800,https://www.bilibili.com/video/BV1xU7f6xEjt,http://i0.hdslb.com/bfs/archive/140a4abb0c80a2aa1e7cb7126c978567b667ed12.jpg
2026-06-07,2026-06-07 18:57:40,18,BV1PP7C63E2J,116696710912022,《师》我回母校当老师,阿廖沙别害怕_,搞笑,娱乐,138,296,1790048,490,1040,167817,4475,13202,592,1780650587,https://www.bilibili.com/video/BV1PP7C63E2J,http://i0.hdslb.com/bfs/archive/b04455fde128b88ff0a92e264778512242510bc9.jpg
2026-06-07,2026-06-07 18:57:40,19,BV1xR7S6hEkB,116700804683368,菲比：就你们寝室最吵！！,Lm海洋,音乐综合,音乐,130,262,907286,603,3233,74947,54128,32892,11811,1780713190,https://www.bilibili.com/video/BV1xR7S6hEkB,http://i1.hdslb.com/bfs/archive/348cd3608f962369b093721ee90e2515a127a833.jpg
2026-06-07,2026-06-07 18:57:40,20,BV16DVz6UE77,116679229180052,如何拍出电影感大片,喜欢拍照的皮皮,日常,生活,21,60,3864504,358,2296,360067,12697,106006,8691,1780384052,https://www.bilibili.com/video/BV16DVz6UE77,http://i1.hdslb.com/bfs/archive/82ba23d6fb45244f769f8f127cfbe2f51afe67c8.jpg
2026-06-07,2026-06-07 18:57:40,21,BV168796PEv1,116685839403735,如此仙音唯有挠臭,lulu和露爸,喵星人,喵星人,218,26,4872055,17628,5819,610071,17296,118769,25713,1780484850,https://www.bilibili.com/video/BV168796PEv1,http://i1.hdslb.com/bfs/archive/87f3ce4876a2e50e34a2c1b24dfe10ae34700a55.jpg
2026-06-07,2026-06-07 18:57:40,22,BV1uX7k6UENx,116696761239484,巨构：没有告别,巨构ai,网络游戏,游戏,65,19,2773599,5409,7118,447303,21617,150901,6546,1780651506,https://www.bilibili.com/video/BV1uX7k6UENx,http://i0.hdslb.com/bfs/archive/1422e60b2923b373953bd4ce6433b6f0e91f9501.jpg
2026-06-07,2026-06-07 18:57:40,23,BV15iEc6VEfH,116691577216788,路边一块，也能变废为宝，雕刻出大家想要的题材我不知道什么时候天才会亮，但我知道，跑着跑着，天就亮了。,小梨家的和田玉,手工,生活,161,220,5956264,3842,11443,225584,7713,21628,3680,1780572193,https://www.bilibili.com/video/BV15iEc6VEfH,http://i2.hdslb.com/bfs/archive/c1597efe82d66a7f728f8bdd84505eff4b7f5ac9.jpg
2026-06-07,2026-06-07 18:57:40,24,BV1s7V46XEix,116655590017716,评论区摄影大赛之火遍全网的佳作篇，本期有锐评系列也有破败与新生佳作，欢迎投稿好的作品会让更多人看到。,摄影恩哥,日常,生活,21,124,4321440,1621,8428,276379,1822,20589,852,1780738200,https://www.bilibili.com/video/BV1s7V46XEix,http://i1.hdslb.com/bfs/archive/58aada2ca9cd83b3f4d86b331759b2c832c8bcb4.jpg
2026-06-07,2026-06-07 18:57:40,25,BV1gsEw6zExs,116691040208641,你的高考/中考/期末考belike,哈基mer-猫meme,搞笑,娱乐,138,22,752934,28305,2277,267110,29609,55240,5065,1780564012,https://www.bilibili.com/video/BV1gsEw6zExs,http://i2.hdslb.com/bfs/archive/4f76f8d127f1c6d5a990c89a161f10356e783cd4.jpg
2026-06-07,2026-06-07 18:57:40,26,BV1GHEw6rEo4,116691140875979,无能的杰哥,神威-狗剩,影视剪辑,影视,183,154,2789199,1869,3734,136037,8051,24967,27222,1780565876,https://www.bilibili.com/video/BV1GHEw6rEo4,http://i2.hdslb.com/bfs/archive/0814d03bdf68a6a83cba4b8ba18fa6d58d6de912.jpg
2026-06-07,2026-06-07 18:57:40,27,BV1gWEw6gE4X,116691056987748,“这种没流量的画画最狠了”,像风如你o_O,日常,生活,21,25,2245836,682,3313,276144,7569,23574,1102,1780564358,https://www.bilibili.com/video/BV1gWEw6gE4X,http://i0.hdslb.com/bfs/archive/96621cf035234fbf3c3d6f498d6f4d5eae388c12.jpg
2026-06-07,2026-06-07 18:57:40,28,BV15v7S65EWD,116701022717876,挑战给历史故事打tag（标签）,混饭达人,娱乐杂谈,娱乐杂谈,241,77,2828598,2037,2103,217912,4633,24939,12787,1780716510,https://www.bilibili.com/video/BV15v7S65EWD,http://i2.hdslb.com/bfs/archive/1845b193e356ee0f6b686419e20cc96fe1678367.jpg
2026-06-07,2026-06-07 18:57:40,29,BV1kCVU65ERM,116669112386149,初中生斗胆跳一段jam,特崮斯,篮球,运动,235,45,6540534,9904,18572,1251872,204411,132674,19564,1780229707,https://www.bilibili.com/video/BV1kCVU65ERM,http://i1.hdslb.com/bfs/archive/5871a66dc8e356ff71da4a6d99d5922b4a6a3fce.jpg
2026-06-07,2026-06-07 18:57:40,30,BV1Qt7X61Enn,116686241993999,百万英镑，但素质过低,青时晚,影视剪辑,影视,183,174,2278839,1935,2384,136135,10739,34386,13649,1780490956,https://www.bilibili.com/video/BV1Qt7X61Enn,http://i0.hdslb.com/bfs/archive/1573985b4950f4d1001b3a21a50adab722b0a0f1.jpg
2026-06-07,2026-06-07 18:57:40,31,BV1Uj7k6VEPU,116697432395968,信 |《归唐》19分钟完整实机演示,归唐,单机游戏,游戏,17,1167,4210562,15847,24220,84247,27550,15436,40774,1780791300,https://www.bilibili.com/video/BV1Uj7k6VEPU,http://i1.hdslb.com/bfs/archive/73972f02b3d2a52c97a1ec81e53403fef6160006.jpg
2026-06-07,2026-06-07 18:57:40,32,BV1WT7C6uEj8,116696878749194,猫 咪 的 花 语 是 老 吴🎵,幾加乘,同人·手书,动画,47,259,1562041,1605,3059,114651,17219,23931,10299,1780653131,https://www.bilibili.com/video/BV1WT7C6uEj8,http://i0.hdslb.com/bfs/archive/ad354ddb8c2e2bf697327dc182835b3d6014f4b1.jpg
2026-06-07,2026-06-07 18:57:40,33,BV1TR766zEvE,116695972714489,在沙漠里种了1800万棵树，然后呢？,影视飓风,娱乐粉丝创作,娱乐,242,756,2743924,9389,2754,143046,53443,25005,2385,1780650000,https://www.bilibili.com/video/BV1TR766zEvE,http://i1.hdslb.com/bfs/archive/af434541e40c0402ac850fc6783faa3ed5bfdda9.jpg
2026-06-07,2026-06-07 18:57:40,34,BV1Ja7k6AE1b,116697063235411,我又给花朵加了个开关！,是玉木呀,设计·创意,设计·创意,229,104,1011183,498,831,160783,18263,32273,3300,1780656042,https://www.bilibili.com/video/BV1Ja7k6AE1b,http://i0.hdslb.com/bfs/archive/c05470a618fc67ee60cb9df153eb5ad6d3c8ce08.jpg
2026-06-07,2026-06-07 18:57:40,35,BV1jeEc6yE75,116691593992011,《你说谁错谁就错，因为你开迈巴赫》,嘞是唐孃孃,搞笑,娱乐,138,34,3127497,178,1981,236401,3222,15884,1282,1780572588,https://www.bilibili.com/video/BV1jeEc6yE75,http://i0.hdslb.com/bfs/archive/cc74080d84744d7622f9f9dd492a1583e00aaed7.jpg
2026-06-07,2026-06-07 18:57:40,36,BV1hG7y69Ej2,116698036313694,史上最骚特工(第二集),老番茄,单机游戏,游戏,17,842,2022536,3062,1692,124467,40218,34548,2040,1780716600,https://www.bilibili.com/video/BV1hG7y69Ej2,http://i2.hdslb.com/bfs/archive/c4778bfde8d395e0f91e2f746393736302e8205c.jpg
2026-06-07,2026-06-07 18:57:40,37,BV1bV7k6LExn,116697264560365,再见！一系列！高考必胜！,一数,校园学习,知识,208,193,869720,28761,14920,82818,32519,17388,5615,1780659292,https://www.bilibili.com/video/BV1bV7k6LExn,http://i2.hdslb.com/bfs/archive/5df66240b2b71ca2bc6ce697e929657b1b1df5a4.jpg
2026-06-07,2026-06-07 18:57:40,38,BV1yiEF6WErx,116690419585062,奶香馒头,夏叔厨房,美食制作,美食,76,76,1717624,934,7315,220034,7614,19366,1140,1780554601,https://www.bilibili.com/video/BV1yiEF6WErx,http://i1.hdslb.com/bfs/archive/82992eb9cddf1a5a5e5e77e481db8626c6005de9.jpg
2026-06-07,2026-06-07 18:57:40,39,BV1sC7R6VEF3,116687181451048,【侯绿萝】视频加载中，速速查收惊喜！,侯绿萝,小剧场,娱乐,85,233,1913863,1503,1419,182067,10681,15111,1833,1780538400,https://www.bilibili.com/video/BV1sC7R6VEF3,http://i0.hdslb.com/bfs/archive/e40df1469a3bc68659f30a77b0e0801ae88938bb.jpg
2026-06-07,2026-06-07 18:57:40,40,BV16kV26TES7,116685470175022,当父母说出了正确答案：,进击的金厂长,搞笑,娱乐,138,129,6061685,2427,2450,402656,147619,191915,3236,1780479155,https://www.bilibili.com/video/BV16kV26TES7,http://i0.hdslb.com/bfs/archive/982b25c4ef21fb08f77ae933c89f4b99d5b0c86a.jpg
2026-06-07,2026-06-07 18:57:40,41,BV1UV7k6LEUG,116697264627213,航天会刷典狱长？！【三角洲动画】,手折余弦丶,电子竞技,游戏,171,300,1171124,1296,1432,97312,10743,24370,2931,1780659017,https://www.bilibili.com/video/BV1UV7k6LEUG,http://i0.hdslb.com/bfs/archive/eb575db6391346950b2623259e6c0c6469239e03.jpg
2026-06-07,2026-06-07 18:57:40,42,BV1um7665EpW,116696325033820,讷,水生植物人owo,日常,生活,21,16,1209802,825,6453,172537,4439,44906,15985,1780644714,https://www.bilibili.com/video/BV1um7665EpW,http://i2.hdslb.com/bfs/archive/ce971f171b1f22d061819b3fea882f5d4af2a608.jpg
2026-06-07,2026-06-07 18:57:40,43,BV12R7Q6MEJX,116686543914174,你说你有点难追～,未知艺术家_611,搞笑,娱乐,138,30,2775687,237,2012,250671,3065,26393,3883,1780495648,https://www.bilibili.com/video/BV12R7Q6MEJX,http://i2.hdslb.com/bfs/archive/aeaf33a25e079b26433a425ee56ac24f566861d7.jpg
2026-06-07,2026-06-07 18:57:40,44,BV1wE7m67EAF,116700569671653,“我在成华大道「拼接遗憾」”,Dieorite,人力VOCALOID,人力VOCALOID,126,116,581895,2523,1497,131121,27858,37805,2163,1780709690,https://www.bilibili.com/video/BV1wE7m67EAF,http://i1.hdslb.com/bfs/archive/b7a88bfce9322211ddb670d69d549967dba6591e.jpg
2026-06-07,2026-06-07 18:57:40,45,BV1XEV26XEsz,116683641455201,冠以破碎之名：第一集 冰潮寒雨之夏,Xavier_白昼,综合,综合,27,1106,1379846,1826,2440,104274,22314,64483,3552,1780451269,https://www.bilibili.com/video/BV1XEV26XEsz,http://i0.hdslb.com/bfs/archive/edb3c2a03146bbc3390581aa30c41b8e3c3ab846.jpg
2026-06-07,2026-06-07 18:57:40,46,BV1pW7Q68Emz,116702180348281,这期谁能绷住,呱唧菌,搞笑,娱乐,138,339,1128656,1625,1199,108021,5133,18320,1465,1780741800,https://www.bilibili.com/video/BV1pW7Q68Emz,http://i2.hdslb.com/bfs/archive/5ae6e1d11721490eb4a17034e97a4c36afdca5f0.jpg
2026-06-07,2026-06-07 18:57:40,47,BV1vEEP6HEFw,116692281789801,2025年出货量370万台！激光雷达真成“安全气囊”了？,保镖的车库,新能源车,新能源车,247,606,1702129,550,737,109780,3128,11234,408,1780653900,https://www.bilibili.com/video/BV1vEEP6HEFw,http://i1.hdslb.com/bfs/archive/76872e6b743f73527ee70c89a75c39214a868540.jpg
2026-06-07,2026-06-07 18:57:40,48,BV1EwEF62EhA,116690721443492,当校长挑选教室地板时,Cheems电玩屋,日常,生活,21,18,4866335,798,4774,196352,976,7325,491,1780559484,https://www.bilibili.com/video/BV1EwEF62EhA,http://i0.hdslb.com/bfs/archive/8916553504d48aec3ba5ad2bdfeec5fcf7eefc1c.jpg
2026-06-07,2026-06-07 18:57:40,49,BV1W6VZ6MEbd,116674313328609,🍄欠揍气球🍄,纸片马力欧,日常,生活,21,40,4413382,6050,10270,511762,40310,271863,77754,1780309043,https://www.bilibili.com/video/BV1W6VZ6MEbd,http://i0.hdslb.com/bfs/archive/3d18bae01c4fc365d9e7e0ede5efb926e32115ad.jpg
2026-06-07,2026-06-07 18:57:40,50,BV1yo7B68EHX,116695117207554,《鸣潮》×《赛博朋克：边缘行者》共鸣者战斗演示 | 露西,鸣潮,单机游戏,游戏,17,283,2260151,2404,8283,78329,24102,13698,14771,1780628400,https://www.bilibili.com/video/BV1yo7B68EHX,http://i2.hdslb.com/bfs/archive/61426f2876187b9326f1b732fdea7044e08d7ea3.jpg
2026-06-07,2026-06-07 18:57:40,51,BV1R7Ew65ERR,116691124229360,当爸爸找亲戚买手机,刘鸿哥哥,小剧场,娱乐,85,119,2366481,955,2953,160398,1438,8649,1731,1780565630,https://www.bilibili.com/video/BV1R7Ew65ERR,http://i0.hdslb.com/bfs/archive/5e4feb10a7cf9e178bf7e9a619d62843bc5ae8b2.jpg
2026-06-07,2026-06-07 18:57:40,52,BV1vR7D6JEEm,116702566223209,全球吃席！自驾巴尔干婚礼，吃欧洲乡村大席,食贫道,日常,生活,21,3274,999760,5970,1494,94009,33881,12606,1032,1780741089,https://www.bilibili.com/video/BV1vR7D6JEEm,http://i2.hdslb.com/bfs/archive/b23120503d27e3049c25e887901c19df17a98fe1.jpg
2026-06-07,2026-06-07 18:57:40,53,BV1jz7k6tEkL,116696979347018,教程来啦兄弟们 拍起来,是柳宗元,电子竞技,游戏,171,46,2218712,184,882,167915,2859,25481,1337,1780654702,https://www.bilibili.com/video/BV1jz7k6tEkL,http://i0.hdslb.com/bfs/archive/becaa38ea9e7437bed18411340db6d5da7f4cd54.jpg
2026-06-07,2026-06-07 18:57:40,54,BV1JAEw69EUS,116691342200777,生完宝宝之后我再也不敢得罪我老公了，因为……,笑哥走丢了a,亲子,生活,254,89,2208196,868,6959,169425,3172,8394,1890,1780568869,https://www.bilibili.com/video/BV1JAEw69EUS,http://i2.hdslb.com/bfs/archive/2496ecbfca22198efdffe5b1855ea840b90edb2a.jpg
2026-06-07,2026-06-07 18:57:40,55,BV17q7y6qEeG,116697767874225,当代牢大学生论文现状belike：,黑曼波语录,鬼畜调教,鬼畜,22,78,1410533,233,1667,104357,3402,71572,8038,1780716900,https://www.bilibili.com/video/BV17q7y6qEeG,http://i2.hdslb.com/bfs/archive/a42866374c2dd87fd5093121386c1dd1372e10a6.jpg
2026-06-07,2026-06-07 18:57:40,56,BV1DB7f6AEBK,116690989942959,最 不 物 质 之 人,张八筒筒,日常,生活,21,127,2693829,929,950,170809,1594,9046,877,1780563943,https://www.bilibili.com/video/BV1DB7f6AEBK,http://i1.hdslb.com/bfs/archive/612e05a8e02454bd4e3723991d4808f061b1c188.jpg
2026-06-07,2026-06-07 18:57:40,57,BV19N7y6bE1e,116698455803490,全体起立鼓掌！人类发现了治癌症的新药！🤯,蜗牛的科技笔记,软件应用,软件应用,230,115,1261071,1082,5768,116384,4563,19355,8019,1780677279,https://www.bilibili.com/video/BV19N7y6bE1e,http://i2.hdslb.com/bfs/archive/3b5f57bbd2f68b33097261f34d0cbb700b9439ce.jpg
2026-06-07,2026-06-07 18:57:40,58,BV1nWVm6uEqb,116685285624503,我吃牛瘪火锅 结果买错牛胃了,张离谱Dreams,搞笑,娱乐,138,97,2696146,1352,3652,175555,3260,48851,12907,1780476405,https://www.bilibili.com/video/BV1nWVm6uEqb,http://i0.hdslb.com/bfs/archive/6f4f02f224993a1933f3e515e84d84edb5ca3808.jpg
2026-06-07,2026-06-07 18:57:40,59,BV1XQ7Z6eEki,116689412819066,特朗普的愤怒,燕三嘤嘤嘤,人文历史,知识,228,1133,2950734,10815,4916,143907,34721,20669,2788,1780545020,https://www.bilibili.com/video/BV1XQ7Z6eEki,http://i0.hdslb.com/bfs/archive/d106118a7a33e310838a2e387ce511583c5a7a62.jpg
2026-06-07,2026-06-07 18:57:40,60,BV1VD726iE1t,116698791282580,《猴王出事》,伤心欲茄222,搞笑,娱乐,138,103,2060885,1135,3381,151081,5799,7717,5347,1780718400,https://www.bilibili.com/video/BV1VD726iE1t,http://i1.hdslb.com/bfs/archive/2fa41f4d1af95817e553d8fd8c6eeb7fc16a9d82.jpg
2026-06-07,2026-06-07 18:57:40,61,BV1LR7D6JEV7,116702566156828,Re：佩恩从零开始的异世界生活！！！【水门篇】,-夏秋冬-,综合,综合,27,416,866869,1373,3012,63830,22208,18571,3687,1780740005,https://www.bilibili.com/video/BV1LR7D6JEV7,http://i0.hdslb.com/bfs/archive/bb4c488614d181445341190010ddfd29eae8cfb7.jpg
2026-06-07,2026-06-07 18:57:40,62,BV1xZ7k6LESp,116696778084201,“哎呀 我们的主角倒下啦～”,西门小昭,综合,综合,27,30,724141,121,1048,138738,9558,55612,2431,1780655400,https://www.bilibili.com/video/BV1xZ7k6LESp,http://i2.hdslb.com/bfs/archive/2c5c6c548ed488771077293e2f7bfcfb435e4744.jpg
2026-06-07,2026-06-07 18:57:40,63,BV1L7Ew65ETv,116691124098703,我养护的石拱桥，已经被国家收录为不可移动文物！,抓紧长长长呀,三农,生活,251,604,1829964,1113,2098,124875,7121,9556,477,1780565746,https://www.bilibili.com/video/BV1L7Ew65ETv,http://i1.hdslb.com/bfs/archive/56f52737bc566db19c5316ccdcc3b87cc81709e0.jpg
2026-06-07,2026-06-07 18:57:40,64,BV13HEw6rEhc,116691140873202,接龙游戏开发，但都绷住了,M木糖M,单机游戏,游戏,17,933,1511629,1474,984,75764,10804,14037,1241,1780630200,https://www.bilibili.com/video/BV13HEw6rEhc,http://i2.hdslb.com/bfs/archive/1083ae38f0917802668505e94ed2fe06226cc58b.jpg
2026-06-07,2026-06-07 18:57:40,65,BV1tV7k6LEyH,116697264556028,你或许不认识我 但我唱的歌你或许？？听过？,喵☆酱,翻唱,音乐,31,443,514217,4965,2274,107365,7110,15290,1215,1780659262,https://www.bilibili.com/video/BV1tV7k6LEyH,http://i1.hdslb.com/bfs/archive/f27fa302b117dedb6f353c75770d440ca8982c33.jpg
2026-06-07,2026-06-07 18:57:40,66,BV1dY7Q6pEQZ,116701878291791,千里奔赴只为弥补40年前的遗憾,赛亚人阿廖,出行,生活,250,246,781717,1488,1333,97883,26569,10494,346,1780729530,https://www.bilibili.com/video/BV1dY7Q6pEQZ,http://i0.hdslb.com/bfs/archive/5f9f719eb1fb6326b0a2eabe298cd1484afab3e6.jpg
2026-06-07,2026-06-07 18:57:40,67,BV1JKEw6QEw9,116691509970719,我读了你们的评论 把阎王召唤出来了T_T,汤木檀泽,日常,生活,21,959,1894661,1507,1639,116250,6880,18120,556,1780571268,https://www.bilibili.com/video/BV1JKEw6QEw9,http://i1.hdslb.com/bfs/archive/0b6c7ccb214b6211a4cf9a8741eb473536e42587.jpg
2026-06-07,2026-06-07 18:57:40,68,BV15z766SE1A,116696341812776,假如高考什么都可以带,小安苒AIGC,校园学习,知识,208,177,2193978,2649,2550,92170,2252,7128,1737,1780646400,https://www.bilibili.com/video/BV15z766SE1A,http://i2.hdslb.com/bfs/archive/ed743a6a86446310a9957bce92faa671a082a6d8.jpg
2026-06-07,2026-06-07 18:57:40,69,BV1xdEc6bEcK,116691426088191,肉食脑袋的硬菜局！爆辣猪蹄+火锅鸡泡面香迷糊,方芳的快乐生活,美食侦探,美食,212,1134,1962667,1490,896,85748,10657,14710,3064,1780571551,https://www.bilibili.com/video/BV1xdEc6bEcK,http://i1.hdslb.com/bfs/archive/bdc078c74f5e0987fffca10262d6ced73d562c27.jpg
2026-06-07,2026-06-07 18:57:40,70,BV1uX7k6UEPn,116696761239539,把硬装的喊过来！,脱缰凯Kk,小剧场,娱乐,85,219,1268664,1583,1622,93289,3017,9814,654,1780651876,https://www.bilibili.com/video/BV1uX7k6UEPn,http://i1.hdslb.com/bfs/archive/1a5306b127f7814fe75bc726966f0f675fcb7e33.jpg
2026-06-07,2026-06-07 18:57:40,71,BV15W7C6tEyc,116696425766532,送你一片夕阳！,困雀雀,仿妆cos,时尚,252,36,546669,135,2208,161203,8549,28986,2542,1780646468,https://www.bilibili.com/video/BV15W7C6tEyc,http://i2.hdslb.com/bfs/archive/86973af2078693bfe5fc81d4dae783648e7fb904.jpg
2026-06-07,2026-06-07 18:57:40,72,BV1Zj7C6wEJY,116696845125445,织棉为布，非遗土布。用千年蓝染，重现极致的东方浪漫,花木紫Huamuz,手工,生活,161,401,1131611,1574,2395,88322,8361,8653,646,1780652882,https://www.bilibili.com/video/BV1Zj7C6wEJY,http://i0.hdslb.com/bfs/archive/753a39454d2f1455af84effb021941e20ad4c2c7.jpg
2026-06-07,2026-06-07 18:57:40,73,BV1bwV161Er2,116684413209270,【aespa】LEMONNNN,aespa,音乐综合,音乐,130,11,6856019,13200,26267,131475,31386,15459,8998,1780475400,https://www.bilibili.com/video/BV1bwV161Er2,http://i1.hdslb.com/bfs/archive/1e63fbee388c793dc0403c872eefb52a8d7d8615.jpg
2026-06-07,2026-06-07 18:57:40,74,BV1Jj7C6AEPq,116696845193451,是我还不够好,怎么转身又是,MMD·3D,动画,25,67,1454106,3233,5663,152022,7480,35524,22384,1780652794,https://www.bilibili.com/video/BV1Jj7C6AEPq,http://i0.hdslb.com/bfs/archive/c261bcb22b8b34b31c0d9cb2e04b0a49a318b123.jpg
2026-06-07,2026-06-07 18:57:40,75,BV1jwV663EjR,116679380112598,我的世界杯主题曲！IShowSpeed - World Cup (Champions),ishowspeedsui,竞技体育,运动,236,299,4808144,2559,11129,264539,49141,47351,15771,1780386563,https://www.bilibili.com/video/BV1jwV663EjR,http://i2.hdslb.com/bfs/archive/2807f6a9b9342740dfa8764e7bcc6e231196c94f.jpg
2026-06-07,2026-06-07 18:57:40,76,BV19J7r6HESb,116695704274527,【抱佛脚】高考语文！选择题？最后一课！,学过石油的语文老师,校园学习,知识,208,1200,871173,36982,11305,41816,16837,20563,4072,1780660800,https://www.bilibili.com/video/BV19J7r6HESb,http://i0.hdslb.com/bfs/archive/f8d05a7621ff85694f1ddb7ac6c3c775b0e01965.jpg
2026-06-07,2026-06-07 18:57:40,77,BV1VWVz6TELx,116679598147712,星际穿越的我，试图提醒过去的自己....,考研英语大雁,校园学习,知识,208,33,3369801,740,2555,426770,9893,55952,7302,1780389685,https://www.bilibili.com/video/BV1VWVz6TELx,http://i0.hdslb.com/bfs/archive/5822709cbd5c2a8a09fabc50bcfdcfc29859f9a1.jpg
2026-06-07,2026-06-07 18:57:40,78,BV1MtEF6fEga,116690436233152,全国男生统一迷惑行为,王小洋-已黑化,日常,生活,21,446,1013782,3059,2102,82664,1907,15284,2312,1780567200,https://www.bilibili.com/video/BV1MtEF6fEga,http://i1.hdslb.com/bfs/archive/696e0beeae3b0520b2aeae3a4aa24c0eeb689fcd.jpg
2026-06-07,2026-06-07 18:57:40,79,BV1Xa7m6qEm7,116700217347938,意识深渊：我真的存在吗？,大圆镜科普,科学科普,知识,201,484,810717,1197,1794,74880,2436,14162,1277,1780704207,https://www.bilibili.com/video/BV1Xa7m6qEm7,http://i1.hdslb.com/bfs/archive/2d760490c4cfbae1c3b9168320f075ace66ad15a.jpg
2026-06-07,2026-06-07 18:57:40,80,BV1Qb7R6XECX,116687064072844,⚡冷 笑 话 大 全 6.0⚡,污污云,鬼畜调教,鬼畜,22,66,1598758,221,1101,115071,2258,46188,5791,1780545600,https://www.bilibili.com/video/BV1Qb7R6XECX,http://i2.hdslb.com/bfs/archive/edf5ec9306bef71931b52d5b0a961e13f1ecc966.jpg
2026-06-07,2026-06-07 18:57:40,81,BV1usEw6zEiy,116691040210390,【餐馆TV】UP今天发烧了……作品会不会受影响啊,大乾乾是顾乾宇,小剧场,娱乐,85,141,929943,1795,2791,107266,3404,13103,7666,1780564633,https://www.bilibili.com/video/BV1usEw6zEiy,http://i1.hdslb.com/bfs/archive/6d69be5e1f22dec4058e90f795df2ff7c21e4a91.jpg
2026-06-07,2026-06-07 18:57:40,82,BV16sEc6SEwE,116692030070649,班级里的某些努力姐belike：,不懂爱的喵,AI音乐,AI音乐,265,81,2239510,633,4522,130981,634,10366,4465,1780579469,https://www.bilibili.com/video/BV16sEc6SEwE,http://i2.hdslb.com/bfs/archive/711ed87052e442f67c408a6e4e372e876c02a3f0.jpg
2026-06-07,2026-06-07 18:57:40,83,BV1yc7r6vE1C,116695905734805,关于我18岁为什么不去参加高考,我不是赤寒,日常,生活,21,126,1073623,1403,6101,120112,6311,12827,1718,1780638439,https://www.bilibili.com/video/BV1yc7r6vE1C,http://i1.hdslb.com/bfs/archive/294ac25c415d3dcaf5c46bbc02fb5df23da86784.jpg
2026-06-07,2026-06-07 18:57:40,84,BV1RvVo6QEqo,116674682426936,不儿，你俩来真的啊？！,主持人yoyo酱,搞笑,娱乐,138,265,5918742,16851,12730,710414,534891,129116,14951,1780314627,https://www.bilibili.com/video/BV1RvVo6QEqo,http://i1.hdslb.com/bfs/archive/e8bde3297455f3796e516de2362d5eb1085d9abf.jpg
2026-06-07,2026-06-07 18:57:40,85,BV1YV7U6zEps,116699697254319,小登VS老登,灼眼的SABER哒,同人·手书,动画,47,63,897238,425,2321,116345,9508,38596,9271,1780718400,https://www.bilibili.com/video/BV1YV7U6zEps,http://i0.hdslb.com/bfs/archive/dce2758cd8546e893008888b88f215364194d4a7.jpg
2026-06-07,2026-06-07 18:57:40,86,BV1yk7X6KEz4,116686023891513,2高中生屠杀同学，造成13人死亡后自杀，开启美国校园枪击案先河：科伦拜恩枪击案,捕月说,人文历史,知识,228,733,1915828,764,566,66896,499,9269,311,1780654200,https://www.bilibili.com/video/BV1yk7X6KEz4,http://i2.hdslb.com/bfs/archive/b52e8d555de710438989ea0831c1fa8211fbe67d.jpg
2026-06-07,2026-06-07 18:57:40,87,BV15d7D6UE4i,116702549379788,世界杯期间不抓移民？那这世界杯不是白办了吗,麻薯波比呀,社科·法律·心理,知识,124,995,1135895,5843,2707,71726,9892,8478,1617,1780740025,https://www.bilibili.com/video/BV15d7D6UE4i,http://i2.hdslb.com/bfs/archive/91940674117acf43b95f7a6e2e7ab686470cc3ea.jpg
2026-06-07,2026-06-07 18:57:40,88,BV1QzVR63E3L,116671930963542,回忆永远都是加分项,央视新闻,日常,生活,21,184,3745690,29424,24383,653677,252125,199279,60973,1780286400,https://www.bilibili.com/video/BV1QzVR63E3L,http://i2.hdslb.com/bfs/archive/f4dc3fe8ea88a450877315e867b4995121d5dbf6.jpg
2026-06-07,2026-06-07 18:57:40,89,BV1kv7262EyU,116698623578210,公司给粉丝安排了30万的水上宫殿...,飓多多StormCrew,日常,生活,21,852,1362533,3187,2142,72089,16438,15029,1556,1780714800,https://www.bilibili.com/video/BV1kv7262EyU,http://i2.hdslb.com/bfs/archive/a59944bd6ce91c0bbc28d8c8b560e8b73c31e976.jpg
2026-06-07,2026-06-07 18:57:40,90,BV1pnVm6GEQG,116685386483651,“当bro以为自己很有影响力时…”,林宇辉,社科·法律·心理,知识,124,16,914136,491,2003,264984,10781,34985,1254,1780478075,https://www.bilibili.com/video/BV1pnVm6GEQG,http://i1.hdslb.com/bfs/archive/02329b4beff89227f0f34b10ef7ca21a2b920c65.jpg
2026-06-07,2026-06-07 18:57:40,91,BV1n17D6xEX2,116702331278408,这就是7JIA最强之人,杨齐家_,单机游戏,游戏,17,1221,1717681,4689,2275,90064,8093,12875,683,1780736508,https://www.bilibili.com/video/BV1n17D6xEX2,http://i1.hdslb.com/bfs/archive/63922fa2e9e8a18b95b8175a3bea61b0779794d1.jpg
2026-06-07,2026-06-07 18:57:40,92,BV1uTEc6AEzV,116691963025070,以为这次断更，会是永别,ONLee_Studio,日常,生活,21,211,990745,1936,2694,67248,23006,4498,984,1780578368,https://www.bilibili.com/video/BV1uTEc6AEzV,http://i0.hdslb.com/bfs/archive/65223f1fb3bbe6f7b6e2b1e84b56584802350ec6.jpg
2026-06-07,2026-06-07 18:57:40,93,BV12QEc6wETE,116691744917719,“我想我再也不会谈恋爱了”,柯洁,影视剪辑,影视,183,34,1414722,1062,4525,151833,6375,7182,6458,1780574976,https://www.bilibili.com/video/BV12QEc6wETE,http://i0.hdslb.com/bfs/archive/47071584488230edc82fe88b8fe9b87eb57cd115.jpg
2026-06-07,2026-06-07 18:57:40,94,BV17z7y6KEVT,116697751096214,可爱的安魂曲~,徐大花xudahua,手工,生活,161,158,1148011,280,1129,82622,5048,11210,1826,1780718400,https://www.bilibili.com/video/BV17z7y6KEVT,http://i2.hdslb.com/bfs/archive/2fbc38542399965a708c159f85533b4f5065fe8c.jpg
2026-06-07,2026-06-07 18:57:40,95,BV1um7665EHP,116696325033953,谁是猜价超人？,小杨Johnson,搞笑,娱乐,138,621,2059215,1868,661,43829,11170,8667,607,1780650000,https://www.bilibili.com/video/BV1um7665EHP,http://i2.hdslb.com/bfs/archive/4a683ea3a122ada0dd88fb184da7439b6831fdfe.jpg
2026-06-07,2026-06-07 18:57:40,96,BV15wVB6YECT,116678608359768,一顿饭只要三块钱，客人吃着吃着，人就“没了”,瞎通不设计了,美食侦探,美食,212,187,2550228,2592,6565,302247,175210,31102,4207,1780390800,https://www.bilibili.com/video/BV15wVB6YECT,http://i1.hdslb.com/bfs/archive/fd898a754bc3cf4317349a2b3c4394e104417434.jpg
2026-06-07,2026-06-07 18:57:40,97,BV1797X6ZEvW,116686158038804,真跳60分钟，天台暴晒也算时间哦,矮乐多Aliga,日常,生活,21,3639,1174285,1098,1709,65753,13403,23145,2707,1780490050,https://www.bilibili.com/video/BV1797X6ZEvW,http://i0.hdslb.com/bfs/archive/51a11a46ff9c8a78cf19a5444bd1f18bb0099c9d.jpg
2026-06-07,2026-06-07 18:57:40,98,BV19J7r6HEV7,116695704276560,咕嘎吃掉了整个幼儿园的伙食,咕咕嘎画,搞笑,娱乐,138,46,1582668,140,1209,117950,6009,17526,3443,1780635229,https://www.bilibili.com/video/BV19J7r6HEV7,http://i0.hdslb.com/bfs/archive/6f27e7f3c76289f0fac5ed16261338d0a6c2d5f2.jpg
2026-06-07,2026-06-07 18:57:40,99,BV1787S6mEV8,116701073053928,这里藏着一群“伪人”,摸鱼佬临风,鬼畜剧场,鬼畜剧场,216,354,297382,386,723,78607,4752,24419,823,1780717427,https://www.bilibili.com/video/BV1787S6mEV8,http://i2.hdslb.com/bfs/archive/d2a4fc8b8017160bc03e17f14d6fbedd690059c1.jpg
2026-06-07,2026-06-07 18:57:40,100,BV1mhV26yETL,116683775678542,科比的哲学启示录第十四期,蟹不肉丨,影视剪辑,影视,183,74,5467603,1227,7136,334826,17021,89075,15871,1780453236,https://www.bilibili.com/video/BV1mhV26yETL,http://i0.hdslb.com/bfs/archive/738134aa027bf05aa3f3843c528db81f3d78307d.jpg
2026-06-07,2026-06-07 19:57:40,1,BV15C7k6REKC,116697197451293,公测定档7月 | 《遗忘之海》船员集结摇滚MV「燥」,遗忘之海,GMV,GMV,121,205,5996071,1298,2141,111437,85663,82420,4437,1780711200,https://www.bilibili.com/video/BV15C7k6REKC,http://i0.hdslb.com/bfs/archive/bef8db958217ad42ed011f4bf5d5d6c1cf3a4bad.jpg
2026-06-07,2026-06-07 19:57:40,2,BV17GEP6xEDW,116692348832614,新三国up锐评楚汉传奇01：是不是我打开的方式不太对？,吃蛋挞的折棒,影视杂谈,影视,182,1348,1518442,19815,11475,133482,128614,27815,10392,1780624800,https://www.bilibili.com/video/BV17GEP6xEDW,http://i2.hdslb.com/bfs/archive/4e5cd47c8551d2b66643e2800041b7ec2d3bf729.jpg
2026-06-07,2026-06-07 19:57:40,3,BV1Qi7f6eE59,116690805395451,致敬每一个心中有花，努力奔跑的人,爱画画的子衿,亲子,生活,254,313,1692290,3376,3563,230890,116220,15294,3668,1780561800,https://www.bilibili.com/video/BV1Qi7f6eE59,http://i1.hdslb.com/bfs/archive/2c9cc3dd70d264a8473e46b8bebaad7db4d6ef2c.jpg
2026-06-07,2026-06-07 19:57:40,4,BV1cu7r6FEPd,116696023045705,英国，沦为印度殖民地,平原公子,日常,生活,21,463,2978772,12146,8472,193734,8390,20882,19141,1780640137,https://www.bilibili.com/video/BV1cu7r6FEPd,http://i1.hdslb.com/bfs/archive/95ba7fb80bc2a46fc2c8f7ff69a08c57c40ef914.jpg
2026-06-07,2026-06-07 19:57:40,5,BV1WY7U6dEJ5,116699814693875,【微电影】人类文明的最后一届高考,最后讲述者,鬼畜剧场,鬼畜剧场,216,263,2077119,2689,5546,167050,18310,36965,8580,1780709400,https://www.bilibili.com/video/BV1WY7U6dEJ5,http://i2.hdslb.com/bfs/archive/40a717d48c3dbeb9559b00a07a88af6cfd5181fb.jpg
2026-06-07,2026-06-07 19:57:40,6,BV19ZEF6MEBV,116690117464228,人在干坏事的时候是不怕苦不怕累的,我是易拉爆,日常,生活,21,309,2126067,1406,3948,201295,14714,29809,14750,1780550100,https://www.bilibili.com/video/BV19ZEF6MEBV,http://i2.hdslb.com/bfs/archive/5a3e59dd5183e87d69b1ad3224466b821bf05e23.jpg
2026-06-07,2026-06-07 19:57:40,7,BV1wEEc6REms,116692097238799,城市大富翁（5）,雨哥到处跑,日常,生活,21,3846,1663729,38106,5123,143989,115547,38857,5018,1780628700,https://www.bilibili.com/video/BV1wEEc6REms,http://i1.hdslb.com/bfs/archive/8628e50dc2e56aec5815c8e3f665d304cfe23d80.jpg
2026-06-07,2026-06-07 19:57:40,8,BV1w6EF6QEjZ,116690033778619,不看后悔！史上最神人店家！,转生成为毛毛,美食侦探,美食,212,186,3353273,3951,9032,173335,4895,29250,14477,1780563600,https://www.bilibili.com/video/BV1w6EF6QEjZ,http://i1.hdslb.com/bfs/archive/07cb98d8f59285212c90c7646739a87803bf06c0.jpg
2026-06-07,2026-06-07 19:57:40,9,BV13s7z63EjV,116695016477738,《绝区零》3.0新地块实机演示,绝区零,手机游戏,游戏,172,599,1441979,9365,13650,125068,58419,22380,24894,1780624803,https://www.bilibili.com/video/BV13s7z63EjV,http://i0.hdslb.com/bfs/archive/ac132a13aed30f0b83ff50dfb56d83e2e518206a.jpg
2026-06-07,2026-06-07 19:57:40,10,BV1rg7C6TEUm,116696912369911,一句“一氧化二氢”能钓出多少“读稿机”？,中国食品报融媒体,科学科普,知识,201,291,4390029,6140,21022,185456,14255,22877,15037,1780653928,https://www.bilibili.com/video/BV1rg7C6TEUm,http://i1.hdslb.com/bfs/archive/1081ed32a36e81bee443915a997ed5f2bd56badd.jpg
2026-06-07,2026-06-07 19:57:40,11,BV1T9Vm6UE2N,116684681647760,《古剑》3分钟战斗实机 | 线下试玩招募开启,古剑,单机游戏,游戏,17,168,4614278,3360,9816,82612,50767,29572,22013,1780698215,https://www.bilibili.com/video/BV1T9Vm6UE2N,http://i0.hdslb.com/bfs/archive/d18a0e2a80905c1a2bfe0d000c3ca47aa1548899.jpg
2026-06-07,2026-06-07 19:57:40,12,BV1uXEA6gEMu,116692567070822,“别着急，我来给你补充「偶！像！能！量！」”,小耗owo,手机游戏,游戏,172,80,1161783,864,2434,230348,15480,51849,10573,1780624800,https://www.bilibili.com/video/BV1uXEA6gEMu,http://i1.hdslb.com/bfs/archive/64822f49e99e9fb8b41ba5e0f9e06f48d4b76446.jpg
2026-06-07,2026-06-07 19:57:40,13,BV16w7D6RERW,116700921988742,007看后:追逐战？,MEspace天植,绘画,绘画,162,49,2515246,250,1034,245422,22941,41914,2118,1780714922,https://www.bilibili.com/video/BV16w7D6RERW,http://i2.hdslb.com/bfs/archive/f35dab38094910739815ae6424bcceee9316f8f7.jpg
2026-06-07,2026-06-07 19:57:40,14,BV1df7r6REpB,116695469463690,如何在家制造浓汤宝,嘤武罗,日常,生活,21,501,4519988,3472,3199,176014,44162,42993,2617,1780650000,https://www.bilibili.com/video/BV1df7r6REpB,http://i2.hdslb.com/bfs/archive/94c85d2ebad9002fcbad0c7ef2f3c8a3f1ec6768.jpg
2026-06-07,2026-06-07 19:57:40,15,BV1pDV86oE6S,116657217344637,热烈欢迎薛凯琪！工作之余，Fiona会带哪些让自己感到快乐的东西呢～（录完这期脑海里都是Fifi的笑声,papi酱,短片,动画,256,2017,1303603,11151,4722,131109,51617,16455,7405,1780632000,https://www.bilibili.com/video/BV1pDV86oE6S,http://i2.hdslb.com/bfs/archive/032f4048d6f94c465fc10972289999cf79f2572f.jpg
2026-06-07,2026-06-07 19:57:40,16,BV1ZREP6dEcU,116693758117714,扫落叶全清洁100%速通39分03秒leaf it alone,闲云豹,单机游戏,游戏,17,2367,1492217,1671,2392,130555,13454,27711,5354,1780605809,https://www.bilibili.com/video/BV1ZREP6dEcU,http://i1.hdslb.com/bfs/archive/310db23466f62e9399f25f92c8d2b0af953476d6.jpg
2026-06-07,2026-06-07 19:57:40,17,BV1xU7f6xEjt,116690939546284,CF单机叙事续作——《穿越火线：潜伏》实机首曝,穿越火线潜伏,单机游戏,游戏,17,308,5134843,1688,5440,120696,7126,24356,13346,1780696800,https://www.bilibili.com/video/BV1xU7f6xEjt,http://i0.hdslb.com/bfs/archive/140a4abb0c80a2aa1e7cb7126c978567b667ed12.jpg
2026-06-07,2026-06-07 19:57:40,18,BV1Uj7k6VEPU,116697432395968,信 |《归唐》19分钟完整实机演示,归唐,单机游戏,游戏,17,1167,4606285,16683,24741,88662,29114,16305,42750,1780791300,https://www.bilibili.com/video/BV1Uj7k6VEPU,http://i1.hdslb.com/bfs/archive/73972f02b3d2a52c97a1ec81e53403fef6160006.jpg
2026-06-07,2026-06-07 19:57:40,19,BV1PP7C63E2J,116696710912022,《师》我回母校当老师,阿廖沙别害怕_,搞笑,娱乐,138,296,1814298,497,1048,169791,4515,13399,593,1780650587,https://www.bilibili.com/video/BV1PP7C63E2J,http://i0.hdslb.com/bfs/archive/b04455fde128b88ff0a92e264778512242510bc9.jpg
2026-06-07,2026-06-07 19:57:40,20,BV15v7S65EWD,116701022717876,挑战给历史故事打tag（标签）,混饭达人,娱乐杂谈,娱乐杂谈,241,77,2925315,2254,2189,226632,4855,26037,13334,1780716510,https://www.bilibili.com/video/BV15v7S65EWD,http://i2.hdslb.com/bfs/archive/1845b193e356ee0f6b686419e20cc96fe1678367.jpg
2026-06-07,2026-06-07 19:57:40,21,BV168796PEv1,116685839403735,如此仙音唯有挠臭,lulu和露爸,喵星人,喵星人,218,26,4904580,17804,5866,614133,17518,119597,25943,1780484850,https://www.bilibili.com/video/BV168796PEv1,http://i1.hdslb.com/bfs/archive/87f3ce4876a2e50e34a2c1b24dfe10ae34700a55.jpg
2026-06-07,2026-06-07 19:57:40,22,BV1uX7k6UENx,116696761239484,巨构：没有告别,巨构ai,网络游戏,游戏,65,19,2796869,5481,7173,450696,21939,152149,6642,1780651506,https://www.bilibili.com/video/BV1uX7k6UENx,http://i0.hdslb.com/bfs/archive/1422e60b2923b373953bd4ce6433b6f0e91f9501.jpg
2026-06-07,2026-06-07 19:57:40,23,BV15iEc6VEfH,116691577216788,路边一块，也能变废为宝，雕刻出大家想要的题材我不知道什么时候天才会亮，但我知道，跑着跑着，天就亮了。,小梨家的和田玉,手工,生活,161,220,5993891,3890,11579,227715,7806,21905,3723,1780572193,https://www.bilibili.com/video/BV15iEc6VEfH,http://i2.hdslb.com/bfs/archive/c1597efe82d66a7f728f8bdd84505eff4b7f5ac9.jpg
2026-06-07,2026-06-07 19:57:40,24,BV1s7V46XEix,116655590017716,评论区摄影大赛之火遍全网的佳作篇，本期有锐评系列也有破败与新生佳作，欢迎投稿好的作品会让更多人看到。,摄影恩哥,日常,生活,21,124,4464298,1679,8726,286130,1900,21522,880,1780738200,https://www.bilibili.com/video/BV1s7V46XEix,http://i1.hdslb.com/bfs/archive/58aada2ca9cd83b3f4d86b331759b2c832c8bcb4.jpg
2026-06-07,2026-06-07 19:57:40,25,BV1gsEw6zExs,116691040208641,你的高考/中考/期末考belike,哈基mer-猫meme,搞笑,娱乐,138,22,763839,28607,2311,269793,29903,55904,5099,1780564012,https://www.bilibili.com/video/BV1gsEw6zExs,http://i2.hdslb.com/bfs/archive/4f76f8d127f1c6d5a990c89a161f10356e783cd4.jpg
2026-06-07,2026-06-07 19:57:40,26,BV1gWEw6gE4X,116691056987748,“这种没流量的画画最狠了”,像风如你o_O,日常,生活,21,25,2249326,682,3316,276502,7587,23629,1104,1780564358,https://www.bilibili.com/video/BV1gWEw6gE4X,http://i0.hdslb.com/bfs/archive/96621cf035234fbf3c3d6f498d6f4d5eae388c12.jpg
2026-06-07,2026-06-07 19:57:40,27,BV1GHEw6rEo4,116691140875979,无能的杰哥,神威-狗剩,影视剪辑,影视,183,154,2793181,1870,3751,136302,8086,25055,27322,1780565876,https://www.bilibili.com/video/BV1GHEw6rEo4,http://i2.hdslb.com/bfs/archive/0814d03bdf68a6a83cba4b8ba18fa6d58d6de912.jpg
2026-06-07,2026-06-07 19:57:40,28,BV1xR7S6hEkB,116700804683368,菲比：就你们寝室最吵！！,Lm海洋,音乐综合,音乐,130,262,931069,617,3313,76711,55485,33708,12136,1780713190,https://www.bilibili.com/video/BV1xR7S6hEkB,http://i1.hdslb.com/bfs/archive/348cd3608f962369b093721ee90e2515a127a833.jpg
2026-06-07,2026-06-07 19:57:40,29,BV1kCVU65ERM,116669112386149,初中生斗胆跳一段jam,特崮斯,篮球,运动,235,45,6565637,10038,18618,1255913,205177,133121,19644,1780229707,https://www.bilibili.com/video/BV1kCVU65ERM,http://i1.hdslb.com/bfs/archive/5871a66dc8e356ff71da4a6d99d5922b4a6a3fce.jpg
2026-06-07,2026-06-07 19:57:40,30,BV1Qt7X61Enn,116686241993999,百万英镑，但素质过低,青时晚,影视剪辑,影视,183,174,2302081,1959,2409,137511,10891,34761,13800,1780490956,https://www.bilibili.com/video/BV1Qt7X61Enn,http://i0.hdslb.com/bfs/archive/1573985b4950f4d1001b3a21a50adab722b0a0f1.jpg
2026-06-07,2026-06-07 19:57:40,31,BV1TR766zEvE,116695972714489,在沙漠里种了1800万棵树，然后呢？,影视飓风,娱乐粉丝创作,娱乐,242,756,2804866,9566,2773,144964,54195,25288,2418,1780650000,https://www.bilibili.com/video/BV1TR766zEvE,http://i1.hdslb.com/bfs/archive/af434541e40c0402ac850fc6783faa3ed5bfdda9.jpg
2026-06-07,2026-06-07 19:57:40,32,BV16DVz6UE77,116679229180052,如何拍出电影感大片,喜欢拍照的皮皮,日常,生活,21,60,3882882,358,2316,362305,12819,106666,8745,1780384052,https://www.bilibili.com/video/BV16DVz6UE77,http://i1.hdslb.com/bfs/archive/82ba23d6fb45244f769f8f127cfbe2f51afe67c8.jpg
2026-06-07,2026-06-07 19:57:40,33,BV1WT7C6uEj8,116696878749194,猫 咪 的 花 语 是 老 吴🎵,幾加乘,同人·手书,动画,47,259,1577800,1611,3097,115503,17369,24193,10433,1780653131,https://www.bilibili.com/video/BV1WT7C6uEj8,http://i0.hdslb.com/bfs/archive/ad354ddb8c2e2bf697327dc182835b3d6014f4b1.jpg
2026-06-07,2026-06-07 19:57:40,34,BV1Ja7k6AE1b,116697063235411,我又给花朵加了个开关！,是玉木呀,设计·创意,设计·创意,229,104,1017066,499,837,161969,18436,32551,3324,1780656042,https://www.bilibili.com/video/BV1Ja7k6AE1b,http://i0.hdslb.com/bfs/archive/c05470a618fc67ee60cb9df153eb5ad6d3c8ce08.jpg
2026-06-07,2026-06-07 19:57:40,35,BV1jeEc6yE75,116691593992011,《你说谁错谁就错，因为你开迈巴赫》,嘞是唐孃孃,搞笑,娱乐,138,34,3140100,178,1983,237217,3237,15970,1287,1780572588,https://www.bilibili.com/video/BV1jeEc6yE75,http://i0.hdslb.com/bfs/archive/cc74080d84744d7622f9f9dd492a1583e00aaed7.jpg
2026-06-07,2026-06-07 19:57:40,36,BV1bV7k6LExn,116697264560365,再见！一系列！高考必胜！,一数,校园学习,知识,208,193,879829,28927,15035,83665,32718,17508,5652,1780659292,https://www.bilibili.com/video/BV1bV7k6LExn,http://i2.hdslb.com/bfs/archive/5df66240b2b71ca2bc6ce697e929657b1b1df5a4.jpg
2026-06-07,2026-06-07 19:57:40,37,BV1UV7k6LEUG,116697264627213,航天会刷典狱长？！【三角洲动画】,手折余弦丶,电子竞技,游戏,171,300,1190174,1316,1467,99145,11038,24834,3010,1780659017,https://www.bilibili.com/video/BV1UV7k6LEUG,http://i0.hdslb.com/bfs/archive/eb575db6391346950b2623259e6c0c6469239e03.jpg
2026-06-07,2026-06-07 19:57:40,38,BV1hG7y69Ej2,116698036313694,史上最骚特工(第二集),老番茄,单机游戏,游戏,17,842,2114039,3108,1708,126842,40912,35512,2079,1780716600,https://www.bilibili.com/video/BV1hG7y69Ej2,http://i2.hdslb.com/bfs/archive/c4778bfde8d395e0f91e2f746393736302e8205c.jpg
2026-06-07,2026-06-07 19:57:40,39,BV1wE7m67EAF,116700569671653,“我在成华大道「拼接遗憾」”,Dieorite,人力VOCALOID,人力VOCALOID,126,116,605076,2642,1524,135571,28716,38919,2238,1780709690,https://www.bilibili.com/video/BV1wE7m67EAF,http://i1.hdslb.com/bfs/archive/b7a88bfce9322211ddb670d69d549967dba6591e.jpg
2026-06-07,2026-06-07 19:57:40,40,BV1um7665EpW,116696325033820,讷,水生植物人owo,日常,生活,21,16,1231603,842,6646,176111,4557,45840,16357,1780644714,https://www.bilibili.com/video/BV1um7665EpW,http://i2.hdslb.com/bfs/archive/ce971f171b1f22d061819b3fea882f5d4af2a608.jpg
2026-06-07,2026-06-07 19:57:40,41,BV1yiEF6WErx,116690419585062,奶香馒头,夏叔厨房,美食制作,美食,76,76,1726081,939,7340,220937,7659,19462,1144,1780554601,https://www.bilibili.com/video/BV1yiEF6WErx,http://i1.hdslb.com/bfs/archive/82992eb9cddf1a5a5e5e77e481db8626c6005de9.jpg
2026-06-07,2026-06-07 19:57:40,42,BV1sC7R6VEF3,116687181451048,【侯绿萝】视频加载中，速速查收惊喜！,侯绿萝,小剧场,娱乐,85,233,1928887,1514,1423,183359,10741,15245,1845,1780538400,https://www.bilibili.com/video/BV1sC7R6VEF3,http://i0.hdslb.com/bfs/archive/e40df1469a3bc68659f30a77b0e0801ae88938bb.jpg
2026-06-07,2026-06-07 19:57:40,43,BV16kV26TES7,116685470175022,当父母说出了正确答案：,进击的金厂长,搞笑,娱乐,138,129,6136983,2438,2461,405885,148683,193617,3265,1780479155,https://www.bilibili.com/video/BV16kV26TES7,http://i0.hdslb.com/bfs/archive/982b25c4ef21fb08f77ae933c89f4b99d5b0c86a.jpg
2026-06-07,2026-06-07 19:57:40,44,BV1pW7Q68Emz,116702180348281,这期谁能绷住,呱唧菌,搞笑,娱乐,138,339,1207481,1698,1243,114073,5477,19348,1566,1780741800,https://www.bilibili.com/video/BV1pW7Q68Emz,http://i2.hdslb.com/bfs/archive/5ae6e1d11721490eb4a17034e97a4c36afdca5f0.jpg
2026-06-07,2026-06-07 19:57:40,45,BV12R7Q6MEJX,116686543914174,你说你有点难追～,未知艺术家_611,搞笑,娱乐,138,30,2796303,237,2016,252021,3086,26607,3912,1780495648,https://www.bilibili.com/video/BV12R7Q6MEJX,http://i2.hdslb.com/bfs/archive/aeaf33a25e079b26433a425ee56ac24f566861d7.jpg
2026-06-07,2026-06-07 19:57:40,46,BV1vR7D6JEEm,116702566223209,全球吃席！自驾巴尔干婚礼，吃欧洲乡村大席,食贫道,日常,生活,21,3274,1041704,6987,1521,98152,35382,13038,1067,1780741089,https://www.bilibili.com/video/BV1vR7D6JEEm,http://i2.hdslb.com/bfs/archive/b23120503d27e3049c25e887901c19df17a98fe1.jpg
2026-06-07,2026-06-07 19:57:40,47,BV1vEEP6HEFw,116692281789801,2025年出货量370万台！激光雷达真成“安全气囊”了？,保镖的车库,新能源车,新能源车,247,606,1762228,565,761,111180,3143,11384,416,1780653900,https://www.bilibili.com/video/BV1vEEP6HEFw,http://i1.hdslb.com/bfs/archive/76872e6b743f73527ee70c89a75c39214a868540.jpg
2026-06-07,2026-06-07 19:57:40,48,BV1EwEF62EhA,116690721443492,当校长挑选教室地板时,Cheems电玩屋,日常,生活,21,18,4904448,802,4820,198054,987,7408,493,1780559484,https://www.bilibili.com/video/BV1EwEF62EhA,http://i0.hdslb.com/bfs/archive/8916553504d48aec3ba5ad2bdfeec5fcf7eefc1c.jpg
2026-06-07,2026-06-07 19:57:40,49,BV1XEV26XEsz,116683641455201,冠以破碎之名：第一集 冰潮寒雨之夏,Xavier_白昼,综合,综合,27,1106,1382073,1833,2443,104463,22368,64611,3560,1780451269,https://www.bilibili.com/video/BV1XEV26XEsz,http://i0.hdslb.com/bfs/archive/edb3c2a03146bbc3390581aa30c41b8e3c3ab846.jpg
2026-06-07,2026-06-07 19:57:40,50,BV1yo7B68EHX,116695117207554,《鸣潮》×《赛博朋克：边缘行者》共鸣者战斗演示 | 露西,鸣潮,单机游戏,游戏,17,283,2265082,2415,8291,78457,24147,13721,14804,1780628400,https://www.bilibili.com/video/BV1yo7B68EHX,http://i2.hdslb.com/bfs/archive/61426f2876187b9326f1b732fdea7044e08d7ea3.jpg
2026-06-07,2026-06-07 19:57:40,51,BV1R7Ew65ERR,116691124229360,当爸爸找亲戚买手机,刘鸿哥哥,小剧场,娱乐,85,119,2381663,960,2978,161479,1444,8711,1740,1780565630,https://www.bilibili.com/video/BV1R7Ew65ERR,http://i0.hdslb.com/bfs/archive/5e4feb10a7cf9e178bf7e9a619d62843bc5ae8b2.jpg
2026-06-07,2026-06-07 19:57:40,52,BV1W6VZ6MEbd,116674313328609,🍄欠揍气球🍄,纸片马力欧,日常,生活,21,40,4456956,6220,10353,515657,40694,274464,78217,1780309043,https://www.bilibili.com/video/BV1W6VZ6MEbd,http://i0.hdslb.com/bfs/archive/3d18bae01c4fc365d9e7e0ede5efb926e32115ad.jpg
2026-06-07,2026-06-07 19:57:40,53,BV1jz7k6tEkL,116696979347018,教程来啦兄弟们 拍起来,是柳宗元,电子竞技,游戏,171,46,2232748,188,886,168913,2878,25639,1349,1780654702,https://www.bilibili.com/video/BV1jz7k6tEkL,http://i0.hdslb.com/bfs/archive/becaa38ea9e7437bed18411340db6d5da7f4cd54.jpg
2026-06-07,2026-06-07 19:57:40,54,BV17q7y6qEeG,116697767874225,当代牢大学生论文现状belike：,黑曼波语录,鬼畜调教,鬼畜,22,78,1477924,239,1716,110112,3617,75298,8525,1780716900,https://www.bilibili.com/video/BV17q7y6qEeG,http://i2.hdslb.com/bfs/archive/a42866374c2dd87fd5093121386c1dd1372e10a6.jpg
2026-06-07,2026-06-07 19:57:40,55,BV19N7y6bE1e,116698455803490,全体起立鼓掌！人类发现了治癌症的新药！🤯,蜗牛的科技笔记,软件应用,软件应用,230,115,1298444,1115,6007,120151,4738,20002,8347,1780677279,https://www.bilibili.com/video/BV19N7y6bE1e,http://i2.hdslb.com/bfs/archive/3b5f57bbd2f68b33097261f34d0cbb700b9439ce.jpg
2026-06-07,2026-06-07 19:57:40,56,BV1LR7D6JEV7,116702566156828,Re：佩恩从零开始的异世界生活！！！【水门篇】,-夏秋冬-,综合,综合,27,416,907140,1405,3106,66082,22837,19141,3806,1780740005,https://www.bilibili.com/video/BV1LR7D6JEV7,http://i0.hdslb.com/bfs/archive/bb4c488614d181445341190010ddfd29eae8cfb7.jpg
2026-06-07,2026-06-07 19:57:40,57,BV1VD726iE1t,116698791282580,《猴王出事》,伤心欲茄222,搞笑,娱乐,138,103,2116166,1149,3434,154162,5894,7897,5450,1780718400,https://www.bilibili.com/video/BV1VD726iE1t,http://i1.hdslb.com/bfs/archive/2fa41f4d1af95817e553d8fd8c6eeb7fc16a9d82.jpg
2026-06-07,2026-06-07 19:57:40,58,BV1xZ7k6LESp,116696778084201,“哎呀 我们的主角倒下啦～”,西门小昭,综合,综合,27,30,733756,123,1069,140781,9702,56474,2478,1780655400,https://www.bilibili.com/video/BV1xZ7k6LESp,http://i2.hdslb.com/bfs/archive/2c5c6c548ed488771077293e2f7bfcfb435e4744.jpg
2026-06-07,2026-06-07 19:57:40,59,BV1dY7Q6pEQZ,116701878291791,千里奔赴只为弥补40年前的遗憾,赛亚人阿廖,出行,生活,250,246,810778,1566,1375,101458,27440,10882,358,1780729530,https://www.bilibili.com/video/BV1dY7Q6pEQZ,http://i0.hdslb.com/bfs/archive/5f9f719eb1fb6326b0a2eabe298cd1484afab3e6.jpg
2026-06-07,2026-06-07 19:57:40,60,BV13HEw6rEhc,116691140873202,接龙游戏开发，但都绷住了,M木糖M,单机游戏,游戏,17,933,1542875,1490,991,77103,10964,14278,1264,1780630200,https://www.bilibili.com/video/BV13HEw6rEhc,http://i2.hdslb.com/bfs/archive/1083ae38f0917802668505e94ed2fe06226cc58b.jpg
2026-06-07,2026-06-07 19:57:40,61,BV1tV7k6LEyH,116697264556028,你或许不认识我 但我唱的歌你或许？？听过？,喵☆酱,翻唱,音乐,31,443,525229,5074,2314,109387,7201,15707,1227,1780659262,https://www.bilibili.com/video/BV1tV7k6LEyH,http://i1.hdslb.com/bfs/archive/f27fa302b117dedb6f353c75770d440ca8982c33.jpg
2026-06-07,2026-06-07 19:57:40,62,BV1DB7f6AEBK,116690989942959,最 不 物 质 之 人,张八筒筒,日常,生活,21,127,2699211,929,954,170924,1598,9059,881,1780563943,https://www.bilibili.com/video/BV1DB7f6AEBK,http://i1.hdslb.com/bfs/archive/612e05a8e02454bd4e3723991d4808f061b1c188.jpg
2026-06-07,2026-06-07 19:57:40,63,BV1nWVm6uEqb,116685285624503,我吃牛瘪火锅 结果买错牛胃了,张离谱Dreams,搞笑,娱乐,138,97,2742692,1368,3695,177890,3333,49792,13076,1780476405,https://www.bilibili.com/video/BV1nWVm6uEqb,http://i0.hdslb.com/bfs/archive/6f4f02f224993a1933f3e515e84d84edb5ca3808.jpg
2026-06-07,2026-06-07 19:57:40,64,BV1L7Ew65ETv,116691124098703,我养护的石拱桥，已经被国家收录为不可移动文物！,抓紧长长长呀,三农,生活,251,604,1840532,1114,2109,125405,7155,9635,479,1780565746,https://www.bilibili.com/video/BV1L7Ew65ETv,http://i1.hdslb.com/bfs/archive/56f52737bc566db19c5316ccdcc3b87cc81709e0.jpg
2026-06-07,2026-06-07 19:57:40,65,BV15z766SE1A,116696341812776,假如高考什么都可以带,小安苒AIGC,校园学习,知识,208,177,2277036,2758,2643,96181,2296,7438,1807,1780646400,https://www.bilibili.com/video/BV15z766SE1A,http://i2.hdslb.com/bfs/archive/ed743a6a86446310a9957bce92faa671a082a6d8.jpg
2026-06-07,2026-06-07 19:57:40,66,BV1uX7k6UEPn,116696761239539,把硬装的喊过来！,脱缰凯Kk,小剧场,娱乐,85,219,1279057,1591,1632,93913,3043,9880,660,1780651876,https://www.bilibili.com/video/BV1uX7k6UEPn,http://i1.hdslb.com/bfs/archive/1a5306b127f7814fe75bc726966f0f675fcb7e33.jpg
2026-06-07,2026-06-07 19:57:40,67,BV1JAEw69EUS,116691342200777,生完宝宝之后我再也不敢得罪我老公了，因为……,笑哥走丢了a,亲子,生活,254,89,2232284,877,7041,171639,3215,8554,1922,1780568869,https://www.bilibili.com/video/BV1JAEw69EUS,http://i2.hdslb.com/bfs/archive/2496ecbfca22198efdffe5b1855ea840b90edb2a.jpg
2026-06-07,2026-06-07 19:57:40,68,BV15W7C6tEyc,116696425766532,送你一片夕阳！,困雀雀,仿妆cos,时尚,252,36,549836,135,2217,162085,8619,29194,2561,1780646468,https://www.bilibili.com/video/BV15W7C6tEyc,http://i2.hdslb.com/bfs/archive/86973af2078693bfe5fc81d4dae783648e7fb904.jpg
2026-06-07,2026-06-07 19:57:40,69,BV1Zj7C6wEJY,116696845125445,织棉为布，非遗土布。用千年蓝染，重现极致的东方浪漫,花木紫Huamuz,手工,生活,161,401,1140473,1600,2419,89500,8451,8804,655,1780652882,https://www.bilibili.com/video/BV1Zj7C6wEJY,http://i0.hdslb.com/bfs/archive/753a39454d2f1455af84effb021941e20ad4c2c7.jpg
2026-06-07,2026-06-07 19:57:40,70,BV1Jj7C6AEPq,116696845193451,是我还不够好,怎么转身又是,MMD·3D,动画,25,67,1546945,3570,5950,159137,7903,37763,23584,1780652794,https://www.bilibili.com/video/BV1Jj7C6AEPq,http://i0.hdslb.com/bfs/archive/c261bcb22b8b34b31c0d9cb2e04b0a49a318b123.jpg
2026-06-07,2026-06-07 19:57:40,71,BV1XQ7Z6eEki,116689412819066,特朗普的愤怒,燕三嘤嘤嘤,人文历史,知识,228,1133,2964794,10839,4931,144418,34849,20710,2799,1780545020,https://www.bilibili.com/video/BV1XQ7Z6eEki,http://i0.hdslb.com/bfs/archive/d106118a7a33e310838a2e387ce511583c5a7a62.jpg
2026-06-07,2026-06-07 19:57:40,72,BV1JKEw6QEw9,116691509970719,我读了你们的评论 把阎王召唤出来了T_T,汤木檀泽,日常,生活,21,959,1912585,1519,1646,117187,6921,18398,560,1780571268,https://www.bilibili.com/video/BV1JKEw6QEw9,http://i1.hdslb.com/bfs/archive/0b6c7ccb214b6211a4cf9a8741eb473536e42587.jpg
2026-06-07,2026-06-07 19:57:40,73,BV1bwV161Er2,116684413209270,【aespa】LEMONNNN,aespa,音乐综合,音乐,130,11,6893735,13315,26563,132271,31638,15577,9100,1780475400,https://www.bilibili.com/video/BV1bwV161Er2,http://i1.hdslb.com/bfs/archive/1e63fbee388c793dc0403c872eefb52a8d7d8615.jpg
2026-06-07,2026-06-07 19:57:40,74,BV1xdEc6bEcK,116691426088191,肉食脑袋的硬菜局！爆辣猪蹄+火锅鸡泡面香迷糊,方芳的快乐生活,美食侦探,美食,212,1134,1974174,1496,900,85983,10721,14734,3083,1780571551,https://www.bilibili.com/video/BV1xdEc6bEcK,http://i1.hdslb.com/bfs/archive/bdc078c74f5e0987fffca10262d6ced73d562c27.jpg
2026-06-07,2026-06-07 19:57:40,75,BV19J7r6HESb,116695704274527,【抱佛脚】高考语文！选择题？最后一课！,学过石油的语文老师,校园学习,知识,208,1200,873201,36987,11321,41838,16843,20505,4074,1780660800,https://www.bilibili.com/video/BV19J7r6HESb,http://i0.hdslb.com/bfs/archive/f8d05a7621ff85694f1ddb7ac6c3c775b0e01965.jpg
2026-06-07,2026-06-07 19:57:40,76,BV1MtEF6fEga,116690436233152,全国男生统一迷惑行为,王小洋-已黑化,日常,生活,21,446,1036466,3098,2126,84036,1946,15637,2356,1780567200,https://www.bilibili.com/video/BV1MtEF6fEga,http://i1.hdslb.com/bfs/archive/696e0beeae3b0520b2aeae3a4aa24c0eeb689fcd.jpg
2026-06-07,2026-06-07 19:57:40,77,BV1jwV663EjR,116679380112598,我的世界杯主题曲！IShowSpeed - World Cup (Champions),ishowspeedsui,竞技体育,运动,236,299,4833108,2564,11187,265763,49422,47625,15855,1780386563,https://www.bilibili.com/video/BV1jwV663EjR,http://i2.hdslb.com/bfs/archive/2807f6a9b9342740dfa8764e7bcc6e231196c94f.jpg
2026-06-07,2026-06-07 19:57:40,78,BV1Xa7m6qEm7,116700217347938,意识深渊：我真的存在吗？,大圆镜科普,科学科普,知识,201,484,828009,1208,1826,76536,2512,14489,1301,1780704207,https://www.bilibili.com/video/BV1Xa7m6qEm7,http://i1.hdslb.com/bfs/archive/2d760490c4cfbae1c3b9168320f075ace66ad15a.jpg
2026-06-07,2026-06-07 19:57:40,79,BV1VWVz6TELx,116679598147712,星际穿越的我，试图提醒过去的自己....,考研英语大雁,校园学习,知识,208,33,3402262,741,2575,430521,10012,56485,7354,1780389685,https://www.bilibili.com/video/BV1VWVz6TELx,http://i0.hdslb.com/bfs/archive/5822709cbd5c2a8a09fabc50bcfdcfc29859f9a1.jpg
2026-06-07,2026-06-07 19:57:40,80,BV1usEw6zEiy,116691040210390,【餐馆TV】UP今天发烧了……作品会不会受影响啊,大乾乾是顾乾宇,小剧场,娱乐,85,141,955513,1841,2823,109159,3476,13318,7771,1780564633,https://www.bilibili.com/video/BV1usEw6zEiy,http://i1.hdslb.com/bfs/archive/6d69be5e1f22dec4058e90f795df2ff7c21e4a91.jpg
2026-06-07,2026-06-07 19:57:40,81,BV1YV7U6zEps,116699697254319,小登VS老登,灼眼的SABER哒,同人·手书,动画,47,63,911851,429,2365,118126,9703,39293,9429,1780718400,https://www.bilibili.com/video/BV1YV7U6zEps,http://i0.hdslb.com/bfs/archive/dce2758cd8546e893008888b88f215364194d4a7.jpg
2026-06-07,2026-06-07 19:57:40,82,BV16sEc6SEwE,116692030070649,班级里的某些努力姐belike：,不懂爱的喵,AI音乐,AI音乐,265,81,2255254,635,4536,131767,642,10447,4509,1780579469,https://www.bilibili.com/video/BV16sEc6SEwE,http://i2.hdslb.com/bfs/archive/711ed87052e442f67c408a6e4e372e876c02a3f0.jpg
2026-06-07,2026-06-07 19:57:40,83,BV1yc7r6vE1C,116695905734805,关于我18岁为什么不去参加高考,我不是赤寒,日常,生活,21,126,1085269,1423,6161,121217,6372,12966,1733,1780638439,https://www.bilibili.com/video/BV1yc7r6vE1C,http://i1.hdslb.com/bfs/archive/294ac25c415d3dcaf5c46bbc02fb5df23da86784.jpg
2026-06-07,2026-06-07 19:57:40,84,BV1Qb7R6XECX,116687064072844,⚡冷 笑 话 大 全 6.0⚡,污污云,鬼畜调教,鬼畜,22,66,1618479,223,1112,116364,2297,46666,5859,1780545600,https://www.bilibili.com/video/BV1Qb7R6XECX,http://i2.hdslb.com/bfs/archive/edf5ec9306bef71931b52d5b0a961e13f1ecc966.jpg
2026-06-07,2026-06-07 19:57:40,85,BV1yk7X6KEz4,116686023891513,2高中生屠杀同学，造成13人死亡后自杀，开启美国校园枪击案先河：科伦拜恩枪击案,捕月说,人文历史,知识,228,733,1967539,784,597,69172,524,9609,322,1780654200,https://www.bilibili.com/video/BV1yk7X6KEz4,http://i2.hdslb.com/bfs/archive/b52e8d555de710438989ea0831c1fa8211fbe67d.jpg
2026-06-07,2026-06-07 19:57:40,86,BV15d7D6UE4i,116702549379788,世界杯期间不抓移民？那这世界杯不是白办了吗,麻薯波比呀,社科·法律·心理,知识,124,995,1176023,5928,2765,73674,10170,8595,1657,1780740025,https://www.bilibili.com/video/BV15d7D6UE4i,http://i2.hdslb.com/bfs/archive/91940674117acf43b95f7a6e2e7ab686470cc3ea.jpg
2026-06-07,2026-06-07 19:57:40,87,BV1kv7262EyU,116698623578210,公司给粉丝安排了30万的水上宫殿...,飓多多StormCrew,日常,生活,21,852,1417076,3242,2190,74096,16859,15371,1603,1780714800,https://www.bilibili.com/video/BV1kv7262EyU,http://i2.hdslb.com/bfs/archive/a59944bd6ce91c0bbc28d8c8b560e8b73c31e976.jpg
2026-06-07,2026-06-07 19:57:40,88,BV1RvVo6QEqo,116674682426936,不儿，你俩来真的啊？！,主持人yoyo酱,搞笑,娱乐,138,265,5940373,16947,12762,713246,536546,129690,15009,1780314627,https://www.bilibili.com/video/BV1RvVo6QEqo,http://i1.hdslb.com/bfs/archive/e8bde3297455f3796e516de2362d5eb1085d9abf.jpg
2026-06-07,2026-06-07 19:57:40,89,BV17z7y6KEVT,116697751096214,可爱的安魂曲~,徐大花xudahua,手工,生活,161,158,1229470,302,1188,86615,5306,11889,1926,1780718400,https://www.bilibili.com/video/BV17z7y6KEVT,http://i2.hdslb.com/bfs/archive/2fbc38542399965a708c159f85533b4f5065fe8c.jpg
2026-06-07,2026-06-07 19:57:40,90,BV1n17D6xEX2,116702331278408,这就是7JIA最强之人,杨齐家_,单机游戏,游戏,17,1221,1836570,4763,2314,93770,8271,13602,710,1780736508,https://www.bilibili.com/video/BV1n17D6xEX2,http://i1.hdslb.com/bfs/archive/63922fa2e9e8a18b95b8175a3bea61b0779794d1.jpg
2026-06-07,2026-06-07 19:57:40,91,BV1uTEc6AEzV,116691963025070,以为这次断更，会是永别,ONLee_Studio,日常,生活,21,211,995142,1949,2702,67623,23113,4517,989,1780578368,https://www.bilibili.com/video/BV1uTEc6AEzV,http://i0.hdslb.com/bfs/archive/65223f1fb3bbe6f7b6e2b1e84b56584802350ec6.jpg
2026-06-07,2026-06-07 19:57:40,92,BV12QEc6wETE,116691744917719,“我想我再也不会谈恋爱了”,柯洁,影视剪辑,影视,183,34,1421050,1074,4533,152598,6391,7219,6481,1780574976,https://www.bilibili.com/video/BV12QEc6wETE,http://i0.hdslb.com/bfs/archive/47071584488230edc82fe88b8fe9b87eb57cd115.jpg
2026-06-07,2026-06-07 19:57:40,93,BV1787S6mEV8,116701073053928,这里藏着一群“伪人”,摸鱼佬临风,鬼畜剧场,鬼畜剧场,216,354,302074,389,735,79021,4804,24600,842,1780717427,https://www.bilibili.com/video/BV1787S6mEV8,http://i2.hdslb.com/bfs/archive/d2a4fc8b8017160bc03e17f14d6fbedd690059c1.jpg
2026-06-07,2026-06-07 19:57:40,94,BV1um7665EHP,116696325033953,谁是猜价超人？,小杨Johnson,搞笑,娱乐,138,621,2066061,1882,666,44181,11277,8710,612,1780650000,https://www.bilibili.com/video/BV1um7665EHP,http://i2.hdslb.com/bfs/archive/4a683ea3a122ada0dd88fb184da7439b6831fdfe.jpg
2026-06-07,2026-06-07 19:57:40,95,BV1Bm7U6jEDZ,116701542815709,《爱，你》,是许木木啊,日常,生活,21,1043,787584,4976,3934,83986,10687,20905,1449,1780738200,https://www.bilibili.com/video/BV1Bm7U6jEDZ,http://i0.hdslb.com/bfs/archive/fd7de4f643c70f1117b5d4f7ef9d1878ffc094bd.jpg
2026-06-07,2026-06-07 19:57:40,96,BV1QzVR63E3L,116671930963542,回忆永远都是加分项,央视新闻,日常,生活,21,184,3754705,29481,24408,654994,252557,199743,61041,1780286400,https://www.bilibili.com/video/BV1QzVR63E3L,http://i2.hdslb.com/bfs/archive/f4dc3fe8ea88a450877315e867b4995121d5dbf6.jpg
2026-06-07,2026-06-07 19:57:40,97,BV19J7r6HEV7,116695704276560,咕嘎吃掉了整个幼儿园的伙食,咕咕嘎画,搞笑,娱乐,138,46,1592092,143,1214,118692,6063,17647,3473,1780635229,https://www.bilibili.com/video/BV19J7r6HEV7,http://i0.hdslb.com/bfs/archive/6f27e7f3c76289f0fac5ed16261338d0a6c2d5f2.jpg
2026-06-07,2026-06-07 19:57:40,98,BV1q1Vy64EqA,116682450274928,给朋友做的一本翻翻乐,花颜和鸣,日常,生活,21,70,575372,872,2239,135640,10943,18117,873,1780589700,https://www.bilibili.com/video/BV1q1Vy64EqA,http://i0.hdslb.com/bfs/archive/b6ed86d5a0591cf027f6b65a4770f1c9656617d7.jpg
2026-06-07,2026-06-07 19:57:40,99,BV1BQ7r68Ejy,116695553280188,高考加油！！！,青柳尊哉,日常,生活,21,25,413688,5236,2741,160013,11987,11660,3428,1780650000,https://www.bilibili.com/video/BV1BQ7r68Ejy,http://i1.hdslb.com/bfs/archive/d2a9b7766bc4f672f01dd4b2805739df436bfc4b.jpg
2026-06-07,2026-06-07 19:57:40,100,BV1qYVm6AEfL,116684983704282,设计师偷偷收藏的高级吸睛配色！,小半设计,设计·创意,设计·创意,229,18,633661,3352,1618,104846,1874,84632,1106,1780489800,https://www.bilibili.com/video/BV1qYVm6AEfL,http://i0.hdslb.com/bfs/archive/a6b70084a8ce8f1dd3b2532192bd91f1926c540d.jpg
2026-06-07,2026-06-07 20:57:40,1,BV15C7k6REKC,116697197451293,公测定档7月 | 《遗忘之海》船员集结摇滚MV「燥」,遗忘之海,GMV,GMV,121,205,6129866,1340,2194,116658,85716,82692,4482,1780711200,https://www.bilibili.com/video/BV15C7k6REKC,http://i0.hdslb.com/bfs/archive/bef8db958217ad42ed011f4bf5d5d6c1cf3a4bad.jpg
2026-06-07,2026-06-07 20:57:40,2,BV17GEP6xEDW,116692348832614,新三国up锐评楚汉传奇01：是不是我打开的方式不太对？,吃蛋挞的折棒,影视杂谈,影视,182,1348,1531402,19933,11520,134122,129060,27951,10430,1780624800,https://www.bilibili.com/video/BV17GEP6xEDW,http://i2.hdslb.com/bfs/archive/4e5cd47c8551d2b66643e2800041b7ec2d3bf729.jpg
2026-06-07,2026-06-07 20:57:40,3,BV1Qi7f6eE59,116690805395451,致敬每一个心中有花，努力奔跑的人,爱画画的子衿,亲子,生活,254,313,1701194,3391,3586,232059,116832,15393,3697,1780561800,https://www.bilibili.com/video/BV1Qi7f6eE59,http://i1.hdslb.com/bfs/archive/2c9cc3dd70d264a8473e46b8bebaad7db4d6ef2c.jpg
2026-06-07,2026-06-07 20:57:40,4,BV1cu7r6FEPd,116696023045705,英国，沦为印度殖民地,平原公子,日常,生活,21,463,3015441,12368,8602,196187,8501,21185,19434,1780640137,https://www.bilibili.com/video/BV1cu7r6FEPd,http://i1.hdslb.com/bfs/archive/95ba7fb80bc2a46fc2c8f7ff69a08c57c40ef914.jpg
2026-06-07,2026-06-07 20:57:40,5,BV1WY7U6dEJ5,116699814693875,【微电影】人类文明的最后一届高考,最后讲述者,鬼畜剧场,鬼畜剧场,216,263,2091791,2716,5640,168420,18629,37437,8700,1780709400,https://www.bilibili.com/video/BV1WY7U6dEJ5,http://i2.hdslb.com/bfs/archive/40a717d48c3dbeb9559b00a07a88af6cfd5181fb.jpg
2026-06-07,2026-06-07 20:57:40,6,BV19ZEF6MEBV,116690117464228,人在干坏事的时候是不怕苦不怕累的,我是易拉爆,日常,生活,21,309,2133321,1417,3982,202271,14872,30041,14862,1780550100,https://www.bilibili.com/video/BV19ZEF6MEBV,http://i2.hdslb.com/bfs/archive/5a3e59dd5183e87d69b1ad3224466b821bf05e23.jpg
2026-06-07,2026-06-07 20:57:40,7,BV1wEEc6REms,116692097238799,城市大富翁（5）,雨哥到处跑,日常,生活,21,3846,1682458,38361,5136,145229,116366,39178,5045,1780628700,https://www.bilibili.com/video/BV1wEEc6REms,http://i1.hdslb.com/bfs/archive/8628e50dc2e56aec5815c8e3f665d304cfe23d80.jpg
2026-06-07,2026-06-07 20:57:40,8,BV1w6EF6QEjZ,116690033778619,不看后悔！史上最神人店家！,转生成为毛毛,美食侦探,美食,212,186,3375200,3978,9077,174382,4930,29406,14599,1780563600,https://www.bilibili.com/video/BV1w6EF6QEjZ,http://i1.hdslb.com/bfs/archive/07cb98d8f59285212c90c7646739a87803bf06c0.jpg
2026-06-07,2026-06-07 20:57:40,9,BV13s7z63EjV,116695016477738,《绝区零》3.0新地块实机演示,绝区零,手机游戏,游戏,172,599,1443747,9376,13656,125189,58442,22393,24913,1780624803,https://www.bilibili.com/video/BV13s7z63EjV,http://i0.hdslb.com/bfs/archive/ac132a13aed30f0b83ff50dfb56d83e2e518206a.jpg
2026-06-07,2026-06-07 20:57:40,10,BV1rg7C6TEUm,116696912369911,一句“一氧化二氢”能钓出多少“读稿机”？,中国食品报融媒体,科学科普,知识,201,291,4441855,6198,21172,187423,14383,23093,15211,1780653928,https://www.bilibili.com/video/BV1rg7C6TEUm,http://i1.hdslb.com/bfs/archive/1081ed32a36e81bee443915a997ed5f2bd56badd.jpg
2026-06-07,2026-06-07 20:57:40,11,BV1T9Vm6UE2N,116684681647760,《古剑》3分钟战斗实机 | 线下试玩招募开启,古剑,单机游戏,游戏,17,168,4767053,3482,9887,89250,53016,31765,22269,1780698215,https://www.bilibili.com/video/BV1T9Vm6UE2N,http://i0.hdslb.com/bfs/archive/d18a0e2a80905c1a2bfe0d000c3ca47aa1548899.jpg
2026-06-07,2026-06-07 20:57:40,12,BV1Uj7k6VEPU,116697432395968,信 |《归唐》19分钟完整实机演示,归唐,单机游戏,游戏,17,1167,4992211,17374,25553,95241,32608,19097,44499,1780791300,https://www.bilibili.com/video/BV1Uj7k6VEPU,http://i1.hdslb.com/bfs/archive/73972f02b3d2a52c97a1ec81e53403fef6160006.jpg
2026-06-07,2026-06-07 20:57:40,13,BV16w7D6RERW,116700921988742,007看后:追逐战？,MEspace天植,绘画,绘画,162,49,2541660,258,1043,247975,23238,42445,2155,1780714922,https://www.bilibili.com/video/BV16w7D6RERW,http://i2.hdslb.com/bfs/archive/f35dab38094910739815ae6424bcceee9316f8f7.jpg
2026-06-07,2026-06-07 20:57:40,14,BV1uXEA6gEMu,116692567070822,“别着急，我来给你补充「偶！像！能！量！」”,小耗owo,手机游戏,游戏,172,80,1169270,868,2452,231744,15664,52239,10661,1780624800,https://www.bilibili.com/video/BV1uXEA6gEMu,http://i1.hdslb.com/bfs/archive/64822f49e99e9fb8b41ba5e0f9e06f48d4b76446.jpg
2026-06-07,2026-06-07 20:57:40,15,BV1df7r6REpB,116695469463690,如何在家制造浓汤宝,嘤武罗,日常,生活,21,501,4594365,3507,3224,178057,44619,43657,2648,1780650000,https://www.bilibili.com/video/BV1df7r6REpB,http://i2.hdslb.com/bfs/archive/94c85d2ebad9002fcbad0c7ef2f3c8a3f1ec6768.jpg
2026-06-07,2026-06-07 20:57:40,16,BV1pDV86oE6S,116657217344637,热烈欢迎薛凯琪！工作之余，Fiona会带哪些让自己感到快乐的东西呢～（录完这期脑海里都是Fifi的笑声,papi酱,短片,动画,256,2017,1319905,11229,4757,132463,52097,16594,7477,1780632000,https://www.bilibili.com/video/BV1pDV86oE6S,http://i2.hdslb.com/bfs/archive/032f4048d6f94c465fc10972289999cf79f2572f.jpg
2026-06-07,2026-06-07 20:57:40,17,BV1ZREP6dEcU,116693758117714,扫落叶全清洁100%速通39分03秒leaf it alone,闲云豹,单机游戏,游戏,17,2367,1504311,1691,2404,131866,13621,28020,5405,1780605809,https://www.bilibili.com/video/BV1ZREP6dEcU,http://i1.hdslb.com/bfs/archive/310db23466f62e9399f25f92c8d2b0af953476d6.jpg
2026-06-07,2026-06-07 20:57:40,18,BV1xU7f6xEjt,116690939546284,CF单机叙事续作——《穿越火线：潜伏》实机首曝,穿越火线潜伏,单机游戏,游戏,17,308,5225092,1719,5522,122173,7153,24704,13538,1780696800,https://www.bilibili.com/video/BV1xU7f6xEjt,http://i0.hdslb.com/bfs/archive/140a4abb0c80a2aa1e7cb7126c978567b667ed12.jpg
2026-06-07,2026-06-07 20:57:40,19,BV15v7S65EWD,116701022717876,挑战给历史故事打tag（标签）,混饭达人,娱乐杂谈,娱乐杂谈,241,77,2975821,2406,2259,231867,5001,26741,13703,1780716510,https://www.bilibili.com/video/BV15v7S65EWD,http://i2.hdslb.com/bfs/archive/1845b193e356ee0f6b686419e20cc96fe1678367.jpg
2026-06-07,2026-06-07 20:57:40,20,BV1PP7C63E2J,116696710912022,《师》我回母校当老师,阿廖沙别害怕_,搞笑,娱乐,138,296,1834509,498,1059,171344,4555,13556,597,1780650587,https://www.bilibili.com/video/BV1PP7C63E2J,http://i0.hdslb.com/bfs/archive/b04455fde128b88ff0a92e264778512242510bc9.jpg
2026-06-07,2026-06-07 20:57:40,21,BV168796PEv1,116685839403735,如此仙音唯有挠臭,lulu和露爸,喵星人,喵星人,218,26,4931831,17949,5895,617482,17707,120308,26129,1780484850,https://www.bilibili.com/video/BV168796PEv1,http://i1.hdslb.com/bfs/archive/87f3ce4876a2e50e34a2c1b24dfe10ae34700a55.jpg
2026-06-07,2026-06-07 20:57:40,22,BV1uX7k6UENx,116696761239484,巨构：没有告别,巨构ai,网络游戏,游戏,65,19,2818538,5538,7229,453859,22219,153296,6728,1780651506,https://www.bilibili.com/video/BV1uX7k6UENx,http://i0.hdslb.com/bfs/archive/1422e60b2923b373953bd4ce6433b6f0e91f9501.jpg
2026-06-07,2026-06-07 20:57:40,23,BV15iEc6VEfH,116691577216788,路边一块，也能变废为宝，雕刻出大家想要的题材我不知道什么时候天才会亮，但我知道，跑着跑着，天就亮了。,小梨家的和田玉,手工,生活,161,220,6025296,3912,11673,229256,7874,22077,3745,1780572193,https://www.bilibili.com/video/BV15iEc6VEfH,http://i2.hdslb.com/bfs/archive/c1597efe82d66a7f728f8bdd84505eff4b7f5ac9.jpg
2026-06-07,2026-06-07 20:57:40,24,BV1s7V46XEix,116655590017716,评论区摄影大赛之火遍全网的佳作篇，本期有锐评系列也有破败与新生佳作，欢迎投稿好的作品会让更多人看到。,摄影恩哥,日常,生活,21,124,4577723,1721,9003,293087,1984,22205,905,1780738200,https://www.bilibili.com/video/BV1s7V46XEix,http://i1.hdslb.com/bfs/archive/58aada2ca9cd83b3f4d86b331759b2c832c8bcb4.jpg
2026-06-07,2026-06-07 20:57:40,25,BV1gsEw6zExs,116691040208641,你的高考/中考/期末考belike,哈基mer-猫meme,搞笑,娱乐,138,22,800238,29282,2382,278151,30535,57337,5210,1780564012,https://www.bilibili.com/video/BV1gsEw6zExs,http://i2.hdslb.com/bfs/archive/4f76f8d127f1c6d5a990c89a161f10356e783cd4.jpg
2026-06-07,2026-06-07 20:57:40,26,BV1gWEw6gE4X,116691056987748,“这种没流量的画画最狠了”,像风如你o_O,日常,生活,21,25,2253047,682,3321,276815,7610,23682,1109,1780564358,https://www.bilibili.com/video/BV1gWEw6gE4X,http://i0.hdslb.com/bfs/archive/96621cf035234fbf3c3d6f498d6f4d5eae388c12.jpg
2026-06-07,2026-06-07 20:57:40,27,BV1GHEw6rEo4,116691140875979,无能的杰哥,神威-狗剩,影视剪辑,影视,183,154,2797075,1873,3763,136578,8118,25126,27406,1780565876,https://www.bilibili.com/video/BV1GHEw6rEo4,http://i2.hdslb.com/bfs/archive/0814d03bdf68a6a83cba4b8ba18fa6d58d6de912.jpg
2026-06-07,2026-06-07 20:57:40,28,BV1xR7S6hEkB,116700804683368,菲比：就你们寝室最吵！！,Lm海洋,音乐综合,音乐,130,262,952621,641,3382,78330,56685,34475,12385,1780713190,https://www.bilibili.com/video/BV1xR7S6hEkB,http://i1.hdslb.com/bfs/archive/348cd3608f962369b093721ee90e2515a127a833.jpg
2026-06-07,2026-06-07 20:57:40,29,BV1Qt7X61Enn,116686241993999,百万英镑，但素质过低,青时晚,影视剪辑,影视,183,174,2325140,1977,2442,138964,11053,35174,13966,1780490956,https://www.bilibili.com/video/BV1Qt7X61Enn,http://i0.hdslb.com/bfs/archive/1573985b4950f4d1001b3a21a50adab722b0a0f1.jpg
2026-06-07,2026-06-07 20:57:40,30,BV1kCVU65ERM,116669112386149,初中生斗胆跳一段jam,特崮斯,篮球,运动,235,45,6590107,10186,18680,1259794,205955,133588,19726,1780229707,https://www.bilibili.com/video/BV1kCVU65ERM,http://i1.hdslb.com/bfs/archive/5871a66dc8e356ff71da4a6d99d5922b4a6a3fce.jpg
2026-06-07,2026-06-07 20:57:40,31,BV1TR766zEvE,116695972714489,在沙漠里种了1800万棵树，然后呢？,影视飓风,娱乐粉丝创作,娱乐,242,756,2835533,9705,2789,146219,54800,25468,2448,1780650000,https://www.bilibili.com/video/BV1TR766zEvE,http://i1.hdslb.com/bfs/archive/af434541e40c0402ac850fc6783faa3ed5bfdda9.jpg
2026-06-07,2026-06-07 20:57:40,32,BV1WT7C6uEj8,116696878749194,猫 咪 的 花 语 是 老 吴🎵,幾加乘,同人·手书,动画,47,259,1594579,1622,3134,116454,17542,24486,10549,1780653131,https://www.bilibili.com/video/BV1WT7C6uEj8,http://i0.hdslb.com/bfs/archive/ad354ddb8c2e2bf697327dc182835b3d6014f4b1.jpg
2026-06-07,2026-06-07 20:57:40,33,BV16DVz6UE77,116679229180052,如何拍出电影感大片,喜欢拍照的皮皮,日常,生活,21,60,3901033,358,2325,364320,12964,107304,8799,1780384052,https://www.bilibili.com/video/BV16DVz6UE77,http://i1.hdslb.com/bfs/archive/82ba23d6fb45244f769f8f127cfbe2f51afe67c8.jpg
2026-06-07,2026-06-07 20:57:40,34,BV1Ja7k6AE1b,116697063235411,我又给花朵加了个开关！,是玉木呀,设计·创意,设计·创意,229,104,1022739,531,848,163137,18609,32816,3354,1780656042,https://www.bilibili.com/video/BV1Ja7k6AE1b,http://i0.hdslb.com/bfs/archive/c05470a618fc67ee60cb9df153eb5ad6d3c8ce08.jpg
2026-06-07,2026-06-07 20:57:40,35,BV1bV7k6LExn,116697264560365,再见！一系列！高考必胜！,一数,校园学习,知识,208,193,889585,29127,15151,84403,32894,17615,5680,1780659292,https://www.bilibili.com/video/BV1bV7k6LExn,http://i2.hdslb.com/bfs/archive/5df66240b2b71ca2bc6ce697e929657b1b1df5a4.jpg
2026-06-07,2026-06-07 20:57:40,36,BV1wE7m67EAF,116700569671653,“我在成华大道「拼接遗憾」”,Dieorite,人力VOCALOID,人力VOCALOID,126,116,627278,2746,1565,140399,29674,40138,2310,1780709690,https://www.bilibili.com/video/BV1wE7m67EAF,http://i1.hdslb.com/bfs/archive/b7a88bfce9322211ddb670d69d549967dba6591e.jpg
2026-06-07,2026-06-07 20:57:40,37,BV1UV7k6LEUG,116697264627213,航天会刷典狱长？！【三角洲动画】,手折余弦丶,电子竞技,游戏,171,300,1207063,1341,1509,100802,11288,25295,3062,1780659017,https://www.bilibili.com/video/BV1UV7k6LEUG,http://i0.hdslb.com/bfs/archive/eb575db6391346950b2623259e6c0c6469239e03.jpg
2026-06-07,2026-06-07 20:57:40,38,BV1hG7y69Ej2,116698036313694,史上最骚特工(第二集),老番茄,单机游戏,游戏,17,842,2150804,3143,1724,128600,41512,36067,2124,1780716600,https://www.bilibili.com/video/BV1hG7y69Ej2,http://i2.hdslb.com/bfs/archive/c4778bfde8d395e0f91e2f746393736302e8205c.jpg
2026-06-07,2026-06-07 20:57:40,39,BV1um7665EpW,116696325033820,讷,水生植物人owo,日常,生活,21,16,1254923,871,6825,180152,4676,46894,16728,1780644714,https://www.bilibili.com/video/BV1um7665EpW,http://i2.hdslb.com/bfs/archive/ce971f171b1f22d061819b3fea882f5d4af2a608.jpg
2026-06-07,2026-06-07 20:57:40,40,BV1pW7Q68Emz,116702180348281,这期谁能绷住,呱唧菌,搞笑,娱乐,138,339,1281196,1768,1298,121409,5806,20727,1676,1780741800,https://www.bilibili.com/video/BV1pW7Q68Emz,http://i2.hdslb.com/bfs/archive/5ae6e1d11721490eb4a17034e97a4c36afdca5f0.jpg
2026-06-07,2026-06-07 20:57:40,41,BV1jeEc6yE75,116691593992011,《你说谁错谁就错，因为你开迈巴赫》,嘞是唐孃孃,搞笑,娱乐,138,34,3153785,178,1990,238080,3252,16042,1294,1780572588,https://www.bilibili.com/video/BV1jeEc6yE75,http://i0.hdslb.com/bfs/archive/cc74080d84744d7622f9f9dd492a1583e00aaed7.jpg
2026-06-07,2026-06-07 20:57:40,42,BV1yiEF6WErx,116690419585062,奶香馒头,夏叔厨房,美食制作,美食,76,76,1734039,944,7370,221725,7694,19577,1146,1780554601,https://www.bilibili.com/video/BV1yiEF6WErx,http://i1.hdslb.com/bfs/archive/82992eb9cddf1a5a5e5e77e481db8626c6005de9.jpg
2026-06-07,2026-06-07 20:57:40,43,BV1vR7D6JEEm,116702566223209,全球吃席！自驾巴尔干婚礼，吃欧洲乡村大席,食贫道,日常,生活,21,3274,1071022,7204,1540,101300,36753,13372,1108,1780741089,https://www.bilibili.com/video/BV1vR7D6JEEm,http://i2.hdslb.com/bfs/archive/b23120503d27e3049c25e887901c19df17a98fe1.jpg
2026-06-07,2026-06-07 20:57:40,44,BV12R7Q6MEJX,116686543914174,你说你有点难追～,未知艺术家_611,搞笑,娱乐,138,30,2816260,237,2031,253212,3111,26815,3940,1780495648,https://www.bilibili.com/video/BV12R7Q6MEJX,http://i2.hdslb.com/bfs/archive/aeaf33a25e079b26433a425ee56ac24f566861d7.jpg
2026-06-07,2026-06-07 20:57:40,45,BV16kV26TES7,116685470175022,当父母说出了正确答案：,进击的金厂长,搞笑,娱乐,138,129,6210894,2457,2469,408844,149602,195400,3285,1780479155,https://www.bilibili.com/video/BV16kV26TES7,http://i0.hdslb.com/bfs/archive/982b25c4ef21fb08f77ae933c89f4b99d5b0c86a.jpg
2026-06-07,2026-06-07 20:57:40,46,BV1sC7R6VEF3,116687181451048,【侯绿萝】视频加载中，速速查收惊喜！,侯绿萝,小剧场,娱乐,85,233,1941001,1532,1429,184368,10795,15344,1857,1780538400,https://www.bilibili.com/video/BV1sC7R6VEF3,http://i0.hdslb.com/bfs/archive/e40df1469a3bc68659f30a77b0e0801ae88938bb.jpg
2026-06-07,2026-06-07 20:57:40,47,BV1vEEP6HEFw,116692281789801,2025年出货量370万台！激光雷达真成“安全气囊”了？,保镖的车库,新能源车,新能源车,247,606,1821191,580,793,112625,3154,11517,422,1780653900,https://www.bilibili.com/video/BV1vEEP6HEFw,http://i1.hdslb.com/bfs/archive/76872e6b743f73527ee70c89a75c39214a868540.jpg
2026-06-07,2026-06-07 20:57:40,48,BV1EwEF62EhA,116690721443492,当校长挑选教室地板时,Cheems电玩屋,日常,生活,21,18,4941867,809,4854,199623,991,7488,496,1780559484,https://www.bilibili.com/video/BV1EwEF62EhA,http://i0.hdslb.com/bfs/archive/8916553504d48aec3ba5ad2bdfeec5fcf7eefc1c.jpg
2026-06-07,2026-06-07 20:57:40,49,BV17q7y6qEeG,116697767874225,当代牢大学生论文现状belike：,黑曼波语录,鬼畜调教,鬼畜,22,78,1527880,243,1786,114457,3828,78012,8891,1780716900,https://www.bilibili.com/video/BV17q7y6qEeG,http://i2.hdslb.com/bfs/archive/a42866374c2dd87fd5093121386c1dd1372e10a6.jpg
2026-06-07,2026-06-07 20:57:40,50,BV1R7Ew65ERR,116691124229360,当爸爸找亲戚买手机,刘鸿哥哥,小剧场,娱乐,85,119,2392259,971,2997,162186,1452,8757,1750,1780565630,https://www.bilibili.com/video/BV1R7Ew65ERR,http://i0.hdslb.com/bfs/archive/5e4feb10a7cf9e178bf7e9a619d62843bc5ae8b2.jpg
2026-06-07,2026-06-07 20:57:40,51,BV1yo7B68EHX,116695117207554,《鸣潮》×《赛博朋克：边缘行者》共鸣者战斗演示 | 露西,鸣潮,单机游戏,游戏,17,283,2269449,2426,8284,78560,24171,13743,14829,1780628400,https://www.bilibili.com/video/BV1yo7B68EHX,http://i2.hdslb.com/bfs/archive/61426f2876187b9326f1b732fdea7044e08d7ea3.jpg
2026-06-07,2026-06-07 20:57:40,52,BV19N7y6bE1e,116698455803490,全体起立鼓掌！人类发现了治癌症的新药！🤯,蜗牛的科技笔记,软件应用,软件应用,230,115,1333116,1155,6245,123579,4918,20561,8652,1780677279,https://www.bilibili.com/video/BV19N7y6bE1e,http://i2.hdslb.com/bfs/archive/3b5f57bbd2f68b33097261f34d0cbb700b9439ce.jpg
2026-06-07,2026-06-07 20:57:40,53,BV1jz7k6tEkL,116696979347018,教程来啦兄弟们 拍起来,是柳宗元,电子竞技,游戏,171,46,2244886,188,894,169865,2894,25787,1356,1780654702,https://www.bilibili.com/video/BV1jz7k6tEkL,http://i0.hdslb.com/bfs/archive/becaa38ea9e7437bed18411340db6d5da7f4cd54.jpg
2026-06-07,2026-06-07 20:57:40,54,BV1W6VZ6MEbd,116674313328609,🍄欠揍气球🍄,纸片马力欧,日常,生活,21,40,4496860,6386,10444,519736,41111,276957,78694,1780309043,https://www.bilibili.com/video/BV1W6VZ6MEbd,http://i0.hdslb.com/bfs/archive/3d18bae01c4fc365d9e7e0ede5efb926e32115ad.jpg
2026-06-07,2026-06-07 20:57:40,55,BV1LR7D6JEV7,116702566156828,Re：佩恩从零开始的异世界生活！！！【水门篇】,-夏秋冬-,综合,综合,27,416,942904,1420,3176,68064,23491,19689,3921,1780740005,https://www.bilibili.com/video/BV1LR7D6JEV7,http://i0.hdslb.com/bfs/archive/bb4c488614d181445341190010ddfd29eae8cfb7.jpg
2026-06-07,2026-06-07 20:57:40,56,BV1VD726iE1t,116698791282580,《猴王出事》,伤心欲茄222,搞笑,娱乐,138,103,2158260,1166,3469,156383,5965,8009,5541,1780718400,https://www.bilibili.com/video/BV1VD726iE1t,http://i1.hdslb.com/bfs/archive/2fa41f4d1af95817e553d8fd8c6eeb7fc16a9d82.jpg
2026-06-07,2026-06-07 20:57:40,57,BV1dY7Q6pEQZ,116701878291791,千里奔赴只为弥补40年前的遗憾,赛亚人阿廖,出行,生活,250,246,841848,1641,1419,105190,28287,11278,373,1780729530,https://www.bilibili.com/video/BV1dY7Q6pEQZ,http://i0.hdslb.com/bfs/archive/5f9f719eb1fb6326b0a2eabe298cd1484afab3e6.jpg
2026-06-07,2026-06-07 20:57:40,58,BV1XEV26XEsz,116683641455201,冠以破碎之名：第一集 冰潮寒雨之夏,Xavier_白昼,综合,综合,27,1106,1383938,1840,2456,104617,22423,64717,3572,1780451269,https://www.bilibili.com/video/BV1XEV26XEsz,http://i0.hdslb.com/bfs/archive/edb3c2a03146bbc3390581aa30c41b8e3c3ab846.jpg
2026-06-07,2026-06-07 20:57:40,59,BV15z766SE1A,116696341812776,假如高考什么都可以带,小安苒AIGC,校园学习,知识,208,177,2283802,2777,2653,96457,2301,7476,1817,1780646400,https://www.bilibili.com/video/BV15z766SE1A,http://i2.hdslb.com/bfs/archive/ed743a6a86446310a9957bce92faa671a082a6d8.jpg
2026-06-07,2026-06-07 20:57:40,60,BV1tV7k6LEyH,116697264556028,你或许不认识我 但我唱的歌你或许？？听过？,喵☆酱,翻唱,音乐,31,443,537101,5166,2345,111365,7328,16188,1238,1780659262,https://www.bilibili.com/video/BV1tV7k6LEyH,http://i1.hdslb.com/bfs/archive/f27fa302b117dedb6f353c75770d440ca8982c33.jpg
2026-06-07,2026-06-07 20:57:40,61,BV1xZ7k6LESp,116696778084201,“哎呀 我们的主角倒下啦～”,西门小昭,综合,综合,27,30,742731,123,1085,142585,9869,57240,2531,1780655400,https://www.bilibili.com/video/BV1xZ7k6LESp,http://i2.hdslb.com/bfs/archive/2c5c6c548ed488771077293e2f7bfcfb435e4744.jpg
2026-06-07,2026-06-07 20:57:40,62,BV13HEw6rEhc,116691140873202,接龙游戏开发，但都绷住了,M木糖M,单机游戏,游戏,17,933,1568069,1502,999,78305,11148,14508,1299,1780630200,https://www.bilibili.com/video/BV13HEw6rEhc,http://i2.hdslb.com/bfs/archive/1083ae38f0917802668505e94ed2fe06226cc58b.jpg
2026-06-07,2026-06-07 20:57:40,63,BV1DB7f6AEBK,116690989942959,最 不 物 质 之 人,张八筒筒,日常,生活,21,127,2701805,930,956,171009,1601,9063,882,1780563943,https://www.bilibili.com/video/BV1DB7f6AEBK,http://i1.hdslb.com/bfs/archive/612e05a8e02454bd4e3723991d4808f061b1c188.jpg
2026-06-07,2026-06-07 20:57:40,64,BV1L7Ew65ETv,116691124098703,我养护的石拱桥，已经被国家收录为不可移动文物！,抓紧长长长呀,三农,生活,251,604,1849961,1115,2114,125857,7187,9688,480,1780565746,https://www.bilibili.com/video/BV1L7Ew65ETv,http://i1.hdslb.com/bfs/archive/56f52737bc566db19c5316ccdcc3b87cc81709e0.jpg
2026-06-07,2026-06-07 20:57:40,65,BV1Jj7C6AEPq,116696845193451,是我还不够好,怎么转身又是,MMD·3D,动画,25,67,1624698,3847,6208,164979,8236,39791,24616,1780652794,https://www.bilibili.com/video/BV1Jj7C6AEPq,http://i0.hdslb.com/bfs/archive/c261bcb22b8b34b31c0d9cb2e04b0a49a318b123.jpg
2026-06-07,2026-06-07 20:57:40,66,BV1JAEw69EUS,116691342200777,生完宝宝之后我再也不敢得罪我老公了，因为……,笑哥走丢了a,亲子,生活,254,89,2262740,886,7107,173794,3274,8707,1973,1780568869,https://www.bilibili.com/video/BV1JAEw69EUS,http://i2.hdslb.com/bfs/archive/2496ecbfca22198efdffe5b1855ea840b90edb2a.jpg
2026-06-07,2026-06-07 20:57:40,67,BV1uX7k6UEPn,116696761239539,把硬装的喊过来！,脱缰凯Kk,小剧场,娱乐,85,219,1290125,1607,1639,94628,3062,9965,665,1780651876,https://www.bilibili.com/video/BV1uX7k6UEPn,http://i1.hdslb.com/bfs/archive/1a5306b127f7814fe75bc726966f0f675fcb7e33.jpg
2026-06-07,2026-06-07 20:57:40,68,BV15W7C6tEyc,116696425766532,送你一片夕阳！,困雀雀,仿妆cos,时尚,252,36,553502,137,2234,163126,8701,29425,2578,1780646468,https://www.bilibili.com/video/BV15W7C6tEyc,http://i2.hdslb.com/bfs/archive/86973af2078693bfe5fc81d4dae783648e7fb904.jpg
2026-06-07,2026-06-07 20:57:40,69,BV1nWVm6uEqb,116685285624503,我吃牛瘪火锅 结果买错牛胃了,张离谱Dreams,搞笑,娱乐,138,97,2793213,1379,3736,180378,3418,50901,13262,1780476405,https://www.bilibili.com/video/BV1nWVm6uEqb,http://i0.hdslb.com/bfs/archive/6f4f02f224993a1933f3e515e84d84edb5ca3808.jpg
2026-06-07,2026-06-07 20:57:40,70,BV1Zj7C6wEJY,116696845125445,织棉为布，非遗土布。用千年蓝染，重现极致的东方浪漫,花木紫Huamuz,手工,生活,161,401,1150154,1618,2451,90758,8562,8933,663,1780652882,https://www.bilibili.com/video/BV1Zj7C6wEJY,http://i0.hdslb.com/bfs/archive/753a39454d2f1455af84effb021941e20ad4c2c7.jpg
2026-06-07,2026-06-07 20:57:40,71,BV1Xa7m6qEm7,116700217347938,意识深渊：我真的存在吗？,大圆镜科普,科学科普,知识,201,484,840809,1225,1849,77731,2560,14715,1315,1780704207,https://www.bilibili.com/video/BV1Xa7m6qEm7,http://i1.hdslb.com/bfs/archive/2d760490c4cfbae1c3b9168320f075ace66ad15a.jpg
2026-06-07,2026-06-07 20:57:40,72,BV1MtEF6fEga,116690436233152,全国男生统一迷惑行为,王小洋-已黑化,日常,生活,21,446,1053933,3125,2149,85246,1982,15947,2382,1780567200,https://www.bilibili.com/video/BV1MtEF6fEga,http://i1.hdslb.com/bfs/archive/696e0beeae3b0520b2aeae3a4aa24c0eeb689fcd.jpg
2026-06-07,2026-06-07 20:57:40,73,BV1JKEw6QEw9,116691509970719,我读了你们的评论 把阎王召唤出来了T_T,汤木檀泽,日常,生活,21,959,1933230,1521,1649,117956,6965,18676,564,1780571268,https://www.bilibili.com/video/BV1JKEw6QEw9,http://i1.hdslb.com/bfs/archive/0b6c7ccb214b6211a4cf9a8741eb473536e42587.jpg
2026-06-07,2026-06-07 20:57:40,74,BV19J7r6HESb,116695704274527,【抱佛脚】高考语文！选择题？最后一课！,学过石油的语文老师,校园学习,知识,208,1200,875260,36995,11336,41864,16848,20462,4076,1780660800,https://www.bilibili.com/video/BV19J7r6HESb,http://i0.hdslb.com/bfs/archive/f8d05a7621ff85694f1ddb7ac6c3c775b0e01965.jpg
2026-06-07,2026-06-07 20:57:40,75,BV1bwV161Er2,116684413209270,【aespa】LEMONNNN,aespa,音乐综合,音乐,130,11,6928539,13408,26813,132964,31843,15675,9192,1780475400,https://www.bilibili.com/video/BV1bwV161Er2,http://i1.hdslb.com/bfs/archive/1e63fbee388c793dc0403c872eefb52a8d7d8615.jpg
2026-06-07,2026-06-07 20:57:40,76,BV1yk7X6KEz4,116686023891513,2高中生屠杀同学，造成13人死亡后自杀，开启美国校园枪击案先河：科伦拜恩枪击案,捕月说,人文历史,知识,228,733,2005629,814,632,70813,540,9891,330,1780654200,https://www.bilibili.com/video/BV1yk7X6KEz4,http://i2.hdslb.com/bfs/archive/b52e8d555de710438989ea0831c1fa8211fbe67d.jpg
2026-06-07,2026-06-07 20:57:40,77,BV1YV7U6zEps,116699697254319,小登VS老登,灼眼的SABER哒,同人·手书,动画,47,63,925327,431,2398,119728,9883,39890,9590,1780718400,https://www.bilibili.com/video/BV1YV7U6zEps,http://i0.hdslb.com/bfs/archive/dce2758cd8546e893008888b88f215364194d4a7.jpg
2026-06-07,2026-06-07 20:57:40,78,BV1usEw6zEiy,116691040210390,【餐馆TV】UP今天发烧了……作品会不会受影响啊,大乾乾是顾乾宇,小剧场,娱乐,85,141,976368,1878,2847,110903,3524,13498,7857,1780564633,https://www.bilibili.com/video/BV1usEw6zEiy,http://i1.hdslb.com/bfs/archive/6d69be5e1f22dec4058e90f795df2ff7c21e4a91.jpg
2026-06-07,2026-06-07 20:57:40,79,BV17z7y6KEVT,116697751096214,可爱的安魂曲~,徐大花xudahua,手工,生活,161,158,1293936,320,1250,89880,5496,12438,2004,1780718400,https://www.bilibili.com/video/BV17z7y6KEVT,http://i2.hdslb.com/bfs/archive/2fbc38542399965a708c159f85533b4f5065fe8c.jpg
2026-06-07,2026-06-07 20:57:40,80,BV1yc7r6vE1C,116695905734805,关于我18岁为什么不去参加高考,我不是赤寒,日常,生活,21,126,1096824,1437,6202,122271,6412,13139,1752,1780638439,https://www.bilibili.com/video/BV1yc7r6vE1C,http://i1.hdslb.com/bfs/archive/294ac25c415d3dcaf5c46bbc02fb5df23da86784.jpg
2026-06-07,2026-06-07 20:57:40,81,BV16sEc6SEwE,116692030070649,班级里的某些努力姐belike：,不懂爱的喵,AI音乐,AI音乐,265,81,2269498,640,4550,132511,648,10510,4554,1780579469,https://www.bilibili.com/video/BV16sEc6SEwE,http://i2.hdslb.com/bfs/archive/711ed87052e442f67c408a6e4e372e876c02a3f0.jpg
2026-06-07,2026-06-07 20:57:40,82,BV1kv7262EyU,116698623578210,公司给粉丝安排了30万的水上宫殿...,飓多多StormCrew,日常,生活,21,852,1461626,3325,2233,75680,17178,15662,1644,1780714800,https://www.bilibili.com/video/BV1kv7262EyU,http://i2.hdslb.com/bfs/archive/a59944bd6ce91c0bbc28d8c8b560e8b73c31e976.jpg
2026-06-07,2026-06-07 20:57:40,83,BV1XQ7Z6eEki,116689412819066,特朗普的愤怒,燕三嘤嘤嘤,人文历史,知识,228,1133,2978440,10861,4940,144867,34942,20749,2808,1780545020,https://www.bilibili.com/video/BV1XQ7Z6eEki,http://i0.hdslb.com/bfs/archive/d106118a7a33e310838a2e387ce511583c5a7a62.jpg
2026-06-07,2026-06-07 20:57:40,84,BV1xdEc6bEcK,116691426088191,肉食脑袋的硬菜局！爆辣猪蹄+火锅鸡泡面香迷糊,方芳的快乐生活,美食侦探,美食,212,1134,1983837,1502,903,86165,10784,14749,3107,1780571551,https://www.bilibili.com/video/BV1xdEc6bEcK,http://i1.hdslb.com/bfs/archive/bdc078c74f5e0987fffca10262d6ced73d562c27.jpg
2026-06-07,2026-06-07 20:57:40,85,BV15d7D6UE4i,116702549379788,世界杯期间不抓移民？那这世界杯不是白办了吗,麻薯波比呀,社科·法律·心理,知识,124,995,1212054,6030,2811,75356,10451,8697,1698,1780740025,https://www.bilibili.com/video/BV15d7D6UE4i,http://i2.hdslb.com/bfs/archive/91940674117acf43b95f7a6e2e7ab686470cc3ea.jpg
2026-06-07,2026-06-07 20:57:40,86,BV1jwV663EjR,116679380112598,我的世界杯主题曲！IShowSpeed - World Cup (Champions),ishowspeedsui,竞技体育,运动,236,299,4856929,2574,11247,266844,49665,47884,15909,1780386563,https://www.bilibili.com/video/BV1jwV663EjR,http://i2.hdslb.com/bfs/archive/2807f6a9b9342740dfa8764e7bcc6e231196c94f.jpg
2026-06-07,2026-06-07 20:57:40,87,BV1VWVz6TELx,116679598147712,星际穿越的我，试图提醒过去的自己....,考研英语大雁,校园学习,知识,208,33,3438979,747,2594,434798,10162,57085,7437,1780389685,https://www.bilibili.com/video/BV1VWVz6TELx,http://i0.hdslb.com/bfs/archive/5822709cbd5c2a8a09fabc50bcfdcfc29859f9a1.jpg
2026-06-07,2026-06-07 20:57:40,88,BV1Qb7R6XECX,116687064072844,⚡冷 笑 话 大 全 6.0⚡,污污云,鬼畜调教,鬼畜,22,66,1634362,224,1122,117658,2325,47108,5920,1780545600,https://www.bilibili.com/video/BV1Qb7R6XECX,http://i2.hdslb.com/bfs/archive/edf5ec9306bef71931b52d5b0a961e13f1ecc966.jpg
2026-06-07,2026-06-07 20:57:40,89,BV1RvVo6QEqo,116674682426936,不儿，你俩来真的啊？！,主持人yoyo酱,搞笑,娱乐,138,265,5961781,17014,12792,715540,537945,130223,15050,1780314627,https://www.bilibili.com/video/BV1RvVo6QEqo,http://i1.hdslb.com/bfs/archive/e8bde3297455f3796e516de2362d5eb1085d9abf.jpg
2026-06-07,2026-06-07 20:57:40,90,BV1n17D6xEX2,116702331278408,这就是7JIA最强之人,杨齐家_,单机游戏,游戏,17,1221,1926702,4800,2199,95976,8399,14247,721,1780736508,https://www.bilibili.com/video/BV1n17D6xEX2,http://i1.hdslb.com/bfs/archive/63922fa2e9e8a18b95b8175a3bea61b0779794d1.jpg
2026-06-07,2026-06-07 20:57:40,91,BV1Bm7U6jEDZ,116701542815709,《爱，你》,是许木木啊,日常,生活,21,1043,806658,5063,3995,85692,10838,21383,1466,1780738200,https://www.bilibili.com/video/BV1Bm7U6jEDZ,http://i0.hdslb.com/bfs/archive/fd7de4f643c70f1117b5d4f7ef9d1878ffc094bd.jpg
2026-06-07,2026-06-07 20:57:40,92,BV1uTEc6AEzV,116691963025070,以为这次断更，会是永别,ONLee_Studio,日常,生活,21,211,1000815,1966,2720,68044,23243,4541,995,1780578368,https://www.bilibili.com/video/BV1uTEc6AEzV,http://i0.hdslb.com/bfs/archive/65223f1fb3bbe6f7b6e2b1e84b56584802350ec6.jpg
2026-06-07,2026-06-07 20:57:40,93,BV1q1Vy64EqA,116682450274928,给朋友做的一本翻翻乐,花颜和鸣,日常,生活,21,70,590849,895,2312,139322,11336,18692,903,1780589700,https://www.bilibili.com/video/BV1q1Vy64EqA,http://i0.hdslb.com/bfs/archive/b6ed86d5a0591cf027f6b65a4770f1c9656617d7.jpg
2026-06-07,2026-06-07 20:57:40,94,BV1CQ7o61ERo,116689798764442,人，握爪后就不要放开咯！——《伊莫》握爪测试招募开启,伊莫,手机游戏,游戏,172,119,2429881,683,2478,63477,30672,28532,22187,1780797600,https://www.bilibili.com/video/BV1CQ7o61ERo,http://i0.hdslb.com/bfs/archive/06bcb84e42974283a3ade3bf6fbee2302b4b4d96.jpg
2026-06-07,2026-06-07 20:57:40,95,BV1787S6mEV8,116701073053928,这里藏着一群“伪人”,摸鱼佬临风,鬼畜剧场,鬼畜剧场,216,354,306789,391,741,79370,4844,24783,856,1780717427,https://www.bilibili.com/video/BV1787S6mEV8,http://i2.hdslb.com/bfs/archive/d2a4fc8b8017160bc03e17f14d6fbedd690059c1.jpg
2026-06-07,2026-06-07 20:57:40,96,BV1YVEn6fEmZ,116703304356999,那天真有其他人在场，但我没法证明。,何大爷课堂,人文历史,知识,228,123,1319621,287,1804,104369,2119,9221,787,1780751375,https://www.bilibili.com/video/BV1YVEn6fEmZ,http://i1.hdslb.com/bfs/archive/36a36b65d7a5cdced8c027e2371074acb5dd204b.jpg
2026-06-07,2026-06-07 20:57:40,97,BV1um7665EHP,116696325033953,谁是猜价超人？,小杨Johnson,搞笑,娱乐,138,621,2072152,1892,669,44449,11333,8753,615,1780650000,https://www.bilibili.com/video/BV1um7665EHP,http://i2.hdslb.com/bfs/archive/4a683ea3a122ada0dd88fb184da7439b6831fdfe.jpg
2026-06-07,2026-06-07 20:57:40,98,BV19J7r6HEV7,116695704276560,咕嘎吃掉了整个幼儿园的伙食,咕咕嘎画,搞笑,娱乐,138,46,1601275,143,1221,119451,6123,17796,3495,1780635229,https://www.bilibili.com/video/BV19J7r6HEV7,http://i0.hdslb.com/bfs/archive/6f27e7f3c76289f0fac5ed16261338d0a6c2d5f2.jpg
2026-06-07,2026-06-07 20:57:40,99,BV1qYVm6AEfL,116684983704282,设计师偷偷收藏的高级吸睛配色！,小半设计,设计·创意,设计·创意,229,18,644422,3397,1651,106617,1899,86071,1130,1780489800,https://www.bilibili.com/video/BV1qYVm6AEfL,http://i0.hdslb.com/bfs/archive/a6b70084a8ce8f1dd3b2532192bd91f1926c540d.jpg
2026-06-07,2026-06-07 20:57:40,100,BV1BQ7r68Ejy,116695553280188,高考加油！！！,青柳尊哉,日常,生活,21,25,416080,5277,2752,160849,12057,11741,3449,1780650000,https://www.bilibili.com/video/BV1BQ7r68Ejy,http://i1.hdslb.com/bfs/archive/d2a9b7766bc4f672f01dd4b2805739df436bfc4b.jpg
2026-06-07,2026-06-07 21:57:41,1,BV15C7k6REKC,116697197451293,公测定档7月 | 《遗忘之海》船员集结摇滚MV「燥」,遗忘之海,GMV,GMV,121,205,6269666,1357,2292,118878,85769,82944,4529,1780711200,https://www.bilibili.com/video/BV15C7k6REKC,http://i0.hdslb.com/bfs/archive/bef8db958217ad42ed011f4bf5d5d6c1cf3a4bad.jpg
2026-06-07,2026-06-07 21:57:41,2,BV17GEP6xEDW,116692348832614,新三国up锐评楚汉传奇01：是不是我打开的方式不太对？,吃蛋挞的折棒,影视杂谈,影视,182,1348,1542265,20037,11587,134709,129518,28075,10468,1780624800,https://www.bilibili.com/video/BV17GEP6xEDW,http://i2.hdslb.com/bfs/archive/4e5cd47c8551d2b66643e2800041b7ec2d3bf729.jpg
2026-06-07,2026-06-07 21:57:41,3,BV1cu7r6FEPd,116696023045705,英国，沦为印度殖民地,平原公子,日常,生活,21,463,3045895,12536,8689,198174,8638,21433,19650,1780640137,https://www.bilibili.com/video/BV1cu7r6FEPd,http://i1.hdslb.com/bfs/archive/95ba7fb80bc2a46fc2c8f7ff69a08c57c40ef914.jpg
2026-06-07,2026-06-07 21:57:41,4,BV1WY7U6dEJ5,116699814693875,【微电影】人类文明的最后一届高考,最后讲述者,鬼畜剧场,鬼畜剧场,216,263,2105700,2757,5719,169681,18992,37901,8829,1780709400,https://www.bilibili.com/video/BV1WY7U6dEJ5,http://i2.hdslb.com/bfs/archive/40a717d48c3dbeb9559b00a07a88af6cfd5181fb.jpg
2026-06-07,2026-06-07 21:57:41,5,BV1Qi7f6eE59,116690805395451,致敬每一个心中有花，努力奔跑的人,爱画画的子衿,亲子,生活,254,313,1710891,3405,3600,233336,117553,15513,3738,1780561800,https://www.bilibili.com/video/BV1Qi7f6eE59,http://i1.hdslb.com/bfs/archive/2c9cc3dd70d264a8473e46b8bebaad7db4d6ef2c.jpg
2026-06-07,2026-06-07 21:57:41,6,BV19ZEF6MEBV,116690117464228,人在干坏事的时候是不怕苦不怕累的,我是易拉爆,日常,生活,21,309,2141327,1424,4011,203222,15005,30248,14993,1780550100,https://www.bilibili.com/video/BV19ZEF6MEBV,http://i2.hdslb.com/bfs/archive/5a3e59dd5183e87d69b1ad3224466b821bf05e23.jpg
2026-06-07,2026-06-07 21:57:41,7,BV1wEEc6REms,116692097238799,城市大富翁（5）,雨哥到处跑,日常,生活,21,3846,1698852,38553,5150,146468,117070,39483,5078,1780628700,https://www.bilibili.com/video/BV1wEEc6REms,http://i1.hdslb.com/bfs/archive/8628e50dc2e56aec5815c8e3f665d304cfe23d80.jpg
2026-06-07,2026-06-07 21:57:41,8,BV13s7z63EjV,116695016477738,《绝区零》3.0新地块实机演示,绝区零,手机游戏,游戏,172,599,1445508,9380,13657,125308,58463,22403,24936,1780624803,https://www.bilibili.com/video/BV13s7z63EjV,http://i0.hdslb.com/bfs/archive/ac132a13aed30f0b83ff50dfb56d83e2e518206a.jpg
2026-06-07,2026-06-07 21:57:41,9,BV1rg7C6TEUm,116696912369911,一句“一氧化二氢”能钓出多少“读稿机”？,中国食品报融媒体,科学科普,知识,201,291,4484960,6256,21333,189151,14531,23374,15371,1780653928,https://www.bilibili.com/video/BV1rg7C6TEUm,http://i1.hdslb.com/bfs/archive/1081ed32a36e81bee443915a997ed5f2bd56badd.jpg
2026-06-07,2026-06-07 21:57:41,10,BV1w6EF6QEjZ,116690033778619,不看后悔！史上最神人店家！,转生成为毛毛,美食侦探,美食,212,186,3394907,3994,9129,175341,4968,29586,14716,1780563600,https://www.bilibili.com/video/BV1w6EF6QEjZ,http://i1.hdslb.com/bfs/archive/07cb98d8f59285212c90c7646739a87803bf06c0.jpg
2026-06-07,2026-06-07 21:57:41,11,BV1T9Vm6UE2N,116684681647760,《古剑》3分钟战斗实机 | 线下试玩招募开启,古剑,单机游戏,游戏,17,168,4900451,3509,9956,95041,53292,31963,22480,1780698215,https://www.bilibili.com/video/BV1T9Vm6UE2N,http://i0.hdslb.com/bfs/archive/d18a0e2a80905c1a2bfe0d000c3ca47aa1548899.jpg
2026-06-07,2026-06-07 21:57:41,12,BV1Uj7k6VEPU,116697432395968,信 |《归唐》19分钟完整实机演示,归唐,单机游戏,游戏,17,1167,5356419,18068,26264,102588,34160,20271,46198,1780791300,https://www.bilibili.com/video/BV1Uj7k6VEPU,http://i1.hdslb.com/bfs/archive/73972f02b3d2a52c97a1ec81e53403fef6160006.jpg
2026-06-07,2026-06-07 21:57:41,13,BV16w7D6RERW,116700921988742,007看后:追逐战？,MEspace天植,绘画,绘画,162,49,2559813,261,1048,249802,23434,42850,2175,1780714922,https://www.bilibili.com/video/BV16w7D6RERW,http://i2.hdslb.com/bfs/archive/f35dab38094910739815ae6424bcceee9316f8f7.jpg
2026-06-07,2026-06-07 21:57:41,14,BV1uXEA6gEMu,116692567070822,“别着急，我来给你补充「偶！像！能！量！」”,小耗owo,手机游戏,游戏,172,80,1176365,873,2470,233251,15833,52631,10751,1780624800,https://www.bilibili.com/video/BV1uXEA6gEMu,http://i1.hdslb.com/bfs/archive/64822f49e99e9fb8b41ba5e0f9e06f48d4b76446.jpg
2026-06-07,2026-06-07 21:57:41,15,BV1df7r6REpB,116695469463690,如何在家制造浓汤宝,嘤武罗,日常,生活,21,501,4647412,3527,3249,179671,45058,44148,2683,1780650000,https://www.bilibili.com/video/BV1df7r6REpB,http://i2.hdslb.com/bfs/archive/94c85d2ebad9002fcbad0c7ef2f3c8a3f1ec6768.jpg
2026-06-07,2026-06-07 21:57:41,16,BV1pDV86oE6S,116657217344637,热烈欢迎薛凯琪！工作之余，Fiona会带哪些让自己感到快乐的东西呢～（录完这期脑海里都是Fifi的笑声,papi酱,短片,动画,256,2017,1335816,11304,4777,133709,52516,16731,7557,1780632000,https://www.bilibili.com/video/BV1pDV86oE6S,http://i2.hdslb.com/bfs/archive/032f4048d6f94c465fc10972289999cf79f2572f.jpg
2026-06-07,2026-06-07 21:57:41,17,BV1ZREP6dEcU,116693758117714,扫落叶全清洁100%速通39分03秒leaf it alone,闲云豹,单机游戏,游戏,17,2367,1515666,1702,2419,132953,13721,28301,5446,1780605809,https://www.bilibili.com/video/BV1ZREP6dEcU,http://i1.hdslb.com/bfs/archive/310db23466f62e9399f25f92c8d2b0af953476d6.jpg
2026-06-07,2026-06-07 21:57:41,18,BV1xU7f6xEjt,116690939546284,CF单机叙事续作——《穿越火线：潜伏》实机首曝,穿越火线潜伏,单机游戏,游戏,17,308,5281006,1745,5596,123355,7188,24989,13697,1780696800,https://www.bilibili.com/video/BV1xU7f6xEjt,http://i0.hdslb.com/bfs/archive/140a4abb0c80a2aa1e7cb7126c978567b667ed12.jpg
2026-06-07,2026-06-07 21:57:41,19,BV15v7S65EWD,116701022717876,挑战给历史故事打tag（标签）,混饭达人,娱乐杂谈,娱乐杂谈,241,77,3015789,2525,2291,236670,5145,27418,14105,1780716510,https://www.bilibili.com/video/BV15v7S65EWD,http://i2.hdslb.com/bfs/archive/1845b193e356ee0f6b686419e20cc96fe1678367.jpg
2026-06-07,2026-06-07 21:57:41,20,BV1xR7S6hEkB,116700804683368,菲比：就你们寝室最吵！！,Lm海洋,音乐综合,音乐,130,262,974327,661,3453,79920,57949,35223,12625,1780713190,https://www.bilibili.com/video/BV1xR7S6hEkB,http://i1.hdslb.com/bfs/archive/348cd3608f962369b093721ee90e2515a127a833.jpg
2026-06-07,2026-06-07 21:57:41,21,BV168796PEv1,116685839403735,如此仙音唯有挠臭,lulu和露爸,喵星人,喵星人,218,26,4959834,18090,5922,620943,17892,121006,26331,1780484850,https://www.bilibili.com/video/BV168796PEv1,http://i1.hdslb.com/bfs/archive/87f3ce4876a2e50e34a2c1b24dfe10ae34700a55.jpg
2026-06-07,2026-06-07 21:57:41,22,BV1uX7k6UENx,116696761239484,巨构：没有告别,巨构ai,网络游戏,游戏,65,19,2840732,5628,7287,456926,22482,154285,6793,1780651506,https://www.bilibili.com/video/BV1uX7k6UENx,http://i0.hdslb.com/bfs/archive/1422e60b2923b373953bd4ce6433b6f0e91f9501.jpg
2026-06-07,2026-06-07 21:57:41,23,BV15iEc6VEfH,116691577216788,路边一块，也能变废为宝，雕刻出大家想要的题材我不知道什么时候天才会亮，但我知道，跑着跑着，天就亮了。,小梨家的和田玉,手工,生活,161,220,6058334,3944,11756,230736,7953,22201,3766,1780572193,https://www.bilibili.com/video/BV15iEc6VEfH,http://i2.hdslb.com/bfs/archive/c1597efe82d66a7f728f8bdd84505eff4b7f5ac9.jpg
2026-06-07,2026-06-07 21:57:41,24,BV1s7V46XEix,116655590017716,评论区摄影大赛之火遍全网的佳作篇，本期有锐评系列也有破败与新生佳作，欢迎投稿好的作品会让更多人看到。,摄影恩哥,日常,生活,21,124,4680775,1744,9265,299117,2042,22742,921,1780738200,https://www.bilibili.com/video/BV1s7V46XEix,http://i1.hdslb.com/bfs/archive/58aada2ca9cd83b3f4d86b331759b2c832c8bcb4.jpg
2026-06-07,2026-06-07 21:57:41,25,BV1gsEw6zExs,116691040208641,你的高考/中考/期末考belike,哈基mer-猫meme,搞笑,娱乐,138,22,843387,29961,2468,286994,31302,58784,5350,1780564012,https://www.bilibili.com/video/BV1gsEw6zExs,http://i2.hdslb.com/bfs/archive/4f76f8d127f1c6d5a990c89a161f10356e783cd4.jpg
2026-06-07,2026-06-07 21:57:41,26,BV1gWEw6gE4X,116691056987748,“这种没流量的画画最狠了”,像风如你o_O,日常,生活,21,25,2256255,684,3326,277182,7645,23727,1109,1780564358,https://www.bilibili.com/video/BV1gWEw6gE4X,http://i0.hdslb.com/bfs/archive/96621cf035234fbf3c3d6f498d6f4d5eae388c12.jpg
2026-06-07,2026-06-07 21:57:41,27,BV1GHEw6rEo4,116691140875979,无能的杰哥,神威-狗剩,影视剪辑,影视,183,154,2801099,1875,3777,136861,8139,25193,27479,1780565876,https://www.bilibili.com/video/BV1GHEw6rEo4,http://i2.hdslb.com/bfs/archive/0814d03bdf68a6a83cba4b8ba18fa6d58d6de912.jpg
2026-06-07,2026-06-07 21:57:41,28,BV1PP7C63E2J,116696710912022,《师》我回母校当老师,阿廖沙别害怕_,搞笑,娱乐,138,296,1854623,503,1065,172906,4592,13693,600,1780650587,https://www.bilibili.com/video/BV1PP7C63E2J,http://i0.hdslb.com/bfs/archive/b04455fde128b88ff0a92e264778512242510bc9.jpg
2026-06-07,2026-06-07 21:57:41,29,BV1TR766zEvE,116695972714489,在沙漠里种了1800万棵树，然后呢？,影视飓风,娱乐粉丝创作,娱乐,242,756,2862753,9813,2802,147315,55302,25644,2464,1780650000,https://www.bilibili.com/video/BV1TR766zEvE,http://i1.hdslb.com/bfs/archive/af434541e40c0402ac850fc6783faa3ed5bfdda9.jpg
2026-06-07,2026-06-07 21:57:41,30,BV1WT7C6uEj8,116696878749194,猫 咪 的 花 语 是 老 吴🎵,幾加乘,同人·手书,动画,47,259,1610915,1638,3164,117326,17697,24696,10650,1780653131,https://www.bilibili.com/video/BV1WT7C6uEj8,http://i0.hdslb.com/bfs/archive/ad354ddb8c2e2bf697327dc182835b3d6014f4b1.jpg
2026-06-07,2026-06-07 21:57:41,31,BV1kCVU65ERM,116669112386149,初中生斗胆跳一段jam,特崮斯,篮球,运动,235,45,6616020,10336,18744,1264093,206793,134099,19823,1780229707,https://www.bilibili.com/video/BV1kCVU65ERM,http://i1.hdslb.com/bfs/archive/5871a66dc8e356ff71da4a6d99d5922b4a6a3fce.jpg
2026-06-07,2026-06-07 21:57:41,32,BV1Qt7X61Enn,116686241993999,百万英镑，但素质过低,青时晚,影视剪辑,影视,183,174,2346799,1989,2467,140378,11213,35572,14109,1780490956,https://www.bilibili.com/video/BV1Qt7X61Enn,http://i0.hdslb.com/bfs/archive/1573985b4950f4d1001b3a21a50adab722b0a0f1.jpg
2026-06-07,2026-06-07 21:57:41,33,BV1Ja7k6AE1b,116697063235411,我又给花朵加了个开关！,是玉木呀,设计·创意,设计·创意,229,104,1028657,538,863,164243,18786,33068,3383,1780656042,https://www.bilibili.com/video/BV1Ja7k6AE1b,http://i0.hdslb.com/bfs/archive/c05470a618fc67ee60cb9df153eb5ad6d3c8ce08.jpg
2026-06-07,2026-06-07 21:57:41,34,BV1wE7m67EAF,116700569671653,“我在成华大道「拼接遗憾」”,Dieorite,人力VOCALOID,人力VOCALOID,126,116,646630,2831,1599,144629,30605,41233,2373,1780709690,https://www.bilibili.com/video/BV1wE7m67EAF,http://i1.hdslb.com/bfs/archive/b7a88bfce9322211ddb670d69d549967dba6591e.jpg
2026-06-07,2026-06-07 21:57:41,35,BV1pW7Q68Emz,116702180348281,这期谁能绷住,呱唧菌,搞笑,娱乐,138,339,1341118,1825,1341,126867,6131,21742,1768,1780741800,https://www.bilibili.com/video/BV1pW7Q68Emz,http://i2.hdslb.com/bfs/archive/5ae6e1d11721490eb4a17034e97a4c36afdca5f0.jpg
2026-06-07,2026-06-07 21:57:41,36,BV1bV7k6LExn,116697264560365,再见！一系列！高考必胜！,一数,校园学习,知识,208,193,899025,29358,15244,85101,33089,17700,5712,1780659292,https://www.bilibili.com/video/BV1bV7k6LExn,http://i2.hdslb.com/bfs/archive/5df66240b2b71ca2bc6ce697e929657b1b1df5a4.jpg
2026-06-07,2026-06-07 21:57:41,37,BV1UV7k6LEUG,116697264627213,航天会刷典狱长？！【三角洲动画】,手折余弦丶,电子竞技,游戏,171,300,1220539,1357,1529,101945,11442,25696,3111,1780659017,https://www.bilibili.com/video/BV1UV7k6LEUG,http://i0.hdslb.com/bfs/archive/eb575db6391346950b2623259e6c0c6469239e03.jpg
2026-06-07,2026-06-07 21:57:41,38,BV16DVz6UE77,116679229180052,如何拍出电影感大片,喜欢拍照的皮皮,日常,生活,21,60,3915343,362,2335,365994,13075,107805,8854,1780384052,https://www.bilibili.com/video/BV16DVz6UE77,http://i1.hdslb.com/bfs/archive/82ba23d6fb45244f769f8f127cfbe2f51afe67c8.jpg
2026-06-07,2026-06-07 21:57:41,39,BV1um7665EpW,116696325033820,讷,水生植物人owo,日常,生活,21,16,1273413,912,6970,183637,4799,47895,17017,1780644714,https://www.bilibili.com/video/BV1um7665EpW,http://i2.hdslb.com/bfs/archive/ce971f171b1f22d061819b3fea882f5d4af2a608.jpg
2026-06-07,2026-06-07 21:57:41,40,BV1hG7y69Ej2,116698036313694,史上最骚特工(第二集),老番茄,单机游戏,游戏,17,842,2179896,3170,1729,130222,42105,36596,2154,1780716600,https://www.bilibili.com/video/BV1hG7y69Ej2,http://i2.hdslb.com/bfs/archive/c4778bfde8d395e0f91e2f746393736302e8205c.jpg
2026-06-07,2026-06-07 21:57:41,41,BV1vR7D6JEEm,116702566223209,全球吃席！自驾巴尔干婚礼，吃欧洲乡村大席,食贫道,日常,生活,21,3274,1099156,7370,1573,104038,37861,13664,1138,1780741089,https://www.bilibili.com/video/BV1vR7D6JEEm,http://i2.hdslb.com/bfs/archive/b23120503d27e3049c25e887901c19df17a98fe1.jpg
2026-06-07,2026-06-07 21:57:41,42,BV1jeEc6yE75,116691593992011,《你说谁错谁就错，因为你开迈巴赫》,嘞是唐孃孃,搞笑,娱乐,138,34,3164843,178,1995,238787,3261,16115,1298,1780572588,https://www.bilibili.com/video/BV1jeEc6yE75,http://i0.hdslb.com/bfs/archive/cc74080d84744d7622f9f9dd492a1583e00aaed7.jpg
2026-06-07,2026-06-07 21:57:41,43,BV1vEEP6HEFw,116692281789801,2025年出货量370万台！激光雷达真成“安全气囊”了？,保镖的车库,新能源车,新能源车,247,606,1894603,597,815,114619,3182,11688,429,1780653900,https://www.bilibili.com/video/BV1vEEP6HEFw,http://i1.hdslb.com/bfs/archive/76872e6b743f73527ee70c89a75c39214a868540.jpg
2026-06-07,2026-06-07 21:57:41,44,BV12R7Q6MEJX,116686543914174,你说你有点难追～,未知艺术家_611,搞笑,娱乐,138,30,2832635,238,2032,254360,3121,27004,3963,1780495648,https://www.bilibili.com/video/BV12R7Q6MEJX,http://i2.hdslb.com/bfs/archive/aeaf33a25e079b26433a425ee56ac24f566861d7.jpg
2026-06-07,2026-06-07 21:57:41,45,BV1yiEF6WErx,116690419585062,奶香馒头,夏叔厨房,美食制作,美食,76,76,1741406,946,7390,222473,7723,19674,1153,1780554601,https://www.bilibili.com/video/BV1yiEF6WErx,http://i1.hdslb.com/bfs/archive/82992eb9cddf1a5a5e5e77e481db8626c6005de9.jpg
2026-06-07,2026-06-07 21:57:41,46,BV17q7y6qEeG,116697767874225,当代牢大学生论文现状belike：,黑曼波语录,鬼畜调教,鬼畜,22,78,1568228,246,1849,117867,3936,80040,9160,1780716900,https://www.bilibili.com/video/BV17q7y6qEeG,http://i2.hdslb.com/bfs/archive/a42866374c2dd87fd5093121386c1dd1372e10a6.jpg
2026-06-07,2026-06-07 21:57:41,47,BV1EwEF62EhA,116690721443492,当校长挑选教室地板时,Cheems电玩屋,日常,生活,21,18,4974370,815,4884,201001,996,7569,499,1780559484,https://www.bilibili.com/video/BV1EwEF62EhA,http://i0.hdslb.com/bfs/archive/8916553504d48aec3ba5ad2bdfeec5fcf7eefc1c.jpg
2026-06-07,2026-06-07 21:57:41,48,BV19N7y6bE1e,116698455803490,全体起立鼓掌！人类发现了治癌症的新药！🤯,蜗牛的科技笔记,软件应用,软件应用,230,115,1366986,1185,6379,126934,5089,21116,8916,1780677279,https://www.bilibili.com/video/BV19N7y6bE1e,http://i2.hdslb.com/bfs/archive/3b5f57bbd2f68b33097261f34d0cbb700b9439ce.jpg
2026-06-07,2026-06-07 21:57:41,49,BV16kV26TES7,116685470175022,当父母说出了正确答案：,进击的金厂长,搞笑,娱乐,138,129,6258428,2473,2485,411280,150546,196602,3301,1780479155,https://www.bilibili.com/video/BV16kV26TES7,http://i0.hdslb.com/bfs/archive/982b25c4ef21fb08f77ae933c89f4b99d5b0c86a.jpg
2026-06-07,2026-06-07 21:57:41,50,BV1LR7D6JEV7,116702566156828,Re：佩恩从零开始的异世界生活！！！【水门篇】,-夏秋冬-,综合,综合,27,416,973145,1442,3259,69680,24082,20169,3994,1780740005,https://www.bilibili.com/video/BV1LR7D6JEV7,http://i0.hdslb.com/bfs/archive/bb4c488614d181445341190010ddfd29eae8cfb7.jpg
2026-06-07,2026-06-07 21:57:41,51,BV1R7Ew65ERR,116691124229360,当爸爸找亲戚买手机,刘鸿哥哥,小剧场,娱乐,85,119,2401920,977,3009,162871,1462,8801,1760,1780565630,https://www.bilibili.com/video/BV1R7Ew65ERR,http://i0.hdslb.com/bfs/archive/5e4feb10a7cf9e178bf7e9a619d62843bc5ae8b2.jpg
2026-06-07,2026-06-07 21:57:41,52,BV1sC7R6VEF3,116687181451048,【侯绿萝】视频加载中，速速查收惊喜！,侯绿萝,小剧场,娱乐,85,233,1952876,1549,1436,185520,10874,15460,1875,1780538400,https://www.bilibili.com/video/BV1sC7R6VEF3,http://i0.hdslb.com/bfs/archive/e40df1469a3bc68659f30a77b0e0801ae88938bb.jpg
2026-06-07,2026-06-07 21:57:41,53,BV1yo7B68EHX,116695117207554,《鸣潮》×《赛博朋克：边缘行者》共鸣者战斗演示 | 露西,鸣潮,单机游戏,游戏,17,283,2273883,2433,8292,78659,24194,13762,14861,1780628400,https://www.bilibili.com/video/BV1yo7B68EHX,http://i2.hdslb.com/bfs/archive/61426f2876187b9326f1b732fdea7044e08d7ea3.jpg
2026-06-07,2026-06-07 21:57:41,54,BV1jz7k6tEkL,116696979347018,教程来啦兄弟们 拍起来,是柳宗元,电子竞技,游戏,171,46,2256063,189,898,170886,2912,25953,1368,1780654702,https://www.bilibili.com/video/BV1jz7k6tEkL,http://i0.hdslb.com/bfs/archive/becaa38ea9e7437bed18411340db6d5da7f4cd54.jpg
2026-06-07,2026-06-07 21:57:41,55,BV1dY7Q6pEQZ,116701878291791,千里奔赴只为弥补40年前的遗憾,赛亚人阿廖,出行,生活,250,246,870977,1707,1444,108408,29143,11579,378,1780729530,https://www.bilibili.com/video/BV1dY7Q6pEQZ,http://i0.hdslb.com/bfs/archive/5f9f719eb1fb6326b0a2eabe298cd1484afab3e6.jpg
2026-06-07,2026-06-07 21:57:41,56,BV1VD726iE1t,116698791282580,《猴王出事》,伤心欲茄222,搞笑,娱乐,138,103,2199494,1175,3514,158343,6035,8149,5636,1780718400,https://www.bilibili.com/video/BV1VD726iE1t,http://i1.hdslb.com/bfs/archive/2fa41f4d1af95817e553d8fd8c6eeb7fc16a9d82.jpg
2026-06-07,2026-06-07 21:57:41,57,BV1W6VZ6MEbd,116674313328609,🍄欠揍气球🍄,纸片马力欧,日常,生活,21,40,4530709,6553,10524,523197,41471,278952,79181,1780309043,https://www.bilibili.com/video/BV1W6VZ6MEbd,http://i0.hdslb.com/bfs/archive/3d18bae01c4fc365d9e7e0ede5efb926e32115ad.jpg
2026-06-07,2026-06-07 21:57:41,58,BV1tV7k6LEyH,116697264556028,你或许不认识我 但我唱的歌你或许？？听过？,喵☆酱,翻唱,音乐,31,443,548974,5266,2373,113221,7453,16629,1255,1780659262,https://www.bilibili.com/video/BV1tV7k6LEyH,http://i1.hdslb.com/bfs/archive/f27fa302b117dedb6f353c75770d440ca8982c33.jpg
2026-06-07,2026-06-07 21:57:41,59,BV1xZ7k6LESp,116696778084201,“哎呀 我们的主角倒下啦～”,西门小昭,综合,综合,27,30,750735,124,1102,144036,10024,57861,2583,1780655400,https://www.bilibili.com/video/BV1xZ7k6LESp,http://i2.hdslb.com/bfs/archive/2c5c6c548ed488771077293e2f7bfcfb435e4744.jpg
2026-06-07,2026-06-07 21:57:41,60,BV13HEw6rEhc,116691140873202,接龙游戏开发，但都绷住了,M木糖M,单机游戏,游戏,17,933,1593764,1511,1012,79353,11270,14739,1320,1780630200,https://www.bilibili.com/video/BV13HEw6rEhc,http://i2.hdslb.com/bfs/archive/1083ae38f0917802668505e94ed2fe06226cc58b.jpg
2026-06-07,2026-06-07 21:57:41,61,BV15z766SE1A,116696341812776,假如高考什么都可以带,小安苒AIGC,校园学习,知识,208,177,2331290,2830,2686,98987,2325,7688,1869,1780646400,https://www.bilibili.com/video/BV15z766SE1A,http://i2.hdslb.com/bfs/archive/ed743a6a86446310a9957bce92faa671a082a6d8.jpg
2026-06-07,2026-06-07 21:57:41,62,BV1Jj7C6AEPq,116696845193451,是我还不够好,怎么转身又是,MMD·3D,动画,25,67,1675080,4037,6380,168867,8503,41105,25287,1780652794,https://www.bilibili.com/video/BV1Jj7C6AEPq,http://i0.hdslb.com/bfs/archive/c261bcb22b8b34b31c0d9cb2e04b0a49a318b123.jpg
2026-06-07,2026-06-07 21:57:41,63,BV1JAEw69EUS,116691342200777,生完宝宝之后我再也不敢得罪我老公了，因为……,笑哥走丢了a,亲子,生活,254,89,2286903,892,7135,175509,3324,8825,1998,1780568869,https://www.bilibili.com/video/BV1JAEw69EUS,http://i2.hdslb.com/bfs/archive/2496ecbfca22198efdffe5b1855ea840b90edb2a.jpg
2026-06-07,2026-06-07 21:57:41,64,BV1uX7k6UEPn,116696761239539,把硬装的喊过来！,脱缰凯Kk,小剧场,娱乐,85,219,1300815,1612,1650,95349,3076,10033,668,1780651876,https://www.bilibili.com/video/BV1uX7k6UEPn,http://i1.hdslb.com/bfs/archive/1a5306b127f7814fe75bc726966f0f675fcb7e33.jpg
2026-06-07,2026-06-07 21:57:41,65,BV1L7Ew65ETv,116691124098703,我养护的石拱桥，已经被国家收录为不可移动文物！,抓紧长长长呀,三农,生活,251,604,1862101,1118,2119,126360,7248,9745,480,1780565746,https://www.bilibili.com/video/BV1L7Ew65ETv,http://i1.hdslb.com/bfs/archive/56f52737bc566db19c5316ccdcc3b87cc81709e0.jpg
2026-06-07,2026-06-07 21:57:41,66,BV15W7C6tEyc,116696425766532,送你一片夕阳！,困雀雀,仿妆cos,时尚,252,36,557200,139,2248,164119,8773,29650,2599,1780646468,https://www.bilibili.com/video/BV15W7C6tEyc,http://i2.hdslb.com/bfs/archive/86973af2078693bfe5fc81d4dae783648e7fb904.jpg
2026-06-07,2026-06-07 21:57:41,67,BV1DB7f6AEBK,116690989942959,最 不 物 质 之 人,张八筒筒,日常,生活,21,127,2703671,933,960,171072,1604,9069,882,1780563943,https://www.bilibili.com/video/BV1DB7f6AEBK,http://i1.hdslb.com/bfs/archive/612e05a8e02454bd4e3723991d4808f061b1c188.jpg
2026-06-07,2026-06-07 21:57:41,68,BV1XEV26XEsz,116683641455201,冠以破碎之名：第一集 冰潮寒雨之夏,Xavier_白昼,综合,综合,27,1106,1386502,1845,2461,104865,22497,64858,3579,1780451269,https://www.bilibili.com/video/BV1XEV26XEsz,http://i0.hdslb.com/bfs/archive/edb3c2a03146bbc3390581aa30c41b8e3c3ab846.jpg
2026-06-07,2026-06-07 21:57:41,69,BV1Zj7C6wEJY,116696845125445,织棉为布，非遗土布。用千年蓝染，重现极致的东方浪漫,花木紫Huamuz,手工,生活,161,401,1161454,1647,2483,92353,8690,9099,677,1780652882,https://www.bilibili.com/video/BV1Zj7C6wEJY,http://i0.hdslb.com/bfs/archive/753a39454d2f1455af84effb021941e20ad4c2c7.jpg
2026-06-07,2026-06-07 21:57:41,70,BV1nWVm6uEqb,116685285624503,我吃牛瘪火锅 结果买错牛胃了,张离谱Dreams,搞笑,娱乐,138,97,2850801,1441,3780,183583,3527,52069,13557,1780476405,https://www.bilibili.com/video/BV1nWVm6uEqb,http://i0.hdslb.com/bfs/archive/6f4f02f224993a1933f3e515e84d84edb5ca3808.jpg
2026-06-07,2026-06-07 21:57:41,71,BV1Xa7m6qEm7,116700217347938,意识深渊：我真的存在吗？,大圆镜科普,科学科普,知识,201,484,852698,1240,1886,78923,2583,14951,1349,1780704207,https://www.bilibili.com/video/BV1Xa7m6qEm7,http://i1.hdslb.com/bfs/archive/2d760490c4cfbae1c3b9168320f075ace66ad15a.jpg
2026-06-07,2026-06-07 21:57:41,72,BV17z7y6KEVT,116697751096214,可爱的安魂曲~,徐大花xudahua,手工,生活,161,158,1346840,331,1280,92653,5685,12896,2077,1780718400,https://www.bilibili.com/video/BV17z7y6KEVT,http://i2.hdslb.com/bfs/archive/2fbc38542399965a708c159f85533b4f5065fe8c.jpg
2026-06-07,2026-06-07 21:57:41,73,BV1MtEF6fEga,116690436233152,全国男生统一迷惑行为,王小洋-已黑化,日常,生活,21,446,1067448,3173,2173,86376,2004,16198,2405,1780567200,https://www.bilibili.com/video/BV1MtEF6fEga,http://i1.hdslb.com/bfs/archive/696e0beeae3b0520b2aeae3a4aa24c0eeb689fcd.jpg
2026-06-07,2026-06-07 21:57:41,74,BV1yk7X6KEz4,116686023891513,2高中生屠杀同学，造成13人死亡后自杀，开启美国校园枪击案先河：科伦拜恩枪击案,捕月说,人文历史,知识,228,733,2041479,833,666,71918,548,10065,341,1780654200,https://www.bilibili.com/video/BV1yk7X6KEz4,http://i2.hdslb.com/bfs/archive/b52e8d555de710438989ea0831c1fa8211fbe67d.jpg
2026-06-07,2026-06-07 21:57:41,75,BV19J7r6HESb,116695704274527,【抱佛脚】高考语文！选择题？最后一课！,学过石油的语文老师,校园学习,知识,208,1200,877244,36997,11348,41880,16850,20417,4077,1780660800,https://www.bilibili.com/video/BV19J7r6HESb,http://i0.hdslb.com/bfs/archive/f8d05a7621ff85694f1ddb7ac6c3c775b0e01965.jpg
2026-06-07,2026-06-07 21:57:41,76,BV1YV7U6zEps,116699697254319,小登VS老登,灼眼的SABER哒,同人·手书,动画,47,63,936766,437,2435,121120,10077,40413,9695,1780718400,https://www.bilibili.com/video/BV1YV7U6zEps,http://i0.hdslb.com/bfs/archive/dce2758cd8546e893008888b88f215364194d4a7.jpg
2026-06-07,2026-06-07 21:57:41,77,BV1JKEw6QEw9,116691509970719,我读了你们的评论 把阎王召唤出来了T_T,汤木檀泽,日常,生活,21,959,1949645,1525,1660,118742,7004,18940,564,1780571268,https://www.bilibili.com/video/BV1JKEw6QEw9,http://i1.hdslb.com/bfs/archive/0b6c7ccb214b6211a4cf9a8741eb473536e42587.jpg
2026-06-07,2026-06-07 21:57:41,78,BV1yc7r6vE1C,116695905734805,关于我18岁为什么不去参加高考,我不是赤寒,日常,生活,21,126,1108177,1451,6252,123322,6453,13286,1761,1780638439,https://www.bilibili.com/video/BV1yc7r6vE1C,http://i1.hdslb.com/bfs/archive/294ac25c415d3dcaf5c46bbc02fb5df23da86784.jpg
2026-06-07,2026-06-07 21:57:41,79,BV1usEw6zEiy,116691040210390,【餐馆TV】UP今天发烧了……作品会不会受影响啊,大乾乾是顾乾宇,小剧场,娱乐,85,141,998829,1933,2871,113078,3613,13767,7969,1780564633,https://www.bilibili.com/video/BV1usEw6zEiy,http://i1.hdslb.com/bfs/archive/6d69be5e1f22dec4058e90f795df2ff7c21e4a91.jpg
2026-06-07,2026-06-07 21:57:41,80,BV16sEc6SEwE,116692030070649,班级里的某些努力姐belike：,不懂爱的喵,AI音乐,AI音乐,265,81,2283936,643,4583,133214,656,10583,4593,1780579469,https://www.bilibili.com/video/BV16sEc6SEwE,http://i2.hdslb.com/bfs/archive/711ed87052e442f67c408a6e4e372e876c02a3f0.jpg
2026-06-07,2026-06-07 21:57:41,81,BV1kv7262EyU,116698623578210,公司给粉丝安排了30万的水上宫殿...,飓多多StormCrew,日常,生活,21,852,1496855,3386,2272,77001,17503,15939,1682,1780714800,https://www.bilibili.com/video/BV1kv7262EyU,http://i2.hdslb.com/bfs/archive/a59944bd6ce91c0bbc28d8c8b560e8b73c31e976.jpg
2026-06-07,2026-06-07 21:57:41,82,BV15d7D6UE4i,116702549379788,世界杯期间不抓移民？那这世界杯不是白办了吗,麻薯波比呀,社科·法律·心理,知识,124,995,1245870,6121,2849,76797,10702,8801,1739,1780740025,https://www.bilibili.com/video/BV15d7D6UE4i,http://i2.hdslb.com/bfs/archive/91940674117acf43b95f7a6e2e7ab686470cc3ea.jpg
2026-06-07,2026-06-07 21:57:41,83,BV1bwV161Er2,116684413209270,【aespa】LEMONNNN,aespa,音乐综合,音乐,130,11,6964746,13523,27076,133609,32043,15782,9324,1780475400,https://www.bilibili.com/video/BV1bwV161Er2,http://i1.hdslb.com/bfs/archive/1e63fbee388c793dc0403c872eefb52a8d7d8615.jpg
2026-06-07,2026-06-07 21:57:41,84,BV1CQ7o61ERo,116689798764442,人，握爪后就不要放开咯！——《伊莫》握爪测试招募开启,伊莫,手机游戏,游戏,172,119,2633686,691,2671,67010,30730,29073,22343,1780797600,https://www.bilibili.com/video/BV1CQ7o61ERo,http://i0.hdslb.com/bfs/archive/06bcb84e42974283a3ade3bf6fbee2302b4b4d96.jpg
2026-06-07,2026-06-07 21:57:41,85,BV1jwV663EjR,116679380112598,我的世界杯主题曲！IShowSpeed - World Cup (Champions),ishowspeedsui,竞技体育,运动,236,299,4881854,2584,11297,267950,49924,48153,15973,1780386563,https://www.bilibili.com/video/BV1jwV663EjR,http://i2.hdslb.com/bfs/archive/2807f6a9b9342740dfa8764e7bcc6e231196c94f.jpg
2026-06-07,2026-06-07 21:57:41,86,BV1xdEc6bEcK,116691426088191,肉食脑袋的硬菜局！爆辣猪蹄+火锅鸡泡面香迷糊,方芳的快乐生活,美食侦探,美食,212,1134,1991347,1506,909,86321,10837,14766,3130,1780571551,https://www.bilibili.com/video/BV1xdEc6bEcK,http://i1.hdslb.com/bfs/archive/bdc078c74f5e0987fffca10262d6ced73d562c27.jpg
2026-06-07,2026-06-07 21:57:41,87,BV1q1Vy64EqA,116682450274928,给朋友做的一本翻翻乐,花颜和鸣,日常,生活,21,70,605819,930,2377,143086,11694,19241,924,1780589700,https://www.bilibili.com/video/BV1q1Vy64EqA,http://i0.hdslb.com/bfs/archive/b6ed86d5a0591cf027f6b65a4770f1c9656617d7.jpg
2026-06-07,2026-06-07 21:57:41,88,BV1RvVo6QEqo,116674682426936,不儿，你俩来真的啊？！,主持人yoyo酱,搞笑,娱乐,138,265,5980898,17069,12818,717819,539321,130655,15082,1780314627,https://www.bilibili.com/video/BV1RvVo6QEqo,http://i1.hdslb.com/bfs/archive/e8bde3297455f3796e516de2362d5eb1085d9abf.jpg
2026-06-07,2026-06-07 21:57:41,89,BV1Bm7U6jEDZ,116701542815709,《爱，你》,是许木木啊,日常,生活,21,1043,824492,5119,4039,87294,10987,21784,1496,1780738200,https://www.bilibili.com/video/BV1Bm7U6jEDZ,http://i0.hdslb.com/bfs/archive/fd7de4f643c70f1117b5d4f7ef9d1878ffc094bd.jpg
2026-06-07,2026-06-07 21:57:41,90,BV1n17D6xEX2,116702331278408,这就是7JIA最强之人,杨齐家_,单机游戏,游戏,17,1221,1991659,4834,2226,98034,8521,14758,731,1780736508,https://www.bilibili.com/video/BV1n17D6xEX2,http://i1.hdslb.com/bfs/archive/63922fa2e9e8a18b95b8175a3bea61b0779794d1.jpg
2026-06-07,2026-06-07 21:57:41,91,BV1YVEn6fEmZ,116703304356999,那天真有其他人在场，但我没法证明。,何大爷课堂,人文历史,知识,228,123,1369373,290,1917,108063,2204,9583,812,1780751375,https://www.bilibili.com/video/BV1YVEn6fEmZ,http://i1.hdslb.com/bfs/archive/36a36b65d7a5cdced8c027e2371074acb5dd204b.jpg
2026-06-07,2026-06-07 21:57:41,92,BV1Qb7R6XECX,116687064072844,⚡冷 笑 话 大 全 6.0⚡,污污云,鬼畜调教,鬼畜,22,66,1656283,227,1128,119183,2348,47618,6012,1780545600,https://www.bilibili.com/video/BV1Qb7R6XECX,http://i2.hdslb.com/bfs/archive/edf5ec9306bef71931b52d5b0a961e13f1ecc966.jpg
2026-06-07,2026-06-07 21:57:41,93,BV1VWVz6TELx,116679598147712,星际穿越的我，试图提醒过去的自己....,考研英语大雁,校园学习,知识,208,33,3475573,753,2612,439254,10301,57714,7502,1780389685,https://www.bilibili.com/video/BV1VWVz6TELx,http://i0.hdslb.com/bfs/archive/5822709cbd5c2a8a09fabc50bcfdcfc29859f9a1.jpg
2026-06-07,2026-06-07 21:57:41,94,BV1787S6mEV8,116701073053928,这里藏着一群“伪人”,摸鱼佬临风,鬼畜剧场,鬼畜剧场,216,354,312058,392,755,79697,4894,24964,874,1780717427,https://www.bilibili.com/video/BV1787S6mEV8,http://i2.hdslb.com/bfs/archive/d2a4fc8b8017160bc03e17f14d6fbedd690059c1.jpg
2026-06-07,2026-06-07 21:57:41,95,BV1XQ7Z6eEki,116689412819066,特朗普的愤怒,燕三嘤嘤嘤,人文历史,知识,228,1133,2990993,10875,4921,145279,35053,20784,2816,1780545020,https://www.bilibili.com/video/BV1XQ7Z6eEki,http://i0.hdslb.com/bfs/archive/d106118a7a33e310838a2e387ce511583c5a7a62.jpg
2026-06-07,2026-06-07 21:57:41,96,BV1um7665EHP,116696325033953,谁是猜价超人？,小杨Johnson,搞笑,娱乐,138,621,2077336,1896,672,44686,11391,8791,619,1780650000,https://www.bilibili.com/video/BV1um7665EHP,http://i2.hdslb.com/bfs/archive/4a683ea3a122ada0dd88fb184da7439b6831fdfe.jpg
2026-06-07,2026-06-07 21:57:41,97,BV1TK7S6PESt,116701341420908,全记录！菲律宾防长躲避中方记者进后厨内幕,玉渊谭天,科学科普,知识,201,466,626270,4616,3992,70362,21606,7766,1700,1780729200,https://www.bilibili.com/video/BV1TK7S6PESt,http://i0.hdslb.com/bfs/archive/4f11eda2d2c34ea69bc20938c15ebcc0e4b3affc.jpg
2026-06-07,2026-06-07 21:57:41,98,BV19J7r6HEV7,116695704276560,咕嘎吃掉了整个幼儿园的伙食,咕咕嘎画,搞笑,娱乐,138,46,1608558,143,1228,120083,6196,17942,3515,1780635229,https://www.bilibili.com/video/BV19J7r6HEV7,http://i0.hdslb.com/bfs/archive/6f27e7f3c76289f0fac5ed16261338d0a6c2d5f2.jpg
2026-06-07,2026-06-07 21:57:41,99,BV1Vq7m6NEN8,116700368408896,【时代少年团】系列纪录片《光辉岁月》——“回南天”,时代少年团,明星综合,明星综合,137,13990,1179730,191472,3406,42037,11874,14232,1762,1780718400,https://www.bilibili.com/video/BV1Vq7m6NEN8,http://i2.hdslb.com/bfs/archive/bc281db3fee5c37911a273d2435afe8e9047405f.jpg
2026-06-07,2026-06-07 21:57:41,100,BV1BQ7r68Ejy,116695553280188,高考加油！！！,青柳尊哉,日常,生活,21,25,418467,5316,2762,161662,12132,11824,3467,1780650000,https://www.bilibili.com/video/BV1BQ7r68Ejy,http://i1.hdslb.com/bfs/archive/d2a9b7766bc4f672f01dd4b2805739df436bfc4b.jpg
2026-06-07,2026-06-07 22:57:48,1,BV15C7k6REKC,116697197451293,公测定档7月 | 《遗忘之海》船员集结摇滚MV「燥」,遗忘之海,GMV,GMV,121,205,6439020,1363,2395,120435,85832,83209,4578,1780711200,https://www.bilibili.com/video/BV15C7k6REKC,http://i0.hdslb.com/bfs/archive/bef8db958217ad42ed011f4bf5d5d6c1cf3a4bad.jpg
2026-06-07,2026-06-07 22:57:48,2,BV17GEP6xEDW,116692348832614,新三国up锐评楚汉传奇01：是不是我打开的方式不太对？,吃蛋挞的折棒,影视杂谈,影视,182,1348,1553427,20118,11601,135205,129877,28181,10496,1780624800,https://www.bilibili.com/video/BV17GEP6xEDW,http://i2.hdslb.com/bfs/archive/4e5cd47c8551d2b66643e2800041b7ec2d3bf729.jpg
2026-06-07,2026-06-07 22:57:48,3,BV1cu7r6FEPd,116696023045705,英国，沦为印度殖民地,平原公子,日常,生活,21,463,3079995,12730,8788,200609,8803,21766,19891,1780640137,https://www.bilibili.com/video/BV1cu7r6FEPd,http://i1.hdslb.com/bfs/archive/95ba7fb80bc2a46fc2c8f7ff69a08c57c40ef914.jpg
2026-06-07,2026-06-07 22:57:48,4,BV1WY7U6dEJ5,116699814693875,【微电影】人类文明的最后一届高考,最后讲述者,鬼畜剧场,鬼畜剧场,216,263,2120057,2793,5798,170922,19415,38354,8971,1780709400,https://www.bilibili.com/video/BV1WY7U6dEJ5,http://i2.hdslb.com/bfs/archive/40a717d48c3dbeb9559b00a07a88af6cfd5181fb.jpg
2026-06-07,2026-06-07 22:57:48,5,BV19ZEF6MEBV,116690117464228,人在干坏事的时候是不怕苦不怕累的,我是易拉爆,日常,生活,21,309,2149528,1435,4039,204134,15140,30449,15135,1780550100,https://www.bilibili.com/video/BV19ZEF6MEBV,http://i2.hdslb.com/bfs/archive/5a3e59dd5183e87d69b1ad3224466b821bf05e23.jpg
2026-06-07,2026-06-07 22:57:48,6,BV1wEEc6REms,116692097238799,城市大富翁（5）,雨哥到处跑,日常,生活,21,3846,1714448,38714,5162,147548,117724,39761,5102,1780628700,https://www.bilibili.com/video/BV1wEEc6REms,http://i1.hdslb.com/bfs/archive/8628e50dc2e56aec5815c8e3f665d304cfe23d80.jpg
2026-06-07,2026-06-07 22:57:48,7,BV1Qi7f6eE59,116690805395451,致敬每一个心中有花，努力奔跑的人,爱画画的子衿,亲子,生活,254,313,1720703,3421,3620,234678,118335,15619,3762,1780561800,https://www.bilibili.com/video/BV1Qi7f6eE59,http://i1.hdslb.com/bfs/archive/2c9cc3dd70d264a8473e46b8bebaad7db4d6ef2c.jpg
2026-06-07,2026-06-07 22:57:48,8,BV1rg7C6TEUm,116696912369911,一句“一氧化二氢”能钓出多少“读稿机”？,中国食品报融媒体,科学科普,知识,201,291,4519588,6304,21478,190639,14653,23531,15516,1780653928,https://www.bilibili.com/video/BV1rg7C6TEUm,http://i1.hdslb.com/bfs/archive/1081ed32a36e81bee443915a997ed5f2bd56badd.jpg
2026-06-07,2026-06-07 22:57:48,9,BV13s7z63EjV,116695016477738,《绝区零》3.0新地块实机演示,绝区零,手机游戏,游戏,172,599,1447229,9388,13665,125417,58498,22416,24948,1780624803,https://www.bilibili.com/video/BV13s7z63EjV,http://i0.hdslb.com/bfs/archive/ac132a13aed30f0b83ff50dfb56d83e2e518206a.jpg
2026-06-07,2026-06-07 22:57:48,10,BV1w6EF6QEjZ,116690033778619,不看后悔！史上最神人店家！,转生成为毛毛,美食侦探,美食,212,186,3414961,4012,9164,176250,5002,29741,14842,1780563600,https://www.bilibili.com/video/BV1w6EF6QEjZ,http://i1.hdslb.com/bfs/archive/07cb98d8f59285212c90c7646739a87803bf06c0.jpg
2026-06-07,2026-06-07 22:57:48,11,BV1T9Vm6UE2N,116684681647760,《古剑》3分钟战斗实机 | 线下试玩招募开启,古剑,单机游戏,游戏,17,168,5034385,3525,10043,95827,53597,34176,22673,1780698215,https://www.bilibili.com/video/BV1T9Vm6UE2N,http://i0.hdslb.com/bfs/archive/d18a0e2a80905c1a2bfe0d000c3ca47aa1548899.jpg
2026-06-07,2026-06-07 22:57:48,12,BV1Uj7k6VEPU,116697432395968,信 |《归唐》19分钟完整实机演示,归唐,单机游戏,游戏,17,1167,5732938,18649,26940,109037,35740,21416,47777,1780791300,https://www.bilibili.com/video/BV1Uj7k6VEPU,http://i1.hdslb.com/bfs/archive/73972f02b3d2a52c97a1ec81e53403fef6160006.jpg
2026-06-07,2026-06-07 22:57:48,13,BV16w7D6RERW,116700921988742,007看后:追逐战？,MEspace天植,绘画,绘画,162,49,2577066,262,1056,251568,23645,43268,2192,1780714922,https://www.bilibili.com/video/BV16w7D6RERW,http://i2.hdslb.com/bfs/archive/f35dab38094910739815ae6424bcceee9316f8f7.jpg
2026-06-07,2026-06-07 22:57:48,14,BV1uXEA6gEMu,116692567070822,“别着急，我来给你补充「偶！像！能！量！」”,小耗owo,手机游戏,游戏,172,80,1184080,909,2484,234833,16068,53070,10838,1780624800,https://www.bilibili.com/video/BV1uXEA6gEMu,http://i1.hdslb.com/bfs/archive/64822f49e99e9fb8b41ba5e0f9e06f48d4b76446.jpg
2026-06-07,2026-06-07 22:57:48,15,BV1df7r6REpB,116695469463690,如何在家制造浓汤宝,嘤武罗,日常,生活,21,501,4685049,3564,3279,181255,45510,44551,2714,1780650000,https://www.bilibili.com/video/BV1df7r6REpB,http://i2.hdslb.com/bfs/archive/94c85d2ebad9002fcbad0c7ef2f3c8a3f1ec6768.jpg
2026-06-07,2026-06-07 22:57:48,16,BV1pDV86oE6S,116657217344637,热烈欢迎薛凯琪！工作之余，Fiona会带哪些让自己感到快乐的东西呢～（录完这期脑海里都是Fifi的笑声,papi酱,短片,动画,256,2017,1351395,11391,4820,134864,52916,16836,7628,1780632000,https://www.bilibili.com/video/BV1pDV86oE6S,http://i2.hdslb.com/bfs/archive/032f4048d6f94c465fc10972289999cf79f2572f.jpg
2026-06-07,2026-06-07 22:57:48,17,BV1ZREP6dEcU,116693758117714,扫落叶全清洁100%速通39分03秒leaf it alone,闲云豹,单机游戏,游戏,17,2367,1528644,1713,2451,134347,13906,28660,5504,1780605809,https://www.bilibili.com/video/BV1ZREP6dEcU,http://i1.hdslb.com/bfs/archive/310db23466f62e9399f25f92c8d2b0af953476d6.jpg
2026-06-07,2026-06-07 22:57:48,18,BV1xU7f6xEjt,116690939546284,CF单机叙事续作——《穿越火线：潜伏》实机首曝,穿越火线潜伏,单机游戏,游戏,17,308,5338599,1774,5694,124561,7228,25233,13858,1780696800,https://www.bilibili.com/video/BV1xU7f6xEjt,http://i0.hdslb.com/bfs/archive/140a4abb0c80a2aa1e7cb7126c978567b667ed12.jpg
2026-06-07,2026-06-07 22:57:48,19,BV15v7S65EWD,116701022717876,挑战给历史故事打tag（标签）,混饭达人,娱乐杂谈,娱乐杂谈,241,77,3057487,2627,2328,241233,5296,28058,14489,1780716510,https://www.bilibili.com/video/BV15v7S65EWD,http://i2.hdslb.com/bfs/archive/1845b193e356ee0f6b686419e20cc96fe1678367.jpg
2026-06-07,2026-06-07 22:57:48,20,BV1xR7S6hEkB,116700804683368,菲比：就你们寝室最吵！！,Lm海洋,音乐综合,音乐,130,262,995561,675,3520,81485,59172,35974,12896,1780713190,https://www.bilibili.com/video/BV1xR7S6hEkB,http://i1.hdslb.com/bfs/archive/348cd3608f962369b093721ee90e2515a127a833.jpg
2026-06-07,2026-06-07 22:57:48,21,BV168796PEv1,116685839403735,如此仙音唯有挠臭,lulu和露爸,喵星人,喵星人,218,26,4987870,18241,5956,624318,18055,121662,26531,1780484850,https://www.bilibili.com/video/BV168796PEv1,http://i1.hdslb.com/bfs/archive/87f3ce4876a2e50e34a2c1b24dfe10ae34700a55.jpg
2026-06-07,2026-06-07 22:57:48,22,BV1uX7k6UENx,116696761239484,巨构：没有告别,巨构ai,网络游戏,游戏,65,19,2864630,5726,7344,460511,22816,155449,6891,1780651506,https://www.bilibili.com/video/BV1uX7k6UENx,http://i0.hdslb.com/bfs/archive/1422e60b2923b373953bd4ce6433b6f0e91f9501.jpg
2026-06-07,2026-06-07 22:57:48,23,BV15iEc6VEfH,116691577216788,路边一块，也能变废为宝，雕刻出大家想要的题材我不知道什么时候天才会亮，但我知道，跑着跑着，天就亮了。,小梨家的和田玉,手工,生活,161,220,6085711,3975,11836,232048,8011,22344,3792,1780572193,https://www.bilibili.com/video/BV15iEc6VEfH,http://i2.hdslb.com/bfs/archive/c1597efe82d66a7f728f8bdd84505eff4b7f5ac9.jpg
2026-06-07,2026-06-07 22:57:48,24,BV1s7V46XEix,116655590017716,评论区摄影大赛之火遍全网的佳作篇，本期有锐评系列也有破败与新生佳作，欢迎投稿好的作品会让更多人看到。,摄影恩哥,日常,生活,21,124,4777837,1775,9449,304529,2114,23228,945,1780738200,https://www.bilibili.com/video/BV1s7V46XEix,http://i1.hdslb.com/bfs/archive/58aada2ca9cd83b3f4d86b331759b2c832c8bcb4.jpg
2026-06-07,2026-06-07 22:57:48,25,BV1gsEw6zExs,116691040208641,你的高考/中考/期末考belike,哈基mer-猫meme,搞笑,娱乐,138,22,876183,30472,2544,294060,31888,59959,5462,1780564012,https://www.bilibili.com/video/BV1gsEw6zExs,http://i2.hdslb.com/bfs/archive/4f76f8d127f1c6d5a990c89a161f10356e783cd4.jpg
2026-06-07,2026-06-07 22:57:48,26,BV1gWEw6gE4X,116691056987748,“这种没流量的画画最狠了”,像风如你o_O,日常,生活,21,25,2258897,686,3333,277470,7660,23765,1113,1780564358,https://www.bilibili.com/video/BV1gWEw6gE4X,http://i0.hdslb.com/bfs/archive/96621cf035234fbf3c3d6f498d6f4d5eae388c12.jpg
2026-06-07,2026-06-07 22:57:48,27,BV1GHEw6rEo4,116691140875979,无能的杰哥,神威-狗剩,影视剪辑,影视,183,154,2805151,1882,3787,137156,8184,25280,27565,1780565876,https://www.bilibili.com/video/BV1GHEw6rEo4,http://i2.hdslb.com/bfs/archive/0814d03bdf68a6a83cba4b8ba18fa6d58d6de912.jpg
2026-06-07,2026-06-07 22:57:48,28,BV1PP7C63E2J,116696710912022,《师》我回母校当老师,阿廖沙别害怕_,搞笑,娱乐,138,296,1868620,505,1069,174143,4630,13797,604,1780650587,https://www.bilibili.com/video/BV1PP7C63E2J,http://i0.hdslb.com/bfs/archive/b04455fde128b88ff0a92e264778512242510bc9.jpg
2026-06-07,2026-06-07 22:57:48,29,BV1TR766zEvE,116695972714489,在沙漠里种了1800万棵树，然后呢？,影视飓风,娱乐粉丝创作,娱乐,242,756,2885648,9910,2818,148408,55771,25803,2483,1780650000,https://www.bilibili.com/video/BV1TR766zEvE,http://i1.hdslb.com/bfs/archive/af434541e40c0402ac850fc6783faa3ed5bfdda9.jpg
2026-06-07,2026-06-07 22:57:48,30,BV1WT7C6uEj8,116696878749194,猫 咪 的 花 语 是 老 吴🎵,幾加乘,同人·手书,动画,47,259,1626122,1645,3193,118148,17844,24865,10752,1780653131,https://www.bilibili.com/video/BV1WT7C6uEj8,http://i0.hdslb.com/bfs/archive/ad354ddb8c2e2bf697327dc182835b3d6014f4b1.jpg
2026-06-07,2026-06-07 22:57:48,31,BV1wE7m67EAF,116700569671653,“我在成华大道「拼接遗憾」”,Dieorite,人力VOCALOID,人力VOCALOID,126,116,659101,2898,1621,147099,31201,41919,2433,1780709690,https://www.bilibili.com/video/BV1wE7m67EAF,http://i1.hdslb.com/bfs/archive/b7a88bfce9322211ddb670d69d549967dba6591e.jpg
2026-06-07,2026-06-07 22:57:48,32,BV1pW7Q68Emz,116702180348281,这期谁能绷住,呱唧菌,搞笑,娱乐,138,339,1384519,1871,1393,130837,6370,22510,1837,1780741800,https://www.bilibili.com/video/BV1pW7Q68Emz,http://i2.hdslb.com/bfs/archive/5ae6e1d11721490eb4a17034e97a4c36afdca5f0.jpg
2026-06-07,2026-06-07 22:57:48,33,BV1Ja7k6AE1b,116697063235411,我又给花朵加了个开关！,是玉木呀,设计·创意,设计·创意,229,104,1034833,543,869,165395,18976,33344,3409,1780656042,https://www.bilibili.com/video/BV1Ja7k6AE1b,http://i0.hdslb.com/bfs/archive/c05470a618fc67ee60cb9df153eb5ad6d3c8ce08.jpg
2026-06-07,2026-06-07 22:57:48,34,BV1kCVU65ERM,116669112386149,初中生斗胆跳一段jam,特崮斯,篮球,运动,235,45,6645378,10476,18801,1268541,207706,134629,19940,1780229707,https://www.bilibili.com/video/BV1kCVU65ERM,http://i1.hdslb.com/bfs/archive/5871a66dc8e356ff71da4a6d99d5922b4a6a3fce.jpg
2026-06-07,2026-06-07 22:57:48,35,BV1Qt7X61Enn,116686241993999,百万英镑，但素质过低,青时晚,影视剪辑,影视,183,174,2366459,2008,2493,141527,11389,35962,14246,1780490956,https://www.bilibili.com/video/BV1Qt7X61Enn,http://i0.hdslb.com/bfs/archive/1573985b4950f4d1001b3a21a50adab722b0a0f1.jpg
2026-06-07,2026-06-07 22:57:48,36,BV1bV7k6LExn,116697264560365,再见！一系列！高考必胜！,一数,校园学习,知识,208,193,907492,29531,15308,85793,33249,17808,5733,1780659292,https://www.bilibili.com/video/BV1bV7k6LExn,http://i2.hdslb.com/bfs/archive/5df66240b2b71ca2bc6ce697e929657b1b1df5a4.jpg
2026-06-07,2026-06-07 22:57:48,37,BV1UV7k6LEUG,116697264627213,航天会刷典狱长？！【三角洲动画】,手折余弦丶,电子竞技,游戏,171,300,1236759,1375,1557,103534,11668,26213,3161,1780659017,https://www.bilibili.com/video/BV1UV7k6LEUG,http://i0.hdslb.com/bfs/archive/eb575db6391346950b2623259e6c0c6469239e03.jpg
2026-06-07,2026-06-07 22:57:48,38,BV1um7665EpW,116696325033820,讷,水生植物人owo,日常,生活,21,16,1289906,929,7103,186390,4903,48592,17238,1780644714,https://www.bilibili.com/video/BV1um7665EpW,http://i2.hdslb.com/bfs/archive/ce971f171b1f22d061819b3fea882f5d4af2a608.jpg
2026-06-07,2026-06-07 22:57:48,39,BV1hG7y69Ej2,116698036313694,史上最骚特工(第二集),老番茄,单机游戏,游戏,17,842,2203520,3195,1741,131685,42634,36961,2195,1780716600,https://www.bilibili.com/video/BV1hG7y69Ej2,http://i2.hdslb.com/bfs/archive/c4778bfde8d395e0f91e2f746393736302e8205c.jpg
2026-06-07,2026-06-07 22:57:48,40,BV16DVz6UE77,116679229180052,如何拍出电影感大片,喜欢拍照的皮皮,日常,生活,21,60,3936835,364,2361,368204,13214,108479,8921,1780384052,https://www.bilibili.com/video/BV16DVz6UE77,http://i1.hdslb.com/bfs/archive/82ba23d6fb45244f769f8f127cfbe2f51afe67c8.jpg
2026-06-07,2026-06-07 22:57:48,41,BV1vR7D6JEEm,116702566223209,全球吃席！自驾巴尔干婚礼，吃欧洲乡村大席,食贫道,日常,生活,21,3274,1112684,7521,1590,105830,38765,13872,1162,1780741089,https://www.bilibili.com/video/BV1vR7D6JEEm,http://i2.hdslb.com/bfs/archive/b23120503d27e3049c25e887901c19df17a98fe1.jpg
2026-06-07,2026-06-07 22:57:48,42,BV1jeEc6yE75,116691593992011,《你说谁错谁就错，因为你开迈巴赫》,嘞是唐孃孃,搞笑,娱乐,138,34,3172217,178,1996,239307,3263,16170,1303,1780572588,https://www.bilibili.com/video/BV1jeEc6yE75,http://i0.hdslb.com/bfs/archive/cc74080d84744d7622f9f9dd492a1583e00aaed7.jpg
2026-06-07,2026-06-07 22:57:48,43,BV1vEEP6HEFw,116692281789801,2025年出货量370万台！激光雷达真成“安全气囊”了？,保镖的车库,新能源车,新能源车,247,606,1956206,605,839,116225,3202,11832,438,1780653900,https://www.bilibili.com/video/BV1vEEP6HEFw,http://i1.hdslb.com/bfs/archive/76872e6b743f73527ee70c89a75c39214a868540.jpg
2026-06-07,2026-06-07 22:57:48,44,BV17q7y6qEeG,116697767874225,当代牢大学生论文现状belike：,黑曼波语录,鬼畜调教,鬼畜,22,78,1593707,246,1870,119805,4024,81285,9362,1780716900,https://www.bilibili.com/video/BV17q7y6qEeG,http://i2.hdslb.com/bfs/archive/a42866374c2dd87fd5093121386c1dd1372e10a6.jpg
2026-06-07,2026-06-07 22:57:48,45,BV19N7y6bE1e,116698455803490,全体起立鼓掌！人类发现了治癌症的新药！🤯,蜗牛的科技笔记,软件应用,软件应用,230,115,1402983,1210,6530,130554,5268,21754,9188,1780677279,https://www.bilibili.com/video/BV19N7y6bE1e,http://i2.hdslb.com/bfs/archive/3b5f57bbd2f68b33097261f34d0cbb700b9439ce.jpg
2026-06-07,2026-06-07 22:57:48,46,BV1LR7D6JEV7,116702566156828,Re：佩恩从零开始的异世界生活！！！【水门篇】,-夏秋冬-,综合,综合,27,416,998452,1457,3357,71077,24727,20635,4092,1780740005,https://www.bilibili.com/video/BV1LR7D6JEV7,http://i0.hdslb.com/bfs/archive/bb4c488614d181445341190010ddfd29eae8cfb7.jpg
2026-06-07,2026-06-07 22:57:48,47,BV1dY7Q6pEQZ,116701878291791,千里奔赴只为弥补40年前的遗憾,赛亚人阿廖,出行,生活,250,246,951187,1856,1523,116700,30817,12216,407,1780729530,https://www.bilibili.com/video/BV1dY7Q6pEQZ,http://i0.hdslb.com/bfs/archive/5f9f719eb1fb6326b0a2eabe298cd1484afab3e6.jpg
2026-06-07,2026-06-07 22:57:48,48,BV1EwEF62EhA,116690721443492,当校长挑选教室地板时,Cheems电玩屋,日常,生活,21,18,5005051,817,4906,202221,1000,7627,503,1780559484,https://www.bilibili.com/video/BV1EwEF62EhA,http://i0.hdslb.com/bfs/archive/8916553504d48aec3ba5ad2bdfeec5fcf7eefc1c.jpg
2026-06-07,2026-06-07 22:57:48,49,BV1R7Ew65ERR,116691124229360,当爸爸找亲戚买手机,刘鸿哥哥,小剧场,娱乐,85,119,2412050,979,3027,163531,1472,8835,1765,1780565630,https://www.bilibili.com/video/BV1R7Ew65ERR,http://i0.hdslb.com/bfs/archive/5e4feb10a7cf9e178bf7e9a619d62843bc5ae8b2.jpg
2026-06-07,2026-06-07 22:57:48,50,BV1yo7B68EHX,116695117207554,《鸣潮》×《赛博朋克：边缘行者》共鸣者战斗演示 | 露西,鸣潮,单机游戏,游戏,17,283,2276897,2445,8300,78746,24219,13782,14884,1780628400,https://www.bilibili.com/video/BV1yo7B68EHX,http://i2.hdslb.com/bfs/archive/61426f2876187b9326f1b732fdea7044e08d7ea3.jpg
2026-06-07,2026-06-07 22:57:48,51,BV1jz7k6tEkL,116696979347018,教程来啦兄弟们 拍起来,是柳宗元,电子竞技,游戏,171,46,2266891,189,902,171790,2943,26131,1382,1780654702,https://www.bilibili.com/video/BV1jz7k6tEkL,http://i0.hdslb.com/bfs/archive/becaa38ea9e7437bed18411340db6d5da7f4cd54.jpg
2026-06-07,2026-06-07 22:57:48,52,BV12R7Q6MEJX,116686543914174,你说你有点难追～,未知艺术家_611,搞笑,娱乐,138,30,2843324,239,2038,254932,3131,27121,3976,1780495648,https://www.bilibili.com/video/BV12R7Q6MEJX,http://i2.hdslb.com/bfs/archive/aeaf33a25e079b26433a425ee56ac24f566861d7.jpg
2026-06-07,2026-06-07 22:57:48,53,BV16kV26TES7,116685470175022,当父母说出了正确答案：,进击的金厂长,搞笑,娱乐,138,129,6290100,2487,2504,413402,151538,197349,3327,1780479155,https://www.bilibili.com/video/BV16kV26TES7,http://i0.hdslb.com/bfs/archive/982b25c4ef21fb08f77ae933c89f4b99d5b0c86a.jpg
2026-06-07,2026-06-07 22:57:48,54,BV1VD726iE1t,116698791282580,《猴王出事》,伤心欲茄222,搞笑,娱乐,138,103,2229876,1180,3535,159953,6130,8255,5718,1780718400,https://www.bilibili.com/video/BV1VD726iE1t,http://i1.hdslb.com/bfs/archive/2fa41f4d1af95817e553d8fd8c6eeb7fc16a9d82.jpg
2026-06-07,2026-06-07 22:57:48,55,BV15z766SE1A,116696341812776,假如高考什么都可以带,小安苒AIGC,校园学习,知识,208,177,2378502,2895,2716,101217,2357,7869,1903,1780646400,https://www.bilibili.com/video/BV15z766SE1A,http://i2.hdslb.com/bfs/archive/ed743a6a86446310a9957bce92faa671a082a6d8.jpg
2026-06-07,2026-06-07 22:57:48,56,BV1tV7k6LEyH,116697264556028,你或许不认识我 但我唱的歌你或许？？听过？,喵☆酱,翻唱,音乐,31,443,557873,5368,2408,114797,7561,16897,1270,1780659262,https://www.bilibili.com/video/BV1tV7k6LEyH,http://i1.hdslb.com/bfs/archive/f27fa302b117dedb6f353c75770d440ca8982c33.jpg
2026-06-07,2026-06-07 22:57:48,57,BV13HEw6rEhc,116691140873202,接龙游戏开发，但都绷住了,M木糖M,单机游戏,游戏,17,933,1618684,1532,1018,80454,11449,14982,1347,1780630200,https://www.bilibili.com/video/BV13HEw6rEhc,http://i2.hdslb.com/bfs/archive/1083ae38f0917802668505e94ed2fe06226cc58b.jpg
2026-06-07,2026-06-07 22:57:48,58,BV1xZ7k6LESp,116696778084201,“哎呀 我们的主角倒下啦～”,西门小昭,综合,综合,27,30,757515,124,1108,145173,10153,58320,2626,1780655400,https://www.bilibili.com/video/BV1xZ7k6LESp,http://i2.hdslb.com/bfs/archive/2c5c6c548ed488771077293e2f7bfcfb435e4744.jpg
2026-06-07,2026-06-07 22:57:48,59,BV1W6VZ6MEbd,116674313328609,🍄欠揍气球🍄,纸片马力欧,日常,生活,21,40,4561862,6679,10591,526377,41833,280596,79629,1780309043,https://www.bilibili.com/video/BV1W6VZ6MEbd,http://i0.hdslb.com/bfs/archive/3d18bae01c4fc365d9e7e0ede5efb926e32115ad.jpg
2026-06-07,2026-06-07 22:57:48,60,BV1Jj7C6AEPq,116696845193451,是我还不够好,怎么转身又是,MMD·3D,动画,25,67,1717207,4241,6571,172556,8788,42221,25976,1780652794,https://www.bilibili.com/video/BV1Jj7C6AEPq,http://i0.hdslb.com/bfs/archive/c261bcb22b8b34b31c0d9cb2e04b0a49a318b123.jpg
2026-06-07,2026-06-07 22:57:48,61,BV1yiEF6WErx,116690419585062,奶香馒头,夏叔厨房,美食制作,美食,76,76,1748514,952,7415,223148,7759,19746,1157,1780554601,https://www.bilibili.com/video/BV1yiEF6WErx,http://i1.hdslb.com/bfs/archive/82992eb9cddf1a5a5e5e77e481db8626c6005de9.jpg
2026-06-07,2026-06-07 22:57:48,62,BV1sC7R6VEF3,116687181451048,【侯绿萝】视频加载中，速速查收惊喜！,侯绿萝,小剧场,娱乐,85,233,1962545,1568,1441,186467,10934,15555,1884,1780538400,https://www.bilibili.com/video/BV1sC7R6VEF3,http://i0.hdslb.com/bfs/archive/e40df1469a3bc68659f30a77b0e0801ae88938bb.jpg
2026-06-07,2026-06-07 22:57:48,63,BV1JAEw69EUS,116691342200777,生完宝宝之后我再也不敢得罪我老公了，因为……,笑哥走丢了a,亲子,生活,254,89,2313800,900,7216,177671,3369,8960,2022,1780568869,https://www.bilibili.com/video/BV1JAEw69EUS,http://i2.hdslb.com/bfs/archive/2496ecbfca22198efdffe5b1855ea840b90edb2a.jpg
2026-06-07,2026-06-07 22:57:48,64,BV1uX7k6UEPn,116696761239539,把硬装的喊过来！,脱缰凯Kk,小剧场,娱乐,85,219,1309849,1618,1658,95941,3101,10108,671,1780651876,https://www.bilibili.com/video/BV1uX7k6UEPn,http://i1.hdslb.com/bfs/archive/1a5306b127f7814fe75bc726966f0f675fcb7e33.jpg
2026-06-07,2026-06-07 22:57:48,65,BV15W7C6tEyc,116696425766532,送你一片夕阳！,困雀雀,仿妆cos,时尚,252,36,561257,142,2265,165277,8859,29885,2618,1780646468,https://www.bilibili.com/video/BV15W7C6tEyc,http://i2.hdslb.com/bfs/archive/86973af2078693bfe5fc81d4dae783648e7fb904.jpg
2026-06-07,2026-06-07 22:57:48,66,BV1Zj7C6wEJY,116696845125445,织棉为布，非遗土布。用千年蓝染，重现极致的东方浪漫,花木紫Huamuz,手工,生活,161,401,1173894,1669,2518,93949,8833,9285,696,1780652882,https://www.bilibili.com/video/BV1Zj7C6wEJY,http://i0.hdslb.com/bfs/archive/753a39454d2f1455af84effb021941e20ad4c2c7.jpg
2026-06-07,2026-06-07 22:57:48,67,BV1L7Ew65ETv,116691124098703,我养护的石拱桥，已经被国家收录为不可移动文物！,抓紧长长长呀,三农,生活,251,604,1871637,1121,2129,126783,7273,9798,483,1780565746,https://www.bilibili.com/video/BV1L7Ew65ETv,http://i1.hdslb.com/bfs/archive/56f52737bc566db19c5316ccdcc3b87cc81709e0.jpg
2026-06-07,2026-06-07 22:57:48,68,BV1nWVm6uEqb,116685285624503,我吃牛瘪火锅 结果买错牛胃了,张离谱Dreams,搞笑,娱乐,138,97,2884027,1451,3819,185625,3566,52715,13783,1780476405,https://www.bilibili.com/video/BV1nWVm6uEqb,http://i0.hdslb.com/bfs/archive/6f4f02f224993a1933f3e515e84d84edb5ca3808.jpg
2026-06-07,2026-06-07 22:57:48,69,BV1XEV26XEsz,116683641455201,冠以破碎之名：第一集 冰潮寒雨之夏,Xavier_白昼,综合,综合,27,1106,1389070,1850,2473,105066,22579,64986,3594,1780451269,https://www.bilibili.com/video/BV1XEV26XEsz,http://i0.hdslb.com/bfs/archive/edb3c2a03146bbc3390581aa30c41b8e3c3ab846.jpg
2026-06-07,2026-06-07 22:57:48,70,BV17z7y6KEVT,116697751096214,可爱的安魂曲~,徐大花xudahua,手工,生活,161,158,1395482,337,1313,95103,5858,13289,2141,1780718400,https://www.bilibili.com/video/BV17z7y6KEVT,http://i2.hdslb.com/bfs/archive/2fbc38542399965a708c159f85533b4f5065fe8c.jpg
2026-06-07,2026-06-07 22:57:48,71,BV1Xa7m6qEm7,116700217347938,意识深渊：我真的存在吗？,大圆镜科普,科学科普,知识,201,484,863564,1262,1922,80044,2625,15179,1368,1780704207,https://www.bilibili.com/video/BV1Xa7m6qEm7,http://i1.hdslb.com/bfs/archive/2d760490c4cfbae1c3b9168320f075ace66ad15a.jpg
2026-06-07,2026-06-07 22:57:48,72,BV1DB7f6AEBK,116690989942959,最 不 物 质 之 人,张八筒筒,日常,生活,21,127,2705470,935,960,171153,1604,9065,882,1780563943,https://www.bilibili.com/video/BV1DB7f6AEBK,http://i1.hdslb.com/bfs/archive/612e05a8e02454bd4e3723991d4808f061b1c188.jpg
2026-06-07,2026-06-07 22:57:48,73,BV1yk7X6KEz4,116686023891513,2高中生屠杀同学，造成13人死亡后自杀，开启美国校园枪击案先河：科伦拜恩枪击案,捕月说,人文历史,知识,228,733,2081629,855,703,73160,558,10257,352,1780654200,https://www.bilibili.com/video/BV1yk7X6KEz4,http://i2.hdslb.com/bfs/archive/b52e8d555de710438989ea0831c1fa8211fbe67d.jpg
2026-06-07,2026-06-07 22:57:48,74,BV1MtEF6fEga,116690436233152,全国男生统一迷惑行为,王小洋-已黑化,日常,生活,21,446,1080917,3208,2203,87709,2035,16492,2436,1780567200,https://www.bilibili.com/video/BV1MtEF6fEga,http://i1.hdslb.com/bfs/archive/696e0beeae3b0520b2aeae3a4aa24c0eeb689fcd.jpg
2026-06-07,2026-06-07 22:57:48,75,BV1YV7U6zEps,116699697254319,小登VS老登,灼眼的SABER哒,同人·手书,动画,47,63,948514,440,2457,122482,10261,40959,9807,1780718400,https://www.bilibili.com/video/BV1YV7U6zEps,http://i0.hdslb.com/bfs/archive/dce2758cd8546e893008888b88f215364194d4a7.jpg
2026-06-07,2026-06-07 22:57:48,76,BV19J7r6HESb,116695704274527,【抱佛脚】高考语文！选择题？最后一课！,学过石油的语文老师,校园学习,知识,208,1200,879081,37008,11356,41903,16854,20387,4080,1780660800,https://www.bilibili.com/video/BV19J7r6HESb,http://i0.hdslb.com/bfs/archive/f8d05a7621ff85694f1ddb7ac6c3c775b0e01965.jpg
2026-06-07,2026-06-07 22:57:48,77,BV1yc7r6vE1C,116695905734805,关于我18岁为什么不去参加高考,我不是赤寒,日常,生活,21,126,1117594,1474,6292,124301,6516,13420,1770,1780638439,https://www.bilibili.com/video/BV1yc7r6vE1C,http://i1.hdslb.com/bfs/archive/294ac25c415d3dcaf5c46bbc02fb5df23da86784.jpg
2026-06-07,2026-06-07 22:57:48,78,BV1kv7262EyU,116698623578210,公司给粉丝安排了30万的水上宫殿...,飓多多StormCrew,日常,生活,21,852,1514279,3440,2300,77750,17762,16100,1720,1780714800,https://www.bilibili.com/video/BV1kv7262EyU,http://i2.hdslb.com/bfs/archive/a59944bd6ce91c0bbc28d8c8b560e8b73c31e976.jpg
2026-06-07,2026-06-07 22:57:48,79,BV1CQ7o61ERo,116689798764442,人，握爪后就不要放开咯！——《伊莫》握爪测试招募开启,伊莫,手机游戏,游戏,172,119,2832757,704,2833,73768,35784,34817,22466,1780797600,https://www.bilibili.com/video/BV1CQ7o61ERo,http://i0.hdslb.com/bfs/archive/06bcb84e42974283a3ade3bf6fbee2302b4b4d96.jpg
2026-06-07,2026-06-07 22:57:48,80,BV1JKEw6QEw9,116691509970719,我读了你们的评论 把阎王召唤出来了T_T,汤木檀泽,日常,生活,21,959,1959258,1530,1663,119406,7048,19080,568,1780571268,https://www.bilibili.com/video/BV1JKEw6QEw9,http://i1.hdslb.com/bfs/archive/0b6c7ccb214b6211a4cf9a8741eb473536e42587.jpg
2026-06-07,2026-06-07 22:57:48,81,BV15d7D6UE4i,116702549379788,世界杯期间不抓移民？那这世界杯不是白办了吗,麻薯波比呀,社科·法律·心理,知识,124,995,1278382,6204,2895,78188,10928,8917,1779,1780740025,https://www.bilibili.com/video/BV15d7D6UE4i,http://i2.hdslb.com/bfs/archive/91940674117acf43b95f7a6e2e7ab686470cc3ea.jpg
2026-06-07,2026-06-07 22:57:48,82,BV1usEw6zEiy,116691040210390,【餐馆TV】UP今天发烧了……作品会不会受影响啊,大乾乾是顾乾宇,小剧场,娱乐,85,141,1010582,1959,2884,114201,3662,13921,8045,1780564633,https://www.bilibili.com/video/BV1usEw6zEiy,http://i1.hdslb.com/bfs/archive/6d69be5e1f22dec4058e90f795df2ff7c21e4a91.jpg
2026-06-07,2026-06-07 22:57:48,83,BV1q1Vy64EqA,116682450274928,给朋友做的一本翻翻乐,花颜和鸣,日常,生活,21,70,620878,955,2448,146864,12103,19801,954,1780589700,https://www.bilibili.com/video/BV1q1Vy64EqA,http://i0.hdslb.com/bfs/archive/b6ed86d5a0591cf027f6b65a4770f1c9656617d7.jpg
2026-06-07,2026-06-07 22:57:48,84,BV1YVEn6fEmZ,116703304356999,那天真有其他人在场，但我没法证明。,何大爷课堂,人文历史,知识,228,123,1427366,296,2004,112045,2303,9986,835,1780751375,https://www.bilibili.com/video/BV1YVEn6fEmZ,http://i1.hdslb.com/bfs/archive/36a36b65d7a5cdced8c027e2371074acb5dd204b.jpg
2026-06-07,2026-06-07 22:57:48,85,BV1Bm7U6jEDZ,116701542815709,《爱，你》,是许木木啊,日常,生活,21,1043,838060,5177,4062,88591,11126,22040,1516,1780738200,https://www.bilibili.com/video/BV1Bm7U6jEDZ,http://i0.hdslb.com/bfs/archive/fd7de4f643c70f1117b5d4f7ef9d1878ffc094bd.jpg
2026-06-07,2026-06-07 22:57:48,86,BV1bwV161Er2,116684413209270,【aespa】LEMONNNN,aespa,音乐综合,音乐,130,11,6999134,13640,27483,134278,32239,15879,9460,1780475400,https://www.bilibili.com/video/BV1bwV161Er2,http://i1.hdslb.com/bfs/archive/1e63fbee388c793dc0403c872eefb52a8d7d8615.jpg
2026-06-07,2026-06-07 22:57:48,87,BV1n17D6xEX2,116702331278408,这就是7JIA最强之人,杨齐家_,单机游戏,游戏,17,1221,2034715,4873,2250,99935,8659,15085,750,1780736508,https://www.bilibili.com/video/BV1n17D6xEX2,http://i1.hdslb.com/bfs/archive/63922fa2e9e8a18b95b8175a3bea61b0779794d1.jpg
2026-06-07,2026-06-07 22:57:48,88,BV1787S6mEV8,116701073053928,这里藏着一群“伪人”,摸鱼佬临风,鬼畜剧场,鬼畜剧场,216,354,317414,394,760,80054,4948,25160,881,1780717427,https://www.bilibili.com/video/BV1787S6mEV8,http://i2.hdslb.com/bfs/archive/d2a4fc8b8017160bc03e17f14d6fbedd690059c1.jpg
2026-06-07,2026-06-07 22:57:48,89,BV1TK7S6PESt,116701341420908,全记录！菲律宾防长躲避中方记者进后厨内幕,玉渊谭天,科学科普,知识,201,466,641786,4728,4059,72005,22225,7964,1749,1780729200,https://www.bilibili.com/video/BV1TK7S6PESt,http://i0.hdslb.com/bfs/archive/4f11eda2d2c34ea69bc20938c15ebcc0e4b3affc.jpg
2026-06-07,2026-06-07 22:57:48,90,BV16sEc6SEwE,116692030070649,班级里的某些努力姐belike：,不懂爱的喵,AI音乐,AI音乐,265,81,2296654,646,4606,133891,667,10639,4636,1780579469,https://www.bilibili.com/video/BV16sEc6SEwE,http://i2.hdslb.com/bfs/archive/711ed87052e442f67c408a6e4e372e876c02a3f0.jpg
2026-06-07,2026-06-07 22:57:48,91,BV1RvVo6QEqo,116674682426936,不儿，你俩来真的啊？！,主持人yoyo酱,搞笑,娱乐,138,265,5996115,17109,12843,719710,540586,131000,15111,1780314627,https://www.bilibili.com/video/BV1RvVo6QEqo,http://i1.hdslb.com/bfs/archive/e8bde3297455f3796e516de2362d5eb1085d9abf.jpg
2026-06-07,2026-06-07 22:57:48,92,BV1Qb7R6XECX,116687064072844,⚡冷 笑 话 大 全 6.0⚡,污污云,鬼畜调教,鬼畜,22,66,1673230,229,1140,120447,2373,48029,6069,1780545600,https://www.bilibili.com/video/BV1Qb7R6XECX,http://i2.hdslb.com/bfs/archive/edf5ec9306bef71931b52d5b0a961e13f1ecc966.jpg
2026-06-07,2026-06-07 22:57:48,93,BV1xdEc6bEcK,116691426088191,肉食脑袋的硬菜局！爆辣猪蹄+火锅鸡泡面香迷糊,方芳的快乐生活,美食侦探,美食,212,1134,1998286,1511,917,86450,10876,14777,3157,1780571551,https://www.bilibili.com/video/BV1xdEc6bEcK,http://i1.hdslb.com/bfs/archive/bdc078c74f5e0987fffca10262d6ced73d562c27.jpg
2026-06-07,2026-06-07 22:57:48,94,BV1jwV663EjR,116679380112598,我的世界杯主题曲！IShowSpeed - World Cup (Champions),ishowspeedsui,竞技体育,运动,236,299,4906494,2590,11356,269078,50218,48380,16059,1780386563,https://www.bilibili.com/video/BV1jwV663EjR,http://i2.hdslb.com/bfs/archive/2807f6a9b9342740dfa8764e7bcc6e231196c94f.jpg
2026-06-07,2026-06-07 22:57:48,95,BV1um7665EHP,116696325033953,谁是猜价超人？,小杨Johnson,搞笑,娱乐,138,621,2081950,1902,680,44902,11464,8826,626,1780650000,https://www.bilibili.com/video/BV1um7665EHP,http://i2.hdslb.com/bfs/archive/4a683ea3a122ada0dd88fb184da7439b6831fdfe.jpg
2026-06-07,2026-06-07 22:57:48,96,BV1VWVz6TELx,116679598147712,星际穿越的我，试图提醒过去的自己....,考研英语大雁,校园学习,知识,208,33,3511013,758,2638,443453,10449,58193,7579,1780389685,https://www.bilibili.com/video/BV1VWVz6TELx,http://i0.hdslb.com/bfs/archive/5822709cbd5c2a8a09fabc50bcfdcfc29859f9a1.jpg
2026-06-07,2026-06-07 22:57:48,97,BV1Vq7m6NEN8,116700368408896,【时代少年团】系列纪录片《光辉岁月》——“回南天”,时代少年团,明星综合,明星综合,137,13990,1203880,195104,3425,42650,12069,14538,1782,1780718400,https://www.bilibili.com/video/BV1Vq7m6NEN8,http://i2.hdslb.com/bfs/archive/bc281db3fee5c37911a273d2435afe8e9047405f.jpg
2026-06-07,2026-06-07 22:57:48,98,BV19J7r6HEV7,116695704276560,咕嘎吃掉了整个幼儿园的伙食,咕咕嘎画,搞笑,娱乐,138,46,1613965,143,1237,120601,6238,18053,3535,1780635229,https://www.bilibili.com/video/BV19J7r6HEV7,http://i0.hdslb.com/bfs/archive/6f27e7f3c76289f0fac5ed16261338d0a6c2d5f2.jpg
2026-06-07,2026-06-07 22:57:48,99,BV1Vz766DE6S,116696342006745,“从来就没有什么意外 ”,DKM莫天行,GMV,GMV,121,142,831009,219,1549,97188,15459,30642,708,1780653600,https://www.bilibili.com/video/BV1Vz766DE6S,http://i1.hdslb.com/bfs/archive/ebae2236febce20da402b0789a87254a40b4e8b8.jpg
2026-06-07,2026-06-07 22:57:48,100,BV1BQ7r68Ejy,116695553280188,高考加油！！！,青柳尊哉,日常,生活,21,25,420725,5346,2768,162444,12211,11908,3484,1780650000,https://www.bilibili.com/video/BV1BQ7r68Ejy,http://i1.hdslb.com/bfs/archive/d2a9b7766bc4f672f01dd4b2805739df436bfc4b.jpg
2026-06-07,2026-06-07 23:57:48,1,BV15C7k6REKC,116697197451293,公测定档7月 | 《遗忘之海》船员集结摇滚MV「燥」,遗忘之海,GMV,GMV,121,205,6611916,1366,2463,126877,85897,83443,4647,1780711200,https://www.bilibili.com/video/BV15C7k6REKC,http://i0.hdslb.com/bfs/archive/bef8db958217ad42ed011f4bf5d5d6c1cf3a4bad.jpg
2026-06-07,2026-06-07 23:57:48,2,BV17GEP6xEDW,116692348832614,新三国up锐评楚汉传奇01：是不是我打开的方式不太对？,吃蛋挞的折棒,影视杂谈,影视,182,1348,1563197,20169,11623,135700,130249,28306,10524,1780624800,https://www.bilibili.com/video/BV17GEP6xEDW,http://i2.hdslb.com/bfs/archive/4e5cd47c8551d2b66643e2800041b7ec2d3bf729.jpg
2026-06-07,2026-06-07 23:57:48,3,BV1cu7r6FEPd,116696023045705,英国，沦为印度殖民地,平原公子,日常,生活,21,463,3114072,12900,8891,202992,8940,22049,20138,1780640137,https://www.bilibili.com/video/BV1cu7r6FEPd,http://i1.hdslb.com/bfs/archive/95ba7fb80bc2a46fc2c8f7ff69a08c57c40ef914.jpg
2026-06-07,2026-06-07 23:57:48,4,BV1WY7U6dEJ5,116699814693875,【微电影】人类文明的最后一届高考,最后讲述者,鬼畜剧场,鬼畜剧场,216,263,2131595,2814,5853,171910,19685,38740,9089,1780709400,https://www.bilibili.com/video/BV1WY7U6dEJ5,http://i2.hdslb.com/bfs/archive/40a717d48c3dbeb9559b00a07a88af6cfd5181fb.jpg
2026-06-07,2026-06-07 23:57:48,5,BV19ZEF6MEBV,116690117464228,人在干坏事的时候是不怕苦不怕累的,我是易拉爆,日常,生活,21,309,2156676,1447,4065,204970,15289,30674,15262,1780550100,https://www.bilibili.com/video/BV19ZEF6MEBV,http://i2.hdslb.com/bfs/archive/5a3e59dd5183e87d69b1ad3224466b821bf05e23.jpg
2026-06-07,2026-06-07 23:57:48,6,BV1wEEc6REms,116692097238799,城市大富翁（5）,雨哥到处跑,日常,生活,21,3846,1727587,38877,5179,148637,118314,39985,5113,1780628700,https://www.bilibili.com/video/BV1wEEc6REms,http://i1.hdslb.com/bfs/archive/8628e50dc2e56aec5815c8e3f665d304cfe23d80.jpg
2026-06-07,2026-06-07 23:57:48,7,BV1Uj7k6VEPU,116697432395968,信 |《归唐》19分钟完整实机演示,归唐,单机游戏,游戏,17,1167,6082040,19278,27653,113658,37197,22410,49314,1780791300,https://www.bilibili.com/video/BV1Uj7k6VEPU,http://i1.hdslb.com/bfs/archive/73972f02b3d2a52c97a1ec81e53403fef6160006.jpg
2026-06-07,2026-06-07 23:57:48,8,BV1rg7C6TEUm,116696912369911,一句“一氧化二氢”能钓出多少“读稿机”？,中国食品报融媒体,科学科普,知识,201,291,4546975,6334,21618,191887,14767,23644,15611,1780653928,https://www.bilibili.com/video/BV1rg7C6TEUm,http://i1.hdslb.com/bfs/archive/1081ed32a36e81bee443915a997ed5f2bd56badd.jpg
2026-06-07,2026-06-07 23:57:48,9,BV1Qi7f6eE59,116690805395451,致敬每一个心中有花，努力奔跑的人,爱画画的子衿,亲子,生活,254,313,1729228,3438,3634,235934,119032,15729,3792,1780561800,https://www.bilibili.com/video/BV1Qi7f6eE59,http://i1.hdslb.com/bfs/archive/2c9cc3dd70d264a8473e46b8bebaad7db4d6ef2c.jpg
2026-06-07,2026-06-07 23:57:48,10,BV1T9Vm6UE2N,116684681647760,《古剑》3分钟战斗实机 | 线下试玩招募开启,古剑,单机游戏,游戏,17,168,5054107,3535,10096,96121,53783,34271,22775,1780698215,https://www.bilibili.com/video/BV1T9Vm6UE2N,http://i0.hdslb.com/bfs/archive/d18a0e2a80905c1a2bfe0d000c3ca47aa1548899.jpg
2026-06-07,2026-06-07 23:57:48,11,BV13s7z63EjV,116695016477738,《绝区零》3.0新地块实机演示,绝区零,手机游戏,游戏,172,599,1448669,9399,13672,125509,58512,22429,24966,1780624803,https://www.bilibili.com/video/BV13s7z63EjV,http://i0.hdslb.com/bfs/archive/ac132a13aed30f0b83ff50dfb56d83e2e518206a.jpg
2026-06-07,2026-06-07 23:57:48,12,BV1w6EF6QEjZ,116690033778619,不看后悔！史上最神人店家！,转生成为毛毛,美食侦探,美食,212,186,3433151,4030,9199,177070,5026,29887,14953,1780563600,https://www.bilibili.com/video/BV1w6EF6QEjZ,http://i1.hdslb.com/bfs/archive/07cb98d8f59285212c90c7646739a87803bf06c0.jpg
2026-06-07,2026-06-07 23:57:48,13,BV16w7D6RERW,116700921988742,007看后:追逐战？,MEspace天植,绘画,绘画,162,49,2589783,263,1067,252954,23829,43555,2213,1780714922,https://www.bilibili.com/video/BV16w7D6RERW,http://i2.hdslb.com/bfs/archive/f35dab38094910739815ae6424bcceee9316f8f7.jpg
2026-06-07,2026-06-07 23:57:48,14,BV1uXEA6gEMu,116692567070822,“别着急，我来给你补充「偶！像！能！量！」”,小耗owo,手机游戏,游戏,172,80,1191307,919,2504,236073,16261,53403,10912,1780624800,https://www.bilibili.com/video/BV1uXEA6gEMu,http://i1.hdslb.com/bfs/archive/64822f49e99e9fb8b41ba5e0f9e06f48d4b76446.jpg
2026-06-07,2026-06-07 23:57:48,15,BV1df7r6REpB,116695469463690,如何在家制造浓汤宝,嘤武罗,日常,生活,21,501,4717808,3585,3307,183036,45970,44923,2756,1780650000,https://www.bilibili.com/video/BV1df7r6REpB,http://i2.hdslb.com/bfs/archive/94c85d2ebad9002fcbad0c7ef2f3c8a3f1ec6768.jpg
2026-06-07,2026-06-07 23:57:48,16,BV1ZREP6dEcU,116693758117714,扫落叶全清洁100%速通39分03秒leaf it alone,闲云豹,单机游戏,游戏,17,2367,1540250,1728,2472,135551,14050,28999,5561,1780605809,https://www.bilibili.com/video/BV1ZREP6dEcU,http://i1.hdslb.com/bfs/archive/310db23466f62e9399f25f92c8d2b0af953476d6.jpg
2026-06-07,2026-06-07 23:57:48,17,BV15v7S65EWD,116701022717876,挑战给历史故事打tag（标签）,混饭达人,娱乐杂谈,娱乐杂谈,241,77,3094724,2699,2368,245109,5443,28572,14785,1780716510,https://www.bilibili.com/video/BV15v7S65EWD,http://i2.hdslb.com/bfs/archive/1845b193e356ee0f6b686419e20cc96fe1678367.jpg
2026-06-07,2026-06-07 23:57:48,18,BV1pDV86oE6S,116657217344637,热烈欢迎薛凯琪！工作之余，Fiona会带哪些让自己感到快乐的东西呢～（录完这期脑海里都是Fifi的笑声,papi酱,短片,动画,256,2017,1364404,11428,4852,135977,53337,16996,7687,1780632000,https://www.bilibili.com/video/BV1pDV86oE6S,http://i2.hdslb.com/bfs/archive/032f4048d6f94c465fc10972289999cf79f2572f.jpg
2026-06-07,2026-06-07 23:57:48,19,BV1xU7f6xEjt,116690939546284,CF单机叙事续作——《穿越火线：潜伏》实机首曝,穿越火线潜伏,单机游戏,游戏,17,308,5404017,1792,5804,125662,7259,25484,14068,1780696800,https://www.bilibili.com/video/BV1xU7f6xEjt,http://i0.hdslb.com/bfs/archive/140a4abb0c80a2aa1e7cb7126c978567b667ed12.jpg
2026-06-07,2026-06-07 23:57:48,20,BV1xR7S6hEkB,116700804683368,菲比：就你们寝室最吵！！,Lm海洋,音乐综合,音乐,130,262,1016485,694,3582,83177,60617,36779,13172,1780713190,https://www.bilibili.com/video/BV1xR7S6hEkB,http://i1.hdslb.com/bfs/archive/348cd3608f962369b093721ee90e2515a127a833.jpg
2026-06-07,2026-06-07 23:57:48,21,BV168796PEv1,116685839403735,如此仙音唯有挠臭,lulu和露爸,喵星人,喵星人,218,26,5013289,18335,5983,627151,18226,122172,26723,1780484850,https://www.bilibili.com/video/BV168796PEv1,http://i1.hdslb.com/bfs/archive/87f3ce4876a2e50e34a2c1b24dfe10ae34700a55.jpg
2026-06-07,2026-06-07 23:57:48,22,BV1uX7k6UENx,116696761239484,巨构：没有告别,巨构ai,网络游戏,游戏,65,19,2889695,5795,7410,464000,23134,156635,6990,1780651506,https://www.bilibili.com/video/BV1uX7k6UENx,http://i0.hdslb.com/bfs/archive/1422e60b2923b373953bd4ce6433b6f0e91f9501.jpg
2026-06-07,2026-06-07 23:57:48,23,BV15iEc6VEfH,116691577216788,路边一块，也能变废为宝，雕刻出大家想要的题材我不知道什么时候天才会亮，但我知道，跑着跑着，天就亮了。,小梨家的和田玉,手工,生活,161,220,6113004,3995,11889,233130,8066,22459,3813,1780572193,https://www.bilibili.com/video/BV15iEc6VEfH,http://i2.hdslb.com/bfs/archive/c1597efe82d66a7f728f8bdd84505eff4b7f5ac9.jpg
2026-06-07,2026-06-07 23:57:48,24,BV1s7V46XEix,116655590017716,评论区摄影大赛之火遍全网的佳作篇，本期有锐评系列也有破败与新生佳作，欢迎投稿好的作品会让更多人看到。,摄影恩哥,日常,生活,21,124,4867261,1802,9661,309620,2165,23649,968,1780738200,https://www.bilibili.com/video/BV1s7V46XEix,http://i1.hdslb.com/bfs/archive/58aada2ca9cd83b3f4d86b331759b2c832c8bcb4.jpg
2026-06-07,2026-06-07 23:57:48,25,BV1gsEw6zExs,116691040208641,你的高考/中考/期末考belike,哈基mer-猫meme,搞笑,娱乐,138,22,903292,30761,2609,299588,32315,60858,5523,1780564012,https://www.bilibili.com/video/BV1gsEw6zExs,http://i2.hdslb.com/bfs/archive/4f76f8d127f1c6d5a990c89a161f10356e783cd4.jpg
2026-06-07,2026-06-07 23:57:48,26,BV1gWEw6gE4X,116691056987748,“这种没流量的画画最狠了”,像风如你o_O,日常,生活,21,25,2260796,686,3339,277658,7664,23795,1116,1780564358,https://www.bilibili.com/video/BV1gWEw6gE4X,http://i0.hdslb.com/bfs/archive/96621cf035234fbf3c3d6f498d6f4d5eae388c12.jpg
2026-06-07,2026-06-07 23:57:48,27,BV1GHEw6rEo4,116691140875979,无能的杰哥,神威-狗剩,影视剪辑,影视,183,154,2808739,1887,3802,137380,8241,25340,27644,1780565876,https://www.bilibili.com/video/BV1GHEw6rEo4,http://i2.hdslb.com/bfs/archive/0814d03bdf68a6a83cba4b8ba18fa6d58d6de912.jpg
2026-06-07,2026-06-07 23:57:48,28,BV1PP7C63E2J,116696710912022,《师》我回母校当老师,阿廖沙别害怕_,搞笑,娱乐,138,296,1880877,511,1076,175233,4669,13887,609,1780650587,https://www.bilibili.com/video/BV1PP7C63E2J,http://i0.hdslb.com/bfs/archive/b04455fde128b88ff0a92e264778512242510bc9.jpg
2026-06-07,2026-06-07 23:57:48,29,BV1pW7Q68Emz,116702180348281,这期谁能绷住,呱唧菌,搞笑,娱乐,138,339,1413593,1897,1432,133877,6506,23030,1882,1780741800,https://www.bilibili.com/video/BV1pW7Q68Emz,http://i2.hdslb.com/bfs/archive/5ae6e1d11721490eb4a17034e97a4c36afdca5f0.jpg
2026-06-07,2026-06-07 23:57:48,30,BV1TR766zEvE,116695972714489,在沙漠里种了1800万棵树，然后呢？,影视飓风,娱乐粉丝创作,娱乐,242,756,2910058,9989,2838,149588,56231,25923,2498,1780650000,https://www.bilibili.com/video/BV1TR766zEvE,http://i1.hdslb.com/bfs/archive/af434541e40c0402ac850fc6783faa3ed5bfdda9.jpg
2026-06-07,2026-06-07 23:57:48,31,BV1wE7m67EAF,116700569671653,“我在成华大道「拼接遗憾」”,Dieorite,人力VOCALOID,人力VOCALOID,126,116,667790,2928,1644,149034,31686,42462,2464,1780709690,https://www.bilibili.com/video/BV1wE7m67EAF,http://i1.hdslb.com/bfs/archive/b7a88bfce9322211ddb670d69d549967dba6591e.jpg
2026-06-07,2026-06-07 23:57:48,32,BV1WT7C6uEj8,116696878749194,猫 咪 的 花 语 是 老 吴🎵,幾加乘,同人·手书,动画,47,259,1638935,1652,3213,118791,17937,24982,10829,1780653131,https://www.bilibili.com/video/BV1WT7C6uEj8,http://i0.hdslb.com/bfs/archive/ad354ddb8c2e2bf697327dc182835b3d6014f4b1.jpg
2026-06-07,2026-06-07 23:57:48,33,BV1Ja7k6AE1b,116697063235411,我又给花朵加了个开关！,是玉木呀,设计·创意,设计·创意,229,104,1040553,550,876,166491,19155,33623,3443,1780656042,https://www.bilibili.com/video/BV1Ja7k6AE1b,http://i0.hdslb.com/bfs/archive/c05470a618fc67ee60cb9df153eb5ad6d3c8ce08.jpg
2026-06-07,2026-06-07 23:57:48,34,BV1UV7k6LEUG,116697264627213,航天会刷典狱长？！【三角洲动画】,手折余弦丶,电子竞技,游戏,171,300,1248918,1388,1623,104748,11868,26592,3213,1780659017,https://www.bilibili.com/video/BV1UV7k6LEUG,http://i0.hdslb.com/bfs/archive/eb575db6391346950b2623259e6c0c6469239e03.jpg
2026-06-07,2026-06-07 23:57:48,35,BV1bV7k6LExn,116697264560365,再见！一系列！高考必胜！,一数,校园学习,知识,208,193,912429,29653,15361,86153,33343,17868,5745,1780659292,https://www.bilibili.com/video/BV1bV7k6LExn,http://i2.hdslb.com/bfs/archive/5df66240b2b71ca2bc6ce697e929657b1b1df5a4.jpg
2026-06-07,2026-06-07 23:57:48,36,BV1kCVU65ERM,116669112386149,初中生斗胆跳一段jam,特崮斯,篮球,运动,235,45,6672082,10588,18861,1272987,208654,135130,20035,1780229707,https://www.bilibili.com/video/BV1kCVU65ERM,http://i1.hdslb.com/bfs/archive/5871a66dc8e356ff71da4a6d99d5922b4a6a3fce.jpg
2026-06-07,2026-06-07 23:57:48,37,BV1um7665EpW,116696325033820,讷,水生植物人owo,日常,生活,21,16,1304044,937,7203,188429,4965,49053,17423,1780644714,https://www.bilibili.com/video/BV1um7665EpW,http://i2.hdslb.com/bfs/archive/ce971f171b1f22d061819b3fea882f5d4af2a608.jpg
2026-06-07,2026-06-07 23:57:48,38,BV1Qt7X61Enn,116686241993999,百万英镑，但素质过低,青时晚,影视剪辑,影视,183,174,2382723,2020,2521,142461,11534,36257,14382,1780490956,https://www.bilibili.com/video/BV1Qt7X61Enn,http://i0.hdslb.com/bfs/archive/1573985b4950f4d1001b3a21a50adab722b0a0f1.jpg
2026-06-07,2026-06-07 23:57:48,39,BV1hG7y69Ej2,116698036313694,史上最骚特工(第二集),老番茄,单机游戏,游戏,17,842,2223969,3212,1753,132959,43146,37298,2222,1780716600,https://www.bilibili.com/video/BV1hG7y69Ej2,http://i2.hdslb.com/bfs/archive/c4778bfde8d395e0f91e2f746393736302e8205c.jpg
2026-06-07,2026-06-07 23:57:48,40,BV1vR7D6JEEm,116702566223209,全球吃席！自驾巴尔干婚礼，吃欧洲乡村大席,食贫道,日常,生活,21,3274,1121528,7562,1598,107030,39406,14036,1182,1780741089,https://www.bilibili.com/video/BV1vR7D6JEEm,http://i2.hdslb.com/bfs/archive/b23120503d27e3049c25e887901c19df17a98fe1.jpg
2026-06-07,2026-06-07 23:57:48,41,BV1dY7Q6pEQZ,116701878291791,千里奔赴只为弥补40年前的遗憾,赛亚人阿廖,出行,生活,250,246,999578,1932,1583,121069,31734,12557,428,1780729530,https://www.bilibili.com/video/BV1dY7Q6pEQZ,http://i0.hdslb.com/bfs/archive/5f9f719eb1fb6326b0a2eabe298cd1484afab3e6.jpg
2026-06-07,2026-06-07 23:57:48,42,BV1vEEP6HEFw,116692281789801,2025年出货量370万台！激光雷达真成“安全气囊”了？,保镖的车库,新能源车,新能源车,247,606,2016957,610,870,117734,3216,11977,444,1780653900,https://www.bilibili.com/video/BV1vEEP6HEFw,http://i1.hdslb.com/bfs/archive/76872e6b743f73527ee70c89a75c39214a868540.jpg
2026-06-07,2026-06-07 23:57:48,43,BV16DVz6UE77,116679229180052,如何拍出电影感大片,喜欢拍照的皮皮,日常,生活,21,60,3954413,364,2366,369951,13369,109070,8988,1780384052,https://www.bilibili.com/video/BV16DVz6UE77,http://i1.hdslb.com/bfs/archive/82ba23d6fb45244f769f8f127cfbe2f51afe67c8.jpg
2026-06-07,2026-06-07 23:57:48,44,BV17q7y6qEeG,116697767874225,当代牢大学生论文现状belike：,黑曼波语录,鬼畜调教,鬼畜,22,78,1607329,248,1906,121284,4091,82268,9513,1780716900,https://www.bilibili.com/video/BV17q7y6qEeG,http://i2.hdslb.com/bfs/archive/a42866374c2dd87fd5093121386c1dd1372e10a6.jpg
2026-06-07,2026-06-07 23:57:48,45,BV19N7y6bE1e,116698455803490,全体起立鼓掌！人类发现了治癌症的新药！🤯,蜗牛的科技笔记,软件应用,软件应用,230,115,1435779,1239,6703,133702,5417,22294,9392,1780677279,https://www.bilibili.com/video/BV19N7y6bE1e,http://i2.hdslb.com/bfs/archive/3b5f57bbd2f68b33097261f34d0cbb700b9439ce.jpg
2026-06-07,2026-06-07 23:57:48,46,BV1LR7D6JEV7,116702566156828,Re：佩恩从零开始的异世界生活！！！【水门篇】,-夏秋冬-,综合,综合,27,416,1018814,1472,3438,72251,25284,21010,4162,1780740005,https://www.bilibili.com/video/BV1LR7D6JEV7,http://i0.hdslb.com/bfs/archive/bb4c488614d181445341190010ddfd29eae8cfb7.jpg
2026-06-07,2026-06-07 23:57:48,47,BV1jeEc6yE75,116691593992011,《你说谁错谁就错，因为你开迈巴赫》,嘞是唐孃孃,搞笑,娱乐,138,34,3181659,178,1998,239781,3265,16195,1304,1780572588,https://www.bilibili.com/video/BV1jeEc6yE75,http://i0.hdslb.com/bfs/archive/cc74080d84744d7622f9f9dd492a1583e00aaed7.jpg
2026-06-07,2026-06-07 23:57:48,48,BV1EwEF62EhA,116690721443492,当校长挑选教室地板时,Cheems电玩屋,日常,生活,21,18,5033877,827,4949,203452,1012,7683,508,1780559484,https://www.bilibili.com/video/BV1EwEF62EhA,http://i0.hdslb.com/bfs/archive/8916553504d48aec3ba5ad2bdfeec5fcf7eefc1c.jpg
2026-06-07,2026-06-07 23:57:48,49,BV1jz7k6tEkL,116696979347018,教程来啦兄弟们 拍起来,是柳宗元,电子竞技,游戏,171,46,2276587,189,908,172740,2971,26285,1390,1780654702,https://www.bilibili.com/video/BV1jz7k6tEkL,http://i0.hdslb.com/bfs/archive/becaa38ea9e7437bed18411340db6d5da7f4cd54.jpg
2026-06-07,2026-06-07 23:57:48,50,BV1yo7B68EHX,116695117207554,《鸣潮》×《赛博朋克：边缘行者》共鸣者战斗演示 | 露西,鸣潮,单机游戏,游戏,17,283,2279559,2449,8303,78817,24251,13807,14909,1780628400,https://www.bilibili.com/video/BV1yo7B68EHX,http://i2.hdslb.com/bfs/archive/61426f2876187b9326f1b732fdea7044e08d7ea3.jpg
2026-06-07,2026-06-07 23:57:48,51,BV1VD726iE1t,116698791282580,《猴王出事》,伤心欲茄222,搞笑,娱乐,138,103,2260128,1187,3576,161446,6180,8329,5796,1780718400,https://www.bilibili.com/video/BV1VD726iE1t,http://i1.hdslb.com/bfs/archive/2fa41f4d1af95817e553d8fd8c6eeb7fc16a9d82.jpg
2026-06-07,2026-06-07 23:57:48,52,BV1R7Ew65ERR,116691124229360,当爸爸找亲戚买手机,刘鸿哥哥,小剧场,娱乐,85,119,2421037,982,3043,164102,1481,8852,1773,1780565630,https://www.bilibili.com/video/BV1R7Ew65ERR,http://i0.hdslb.com/bfs/archive/5e4feb10a7cf9e178bf7e9a619d62843bc5ae8b2.jpg
2026-06-07,2026-06-07 23:57:48,53,BV1tV7k6LEyH,116697264556028,你或许不认识我 但我唱的歌你或许？？听过？,喵☆酱,翻唱,音乐,31,443,566625,5445,2443,116223,7665,17104,1286,1780659262,https://www.bilibili.com/video/BV1tV7k6LEyH,http://i1.hdslb.com/bfs/archive/f27fa302b117dedb6f353c75770d440ca8982c33.jpg
2026-06-07,2026-06-07 23:57:48,54,BV15z766SE1A,116696341812776,假如高考什么都可以带,小安苒AIGC,校园学习,知识,208,177,2382346,2906,2728,101352,2362,7899,1914,1780646400,https://www.bilibili.com/video/BV15z766SE1A,http://i2.hdslb.com/bfs/archive/ed743a6a86446310a9957bce92faa671a082a6d8.jpg
2026-06-07,2026-06-07 23:57:48,55,BV13HEw6rEhc,116691140873202,接龙游戏开发，但都绷住了,M木糖M,单机游戏,游戏,17,933,1643901,1553,1035,81464,11598,15218,1368,1780630200,https://www.bilibili.com/video/BV13HEw6rEhc,http://i2.hdslb.com/bfs/archive/1083ae38f0917802668505e94ed2fe06226cc58b.jpg
2026-06-07,2026-06-07 23:57:48,56,BV1xZ7k6LESp,116696778084201,“哎呀 我们的主角倒下啦～”,西门小昭,综合,综合,27,30,763366,125,1120,146156,10269,58724,2665,1780655400,https://www.bilibili.com/video/BV1xZ7k6LESp,http://i2.hdslb.com/bfs/archive/2c5c6c548ed488771077293e2f7bfcfb435e4744.jpg
2026-06-07,2026-06-07 23:57:48,57,BV1Jj7C6AEPq,116696845193451,是我还不够好,怎么转身又是,MMD·3D,动画,25,67,1750001,4364,6679,175572,9011,42999,26613,1780652794,https://www.bilibili.com/video/BV1Jj7C6AEPq,http://i0.hdslb.com/bfs/archive/c261bcb22b8b34b31c0d9cb2e04b0a49a318b123.jpg
2026-06-07,2026-06-07 23:57:48,58,BV12R7Q6MEJX,116686543914174,你说你有点难追～,未知艺术家_611,搞笑,娱乐,138,30,2851021,239,2046,255359,3141,27201,3993,1780495648,https://www.bilibili.com/video/BV12R7Q6MEJX,http://i2.hdslb.com/bfs/archive/aeaf33a25e079b26433a425ee56ac24f566861d7.jpg
2026-06-07,2026-06-07 23:57:48,59,BV16kV26TES7,116685470175022,当父母说出了正确答案：,进击的金厂长,搞笑,娱乐,138,129,6304787,2492,2512,414790,152292,197635,3334,1780479155,https://www.bilibili.com/video/BV16kV26TES7,http://i0.hdslb.com/bfs/archive/982b25c4ef21fb08f77ae933c89f4b99d5b0c86a.jpg
2026-06-07,2026-06-07 23:57:48,60,BV1W6VZ6MEbd,116674313328609,🍄欠揍气球🍄,纸片马力欧,日常,生活,21,40,4586977,6753,10641,528659,42041,281480,79957,1780309043,https://www.bilibili.com/video/BV1W6VZ6MEbd,http://i0.hdslb.com/bfs/archive/3d18bae01c4fc365d9e7e0ede5efb926e32115ad.jpg
2026-06-07,2026-06-07 23:57:48,61,BV1JAEw69EUS,116691342200777,生完宝宝之后我再也不敢得罪我老公了，因为……,笑哥走丢了a,亲子,生活,254,89,2341270,906,7286,179524,3409,9066,2046,1780568869,https://www.bilibili.com/video/BV1JAEw69EUS,http://i2.hdslb.com/bfs/archive/2496ecbfca22198efdffe5b1855ea840b90edb2a.jpg
2026-06-07,2026-06-07 23:57:48,62,BV1CQ7o61ERo,116689798764442,人，握爪后就不要放开咯！——《伊莫》握爪测试招募开启,伊莫,手机游戏,游戏,172,119,3016553,709,2974,77071,40908,40447,32833,1780797600,https://www.bilibili.com/video/BV1CQ7o61ERo,http://i0.hdslb.com/bfs/archive/06bcb84e42974283a3ade3bf6fbee2302b4b4d96.jpg
2026-06-07,2026-06-07 23:57:48,63,BV1Zj7C6wEJY,116696845125445,织棉为布，非遗土布。用千年蓝染，重现极致的东方浪漫,花木紫Huamuz,手工,生活,161,401,1183922,1684,2559,95208,8967,9418,708,1780652882,https://www.bilibili.com/video/BV1Zj7C6wEJY,http://i0.hdslb.com/bfs/archive/753a39454d2f1455af84effb021941e20ad4c2c7.jpg
2026-06-07,2026-06-07 23:57:48,64,BV15W7C6tEyc,116696425766532,送你一片夕阳！,困雀雀,仿妆cos,时尚,252,36,565540,143,2287,166409,8927,30113,2642,1780646468,https://www.bilibili.com/video/BV15W7C6tEyc,http://i2.hdslb.com/bfs/archive/86973af2078693bfe5fc81d4dae783648e7fb904.jpg
2026-06-07,2026-06-07 23:57:48,65,BV1uX7k6UEPn,116696761239539,把硬装的喊过来！,脱缰凯Kk,小剧场,娱乐,85,219,1317503,1624,1662,96514,3119,10145,673,1780651876,https://www.bilibili.com/video/BV1uX7k6UEPn,http://i1.hdslb.com/bfs/archive/1a5306b127f7814fe75bc726966f0f675fcb7e33.jpg
2026-06-07,2026-06-07 23:57:48,66,BV1sC7R6VEF3,116687181451048,【侯绿萝】视频加载中，速速查收惊喜！,侯绿萝,小剧场,娱乐,85,233,1970117,1579,1446,187245,11005,15602,1890,1780538400,https://www.bilibili.com/video/BV1sC7R6VEF3,http://i0.hdslb.com/bfs/archive/e40df1469a3bc68659f30a77b0e0801ae88938bb.jpg
2026-06-07,2026-06-07 23:57:48,67,BV17z7y6KEVT,116697751096214,可爱的安魂曲~,徐大花xudahua,手工,生活,161,158,1421533,346,1344,96687,5988,13554,2182,1780718400,https://www.bilibili.com/video/BV17z7y6KEVT,http://i2.hdslb.com/bfs/archive/2fbc38542399965a708c159f85533b4f5065fe8c.jpg
2026-06-07,2026-06-07 23:57:48,68,BV1yiEF6WErx,116690419585062,奶香馒头,夏叔厨房,美食制作,美食,76,76,1757464,957,7454,223892,7788,19818,1167,1780554601,https://www.bilibili.com/video/BV1yiEF6WErx,http://i1.hdslb.com/bfs/archive/82992eb9cddf1a5a5e5e77e481db8626c6005de9.jpg
2026-06-07,2026-06-07 23:57:48,69,BV1Xa7m6qEm7,116700217347938,意识深渊：我真的存在吗？,大圆镜科普,科学科普,知识,201,484,876517,1272,1955,81250,2678,15402,1394,1780704207,https://www.bilibili.com/video/BV1Xa7m6qEm7,http://i1.hdslb.com/bfs/archive/2d760490c4cfbae1c3b9168320f075ace66ad15a.jpg
2026-06-07,2026-06-07 23:57:48,70,BV1L7Ew65ETv,116691124098703,我养护的石拱桥，已经被国家收录为不可移动文物！,抓紧长长长呀,三农,生活,251,604,1878889,1124,2137,127140,7289,9846,483,1780565746,https://www.bilibili.com/video/BV1L7Ew65ETv,http://i1.hdslb.com/bfs/archive/56f52737bc566db19c5316ccdcc3b87cc81709e0.jpg
2026-06-07,2026-06-07 23:57:48,71,BV1yk7X6KEz4,116686023891513,2高中生屠杀同学，造成13人死亡后自杀，开启美国校园枪击案先河：科伦拜恩枪击案,捕月说,人文历史,知识,228,733,2127984,882,733,74306,570,10408,363,1780654200,https://www.bilibili.com/video/BV1yk7X6KEz4,http://i2.hdslb.com/bfs/archive/b52e8d555de710438989ea0831c1fa8211fbe67d.jpg
2026-06-07,2026-06-07 23:57:48,72,BV1MtEF6fEga,116690436233152,全国男生统一迷惑行为,王小洋-已黑化,日常,生活,21,446,1091899,3247,2227,88813,2063,16719,2472,1780567200,https://www.bilibili.com/video/BV1MtEF6fEga,http://i1.hdslb.com/bfs/archive/696e0beeae3b0520b2aeae3a4aa24c0eeb689fcd.jpg
2026-06-07,2026-06-07 23:57:48,73,BV1nWVm6uEqb,116685285624503,我吃牛瘪火锅 结果买错牛胃了,张离谱Dreams,搞笑,娱乐,138,97,2906714,1459,3849,187053,3593,53014,13935,1780476405,https://www.bilibili.com/video/BV1nWVm6uEqb,http://i0.hdslb.com/bfs/archive/6f4f02f224993a1933f3e515e84d84edb5ca3808.jpg
2026-06-07,2026-06-07 23:57:48,74,BV1YV7U6zEps,116699697254319,小登VS老登,灼眼的SABER哒,同人·手书,动画,47,63,958592,445,2484,123535,10400,41346,9911,1780718400,https://www.bilibili.com/video/BV1YV7U6zEps,http://i0.hdslb.com/bfs/archive/dce2758cd8546e893008888b88f215364194d4a7.jpg
2026-06-07,2026-06-07 23:57:48,75,BV1yc7r6vE1C,116695905734805,关于我18岁为什么不去参加高考,我不是赤寒,日常,生活,21,126,1123908,1481,6306,124979,6556,13503,1777,1780638439,https://www.bilibili.com/video/BV1yc7r6vE1C,http://i1.hdslb.com/bfs/archive/294ac25c415d3dcaf5c46bbc02fb5df23da86784.jpg
2026-06-07,2026-06-07 23:57:48,76,BV1XEV26XEsz,116683641455201,冠以破碎之名：第一集 冰潮寒雨之夏,Xavier_白昼,综合,综合,27,1106,1391482,1851,2483,105278,22695,65113,3605,1780451269,https://www.bilibili.com/video/BV1XEV26XEsz,http://i0.hdslb.com/bfs/archive/edb3c2a03146bbc3390581aa30c41b8e3c3ab846.jpg
2026-06-07,2026-06-07 23:57:48,77,BV1kv7262EyU,116698623578210,公司给粉丝安排了30万的水上宫殿...,飓多多StormCrew,日常,生活,21,852,1525241,3469,2305,78287,17947,16182,1742,1780714800,https://www.bilibili.com/video/BV1kv7262EyU,http://i2.hdslb.com/bfs/archive/a59944bd6ce91c0bbc28d8c8b560e8b73c31e976.jpg
2026-06-07,2026-06-07 23:57:48,78,BV1q1Vy64EqA,116682450274928,给朋友做的一本翻翻乐,花颜和鸣,日常,生活,21,70,634632,972,2495,150243,12442,20293,979,1780589700,https://www.bilibili.com/video/BV1q1Vy64EqA,http://i0.hdslb.com/bfs/archive/b6ed86d5a0591cf027f6b65a4770f1c9656617d7.jpg
2026-06-07,2026-06-07 23:57:48,79,BV19J7r6HESb,116695704274527,【抱佛脚】高考语文！选择题？最后一课！,学过石油的语文老师,校园学习,知识,208,1200,880104,37015,11361,41915,16856,20377,4081,1780660800,https://www.bilibili.com/video/BV19J7r6HESb,http://i0.hdslb.com/bfs/archive/f8d05a7621ff85694f1ddb7ac6c3c775b0e01965.jpg
2026-06-07,2026-06-07 23:57:48,80,BV15d7D6UE4i,116702549379788,世界杯期间不抓移民？那这世界杯不是白办了吗,麻薯波比呀,社科·法律·心理,知识,124,995,1310454,6300,2936,79363,11114,9025,1812,1780740025,https://www.bilibili.com/video/BV15d7D6UE4i,http://i2.hdslb.com/bfs/archive/91940674117acf43b95f7a6e2e7ab686470cc3ea.jpg
2026-06-07,2026-06-07 23:57:48,81,BV1YVEn6fEmZ,116703304356999,那天真有其他人在场，但我没法证明。,何大爷课堂,人文历史,知识,228,123,1475406,303,2017,116148,2420,10346,863,1780751375,https://www.bilibili.com/video/BV1YVEn6fEmZ,http://i1.hdslb.com/bfs/archive/36a36b65d7a5cdced8c027e2371074acb5dd204b.jpg
2026-06-07,2026-06-07 23:57:48,82,BV1DB7f6AEBK,116690989942959,最 不 物 质 之 人,张八筒筒,日常,生活,21,127,2707119,936,961,171231,1613,9063,884,1780563943,https://www.bilibili.com/video/BV1DB7f6AEBK,http://i1.hdslb.com/bfs/archive/612e05a8e02454bd4e3723991d4808f061b1c188.jpg
2026-06-07,2026-06-07 23:57:48,83,BV1JKEw6QEw9,116691509970719,我读了你们的评论 把阎王召唤出来了T_T,汤木檀泽,日常,生活,21,959,1966454,1534,1667,119982,7080,19150,569,1780571268,https://www.bilibili.com/video/BV1JKEw6QEw9,http://i1.hdslb.com/bfs/archive/0b6c7ccb214b6211a4cf9a8741eb473536e42587.jpg
2026-06-07,2026-06-07 23:57:48,84,BV1Bm7U6jEDZ,116701542815709,《爱，你》,是许木木啊,日常,生活,21,1043,848507,5212,4099,89500,11232,22201,1537,1780738200,https://www.bilibili.com/video/BV1Bm7U6jEDZ,http://i0.hdslb.com/bfs/archive/fd7de4f643c70f1117b5d4f7ef9d1878ffc094bd.jpg
2026-06-07,2026-06-07 23:57:48,85,BV1JJ7m62ELC,116700620065327,最直接的伤害往往只需采用最简单的普通攻击 #超能力 #万万没想到 #反转 #劲大,刘不凡本凡,短片,动画,256,364,1749414,2346,4839,98933,1202,12294,548,1780719600,https://www.bilibili.com/video/BV1JJ7m62ELC,http://i1.hdslb.com/bfs/archive/1b35b982075822d704a03ec34c21632ebcfa9044.jpg
2026-06-07,2026-06-07 23:57:48,86,BV1n17D6xEX2,116702331278408,这就是7JIA最强之人,杨齐家_,单机游戏,游戏,17,1221,2062846,4933,2275,101458,8774,15235,759,1780736508,https://www.bilibili.com/video/BV1n17D6xEX2,http://i1.hdslb.com/bfs/archive/63922fa2e9e8a18b95b8175a3bea61b0779794d1.jpg
2026-06-07,2026-06-07 23:57:48,87,BV1usEw6zEiy,116691040210390,【餐馆TV】UP今天发烧了……作品会不会受影响啊,大乾乾是顾乾宇,小剧场,娱乐,85,141,1013489,1978,2899,114694,3698,14004,8092,1780564633,https://www.bilibili.com/video/BV1usEw6zEiy,http://i1.hdslb.com/bfs/archive/6d69be5e1f22dec4058e90f795df2ff7c21e4a91.jpg
2026-06-07,2026-06-07 23:57:48,88,BV1TK7S6PESt,116701341420908,全记录！菲律宾防长躲避中方记者进后厨内幕,玉渊谭天,科学科普,知识,201,466,654747,4778,4140,73421,22801,8127,1792,1780729200,https://www.bilibili.com/video/BV1TK7S6PESt,http://i0.hdslb.com/bfs/archive/4f11eda2d2c34ea69bc20938c15ebcc0e4b3affc.jpg
2026-06-07,2026-06-07 23:57:48,89,BV1787S6mEV8,116701073053928,这里藏着一群“伪人”,摸鱼佬临风,鬼畜剧场,鬼畜剧场,216,354,332094,411,774,80884,5031,25569,926,1780717427,https://www.bilibili.com/video/BV1787S6mEV8,http://i2.hdslb.com/bfs/archive/d2a4fc8b8017160bc03e17f14d6fbedd690059c1.jpg
2026-06-07,2026-06-07 23:57:48,90,BV1dq7Q6SEbX,116701827961912,最不吃压力之熊,传奇飞行员_太日阳莽,鬼畜剧场,鬼畜剧场,216,91,1220580,463,2193,103739,1686,24569,3310,1780728644,https://www.bilibili.com/video/BV1dq7Q6SEbX,http://i2.hdslb.com/bfs/archive/cdfe2d04e5d60dbd700833f920d17d40cebc2d39.jpg
2026-06-07,2026-06-07 23:57:48,91,BV16sEc6SEwE,116692030070649,班级里的某些努力姐belike：,不懂爱的喵,AI音乐,AI音乐,265,81,2309348,646,4626,134486,669,10689,4658,1780579469,https://www.bilibili.com/video/BV16sEc6SEwE,http://i2.hdslb.com/bfs/archive/711ed87052e442f67c408a6e4e372e876c02a3f0.jpg
2026-06-07,2026-06-07 23:57:48,92,BV1Vz766DE6S,116696342006745,“从来就没有什么意外 ”,DKM莫天行,GMV,GMV,121,142,847687,222,1583,99093,15840,31220,729,1780653600,https://www.bilibili.com/video/BV1Vz766DE6S,http://i1.hdslb.com/bfs/archive/ebae2236febce20da402b0789a87254a40b4e8b8.jpg
2026-06-07,2026-06-07 23:57:48,93,BV1Vq7m6NEN8,116700368408896,【时代少年团】系列纪录片《光辉岁月》——“回南天”,时代少年团,明星综合,明星综合,137,13990,1221128,198024,3435,43083,12201,14737,1794,1780718400,https://www.bilibili.com/video/BV1Vq7m6NEN8,http://i2.hdslb.com/bfs/archive/bc281db3fee5c37911a273d2435afe8e9047405f.jpg
2026-06-07,2026-06-07 23:57:48,94,BV1um7665EHP,116696325033953,谁是猜价超人？,小杨Johnson,搞笑,娱乐,138,621,2085714,1905,684,45065,11507,8845,631,1780650000,https://www.bilibili.com/video/BV1um7665EHP,http://i2.hdslb.com/bfs/archive/4a683ea3a122ada0dd88fb184da7439b6831fdfe.jpg
2026-06-07,2026-06-07 23:57:48,95,BV1Qb7R6XECX,116687064072844,⚡冷 笑 话 大 全 6.0⚡,污污云,鬼畜调教,鬼畜,22,66,1689336,230,1153,121467,2401,48322,6131,1780545600,https://www.bilibili.com/video/BV1Qb7R6XECX,http://i2.hdslb.com/bfs/archive/edf5ec9306bef71931b52d5b0a961e13f1ecc966.jpg
2026-06-07,2026-06-07 23:57:48,96,BV13c7S6qE5a,116701324648092,大哥豪刷10个爱神之箭！头开8个苹果全程揪心，接连翻车差点心态崩盘！,语格yoga,舞蹈综合,舞蹈综合,154,271,1295797,1804,3003,73696,8219,5229,2128,1780721492,https://www.bilibili.com/video/BV13c7S6qE5a,http://i1.hdslb.com/bfs/archive/e2af963c319aa3c1083f65f39306936b272010b5.jpg
2026-06-07,2026-06-07 23:57:48,97,BV19J7r6HEV7,116695704276560,咕嘎吃掉了整个幼儿园的伙食,咕咕嘎画,搞笑,娱乐,138,46,1617978,143,1243,121062,6289,18155,3557,1780635229,https://www.bilibili.com/video/BV19J7r6HEV7,http://i0.hdslb.com/bfs/archive/6f27e7f3c76289f0fac5ed16261338d0a6c2d5f2.jpg
2026-06-07,2026-06-07 23:57:48,98,BV1BQ7r68Ejy,116695553280188,高考加油！！！,青柳尊哉,日常,生活,21,25,422398,5366,2774,163033,12283,11971,3494,1780650000,https://www.bilibili.com/video/BV1BQ7r68Ejy,http://i1.hdslb.com/bfs/archive/d2a9b7766bc4f672f01dd4b2805739df436bfc4b.jpg
2026-06-07,2026-06-07 23:57:48,99,BV1bwV161Er2,116684413209270,【aespa】LEMONNNN,aespa,音乐综合,音乐,130,11,7035107,13809,27949,135007,32456,15981,9606,1780475400,https://www.bilibili.com/video/BV1bwV161Er2,http://i1.hdslb.com/bfs/archive/1e63fbee388c793dc0403c872eefb52a8d7d8615.jpg
2026-06-07,2026-06-07 23:57:48,100,BV1qYVm6AEfL,116684983704282,设计师偷偷收藏的高级吸睛配色！,小半设计,设计·创意,设计·创意,229,18,682242,3576,1737,112782,2079,91094,1213,1780489800,https://www.bilibili.com/video/BV1qYVm6AEfL,http://i0.hdslb.com/bfs/archive/a6b70084a8ce8f1dd3b2532192bd91f1926c540d.jpg
