rank_date,snapshot_time,rank_position,bvid,aid,title,author,category,main_category,tid,duration,view_count,danmaku_count,reply_count,like_count,coin_count,favorite_count,share_count,pubdate,video_url,cover_url
2026-06-22,2026-06-22 00:11:01,1,BV1oTjk6xEea,116778281796886,我发誓这是我看过最震撼的漫展爬台变装演唱！！,夏旬Natsuki,翻唱,音乐,31,84,4223144,1258,4370,498560,32814,50246,5876,1781947800,https://www.bilibili.com/video/BV1oTjk6xEea,http://i0.hdslb.com/bfs/archive/c937405b0e26e4652af142f494911c0cf97d0f26.jpg
2026-06-22,2026-06-22 00:11:01,2,BV1Cvjk6TEB3,116778046915958,🎨要看看这样的视频才有力气讨生活【三角洲】,牧牧川,单机游戏,游戏,17,192,3654184,674,2004,268037,9297,40285,1985,1781926200,https://www.bilibili.com/video/BV1Cvjk6TEB3,http://i1.hdslb.com/bfs/archive/9c3b114670250931e6264389d05a263039d091d9.jpg
2026-06-22,2026-06-22 00:11:01,3,BV1Ftjw6DEmL,116769557711688,假如所有人被迫看着死亡回归,00kk君,MAD·AMV,MAD·AMV,24,4786,2588456,10528,12251,179343,69753,124445,11662,1781762186,https://www.bilibili.com/video/BV1Ftjw6DEmL,http://i2.hdslb.com/bfs/archive/9ab9adff76a9f537e7fae8a493c60fc0fa60feb5.jpg
2026-06-22,2026-06-22 00:11:01,4,BV16Mjc6yEJd,116770430131075,《原神》至冬生态短片 - 凛寒的规约,原神,手机游戏,游戏,172,509,3624323,16674,18097,297035,75928,42560,39707,1781788200,https://www.bilibili.com/video/BV16Mjc6yEJd,http://i0.hdslb.com/bfs/archive/a55b011b2bb0d31974367c9a32c1f7257c6c2bc2.jpg
2026-06-22,2026-06-22 00:11:01,5,BV17BjB6UEeP,116776536902641,一坨泥巴也来跳迈克尔·杰克逊《顫栗》？,宅叔飞飞,手工,生活,161,67,3325883,398,1423,362424,78833,21971,2196,1781868799,https://www.bilibili.com/video/BV17BjB6UEeP,http://i0.hdslb.com/bfs/archive/8c7d6784a5fe4aa117f1c0c53696dadb050b0d1d.jpg
2026-06-22,2026-06-22 00:11:01,6,BV14VjF6HEGT,116768618060324,宇 宙 级 免 责 声 明,龙大人不喷火,鬼畜剧场,鬼畜剧场,216,92,4991891,2261,11052,316613,14763,27097,16344,1781780400,https://www.bilibili.com/video/BV14VjF6HEGT,http://i0.hdslb.com/bfs/archive/4089372d9471271137ac3ce69091a7ac0faf36f4.jpg
2026-06-22,2026-06-22 00:11:01,7,BV15Qj66mE5z,116776956336801,快乐 童年,榴莲阿呀,搞笑,娱乐,138,538,4040038,9051,10836,242233,62706,88179,3685,1781875232,https://www.bilibili.com/video/BV15Qj66mE5z,http://i1.hdslb.com/bfs/archive/fd70d470e4de0758969faf57cfd3f789c6e5e222.jpg
2026-06-22,2026-06-22 00:11:01,8,BV1jbja6hE3o,116771990277534,炒菜好不好吃不是放多少调料而是掌握食材时间、火候、和烹饪技巧,灶台阿连,日常,生活,21,627,2233505,4008,6989,160187,18168,55397,6565,1781799497,https://www.bilibili.com/video/BV1jbja6hE3o,http://i1.hdslb.com/bfs/archive/ab2d3085ec3329c0de7ed86cda1263841a4753e4.jpg
2026-06-22,2026-06-22 00:11:01,9,BV1wULQ64EB9,116764960825221,《绝区零》先导演示丨蕾米埃尔,哔哩哔哩游戏中心,手机游戏,游戏,172,91,2648848,6278,25404,194286,76560,40671,106781,1781920800,https://www.bilibili.com/video/BV1wULQ64EB9,http://i2.hdslb.com/bfs/archive/4373a99ec734fa760ccab2161d38ef6294815f24.jpg
2026-06-22,2026-06-22 00:11:01,10,BV1hNjw6vEa6,116769876347422,“啊，是关中王来了！”,三木刃,鬼畜剧场,鬼畜剧场,216,337,2602348,1476,2427,166100,20758,33793,4858,1781841300,https://www.bilibili.com/video/BV1hNjw6vEa6,http://i1.hdslb.com/bfs/archive/bfab94865def24138b661b7340eeed674179a6ea.jpg
2026-06-22,2026-06-22 00:11:01,11,BV1vwLX6yEM2,116765011221350,操 控 买 瓜,岩罗Crv,鬼畜剧场,鬼畜剧场,216,200,2998612,10592,4571,242665,84345,68926,21110,1781692838,https://www.bilibili.com/video/BV1vwLX6yEM2,http://i2.hdslb.com/bfs/archive/04e711636e551d2a581322fb9b21c4916ab63bfa.jpg
2026-06-22,2026-06-22 00:11:01,12,BV1Nyjq6dENe,116775043801036,挑战你们说我像谁我就模仿谁！事情发展到这一步，已经越来越离谱了。。。,李如儒也是李蠕蠕,小剧场,娱乐,85,151,3183448,6294,3983,248515,24363,16281,2849,1781846144,https://www.bilibili.com/video/BV1Nyjq6dENe,http://i1.hdslb.com/bfs/archive/0a51f7b766b553eeecb0f09765a9c38db7b7b6c6.jpg
2026-06-22,2026-06-22 00:11:01,13,BV1B6LR6tEcD,116765229057404,不同价格的声音,李肆言哟,日常,生活,21,91,7721449,4348,5668,506755,12509,49606,9670,1781696260,https://www.bilibili.com/video/BV1B6LR6tEcD,http://i1.hdslb.com/bfs/archive/1fcb1aec42c67f54ac0e69e48af78efe6abb0e27.jpg
2026-06-22,2026-06-22 00:11:01,14,BV1LAjP61EbF,116770732120927,［甲鱼meme］水宝宝,烫甲鱼,绘画,绘画,162,167,2852891,638,2496,181657,7539,41551,4126,1781780089,https://www.bilibili.com/video/BV1LAjP61EbF,http://i2.hdslb.com/bfs/archive/82e7bc476c47722f23af20e620bb6c13f4ee3c75.jpg
2026-06-22,2026-06-22 00:11:01,15,BV1Pqjc6REiP,116770111295217,“孩子的第一新声你希望是什么”【波西米亚狂想曲】【超级加倍の小曲】,早睡起大王,音乐综合,音乐,130,156,3432974,9978,7515,246554,6252,89088,27909,1781771400,https://www.bilibili.com/video/BV1Pqjc6REiP,http://i1.hdslb.com/bfs/archive/d691ffd8bb12633ac11c3ea944602fe0c037e31c.jpg
2026-06-22,2026-06-22 00:11:01,16,BV1wmjA6dEDF,116770564284361,知更鸟爆改耀斑（完整版）,金咸鱼,手机游戏,游戏,172,190,1420922,1231,5237,186823,14764,51315,31121,1781777799,https://www.bilibili.com/video/BV1wmjA6dEDF,http://i2.hdslb.com/bfs/archive/4d7ea8b39f8077d4875517dffd04c313f6261901.jpg
2026-06-22,2026-06-22 00:11:01,17,BV1nHja6KEA3,116771872835698,做律师没料到要去村里抓猪抵债。法官：我也没料到～,戴律请回答,社科·法律·心理,知识,124,972,1467055,2172,4168,147342,78113,14211,2618,1781835600,https://www.bilibili.com/video/BV1nHja6KEA3,http://i1.hdslb.com/bfs/archive/4d8f84e7426f13b922911fd6eaa5c8d849a2b1af.jpg
2026-06-22,2026-06-22 00:11:01,18,BV1cMjc61EL9,116770430194149,磨银墨写悬浮 李商隐《无题》,小秋习字,绘画,绘画,162,80,3830397,1979,3345,263825,7217,26682,3007,1781775628,https://www.bilibili.com/video/BV1cMjc61EL9,http://i1.hdslb.com/bfs/archive/d4681f759763d5562bd4a4347209a15aa66918be.jpg
2026-06-22,2026-06-22 00:11:01,19,BV1dJjv6PEpz,116774490085009,⚡秒 开 仙 人⚡,不抽象的真菌零_Jack,鬼畜调教,鬼畜,22,153,1134529,3324,4320,150504,6599,46091,12507,1781837474,https://www.bilibili.com/video/BV1dJjv6PEpz,http://i1.hdslb.com/bfs/archive/860876c570ba90ec71fa5c2d257d2736f690050f.jpg
2026-06-22,2026-06-22 00:11:01,20,BV1Dejq6aEVp,116774892738063,循环歌单|【像个白痴一样】|“【不会哄人の小曲】”,蛋某人音乐,乐评盘点,音乐,243,2993,2927209,437,4842,189963,5548,98976,3016,1781913600,https://www.bilibili.com/video/BV1Dejq6aEVp,http://i0.hdslb.com/bfs/archive/76d35bc1f4f338083694865437ba95ae366e46db.jpg
2026-06-22,2026-06-22 00:11:01,21,BV1Qtjq6iEoF,116775228278653,祝大家端午節快樂,台灣館長,日常,生活,21,17,3184631,11592,12428,549878,18711,37450,32155,1781848904,https://www.bilibili.com/video/BV1Qtjq6iEoF,http://i1.hdslb.com/bfs/archive/bdd921fa27274787b2e615a36e2417695d23128d.jpg
2026-06-22,2026-06-22 00:11:01,22,BV1Pujz6tEMM,116775932927915,没有赶不上的早八,张河清教授,日常,生活,21,25,4649712,1762,1917,527573,5876,28193,2027,1781859604,https://www.bilibili.com/video/BV1Pujz6tEMM,http://i2.hdslb.com/bfs/archive/a277e56a98fc32a94e934d36101d44508170e860.jpg
2026-06-22,2026-06-22 00:11:01,23,BV1mVjw6FEpX,116769524091628,《崩坏：星穹铁道》× 绿联联动小曲 | 爻光充能手势曲,帕姆的收藏夹,娱乐粉丝创作,娱乐,242,32,2532817,1886,7962,343586,21669,73665,39658,1781776800,https://www.bilibili.com/video/BV1mVjw6FEpX,http://i0.hdslb.com/bfs/archive/bf2ccd843ca7fdf49f3738dd0a9dc8cfb6b5e61a.jpg
2026-06-22,2026-06-22 00:11:01,24,BV1uHjJ6mEpe,116781888833434,地牢酒馆-15集 《一支欢快的舞》,粘土工厂,单机游戏,游戏,17,265,1281045,4528,3006,159186,20374,17107,1794,1781951423,https://www.bilibili.com/video/BV1uHjJ6mEpe,http://i0.hdslb.com/bfs/archive/6b4c38e45f3f0de7eaf9b7ec420a773be89a3de3.jpg
2026-06-22,2026-06-22 00:11:01,25,BV1pMjA6pEVx,116771067596968,史蒂夫也是请到高人了，胸肌比头都大【我是僵尸】,磊哥游戏,单机游戏,游戏,17,367,2488996,1533,2275,177784,11535,19815,1762,1781830800,https://www.bilibili.com/video/BV1pMjA6pEVx,http://i1.hdslb.com/bfs/archive/79b2a079a054ea11832f3b3ba0e5a920525e9d82.jpg
2026-06-22,2026-06-22 00:11:01,26,BV1Ndje6DEkS,116774674631565,【特效向】剧⚡终 但是成龙🐉,豪言の经理,鬼畜剧场,鬼畜剧场,216,131,1281912,1063,2049,152133,37651,35078,7896,1781840398,https://www.bilibili.com/video/BV1Ndje6DEkS,http://i0.hdslb.com/bfs/archive/9472cf3932257bbb43d2ed7c875116b0016e129d.jpg
2026-06-22,2026-06-22 00:11:01,27,BV1ZEjz6nER3,116775899368374,按到音乐键了,黄沙大圣圣,汪星人,汪星人,219,13,2760967,555,5264,245765,5304,42950,26912,1781859015,https://www.bilibili.com/video/BV1ZEjz6nER3,http://i2.hdslb.com/bfs/archive/948d86110fd0a8045495af7a2c5fdac595ce5df6.jpg
2026-06-22,2026-06-22 00:11:01,28,BV1JKjH6iE6y,116782895470334,多少年了，人们还记得你真实的样子吗？,何大爷课堂,人文历史,知识,228,218,2685746,375,1690,175017,4390,10039,819,1781965957,https://www.bilibili.com/video/BV1JKjH6iE6y,http://i1.hdslb.com/bfs/archive/ce0fa067f5c90abd4ceb01108697be8f556ecd57.jpg
2026-06-22,2026-06-22 00:11:01,29,BV1dMjJ64Emt,116782241286100,新番时光机！十年前的观众都在看什么神片？「2016年4月篇」泛式,泛式,动漫杂谈,动画,253,1104,970327,12579,7565,101724,53134,23505,8598,1781955914,https://www.bilibili.com/video/BV1dMjJ64Emt,http://i2.hdslb.com/bfs/archive/81e6a2baf73a0864c80081301e66022a9641d9f3.jpg
2026-06-22,2026-06-22 00:11:01,30,BV199jJ6REJR,116781536511840,【干货】为什么不建议你今年考高考状元？,闪电侠-flash,校园学习,知识,208,149,1905985,2441,3407,201163,2020,12874,5898,1781949600,https://www.bilibili.com/video/BV199jJ6REJR,http://i1.hdslb.com/bfs/archive/e9e898756d4f16f348bd9866f5f50d18f0a74c2a.jpg
2026-06-22,2026-06-22 00:11:01,31,BV1L2jB6VEtj,116776251692569,【潘宏爱玩狗】最新视频来袭，快来看看吧！,潘宏爱玩狗,汪星人,汪星人,219,248,1289313,2241,2503,172729,10371,12099,1887,1781865081,https://www.bilibili.com/video/BV1L2jB6VEtj,http://i1.hdslb.com/bfs/archive/40496da5f89a0e49899b18803e8a64319fd0f3a9.jpg
2026-06-22,2026-06-22 00:11:01,32,BV1yqjc69ESj,116770111227815,一盆面粉直接倒进开水里，面点老师傅教你炸糖糕的详细做法~,品诺美食开课啦,美食制作,美食,76,199,1668383,912,2146,156188,8139,28683,2773,1781777400,https://www.bilibili.com/video/BV1yqjc69ESj,http://i1.hdslb.com/bfs/archive/05a9fa11eca447aaff06fcef3c36ba849c2c578a.jpg
2026-06-22,2026-06-22 00:11:01,33,BV1imjh6bErF,116772174827175,一个跟头十万八千里2.0,孤鹜AH,搞笑,娱乐,138,151,2065864,594,1115,145068,4140,34508,8621,1781863200,https://www.bilibili.com/video/BV1imjh6bErF,http://i1.hdslb.com/bfs/archive/63af2fba214108093162b7977e0bfa42a5f0a242.jpg
2026-06-22,2026-06-22 00:11:01,34,BV1RJjv6PEQN,116774490087302,今天教大家如何跟女生说话,其实我是超级小孩,单机游戏,游戏,17,52,1748771,482,3842,242107,5503,59007,13644,1781837467,https://www.bilibili.com/video/BV1RJjv6PEQN,http://i2.hdslb.com/bfs/archive/2518c2fb18de178908b9c3b67ad646cefc88f7f0.jpg
2026-06-22,2026-06-22 00:11:01,35,BV1usjH6WEoz,116782694139715,曾沛慈｜《怎么说我不爱你》舞台,曾沛慈_TsengPets,明星综合,明星综合,137,279,1298409,15399,15774,70911,59596,26210,7995,1781962856,https://www.bilibili.com/video/BV1usjH6WEoz,http://i0.hdslb.com/bfs/archive/bb4c91ef35acc1e06800c178e2600fd8d5509e78.jpg
2026-06-22,2026-06-22 00:11:01,36,BV1KTJN6kEuG,116748099586045,⚡️JOJO x 迈克尔杰克逊⚡️顶级智斗の【假死避雷】,Mr丶Ass,综合,综合,27,538,1716385,3201,2327,121971,25299,30605,10405,1781773200,https://www.bilibili.com/video/BV1KTJN6kEuG,http://i0.hdslb.com/bfs/archive/a526c48f6d7a7001202d512beb7f289dc455b206.jpg
2026-06-22,2026-06-22 00:11:01,37,BV1rZjr6aErt,116778717938040,末日高架桥，我们被困了100天！,马里奥红叔,单机游戏,游戏,17,1463,987415,3440,1785,119642,46024,40603,1683,1781924400,https://www.bilibili.com/video/BV1rZjr6aErt,http://i0.hdslb.com/bfs/archive/112ae27cde1480e5ed760c9b5927159b8764e1e4.jpg
2026-06-22,2026-06-22 00:11:01,38,BV1Sijq6cEqp,116774808850573,【plolt】我为什么突然开始做故事版了,plolt,同人·手书,动画,47,562,887817,472,1179,142053,13513,21306,547,1781843400,https://www.bilibili.com/video/BV1Sijq6cEqp,http://i1.hdslb.com/bfs/archive/a45b8941d12ba649dd855eac13e6822cb21defa3.jpg
2026-06-22,2026-06-22 00:11:01,39,BV1U6jz6KErp,116777744867001,王老菊教你断剑奇侠·S3-ep00：包氏创业记,怕上火暴王老菊,单机游戏,游戏,17,4658,1164087,13653,7418,74706,66216,24813,7497,1781887258,https://www.bilibili.com/video/BV1U6jz6KErp,http://i1.hdslb.com/bfs/archive/554ab808c05612b25535d00af53cccaff6bee7ae.jpg
2026-06-22,2026-06-22 00:11:01,40,BV1GDjB66EE9,116776134246683,花37天，破解上海最贵汉堡，成本只要。。。,绵羊料理,美食制作,美食,76,408,1522995,6868,1897,122559,49361,20979,3891,1781862487,https://www.bilibili.com/video/BV1GDjB66EE9,http://i0.hdslb.com/bfs/archive/b7f0e83cb8a595492fe7c45b2e56bc59b662e664.jpg
2026-06-22,2026-06-22 00:11:01,41,BV1uyja6nEZY,116771621175583,送你个机器人女友#AI,90后的日常,影视剪辑,影视,183,206,1230398,4472,13991,126471,10331,22623,9081,1781793601,https://www.bilibili.com/video/BV1uyja6nEZY,http://i2.hdslb.com/bfs/archive/a8408ab240cbc1f57b155cb91d2a631688d5a0d2.jpg
2026-06-22,2026-06-22 00:11:01,42,BV1RSj76SEhJ,116780747985960,【究极佐菲格斗】第四集 奥特兄弟暗杀计划！佐菲机器人 雷欧 泰罗 爱迪 黑暗星人巴巴尔 登场,Dennis飞昊,特摄,动画,86,1034,1013380,3224,3877,77204,63070,32877,8286,1781932942,https://www.bilibili.com/video/BV1RSj76SEhJ,http://i1.hdslb.com/bfs/archive/8609ad0d770e88507e1b65a46221b41d8ea40af4.jpg
2026-06-22,2026-06-22 00:11:01,43,BV1EdLQ6DEnk,116765078133274,🍄2026最有深度的说唱🍄,纸片马力欧,日常,生活,21,56,2869985,876,5252,284578,11982,61377,36346,1781693849,https://www.bilibili.com/video/BV1EdLQ6DEnk,http://i1.hdslb.com/bfs/archive/1ddad6d7cacde25a39ba1e74002c5d18727efd01.jpg
2026-06-22,2026-06-22 00:11:01,44,BV1MNjC62EVv,116780127227543,美国要给伊朗赔款,燕三嘤嘤嘤,人文历史,知识,228,1122,2147509,8446,5373,112873,23158,17999,2611,1781927400,https://www.bilibili.com/video/BV1MNjC62EVv,http://i2.hdslb.com/bfs/archive/787956eaf6b9381b36339aaf595081152abadcf0.jpg
2026-06-22,2026-06-22 00:11:01,45,BV1oZLQ6EEUE,116765061291679,要不说警方卧底都是人才！！！把我笑惨了！,谈苏阳,野生技能协会,野生技能协会,122,415,3515826,5526,2921,221164,17287,21625,4323,1781693713,https://www.bilibili.com/video/BV1oZLQ6EEUE,http://i2.hdslb.com/bfs/archive/1a23cbec593cbc43238681e184d312f37a0a910a.jpg
2026-06-22,2026-06-22 00:11:01,46,BV1BHjz6JEYR,116776067275498,游 龙,杨齐家_,单机游戏,游戏,17,1021,2237429,11272,31974,132274,14948,21760,1358,1781861701,https://www.bilibili.com/video/BV1BHjz6JEYR,http://i2.hdslb.com/bfs/archive/9cd16777210d57d4707e7989f160f598afd22677.jpg
2026-06-22,2026-06-22 00:11:01,47,BV1Lnjv6eE76,116774406262942,这恐怖的细节还是三角洲吗？核工作者带你感受核电站的种种还原！,Key725,网络游戏,游戏,65,1559,2489861,5445,3859,118339,7203,41111,4832,1781870466,https://www.bilibili.com/video/BV1Lnjv6eE76,http://i1.hdslb.com/bfs/archive/0b500acd1480b98bfb94a76ca22399ff785a228e.jpg
2026-06-22,2026-06-22 00:11:01,48,BV1iZjc6gEJr,116769893128777,来赣州包个鱼塘，帮少年减轻家庭重担，鱼多鱼少不重要，得让孩子安心完成学业,李维刚的日常,三农,生活,251,635,921057,3785,4180,117937,87445,6092,1321,1781946000,https://www.bilibili.com/video/BV1iZjc6gEJr,http://i0.hdslb.com/bfs/archive/68345d040fbae81a977a9631c9d78df717416345.jpg
2026-06-22,2026-06-22 00:11:01,49,BV1Tdjw6hEnT,116771470180736,瑞平cosIP从夯到拉,陈年老叶_YE,仿妆cos,时尚,252,327,1116260,2737,6132,126911,14152,22031,15375,1781791402,https://www.bilibili.com/video/BV1Tdjw6hEnT,http://i1.hdslb.com/bfs/archive/657e5add279286c07b3dcf420eb59456da8b281b.jpg
2026-06-22,2026-06-22 00:11:01,50,BV1aKjP6kE2F,116770631322253,有一个国家，半数人灵活就业，劳动法形同废纸,耳畔的猫头鹰,运动文化,运动文化,237,260,1373256,27127,11136,104082,25253,23271,22585,1781778884,https://www.bilibili.com/video/BV1aKjP6kE2F,http://i2.hdslb.com/bfs/archive/01d96ea8ae2de2a0aad812aaf711fb4058dac8be.jpg
2026-06-22,2026-06-22 00:11:01,51,BV1eNLR6pERL,116765816392974,一扇没关的窗，闯进了一身防备的流浪猫妈妈暖暖，也打开了我温柔善良的另一人生。原来善良从来不是单向的付出，你温柔待众生，众生亦会温柔予你。,奇迹男孩1998,喵星人,喵星人,218,458,1192467,3138,5988,218092,133140,24714,2456,1781705143,https://www.bilibili.com/video/BV1eNLR6pERL,http://i2.hdslb.com/bfs/archive/344ae88b1d159c4491e20618c3b67f5d9035ed95.jpg
2026-06-22,2026-06-22 00:11:01,52,BV1RXjJ6xEur,116781553287621,【TF家族练习生】《突围II破局》先导片,TF家族,明星综合,明星综合,137,2035,1497054,1039416,15920,81116,8774,31587,3558,1781953200,https://www.bilibili.com/video/BV1RXjJ6xEur,http://i0.hdslb.com/bfs/archive/aaa47f5a479a534903218d33c24af6b22221c58d.jpg
2026-06-22,2026-06-22 00:11:01,53,BV12JLX6PEA4,116764625077719,“以前的小孩vs现在的小孩”,数码宝贝坤,搞笑,娱乐,138,11,3764923,406,5693,240176,1340,17484,3091,1781755200,https://www.bilibili.com/video/BV12JLX6PEA4,http://i0.hdslb.com/bfs/archive/24846c832347f7613d6e863a3e323720e2bf2e4d.jpg
2026-06-22,2026-06-22 00:11:01,54,BV1YNjP6VEr6,116770648098260,我 伪 装,阴间滴贰哈鸽鸽,单机游戏,游戏,17,560,2688992,1877,1440,116799,3278,21223,11409,1781779073,https://www.bilibili.com/video/BV1YNjP6VEr6,http://i1.hdslb.com/bfs/archive/aad734a51fb0edd1446ad186f77bf3c9a7eb5c35.jpg
2026-06-22,2026-06-22 00:11:01,55,BV125jF6DELp,116768668456451,新娘农瘾有点重啊,浮世清欢落颜,搞笑,娱乐,138,18,4471629,1847,3185,334782,8196,15435,2810,1781748503,https://www.bilibili.com/video/BV125jF6DELp,http://i1.hdslb.com/bfs/archive/bd10735e3a5ebdab93f2115d56c192c5dcf2f2ab.jpg
2026-06-22,2026-06-22 00:11:01,56,BV1NRjF6WEo5,116770312554363,史上最牛烤鱼店！整个楼层全倒闭！8年老店到底有多好吃？（江苏）@勇哥餐饮原创,勇哥餐饮避坑指南,日常,生活,21,1209,2248168,4300,8807,117651,5237,16812,12592,1781774030,https://www.bilibili.com/video/BV1NRjF6WEo5,http://i1.hdslb.com/bfs/archive/1ec68b4b2c3f30cd811e3fb34693cbc9ce03d001.jpg
2026-06-22,2026-06-22 00:11:01,57,BV1txjk6VEek,116778080405500,马西西位！🤯🤯🤯🤯,Team_Spirit,日常,生活,21,31,2657980,690,8716,200534,18056,15274,14679,1781892376,https://www.bilibili.com/video/BV1txjk6VEek,http://i0.hdslb.com/bfs/archive/186291f5cb166207208b9f64b08af7fbf2686906.jpg
2026-06-22,2026-06-22 00:11:01,58,BV1cNjc62Ey5,116770262227635,0代码基础，竟然做出了爆款APP？【B站AI创造公开赛】,大宽大宽,数码,科技,95,317,1130782,663,1491,120793,6781,27561,14392,1781784000,https://www.bilibili.com/video/BV1cNjc62Ey5,http://i0.hdslb.com/bfs/archive/eb12c1ce5bf3901bbb3d4efb389c55ff4ca6004c.jpg
2026-06-22,2026-06-22 00:11:01,59,BV1adjJ6sE1D,116781721193950,大学禁止和课本谈恋爱！！！,快乐的台长,日常,生活,21,335,1118517,1330,1363,137851,4213,33306,3982,1781948457,https://www.bilibili.com/video/BV1adjJ6sE1D,http://i1.hdslb.com/bfs/archive/a6efce7bf64d83e1007d6f491da2e923dc3d746c.jpg
2026-06-22,2026-06-22 00:11:01,60,BV1cNjc62Edi,116770262225952,故意带嘴硬男友去外面撸宠物蟑螂…他差点被双马尾吓哭！,是王小白呀,日常,生活,21,550,4968444,3938,2424,132947,3309,17551,4823,1781773506,https://www.bilibili.com/video/BV1cNjc62Edi,http://i1.hdslb.com/bfs/archive/ef9a657b0abdd65edac669ce3236abe6a14ca201.jpg
2026-06-22,2026-06-22 00:11:01,61,BV1DKjp6sESX,116782442483852,新金蝉脱壳,Y的生存手记,综合,综合,27,534,909069,2170,3811,92186,1982,27945,594,1781958906,https://www.bilibili.com/video/BV1DKjp6sESX,http://i1.hdslb.com/bfs/archive/f7b66f77c006bb86c17cf6ef1501dfcc4cf5cb8d.png
2026-06-22,2026-06-22 00:11:01,62,BV1Bfjq6LEDi,116776771784834,【洛天依原创】人是猫,张卡斯,VOCALOID·UTAU,VOCALOID·UTAU,30,133,424837,736,2991,113622,26279,59327,9384,1781872274,https://www.bilibili.com/video/BV1Bfjq6LEDi,http://i0.hdslb.com/bfs/archive/7a760fc57dd165eaa62e96849c3757524f842c7b.jpg
2026-06-22,2026-06-22 00:11:01,63,BV1K3jn65ECR,116781352032938,躲在超市后门智斗的二人,沃滋基-尼,综合,综合,27,92,1165905,1128,4126,145706,8140,34814,16673,1781942609,https://www.bilibili.com/video/BV1K3jn65ECR,http://i0.hdslb.com/bfs/archive/bdab827cde03d4f1eddf9ceb001b20129cc95c54.jpg
2026-06-22,2026-06-22 00:11:01,64,BV1w2LQ6ZEoA,116764977594634,小猫meme,待到春来冬夏去,绘画,绘画,162,19,1029881,462,3491,215257,11266,69267,10612,1781692216,https://www.bilibili.com/video/BV1w2LQ6ZEoA,http://i1.hdslb.com/bfs/archive/fd5bd223f1d24198a470c8bcce0952882843e3fb.jpg
2026-06-22,2026-06-22 00:11:01,65,BV1MnjB6wEiB,116776469927608,请吃我画的鬼泣动画,台古_Taigu,同人·手书,动画,47,26,831252,174,1913,156191,27907,39377,6562,1781867758,https://www.bilibili.com/video/BV1MnjB6wEiB,http://i1.hdslb.com/bfs/archive/1dd96e8863e516ea883bc2ad0f670b011cbe00fd.jpg
2026-06-22,2026-06-22 00:11:01,66,BV1B4jn6AEGW,116781385516992,百年真心！终于重逢！《凡人修仙传》179逐帧解析,利维坦mY,动漫杂谈,动画,253,937,807076,6915,7607,73859,53332,9216,2419,1781949900,https://www.bilibili.com/video/BV1B4jn6AEGW,http://i2.hdslb.com/bfs/archive/d8106b030d97cdc30ee38dde90e3f42a07a06af3.jpg
2026-06-22,2026-06-22 00:11:01,67,BV1Tqjq6hEHF,116774792138101,我只是做错了事，可我不是坏孩子,源小仔,亲子,生活,254,114,1227707,2822,1322,133390,63918,25545,449,1781842522,https://www.bilibili.com/video/BV1Tqjq6hEHF,http://i2.hdslb.com/bfs/archive/767c3396b8774d2ea06329d31ffbd78cab9401dd.jpg
2026-06-22,2026-06-22 00:11:01,68,BV1USjC61EFe,116779573582726,治沙人,沙漠里的四妹,三农,生活,251,14,717349,1460,1865,252808,18752,4619,145,1781915068,https://www.bilibili.com/video/BV1USjC61EFe,http://i1.hdslb.com/bfs/archive/0ac158a54177ad00bc812a809b0e9dab9edbd46a.jpg
2026-06-22,2026-06-22 00:11:01,69,BV1xXjn6LEwc,116783247787866,人，停下！,幸仁儿鲨,绘画,绘画,162,475,642814,5461,4485,72321,23145,29785,1860,1781971350,https://www.bilibili.com/video/BV1xXjn6LEwc,http://i2.hdslb.com/bfs/archive/cfe6b10df7f5630e9cb80f9edffe4b9a15c6024a.jpg
2026-06-22,2026-06-22 00:11:01,70,BV1ATjz6fERC,116775949700075,“如果世界不温柔 可以让来我试试”,王子不会拍,日常,生活,21,220,823546,856,1452,102866,46916,9998,597,1781859857,https://www.bilibili.com/video/BV1ATjz6fERC,http://i0.hdslb.com/bfs/archive/ea683cc8fdd490fda58a6b1e3fa70931c588aa5b.jpg
2026-06-22,2026-06-22 00:11:01,71,BV1Fgjv63EPc,116774255206106,12岁男孩偷开邻居车辆，独自在高速路行驶6小时后，被收费站工作人员发现并报警。交警提醒：未成年人无证驾驶，监护人需承担相应法律责任。请家长务必履行监护职责！,快看,亲子,生活,254,57,3779445,0,4844,188643,1249,6649,5197,1781834002,https://www.bilibili.com/video/BV1Fgjv63EPc,http://i2.hdslb.com/bfs/archive/b90144bed856a020b20d07949d5e246569be7bba.jpg
2026-06-22,2026-06-22 00:11:01,72,BV1P1LQ6tEM1,116764927071967,那些美好的动物视频！,蒙哥马利愛学习,动物二创,动物二创,220,401,2569605,2059,2469,195966,2261,14365,2022,1781691731,https://www.bilibili.com/video/BV1P1LQ6tEM1,http://i0.hdslb.com/bfs/archive/4b9d7016a1a67c118033eeddbbe35b33ce4d84b4.jpg
2026-06-22,2026-06-22 00:11:01,73,BV1WFjW6EEMQ,116783734328117,《独家记忆》,王濛,明星综合,明星综合,137,320,789452,8800,11032,50416,49072,14213,3831,1781978557,https://www.bilibili.com/video/BV1WFjW6EEMQ,http://i1.hdslb.com/bfs/archive/7d952ec82a9aaf29c190029494576c283ac9ffd5.jpg
2026-06-22,2026-06-22 00:11:01,74,BV1wLjz6WEw5,116775865815369,《红脸的关公战长沙》,龙馍馍,动物二创,动物二创,220,90,1376351,464,1224,126590,22940,21052,15077,1781913600,https://www.bilibili.com/video/BV1wLjz6WEw5,http://i0.hdslb.com/bfs/archive/f8766e70c711a7a264a42b0464ef54fe915949c2.jpg
2026-06-22,2026-06-22 00:11:01,75,BV1ypjV6XEHU,116760246360878,空岛二选一，水桶还是岩浆？,中华Silens丶哟,单机游戏,游戏,17,483,1528821,625,622,105148,5912,12262,1991,1781775000,https://www.bilibili.com/video/BV1ypjV6XEHU,http://i0.hdslb.com/bfs/archive/ea5e2b9080a311e1f0f0ff7450b54ab96cfa8466.jpg
2026-06-22,2026-06-22 00:11:01,76,BV1Xnjc6vEVG,116770027341825,提前给我超有眼光的100万个粉丝剪个彩！,AL光,手机游戏,游戏,172,17,474051,170,953,278652,11069,50114,1112,1781786100,https://www.bilibili.com/video/BV1Xnjc6vEVG,http://i1.hdslb.com/bfs/archive/ce7eb2c9d4f38c37a3ecd37a81801e0141969336.jpg
2026-06-22,2026-06-22 00:11:01,77,BV1K3jC6kEX1,116780060121777,《鸣潮》巡回演唱会「致予新世界」预告动画,鸣潮,手机游戏,游戏,172,106,1547193,1929,5483,95710,39750,23718,15365,1781924400,https://www.bilibili.com/video/BV1K3jC6kEX1,http://i1.hdslb.com/bfs/archive/9abf9ecaffbd55cab43ad74807aa69e249997b36.jpg
2026-06-22,2026-06-22 00:11:01,78,BV1aZLo69Emm,116768215404781,特朗普太好笑了！G7记者会现场，梦到哪句说哪句,小王Albert,人文历史,知识,228,525,2829838,7586,5522,168815,37436,21407,17347,1781741913,https://www.bilibili.com/video/BV1aZLo69Emm,http://i1.hdslb.com/bfs/archive/cf89405ea5fbec111da51bbc28c2b97d5762446d.jpg
2026-06-22,2026-06-22 00:11:01,79,BV1EMjc6yExi,116770430060662,神奇的魔法王冠,路西法Lusiferr,搞笑,娱乐,138,15,3558789,503,5659,186214,1900,11559,5032,1781784000,https://www.bilibili.com/video/BV1EMjc6yExi,http://i0.hdslb.com/bfs/archive/65097cf6e407553f76561bcf8641ce303dba3328.jpg
2026-06-22,2026-06-22 00:11:01,80,BV1qFjB6yEzQ,116776687901421,抓老鼠,麻薯饭堂,同人·手书,动画,47,26,1229097,394,1340,132796,7443,48655,3346,1781871111,https://www.bilibili.com/video/BV1qFjB6yEzQ,http://i0.hdslb.com/bfs/archive/f7a5d82b72fcb889a66b33613e08369c1b75f771.jpg
2026-06-22,2026-06-22 00:11:01,81,BV1EHjE6fEhG,116780664226179,咱兄弟俩真是这个👍（端午大合集）,亿本満足,日常,生活,21,7632,945620,2072,1570,70946,6416,32770,1292,1781932103,https://www.bilibili.com/video/BV1EHjE6fEhG,http://i1.hdslb.com/bfs/archive/6379f6d8484e6bdf5dc21d458a1bf7343d06a6e3.jpg
2026-06-22,2026-06-22 00:11:01,82,BV1qdjA6JExQ,116770547436927,当我忘记自己早已不再是18岁,CCCmlng小陈不憨,小剧场,娱乐,85,55,4262418,613,1198,203734,2452,19931,3357,1781777440,https://www.bilibili.com/video/BV1qdjA6JExQ,http://i1.hdslb.com/bfs/archive/cd9fb4626c08ca1792780613e09573220c6b29e2.jpg
2026-06-22,2026-06-22 00:11:01,83,BV13Yjq6PEvg,116774909579313,《魔女规则怪谈》,是许木木啊,日常,生活,21,1788,784673,6378,3312,78151,12915,16232,2177,1781861400,https://www.bilibili.com/video/BV13Yjq6PEvg,http://i0.hdslb.com/bfs/archive/ca86b69fdcb56bcbd814f68cba25543982134764.jpg
2026-06-22,2026-06-22 00:11:01,84,BV1aqjE6mEid,116780160782699,你cos我憋笑挑战,我是易拉爆,日常,生活,21,73,2357057,640,1400,151607,1907,24544,4645,1781923956,https://www.bilibili.com/video/BV1aqjE6mEid,http://i0.hdslb.com/bfs/archive/57352c8c5bc8fe7b8ba2d61d6d5c028d1d3d9bc7.jpg
2026-06-22,2026-06-22 00:11:01,85,BV1yTL96wEij,116764105053777,厨师长下班了在厨房里偷偷开小灶，剩了点海鲜没卖出去，捞汁小海鲜，猪排海肠捞饭,张森的下班料理,美食记录,美食,215,1230,1292100,3671,1440,99156,4813,10127,2272,1781859600,https://www.bilibili.com/video/BV1yTL96wEij,http://i1.hdslb.com/bfs/archive/efca4b90eb7299ad4638085e92e614b5b96e4552.jpg
2026-06-22,2026-06-22 00:11:01,86,BV1KQja61E2M,116771805732393,高二期末已经慌了？重难点在此！,一数,校园学习,知识,208,5252,535831,3311,2249,61731,7061,36740,2431,1781833575,https://www.bilibili.com/video/BV1KQja61E2M,http://i1.hdslb.com/bfs/archive/9edaad467e80f51a96c62ac0e1d9c6469e8bd49c.jpg
2026-06-22,2026-06-22 00:11:01,87,BV11djF6XEkV,116770295914116,豆包决定随机金额吃一天！豆包是会配餐的,嘴嘴深夜食堂,美食测评,美食,213,324,2525647,1348,947,174734,2068,23826,457,1781775000,https://www.bilibili.com/video/BV11djF6XEkV,http://i2.hdslb.com/bfs/archive/9507d11fa5199d5ff2cfa8370cf67b9e86f73deb.jpg
2026-06-22,2026-06-22 00:11:01,88,BV1QLLo6pEJJ,116766269246386,虽说是个无所谓的夜晚 但我想成为你的恋人,鐘董_,综合,综合,27,35,805213,200,2819,159653,8303,72590,5106,1781712123,https://www.bilibili.com/video/BV1QLLo6pEJJ,http://i1.hdslb.com/bfs/archive/a942621bffb4f834dcf478074a033280f67e70c1.jpg
2026-06-22,2026-06-22 00:11:01,89,BV1A7ju66EGc,116758635616950,没办法，我就是这样一个优秀的人啊！🧚🏻‍♀️,papi酱,短片,动画,256,145,1028908,758,1315,129447,13549,5724,4226,1781863200,https://www.bilibili.com/video/BV1A7ju66EGc,http://i2.hdslb.com/bfs/archive/597cc554ab8603eb091bcc21a195ae5fce7826f1.jpg
2026-06-22,2026-06-22 00:11:01,90,BV1iYja6ZEzZ,116772007121339,小时候开智之前,西维西师傅,搞笑,娱乐,138,43,3149061,496,1570,182425,1597,7643,1303,1781799781,https://www.bilibili.com/video/BV1iYja6ZEzZ,http://i0.hdslb.com/bfs/archive/7ad399f31462cf8f6d445897c904df38282369d8.jpg
2026-06-22,2026-06-22 00:11:01,91,BV1XtjA6BEtS,116770782318985,代理人档案丨蕾米埃尔,绝区零第一可爱兔宝,手机游戏,游戏,172,17,995214,2334,8620,131780,20334,19663,14281,1781920800,https://www.bilibili.com/video/BV1XtjA6BEtS,http://i1.hdslb.com/bfs/archive/7e10ac96f8e47755f67c160de3ddb48e7345097f.jpg
2026-06-22,2026-06-22 00:11:01,92,BV1RSj76SEXn,116780747985261,你看不起的工作，可能是别人考不进去的门槛,如见未来AI,影视剪辑,影视,183,44,2205275,665,3954,152861,1012,19626,1918,1781932918,https://www.bilibili.com/video/BV1RSj76SEXn,http://i1.hdslb.com/bfs/archive/8c63f016f8287b11fb8f15f4852c38974dfd487e.jpg
2026-06-22,2026-06-22 00:11:01,93,BV1HHja6KEWi,116771872840374,首先，你要快乐！其次…都是其次…,爆笑校园-朱斌,绘画,绘画,162,23,526568,375,2871,181720,10864,16371,1749,1781797650,https://www.bilibili.com/video/BV1HHja6KEWi,http://i2.hdslb.com/bfs/archive/b860c93904c584da8ac0b466ef1e7aeb381db9ec.jpg
2026-06-22,2026-06-22 00:11:01,94,BV1Aoja6GEkx,116771755395620,新三国up锐评老三国03：这首播版内容还真多,吃蛋挞的折棒,影视剪辑,影视,183,1571,1115805,10586,6553,62882,30153,9179,1259,1781834400,https://www.bilibili.com/video/BV1Aoja6GEkx,http://i1.hdslb.com/bfs/archive/b8983523a2ddb812e209d85b0f9a09a8e482dd19.jpg
2026-06-22,2026-06-22 00:11:01,95,BV1AyjA6ZEWn,116770933377885,《当你获得超能力：储存空间（0.01立方米）》,李为所,搞笑,娱乐,138,540,2608908,2043,3866,106365,4699,12164,735,1781784408,https://www.bilibili.com/video/BV1AyjA6ZEWn,http://i0.hdslb.com/bfs/archive/7b95a65473793123d1288e2c86fe8b506519f9a4.jpg
2026-06-22,2026-06-22 00:11:01,96,BV1s2jq6sETH,116775027087936,😋“鲁鲁逊漂流记”😋,沙雕Sanscul,影视剪辑,影视,183,378,640400,1147,905,70654,9754,21832,2846,1781845776,https://www.bilibili.com/video/BV1s2jq6sETH,http://i1.hdslb.com/bfs/archive/0d3e96881985e3c43a30aa1523f5f1fd4b6ee530.jpg
2026-06-22,2026-06-22 00:11:01,97,BV1BULf6BEk8,116768886496232,为什么把新娘的妆给卸了,虎牙刘牛,日常,生活,21,662,1445079,3032,2388,109564,4599,14595,2045,1781752076,https://www.bilibili.com/video/BV1BULf6BEk8,http://i0.hdslb.com/bfs/archive/de3b606d3426e522d5c8a8d574e3b6604bdb808c.jpg
2026-06-22,2026-06-22 00:11:01,98,BV12Gjn6kEP6,116781335187792,一个环艺老学长的填志愿忏悔录！,是莫叔叔吗,搞笑,娱乐,138,361,1218435,548,2193,130389,832,12210,940,1781942826,https://www.bilibili.com/video/BV12Gjn6kEP6,http://i0.hdslb.com/bfs/archive/814cbb7312342c2b6cc7179ae6a82b9e23ee79af.jpg
2026-06-22,2026-06-22 00:11:01,99,BV1sCLQ6fEPJ,116764943915704,助眠的破防瞬间,-高泽宇,搞笑,娱乐,138,62,4337619,1060,4534,292045,3692,31023,17495,1781702100,https://www.bilibili.com/video/BV1sCLQ6fEPJ,http://i2.hdslb.com/bfs/archive/a1705b747ac6c1830a59d0971c2b6e7ad39db000.jpg
2026-06-22,2026-06-22 00:11:01,100,BV1zUjY6iEzs,116772996912175,中文互联网最好的瞄准教学,时停tt,网络游戏,游戏,65,779,698757,284,1812,34351,10811,36482,4418,1781814589,https://www.bilibili.com/video/BV1zUjY6iEzs,http://i2.hdslb.com/bfs/archive/2074e6b62c1df3075ed8bba8c0a4d752b1891103.jpg
2026-06-22,2026-06-22 01:52:46,1,BV1oTjk6xEea,116778281796886,我发誓这是我看过最震撼的漫展爬台变装演唱！！,夏旬Natsuki,翻唱,音乐,31,84,4324812,1284,4482,511854,34146,51856,6106,1781947800,https://www.bilibili.com/video/BV1oTjk6xEea,http://i0.hdslb.com/bfs/archive/c937405b0e26e4652af142f494911c0cf97d0f26.jpg
2026-06-22,2026-06-22 01:52:46,2,BV1Cvjk6TEB3,116778046915958,🎨要看看这样的视频才有力气讨生活【三角洲】,牧牧川,单机游戏,游戏,17,192,3689526,681,2019,270907,9503,40692,2021,1781926200,https://www.bilibili.com/video/BV1Cvjk6TEB3,http://i1.hdslb.com/bfs/archive/9c3b114670250931e6264389d05a263039d091d9.jpg
2026-06-22,2026-06-22 01:52:46,3,BV1Ftjw6DEmL,116769557711688,假如所有人被迫看着死亡回归,00kk君,MAD·AMV,MAD·AMV,24,4786,2632449,10711,12332,181936,70542,126395,11872,1781762186,https://www.bilibili.com/video/BV1Ftjw6DEmL,http://i2.hdslb.com/bfs/archive/9ab9adff76a9f537e7fae8a493c60fc0fa60feb5.jpg
2026-06-22,2026-06-22 01:52:46,4,BV17BjB6UEeP,116776536902641,一坨泥巴也来跳迈克尔·杰克逊《顫栗》？,宅叔飞飞,手工,生活,161,67,3360976,400,1435,366705,80011,22313,2229,1781868799,https://www.bilibili.com/video/BV17BjB6UEeP,http://i0.hdslb.com/bfs/archive/8c7d6784a5fe4aa117f1c0c53696dadb050b0d1d.jpg
2026-06-22,2026-06-22 01:52:46,5,BV14VjF6HEGT,116768618060324,宇 宙 级 免 责 声 明,龙大人不喷火,鬼畜剧场,鬼畜剧场,216,92,5036662,2275,11152,319450,14956,27389,16488,1781780400,https://www.bilibili.com/video/BV14VjF6HEGT,http://i0.hdslb.com/bfs/archive/4089372d9471271137ac3ce69091a7ac0faf36f4.jpg
2026-06-22,2026-06-22 01:52:46,6,BV16Mjc6yEJd,116770430131075,《原神》至冬生态短片 - 凛寒的规约,原神,手机游戏,游戏,172,509,3629379,16710,18117,297337,76017,42588,39738,1781788200,https://www.bilibili.com/video/BV16Mjc6yEJd,http://i0.hdslb.com/bfs/archive/a55b011b2bb0d31974367c9a32c1f7257c6c2bc2.jpg
2026-06-22,2026-06-22 01:52:46,7,BV15Qj66mE5z,116776956336801,快乐 童年,榴莲阿呀,搞笑,娱乐,138,538,4054300,9096,10903,243522,63241,88510,3725,1781875232,https://www.bilibili.com/video/BV15Qj66mE5z,http://i1.hdslb.com/bfs/archive/fd70d470e4de0758969faf57cfd3f789c6e5e222.jpg
2026-06-22,2026-06-22 01:52:46,8,BV1wULQ64EB9,116764960825221,《绝区零》先导演示丨蕾米埃尔,哔哩哔哩游戏中心,手机游戏,游戏,172,91,2669277,6316,24717,195071,76830,40852,107045,1781920800,https://www.bilibili.com/video/BV1wULQ64EB9,http://i2.hdslb.com/bfs/archive/4373a99ec734fa760ccab2161d38ef6294815f24.jpg
2026-06-22,2026-06-22 01:52:46,9,BV1hNjw6vEa6,116769876347422,“啊，是关中王来了！”,三木刃,鬼畜剧场,鬼畜剧场,216,337,2620940,1476,2447,166875,20919,34004,4897,1781841300,https://www.bilibili.com/video/BV1hNjw6vEa6,http://i1.hdslb.com/bfs/archive/bfab94865def24138b661b7340eeed674179a6ea.jpg
2026-06-22,2026-06-22 01:52:46,10,BV1jbja6hE3o,116771990277534,炒菜好不好吃不是放多少调料而是掌握食材时间、火候、和烹饪技巧,灶台阿连,日常,生活,21,627,2274638,4083,7122,163753,18726,57180,6722,1781799497,https://www.bilibili.com/video/BV1jbja6hE3o,http://i1.hdslb.com/bfs/archive/ab2d3085ec3329c0de7ed86cda1263841a4753e4.jpg
2026-06-22,2026-06-22 01:52:46,11,BV1Nyjq6dENe,116775043801036,挑战你们说我像谁我就模仿谁！事情发展到这一步，已经越来越离谱了。。。,李如儒也是李蠕蠕,小剧场,娱乐,85,151,3203370,6330,4001,250567,24598,16432,2887,1781846144,https://www.bilibili.com/video/BV1Nyjq6dENe,http://i1.hdslb.com/bfs/archive/0a51f7b766b553eeecb0f09765a9c38db7b7b6c6.jpg
2026-06-22,2026-06-22 01:52:46,12,BV1LAjP61EbF,116770732120927,［甲鱼meme］水宝宝,烫甲鱼,绘画,绘画,162,167,2861337,639,2512,182368,7602,41755,4152,1781780089,https://www.bilibili.com/video/BV1LAjP61EbF,http://i2.hdslb.com/bfs/archive/82e7bc476c47722f23af20e620bb6c13f4ee3c75.jpg
2026-06-22,2026-06-22 01:52:46,13,BV1Pqjc6REiP,116770111295217,“孩子的第一新声你希望是什么”【波西米亚狂想曲】【超级加倍の小曲】,早睡起大王,音乐综合,音乐,130,156,3437897,10002,7536,247154,6280,89226,28011,1781771400,https://www.bilibili.com/video/BV1Pqjc6REiP,http://i1.hdslb.com/bfs/archive/d691ffd8bb12633ac11c3ea944602fe0c037e31c.jpg
2026-06-22,2026-06-22 01:52:46,14,BV1vwLX6yEM2,116765011221350,操 控 买 瓜,岩罗Crv,鬼畜剧场,鬼畜剧场,216,200,3021655,10678,4585,244326,85020,69463,21263,1781692838,https://www.bilibili.com/video/BV1vwLX6yEM2,http://i2.hdslb.com/bfs/archive/04e711636e551d2a581322fb9b21c4916ab63bfa.jpg
2026-06-22,2026-06-22 01:52:46,15,BV1nHja6KEA3,116771872835698,做律师没料到要去村里抓猪抵债。法官：我也没料到～,戴律请回答,社科·法律·心理,知识,124,972,1476990,2190,4190,148314,78747,14349,2634,1781835600,https://www.bilibili.com/video/BV1nHja6KEA3,http://i1.hdslb.com/bfs/archive/4d8f84e7426f13b922911fd6eaa5c8d849a2b1af.jpg
2026-06-22,2026-06-22 01:52:46,16,BV1wmjA6dEDF,116770564284361,知更鸟爆改耀斑（完整版）,金咸鱼,手机游戏,游戏,172,190,1425169,1234,5253,187376,14833,51489,31191,1781777799,https://www.bilibili.com/video/BV1wmjA6dEDF,http://i2.hdslb.com/bfs/archive/4d7ea8b39f8077d4875517dffd04c313f6261901.jpg
2026-06-22,2026-06-22 01:52:46,17,BV1cMjc61EL9,116770430194149,磨银墨写悬浮 李商隐《无题》,小秋习字,绘画,绘画,162,80,3850964,1986,3365,265689,7314,26899,3023,1781775628,https://www.bilibili.com/video/BV1cMjc61EL9,http://i1.hdslb.com/bfs/archive/d4681f759763d5562bd4a4347209a15aa66918be.jpg
2026-06-22,2026-06-22 01:52:46,18,BV1B6LR6tEcD,116765229057404,不同价格的声音,李肆言哟,日常,生活,21,91,7799640,4410,5725,511600,12719,50167,9810,1781696260,https://www.bilibili.com/video/BV1B6LR6tEcD,http://i1.hdslb.com/bfs/archive/1fcb1aec42c67f54ac0e69e48af78efe6abb0e27.jpg
2026-06-22,2026-06-22 01:52:46,19,BV1dJjv6PEpz,116774490085009,⚡秒 开 仙 人⚡,不抽象的真菌零_Jack,鬼畜调教,鬼畜,22,153,1143786,3362,4362,151766,6696,46460,12665,1781837474,https://www.bilibili.com/video/BV1dJjv6PEpz,http://i1.hdslb.com/bfs/archive/860876c570ba90ec71fa5c2d257d2736f690050f.jpg
2026-06-22,2026-06-22 01:52:46,20,BV1JKjH6iE6y,116782895470334,多少年了，人们还记得你真实的样子吗？,何大爷课堂,人文历史,知识,228,218,2746769,385,1771,180361,4611,10374,848,1781965957,https://www.bilibili.com/video/BV1JKjH6iE6y,http://i1.hdslb.com/bfs/archive/ce0fa067f5c90abd4ceb01108697be8f556ecd57.jpg
2026-06-22,2026-06-22 01:52:46,21,BV1Qtjq6iEoF,116775228278653,祝大家端午節快樂,台灣館長,日常,生活,21,17,3203567,11706,12462,552852,18930,37660,32261,1781848904,https://www.bilibili.com/video/BV1Qtjq6iEoF,http://i1.hdslb.com/bfs/archive/bdd921fa27274787b2e615a36e2417695d23128d.jpg
2026-06-22,2026-06-22 01:52:46,22,BV1Pujz6tEMM,116775932927915,没有赶不上的早八,张河清教授,日常,生活,21,25,4682651,1781,1927,531716,5941,28432,2047,1781859604,https://www.bilibili.com/video/BV1Pujz6tEMM,http://i2.hdslb.com/bfs/archive/a277e56a98fc32a94e934d36101d44508170e860.jpg
2026-06-22,2026-06-22 01:52:46,23,BV1uHjJ6mEpe,116781888833434,地牢酒馆-15集 《一支欢快的舞》,粘土工厂,单机游戏,游戏,17,265,1315758,4602,3063,162719,20736,17458,1828,1781951423,https://www.bilibili.com/video/BV1uHjJ6mEpe,http://i0.hdslb.com/bfs/archive/6b4c38e45f3f0de7eaf9b7ec420a773be89a3de3.jpg
2026-06-22,2026-06-22 01:52:46,24,BV1Dejq6aEVp,116774892738063,循环歌单|【像个白痴一样】|“【不会哄人の小曲】”,蛋某人音乐,乐评盘点,音乐,243,2993,2939325,438,4887,191297,5619,99544,3056,1781913600,https://www.bilibili.com/video/BV1Dejq6aEVp,http://i0.hdslb.com/bfs/archive/76d35bc1f4f338083694865437ba95ae366e46db.jpg
2026-06-22,2026-06-22 01:52:46,25,BV1dMjJ64Emt,116782241286100,新番时光机！十年前的观众都在看什么神片？「2016年4月篇」泛式,泛式,动漫杂谈,动画,253,1104,987497,12741,7671,103024,53800,23795,8695,1781955914,https://www.bilibili.com/video/BV1dMjJ64Emt,http://i2.hdslb.com/bfs/archive/81e6a2baf73a0864c80081301e66022a9641d9f3.jpg
2026-06-22,2026-06-22 01:52:46,26,BV1ZEjz6nER3,116775899368374,按到音乐键了,黄沙大圣圣,汪星人,汪星人,219,13,2792045,559,5346,248319,5405,43474,27193,1781859015,https://www.bilibili.com/video/BV1ZEjz6nER3,http://i2.hdslb.com/bfs/archive/948d86110fd0a8045495af7a2c5fdac595ce5df6.jpg
2026-06-22,2026-06-22 01:52:46,27,BV1pMjA6pEVx,116771067596968,史蒂夫也是请到高人了，胸肌比头都大【我是僵尸】,磊哥游戏,单机游戏,游戏,17,367,2497706,1536,2279,178424,11573,19858,1775,1781830800,https://www.bilibili.com/video/BV1pMjA6pEVx,http://i1.hdslb.com/bfs/archive/79b2a079a054ea11832f3b3ba0e5a920525e9d82.jpg
2026-06-22,2026-06-22 01:52:46,28,BV1Ndje6DEkS,116774674631565,【特效向】剧⚡终 但是成龙🐉,豪言の经理,鬼畜剧场,鬼畜剧场,216,131,1291265,1071,2060,153049,37992,35327,7957,1781840398,https://www.bilibili.com/video/BV1Ndje6DEkS,http://i0.hdslb.com/bfs/archive/9472cf3932257bbb43d2ed7c875116b0016e129d.jpg
2026-06-22,2026-06-22 01:52:46,29,BV199jJ6REJR,116781536511840,【干货】为什么不建议你今年考高考状元？,闪电侠-flash,校园学习,知识,208,149,1916652,2457,3420,201830,2046,12914,5947,1781949600,https://www.bilibili.com/video/BV199jJ6REJR,http://i1.hdslb.com/bfs/archive/e9e898756d4f16f348bd9866f5f50d18f0a74c2a.jpg
2026-06-22,2026-06-22 01:52:46,30,BV1imjh6bErF,116772174827175,一个跟头十万八千里2.0,孤鹜AH,搞笑,娱乐,138,151,2098404,601,1139,147812,4299,35183,8804,1781863200,https://www.bilibili.com/video/BV1imjh6bErF,http://i1.hdslb.com/bfs/archive/63af2fba214108093162b7977e0bfa42a5f0a242.jpg
2026-06-22,2026-06-22 01:52:46,31,BV1usjH6WEoz,116782694139715,曾沛慈｜《怎么说我不爱你》舞台,曾沛慈_TsengPets,明星综合,明星综合,137,279,1340736,15749,16142,72789,60966,26863,8385,1781962856,https://www.bilibili.com/video/BV1usjH6WEoz,http://i0.hdslb.com/bfs/archive/bb4c91ef35acc1e06800c178e2600fd8d5509e78.jpg
2026-06-22,2026-06-22 01:52:46,32,BV1L2jB6VEtj,116776251692569,【潘宏爱玩狗】最新视频来袭，快来看看吧！,潘宏爱玩狗,汪星人,汪星人,219,248,1303221,2252,2530,174045,10481,12192,1905,1781865081,https://www.bilibili.com/video/BV1L2jB6VEtj,http://i1.hdslb.com/bfs/archive/40496da5f89a0e49899b18803e8a64319fd0f3a9.jpg
2026-06-22,2026-06-22 01:52:46,33,BV1uyja6nEZY,116771621175583,送你个机器人女友#AI,90后的日常,影视剪辑,影视,183,206,1279995,4589,14448,132930,11110,23915,9449,1781793601,https://www.bilibili.com/video/BV1uyja6nEZY,http://i2.hdslb.com/bfs/archive/a8408ab240cbc1f57b155cb91d2a631688d5a0d2.jpg
2026-06-22,2026-06-22 01:52:46,34,BV1RJjv6PEQN,116774490087302,今天教大家如何跟女生说话,其实我是超级小孩,单机游戏,游戏,17,52,1762341,486,3909,244085,5607,59467,13775,1781837467,https://www.bilibili.com/video/BV1RJjv6PEQN,http://i2.hdslb.com/bfs/archive/2518c2fb18de178908b9c3b67ad646cefc88f7f0.jpg
2026-06-22,2026-06-22 01:52:46,35,BV1GDjB66EE9,116776134246683,花37天，破解上海最贵汉堡，成本只要。。。,绵羊料理,美食制作,美食,76,408,1560432,6965,1930,124721,50102,21494,3984,1781862487,https://www.bilibili.com/video/BV1GDjB66EE9,http://i0.hdslb.com/bfs/archive/b7f0e83cb8a595492fe7c45b2e56bc59b662e664.jpg
2026-06-22,2026-06-22 01:52:46,36,BV1rZjr6aErt,116778717938040,末日高架桥，我们被困了100天！,马里奥红叔,单机游戏,游戏,17,1463,999320,3459,1794,120759,46470,41029,1703,1781924400,https://www.bilibili.com/video/BV1rZjr6aErt,http://i0.hdslb.com/bfs/archive/112ae27cde1480e5ed760c9b5927159b8764e1e4.jpg
2026-06-22,2026-06-22 01:52:46,37,BV1KTJN6kEuG,116748099586045,⚡️JOJO x 迈克尔杰克逊⚡️顶级智斗の【假死避雷】,Mr丶Ass,综合,综合,27,538,1727007,3225,2337,122560,25533,30834,10476,1781773200,https://www.bilibili.com/video/BV1KTJN6kEuG,http://i0.hdslb.com/bfs/archive/a526c48f6d7a7001202d512beb7f289dc455b206.jpg
2026-06-22,2026-06-22 01:52:46,38,BV1U6jz6KErp,116777744867001,王老菊教你断剑奇侠·S3-ep00：包氏创业记,怕上火暴王老菊,单机游戏,游戏,17,4658,1184179,13781,7452,75176,66780,24986,7535,1781887258,https://www.bilibili.com/video/BV1U6jz6KErp,http://i1.hdslb.com/bfs/archive/554ab808c05612b25535d00af53cccaff6bee7ae.jpg
2026-06-22,2026-06-22 01:52:46,39,BV1Sijq6cEqp,116774808850573,【plolt】我为什么突然开始做故事版了,plolt,同人·手书,动画,47,562,891397,476,1186,142685,13563,21391,550,1781843400,https://www.bilibili.com/video/BV1Sijq6cEqp,http://i1.hdslb.com/bfs/archive/a45b8941d12ba649dd855eac13e6822cb21defa3.jpg
2026-06-22,2026-06-22 01:52:46,40,BV1yqjc69ESj,116770111227815,一盆面粉直接倒进开水里，面点老师傅教你炸糖糕的详细做法~,品诺美食开课啦,美食制作,美食,76,199,1692404,917,2161,158109,8267,29124,2809,1781777400,https://www.bilibili.com/video/BV1yqjc69ESj,http://i1.hdslb.com/bfs/archive/05a9fa11eca447aaff06fcef3c36ba849c2c578a.jpg
2026-06-22,2026-06-22 01:52:46,41,BV1RSj76SEhJ,116780747985960,【究极佐菲格斗】第四集 奥特兄弟暗杀计划！佐菲机器人 雷欧 泰罗 爱迪 黑暗星人巴巴尔 登场,Dennis飞昊,特摄,动画,86,1034,1031520,3257,3921,78237,63982,33364,8391,1781932942,https://www.bilibili.com/video/BV1RSj76SEhJ,http://i1.hdslb.com/bfs/archive/8609ad0d770e88507e1b65a46221b41d8ea40af4.jpg
2026-06-22,2026-06-22 01:52:46,42,BV1MNjC62EVv,116780127227543,美国要给伊朗赔款,燕三嘤嘤嘤,人文历史,知识,228,1122,2189397,8516,5451,114051,23430,18199,2640,1781927400,https://www.bilibili.com/video/BV1MNjC62EVv,http://i2.hdslb.com/bfs/archive/787956eaf6b9381b36339aaf595081152abadcf0.jpg
2026-06-22,2026-06-22 01:52:46,43,BV1BHjz6JEYR,116776067275498,游 龙,杨齐家_,单机游戏,游戏,17,1021,2252017,11330,32026,132948,15023,21823,1374,1781861701,https://www.bilibili.com/video/BV1BHjz6JEYR,http://i2.hdslb.com/bfs/archive/9cd16777210d57d4707e7989f160f598afd22677.jpg
2026-06-22,2026-06-22 01:52:46,44,BV1iZjc6gEJr,116769893128777,来赣州包个鱼塘，帮少年减轻家庭重担，鱼多鱼少不重要，得让孩子安心完成学业,李维刚的日常,三农,生活,251,635,933577,3839,4235,119514,88854,6194,1355,1781946000,https://www.bilibili.com/video/BV1iZjc6gEJr,http://i0.hdslb.com/bfs/archive/68345d040fbae81a977a9631c9d78df717416345.jpg
2026-06-22,2026-06-22 01:52:46,45,BV1Lnjv6eE76,116774406262942,这恐怖的细节还是三角洲吗？核工作者带你感受核电站的种种还原！,Key725,网络游戏,游戏,65,1559,2522702,5521,3889,119637,7282,41532,4897,1781870466,https://www.bilibili.com/video/BV1Lnjv6eE76,http://i1.hdslb.com/bfs/archive/0b500acd1480b98bfb94a76ca22399ff785a228e.jpg
2026-06-22,2026-06-22 01:52:46,46,BV1mVjw6FEpX,116769524091628,《崩坏：星穹铁道》× 绿联联动小曲 | 爻光充能手势曲,帕姆的收藏夹,娱乐粉丝创作,娱乐,242,32,2544480,1915,8005,344733,21792,73925,39733,1781776800,https://www.bilibili.com/video/BV1mVjw6FEpX,http://i0.hdslb.com/bfs/archive/bf2ccd843ca7fdf49f3738dd0a9dc8cfb6b5e61a.jpg
2026-06-22,2026-06-22 01:52:46,47,BV1Tdjw6hEnT,116771470180736,瑞平cosIP从夯到拉,陈年老叶_YE,仿妆cos,时尚,252,327,1130782,2777,6225,128858,14502,22418,15643,1781791402,https://www.bilibili.com/video/BV1Tdjw6hEnT,http://i1.hdslb.com/bfs/archive/657e5add279286c07b3dcf420eb59456da8b281b.jpg
2026-06-22,2026-06-22 01:52:46,48,BV1EdLQ6DEnk,116765078133274,🍄2026最有深度的说唱🍄,纸片马力欧,日常,生活,21,56,2892050,879,5281,286365,12160,61852,36636,1781693849,https://www.bilibili.com/video/BV1EdLQ6DEnk,http://i1.hdslb.com/bfs/archive/1ddad6d7cacde25a39ba1e74002c5d18727efd01.jpg
2026-06-22,2026-06-22 01:52:46,49,BV1aKjP6kE2F,116770631322253,有一个国家，半数人灵活就业，劳动法形同废纸,耳畔的猫头鹰,运动文化,运动文化,237,260,1384565,27127,11144,104669,25431,23442,22690,1781778884,https://www.bilibili.com/video/BV1aKjP6kE2F,http://i2.hdslb.com/bfs/archive/01d96ea8ae2de2a0aad812aaf711fb4058dac8be.jpg
2026-06-22,2026-06-22 01:52:46,50,BV1oZLQ6EEUE,116765061291679,要不说警方卧底都是人才！！！把我笑惨了！,谈苏阳,野生技能协会,野生技能协会,122,415,3535755,5556,2945,222299,17391,21754,4350,1781693713,https://www.bilibili.com/video/BV1oZLQ6EEUE,http://i2.hdslb.com/bfs/archive/1a23cbec593cbc43238681e184d312f37a0a910a.jpg
2026-06-22,2026-06-22 01:52:46,51,BV1RXjJ6xEur,116781553287621,【TF家族练习生】《突围II破局》先导片,TF家族,明星综合,明星综合,137,2035,1507896,1042523,15931,81374,8799,31677,3569,1781953200,https://www.bilibili.com/video/BV1RXjJ6xEur,http://i0.hdslb.com/bfs/archive/aaa47f5a479a534903218d33c24af6b22221c58d.jpg
2026-06-22,2026-06-22 01:52:46,52,BV1YNjP6VEr6,116770648098260,我 伪 装,阴间滴贰哈鸽鸽,单机游戏,游戏,17,560,2740139,1908,1461,118932,3395,21605,11653,1781779073,https://www.bilibili.com/video/BV1YNjP6VEr6,http://i1.hdslb.com/bfs/archive/aad734a51fb0edd1446ad186f77bf3c9a7eb5c35.jpg
2026-06-22,2026-06-22 01:52:46,53,BV1xXjn6LEwc,116783247787866,人，停下！,幸仁儿鲨,绘画,绘画,162,475,706870,5927,5022,81248,26578,33542,2156,1781971350,https://www.bilibili.com/video/BV1xXjn6LEwc,http://i2.hdslb.com/bfs/archive/cfe6b10df7f5630e9cb80f9edffe4b9a15c6024a.jpg
2026-06-22,2026-06-22 01:52:46,54,BV12JLX6PEA4,116764625077719,“以前的小孩vs现在的小孩”,数码宝贝坤,搞笑,娱乐,138,11,3772964,409,5706,240592,1342,17521,3102,1781755200,https://www.bilibili.com/video/BV12JLX6PEA4,http://i0.hdslb.com/bfs/archive/24846c832347f7613d6e863a3e323720e2bf2e4d.jpg
2026-06-22,2026-06-22 01:52:46,55,BV1NRjF6WEo5,116770312554363,史上最牛烤鱼店！整个楼层全倒闭！8年老店到底有多好吃？（江苏）@勇哥餐饮原创,勇哥餐饮避坑指南,日常,生活,21,1209,2274187,4328,8883,118823,5306,17040,12714,1781774030,https://www.bilibili.com/video/BV1NRjF6WEo5,http://i1.hdslb.com/bfs/archive/1ec68b4b2c3f30cd811e3fb34693cbc9ce03d001.jpg
2026-06-22,2026-06-22 01:52:46,56,BV1DKjp6sESX,116782442483852,新金蝉脱壳,Y的生存手记,综合,综合,27,534,947260,2263,4042,96494,2106,29168,619,1781958906,https://www.bilibili.com/video/BV1DKjp6sESX,http://i1.hdslb.com/bfs/archive/f7b66f77c006bb86c17cf6ef1501dfcc4cf5cb8d.png
2026-06-22,2026-06-22 01:52:46,57,BV1adjJ6sE1D,116781721193950,大学禁止和课本谈恋爱！！！,快乐的台长,日常,生活,21,335,1127289,1345,1390,140610,4282,33943,4046,1781948457,https://www.bilibili.com/video/BV1adjJ6sE1D,http://i1.hdslb.com/bfs/archive/a6efce7bf64d83e1007d6f491da2e923dc3d746c.jpg
2026-06-22,2026-06-22 01:52:46,58,BV1txjk6VEek,116778080405500,马西西位！🤯🤯🤯🤯,Team_Spirit,日常,生活,21,31,2677973,692,8746,201835,18146,15389,14744,1781892376,https://www.bilibili.com/video/BV1txjk6VEek,http://i0.hdslb.com/bfs/archive/186291f5cb166207208b9f64b08af7fbf2686906.jpg
2026-06-22,2026-06-22 01:52:46,59,BV1K3jn65ECR,116781352032938,躲在超市后门智斗的二人,沃滋基-尼,综合,综合,27,92,1243738,1241,4341,153849,8745,36712,17594,1781942609,https://www.bilibili.com/video/BV1K3jn65ECR,http://i0.hdslb.com/bfs/archive/bdab827cde03d4f1eddf9ceb001b20129cc95c54.jpg
2026-06-22,2026-06-22 01:52:46,60,BV1cNjc62Ey5,116770262227635,0代码基础，竟然做出了爆款APP？【B站AI创造公开赛】,大宽大宽,数码,科技,95,317,1132260,663,1499,120915,6792,27632,14401,1781784000,https://www.bilibili.com/video/BV1cNjc62Ey5,http://i0.hdslb.com/bfs/archive/eb12c1ce5bf3901bbb3d4efb389c55ff4ca6004c.jpg
2026-06-22,2026-06-22 01:52:46,61,BV1cNjc62Edi,116770262225952,故意带嘴硬男友去外面撸宠物蟑螂…他差点被双马尾吓哭！,是王小白呀,日常,生活,21,550,4969065,3945,2432,132969,3313,17548,4826,1781773506,https://www.bilibili.com/video/BV1cNjc62Edi,http://i1.hdslb.com/bfs/archive/ef9a657b0abdd65edac669ce3236abe6a14ca201.jpg
2026-06-22,2026-06-22 01:52:46,62,BV1Bfjq6LEDi,116776771784834,【洛天依原创】人是猫,张卡斯,VOCALOID·UTAU,VOCALOID·UTAU,30,133,429127,739,3025,114385,26605,59831,9485,1781872274,https://www.bilibili.com/video/BV1Bfjq6LEDi,http://i0.hdslb.com/bfs/archive/7a760fc57dd165eaa62e96849c3757524f842c7b.jpg
2026-06-22,2026-06-22 01:52:46,63,BV1eNLR6pERL,116765816392974,一扇没关的窗，闯进了一身防备的流浪猫妈妈暖暖，也打开了我温柔善良的另一人生。原来善良从来不是单向的付出，你温柔待众生，众生亦会温柔予你。,奇迹男孩1998,喵星人,喵星人,218,458,1197356,3145,5998,218966,133894,24811,2475,1781705143,https://www.bilibili.com/video/BV1eNLR6pERL,http://i2.hdslb.com/bfs/archive/344ae88b1d159c4491e20618c3b67f5d9035ed95.jpg
2026-06-22,2026-06-22 01:52:46,64,BV1USjC61EFe,116779573582726,治沙人,沙漠里的四妹,三农,生活,251,14,736774,1536,1925,259319,19393,4765,154,1781915068,https://www.bilibili.com/video/BV1USjC61EFe,http://i1.hdslb.com/bfs/archive/0ac158a54177ad00bc812a809b0e9dab9edbd46a.jpg
2026-06-22,2026-06-22 01:52:46,65,BV1WFjW6EEMQ,116783734328117,《独家记忆》,王濛,明星综合,明星综合,137,320,847348,9360,11790,53015,51340,14920,4058,1781978557,https://www.bilibili.com/video/BV1WFjW6EEMQ,http://i1.hdslb.com/bfs/archive/7d952ec82a9aaf29c190029494576c283ac9ffd5.jpg
2026-06-22,2026-06-22 01:52:46,66,BV1MnjB6wEiB,116776469927608,请吃我画的鬼泣动画,台古_Taigu,同人·手书,动画,47,26,837851,174,1924,158131,28298,39935,6633,1781867758,https://www.bilibili.com/video/BV1MnjB6wEiB,http://i1.hdslb.com/bfs/archive/1dd96e8863e516ea883bc2ad0f670b011cbe00fd.jpg
2026-06-22,2026-06-22 01:52:46,67,BV1B4jn6AEGW,116781385516992,百年真心！终于重逢！《凡人修仙传》179逐帧解析,利维坦mY,动漫杂谈,动画,253,937,818473,6952,7684,74697,53979,9338,2453,1781949900,https://www.bilibili.com/video/BV1B4jn6AEGW,http://i2.hdslb.com/bfs/archive/d8106b030d97cdc30ee38dde90e3f42a07a06af3.jpg
2026-06-22,2026-06-22 01:52:46,68,BV1aqjE6mEid,116780160782699,你cos我憋笑挑战,我是易拉爆,日常,生活,21,73,2589310,667,1514,165192,2149,26034,5096,1781923956,https://www.bilibili.com/video/BV1aqjE6mEid,http://i0.hdslb.com/bfs/archive/57352c8c5bc8fe7b8ba2d61d6d5c028d1d3d9bc7.jpg
2026-06-22,2026-06-22 01:52:46,69,BV1Tqjq6hEHF,116774792138101,我只是做错了事，可我不是坏孩子,源小仔,亲子,生活,254,114,1234369,2842,1342,134265,64401,25653,453,1781842522,https://www.bilibili.com/video/BV1Tqjq6hEHF,http://i2.hdslb.com/bfs/archive/767c3396b8774d2ea06329d31ffbd78cab9401dd.jpg
2026-06-22,2026-06-22 01:52:46,70,BV1ATjz6fERC,116775949700075,“如果世界不温柔 可以让来我试试”,王子不会拍,日常,生活,21,220,838490,868,1477,105046,47805,10218,617,1781859857,https://www.bilibili.com/video/BV1ATjz6fERC,http://i0.hdslb.com/bfs/archive/ea683cc8fdd490fda58a6b1e3fa70931c588aa5b.jpg
2026-06-22,2026-06-22 01:52:46,71,BV1Fgjv63EPc,116774255206106,12岁男孩偷开邻居车辆，独自在高速路行驶6小时后，被收费站工作人员发现并报警。交警提醒：未成年人无证驾驶，监护人需承担相应法律责任。请家长务必履行监护职责！,快看,亲子,生活,254,57,3788327,0,4856,189110,1256,6661,5210,1781834002,https://www.bilibili.com/video/BV1Fgjv63EPc,http://i2.hdslb.com/bfs/archive/b90144bed856a020b20d07949d5e246569be7bba.jpg
2026-06-22,2026-06-22 01:52:46,72,BV125jF6DELp,116768668456451,新娘农瘾有点重啊,浮世清欢落颜,搞笑,娱乐,138,18,4495110,1856,3187,336106,8231,15483,2818,1781748503,https://www.bilibili.com/video/BV125jF6DELp,http://i1.hdslb.com/bfs/archive/bd10735e3a5ebdab93f2115d56c192c5dcf2f2ab.jpg
2026-06-22,2026-06-22 01:52:46,73,BV1w2LQ6ZEoA,116764977594634,小猫meme,待到春来冬夏去,绘画,绘画,162,19,1035360,465,3497,216151,11358,69541,10662,1781692216,https://www.bilibili.com/video/BV1w2LQ6ZEoA,http://i1.hdslb.com/bfs/archive/fd5bd223f1d24198a470c8bcce0952882843e3fb.jpg
2026-06-22,2026-06-22 01:52:46,74,BV1wLjz6WEw5,116775865815369,《红脸的关公战长沙》,龙馍馍,动物二创,动物二创,220,90,1388850,466,1232,127675,23160,21261,15195,1781913600,https://www.bilibili.com/video/BV1wLjz6WEw5,http://i0.hdslb.com/bfs/archive/f8766e70c711a7a264a42b0464ef54fe915949c2.jpg
2026-06-22,2026-06-22 01:52:46,75,BV1EHjE6fEhG,116780664226179,咱兄弟俩真是这个👍（端午大合集）,亿本満足,日常,生活,21,7632,965240,2142,1604,72616,6632,33471,1337,1781932103,https://www.bilibili.com/video/BV1EHjE6fEhG,http://i1.hdslb.com/bfs/archive/6379f6d8484e6bdf5dc21d458a1bf7343d06a6e3.jpg
2026-06-22,2026-06-22 01:52:46,76,BV1ypjV6XEHU,116760246360878,空岛二选一，水桶还是岩浆？,中华Silens丶哟,单机游戏,游戏,17,483,1544841,626,633,106311,5984,12392,2034,1781775000,https://www.bilibili.com/video/BV1ypjV6XEHU,http://i0.hdslb.com/bfs/archive/ea5e2b9080a311e1f0f0ff7450b54ab96cfa8466.jpg
2026-06-22,2026-06-22 01:52:46,77,BV1P1LQ6tEM1,116764927071967,那些美好的动物视频！,蒙哥马利愛学习,动物二创,动物二创,220,401,2587012,2069,2483,196850,2283,14437,2030,1781691731,https://www.bilibili.com/video/BV1P1LQ6tEM1,http://i0.hdslb.com/bfs/archive/4b9d7016a1a67c118033eeddbbe35b33ce4d84b4.jpg
2026-06-22,2026-06-22 01:52:46,78,BV1Xnjc6vEVG,116770027341825,提前给我超有眼光的100万个粉丝剪个彩！,AL光,手机游戏,游戏,172,17,476231,171,958,280021,11156,50362,1118,1781786100,https://www.bilibili.com/video/BV1Xnjc6vEVG,http://i1.hdslb.com/bfs/archive/ce7eb2c9d4f38c37a3ecd37a81801e0141969336.jpg
2026-06-22,2026-06-22 01:52:46,79,BV1K3jC6kEX1,116780060121777,《鸣潮》巡回演唱会「致予新世界」预告动画,鸣潮,手机游戏,游戏,172,106,1554121,1937,5498,96083,39944,23850,15425,1781924400,https://www.bilibili.com/video/BV1K3jC6kEX1,http://i1.hdslb.com/bfs/archive/9abf9ecaffbd55cab43ad74807aa69e249997b36.jpg
2026-06-22,2026-06-22 01:52:46,80,BV1qFjB6yEzQ,116776687901421,抓老鼠,麻薯饭堂,同人·手书,动画,47,26,1236523,396,1347,133646,7511,48937,3362,1781871111,https://www.bilibili.com/video/BV1qFjB6yEzQ,http://i0.hdslb.com/bfs/archive/f7a5d82b72fcb889a66b33613e08369c1b75f771.jpg
2026-06-22,2026-06-22 01:52:46,81,BV13Yjq6PEvg,116774909579313,《魔女规则怪谈》,是许木木啊,日常,生活,21,1788,791699,6388,3331,78544,12960,16310,2188,1781861400,https://www.bilibili.com/video/BV13Yjq6PEvg,http://i0.hdslb.com/bfs/archive/ca86b69fdcb56bcbd814f68cba25543982134764.jpg
2026-06-22,2026-06-22 01:52:46,82,BV1EMjc6yExi,116770430060662,神奇的魔法王冠,路西法Lusiferr,搞笑,娱乐,138,15,3589100,507,5701,187495,1928,11647,5088,1781784000,https://www.bilibili.com/video/BV1EMjc6yExi,http://i0.hdslb.com/bfs/archive/65097cf6e407553f76561bcf8641ce303dba3328.jpg
2026-06-22,2026-06-22 01:52:46,83,BV1KQja61E2M,116771805732393,高二期末已经慌了？重难点在此！,一数,校园学习,知识,208,5252,539027,3327,2258,62015,7109,37038,2442,1781833575,https://www.bilibili.com/video/BV1KQja61E2M,http://i1.hdslb.com/bfs/archive/9edaad467e80f51a96c62ac0e1d9c6469e8bd49c.jpg
2026-06-22,2026-06-22 01:52:46,84,BV1yTL96wEij,116764105053777,厨师长下班了在厨房里偷偷开小灶，剩了点海鲜没卖出去，捞汁小海鲜，猪排海肠捞饭,张森的下班料理,美食记录,美食,215,1230,1305192,3712,1447,100253,4895,10246,2324,1781859600,https://www.bilibili.com/video/BV1yTL96wEij,http://i1.hdslb.com/bfs/archive/efca4b90eb7299ad4638085e92e614b5b96e4552.jpg
2026-06-22,2026-06-22 01:52:46,85,BV1RSj76SEXn,116780747985261,你看不起的工作，可能是别人考不进去的门槛,如见未来AI,影视剪辑,影视,183,44,2265945,674,4020,156893,1046,20175,1967,1781932918,https://www.bilibili.com/video/BV1RSj76SEXn,http://i1.hdslb.com/bfs/archive/8c63f016f8287b11fb8f15f4852c38974dfd487e.jpg
2026-06-22,2026-06-22 01:52:46,86,BV1A7ju66EGc,116758635616950,没办法，我就是这样一个优秀的人啊！🧚🏻‍♀️,papi酱,短片,动画,256,145,1039516,767,1320,130850,13707,5792,4261,1781863200,https://www.bilibili.com/video/BV1A7ju66EGc,http://i2.hdslb.com/bfs/archive/597cc554ab8603eb091bcc21a195ae5fce7826f1.jpg
2026-06-22,2026-06-22 01:52:46,87,BV11djF6XEkV,116770295914116,豆包决定随机金额吃一天！豆包是会配餐的,嘴嘴深夜食堂,美食测评,美食,213,324,2527085,1349,947,174771,2068,23837,459,1781775000,https://www.bilibili.com/video/BV11djF6XEkV,http://i2.hdslb.com/bfs/archive/9507d11fa5199d5ff2cfa8370cf67b9e86f73deb.jpg
2026-06-22,2026-06-22 01:52:46,88,BV1qdjA6JExQ,116770547436927,当我忘记自己早已不再是18岁,CCCmlng小陈不憨,小剧场,娱乐,85,55,4281685,621,1206,204943,2463,20037,3386,1781777440,https://www.bilibili.com/video/BV1qdjA6JExQ,http://i1.hdslb.com/bfs/archive/cd9fb4626c08ca1792780613e09573220c6b29e2.jpg
2026-06-22,2026-06-22 01:52:46,89,BV1XtjA6BEtS,116770782318985,代理人档案丨蕾米埃尔,绝区零第一可爱兔宝,手机游戏,游戏,172,17,1002656,2346,8006,132701,20398,19810,14317,1781920800,https://www.bilibili.com/video/BV1XtjA6BEtS,http://i1.hdslb.com/bfs/archive/7e10ac96f8e47755f67c160de3ddb48e7345097f.jpg
2026-06-22,2026-06-22 01:52:46,90,BV1aZLo69Emm,116768215404781,特朗普太好笑了！G7记者会现场，梦到哪句说哪句,小王Albert,人文历史,知识,228,525,2851583,7608,5543,169658,37618,21556,17418,1781741913,https://www.bilibili.com/video/BV1aZLo69Emm,http://i1.hdslb.com/bfs/archive/cf89405ea5fbec111da51bbc28c2b97d5762446d.jpg
2026-06-22,2026-06-22 01:52:46,91,BV1QLLo6pEJJ,116766269246386,虽说是个无所谓的夜晚 但我想成为你的恋人,鐘董_,综合,综合,27,35,809645,200,2833,160746,8369,73039,5141,1781712123,https://www.bilibili.com/video/BV1QLLo6pEJJ,http://i1.hdslb.com/bfs/archive/a942621bffb4f834dcf478074a033280f67e70c1.jpg
2026-06-22,2026-06-22 01:52:46,92,BV1Aoja6GEkx,116771755395620,新三国up锐评老三国03：这首播版内容还真多,吃蛋挞的折棒,影视剪辑,影视,183,1571,1122776,10698,6575,63096,30279,9204,1262,1781834400,https://www.bilibili.com/video/BV1Aoja6GEkx,http://i1.hdslb.com/bfs/archive/b8983523a2ddb812e209d85b0f9a09a8e482dd19.jpg
2026-06-22,2026-06-22 01:52:46,93,BV1s2jq6sETH,116775027087936,😋“鲁鲁逊漂流记”😋,沙雕Sanscul,影视剪辑,影视,183,378,643208,1150,908,71015,9798,21937,2864,1781845776,https://www.bilibili.com/video/BV1s2jq6sETH,http://i1.hdslb.com/bfs/archive/0d3e96881985e3c43a30aa1523f5f1fd4b6ee530.jpg
2026-06-22,2026-06-22 01:52:46,94,BV1AyjA6ZEWn,116770933377885,《当你获得超能力：储存空间（0.01立方米）》,李为所,搞笑,娱乐,138,540,2619723,2060,3901,106939,4742,12231,747,1781784408,https://www.bilibili.com/video/BV1AyjA6ZEWn,http://i0.hdslb.com/bfs/archive/7b95a65473793123d1288e2c86fe8b506519f9a4.jpg
2026-06-22,2026-06-22 01:52:46,95,BV1zUjY6iEzs,116772996912175,中文互联网最好的瞄准教学,时停tt,网络游戏,游戏,65,779,701786,284,1821,34604,10937,36771,4472,1781814589,https://www.bilibili.com/video/BV1zUjY6iEzs,http://i2.hdslb.com/bfs/archive/2074e6b62c1df3075ed8bba8c0a4d752b1891103.jpg
2026-06-22,2026-06-22 01:52:46,96,BV12Gjn6kEP6,116781335187792,一个环艺老学长的填志愿忏悔录！,是莫叔叔吗,搞笑,娱乐,138,361,1219897,551,2219,130531,840,12229,949,1781942826,https://www.bilibili.com/video/BV12Gjn6kEP6,http://i0.hdslb.com/bfs/archive/814cbb7312342c2b6cc7179ae6a82b9e23ee79af.jpg
2026-06-22,2026-06-22 01:52:46,97,BV1J8je6BELz,116772879471659,跟资本对赌！最不吃压力之人 把资本家逼上绝路《一掷千金》,沫子瞪片,影视杂谈,影视,182,1056,1829714,13684,3674,70082,6332,10791,2729,1781839800,https://www.bilibili.com/video/BV1J8je6BELz,http://i2.hdslb.com/bfs/archive/4e5796236716bf68809cb86ec84db170e91cf6ca.jpg
2026-06-22,2026-06-22 01:52:46,98,BV1QdjJ6WEXe,116781721063124,评论区摄影大赛梦核篇开启，今天是善良人格，欢迎投稿好的作品会让更多人看到。,摄影恩哥,日常,生活,21,108,2070621,1149,4281,123896,1115,9675,343,1781948068,https://www.bilibili.com/video/BV1QdjJ6WEXe,http://i0.hdslb.com/bfs/archive/4ed53967ff14e4b0ff9827f165ead7dbd344d674.jpg
2026-06-22,2026-06-22 01:52:46,99,BV1BULf6BEk8,116768886496232,为什么把新娘的妆给卸了,虎牙刘牛,日常,生活,21,662,1463061,3103,2428,110927,4660,14762,2071,1781752076,https://www.bilibili.com/video/BV1BULf6BEk8,http://i0.hdslb.com/bfs/archive/de3b606d3426e522d5c8a8d574e3b6604bdb808c.jpg
2026-06-22,2026-06-22 01:52:46,100,BV1NkjA6FEEu,116770899820826,一个世界杯巨星，毁了全世界网友对长腿金发美女的期待,BB姬Studio,足球,足球,249,984,2470098,4498,3219,57276,11596,15595,7249,1781782775,https://www.bilibili.com/video/BV1NkjA6FEEu,http://i1.hdslb.com/bfs/archive/0addda06e13618a0f961d27c66b1662811bc1b38.jpg
2026-06-22,2026-06-22 05:42:12,1,BV1oTjk6xEea,116778281796886,我发誓这是我看过最震撼的漫展爬台变装演唱！！,夏旬Natsuki,翻唱,音乐,31,84,4428706,1315,4583,524277,35422,53569,6340,1781947800,https://www.bilibili.com/video/BV1oTjk6xEea,http://i0.hdslb.com/bfs/archive/c937405b0e26e4652af142f494911c0cf97d0f26.jpg
2026-06-22,2026-06-22 05:42:12,2,BV1Cvjk6TEB3,116778046915958,🎨要看看这样的视频才有力气讨生活【三角洲】,牧牧川,单机游戏,游戏,17,192,3726286,683,2040,273704,9673,41084,2063,1781926200,https://www.bilibili.com/video/BV1Cvjk6TEB3,http://i1.hdslb.com/bfs/archive/9c3b114670250931e6264389d05a263039d091d9.jpg
2026-06-22,2026-06-22 05:42:12,3,BV17BjB6UEeP,116776536902641,一坨泥巴也来跳迈克尔·杰克逊《顫栗》？,宅叔飞飞,手工,生活,161,67,3384903,401,1449,369548,80641,22546,2249,1781868799,https://www.bilibili.com/video/BV17BjB6UEeP,http://i0.hdslb.com/bfs/archive/8c7d6784a5fe4aa117f1c0c53696dadb050b0d1d.jpg
2026-06-22,2026-06-22 05:42:12,4,BV14VjF6HEGT,116768618060324,宇 宙 级 免 责 声 明,龙大人不喷火,鬼畜剧场,鬼畜剧场,216,92,5082566,2287,11278,322215,15134,27665,16649,1781780400,https://www.bilibili.com/video/BV14VjF6HEGT,http://i0.hdslb.com/bfs/archive/4089372d9471271137ac3ce69091a7ac0faf36f4.jpg
2026-06-22,2026-06-22 05:42:12,5,BV15Qj66mE5z,116776956336801,快乐 童年,榴莲阿呀,搞笑,娱乐,138,538,4073242,9149,10985,245043,63641,88810,3767,1781875232,https://www.bilibili.com/video/BV15Qj66mE5z,http://i1.hdslb.com/bfs/archive/fd70d470e4de0758969faf57cfd3f789c6e5e222.jpg
2026-06-22,2026-06-22 05:42:12,6,BV1Ftjw6DEmL,116769557711688,假如所有人被迫看着死亡回归,00kk君,MAD·AMV,MAD·AMV,24,4786,2669203,10935,12413,183846,71243,127869,11996,1781762186,https://www.bilibili.com/video/BV1Ftjw6DEmL,http://i2.hdslb.com/bfs/archive/9ab9adff76a9f537e7fae8a493c60fc0fa60feb5.jpg
2026-06-22,2026-06-22 05:42:12,7,BV1wULQ64EB9,116764960825221,《绝区零》先导演示丨蕾米埃尔,哔哩哔哩游戏中心,手机游戏,游戏,172,91,2690813,6340,24743,195680,77023,41002,107179,1781920800,https://www.bilibili.com/video/BV1wULQ64EB9,http://i2.hdslb.com/bfs/archive/4373a99ec734fa760ccab2161d38ef6294815f24.jpg
2026-06-22,2026-06-22 05:42:12,8,BV16Mjc6yEJd,116770430131075,《原神》至冬生态短片 - 凛寒的规约,原神,手机游戏,游戏,172,509,3633115,16722,18127,297546,76067,42617,39743,1781788200,https://www.bilibili.com/video/BV16Mjc6yEJd,http://i0.hdslb.com/bfs/archive/a55b011b2bb0d31974367c9a32c1f7257c6c2bc2.jpg
2026-06-22,2026-06-22 05:42:12,9,BV1jbja6hE3o,116771990277534,炒菜好不好吃不是放多少调料而是掌握食材时间、火候、和烹饪技巧,灶台阿连,日常,生活,21,627,2295397,4132,7223,165863,19043,58374,6805,1781799497,https://www.bilibili.com/video/BV1jbja6hE3o,http://i1.hdslb.com/bfs/archive/ab2d3085ec3329c0de7ed86cda1263841a4753e4.jpg
2026-06-22,2026-06-22 05:42:12,10,BV1hNjw6vEa6,116769876347422,“啊，是关中王来了！”,三木刃,鬼畜剧场,鬼畜剧场,216,337,2637378,1481,2472,167493,21051,34189,4938,1781841300,https://www.bilibili.com/video/BV1hNjw6vEa6,http://i1.hdslb.com/bfs/archive/bfab94865def24138b661b7340eeed674179a6ea.jpg
2026-06-22,2026-06-22 05:42:12,11,BV1Nyjq6dENe,116775043801036,挑战你们说我像谁我就模仿谁！事情发展到这一步，已经越来越离谱了。。。,李如儒也是李蠕蠕,小剧场,娱乐,85,151,3215080,6358,4021,251644,24714,16512,2920,1781846144,https://www.bilibili.com/video/BV1Nyjq6dENe,http://i1.hdslb.com/bfs/archive/0a51f7b766b553eeecb0f09765a9c38db7b7b6c6.jpg
2026-06-22,2026-06-22 05:42:12,12,BV1LAjP61EbF,116770732120927,［甲鱼meme］水宝宝,烫甲鱼,绘画,绘画,162,167,2873034,646,2551,183352,7677,42085,4183,1781780089,https://www.bilibili.com/video/BV1LAjP61EbF,http://i2.hdslb.com/bfs/archive/82e7bc476c47722f23af20e620bb6c13f4ee3c75.jpg
2026-06-22,2026-06-22 05:42:12,13,BV1Pqjc6REiP,116770111295217,“孩子的第一新声你希望是什么”【波西米亚狂想曲】【超级加倍の小曲】,早睡起大王,音乐综合,音乐,130,156,3440601,10014,7544,247489,6292,89318,28058,1781771400,https://www.bilibili.com/video/BV1Pqjc6REiP,http://i1.hdslb.com/bfs/archive/d691ffd8bb12633ac11c3ea944602fe0c037e31c.jpg
2026-06-22,2026-06-22 05:42:12,14,BV1nHja6KEA3,116771872835698,做律师没料到要去村里抓猪抵债。法官：我也没料到～,戴律请回答,社科·法律·心理,知识,124,972,1480335,2203,4210,148682,78990,14409,2642,1781835600,https://www.bilibili.com/video/BV1nHja6KEA3,http://i1.hdslb.com/bfs/archive/4d8f84e7426f13b922911fd6eaa5c8d849a2b1af.jpg
2026-06-22,2026-06-22 05:42:12,15,BV1JKjH6iE6y,116782895470334,多少年了，人们还记得你真实的样子吗？,何大爷课堂,人文历史,知识,228,218,2837585,403,1885,187244,4823,10810,903,1781965957,https://www.bilibili.com/video/BV1JKjH6iE6y,http://i1.hdslb.com/bfs/archive/ce0fa067f5c90abd4ceb01108697be8f556ecd57.jpg
2026-06-22,2026-06-22 05:42:12,16,BV1uHjJ6mEpe,116781888833434,地牢酒馆-15集 《一支欢快的舞》,粘土工厂,单机游戏,游戏,17,265,1336491,4639,3095,164928,20966,17693,1847,1781951423,https://www.bilibili.com/video/BV1uHjJ6mEpe,http://i0.hdslb.com/bfs/archive/6b4c38e45f3f0de7eaf9b7ec420a773be89a3de3.jpg
2026-06-22,2026-06-22 05:42:12,17,BV1cMjc61EL9,116770430194149,磨银墨写悬浮 李商隐《无题》,小秋习字,绘画,绘画,162,80,3865974,1992,3384,267170,7360,27058,3031,1781775628,https://www.bilibili.com/video/BV1cMjc61EL9,http://i1.hdslb.com/bfs/archive/d4681f759763d5562bd4a4347209a15aa66918be.jpg
2026-06-22,2026-06-22 05:42:12,18,BV1dJjv6PEpz,116774490085009,⚡秒 开 仙 人⚡,不抽象的真菌零_Jack,鬼畜调教,鬼畜,22,153,1151103,3391,4406,152877,6778,46805,12797,1781837474,https://www.bilibili.com/video/BV1dJjv6PEpz,http://i1.hdslb.com/bfs/archive/860876c570ba90ec71fa5c2d257d2736f690050f.jpg
2026-06-22,2026-06-22 05:42:12,19,BV1wmjA6dEDF,116770564284361,知更鸟爆改耀斑（完整版）,金咸鱼,手机游戏,游戏,172,190,1428120,1238,5260,187865,14888,51611,31229,1781777799,https://www.bilibili.com/video/BV1wmjA6dEDF,http://i2.hdslb.com/bfs/archive/4d7ea8b39f8077d4875517dffd04c313f6261901.jpg
2026-06-22,2026-06-22 05:42:12,20,BV1vwLX6yEM2,116765011221350,操 控 买 瓜,岩罗Crv,鬼畜剧场,鬼畜剧场,216,200,3039411,10751,4598,245422,85478,69839,21395,1781692838,https://www.bilibili.com/video/BV1vwLX6yEM2,http://i2.hdslb.com/bfs/archive/04e711636e551d2a581322fb9b21c4916ab63bfa.jpg
2026-06-22,2026-06-22 05:42:12,21,BV1Qtjq6iEoF,116775228278653,祝大家端午節快樂,台灣館長,日常,生活,21,17,3218987,11770,12512,555403,19108,37860,32325,1781848904,https://www.bilibili.com/video/BV1Qtjq6iEoF,http://i1.hdslb.com/bfs/archive/bdd921fa27274787b2e615a36e2417695d23128d.jpg
2026-06-22,2026-06-22 05:42:12,22,BV1Pujz6tEMM,116775932927915,没有赶不上的早八,张河清教授,日常,生活,21,25,4704594,1794,1937,534352,5987,28582,2058,1781859604,https://www.bilibili.com/video/BV1Pujz6tEMM,http://i2.hdslb.com/bfs/archive/a277e56a98fc32a94e934d36101d44508170e860.jpg
2026-06-22,2026-06-22 05:42:12,23,BV1Dejq6aEVp,116774892738063,循环歌单|【像个白痴一样】|“【不会哄人の小曲】”,蛋某人音乐,乐评盘点,音乐,243,2993,2948512,439,4914,192240,5673,99929,3100,1781913600,https://www.bilibili.com/video/BV1Dejq6aEVp,http://i0.hdslb.com/bfs/archive/76d35bc1f4f338083694865437ba95ae366e46db.jpg
2026-06-22,2026-06-22 05:42:12,24,BV1dMjJ64Emt,116782241286100,新番时光机！十年前的观众都在看什么神片？「2016年4月篇」泛式,泛式,动漫杂谈,动画,253,1104,999479,12843,7736,103905,54238,24017,8765,1781955914,https://www.bilibili.com/video/BV1dMjJ64Emt,http://i2.hdslb.com/bfs/archive/81e6a2baf73a0864c80081301e66022a9641d9f3.jpg
2026-06-22,2026-06-22 05:42:12,25,BV1ZEjz6nER3,116775899368374,按到音乐键了,黄沙大圣圣,汪星人,汪星人,219,13,2814523,561,5394,250352,5476,43943,27374,1781859015,https://www.bilibili.com/video/BV1ZEjz6nER3,http://i2.hdslb.com/bfs/archive/948d86110fd0a8045495af7a2c5fdac595ce5df6.jpg
2026-06-22,2026-06-22 05:42:12,26,BV1uyja6nEZY,116771621175583,送你个机器人女友#AI,90后的日常,影视剪辑,影视,183,206,1300504,4664,14706,135373,11439,24510,9616,1781793601,https://www.bilibili.com/video/BV1uyja6nEZY,http://i2.hdslb.com/bfs/archive/a8408ab240cbc1f57b155cb91d2a631688d5a0d2.jpg
2026-06-22,2026-06-22 05:42:12,27,BV1Ndje6DEkS,116774674631565,【特效向】剧⚡终 但是成龙🐉,豪言の经理,鬼畜剧场,鬼畜剧场,216,131,1300710,1073,2069,153780,38185,35513,7989,1781840398,https://www.bilibili.com/video/BV1Ndje6DEkS,http://i0.hdslb.com/bfs/archive/9472cf3932257bbb43d2ed7c875116b0016e129d.jpg
2026-06-22,2026-06-22 05:42:12,28,BV1imjh6bErF,116772174827175,一个跟头十万八千里2.0,孤鹜AH,搞笑,娱乐,138,151,2131525,611,1165,150559,4420,35844,8933,1781863200,https://www.bilibili.com/video/BV1imjh6bErF,http://i1.hdslb.com/bfs/archive/63af2fba214108093162b7977e0bfa42a5f0a242.jpg
2026-06-22,2026-06-22 05:42:12,29,BV1pMjA6pEVx,116771067596968,史蒂夫也是请到高人了，胸肌比头都大【我是僵尸】,磊哥游戏,单机游戏,游戏,17,367,2506747,1540,2284,179027,11608,19927,1780,1781830800,https://www.bilibili.com/video/BV1pMjA6pEVx,http://i1.hdslb.com/bfs/archive/79b2a079a054ea11832f3b3ba0e5a920525e9d82.jpg
2026-06-22,2026-06-22 05:42:12,30,BV1usjH6WEoz,116782694139715,曾沛慈｜《怎么说我不爱你》舞台,曾沛慈_TsengPets,明星综合,明星综合,137,279,1373874,15916,16334,73941,61797,27301,8591,1781962856,https://www.bilibili.com/video/BV1usjH6WEoz,http://i0.hdslb.com/bfs/archive/bb4c91ef35acc1e06800c178e2600fd8d5509e78.jpg
2026-06-22,2026-06-22 05:42:12,31,BV199jJ6REJR,116781536511840,【干货】为什么不建议你今年考高考状元？,闪电侠-flash,校园学习,知识,208,149,1922707,2469,3435,202252,2080,12935,6014,1781949600,https://www.bilibili.com/video/BV199jJ6REJR,http://i1.hdslb.com/bfs/archive/e9e898756d4f16f348bd9866f5f50d18f0a74c2a.jpg
2026-06-22,2026-06-22 05:42:12,32,BV1L2jB6VEtj,116776251692569,【潘宏爱玩狗】最新视频来袭，快来看看吧！,潘宏爱玩狗,汪星人,汪星人,219,248,1313508,2264,2550,174989,10578,12271,1915,1781865081,https://www.bilibili.com/video/BV1L2jB6VEtj,http://i1.hdslb.com/bfs/archive/40496da5f89a0e49899b18803e8a64319fd0f3a9.jpg
2026-06-22,2026-06-22 05:42:12,33,BV1RJjv6PEQN,116774490087302,今天教大家如何跟女生说话,其实我是超级小孩,单机游戏,游戏,17,52,1774453,490,3976,245826,5688,59883,13871,1781837467,https://www.bilibili.com/video/BV1RJjv6PEQN,http://i2.hdslb.com/bfs/archive/2518c2fb18de178908b9c3b67ad646cefc88f7f0.jpg
2026-06-22,2026-06-22 05:42:12,34,BV1GDjB66EE9,116776134246683,花37天，破解上海最贵汉堡，成本只要。。。,绵羊料理,美食制作,美食,76,408,1588115,7034,1952,126044,50560,21831,4067,1781862487,https://www.bilibili.com/video/BV1GDjB66EE9,http://i0.hdslb.com/bfs/archive/b7f0e83cb8a595492fe7c45b2e56bc59b662e664.jpg
2026-06-22,2026-06-22 05:42:12,35,BV1B6LR6tEcD,116765229057404,不同价格的声音,李肆言哟,日常,生活,21,91,7845635,4435,5762,514275,12856,50540,9911,1781696260,https://www.bilibili.com/video/BV1B6LR6tEcD,http://i1.hdslb.com/bfs/archive/1fcb1aec42c67f54ac0e69e48af78efe6abb0e27.jpg
2026-06-22,2026-06-22 05:42:12,36,BV1xXjn6LEwc,116783247787866,人，停下！,幸仁儿鲨,绘画,绘画,162,475,793528,6495,5569,91956,30170,37772,2473,1781971350,https://www.bilibili.com/video/BV1xXjn6LEwc,http://i2.hdslb.com/bfs/archive/cfe6b10df7f5630e9cb80f9edffe4b9a15c6024a.jpg
2026-06-22,2026-06-22 05:42:12,37,BV1rZjr6aErt,116778717938040,末日高架桥，我们被困了100天！,马里奥红叔,单机游戏,游戏,17,1463,1010001,3509,1807,121859,46857,41472,1733,1781924400,https://www.bilibili.com/video/BV1rZjr6aErt,http://i0.hdslb.com/bfs/archive/112ae27cde1480e5ed760c9b5927159b8764e1e4.jpg
2026-06-22,2026-06-22 05:42:12,38,BV1U6jz6KErp,116777744867001,王老菊教你断剑奇侠·S3-ep00：包氏创业记,怕上火暴王老菊,单机游戏,游戏,17,4658,1202811,13932,7489,75527,67155,25155,7549,1781887258,https://www.bilibili.com/video/BV1U6jz6KErp,http://i1.hdslb.com/bfs/archive/554ab808c05612b25535d00af53cccaff6bee7ae.jpg
2026-06-22,2026-06-22 05:42:12,39,BV1Sijq6cEqp,116774808850573,【plolt】我为什么突然开始做故事版了,plolt,同人·手书,动画,47,562,894457,476,1175,143310,13609,21502,553,1781843400,https://www.bilibili.com/video/BV1Sijq6cEqp,http://i1.hdslb.com/bfs/archive/a45b8941d12ba649dd855eac13e6822cb21defa3.jpg
2026-06-22,2026-06-22 05:42:12,40,BV1RSj76SEhJ,116780747985960,【究极佐菲格斗】第四集 奥特兄弟暗杀计划！佐菲机器人 雷欧 泰罗 爱迪 黑暗星人巴巴尔 登场,Dennis飞昊,特摄,动画,86,1034,1048783,3281,3943,79041,64605,33757,8450,1781932942,https://www.bilibili.com/video/BV1RSj76SEhJ,http://i1.hdslb.com/bfs/archive/8609ad0d770e88507e1b65a46221b41d8ea40af4.jpg
2026-06-22,2026-06-22 05:42:12,41,BV1MNjC62EVv,116780127227543,美国要给伊朗赔款,燕三嘤嘤嘤,人文历史,知识,228,1122,2226753,8550,5501,114918,23666,18361,2674,1781927400,https://www.bilibili.com/video/BV1MNjC62EVv,http://i2.hdslb.com/bfs/archive/787956eaf6b9381b36339aaf595081152abadcf0.jpg
2026-06-22,2026-06-22 05:42:12,42,BV1KTJN6kEuG,116748099586045,⚡️JOJO x 迈克尔杰克逊⚡️顶级智斗の【假死避雷】,Mr丶Ass,综合,综合,27,538,1737049,3245,2340,123132,25734,31050,10533,1781773200,https://www.bilibili.com/video/BV1KTJN6kEuG,http://i0.hdslb.com/bfs/archive/a526c48f6d7a7001202d512beb7f289dc455b206.jpg
2026-06-22,2026-06-22 05:42:12,43,BV1yqjc69ESj,116770111227815,一盆面粉直接倒进开水里，面点老师傅教你炸糖糕的详细做法~,品诺美食开课啦,美食制作,美食,76,199,1705051,920,2173,159222,8341,29372,2830,1781777400,https://www.bilibili.com/video/BV1yqjc69ESj,http://i1.hdslb.com/bfs/archive/05a9fa11eca447aaff06fcef3c36ba849c2c578a.jpg
2026-06-22,2026-06-22 05:42:12,44,BV1iZjc6gEJr,116769893128777,来赣州包个鱼塘，帮少年减轻家庭重担，鱼多鱼少不重要，得让孩子安心完成学业,李维刚的日常,三农,生活,251,635,940031,3866,4273,120304,89483,6237,1388,1781946000,https://www.bilibili.com/video/BV1iZjc6gEJr,http://i0.hdslb.com/bfs/archive/68345d040fbae81a977a9631c9d78df717416345.jpg
2026-06-22,2026-06-22 05:42:12,45,BV1Lnjv6eE76,116774406262942,这恐怖的细节还是三角洲吗？核工作者带你感受核电站的种种还原！,Key725,网络游戏,游戏,65,1559,2551050,5571,3937,120760,7376,41893,4961,1781870466,https://www.bilibili.com/video/BV1Lnjv6eE76,http://i1.hdslb.com/bfs/archive/0b500acd1480b98bfb94a76ca22399ff785a228e.jpg
2026-06-22,2026-06-22 05:42:12,46,BV1BHjz6JEYR,116776067275498,游 龙,杨齐家_,单机游戏,游戏,17,1021,2265049,11366,32077,133431,15081,21880,1380,1781861701,https://www.bilibili.com/video/BV1BHjz6JEYR,http://i2.hdslb.com/bfs/archive/9cd16777210d57d4707e7989f160f598afd22677.jpg
2026-06-22,2026-06-22 05:42:12,47,BV1Tdjw6hEnT,116771470180736,瑞平cosIP从夯到拉,陈年老叶_YE,仿妆cos,时尚,252,327,1141802,2824,6311,130343,14768,22728,15788,1781791402,https://www.bilibili.com/video/BV1Tdjw6hEnT,http://i1.hdslb.com/bfs/archive/657e5add279286c07b3dcf420eb59456da8b281b.jpg
2026-06-22,2026-06-22 05:42:12,48,BV1YNjP6VEr6,116770648098260,我 伪 装,阴间滴贰哈鸽鸽,单机游戏,游戏,17,560,2788221,1921,1492,120560,3465,21930,11812,1781779073,https://www.bilibili.com/video/BV1YNjP6VEr6,http://i1.hdslb.com/bfs/archive/aad734a51fb0edd1446ad186f77bf3c9a7eb5c35.jpg
2026-06-22,2026-06-22 05:42:12,49,BV1RXjJ6xEur,116781553287621,【TF家族练习生】《突围II破局》先导片,TF家族,明星综合,明星综合,137,2035,1513744,1044353,15946,81521,8812,31707,3573,1781953200,https://www.bilibili.com/video/BV1RXjJ6xEur,http://i0.hdslb.com/bfs/archive/aaa47f5a479a534903218d33c24af6b22221c58d.jpg
2026-06-22,2026-06-22 05:42:12,50,BV1aKjP6kE2F,116770631322253,有一个国家，半数人灵活就业，劳动法形同废纸,耳畔的猫头鹰,运动文化,运动文化,237,260,1392021,27127,11227,105053,25518,23558,22725,1781778884,https://www.bilibili.com/video/BV1aKjP6kE2F,http://i2.hdslb.com/bfs/archive/01d96ea8ae2de2a0aad812aaf711fb4058dac8be.jpg
2026-06-22,2026-06-22 05:42:12,51,BV1K3jn65ECR,116781352032938,躲在超市后门智斗的二人,沃滋基-尼,综合,综合,27,92,1301064,1328,4463,159318,9183,38043,18154,1781942609,https://www.bilibili.com/video/BV1K3jn65ECR,http://i0.hdslb.com/bfs/archive/bdab827cde03d4f1eddf9ceb001b20129cc95c54.jpg
2026-06-22,2026-06-22 05:42:12,52,BV1DKjp6sESX,116782442483852,新金蝉脱壳,Y的生存手记,综合,综合,27,534,972665,2313,4208,99456,2168,29961,642,1781958906,https://www.bilibili.com/video/BV1DKjp6sESX,http://i1.hdslb.com/bfs/archive/f7b66f77c006bb86c17cf6ef1501dfcc4cf5cb8d.png
2026-06-22,2026-06-22 05:42:12,53,BV1NRjF6WEo5,116770312554363,史上最牛烤鱼店！整个楼层全倒闭！8年老店到底有多好吃？（江苏）@勇哥餐饮原创,勇哥餐饮避坑指南,日常,生活,21,1209,2288398,4347,8928,119550,5366,17206,12784,1781774030,https://www.bilibili.com/video/BV1NRjF6WEo5,http://i1.hdslb.com/bfs/archive/1ec68b4b2c3f30cd811e3fb34693cbc9ce03d001.jpg
2026-06-22,2026-06-22 05:42:12,54,BV1adjJ6sE1D,116781721193950,大学禁止和课本谈恋爱！！！,快乐的台长,日常,生活,21,335,1133182,1370,1407,142451,4313,34462,4072,1781948457,https://www.bilibili.com/video/BV1adjJ6sE1D,http://i1.hdslb.com/bfs/archive/a6efce7bf64d83e1007d6f491da2e923dc3d746c.jpg
2026-06-22,2026-06-22 05:42:12,55,BV1EdLQ6DEnk,116765078133274,🍄2026最有深度的说唱🍄,纸片马力欧,日常,生活,21,56,2909512,885,5303,287621,12294,62219,36779,1781693849,https://www.bilibili.com/video/BV1EdLQ6DEnk,http://i1.hdslb.com/bfs/archive/1ddad6d7cacde25a39ba1e74002c5d18727efd01.jpg
2026-06-22,2026-06-22 05:42:12,56,BV1mVjw6FEpX,116769524091628,《崩坏：星穹铁道》× 绿联联动小曲 | 爻光充能手势曲,帕姆的收藏夹,娱乐粉丝创作,娱乐,242,32,2553965,1938,8030,345702,21898,74138,39771,1781776800,https://www.bilibili.com/video/BV1mVjw6FEpX,http://i0.hdslb.com/bfs/archive/bf2ccd843ca7fdf49f3738dd0a9dc8cfb6b5e61a.jpg
2026-06-22,2026-06-22 05:42:12,57,BV1txjk6VEek,116778080405500,马西西位！🤯🤯🤯🤯,Team_Spirit,日常,生活,21,31,2702347,694,8807,203354,18262,15533,14781,1781892376,https://www.bilibili.com/video/BV1txjk6VEek,http://i0.hdslb.com/bfs/archive/186291f5cb166207208b9f64b08af7fbf2686906.jpg
2026-06-22,2026-06-22 05:42:12,58,BV12JLX6PEA4,116764625077719,“以前的小孩vs现在的小孩”,数码宝贝坤,搞笑,娱乐,138,11,3781781,409,5721,241112,1348,17560,3107,1781755200,https://www.bilibili.com/video/BV12JLX6PEA4,http://i0.hdslb.com/bfs/archive/24846c832347f7613d6e863a3e323720e2bf2e4d.jpg
2026-06-22,2026-06-22 05:42:12,59,BV1oZLQ6EEUE,116765061291679,要不说警方卧底都是人才！！！把我笑惨了！,谈苏阳,野生技能协会,野生技能协会,122,415,3549663,5578,2956,223160,17453,21865,4360,1781693713,https://www.bilibili.com/video/BV1oZLQ6EEUE,http://i2.hdslb.com/bfs/archive/1a23cbec593cbc43238681e184d312f37a0a910a.jpg
2026-06-22,2026-06-22 05:42:12,60,BV1aqjE6mEid,116780160782699,你cos我憋笑挑战,我是易拉爆,日常,生活,21,73,2771219,695,1575,173981,2327,27090,5392,1781923956,https://www.bilibili.com/video/BV1aqjE6mEid,http://i0.hdslb.com/bfs/archive/57352c8c5bc8fe7b8ba2d61d6d5c028d1d3d9bc7.jpg
2026-06-22,2026-06-22 05:42:12,61,BV1WFjW6EEMQ,116783734328117,《独家记忆》,王濛,明星综合,明星综合,137,320,885707,9616,12297,54391,52537,15330,4214,1781978557,https://www.bilibili.com/video/BV1WFjW6EEMQ,http://i1.hdslb.com/bfs/archive/7d952ec82a9aaf29c190029494576c283ac9ffd5.jpg
2026-06-22,2026-06-22 05:42:12,62,BV1cNjc62Ey5,116770262227635,0代码基础，竟然做出了爆款APP？【B站AI创造公开赛】,大宽大宽,数码,科技,95,317,1132764,663,1505,121007,6803,27653,14404,1781784000,https://www.bilibili.com/video/BV1cNjc62Ey5,http://i0.hdslb.com/bfs/archive/eb12c1ce5bf3901bbb3d4efb389c55ff4ca6004c.jpg
2026-06-22,2026-06-22 05:42:12,63,BV1USjC61EFe,116779573582726,治沙人,沙漠里的四妹,三农,生活,251,14,750252,1572,1981,263473,19765,4872,157,1781915068,https://www.bilibili.com/video/BV1USjC61EFe,http://i1.hdslb.com/bfs/archive/0ac158a54177ad00bc812a809b0e9dab9edbd46a.jpg
2026-06-22,2026-06-22 05:42:12,64,BV1Bfjq6LEDi,116776771784834,【洛天依原创】人是猫,张卡斯,VOCALOID·UTAU,VOCALOID·UTAU,30,133,432786,744,3045,114899,26818,60170,9536,1781872274,https://www.bilibili.com/video/BV1Bfjq6LEDi,http://i0.hdslb.com/bfs/archive/7a760fc57dd165eaa62e96849c3757524f842c7b.jpg
2026-06-22,2026-06-22 05:42:12,65,BV1cNjc62Edi,116770262225952,故意带嘴硬男友去外面撸宠物蟑螂…他差点被双马尾吓哭！,是王小白呀,日常,生活,21,550,4969542,3945,2433,132987,3317,17551,4827,1781773506,https://www.bilibili.com/video/BV1cNjc62Edi,http://i1.hdslb.com/bfs/archive/ef9a657b0abdd65edac669ce3236abe6a14ca201.jpg
2026-06-22,2026-06-22 05:42:12,66,BV1MnjB6wEiB,116776469927608,请吃我画的鬼泣动画,台古_Taigu,同人·手书,动画,47,26,844495,175,1941,159918,28600,40491,6682,1781867758,https://www.bilibili.com/video/BV1MnjB6wEiB,http://i1.hdslb.com/bfs/archive/1dd96e8863e516ea883bc2ad0f670b011cbe00fd.jpg
2026-06-22,2026-06-22 05:42:12,67,BV1B4jn6AEGW,116781385516992,百年真心！终于重逢！《凡人修仙传》179逐帧解析,利维坦mY,动漫杂谈,动画,253,937,826183,6976,7776,75176,54334,9397,2476,1781949900,https://www.bilibili.com/video/BV1B4jn6AEGW,http://i2.hdslb.com/bfs/archive/d8106b030d97cdc30ee38dde90e3f42a07a06af3.jpg
2026-06-22,2026-06-22 05:42:12,68,BV1ATjz6fERC,116775949700075,“如果世界不温柔 可以让来我试试”,王子不会拍,日常,生活,21,220,846499,877,1500,106207,48255,10362,621,1781859857,https://www.bilibili.com/video/BV1ATjz6fERC,http://i0.hdslb.com/bfs/archive/ea683cc8fdd490fda58a6b1e3fa70931c588aa5b.jpg
2026-06-22,2026-06-22 05:42:12,69,BV1Tqjq6hEHF,116774792138101,我只是做错了事，可我不是坏孩子,源小仔,亲子,生活,254,114,1238533,2856,1348,134827,64653,25736,458,1781842522,https://www.bilibili.com/video/BV1Tqjq6hEHF,http://i2.hdslb.com/bfs/archive/767c3396b8774d2ea06329d31ffbd78cab9401dd.jpg
2026-06-22,2026-06-22 05:42:12,70,BV1eNLR6pERL,116765816392974,一扇没关的窗，闯进了一身防备的流浪猫妈妈暖暖，也打开了我温柔善良的另一人生。原来善良从来不是单向的付出，你温柔待众生，众生亦会温柔予你。,奇迹男孩1998,喵星人,喵星人,218,458,1201535,3160,6017,219569,134406,24906,2478,1781705143,https://www.bilibili.com/video/BV1eNLR6pERL,http://i2.hdslb.com/bfs/archive/344ae88b1d159c4491e20618c3b67f5d9035ed95.jpg
2026-06-22,2026-06-22 05:42:12,71,BV1Fgjv63EPc,116774255206106,12岁男孩偷开邻居车辆，独自在高速路行驶6小时后，被收费站工作人员发现并报警。交警提醒：未成年人无证驾驶，监护人需承担相应法律责任。请家长务必履行监护职责！,快看,亲子,生活,254,57,3795864,0,4867,189383,1258,6670,5212,1781834002,https://www.bilibili.com/video/BV1Fgjv63EPc,http://i2.hdslb.com/bfs/archive/b90144bed856a020b20d07949d5e246569be7bba.jpg
2026-06-22,2026-06-22 05:42:12,72,BV1EHjE6fEhG,116780664226179,咱兄弟俩真是这个👍（端午大合集）,亿本満足,日常,生活,21,7632,984314,2186,1647,74301,6807,34178,1374,1781932103,https://www.bilibili.com/video/BV1EHjE6fEhG,http://i1.hdslb.com/bfs/archive/6379f6d8484e6bdf5dc21d458a1bf7343d06a6e3.jpg
2026-06-22,2026-06-22 05:42:12,73,BV1wLjz6WEw5,116775865815369,《红脸的关公战长沙》,龙馍馍,动物二创,动物二创,220,90,1397106,468,1243,128333,23292,21391,15254,1781913600,https://www.bilibili.com/video/BV1wLjz6WEw5,http://i0.hdslb.com/bfs/archive/f8766e70c711a7a264a42b0464ef54fe915949c2.jpg
2026-06-22,2026-06-22 05:42:12,74,BV1ypjV6XEHU,116760246360878,空岛二选一，水桶还是岩浆？,中华Silens丶哟,单机游戏,游戏,17,483,1559545,629,635,107486,6053,12547,2059,1781775000,https://www.bilibili.com/video/BV1ypjV6XEHU,http://i0.hdslb.com/bfs/archive/ea5e2b9080a311e1f0f0ff7450b54ab96cfa8466.jpg
2026-06-22,2026-06-22 05:42:12,75,BV1Xnjc6vEVG,116770027341825,提前给我超有眼光的100万个粉丝剪个彩！,AL光,手机游戏,游戏,172,17,477758,171,959,281024,11207,50563,1121,1781786100,https://www.bilibili.com/video/BV1Xnjc6vEVG,http://i1.hdslb.com/bfs/archive/ce7eb2c9d4f38c37a3ecd37a81801e0141969336.jpg
2026-06-22,2026-06-22 05:42:12,76,BV1K3jC6kEX1,116780060121777,《鸣潮》巡回演唱会「致予新世界」预告动画,鸣潮,手机游戏,游戏,172,106,1559909,1940,5519,96349,40080,23956,15457,1781924400,https://www.bilibili.com/video/BV1K3jC6kEX1,http://i1.hdslb.com/bfs/archive/9abf9ecaffbd55cab43ad74807aa69e249997b36.jpg
2026-06-22,2026-06-22 05:42:12,77,BV1qFjB6yEzQ,116776687901421,抓老鼠,麻薯饭堂,同人·手书,动画,47,26,1242548,397,1353,134313,7550,49166,3370,1781871111,https://www.bilibili.com/video/BV1qFjB6yEzQ,http://i0.hdslb.com/bfs/archive/f7a5d82b72fcb889a66b33613e08369c1b75f771.jpg
2026-06-22,2026-06-22 05:42:12,78,BV13Yjq6PEvg,116774909579313,《魔女规则怪谈》,是许木木啊,日常,生活,21,1788,797429,6394,3339,78839,13013,16388,2195,1781861400,https://www.bilibili.com/video/BV13Yjq6PEvg,http://i0.hdslb.com/bfs/archive/ca86b69fdcb56bcbd814f68cba25543982134764.jpg
2026-06-22,2026-06-22 05:42:12,79,BV1RSj76SEXn,116780747985261,你看不起的工作，可能是别人考不进去的门槛,如见未来AI,影视剪辑,影视,183,44,2295864,678,4004,158956,1071,20491,1997,1781932918,https://www.bilibili.com/video/BV1RSj76SEXn,http://i1.hdslb.com/bfs/archive/8c63f016f8287b11fb8f15f4852c38974dfd487e.jpg
2026-06-22,2026-06-22 05:42:12,80,BV1yTL96wEij,116764105053777,厨师长下班了在厨房里偷偷开小灶，剩了点海鲜没卖出去，捞汁小海鲜，猪排海肠捞饭,张森的下班料理,美食记录,美食,215,1230,1314247,3734,1462,100941,4939,10347,2349,1781859600,https://www.bilibili.com/video/BV1yTL96wEij,http://i1.hdslb.com/bfs/archive/efca4b90eb7299ad4638085e92e614b5b96e4552.jpg
2026-06-22,2026-06-22 05:42:12,81,BV1w2LQ6ZEoA,116764977594634,小猫meme,待到春来冬夏去,绘画,绘画,162,19,1039313,466,3508,216731,11410,69725,10694,1781692216,https://www.bilibili.com/video/BV1w2LQ6ZEoA,http://i1.hdslb.com/bfs/archive/fd5bd223f1d24198a470c8bcce0952882843e3fb.jpg
2026-06-22,2026-06-22 05:42:12,82,BV1KQja61E2M,116771805732393,高二期末已经慌了？重难点在此！,一数,校园学习,知识,208,5252,540407,3332,2261,62159,7116,37123,2446,1781833575,https://www.bilibili.com/video/BV1KQja61E2M,http://i1.hdslb.com/bfs/archive/9edaad467e80f51a96c62ac0e1d9c6469e8bd49c.jpg
2026-06-22,2026-06-22 05:42:12,83,BV1A7ju66EGc,116758635616950,没办法，我就是这样一个优秀的人啊！🧚🏻‍♀️,papi酱,短片,动画,256,145,1045613,768,1324,131626,13770,5832,4274,1781863200,https://www.bilibili.com/video/BV1A7ju66EGc,http://i2.hdslb.com/bfs/archive/597cc554ab8603eb091bcc21a195ae5fce7826f1.jpg
2026-06-22,2026-06-22 05:42:12,84,BV1P1LQ6tEM1,116764927071967,那些美好的动物视频！,蒙哥马利愛学习,动物二创,动物二创,220,401,2604081,2085,2496,197727,2305,14540,2045,1781691731,https://www.bilibili.com/video/BV1P1LQ6tEM1,http://i0.hdslb.com/bfs/archive/4b9d7016a1a67c118033eeddbbe35b33ce4d84b4.jpg
2026-06-22,2026-06-22 05:42:12,85,BV11djF6XEkV,116770295914116,豆包决定随机金额吃一天！豆包是会配餐的,嘴嘴深夜食堂,美食测评,美食,213,324,2528147,1350,948,174812,2071,23846,465,1781775000,https://www.bilibili.com/video/BV11djF6XEkV,http://i2.hdslb.com/bfs/archive/9507d11fa5199d5ff2cfa8370cf67b9e86f73deb.jpg
2026-06-22,2026-06-22 05:42:12,86,BV1XtjA6BEtS,116770782318985,代理人档案丨蕾米埃尔,绝区零第一可爱兔宝,手机游戏,游戏,172,17,1008373,2358,8032,133417,20444,19918,14334,1781920800,https://www.bilibili.com/video/BV1XtjA6BEtS,http://i1.hdslb.com/bfs/archive/7e10ac96f8e47755f67c160de3ddb48e7345097f.jpg
2026-06-22,2026-06-22 05:42:12,87,BV1EMjc6yExi,116770430060662,神奇的魔法王冠,路西法Lusiferr,搞笑,娱乐,138,15,3626123,512,5767,189135,1950,11796,5127,1781784000,https://www.bilibili.com/video/BV1EMjc6yExi,http://i0.hdslb.com/bfs/archive/65097cf6e407553f76561bcf8641ce303dba3328.jpg
2026-06-22,2026-06-22 05:42:12,88,BV1Aoja6GEkx,116771755395620,新三国up锐评老三国03：这首播版内容还真多,吃蛋挞的折棒,影视剪辑,影视,183,1571,1128566,10768,6590,63253,30329,9225,1266,1781834400,https://www.bilibili.com/video/BV1Aoja6GEkx,http://i1.hdslb.com/bfs/archive/b8983523a2ddb812e209d85b0f9a09a8e482dd19.jpg
2026-06-22,2026-06-22 05:42:12,89,BV1s2jq6sETH,116775027087936,😋“鲁鲁逊漂流记”😋,沙雕Sanscul,影视剪辑,影视,183,378,645199,1153,912,71268,9816,22016,2871,1781845776,https://www.bilibili.com/video/BV1s2jq6sETH,http://i1.hdslb.com/bfs/archive/0d3e96881985e3c43a30aa1523f5f1fd4b6ee530.jpg
2026-06-22,2026-06-22 05:42:12,90,BV1AyjA6ZEWn,116770933377885,《当你获得超能力：储存空间（0.01立方米）》,李为所,搞笑,娱乐,138,540,2628002,2070,3923,107351,4772,12295,750,1781784408,https://www.bilibili.com/video/BV1AyjA6ZEWn,http://i0.hdslb.com/bfs/archive/7b95a65473793123d1288e2c86fe8b506519f9a4.jpg
2026-06-22,2026-06-22 05:42:12,91,BV1QdjJ6WEXe,116781721063124,评论区摄影大赛梦核篇开启，今天是善良人格，欢迎投稿好的作品会让更多人看到。,摄影恩哥,日常,生活,21,108,2085469,1159,4308,124907,1133,9766,350,1781948068,https://www.bilibili.com/video/BV1QdjJ6WEXe,http://i0.hdslb.com/bfs/archive/4ed53967ff14e4b0ff9827f165ead7dbd344d674.jpg
2026-06-22,2026-06-22 05:42:12,92,BV1J8je6BELz,116772879471659,跟资本对赌！最不吃压力之人 把资本家逼上绝路《一掷千金》,沫子瞪片,影视杂谈,影视,182,1056,1848173,13800,3700,70551,6385,10918,2751,1781839800,https://www.bilibili.com/video/BV1J8je6BELz,http://i2.hdslb.com/bfs/archive/4e5796236716bf68809cb86ec84db170e91cf6ca.jpg
2026-06-22,2026-06-22 05:42:12,93,BV12Gjn6kEP6,116781335187792,一个环艺老学长的填志愿忏悔录！,是莫叔叔吗,搞笑,娱乐,138,361,1220648,553,2231,130602,848,12249,950,1781942826,https://www.bilibili.com/video/BV12Gjn6kEP6,http://i0.hdslb.com/bfs/archive/814cbb7312342c2b6cc7179ae6a82b9e23ee79af.jpg
2026-06-22,2026-06-22 05:42:12,94,BV125jF6DELp,116768668456451,新娘农瘾有点重啊,浮世清欢落颜,搞笑,娱乐,138,18,4513755,1861,3190,337156,8248,15533,2820,1781748503,https://www.bilibili.com/video/BV125jF6DELp,http://i1.hdslb.com/bfs/archive/bd10735e3a5ebdab93f2115d56c192c5dcf2f2ab.jpg
2026-06-22,2026-06-22 05:42:12,95,BV1ArjW6nE1V,116783616887594,《明日方舟》危机合约新赛季「涤墨作战」宣传PV,明日方舟,手机游戏,游戏,172,108,1021910,8276,13970,84853,21144,12747,45323,1782010800,https://www.bilibili.com/video/BV1ArjW6nE1V,http://i0.hdslb.com/bfs/archive/5ecd97f01f442270285e760493ad7840c33033df.jpg
2026-06-22,2026-06-22 05:42:12,96,BV1SLjB6eErW,116776855739972,如果爱昴天团看到了死归全过程【3】,生锈的包子,综合,综合,27,367,1039407,4161,3440,54357,11902,17044,1821,1781873704,https://www.bilibili.com/video/BV1SLjB6eErW,http://i2.hdslb.com/bfs/archive/cec3ed3868f390279682fb18d7fd8f9279d05d1a.jpg
2026-06-22,2026-06-22 05:42:12,97,BV1KVjC63Ezz,116779707797561,什么叫把复活赛打成翻身仗？Unity还能搓出这种中式开放都市？！《望月》线下试玩！,鬼叔黍,单机游戏,游戏,17,793,1262665,618,2054,80237,7944,10529,3810,1781922306,https://www.bilibili.com/video/BV1KVjC63Ezz,http://i0.hdslb.com/bfs/archive/b318146908bf7fcef592692d63ed61d5fa707367.jpg
2026-06-22,2026-06-22 05:42:12,98,BV1NkjA6FEEu,116770899820826,一个世界杯巨星，毁了全世界网友对长腿金发美女的期待,BB姬Studio,足球,足球,249,984,2488670,4529,3238,57665,11722,15750,7329,1781782775,https://www.bilibili.com/video/BV1NkjA6FEEu,http://i1.hdslb.com/bfs/archive/0addda06e13618a0f961d27c66b1662811bc1b38.jpg
2026-06-22,2026-06-22 05:42:12,99,BV1qdjA6JExQ,116770547436927,当我忘记自己早已不再是18岁,CCCmlng小陈不憨,小剧场,娱乐,85,55,4298190,623,1210,205879,2477,20117,3403,1781777440,https://www.bilibili.com/video/BV1qdjA6JExQ,http://i1.hdslb.com/bfs/archive/cd9fb4626c08ca1792780613e09573220c6b29e2.jpg
2026-06-22,2026-06-22 05:42:12,100,BV1QLLo6pEJJ,116766269246386,虽说是个无所谓的夜晚 但我想成为你的恋人,鐘董_,综合,综合,27,35,812567,201,2838,161419,8414,73356,5158,1781712123,https://www.bilibili.com/video/BV1QLLo6pEJJ,http://i1.hdslb.com/bfs/archive/a942621bffb4f834dcf478074a033280f67e70c1.jpg
2026-06-22,2026-06-22 07:44:34,1,BV1oTjk6xEea,116778281796886,我发誓这是我看过最震撼的漫展爬台变装演唱！！,夏旬Natsuki,翻唱,音乐,31,84,4473375,1333,4647,527861,35701,53995,6410,1781947800,https://www.bilibili.com/video/BV1oTjk6xEea,http://i0.hdslb.com/bfs/archive/c937405b0e26e4652af142f494911c0cf97d0f26.jpg
2026-06-22,2026-06-22 07:44:34,2,BV1Cvjk6TEB3,116778046915958,🎨要看看这样的视频才有力气讨生活【三角洲】,牧牧川,单机游戏,游戏,17,192,3749213,687,2053,275054,9756,41343,2078,1781926200,https://www.bilibili.com/video/BV1Cvjk6TEB3,http://i1.hdslb.com/bfs/archive/9c3b114670250931e6264389d05a263039d091d9.jpg
2026-06-22,2026-06-22 07:44:34,3,BV17BjB6UEeP,116776536902641,一坨泥巴也来跳迈克尔·杰克逊《顫栗》？,宅叔飞飞,手工,生活,161,67,3401473,403,1456,370965,80956,22668,2263,1781868799,https://www.bilibili.com/video/BV17BjB6UEeP,http://i0.hdslb.com/bfs/archive/8c7d6784a5fe4aa117f1c0c53696dadb050b0d1d.jpg
2026-06-22,2026-06-22 07:44:34,4,BV15Qj66mE5z,116776956336801,快乐 童年,榴莲阿呀,搞笑,娱乐,138,538,4106345,9177,11035,246457,64040,89499,3797,1781875232,https://www.bilibili.com/video/BV15Qj66mE5z,http://i1.hdslb.com/bfs/archive/fd70d470e4de0758969faf57cfd3f789c6e5e222.jpg
2026-06-22,2026-06-22 07:44:34,5,BV14VjF6HEGT,116768618060324,宇 宙 级 免 责 声 明,龙大人不喷火,鬼畜剧场,鬼畜剧场,216,92,5100215,2288,11325,322938,15166,27747,16692,1781780400,https://www.bilibili.com/video/BV14VjF6HEGT,http://i0.hdslb.com/bfs/archive/4089372d9471271137ac3ce69091a7ac0faf36f4.jpg
2026-06-22,2026-06-22 07:44:34,6,BV1wULQ64EB9,116764960825221,《绝区零》先导演示丨蕾米埃尔,哔哩哔哩游戏中心,手机游戏,游戏,172,91,2716103,6356,24781,196041,77110,41084,107243,1781920800,https://www.bilibili.com/video/BV1wULQ64EB9,http://i2.hdslb.com/bfs/archive/4373a99ec734fa760ccab2161d38ef6294815f24.jpg
2026-06-22,2026-06-22 07:44:34,7,BV1jbja6hE3o,116771990277534,炒菜好不好吃不是放多少调料而是掌握食材时间、火候、和烹饪技巧,灶台阿连,日常,生活,21,627,2301338,4140,7257,166244,19101,58585,6818,1781799497,https://www.bilibili.com/video/BV1jbja6hE3o,http://i1.hdslb.com/bfs/archive/ab2d3085ec3329c0de7ed86cda1263841a4753e4.jpg
2026-06-22,2026-06-22 07:44:34,8,BV1hNjw6vEa6,116769876347422,“啊，是关中王来了！”,三木刃,鬼畜剧场,鬼畜剧场,216,337,2654068,1487,2483,168111,21145,34360,4970,1781841300,https://www.bilibili.com/video/BV1hNjw6vEa6,http://i1.hdslb.com/bfs/archive/bfab94865def24138b661b7340eeed674179a6ea.jpg
2026-06-22,2026-06-22 07:44:34,9,BV1Nyjq6dENe,116775043801036,挑战你们说我像谁我就模仿谁！事情发展到这一步，已经越来越离谱了。。。,李如儒也是李蠕蠕,小剧场,娱乐,85,151,3221307,6374,4035,252017,24757,16550,2934,1781846144,https://www.bilibili.com/video/BV1Nyjq6dENe,http://i1.hdslb.com/bfs/archive/0a51f7b766b553eeecb0f09765a9c38db7b7b6c6.jpg
2026-06-22,2026-06-22 07:44:34,10,BV16Mjc6yEJd,116770430131075,《原神》至冬生态短片 - 凛寒的规约,原神,手机游戏,游戏,172,509,3635015,16728,18133,297668,76096,42626,39752,1781788200,https://www.bilibili.com/video/BV16Mjc6yEJd,http://i0.hdslb.com/bfs/archive/a55b011b2bb0d31974367c9a32c1f7257c6c2bc2.jpg
2026-06-22,2026-06-22 07:44:34,11,BV1Ftjw6DEmL,116769557711688,假如所有人被迫看着死亡回归,00kk君,MAD·AMV,MAD·AMV,24,4786,2689984,10966,12433,184575,71433,128451,12037,1781762186,https://www.bilibili.com/video/BV1Ftjw6DEmL,http://i2.hdslb.com/bfs/archive/9ab9adff76a9f537e7fae8a493c60fc0fa60feb5.jpg
2026-06-22,2026-06-22 07:44:34,12,BV1LAjP61EbF,116770732120927,［甲鱼meme］水宝宝,烫甲鱼,绘画,绘画,162,167,2881603,646,2572,183999,7703,42289,4202,1781780089,https://www.bilibili.com/video/BV1LAjP61EbF,http://i2.hdslb.com/bfs/archive/82e7bc476c47722f23af20e620bb6c13f4ee3c75.jpg
2026-06-22,2026-06-22 07:44:34,13,BV1Pqjc6REiP,116770111295217,“孩子的第一新声你希望是什么”【波西米亚狂想曲】【超级加倍の小曲】,早睡起大王,音乐综合,音乐,130,156,3443543,10022,7550,247664,6305,89431,28070,1781771400,https://www.bilibili.com/video/BV1Pqjc6REiP,http://i1.hdslb.com/bfs/archive/d691ffd8bb12633ac11c3ea944602fe0c037e31c.jpg
2026-06-22,2026-06-22 07:44:34,14,BV1nHja6KEA3,116771872835698,做律师没料到要去村里抓猪抵债。法官：我也没料到～,戴律请回答,社科·法律·心理,知识,124,972,1483976,2209,4220,149034,79144,14448,2646,1781835600,https://www.bilibili.com/video/BV1nHja6KEA3,http://i1.hdslb.com/bfs/archive/4d8f84e7426f13b922911fd6eaa5c8d849a2b1af.jpg
2026-06-22,2026-06-22 07:44:34,15,BV1JKjH6iE6y,116782895470334,多少年了，人们还记得你真实的样子吗？,何大爷课堂,人文历史,知识,228,218,2921191,408,1963,191205,4974,11111,957,1781965957,https://www.bilibili.com/video/BV1JKjH6iE6y,http://i1.hdslb.com/bfs/archive/ce0fa067f5c90abd4ceb01108697be8f556ecd57.jpg
2026-06-22,2026-06-22 07:44:34,16,BV1uHjJ6mEpe,116781888833434,地牢酒馆-15集 《一支欢快的舞》,粘土工厂,单机游戏,游戏,17,265,1347622,4665,3106,166066,21048,17870,1857,1781951423,https://www.bilibili.com/video/BV1uHjJ6mEpe,http://i0.hdslb.com/bfs/archive/6b4c38e45f3f0de7eaf9b7ec420a773be89a3de3.jpg
2026-06-22,2026-06-22 07:44:34,17,BV1dJjv6PEpz,116774490085009,⚡秒 开 仙 人⚡,不抽象的真菌零_Jack,鬼畜调教,鬼畜,22,153,1154829,3412,4427,153347,6810,47002,12836,1781837474,https://www.bilibili.com/video/BV1dJjv6PEpz,http://i1.hdslb.com/bfs/archive/860876c570ba90ec71fa5c2d257d2736f690050f.jpg
2026-06-22,2026-06-22 07:44:34,18,BV1cMjc61EL9,116770430194149,磨银墨写悬浮 李商隐《无题》,小秋习字,绘画,绘画,162,80,3875220,2001,3395,267706,7390,27122,3034,1781775628,https://www.bilibili.com/video/BV1cMjc61EL9,http://i1.hdslb.com/bfs/archive/d4681f759763d5562bd4a4347209a15aa66918be.jpg
2026-06-22,2026-06-22 07:44:34,19,BV1Dejq6aEVp,116774892738063,循环歌单|【像个白痴一样】|“【不会哄人の小曲】”,蛋某人音乐,乐评盘点,音乐,243,2993,2954429,440,4923,192698,5690,100250,3116,1781913600,https://www.bilibili.com/video/BV1Dejq6aEVp,http://i0.hdslb.com/bfs/archive/76d35bc1f4f338083694865437ba95ae366e46db.jpg
2026-06-22,2026-06-22 07:44:34,20,BV1dMjJ64Emt,116782241286100,新番时光机！十年前的观众都在看什么神片？「2016年4月篇」泛式,泛式,动漫杂谈,动画,253,1104,1005539,12871,7762,104294,54392,24115,8790,1781955914,https://www.bilibili.com/video/BV1dMjJ64Emt,http://i2.hdslb.com/bfs/archive/81e6a2baf73a0864c80081301e66022a9641d9f3.jpg
2026-06-22,2026-06-22 07:44:34,21,BV1Qtjq6iEoF,116775228278653,祝大家端午節快樂,台灣館長,日常,生活,21,17,3225761,11837,12535,556541,19156,37988,32348,1781848904,https://www.bilibili.com/video/BV1Qtjq6iEoF,http://i1.hdslb.com/bfs/archive/bdd921fa27274787b2e615a36e2417695d23128d.jpg
2026-06-22,2026-06-22 07:44:34,22,BV1Pujz6tEMM,116775932927915,没有赶不上的早八,张河清教授,日常,生活,21,25,4721747,1816,1947,536086,6011,28757,2064,1781859604,https://www.bilibili.com/video/BV1Pujz6tEMM,http://i2.hdslb.com/bfs/archive/a277e56a98fc32a94e934d36101d44508170e860.jpg
2026-06-22,2026-06-22 07:44:34,23,BV1ZEjz6nER3,116775899368374,按到音乐键了,黄沙大圣圣,汪星人,汪星人,219,13,2831695,562,5414,251834,5501,44252,27469,1781859015,https://www.bilibili.com/video/BV1ZEjz6nER3,http://i2.hdslb.com/bfs/archive/948d86110fd0a8045495af7a2c5fdac595ce5df6.jpg
2026-06-22,2026-06-22 07:44:34,24,BV1uyja6nEZY,116771621175583,送你个机器人女友#AI,90后的日常,影视剪辑,影视,183,206,1305707,4702,14814,135740,11512,24629,9659,1781793601,https://www.bilibili.com/video/BV1uyja6nEZY,http://i2.hdslb.com/bfs/archive/a8408ab240cbc1f57b155cb91d2a631688d5a0d2.jpg
2026-06-22,2026-06-22 07:44:34,25,BV1vwLX6yEM2,116765011221350,操 控 买 瓜,岩罗Crv,鬼畜剧场,鬼畜剧场,216,200,3047719,10784,4610,245846,85600,70002,21438,1781692838,https://www.bilibili.com/video/BV1vwLX6yEM2,http://i2.hdslb.com/bfs/archive/04e711636e551d2a581322fb9b21c4916ab63bfa.jpg
2026-06-22,2026-06-22 07:44:34,26,BV1imjh6bErF,116772174827175,一个跟头十万八千里2.0,孤鹜AH,搞笑,娱乐,138,151,2149459,614,1169,151574,4447,36167,8992,1781863200,https://www.bilibili.com/video/BV1imjh6bErF,http://i1.hdslb.com/bfs/archive/63af2fba214108093162b7977e0bfa42a5f0a242.jpg
2026-06-22,2026-06-22 07:44:34,27,BV1Ndje6DEkS,116774674631565,【特效向】剧⚡终 但是成龙🐉,豪言の经理,鬼畜剧场,鬼畜剧场,216,131,1309747,1077,2069,154191,38311,35645,8003,1781840398,https://www.bilibili.com/video/BV1Ndje6DEkS,http://i0.hdslb.com/bfs/archive/9472cf3932257bbb43d2ed7c875116b0016e129d.jpg
2026-06-22,2026-06-22 07:44:34,28,BV1pMjA6pEVx,116771067596968,史蒂夫也是请到高人了，胸肌比头都大【我是僵尸】,磊哥游戏,单机游戏,游戏,17,367,2515525,1544,2289,179532,11627,20038,1787,1781830800,https://www.bilibili.com/video/BV1pMjA6pEVx,http://i1.hdslb.com/bfs/archive/79b2a079a054ea11832f3b3ba0e5a920525e9d82.jpg
2026-06-22,2026-06-22 07:44:34,29,BV1wmjA6dEDF,116770564284361,知更鸟爆改耀斑（完整版）,金咸鱼,手机游戏,游戏,172,190,1429471,1239,5263,188092,14914,51677,31256,1781777799,https://www.bilibili.com/video/BV1wmjA6dEDF,http://i2.hdslb.com/bfs/archive/4d7ea8b39f8077d4875517dffd04c313f6261901.jpg
2026-06-22,2026-06-22 07:44:34,30,BV1usjH6WEoz,116782694139715,曾沛慈｜《怎么说我不爱你》舞台,曾沛慈_TsengPets,明星综合,明星综合,137,279,1391982,15978,16393,74253,62000,27446,8679,1781962856,https://www.bilibili.com/video/BV1usjH6WEoz,http://i0.hdslb.com/bfs/archive/bb4c91ef35acc1e06800c178e2600fd8d5509e78.jpg
2026-06-22,2026-06-22 07:44:34,31,BV199jJ6REJR,116781536511840,【干货】为什么不建议你今年考高考状元？,闪电侠-flash,校园学习,知识,208,149,1929867,2486,3450,202654,2099,12994,6050,1781949600,https://www.bilibili.com/video/BV199jJ6REJR,http://i1.hdslb.com/bfs/archive/e9e898756d4f16f348bd9866f5f50d18f0a74c2a.jpg
2026-06-22,2026-06-22 07:44:34,32,BV1L2jB6VEtj,116776251692569,【潘宏爱玩狗】最新视频来袭，快来看看吧！,潘宏爱玩狗,汪星人,汪星人,219,248,1318393,2268,2558,175431,10624,12300,1918,1781865081,https://www.bilibili.com/video/BV1L2jB6VEtj,http://i1.hdslb.com/bfs/archive/40496da5f89a0e49899b18803e8a64319fd0f3a9.jpg
2026-06-22,2026-06-22 07:44:34,33,BV1RJjv6PEQN,116774490087302,今天教大家如何跟女生说话,其实我是超级小孩,单机游戏,游戏,17,52,1780892,493,3988,246717,5724,60106,13902,1781837467,https://www.bilibili.com/video/BV1RJjv6PEQN,http://i2.hdslb.com/bfs/archive/2518c2fb18de178908b9c3b67ad646cefc88f7f0.jpg
2026-06-22,2026-06-22 07:44:34,34,BV1xXjn6LEwc,116783247787866,人，停下！,幸仁儿鲨,绘画,绘画,162,475,805778,6575,5664,93514,30583,38439,2531,1781971350,https://www.bilibili.com/video/BV1xXjn6LEwc,http://i2.hdslb.com/bfs/archive/cfe6b10df7f5630e9cb80f9edffe4b9a15c6024a.jpg
2026-06-22,2026-06-22 07:44:34,35,BV1GDjB66EE9,116776134246683,花37天，破解上海最贵汉堡，成本只要。。。,绵羊料理,美食制作,美食,76,408,1602367,7053,1963,126466,50721,21949,4089,1781862487,https://www.bilibili.com/video/BV1GDjB66EE9,http://i0.hdslb.com/bfs/archive/b7f0e83cb8a595492fe7c45b2e56bc59b662e664.jpg
2026-06-22,2026-06-22 07:44:34,36,BV1rZjr6aErt,116778717938040,末日高架桥，我们被困了100天！,马里奥红叔,单机游戏,游戏,17,1463,1018762,3514,1810,122636,47059,42092,1745,1781924400,https://www.bilibili.com/video/BV1rZjr6aErt,http://i0.hdslb.com/bfs/archive/112ae27cde1480e5ed760c9b5927159b8764e1e4.jpg
2026-06-22,2026-06-22 07:44:34,37,BV1RSj76SEhJ,116780747985960,【究极佐菲格斗】第四集 奥特兄弟暗杀计划！佐菲机器人 雷欧 泰罗 爱迪 黑暗星人巴巴尔 登场,Dennis飞昊,特摄,动画,86,1034,1063833,3284,3957,79438,64872,33971,8475,1781932942,https://www.bilibili.com/video/BV1RSj76SEhJ,http://i1.hdslb.com/bfs/archive/8609ad0d770e88507e1b65a46221b41d8ea40af4.jpg
2026-06-22,2026-06-22 07:44:34,38,BV1U6jz6KErp,116777744867001,王老菊教你断剑奇侠·S3-ep00：包氏创业记,怕上火暴王老菊,单机游戏,游戏,17,4658,1209072,13975,7504,75658,67281,25196,7557,1781887258,https://www.bilibili.com/video/BV1U6jz6KErp,http://i1.hdslb.com/bfs/archive/554ab808c05612b25535d00af53cccaff6bee7ae.jpg
2026-06-22,2026-06-22 07:44:34,39,BV1Sijq6cEqp,116774808850573,【plolt】我为什么突然开始做故事版了,plolt,同人·手书,动画,47,562,896081,476,1176,143652,13631,21579,554,1781843400,https://www.bilibili.com/video/BV1Sijq6cEqp,http://i1.hdslb.com/bfs/archive/a45b8941d12ba649dd855eac13e6822cb21defa3.jpg
2026-06-22,2026-06-22 07:44:34,40,BV1MNjC62EVv,116780127227543,美国要给伊朗赔款,燕三嘤嘤嘤,人文历史,知识,228,1122,2260642,8577,5529,115681,23817,18461,2707,1781927400,https://www.bilibili.com/video/BV1MNjC62EVv,http://i2.hdslb.com/bfs/archive/787956eaf6b9381b36339aaf595081152abadcf0.jpg
2026-06-22,2026-06-22 07:44:34,41,BV1B6LR6tEcD,116765229057404,不同价格的声音,李肆言哟,日常,生活,21,91,7859675,4442,5773,514870,12879,50615,9953,1781696260,https://www.bilibili.com/video/BV1B6LR6tEcD,http://i1.hdslb.com/bfs/archive/1fcb1aec42c67f54ac0e69e48af78efe6abb0e27.jpg
2026-06-22,2026-06-22 07:44:34,42,BV1KTJN6kEuG,116748099586045,⚡️JOJO x 迈克尔杰克逊⚡️顶级智斗の【假死避雷】,Mr丶Ass,综合,综合,27,538,1742683,3253,2345,123333,25806,31122,10555,1781773200,https://www.bilibili.com/video/BV1KTJN6kEuG,http://i0.hdslb.com/bfs/archive/a526c48f6d7a7001202d512beb7f289dc455b206.jpg
2026-06-22,2026-06-22 07:44:34,43,BV1iZjc6gEJr,116769893128777,来赣州包个鱼塘，帮少年减轻家庭重担，鱼多鱼少不重要，得让孩子安心完成学业,李维刚的日常,三农,生活,251,635,944034,3879,4285,120684,89774,6267,1397,1781946000,https://www.bilibili.com/video/BV1iZjc6gEJr,http://i0.hdslb.com/bfs/archive/68345d040fbae81a977a9631c9d78df717416345.jpg
2026-06-22,2026-06-22 07:44:34,44,BV1Lnjv6eE76,116774406262942,这恐怖的细节还是三角洲吗？核工作者带你感受核电站的种种还原！,Key725,网络游戏,游戏,65,1559,2585204,5598,3960,121526,7454,42401,4981,1781870466,https://www.bilibili.com/video/BV1Lnjv6eE76,http://i1.hdslb.com/bfs/archive/0b500acd1480b98bfb94a76ca22399ff785a228e.jpg
2026-06-22,2026-06-22 07:44:34,45,BV1Tdjw6hEnT,116771470180736,瑞平cosIP从夯到拉,陈年老叶_YE,仿妆cos,时尚,252,327,1145026,2828,6331,130781,14827,22815,15817,1781791402,https://www.bilibili.com/video/BV1Tdjw6hEnT,http://i1.hdslb.com/bfs/archive/657e5add279286c07b3dcf420eb59456da8b281b.jpg
2026-06-22,2026-06-22 07:44:34,46,BV1BHjz6JEYR,116776067275498,游 龙,杨齐家_,单机游戏,游戏,17,1021,2298046,11401,32093,133956,15119,22177,1387,1781861701,https://www.bilibili.com/video/BV1BHjz6JEYR,http://i2.hdslb.com/bfs/archive/9cd16777210d57d4707e7989f160f598afd22677.jpg
2026-06-22,2026-06-22 07:44:34,47,BV1yqjc69ESj,116770111227815,一盆面粉直接倒进开水里，面点老师傅教你炸糖糕的详细做法~,品诺美食开课啦,美食制作,美食,76,199,1707491,920,2184,159402,8359,29423,2835,1781777400,https://www.bilibili.com/video/BV1yqjc69ESj,http://i1.hdslb.com/bfs/archive/05a9fa11eca447aaff06fcef3c36ba849c2c578a.jpg
2026-06-22,2026-06-22 07:44:34,48,BV1DKjp6sESX,116782442483852,新金蝉脱壳,Y的生存手记,综合,综合,27,534,1003397,2374,4362,102514,2238,30982,671,1781958906,https://www.bilibili.com/video/BV1DKjp6sESX,http://i1.hdslb.com/bfs/archive/f7b66f77c006bb86c17cf6ef1501dfcc4cf5cb8d.png
2026-06-22,2026-06-22 07:44:34,49,BV1RXjJ6xEur,116781553287621,【TF家族练习生】《突围II破局》先导片,TF家族,明星综合,明星综合,137,2035,1517791,1044956,15948,81621,8824,31776,3578,1781953200,https://www.bilibili.com/video/BV1RXjJ6xEur,http://i0.hdslb.com/bfs/archive/aaa47f5a479a534903218d33c24af6b22221c58d.jpg
2026-06-22,2026-06-22 07:44:34,50,BV1K3jn65ECR,116781352032938,躲在超市后门智斗的二人,沃滋基-尼,综合,综合,27,92,1338774,1393,4529,162130,9364,38803,18372,1781942609,https://www.bilibili.com/video/BV1K3jn65ECR,http://i0.hdslb.com/bfs/archive/bdab827cde03d4f1eddf9ceb001b20129cc95c54.jpg
2026-06-22,2026-06-22 07:44:34,51,BV1YNjP6VEr6,116770648098260,我 伪 装,阴间滴贰哈鸽鸽,单机游戏,游戏,17,560,2813605,1925,1498,121212,3498,22079,11847,1781779073,https://www.bilibili.com/video/BV1YNjP6VEr6,http://i1.hdslb.com/bfs/archive/aad734a51fb0edd1446ad186f77bf3c9a7eb5c35.jpg
2026-06-22,2026-06-22 07:44:34,52,BV1adjJ6sE1D,116781721193950,大学禁止和课本谈恋爱！！！,快乐的台长,日常,生活,21,335,1142574,1384,1418,144030,4351,34975,4098,1781948457,https://www.bilibili.com/video/BV1adjJ6sE1D,http://i1.hdslb.com/bfs/archive/a6efce7bf64d83e1007d6f491da2e923dc3d746c.jpg
2026-06-22,2026-06-22 07:44:34,53,BV1aKjP6kE2F,116770631322253,有一个国家，半数人灵活就业，劳动法形同废纸,耳畔的猫头鹰,运动文化,运动文化,237,260,1396337,27127,11260,105243,25560,23607,22745,1781778884,https://www.bilibili.com/video/BV1aKjP6kE2F,http://i2.hdslb.com/bfs/archive/01d96ea8ae2de2a0aad812aaf711fb4058dac8be.jpg
2026-06-22,2026-06-22 07:44:34,54,BV1txjk6VEek,116778080405500,马西西位！🤯🤯🤯🤯,Team_Spirit,日常,生活,21,31,2713657,694,8812,203903,18279,15580,14795,1781892376,https://www.bilibili.com/video/BV1txjk6VEek,http://i0.hdslb.com/bfs/archive/186291f5cb166207208b9f64b08af7fbf2686906.jpg
2026-06-22,2026-06-22 07:44:34,55,BV1aqjE6mEid,116780160782699,你cos我憋笑挑战,我是易拉爆,日常,生活,21,73,2887025,711,1598,178518,2432,27862,5503,1781923956,https://www.bilibili.com/video/BV1aqjE6mEid,http://i0.hdslb.com/bfs/archive/57352c8c5bc8fe7b8ba2d61d6d5c028d1d3d9bc7.jpg
2026-06-22,2026-06-22 07:44:34,56,BV1EdLQ6DEnk,116765078133274,🍄2026最有深度的说唱🍄,纸片马力欧,日常,生活,21,56,2919351,886,5316,288076,12344,62360,36824,1781693849,https://www.bilibili.com/video/BV1EdLQ6DEnk,http://i1.hdslb.com/bfs/archive/1ddad6d7cacde25a39ba1e74002c5d18727efd01.jpg
2026-06-22,2026-06-22 07:44:34,57,BV1NRjF6WEo5,116770312554363,史上最牛烤鱼店！整个楼层全倒闭！8年老店到底有多好吃？（江苏）@勇哥餐饮原创,勇哥餐饮避坑指南,日常,生活,21,1209,2292821,4353,8945,119764,5374,17248,12802,1781774030,https://www.bilibili.com/video/BV1NRjF6WEo5,http://i1.hdslb.com/bfs/archive/1ec68b4b2c3f30cd811e3fb34693cbc9ce03d001.jpg
2026-06-22,2026-06-22 07:44:34,58,BV1mVjw6FEpX,116769524091628,《崩坏：星穹铁道》× 绿联联动小曲 | 爻光充能手势曲,帕姆的收藏夹,娱乐粉丝创作,娱乐,242,32,2559308,1954,8044,346221,21949,74298,39789,1781776800,https://www.bilibili.com/video/BV1mVjw6FEpX,http://i0.hdslb.com/bfs/archive/bf2ccd843ca7fdf49f3738dd0a9dc8cfb6b5e61a.jpg
2026-06-22,2026-06-22 07:44:34,59,BV1WFjW6EEMQ,116783734328117,《独家记忆》,王濛,明星综合,明星综合,137,320,905284,9813,12491,54769,52932,15468,4296,1781978557,https://www.bilibili.com/video/BV1WFjW6EEMQ,http://i1.hdslb.com/bfs/archive/7d952ec82a9aaf29c190029494576c283ac9ffd5.jpg
2026-06-22,2026-06-22 07:44:34,60,BV12JLX6PEA4,116764625077719,“以前的小孩vs现在的小孩”,数码宝贝坤,搞笑,娱乐,138,11,3789498,409,5734,241525,1351,17588,3111,1781755200,https://www.bilibili.com/video/BV12JLX6PEA4,http://i0.hdslb.com/bfs/archive/24846c832347f7613d6e863a3e323720e2bf2e4d.jpg
2026-06-22,2026-06-22 07:44:34,61,BV1cNjc62Ey5,116770262227635,0代码基础，竟然做出了爆款APP？【B站AI创造公开赛】,大宽大宽,数码,科技,95,317,1132993,663,1506,121025,6808,27659,14405,1781784000,https://www.bilibili.com/video/BV1cNjc62Ey5,http://i0.hdslb.com/bfs/archive/eb12c1ce5bf3901bbb3d4efb389c55ff4ca6004c.jpg
2026-06-22,2026-06-22 07:44:34,62,BV1USjC61EFe,116779573582726,治沙人,沙漠里的四妹,三农,生活,251,14,752484,1591,1988,264234,19859,4900,159,1781915068,https://www.bilibili.com/video/BV1USjC61EFe,http://i1.hdslb.com/bfs/archive/0ac158a54177ad00bc812a809b0e9dab9edbd46a.jpg
2026-06-22,2026-06-22 07:44:34,63,BV1Bfjq6LEDi,116776771784834,【洛天依原创】人是猫,张卡斯,VOCALOID·UTAU,VOCALOID·UTAU,30,133,435248,748,3055,115247,26923,60401,9578,1781872274,https://www.bilibili.com/video/BV1Bfjq6LEDi,http://i0.hdslb.com/bfs/archive/7a760fc57dd165eaa62e96849c3757524f842c7b.jpg
2026-06-22,2026-06-22 07:44:34,64,BV1oZLQ6EEUE,116765061291679,要不说警方卧底都是人才！！！把我笑惨了！,谈苏阳,野生技能协会,野生技能协会,122,415,3558730,5583,2964,223519,17500,21912,4369,1781693713,https://www.bilibili.com/video/BV1oZLQ6EEUE,http://i2.hdslb.com/bfs/archive/1a23cbec593cbc43238681e184d312f37a0a910a.jpg
2026-06-22,2026-06-22 07:44:34,65,BV1cNjc62Edi,116770262225952,故意带嘴硬男友去外面撸宠物蟑螂…他差点被双马尾吓哭！,是王小白呀,日常,生活,21,550,4970015,3945,2433,132996,3319,17550,4828,1781773506,https://www.bilibili.com/video/BV1cNjc62Edi,http://i1.hdslb.com/bfs/archive/ef9a657b0abdd65edac669ce3236abe6a14ca201.jpg
2026-06-22,2026-06-22 07:44:34,66,BV1MnjB6wEiB,116776469927608,请吃我画的鬼泣动画,台古_Taigu,同人·手书,动画,47,26,847710,175,1945,160563,28687,40676,6701,1781867758,https://www.bilibili.com/video/BV1MnjB6wEiB,http://i1.hdslb.com/bfs/archive/1dd96e8863e516ea883bc2ad0f670b011cbe00fd.jpg
2026-06-22,2026-06-22 07:44:34,67,BV1B4jn6AEGW,116781385516992,百年真心！终于重逢！《凡人修仙传》179逐帧解析,利维坦mY,动漫杂谈,动画,253,937,829768,6988,7788,75370,54461,9425,2483,1781949900,https://www.bilibili.com/video/BV1B4jn6AEGW,http://i2.hdslb.com/bfs/archive/d8106b030d97cdc30ee38dde90e3f42a07a06af3.jpg
2026-06-22,2026-06-22 07:44:34,68,BV1ATjz6fERC,116775949700075,“如果世界不温柔 可以让来我试试”,王子不会拍,日常,生活,21,220,848439,879,1503,106339,48330,10411,621,1781859857,https://www.bilibili.com/video/BV1ATjz6fERC,http://i0.hdslb.com/bfs/archive/ea683cc8fdd490fda58a6b1e3fa70931c588aa5b.jpg
2026-06-22,2026-06-22 07:44:34,69,BV1Tqjq6hEHF,116774792138101,我只是做错了事，可我不是坏孩子,源小仔,亲子,生活,254,114,1249493,2876,1353,135436,65017,26017,464,1781842522,https://www.bilibili.com/video/BV1Tqjq6hEHF,http://i2.hdslb.com/bfs/archive/767c3396b8774d2ea06329d31ffbd78cab9401dd.jpg
2026-06-22,2026-06-22 07:44:34,70,BV1Fgjv63EPc,116774255206106,12岁男孩偷开邻居车辆，独自在高速路行驶6小时后，被收费站工作人员发现并报警。交警提醒：未成年人无证驾驶，监护人需承担相应法律责任。请家长务必履行监护职责！,快看,亲子,生活,254,57,3801104,0,4875,189582,1262,6679,5217,1781834002,https://www.bilibili.com/video/BV1Fgjv63EPc,http://i2.hdslb.com/bfs/archive/b90144bed856a020b20d07949d5e246569be7bba.jpg
2026-06-22,2026-06-22 07:44:34,71,BV1EHjE6fEhG,116780664226179,咱兄弟俩真是这个👍（端午大合集）,亿本満足,日常,生活,21,7632,996132,2237,1658,75134,6882,34553,1385,1781932103,https://www.bilibili.com/video/BV1EHjE6fEhG,http://i1.hdslb.com/bfs/archive/6379f6d8484e6bdf5dc21d458a1bf7343d06a6e3.jpg
2026-06-22,2026-06-22 07:44:34,72,BV1wLjz6WEw5,116775865815369,《红脸的关公战长沙》,龙馍馍,动物二创,动物二创,220,90,1401527,470,1246,128695,23348,21466,15288,1781913600,https://www.bilibili.com/video/BV1wLjz6WEw5,http://i0.hdslb.com/bfs/archive/f8766e70c711a7a264a42b0464ef54fe915949c2.jpg
2026-06-22,2026-06-22 07:44:34,73,BV1eNLR6pERL,116765816392974,一扇没关的窗，闯进了一身防备的流浪猫妈妈暖暖，也打开了我温柔善良的另一人生。原来善良从来不是单向的付出，你温柔待众生，众生亦会温柔予你。,奇迹男孩1998,喵星人,喵星人,218,458,1204809,3163,6032,219862,134611,24954,2480,1781705143,https://www.bilibili.com/video/BV1eNLR6pERL,http://i2.hdslb.com/bfs/archive/344ae88b1d159c4491e20618c3b67f5d9035ed95.jpg
2026-06-22,2026-06-22 07:44:34,74,BV1Xnjc6vEVG,116770027341825,提前给我超有眼光的100万个粉丝剪个彩！,AL光,手机游戏,游戏,172,17,478374,171,960,281393,11227,50678,1127,1781786100,https://www.bilibili.com/video/BV1Xnjc6vEVG,http://i1.hdslb.com/bfs/archive/ce7eb2c9d4f38c37a3ecd37a81801e0141969336.jpg
2026-06-22,2026-06-22 07:44:34,75,BV1ypjV6XEHU,116760246360878,空岛二选一，水桶还是岩浆？,中华Silens丶哟,单机游戏,游戏,17,483,1563540,629,638,107703,6062,12573,2062,1781775000,https://www.bilibili.com/video/BV1ypjV6XEHU,http://i0.hdslb.com/bfs/archive/ea5e2b9080a311e1f0f0ff7450b54ab96cfa8466.jpg
2026-06-22,2026-06-22 07:44:34,76,BV1K3jC6kEX1,116780060121777,《鸣潮》巡回演唱会「致予新世界」预告动画,鸣潮,手机游戏,游戏,172,106,1564061,1943,5526,96492,40148,24023,15475,1781924400,https://www.bilibili.com/video/BV1K3jC6kEX1,http://i1.hdslb.com/bfs/archive/9abf9ecaffbd55cab43ad74807aa69e249997b36.jpg
2026-06-22,2026-06-22 07:44:34,77,BV1qFjB6yEzQ,116776687901421,抓老鼠,麻薯饭堂,同人·手书,动画,47,26,1247905,399,1358,134827,7581,49419,3380,1781871111,https://www.bilibili.com/video/BV1qFjB6yEzQ,http://i0.hdslb.com/bfs/archive/f7a5d82b72fcb889a66b33613e08369c1b75f771.jpg
2026-06-22,2026-06-22 07:44:34,78,BV1RSj76SEXn,116780747985261,你看不起的工作，可能是别人考不进去的门槛,如见未来AI,影视剪辑,影视,183,44,2306525,680,4043,159710,1087,20690,2004,1781932918,https://www.bilibili.com/video/BV1RSj76SEXn,http://i1.hdslb.com/bfs/archive/8c63f016f8287b11fb8f15f4852c38974dfd487e.jpg
2026-06-22,2026-06-22 07:44:34,79,BV13Yjq6PEvg,116774909579313,《魔女规则怪谈》,是许木木啊,日常,生活,21,1788,799478,6400,3339,78955,13026,16406,2198,1781861400,https://www.bilibili.com/video/BV13Yjq6PEvg,http://i0.hdslb.com/bfs/archive/ca86b69fdcb56bcbd814f68cba25543982134764.jpg
2026-06-22,2026-06-22 07:44:34,80,BV1yTL96wEij,116764105053777,厨师长下班了在厨房里偷偷开小灶，剩了点海鲜没卖出去，捞汁小海鲜，猪排海肠捞饭,张森的下班料理,美食记录,美食,215,1230,1317498,3745,1463,101111,4951,10388,2352,1781859600,https://www.bilibili.com/video/BV1yTL96wEij,http://i1.hdslb.com/bfs/archive/efca4b90eb7299ad4638085e92e614b5b96e4552.jpg
2026-06-22,2026-06-22 07:44:34,81,BV1KQja61E2M,116771805732393,高二期末已经慌了？重难点在此！,一数,校园学习,知识,208,5252,542294,3339,2264,62298,7132,37233,2454,1781833575,https://www.bilibili.com/video/BV1KQja61E2M,http://i1.hdslb.com/bfs/archive/9edaad467e80f51a96c62ac0e1d9c6469e8bd49c.jpg
2026-06-22,2026-06-22 07:44:34,82,BV1A7ju66EGc,116758635616950,没办法，我就是这样一个优秀的人啊！🧚🏻‍♀️,papi酱,短片,动画,256,145,1048815,769,1329,131943,13812,5848,4279,1781863200,https://www.bilibili.com/video/BV1A7ju66EGc,http://i2.hdslb.com/bfs/archive/597cc554ab8603eb091bcc21a195ae5fce7826f1.jpg
2026-06-22,2026-06-22 07:44:34,83,BV1XtjA6BEtS,116770782318985,代理人档案丨蕾米埃尔,绝区零第一可爱兔宝,手机游戏,游戏,172,17,1011621,2361,8051,133792,20490,19994,14351,1781920800,https://www.bilibili.com/video/BV1XtjA6BEtS,http://i1.hdslb.com/bfs/archive/7e10ac96f8e47755f67c160de3ddb48e7345097f.jpg
2026-06-22,2026-06-22 07:44:34,84,BV1w2LQ6ZEoA,116764977594634,小猫meme,待到春来冬夏去,绘画,绘画,162,19,1042651,466,3512,217108,11440,69862,10706,1781692216,https://www.bilibili.com/video/BV1w2LQ6ZEoA,http://i1.hdslb.com/bfs/archive/fd5bd223f1d24198a470c8bcce0952882843e3fb.jpg
2026-06-22,2026-06-22 07:44:34,85,BV11djF6XEkV,116770295914116,豆包决定随机金额吃一天！豆包是会配餐的,嘴嘴深夜食堂,美食测评,美食,213,324,2532296,1350,948,174865,2077,23881,472,1781775000,https://www.bilibili.com/video/BV11djF6XEkV,http://i2.hdslb.com/bfs/archive/9507d11fa5199d5ff2cfa8370cf67b9e86f73deb.jpg
2026-06-22,2026-06-22 07:44:34,86,BV1P1LQ6tEM1,116764927071967,那些美好的动物视频！,蒙哥马利愛学习,动物二创,动物二创,220,401,2620697,2091,2503,198541,2322,14626,2064,1781691731,https://www.bilibili.com/video/BV1P1LQ6tEM1,http://i0.hdslb.com/bfs/archive/4b9d7016a1a67c118033eeddbbe35b33ce4d84b4.jpg
2026-06-22,2026-06-22 07:44:34,87,BV1s2jq6sETH,116775027087936,😋“鲁鲁逊漂流记”😋,沙雕Sanscul,影视剪辑,影视,183,378,647063,1160,912,71465,9853,22102,2877,1781845776,https://www.bilibili.com/video/BV1s2jq6sETH,http://i1.hdslb.com/bfs/archive/0d3e96881985e3c43a30aa1523f5f1fd4b6ee530.jpg
2026-06-22,2026-06-22 07:44:34,88,BV1Aoja6GEkx,116771755395620,新三国up锐评老三国03：这首播版内容还真多,吃蛋挞的折棒,影视剪辑,影视,183,1571,1130863,10776,6602,63306,30354,9228,1268,1781834400,https://www.bilibili.com/video/BV1Aoja6GEkx,http://i1.hdslb.com/bfs/archive/b8983523a2ddb812e209d85b0f9a09a8e482dd19.jpg
2026-06-22,2026-06-22 07:44:34,89,BV1AyjA6ZEWn,116770933377885,《当你获得超能力：储存空间（0.01立方米）》,李为所,搞笑,娱乐,138,540,2634191,2070,3932,107537,4777,12332,750,1781784408,https://www.bilibili.com/video/BV1AyjA6ZEWn,http://i0.hdslb.com/bfs/archive/7b95a65473793123d1288e2c86fe8b506519f9a4.jpg
2026-06-22,2026-06-22 07:44:34,90,BV1QdjJ6WEXe,116781721063124,评论区摄影大赛梦核篇开启，今天是善良人格，欢迎投稿好的作品会让更多人看到。,摄影恩哥,日常,生活,21,108,2092175,1159,4329,125239,1136,9813,352,1781948068,https://www.bilibili.com/video/BV1QdjJ6WEXe,http://i0.hdslb.com/bfs/archive/4ed53967ff14e4b0ff9827f165ead7dbd344d674.jpg
2026-06-22,2026-06-22 07:44:34,91,BV1EMjc6yExi,116770430060662,神奇的魔法王冠,路西法Lusiferr,搞笑,娱乐,138,15,3645439,514,5798,189641,1964,11843,5151,1781784000,https://www.bilibili.com/video/BV1EMjc6yExi,http://i0.hdslb.com/bfs/archive/65097cf6e407553f76561bcf8641ce303dba3328.jpg
2026-06-22,2026-06-22 07:44:34,92,BV1J8je6BELz,116772879471659,跟资本对赌！最不吃压力之人 把资本家逼上绝路《一掷千金》,沫子瞪片,影视杂谈,影视,182,1056,1859785,13843,3713,70747,6407,10977,2758,1781839800,https://www.bilibili.com/video/BV1J8je6BELz,http://i2.hdslb.com/bfs/archive/4e5796236716bf68809cb86ec84db170e91cf6ca.jpg
2026-06-22,2026-06-22 07:44:34,93,BV12Gjn6kEP6,116781335187792,一个环艺老学长的填志愿忏悔录！,是莫叔叔吗,搞笑,娱乐,138,361,1221190,553,2238,130648,849,12253,951,1781942826,https://www.bilibili.com/video/BV12Gjn6kEP6,http://i0.hdslb.com/bfs/archive/814cbb7312342c2b6cc7179ae6a82b9e23ee79af.jpg
2026-06-22,2026-06-22 07:44:34,94,BV1ArjW6nE1V,116783616887594,《明日方舟》危机合约新赛季「涤墨作战」宣传PV,明日方舟,手机游戏,游戏,172,108,1034397,8331,14047,85268,21246,12843,45398,1782010800,https://www.bilibili.com/video/BV1ArjW6nE1V,http://i0.hdslb.com/bfs/archive/5ecd97f01f442270285e760493ad7840c33033df.jpg
2026-06-22,2026-06-22 07:44:34,95,BV1SLjB6eErW,116776855739972,如果爱昴天团看到了死归全过程【3】,生锈的包子,综合,综合,27,367,1045376,4179,3449,54499,11922,17091,1825,1781873704,https://www.bilibili.com/video/BV1SLjB6eErW,http://i2.hdslb.com/bfs/archive/cec3ed3868f390279682fb18d7fd8f9279d05d1a.jpg
2026-06-22,2026-06-22 07:44:34,96,BV1KVjC63Ezz,116779707797561,什么叫把复活赛打成翻身仗？Unity还能搓出这种中式开放都市？！《望月》线下试玩！,鬼叔黍,单机游戏,游戏,17,793,1263502,618,2061,80271,7946,10532,3810,1781922306,https://www.bilibili.com/video/BV1KVjC63Ezz,http://i0.hdslb.com/bfs/archive/b318146908bf7fcef592692d63ed61d5fa707367.jpg
2026-06-22,2026-06-22 07:44:34,97,BV1NkjA6FEEu,116770899820826,一个世界杯巨星，毁了全世界网友对长腿金发美女的期待,BB姬Studio,足球,足球,249,984,2500647,4534,3245,57818,11755,15802,7361,1781782775,https://www.bilibili.com/video/BV1NkjA6FEEu,http://i1.hdslb.com/bfs/archive/0addda06e13618a0f961d27c66b1662811bc1b38.jpg
2026-06-22,2026-06-22 07:44:34,98,BV1Vkje68ED9,116774624301441,找孙笑川要签名,废白Exe,综合,综合,27,20,1439729,334,5107,143689,1458,19161,16427,1781839507,https://www.bilibili.com/video/BV1Vkje68ED9,http://i2.hdslb.com/bfs/archive/f144eaa55fab7ddf2e7252353c8198a48b6fdcbd.jpg
2026-06-22,2026-06-22 07:44:34,99,BV1nhji61E9A,116775849038176,现在的恐怖游戏VS以前的恐怖游戏,Mc队友,日常,生活,21,33,843088,681,2736,108316,5057,46865,2145,1781858276,https://www.bilibili.com/video/BV1nhji61E9A,http://i1.hdslb.com/bfs/archive/5fb581d5933d90ae27d3a29d99c05b07b2f531af.jpg
2026-06-22,2026-06-22 07:44:34,100,BV1BULf6BEk8,116768886496232,为什么把新娘的妆给卸了,虎牙刘牛,日常,生活,21,662,1481484,3163,2465,112455,4798,15037,2095,1781752076,https://www.bilibili.com/video/BV1BULf6BEk8,http://i0.hdslb.com/bfs/archive/de3b606d3426e522d5c8a8d574e3b6604bdb808c.jpg
2026-06-22,2026-06-22 13:30:48,1,BV1oTjk6xEea,116778281796886,我发誓这是我看过最震撼的漫展爬台变装演唱！！,夏旬Natsuki,翻唱,音乐,31,84,4781911,1412,5063,562366,39248,57866,7038,1781947800,https://www.bilibili.com/video/BV1oTjk6xEea,http://i0.hdslb.com/bfs/archive/c937405b0e26e4652af142f494911c0cf97d0f26.jpg
2026-06-22,2026-06-22 13:30:48,2,BV1Cvjk6TEB3,116778046915958,🎨要看看这样的视频才有力气讨生活【三角洲】,牧牧川,单机游戏,游戏,17,192,3885555,701,2115,284235,10377,42855,2180,1781926200,https://www.bilibili.com/video/BV1Cvjk6TEB3,http://i1.hdslb.com/bfs/archive/9c3b114670250931e6264389d05a263039d091d9.jpg
2026-06-22,2026-06-22 13:30:48,3,BV17BjB6UEeP,116776536902641,一坨泥巴也来跳迈克尔·杰克逊《顫栗》？,宅叔飞飞,手工,生活,161,67,3519275,412,1522,384446,84516,23592,2358,1781868799,https://www.bilibili.com/video/BV17BjB6UEeP,http://i0.hdslb.com/bfs/archive/8c7d6784a5fe4aa117f1c0c53696dadb050b0d1d.jpg
2026-06-22,2026-06-22 13:30:48,4,BV15Qj66mE5z,116776956336801,快乐 童年,榴莲阿呀,搞笑,娱乐,138,538,4290607,9381,11320,256831,66896,94289,4001,1781875232,https://www.bilibili.com/video/BV15Qj66mE5z,http://i1.hdslb.com/bfs/archive/fd70d470e4de0758969faf57cfd3f789c6e5e222.jpg
2026-06-22,2026-06-22 13:30:48,5,BV1wULQ64EB9,116764960825221,《绝区零》先导演示丨蕾米埃尔,哔哩哔哩游戏中心,手机游戏,游戏,172,91,2851372,6413,25100,199221,77814,41710,108569,1781920800,https://www.bilibili.com/video/BV1wULQ64EB9,http://i2.hdslb.com/bfs/archive/4373a99ec734fa760ccab2161d38ef6294815f24.jpg
2026-06-22,2026-06-22 13:30:48,6,BV1jbja6hE3o,116771990277534,炒菜好不好吃不是放多少调料而是掌握食材时间、火候、和烹饪技巧,灶台阿连,日常,生活,21,627,2330356,4187,7389,168575,19547,59783,6970,1781799497,https://www.bilibili.com/video/BV1jbja6hE3o,http://i1.hdslb.com/bfs/archive/ab2d3085ec3329c0de7ed86cda1263841a4753e4.jpg
2026-06-22,2026-06-22 13:30:48,7,BV1JKjH6iE6y,116782895470334,多少年了，人们还记得你真实的样子吗？,何大爷课堂,人文历史,知识,228,218,3300330,462,2487,215329,5900,12419,1153,1781965957,https://www.bilibili.com/video/BV1JKjH6iE6y,http://i1.hdslb.com/bfs/archive/ce0fa067f5c90abd4ceb01108697be8f556ecd57.jpg
2026-06-22,2026-06-22 13:30:48,8,BV14VjF6HEGT,116768618060324,宇 宙 级 免 责 声 明,龙大人不喷火,鬼畜剧场,鬼畜剧场,216,92,5233329,2333,11567,328907,15577,28321,17223,1781780400,https://www.bilibili.com/video/BV14VjF6HEGT,http://i0.hdslb.com/bfs/archive/4089372d9471271137ac3ce69091a7ac0faf36f4.jpg
2026-06-22,2026-06-22 13:30:48,9,BV1hNjw6vEa6,116769876347422,“啊，是关中王来了！”,三木刃,鬼畜剧场,鬼畜剧场,216,337,2751883,1570,2613,173179,22142,35448,5242,1781841300,https://www.bilibili.com/video/BV1hNjw6vEa6,http://i1.hdslb.com/bfs/archive/bfab94865def24138b661b7340eeed674179a6ea.jpg
2026-06-22,2026-06-22 13:30:48,10,BV1Nyjq6dENe,116775043801036,挑战你们说我像谁我就模仿谁！事情发展到这一步，已经越来越离谱了。。。,李如儒也是李蠕蠕,小剧场,娱乐,85,151,3270146,6498,4113,255674,25214,16802,2995,1781846144,https://www.bilibili.com/video/BV1Nyjq6dENe,http://i1.hdslb.com/bfs/archive/0a51f7b766b553eeecb0f09765a9c38db7b7b6c6.jpg
2026-06-22,2026-06-22 13:30:48,11,BV199jJ6REJR,116781536511840,【干货】为什么不建议你今年考高考状元？,闪电侠-flash,校园学习,知识,208,149,2097405,2978,4093,236635,2340,15282,6977,1781949600,https://www.bilibili.com/video/BV199jJ6REJR,http://i1.hdslb.com/bfs/archive/e9e898756d4f16f348bd9866f5f50d18f0a74c2a.jpg
2026-06-22,2026-06-22 13:30:48,12,BV1uHjJ6mEpe,116781888833434,地牢酒馆-15集 《一支欢快的舞》,粘土工厂,单机游戏,游戏,17,265,1433748,4824,3175,172827,21530,18619,1914,1781951423,https://www.bilibili.com/video/BV1uHjJ6mEpe,http://i0.hdslb.com/bfs/archive/6b4c38e45f3f0de7eaf9b7ec420a773be89a3de3.jpg
2026-06-22,2026-06-22 13:30:48,13,BV1LAjP61EbF,116770732120927,［甲鱼meme］水宝宝,烫甲鱼,绘画,绘画,162,167,2948602,666,2648,187899,7979,43419,4328,1781780089,https://www.bilibili.com/video/BV1LAjP61EbF,http://i2.hdslb.com/bfs/archive/82e7bc476c47722f23af20e620bb6c13f4ee3c75.jpg
2026-06-22,2026-06-22 13:30:48,14,BV1xXjn6LEwc,116783247787866,人，停下！,幸仁儿鲨,绘画,绘画,162,475,915019,7362,6437,107596,34846,43955,3029,1781971350,https://www.bilibili.com/video/BV1xXjn6LEwc,http://i2.hdslb.com/bfs/archive/cfe6b10df7f5630e9cb80f9edffe4b9a15c6024a.jpg
2026-06-22,2026-06-22 13:30:48,15,BV1nHja6KEA3,116771872835698,做律师没料到要去村里抓猪抵债。法官：我也没料到～,戴律请回答,社科·法律·心理,知识,124,972,1523993,2259,4359,153449,81763,14940,2751,1781835600,https://www.bilibili.com/video/BV1nHja6KEA3,http://i1.hdslb.com/bfs/archive/4d8f84e7426f13b922911fd6eaa5c8d849a2b1af.jpg
2026-06-22,2026-06-22 13:30:48,16,BV1imjh6bErF,116772174827175,一个跟头十万八千里2.0,孤鹜AH,搞笑,娱乐,138,151,2273609,632,1225,158564,4748,37836,9442,1781863200,https://www.bilibili.com/video/BV1imjh6bErF,http://i1.hdslb.com/bfs/archive/63af2fba214108093162b7977e0bfa42a5f0a242.jpg
2026-06-22,2026-06-22 13:30:48,17,BV1dMjJ64Emt,116782241286100,新番时光机！十年前的观众都在看什么神片？「2016年4月篇」泛式,泛式,动漫杂谈,动画,253,1104,1057884,13342,7998,108220,55967,24804,9096,1781955914,https://www.bilibili.com/video/BV1dMjJ64Emt,http://i2.hdslb.com/bfs/archive/81e6a2baf73a0864c80081301e66022a9641d9f3.jpg
2026-06-22,2026-06-22 13:30:48,18,BV1Dejq6aEVp,116774892738063,循环歌单|【像个白痴一样】|“【不会哄人の小曲】”,蛋某人音乐,乐评盘点,音乐,243,2993,2992097,441,4968,195872,5861,102257,3203,1781913600,https://www.bilibili.com/video/BV1Dejq6aEVp,http://i0.hdslb.com/bfs/archive/76d35bc1f4f338083694865437ba95ae366e46db.jpg
2026-06-22,2026-06-22 13:30:48,19,BV1usjH6WEoz,116782694139715,曾沛慈｜《怎么说我不爱你》舞台,曾沛慈_TsengPets,明星综合,明星综合,137,279,1525714,17102,17310,78461,65141,29020,9901,1781962856,https://www.bilibili.com/video/BV1usjH6WEoz,http://i0.hdslb.com/bfs/archive/bb4c91ef35acc1e06800c178e2600fd8d5509e78.jpg
2026-06-22,2026-06-22 13:30:48,20,BV1uyja6nEZY,116771621175583,送你个机器人女友#AI,90后的日常,影视剪辑,影视,183,206,1346189,4932,15414,139366,12109,25494,10045,1781793601,https://www.bilibili.com/video/BV1uyja6nEZY,http://i2.hdslb.com/bfs/archive/a8408ab240cbc1f57b155cb91d2a631688d5a0d2.jpg
2026-06-22,2026-06-22 13:30:48,21,BV1Qtjq6iEoF,116775228278653,祝大家端午節快樂,台灣館長,日常,生活,21,17,3275537,12260,12652,564781,19631,38697,32631,1781848904,https://www.bilibili.com/video/BV1Qtjq6iEoF,http://i1.hdslb.com/bfs/archive/bdd921fa27274787b2e615a36e2417695d23128d.jpg
2026-06-22,2026-06-22 13:30:48,22,BV1Pujz6tEMM,116775932927915,没有赶不上的早八,张河清教授,日常,生活,21,25,4838119,1920,2007,551097,6260,29622,2138,1781859604,https://www.bilibili.com/video/BV1Pujz6tEMM,http://i2.hdslb.com/bfs/archive/a277e56a98fc32a94e934d36101d44508170e860.jpg
2026-06-22,2026-06-22 13:30:48,23,BV1ZEjz6nER3,116775899368374,按到音乐键了,黄沙大圣圣,汪星人,汪星人,219,13,2979258,582,5673,267052,5787,46848,28768,1781859015,https://www.bilibili.com/video/BV1ZEjz6nER3,http://i2.hdslb.com/bfs/archive/948d86110fd0a8045495af7a2c5fdac595ce5df6.jpg
2026-06-22,2026-06-22 13:30:48,24,BV1L2jB6VEtj,116776251692569,【潘宏爱玩狗】最新视频来袭，快来看看吧！,潘宏爱玩狗,汪星人,汪星人,219,248,1359731,2305,2618,179608,10958,12557,1973,1781865081,https://www.bilibili.com/video/BV1L2jB6VEtj,http://i1.hdslb.com/bfs/archive/40496da5f89a0e49899b18803e8a64319fd0f3a9.jpg
2026-06-22,2026-06-22 13:30:48,25,BV1cMjc61EL9,116770430194149,磨银墨写悬浮 李商隐《无题》,小秋习字,绘画,绘画,162,80,3951781,2052,3454,272520,7570,27647,3096,1781775628,https://www.bilibili.com/video/BV1cMjc61EL9,http://i1.hdslb.com/bfs/archive/d4681f759763d5562bd4a4347209a15aa66918be.jpg
2026-06-22,2026-06-22 13:30:48,26,BV1GDjB66EE9,116776134246683,花37天，破解上海最贵汉堡，成本只要。。。,绵羊料理,美食制作,美食,76,408,1720380,7370,2052,131565,52725,23119,4274,1781862487,https://www.bilibili.com/video/BV1GDjB66EE9,http://i0.hdslb.com/bfs/archive/b7f0e83cb8a595492fe7c45b2e56bc59b662e664.jpg
2026-06-22,2026-06-22 13:30:48,27,BV1dJjv6PEpz,116774490085009,⚡秒 开 仙 人⚡,不抽象的真菌零_Jack,鬼畜调教,鬼畜,22,153,1180097,3554,4604,156537,7049,48178,13172,1781837474,https://www.bilibili.com/video/BV1dJjv6PEpz,http://i1.hdslb.com/bfs/archive/860876c570ba90ec71fa5c2d257d2736f690050f.jpg
2026-06-22,2026-06-22 13:30:48,28,BV1Pqjc6REiP,116770111295217,“孩子的第一新声你希望是什么”【波西米亚狂想曲】【超级加倍の小曲】,早睡起大王,音乐综合,音乐,130,156,3461545,10086,7612,248904,6374,90077,28241,1781771400,https://www.bilibili.com/video/BV1Pqjc6REiP,http://i1.hdslb.com/bfs/archive/d691ffd8bb12633ac11c3ea944602fe0c037e31c.jpg
2026-06-22,2026-06-22 13:30:48,29,BV1rZjr6aErt,116778717938040,末日高架桥，我们被困了100天！,马里奥红叔,单机游戏,游戏,17,1463,1086544,3556,1847,127439,48647,45143,1834,1781924400,https://www.bilibili.com/video/BV1rZjr6aErt,http://i0.hdslb.com/bfs/archive/112ae27cde1480e5ed760c9b5927159b8764e1e4.jpg
2026-06-22,2026-06-22 13:30:48,30,BV1MNjC62EVv,116780127227543,美国要给伊朗赔款,燕三嘤嘤嘤,人文历史,知识,228,1122,2442640,8891,5727,121288,25090,18985,2900,1781927400,https://www.bilibili.com/video/BV1MNjC62EVv,http://i2.hdslb.com/bfs/archive/787956eaf6b9381b36339aaf595081152abadcf0.jpg
2026-06-22,2026-06-22 13:30:48,31,BV1RSj76SEhJ,116780747985960,【究极佐菲格斗】第四集 奥特兄弟暗杀计划！佐菲机器人 雷欧 泰罗 爱迪 黑暗星人巴巴尔 登场,Dennis飞昊,特摄,动画,86,1034,1134447,3355,4073,82193,66909,35332,8809,1781932942,https://www.bilibili.com/video/BV1RSj76SEhJ,http://i1.hdslb.com/bfs/archive/8609ad0d770e88507e1b65a46221b41d8ea40af4.jpg
2026-06-22,2026-06-22 13:30:48,32,BV1DKjp6sESX,116782442483852,新金蝉脱壳,Y的生存手记,综合,综合,27,534,1172108,2748,5479,120778,2599,35121,816,1781958906,https://www.bilibili.com/video/BV1DKjp6sESX,http://i1.hdslb.com/bfs/archive/f7b66f77c006bb86c17cf6ef1501dfcc4cf5cb8d.png
2026-06-22,2026-06-22 13:30:48,33,BV1U6jz6KErp,116777744867001,王老菊教你断剑奇侠·S3-ep00：包氏创业记,怕上火暴王老菊,单机游戏,游戏,17,4658,1248700,14283,7591,76519,68239,25481,7647,1781887258,https://www.bilibili.com/video/BV1U6jz6KErp,http://i1.hdslb.com/bfs/archive/554ab808c05612b25535d00af53cccaff6bee7ae.jpg
2026-06-22,2026-06-22 13:30:48,34,BV1Ftjw6DEmL,116769557711688,假如所有人被迫看着死亡回归,00kk君,MAD·AMV,MAD·AMV,24,4786,2775956,11139,12534,187902,72502,130804,12410,1781762186,https://www.bilibili.com/video/BV1Ftjw6DEmL,http://i2.hdslb.com/bfs/archive/9ab9adff76a9f537e7fae8a493c60fc0fa60feb5.jpg
2026-06-22,2026-06-22 13:30:48,35,BV1K3jn65ECR,116781352032938,躲在超市后门智斗的二人,沃滋基-尼,综合,综合,27,92,1575510,2050,4780,185521,11207,43910,20883,1781942609,https://www.bilibili.com/video/BV1K3jn65ECR,http://i0.hdslb.com/bfs/archive/bdab827cde03d4f1eddf9ceb001b20129cc95c54.jpg
2026-06-22,2026-06-22 13:30:48,36,BV1Ndje6DEkS,116774674631565,【特效向】剧⚡终 但是成龙🐉,豪言の经理,鬼畜剧场,鬼畜剧场,216,131,1358413,1097,2072,157773,39166,36540,8209,1781840398,https://www.bilibili.com/video/BV1Ndje6DEkS,http://i0.hdslb.com/bfs/archive/9472cf3932257bbb43d2ed7c875116b0016e129d.jpg
2026-06-22,2026-06-22 13:30:48,37,BV1iZjc6gEJr,116769893128777,来赣州包个鱼塘，帮少年减轻家庭重担，鱼多鱼少不重要，得让孩子安心完成学业,李维刚的日常,三农,生活,251,635,981751,4026,4467,125370,93680,6521,1466,1781946000,https://www.bilibili.com/video/BV1iZjc6gEJr,http://i0.hdslb.com/bfs/archive/68345d040fbae81a977a9631c9d78df717416345.jpg
2026-06-22,2026-06-22 13:30:48,38,BV1RJjv6PEQN,116774490087302,今天教大家如何跟女生说话,其实我是超级小孩,单机游戏,游戏,17,52,1823195,503,4168,252576,5932,61551,14239,1781837467,https://www.bilibili.com/video/BV1RJjv6PEQN,http://i2.hdslb.com/bfs/archive/2518c2fb18de178908b9c3b67ad646cefc88f7f0.jpg
2026-06-22,2026-06-22 13:30:48,39,BV1Lnjv6eE76,116774406262942,这恐怖的细节还是三角洲吗？核工作者带你感受核电站的种种还原！,Key725,网络游戏,游戏,65,1559,2787003,5759,4085,125716,7835,44785,5252,1781870466,https://www.bilibili.com/video/BV1Lnjv6eE76,http://i1.hdslb.com/bfs/archive/0b500acd1480b98bfb94a76ca22399ff785a228e.jpg
2026-06-22,2026-06-22 13:30:48,40,BV1Sijq6cEqp,116774808850573,【plolt】我为什么突然开始做故事版了,plolt,同人·手书,动画,47,562,908983,487,1191,146441,13905,22044,566,1781843400,https://www.bilibili.com/video/BV1Sijq6cEqp,http://i1.hdslb.com/bfs/archive/a45b8941d12ba649dd855eac13e6822cb21defa3.jpg
2026-06-22,2026-06-22 13:30:48,41,BV1BHjz6JEYR,116776067275498,游 龙,杨齐家_,单机游戏,游戏,17,1021,2486106,11601,32225,137171,15374,23359,1424,1781861701,https://www.bilibili.com/video/BV1BHjz6JEYR,http://i2.hdslb.com/bfs/archive/9cd16777210d57d4707e7989f160f598afd22677.jpg
2026-06-22,2026-06-22 13:30:48,42,BV1aqjE6mEid,116780160782699,你cos我憋笑挑战,我是易拉爆,日常,生活,21,73,3216823,760,1749,193925,2721,29824,5955,1781923956,https://www.bilibili.com/video/BV1aqjE6mEid,http://i0.hdslb.com/bfs/archive/57352c8c5bc8fe7b8ba2d61d6d5c028d1d3d9bc7.jpg
2026-06-22,2026-06-22 13:30:48,43,BV1Tdjw6hEnT,116771470180736,瑞平cosIP从夯到拉,陈年老叶_YE,仿妆cos,时尚,252,327,1167704,2894,6478,133838,15632,23436,16312,1781791402,https://www.bilibili.com/video/BV1Tdjw6hEnT,http://i1.hdslb.com/bfs/archive/657e5add279286c07b3dcf420eb59456da8b281b.jpg
2026-06-22,2026-06-22 13:30:48,44,BV1adjJ6sE1D,116781721193950,大学禁止和课本谈恋爱！！！,快乐的台长,日常,生活,21,335,1196403,1448,1508,150744,4649,37086,4357,1781948457,https://www.bilibili.com/video/BV1adjJ6sE1D,http://i1.hdslb.com/bfs/archive/a6efce7bf64d83e1007d6f491da2e923dc3d746c.jpg
2026-06-22,2026-06-22 13:30:48,45,BV1RXjJ6xEur,116781553287621,【TF家族练习生】《突围II破局》先导片,TF家族,明星综合,明星综合,137,2035,1572010,1054081,15996,82719,8920,32319,3606,1781953200,https://www.bilibili.com/video/BV1RXjJ6xEur,http://i0.hdslb.com/bfs/archive/aaa47f5a479a534903218d33c24af6b22221c58d.jpg
2026-06-22,2026-06-22 13:30:48,46,BV1WFjW6EEMQ,116783734328117,《独家记忆》,王濛,明星综合,明星综合,137,320,1032571,11300,15525,60276,58400,17079,5111,1781978557,https://www.bilibili.com/video/BV1WFjW6EEMQ,http://i1.hdslb.com/bfs/archive/7d952ec82a9aaf29c190029494576c283ac9ffd5.jpg
2026-06-22,2026-06-22 13:30:48,47,BV1txjk6VEek,116778080405500,马西西位！🤯🤯🤯🤯,Team_Spirit,日常,生活,21,31,2801766,702,8849,209499,18463,15969,14949,1781892376,https://www.bilibili.com/video/BV1txjk6VEek,http://i0.hdslb.com/bfs/archive/186291f5cb166207208b9f64b08af7fbf2686906.jpg
2026-06-22,2026-06-22 13:30:48,48,BV1vwLX6yEM2,116765011221350,操 控 买 瓜,岩罗Crv,鬼畜剧场,鬼畜剧场,216,200,3123540,11058,4700,250007,87320,71365,21967,1781692838,https://www.bilibili.com/video/BV1vwLX6yEM2,http://i2.hdslb.com/bfs/archive/04e711636e551d2a581322fb9b21c4916ab63bfa.jpg
2026-06-22,2026-06-22 13:30:48,49,BV1YNjP6VEr6,116770648098260,我 伪 装,阴间滴贰哈鸽鸽,单机游戏,游戏,17,560,3033326,1986,1586,128035,3747,23167,12673,1781779073,https://www.bilibili.com/video/BV1YNjP6VEr6,http://i1.hdslb.com/bfs/archive/aad734a51fb0edd1446ad186f77bf3c9a7eb5c35.jpg
2026-06-22,2026-06-22 13:30:48,50,BV1PyjZ6jEc1,116789774131069,来自Major冠军的信息：中国粉丝们，你们是这成功的一部分,IEM成都,电子竞技,游戏,171,35,1692996,4172,9921,200765,33385,19675,13312,1782070680,https://www.bilibili.com/video/BV1PyjZ6jEc1,http://i0.hdslb.com/bfs/archive/b8bcc4897c74fb3389c187ade722f33aa86faad3.jpg
2026-06-22,2026-06-22 13:30:48,51,BV1USjC61EFe,116779573582726,治沙人,沙漠里的四妹,三农,生活,251,14,774757,1716,2054,273016,21075,5111,166,1781915068,https://www.bilibili.com/video/BV1USjC61EFe,http://i1.hdslb.com/bfs/archive/0ac158a54177ad00bc812a809b0e9dab9edbd46a.jpg
2026-06-22,2026-06-22 13:30:48,52,BV1pMjA6pEVx,116771067596968,史蒂夫也是请到高人了，胸肌比头都大【我是僵尸】,磊哥游戏,单机游戏,游戏,17,367,2572102,1563,2307,182026,11795,20370,1809,1781830800,https://www.bilibili.com/video/BV1pMjA6pEVx,http://i1.hdslb.com/bfs/archive/79b2a079a054ea11832f3b3ba0e5a920525e9d82.jpg
2026-06-22,2026-06-22 13:30:48,53,BV1Bfjq6LEDi,116776771784834,【洛天依原创】人是猫,张卡斯,VOCALOID·UTAU,VOCALOID·UTAU,30,133,455811,786,3178,118890,28225,62946,10001,1781872274,https://www.bilibili.com/video/BV1Bfjq6LEDi,http://i0.hdslb.com/bfs/archive/7a760fc57dd165eaa62e96849c3757524f842c7b.jpg
2026-06-22,2026-06-22 13:30:48,54,BV1B6LR6tEcD,116765229057404,不同价格的声音,李肆言哟,日常,生活,21,91,7959387,4532,5836,519296,13040,51082,10182,1781696260,https://www.bilibili.com/video/BV1B6LR6tEcD,http://i1.hdslb.com/bfs/archive/1fcb1aec42c67f54ac0e69e48af78efe6abb0e27.jpg
2026-06-22,2026-06-22 13:30:48,55,BV1MnjB6wEiB,116776469927608,请吃我画的鬼泣动画,台古_Taigu,同人·手书,动画,47,26,864546,180,1994,164462,29551,41797,6855,1781867758,https://www.bilibili.com/video/BV1MnjB6wEiB,http://i1.hdslb.com/bfs/archive/1dd96e8863e516ea883bc2ad0f670b011cbe00fd.jpg
2026-06-22,2026-06-22 13:30:48,56,BV1B4jn6AEGW,116781385516992,百年真心！终于重逢！《凡人修仙传》179逐帧解析,利维坦mY,动漫杂谈,动画,253,937,862462,7141,7924,77414,55824,9619,2575,1781949900,https://www.bilibili.com/video/BV1B4jn6AEGW,http://i2.hdslb.com/bfs/archive/d8106b030d97cdc30ee38dde90e3f42a07a06af3.jpg
2026-06-22,2026-06-22 13:30:48,57,BV1KTJN6kEuG,116748099586045,⚡️JOJO x 迈克尔杰克逊⚡️顶级智斗の【假死避雷】,Mr丶Ass,综合,综合,27,538,1773391,3315,2378,124829,26322,31641,10787,1781773200,https://www.bilibili.com/video/BV1KTJN6kEuG,http://i0.hdslb.com/bfs/archive/a526c48f6d7a7001202d512beb7f289dc455b206.jpg
2026-06-22,2026-06-22 13:30:48,58,BV1ATjz6fERC,116775949700075,“如果世界不温柔 可以让来我试试”,王子不会拍,日常,生活,21,220,863485,893,1521,107822,49266,10751,632,1781859857,https://www.bilibili.com/video/BV1ATjz6fERC,http://i0.hdslb.com/bfs/archive/ea683cc8fdd490fda58a6b1e3fa70931c588aa5b.jpg
2026-06-22,2026-06-22 13:30:48,59,BV1EHjE6fEhG,116780664226179,咱兄弟俩真是这个👍（端午大合集）,亿本満足,日常,生活,21,7632,1059481,2372,1785,79508,7402,36627,1501,1781932103,https://www.bilibili.com/video/BV1EHjE6fEhG,http://i1.hdslb.com/bfs/archive/6379f6d8484e6bdf5dc21d458a1bf7343d06a6e3.jpg
2026-06-22,2026-06-22 13:30:48,60,BV1g7jJ6nE1E,116782207602137,“入室抢劫般的队友”,胡胡不胡o,日常,生活,21,363,1599285,940,2025,113509,4638,12311,3296,1781955576,https://www.bilibili.com/video/BV1g7jJ6nE1E,http://i2.hdslb.com/bfs/archive/9b3e18bf8311f44867bcc78534904eb86d1072c4.jpg
2026-06-22,2026-06-22 13:30:48,61,BV12JLX6PEA4,116764625077719,“以前的小孩vs现在的小孩”,数码宝贝坤,搞笑,娱乐,138,11,3831678,420,5807,243527,1364,17746,3152,1781755200,https://www.bilibili.com/video/BV12JLX6PEA4,http://i0.hdslb.com/bfs/archive/24846c832347f7613d6e863a3e323720e2bf2e4d.jpg
2026-06-22,2026-06-22 13:30:48,62,BV1wmjA6dEDF,116770564284361,知更鸟爆改耀斑（完整版）,金咸鱼,手机游戏,游戏,172,190,1441183,1250,5306,189705,15168,52182,31525,1781777799,https://www.bilibili.com/video/BV1wmjA6dEDF,http://i2.hdslb.com/bfs/archive/4d7ea8b39f8077d4875517dffd04c313f6261901.jpg
2026-06-22,2026-06-22 13:30:48,63,BV1cNjc62Ey5,116770262227635,0代码基础，竟然做出了爆款APP？【B站AI创造公开赛】,大宽大宽,数码,科技,95,317,1134567,664,1534,121105,6823,27726,14411,1781784000,https://www.bilibili.com/video/BV1cNjc62Ey5,http://i0.hdslb.com/bfs/archive/eb12c1ce5bf3901bbb3d4efb389c55ff4ca6004c.jpg
2026-06-22,2026-06-22 13:30:48,64,BV1NRjF6WEo5,116770312554363,史上最牛烤鱼店！整个楼层全倒闭！8年老店到底有多好吃？（江苏）@勇哥餐饮原创,勇哥餐饮避坑指南,日常,生活,21,1209,2348081,4433,9141,121931,5527,17594,13287,1781774030,https://www.bilibili.com/video/BV1NRjF6WEo5,http://i1.hdslb.com/bfs/archive/1ec68b4b2c3f30cd811e3fb34693cbc9ce03d001.jpg
2026-06-22,2026-06-22 13:30:48,65,BV1wLjz6WEw5,116775865815369,《红脸的关公战长沙》,龙馍馍,动物二创,动物二创,220,90,1453267,486,1322,133736,24329,22399,15907,1781913600,https://www.bilibili.com/video/BV1wLjz6WEw5,http://i0.hdslb.com/bfs/archive/f8766e70c711a7a264a42b0464ef54fe915949c2.jpg
2026-06-22,2026-06-22 13:30:48,66,BV1EdLQ6DEnk,116765078133274,🍄2026最有深度的说唱🍄,纸片马力欧,日常,生活,21,56,2991056,905,5410,292356,12696,63469,37618,1781693849,https://www.bilibili.com/video/BV1EdLQ6DEnk,http://i1.hdslb.com/bfs/archive/1ddad6d7cacde25a39ba1e74002c5d18727efd01.jpg
2026-06-22,2026-06-22 13:30:48,67,BV12Gjn6kEP6,116781335187792,一个环艺老学长的填志愿忏悔录！,是莫叔叔吗,搞笑,娱乐,138,361,1360979,607,2669,150794,927,14143,1142,1781942826,https://www.bilibili.com/video/BV12Gjn6kEP6,http://i0.hdslb.com/bfs/archive/814cbb7312342c2b6cc7179ae6a82b9e23ee79af.jpg
2026-06-22,2026-06-22 13:30:48,68,BV16Mjc6yEJd,116770430131075,《原神》至冬生态短片 - 凛寒的规约,原神,手机游戏,游戏,172,509,3652815,16834,18193,298557,76397,42759,39877,1781788200,https://www.bilibili.com/video/BV16Mjc6yEJd,http://i0.hdslb.com/bfs/archive/a55b011b2bb0d31974367c9a32c1f7257c6c2bc2.jpg
2026-06-22,2026-06-22 13:30:48,69,BV1Tqjq6hEHF,116774792138101,我只是做错了事，可我不是坏孩子,源小仔,亲子,生活,254,114,1356600,3037,1401,143227,69061,28964,502,1781842522,https://www.bilibili.com/video/BV1Tqjq6hEHF,http://i2.hdslb.com/bfs/archive/767c3396b8774d2ea06329d31ffbd78cab9401dd.jpg
2026-06-22,2026-06-22 13:30:48,70,BV1RSj76SEXn,116780747985261,你看不起的工作，可能是别人考不进去的门槛,如见未来AI,影视剪辑,影视,183,44,2443657,706,4213,166581,1158,21881,2165,1781932918,https://www.bilibili.com/video/BV1RSj76SEXn,http://i1.hdslb.com/bfs/archive/8c63f016f8287b11fb8f15f4852c38974dfd487e.jpg
2026-06-22,2026-06-22 13:30:48,71,BV1yqjc69ESj,116770111227815,一盆面粉直接倒进开水里，面点老师傅教你炸糖糕的详细做法~,品诺美食开课啦,美食制作,美食,76,199,1730588,936,2225,161190,8494,29816,2871,1781777400,https://www.bilibili.com/video/BV1yqjc69ESj,http://i1.hdslb.com/bfs/archive/05a9fa11eca447aaff06fcef3c36ba849c2c578a.jpg
2026-06-22,2026-06-22 13:30:48,72,BV1aKjP6kE2F,116770631322253,有一个国家，半数人灵活就业，劳动法形同废纸,耳畔的猫头鹰,运动文化,运动文化,237,260,1430886,27127,11639,106821,26076,23967,23120,1781778884,https://www.bilibili.com/video/BV1aKjP6kE2F,http://i2.hdslb.com/bfs/archive/01d96ea8ae2de2a0aad812aaf711fb4058dac8be.jpg
2026-06-22,2026-06-22 13:30:48,73,BV1qFjB6yEzQ,116776687901421,抓老鼠,麻薯饭堂,同人·手书,动画,47,26,1282059,403,1399,138690,7839,50831,3471,1781871111,https://www.bilibili.com/video/BV1qFjB6yEzQ,http://i0.hdslb.com/bfs/archive/f7a5d82b72fcb889a66b33613e08369c1b75f771.jpg
2026-06-22,2026-06-22 13:30:48,74,BV1K3jC6kEX1,116780060121777,《鸣潮》巡回演唱会「致予新世界」预告动画,鸣潮,手机游戏,游戏,172,106,1587210,1968,5600,97493,40688,24469,15692,1781924400,https://www.bilibili.com/video/BV1K3jC6kEX1,http://i1.hdslb.com/bfs/archive/9abf9ecaffbd55cab43ad74807aa69e249997b36.jpg
2026-06-22,2026-06-22 13:30:48,75,BV1cNjc62Edi,116770262225952,故意带嘴硬男友去外面撸宠物蟑螂…他差点被双马尾吓哭！,是王小白呀,日常,生活,21,550,4971916,3947,2450,133039,3327,17555,4836,1781773506,https://www.bilibili.com/video/BV1cNjc62Edi,http://i1.hdslb.com/bfs/archive/ef9a657b0abdd65edac669ce3236abe6a14ca201.jpg
2026-06-22,2026-06-22 13:30:48,76,BV1X37c6vEcB,116790311001648,“终有一天，我会成为MAJOR冠军！”——NIKO圆梦科隆Major！,AYCS2,网络游戏,游戏,65,298,971454,878,7648,65920,30432,15032,4161,1782078868,https://www.bilibili.com/video/BV1X37c6vEcB,http://i2.hdslb.com/bfs/archive/1bdd25e9721279f6870ec585223314be1d06890f.jpg
2026-06-22,2026-06-22 13:30:48,77,BV13Yjq6PEvg,116774909579313,《魔女规则怪谈》,是许木木啊,日常,生活,21,1788,819830,6473,3363,80304,13264,16558,2233,1781861400,https://www.bilibili.com/video/BV13Yjq6PEvg,http://i0.hdslb.com/bfs/archive/ca86b69fdcb56bcbd814f68cba25543982134764.jpg
2026-06-22,2026-06-22 13:30:48,78,BV1yTL96wEij,116764105053777,厨师长下班了在厨房里偷偷开小灶，剩了点海鲜没卖出去，捞汁小海鲜，猪排海肠捞饭,张森的下班料理,美食记录,美食,215,1230,1340971,3798,1492,102514,5079,10642,2402,1781859600,https://www.bilibili.com/video/BV1yTL96wEij,http://i1.hdslb.com/bfs/archive/efca4b90eb7299ad4638085e92e614b5b96e4552.jpg
2026-06-22,2026-06-22 13:30:48,79,BV1A7ju66EGc,116758635616950,没办法，我就是这样一个优秀的人啊！🧚🏻‍♀️,papi酱,短片,动画,256,145,1080301,783,1349,135459,14149,5980,4433,1781863200,https://www.bilibili.com/video/BV1A7ju66EGc,http://i2.hdslb.com/bfs/archive/597cc554ab8603eb091bcc21a195ae5fce7826f1.jpg
2026-06-22,2026-06-22 13:30:48,80,BV1Fgjv63EPc,116774255206106,12岁男孩偷开邻居车辆，独自在高速路行驶6小时后，被收费站工作人员发现并报警。交警提醒：未成年人无证驾驶，监护人需承担相应法律责任。请家长务必履行监护职责！,快看,亲子,生活,254,57,3846439,0,4953,191345,1280,6741,5299,1781834002,https://www.bilibili.com/video/BV1Fgjv63EPc,http://i2.hdslb.com/bfs/archive/b90144bed856a020b20d07949d5e246569be7bba.jpg
2026-06-22,2026-06-22 13:30:48,81,BV1XtjA6BEtS,116770782318985,代理人档案丨蕾米埃尔,绝区零第一可爱兔宝,手机游戏,游戏,172,17,1031238,2395,8143,135989,20717,20361,14452,1781920800,https://www.bilibili.com/video/BV1XtjA6BEtS,http://i1.hdslb.com/bfs/archive/7e10ac96f8e47755f67c160de3ddb48e7345097f.jpg
2026-06-22,2026-06-22 13:30:48,82,BV1QdjJ6WEXe,116781721063124,评论区摄影大赛梦核篇开启，今天是善良人格，欢迎投稿好的作品会让更多人看到。,摄影恩哥,日常,生活,21,108,2147512,1190,4530,128837,1175,10192,370,1781948068,https://www.bilibili.com/video/BV1QdjJ6WEXe,http://i0.hdslb.com/bfs/archive/4ed53967ff14e4b0ff9827f165ead7dbd344d674.jpg
2026-06-22,2026-06-22 13:30:48,83,BV1Xnjc6vEVG,116770027341825,提前给我超有眼光的100万个粉丝剪个彩！,AL光,手机游戏,游戏,172,17,482653,174,968,283998,11386,51301,1140,1781786100,https://www.bilibili.com/video/BV1Xnjc6vEVG,http://i1.hdslb.com/bfs/archive/ce7eb2c9d4f38c37a3ecd37a81801e0141969336.jpg
2026-06-22,2026-06-22 13:30:48,84,BV1ArjW6nE1V,116783616887594,《明日方舟》危机合约新赛季「涤墨作战」宣传PV,明日方舟,手机游戏,游戏,172,108,1114166,8750,14693,88983,22003,13390,46292,1782010800,https://www.bilibili.com/video/BV1ArjW6nE1V,http://i0.hdslb.com/bfs/archive/5ecd97f01f442270285e760493ad7840c33033df.jpg
2026-06-22,2026-06-22 13:30:48,85,BV1ypjV6XEHU,116760246360878,空岛二选一，水桶还是岩浆？,中华Silens丶哟,单机游戏,游戏,17,483,1593780,632,651,109308,6178,12752,2096,1781775000,https://www.bilibili.com/video/BV1ypjV6XEHU,http://i0.hdslb.com/bfs/archive/ea5e2b9080a311e1f0f0ff7450b54ab96cfa8466.jpg
2026-06-22,2026-06-22 13:30:48,86,BV1SLjB6eErW,116776855739972,如果爱昴天团看到了死归全过程【3】,生锈的包子,综合,综合,27,367,1081759,4325,3484,55451,12028,17306,1849,1781873704,https://www.bilibili.com/video/BV1SLjB6eErW,http://i2.hdslb.com/bfs/archive/cec3ed3868f390279682fb18d7fd8f9279d05d1a.jpg
2026-06-22,2026-06-22 13:30:48,87,BV1KVjC63Ezz,116779707797561,什么叫把复活赛打成翻身仗？Unity还能搓出这种中式开放都市？！《望月》线下试玩！,鬼叔黍,单机游戏,游戏,17,793,1269204,628,2124,80478,7970,10551,3820,1781922306,https://www.bilibili.com/video/BV1KVjC63Ezz,http://i0.hdslb.com/bfs/archive/b318146908bf7fcef592692d63ed61d5fa707367.jpg
2026-06-22,2026-06-22 13:30:48,88,BV1nhji61E9A,116775849038176,现在的恐怖游戏VS以前的恐怖游戏,Mc队友,日常,生活,21,33,862590,698,2842,111681,5272,48392,2231,1781858276,https://www.bilibili.com/video/BV1nhji61E9A,http://i1.hdslb.com/bfs/archive/5fb581d5933d90ae27d3a29d99c05b07b2f531af.jpg
2026-06-22,2026-06-22 13:30:48,89,BV1KNjz6cEYY,116776318802475,我去到了国内唯一的男女混浴，人均裸泡？！实在尴尬。。。,东尼ookii,出行,生活,250,1208,5105272,13172,2689,114746,40560,71275,3409,1781865868,https://www.bilibili.com/video/BV1KNjz6cEYY,http://i0.hdslb.com/bfs/archive/5a40b2e440c6cf9937afd3c5e5ef95a965ee5bba.jpg
2026-06-22,2026-06-22 13:30:48,90,BV1s2jq6sETH,116775027087936,😋“鲁鲁逊漂流记”😋,沙雕Sanscul,影视剪辑,影视,183,378,659733,1179,934,72749,10076,22476,2929,1781845776,https://www.bilibili.com/video/BV1s2jq6sETH,http://i1.hdslb.com/bfs/archive/0d3e96881985e3c43a30aa1523f5f1fd4b6ee530.jpg
2026-06-22,2026-06-22 13:30:48,91,BV1ZbjC6FEMX,116779875567544,🪳 广 东 人 的 一 天 🪳,路路迷路路,综合,综合,27,33,2279106,461,3605,159234,2926,10055,7389,1781926200,https://www.bilibili.com/video/BV1ZbjC6FEMX,http://i1.hdslb.com/bfs/archive/101adca376d1a6f2c6e60489ffe8ebb9bbb3b27b.jpg
2026-06-22,2026-06-22 13:30:48,92,BV1NjjC6uE5A,116779741352400,2026报志愿！八大结论！不走弯路！,一数,校园学习,知识,208,411,504299,2803,3916,58154,7912,34289,5312,1781938800,https://www.bilibili.com/video/BV1NjjC6uE5A,http://i2.hdslb.com/bfs/archive/8f50bb1a0884ffe5ac33b9c9064fa72fe96719e5.jpg
2026-06-22,2026-06-22 13:30:48,93,BV1qzji6gE1g,116775765217721,没办法，谁让我是你兄弟呢？,我不是王子龙,搞笑,娱乐,138,54,3185527,288,2260,158380,1058,5280,1288,1781856971,https://www.bilibili.com/video/BV1qzji6gE1g,http://i2.hdslb.com/bfs/archive/f79fb177f30f0b95c167a01bfc29e32f648035a2.jpg
2026-06-22,2026-06-22 13:30:48,94,BV1eMJs6kEWv,116743938774527,身材太好，反而成了创作风险？【UP主生存现状09】,凉风Kaze,明星综合,明星综合,137,2640,1058407,2348,1967,46500,10449,19013,3373,1781863200,https://www.bilibili.com/video/BV1eMJs6kEWv,http://i1.hdslb.com/bfs/archive/ca235aa4283a0ebc9440d34b5ee8c63f885b980b.jpg
2026-06-22,2026-06-22 13:30:48,95,BV1GtJG63ES5,116754088985117,2026年6月20日海水淹没了宿舍我决定拆掉床板造一艘无敌战舰去征服一万个星球,哔哩哔哩弹幕网,综艺,综艺,71,402,3690880,11879,2259,29990,5783,14698,3006,1781920800,https://www.bilibili.com/video/BV1GtJG63ES5,http://i1.hdslb.com/bfs/archive/a3a23d0d80c0014647951912e1d7d09f8f7b8761.jpg
2026-06-22,2026-06-22 13:30:48,96,BV1tbjk63EN2,116778113964904,原来死刑犯还有这种用处,拧不动啊真拧不动,单机游戏,游戏,17,1746,2824334,2691,769,83612,8410,55312,1449,1781920800,https://www.bilibili.com/video/BV1tbjk63EN2,http://i1.hdslb.com/bfs/archive/bcd97f6d5485a81d662f3f5a137c07bb02625217.jpg
2026-06-22,2026-06-22 13:30:48,97,BV1oZLQ6EEUE,116765061291679,要不说警方卧底都是人才！！！把我笑惨了！,谈苏阳,野生技能协会,野生技能协会,122,415,3634849,5703,2818,227697,17987,22401,4500,1781693713,https://www.bilibili.com/video/BV1oZLQ6EEUE,http://i2.hdslb.com/bfs/archive/1a23cbec593cbc43238681e184d312f37a0a910a.jpg
2026-06-22,2026-06-22 13:30:48,98,BV1AyjA6ZEWn,116770933377885,《当你获得超能力：储存空间（0.01立方米）》,李为所,搞笑,娱乐,138,540,2662249,2084,3975,108315,4838,12455,759,1781784408,https://www.bilibili.com/video/BV1AyjA6ZEWn,http://i0.hdslb.com/bfs/archive/7b95a65473793123d1288e2c86fe8b506519f9a4.jpg
2026-06-22,2026-06-22 13:30:48,99,BV1uFjr6GExa,116777140882102,呀咩咯～,什么猫cat,日常,生活,21,15,1496783,82,606,132035,1575,22810,2093,1781878043,https://www.bilibili.com/video/BV1uFjr6GExa,http://i1.hdslb.com/bfs/archive/1ec2c05ba38d6bdf4873e6ed00251ac402eecc48.jpg
2026-06-22,2026-06-22 13:30:48,100,BV1mVjw6FEpX,116769524091628,《崩坏：星穹铁道》× 绿联联动小曲 | 爻光充能手势曲,帕姆的收藏夹,娱乐粉丝创作,娱乐,242,32,2605730,2092,8170,350707,22444,75476,40190,1781776800,https://www.bilibili.com/video/BV1mVjw6FEpX,http://i0.hdslb.com/bfs/archive/bf2ccd843ca7fdf49f3738dd0a9dc8cfb6b5e61a.jpg
2026-06-22,2026-06-22 20:26:02,1,BV1oTjk6xEea,116778281796886,我发誓这是我看过最震撼的漫展爬台变装演唱！！,夏旬Natsuki,翻唱,音乐,31,84,5057905,1488,5388,595739,42602,62287,7662,1781947800,https://www.bilibili.com/video/BV1oTjk6xEea,http://i0.hdslb.com/bfs/archive/c937405b0e26e4652af142f494911c0cf97d0f26.jpg
2026-06-22,2026-06-22 20:26:02,2,BV1Cvjk6TEB3,116778046915958,🎨要看看这样的视频才有力气讨生活【三角洲】,牧牧川,单机游戏,游戏,17,192,4035148,715,2210,294780,11063,44875,2332,1781926200,https://www.bilibili.com/video/BV1Cvjk6TEB3,http://i1.hdslb.com/bfs/archive/9c3b114670250931e6264389d05a263039d091d9.jpg
2026-06-22,2026-06-22 20:26:02,3,BV17BjB6UEeP,116776536902641,一坨泥巴也来跳迈克尔·杰克逊《顫栗》？,宅叔飞飞,手工,生活,161,67,3673336,430,1594,401839,88813,24907,2490,1781868799,https://www.bilibili.com/video/BV17BjB6UEeP,http://i0.hdslb.com/bfs/archive/8c7d6784a5fe4aa117f1c0c53696dadb050b0d1d.jpg
2026-06-22,2026-06-22 20:26:02,4,BV15Qj66mE5z,116776956336801,快乐 童年,榴莲阿呀,搞笑,娱乐,138,538,4805734,9770,11393,279854,71780,109994,4269,1781875232,https://www.bilibili.com/video/BV15Qj66mE5z,http://i1.hdslb.com/bfs/archive/fd70d470e4de0758969faf57cfd3f789c6e5e222.jpg
2026-06-22,2026-06-22 20:26:02,5,BV1JKjH6iE6y,116782895470334,多少年了，人们还记得你真实的样子吗？,何大爷课堂,人文历史,知识,228,218,3658997,521,3000,239065,6657,14297,1289,1781965957,https://www.bilibili.com/video/BV1JKjH6iE6y,http://i1.hdslb.com/bfs/archive/ce0fa067f5c90abd4ceb01108697be8f556ecd57.jpg
2026-06-22,2026-06-22 20:26:02,6,BV1wULQ64EB9,116764960825221,《绝区零》先导演示丨蕾米埃尔,哔哩哔哩游戏中心,手机游戏,游戏,172,91,2983628,6502,25436,202716,78578,42462,110226,1781920800,https://www.bilibili.com/video/BV1wULQ64EB9,http://i2.hdslb.com/bfs/archive/4373a99ec734fa760ccab2161d38ef6294815f24.jpg
2026-06-22,2026-06-22 20:26:02,7,BV1xXjn6LEwc,116783247787866,人，停下！,幸仁儿鲨,绘画,绘画,162,475,1040535,8532,7494,124898,40437,51203,3703,1781971350,https://www.bilibili.com/video/BV1xXjn6LEwc,http://i2.hdslb.com/bfs/archive/cfe6b10df7f5630e9cb80f9edffe4b9a15c6024a.jpg
2026-06-22,2026-06-22 20:26:02,8,BV199jJ6REJR,116781536511840,【干货】为什么不建议你今年考高考状元？,闪电侠-flash,校园学习,知识,208,149,2278499,3189,4298,242524,2489,16105,7485,1781949600,https://www.bilibili.com/video/BV199jJ6REJR,http://i1.hdslb.com/bfs/archive/e9e898756d4f16f348bd9866f5f50d18f0a74c2a.jpg
2026-06-22,2026-06-22 20:26:02,9,BV1uHjJ6mEpe,116781888833434,地牢酒馆-15集 《一支欢快的舞》,粘土工厂,单机游戏,游戏,17,265,1551299,5020,3280,181095,22063,19636,1987,1781951423,https://www.bilibili.com/video/BV1uHjJ6mEpe,http://i0.hdslb.com/bfs/archive/6b4c38e45f3f0de7eaf9b7ec420a773be89a3de3.jpg
2026-06-22,2026-06-22 20:26:02,10,BV1hNjw6vEa6,116769876347422,“啊，是关中王来了！”,三木刃,鬼畜剧场,鬼畜剧场,216,337,2837326,1660,2698,177568,22823,36369,5472,1781841300,https://www.bilibili.com/video/BV1hNjw6vEa6,http://i1.hdslb.com/bfs/archive/bfab94865def24138b661b7340eeed674179a6ea.jpg
2026-06-22,2026-06-22 20:26:02,11,BV1jbja6hE3o,116771990277534,炒菜好不好吃不是放多少调料而是掌握食材时间、火候、和烹饪技巧,灶台阿连,日常,生活,21,627,2410793,4332,7688,174581,20454,62633,7371,1781799497,https://www.bilibili.com/video/BV1jbja6hE3o,http://i1.hdslb.com/bfs/archive/ab2d3085ec3329c0de7ed86cda1263841a4753e4.jpg
2026-06-22,2026-06-22 20:26:02,12,BV1fJjE6FEqW,116780630609640,《崩坏：因缘精灵》进化PV：直至遇见它,崩坏因缘精灵,手机游戏,游戏,172,351,1594104,13755,21857,121721,48301,24401,38678,1782100800,https://www.bilibili.com/video/BV1fJjE6FEqW,http://i2.hdslb.com/bfs/archive/29e4ee8844cb4d82aefa07d1011ad4438da2c9c3.jpg
2026-06-22,2026-06-22 20:26:02,13,BV1usjH6WEoz,116782694139715,曾沛慈｜《怎么说我不爱你》舞台,曾沛慈_TsengPets,明星综合,明星综合,137,279,1706566,18712,19712,84353,69587,31354,11516,1781962856,https://www.bilibili.com/video/BV1usjH6WEoz,http://i0.hdslb.com/bfs/archive/bb4c91ef35acc1e06800c178e2600fd8d5509e78.jpg
2026-06-22,2026-06-22 20:26:02,14,BV1X37c6vEcB,116790311001648,“终有一天，我会成为MAJOR冠军！”——NIKO圆梦科隆Major！,AYCS2,网络游戏,游戏,65,298,1905460,1544,11748,117510,54177,27251,7241,1782078868,https://www.bilibili.com/video/BV1X37c6vEcB,http://i2.hdslb.com/bfs/archive/1bdd25e9721279f6870ec585223314be1d06890f.jpg
2026-06-22,2026-06-22 20:26:02,15,BV1dMjJ64Emt,116782241286100,新番时光机！十年前的观众都在看什么神片？「2016年4月篇」泛式,泛式,动漫杂谈,动画,253,1104,1113949,13857,8250,112461,57637,25499,9365,1781955914,https://www.bilibili.com/video/BV1dMjJ64Emt,http://i2.hdslb.com/bfs/archive/81e6a2baf73a0864c80081301e66022a9641d9f3.jpg
2026-06-22,2026-06-22 20:26:02,16,BV1Dejq6aEVp,116774892738063,循环歌单|【像个白痴一样】|“【不会哄人の小曲】”,蛋某人音乐,乐评盘点,音乐,243,2993,3060732,443,5036,201081,6093,105606,3331,1781913600,https://www.bilibili.com/video/BV1Dejq6aEVp,http://i0.hdslb.com/bfs/archive/76d35bc1f4f338083694865437ba95ae366e46db.jpg
2026-06-22,2026-06-22 20:26:02,17,BV1nHja6KEA3,116771872835698,做律师没料到要去村里抓猪抵债。法官：我也没料到～,戴律请回答,社科·法律·心理,知识,124,972,1596979,2364,4538,160927,85985,15727,2933,1781835600,https://www.bilibili.com/video/BV1nHja6KEA3,http://i1.hdslb.com/bfs/archive/4d8f84e7426f13b922911fd6eaa5c8d849a2b1af.jpg
2026-06-22,2026-06-22 20:26:02,18,BV1g7jJ6nE1E,116782207602137,“入室抢劫般的队友”,胡胡不胡o,日常,生活,21,363,2474748,1417,3188,171050,7507,19428,5878,1781955576,https://www.bilibili.com/video/BV1g7jJ6nE1E,http://i2.hdslb.com/bfs/archive/9b3e18bf8311f44867bcc78534904eb86d1072c4.jpg
2026-06-22,2026-06-22 20:26:02,19,BV1DKjp6sESX,116782442483852,新金蝉脱壳,Y的生存手记,综合,综合,27,534,1320304,3049,5473,135198,2922,38766,938,1781958906,https://www.bilibili.com/video/BV1DKjp6sESX,http://i1.hdslb.com/bfs/archive/f7b66f77c006bb86c17cf6ef1501dfcc4cf5cb8d.png
2026-06-22,2026-06-22 20:26:02,20,BV1dJjv6PEpz,116774490085009,⚡秒 开 仙 人⚡,不抽象的真菌零_Jack,鬼畜调教,鬼畜,22,153,1225947,3803,4856,162557,7408,50177,13811,1781837474,https://www.bilibili.com/video/BV1dJjv6PEpz,http://i1.hdslb.com/bfs/archive/860876c570ba90ec71fa5c2d257d2736f690050f.jpg
2026-06-22,2026-06-22 20:26:02,21,BV1Qtjq6iEoF,116775228278653,祝大家端午節快樂,台灣館長,日常,生活,21,17,3347260,12878,12800,575755,20299,39641,33037,1781848904,https://www.bilibili.com/video/BV1Qtjq6iEoF,http://i1.hdslb.com/bfs/archive/bdd921fa27274787b2e615a36e2417695d23128d.jpg
2026-06-22,2026-06-22 20:26:02,22,BV1Pujz6tEMM,116775932927915,没有赶不上的早八,张河清教授,日常,生活,21,25,4967851,2069,2064,568602,6525,30792,2223,1781859604,https://www.bilibili.com/video/BV1Pujz6tEMM,http://i2.hdslb.com/bfs/archive/a277e56a98fc32a94e934d36101d44508170e860.jpg
2026-06-22,2026-06-22 20:26:02,23,BV1ZEjz6nER3,116775899368374,按到音乐键了,黄沙大圣圣,汪星人,汪星人,219,13,3165456,612,6105,284302,6318,49866,30728,1781859015,https://www.bilibili.com/video/BV1ZEjz6nER3,http://i2.hdslb.com/bfs/archive/948d86110fd0a8045495af7a2c5fdac595ce5df6.jpg
2026-06-22,2026-06-22 20:26:02,24,BV1PyjZ6jEc1,116789774131069,来自Major冠军的信息：中国粉丝们，你们是这成功的一部分,IEM成都,电子竞技,游戏,171,35,2186270,5420,12123,248656,41148,24124,15448,1782070680,https://www.bilibili.com/video/BV1PyjZ6jEc1,http://i0.hdslb.com/bfs/archive/b8bcc4897c74fb3389c187ade722f33aa86faad3.jpg
2026-06-22,2026-06-22 20:26:02,25,BV1imjh6bErF,116772174827175,一个跟头十万八千里2.0,孤鹜AH,搞笑,娱乐,138,151,2429162,662,1350,168944,5162,40421,10240,1781863200,https://www.bilibili.com/video/BV1imjh6bErF,http://i1.hdslb.com/bfs/archive/63af2fba214108093162b7977e0bfa42a5f0a242.jpg
2026-06-22,2026-06-22 20:26:02,26,BV1rZjr6aErt,116778717938040,末日高架桥，我们被困了100天！,马里奥红叔,单机游戏,游戏,17,1463,1186382,3647,1909,135125,50869,49614,1955,1781924400,https://www.bilibili.com/video/BV1rZjr6aErt,http://i0.hdslb.com/bfs/archive/112ae27cde1480e5ed760c9b5927159b8764e1e4.jpg
2026-06-22,2026-06-22 20:26:02,27,BV1MNjC62EVv,116780127227543,美国要给伊朗赔款,燕三嘤嘤嘤,人文历史,知识,228,1122,2606936,9235,6004,126430,26129,19419,3070,1781927400,https://www.bilibili.com/video/BV1MNjC62EVv,http://i2.hdslb.com/bfs/archive/787956eaf6b9381b36339aaf595081152abadcf0.jpg
2026-06-22,2026-06-22 20:26:02,28,BV1Nyjq6dENe,116775043801036,挑战你们说我像谁我就模仿谁！事情发展到这一步，已经越来越离谱了。。。,李如儒也是李蠕蠕,小剧场,娱乐,85,151,3363109,6686,4229,261708,25788,17657,3082,1781846144,https://www.bilibili.com/video/BV1Nyjq6dENe,http://i1.hdslb.com/bfs/archive/0a51f7b766b553eeecb0f09765a9c38db7b7b6c6.jpg
2026-06-22,2026-06-22 20:26:02,29,BV1K3jn65ECR,116781352032938,躲在超市后门智斗的二人,沃滋基-尼,综合,综合,27,92,1753096,2892,5306,202156,13070,48780,23491,1781942609,https://www.bilibili.com/video/BV1K3jn65ECR,http://i0.hdslb.com/bfs/archive/bdab827cde03d4f1eddf9ceb001b20129cc95c54.jpg
2026-06-22,2026-06-22 20:26:02,30,BV1uyja6nEZY,116771621175583,送你个机器人女友#AI,90后的日常,影视剪辑,影视,183,206,1429435,5221,16301,147146,13130,27224,10754,1781793601,https://www.bilibili.com/video/BV1uyja6nEZY,http://i2.hdslb.com/bfs/archive/a8408ab240cbc1f57b155cb91d2a631688d5a0d2.jpg
2026-06-22,2026-06-22 20:26:02,31,BV1RSj76SEhJ,116780747985960,【究极佐菲格斗】第四集 奥特兄弟暗杀计划！佐菲机器人 雷欧 泰罗 爱迪 黑暗星人巴巴尔 登场,Dennis飞昊,特摄,动画,86,1034,1213920,3479,4212,85997,69526,37316,9229,1781932942,https://www.bilibili.com/video/BV1RSj76SEhJ,http://i1.hdslb.com/bfs/archive/8609ad0d770e88507e1b65a46221b41d8ea40af4.jpg
2026-06-22,2026-06-22 20:26:02,32,BV1iZjc6gEJr,116769893128777,来赣州包个鱼塘，帮少年减轻家庭重担，鱼多鱼少不重要，得让孩子安心完成学业,李维刚的日常,三农,生活,251,635,1051051,4204,4665,133825,99683,7041,1542,1781946000,https://www.bilibili.com/video/BV1iZjc6gEJr,http://i0.hdslb.com/bfs/archive/68345d040fbae81a977a9631c9d78df717416345.jpg
2026-06-22,2026-06-22 20:26:02,33,BV1L2jB6VEtj,116776251692569,【潘宏爱玩狗】最新视频来袭，快来看看吧！,潘宏爱玩狗,汪星人,汪星人,219,248,1435271,2382,2840,187135,11440,13038,2073,1781865081,https://www.bilibili.com/video/BV1L2jB6VEtj,http://i1.hdslb.com/bfs/archive/40496da5f89a0e49899b18803e8a64319fd0f3a9.jpg
2026-06-22,2026-06-22 20:26:02,34,BV1U6jz6KErp,116777744867001,王老菊教你断剑奇侠·S3-ep00：包氏创业记,怕上火暴王老菊,单机游戏,游戏,17,4658,1287262,14612,7614,77348,69094,25727,7749,1781887258,https://www.bilibili.com/video/BV1U6jz6KErp,http://i1.hdslb.com/bfs/archive/554ab808c05612b25535d00af53cccaff6bee7ae.jpg
2026-06-22,2026-06-22 20:26:02,35,BV1cMjc61EL9,116770430194149,磨银墨写悬浮 李商隐《无题》,小秋习字,绘画,绘画,162,80,4040298,2116,3537,279687,7841,28524,3167,1781775628,https://www.bilibili.com/video/BV1cMjc61EL9,http://i1.hdslb.com/bfs/archive/d4681f759763d5562bd4a4347209a15aa66918be.jpg
2026-06-22,2026-06-22 20:26:02,36,BV1WFjW6EEMQ,116783734328117,《独家记忆》,王濛,明星综合,明星综合,137,320,1207333,12194,17549,68289,65882,19210,5996,1781978557,https://www.bilibili.com/video/BV1WFjW6EEMQ,http://i1.hdslb.com/bfs/archive/7d952ec82a9aaf29c190029494576c283ac9ffd5.jpg
2026-06-22,2026-06-22 20:26:02,37,BV1Lnjv6eE76,116774406262942,这恐怖的细节还是三角洲吗？核工作者带你感受核电站的种种还原！,Key725,网络游戏,游戏,65,1559,3140672,6044,4265,132459,8300,49481,5527,1781870466,https://www.bilibili.com/video/BV1Lnjv6eE76,http://i1.hdslb.com/bfs/archive/0b500acd1480b98bfb94a76ca22399ff785a228e.jpg
2026-06-22,2026-06-22 20:26:02,38,BV1adjJ6sE1D,116781721193950,大学禁止和课本谈恋爱！！！,快乐的台长,日常,生活,21,335,1313072,1565,1635,161819,5095,40646,4814,1781948457,https://www.bilibili.com/video/BV1adjJ6sE1D,http://i1.hdslb.com/bfs/archive/a6efce7bf64d83e1007d6f491da2e923dc3d746c.jpg
2026-06-22,2026-06-22 20:26:02,39,BV1RJjv6PEQN,116774490087302,今天教大家如何跟女生说话,其实我是超级小孩,单机游戏,游戏,17,52,1885963,530,4335,261324,6272,63787,14777,1781837467,https://www.bilibili.com/video/BV1RJjv6PEQN,http://i2.hdslb.com/bfs/archive/2518c2fb18de178908b9c3b67ad646cefc88f7f0.jpg
2026-06-22,2026-06-22 20:26:02,40,BV1GDjB66EE9,116776134246683,花37天，破解上海最贵汉堡，成本只要。。。,绵羊料理,美食制作,美食,76,408,2032840,8010,2217,144110,56654,27731,4702,1781862487,https://www.bilibili.com/video/BV1GDjB66EE9,http://i0.hdslb.com/bfs/archive/b7f0e83cb8a595492fe7c45b2e56bc59b662e664.jpg
2026-06-22,2026-06-22 20:26:02,41,BV1aqjE6mEid,116780160782699,你cos我憋笑挑战,我是易拉爆,日常,生活,21,73,3277155,786,1844,199279,2837,31047,6191,1781923956,https://www.bilibili.com/video/BV1aqjE6mEid,http://i0.hdslb.com/bfs/archive/57352c8c5bc8fe7b8ba2d61d6d5c028d1d3d9bc7.jpg
2026-06-22,2026-06-22 20:26:02,42,BV1Sijq6cEqp,116774808850573,【plolt】我为什么突然开始做故事版了,plolt,同人·手书,动画,47,562,925938,498,1211,149905,14203,22686,572,1781843400,https://www.bilibili.com/video/BV1Sijq6cEqp,http://i1.hdslb.com/bfs/archive/a45b8941d12ba649dd855eac13e6822cb21defa3.jpg
2026-06-22,2026-06-22 20:26:02,43,BV1LAjP61EbF,116770732120927,［甲鱼meme］水宝宝,烫甲鱼,绘画,绘画,162,167,3033166,675,2745,193168,8318,44991,4507,1781780089,https://www.bilibili.com/video/BV1LAjP61EbF,http://i2.hdslb.com/bfs/archive/82e7bc476c47722f23af20e620bb6c13f4ee3c75.jpg
2026-06-22,2026-06-22 20:26:02,44,BV1RXjJ6xEur,116781553287621,【TF家族练习生】《突围II破局》先导片,TF家族,明星综合,明星综合,137,2035,1646566,1067246,16064,84487,9066,33211,3665,1781953200,https://www.bilibili.com/video/BV1RXjJ6xEur,http://i0.hdslb.com/bfs/archive/aaa47f5a479a534903218d33c24af6b22221c58d.jpg
2026-06-22,2026-06-22 20:26:02,45,BV1Ndje6DEkS,116774674631565,【特效向】剧⚡终 但是成龙🐉,豪言の经理,鬼畜剧场,鬼畜剧场,216,131,1395327,1112,2104,160617,40031,37398,8449,1781840398,https://www.bilibili.com/video/BV1Ndje6DEkS,http://i0.hdslb.com/bfs/archive/9472cf3932257bbb43d2ed7c875116b0016e129d.jpg
2026-06-22,2026-06-22 20:26:02,46,BV1txjk6VEek,116778080405500,马西西位！🤯🤯🤯🤯,Team_Spirit,日常,生活,21,31,2900495,708,8956,216592,18727,16420,15158,1781892376,https://www.bilibili.com/video/BV1txjk6VEek,http://i0.hdslb.com/bfs/archive/186291f5cb166207208b9f64b08af7fbf2686906.jpg
2026-06-22,2026-06-22 20:26:02,47,BV1USjC61EFe,116779573582726,治沙人,沙漠里的四妹,三农,生活,251,14,805367,1872,2145,284659,22562,5453,181,1781915068,https://www.bilibili.com/video/BV1USjC61EFe,http://i1.hdslb.com/bfs/archive/0ac158a54177ad00bc812a809b0e9dab9edbd46a.jpg
2026-06-22,2026-06-22 20:26:02,48,BV1Bfjq6LEDi,116776771784834,【洛天依原创】人是猫,张卡斯,VOCALOID·UTAU,VOCALOID·UTAU,30,133,494491,871,3391,125092,30130,67621,10730,1781872274,https://www.bilibili.com/video/BV1Bfjq6LEDi,http://i0.hdslb.com/bfs/archive/7a760fc57dd165eaa62e96849c3757524f842c7b.jpg
2026-06-22,2026-06-22 20:26:02,49,BV14VjF6HEGT,116768618060324,宇 宙 级 免 责 声 明,龙大人不喷火,鬼畜剧场,鬼畜剧场,216,92,5398360,2389,11854,338361,16261,29385,17998,1781780400,https://www.bilibili.com/video/BV14VjF6HEGT,http://i0.hdslb.com/bfs/archive/4089372d9471271137ac3ce69091a7ac0faf36f4.jpg
2026-06-22,2026-06-22 20:26:02,50,BV1YNjP6VEr6,116770648098260,我 伪 装,阴间滴贰哈鸽鸽,单机游戏,游戏,17,560,3316337,2096,1724,138308,4097,24925,14080,1781779073,https://www.bilibili.com/video/BV1YNjP6VEr6,http://i1.hdslb.com/bfs/archive/aad734a51fb0edd1446ad186f77bf3c9a7eb5c35.jpg
2026-06-22,2026-06-22 20:26:02,51,BV1B4jn6AEGW,116781385516992,百年真心！终于重逢！《凡人修仙传》179逐帧解析,利维坦mY,动漫杂谈,动画,253,937,906246,7304,8091,79757,57443,9875,2677,1781949900,https://www.bilibili.com/video/BV1B4jn6AEGW,http://i2.hdslb.com/bfs/archive/d8106b030d97cdc30ee38dde90e3f42a07a06af3.jpg
2026-06-22,2026-06-22 20:26:02,52,BV12Gjn6kEP6,116781335187792,一个环艺老学长的填志愿忏悔录！,是莫叔叔吗,搞笑,娱乐,138,361,1415330,653,2934,171109,1007,16131,1265,1781942826,https://www.bilibili.com/video/BV12Gjn6kEP6,http://i0.hdslb.com/bfs/archive/814cbb7312342c2b6cc7179ae6a82b9e23ee79af.jpg
2026-06-22,2026-06-22 20:26:02,53,BV1eGj665Ewd,116777728087237,玩了3天终于得到神器了，再也不用惧怕太阳【我是僵尸】,磊哥游戏,单机游戏,游戏,17,367,1712954,1616,2788,134148,11638,11826,1172,1781917200,https://www.bilibili.com/video/BV1eGj665Ewd,http://i1.hdslb.com/bfs/archive/a87e14455efa511e53419aa62c29ec9608241e8a.jpg
2026-06-22,2026-06-22 20:26:02,54,BV1EHjE6fEhG,116780664226179,咱兄弟俩真是这个👍（端午大合集）,亿本満足,日常,生活,21,7632,1127228,2578,1891,84313,8039,39359,1661,1781932103,https://www.bilibili.com/video/BV1EHjE6fEhG,http://i1.hdslb.com/bfs/archive/6379f6d8484e6bdf5dc21d458a1bf7343d06a6e3.jpg
2026-06-22,2026-06-22 20:26:02,55,BV1Ftjw6DEmL,116769557711688,假如所有人被迫看着死亡回归,00kk君,MAD·AMV,MAD·AMV,24,4786,2850396,11364,12651,191106,73657,132927,12770,1781762186,https://www.bilibili.com/video/BV1Ftjw6DEmL,http://i2.hdslb.com/bfs/archive/9ab9adff76a9f537e7fae8a493c60fc0fa60feb5.jpg
2026-06-22,2026-06-22 20:26:02,56,BV1RSj76SEXn,116780747985261,你看不起的工作，可能是别人考不进去的门槛,如见未来AI,影视剪辑,影视,183,44,2652272,751,4470,182339,1330,23882,2430,1781932918,https://www.bilibili.com/video/BV1RSj76SEXn,http://i1.hdslb.com/bfs/archive/8c63f016f8287b11fb8f15f4852c38974dfd487e.jpg
2026-06-22,2026-06-22 20:26:02,57,BV1wLjz6WEw5,116775865815369,《红脸的关公战长沙》,龙馍馍,动物二创,动物二创,220,90,1532101,546,1396,140931,25664,23690,16927,1781913600,https://www.bilibili.com/video/BV1wLjz6WEw5,http://i0.hdslb.com/bfs/archive/f8766e70c711a7a264a42b0464ef54fe915949c2.jpg
2026-06-22,2026-06-22 20:26:02,58,BV1Tqjq6hEHF,116774792138101,我只是做错了事，可我不是坏孩子,源小仔,亲子,生活,254,114,1522796,3383,1564,162726,78636,33302,567,1781842522,https://www.bilibili.com/video/BV1Tqjq6hEHF,http://i2.hdslb.com/bfs/archive/767c3396b8774d2ea06329d31ffbd78cab9401dd.jpg
2026-06-22,2026-06-22 20:26:02,59,BV1MnjB6wEiB,116776469927608,请吃我画的鬼泣动画,台古_Taigu,同人·手书,动画,47,26,915945,184,2108,175081,31316,44584,7245,1781867758,https://www.bilibili.com/video/BV1MnjB6wEiB,http://i1.hdslb.com/bfs/archive/1dd96e8863e516ea883bc2ad0f670b011cbe00fd.jpg
2026-06-22,2026-06-22 20:26:02,60,BV1Tdjw6hEnT,116771470180736,瑞平cosIP从夯到拉,陈年老叶_YE,仿妆cos,时尚,252,327,1212629,3059,6767,139571,16750,24549,17275,1781791402,https://www.bilibili.com/video/BV1Tdjw6hEnT,http://i1.hdslb.com/bfs/archive/657e5add279286c07b3dcf420eb59456da8b281b.jpg
2026-06-22,2026-06-22 20:26:02,61,BV1ATjz6fERC,116775949700075,“如果世界不温柔 可以让来我试试”,王子不会拍,日常,生活,21,220,908421,934,1547,112314,51371,11612,660,1781859857,https://www.bilibili.com/video/BV1ATjz6fERC,http://i0.hdslb.com/bfs/archive/ea683cc8fdd490fda58a6b1e3fa70931c588aa5b.jpg
2026-06-22,2026-06-22 20:26:02,62,BV1qFjB6yEzQ,116776687901421,抓老鼠,麻薯饭堂,同人·手书,动画,47,26,1321445,415,1434,142489,8156,52540,3572,1781871111,https://www.bilibili.com/video/BV1qFjB6yEzQ,http://i0.hdslb.com/bfs/archive/f7a5d82b72fcb889a66b33613e08369c1b75f771.jpg
2026-06-22,2026-06-22 20:26:02,63,BV1K3jC6kEX1,116780060121777,《鸣潮》巡回演唱会「致予新世界」预告动画,鸣潮,手机游戏,游戏,172,106,1611812,1991,5709,98797,41401,24997,15928,1781924400,https://www.bilibili.com/video/BV1K3jC6kEX1,http://i1.hdslb.com/bfs/archive/9abf9ecaffbd55cab43ad74807aa69e249997b36.jpg
2026-06-22,2026-06-22 20:26:02,64,BV1vwLX6yEM2,116765011221350,操 控 买 瓜,岩罗Crv,鬼畜剧场,鬼畜剧场,216,200,3241051,11526,4836,257106,89844,73678,22800,1781692838,https://www.bilibili.com/video/BV1vwLX6yEM2,http://i2.hdslb.com/bfs/archive/04e711636e551d2a581322fb9b21c4916ab63bfa.jpg
2026-06-22,2026-06-22 20:26:02,65,BV1cNjc62Ey5,116770262227635,0代码基础，竟然做出了爆款APP？【B站AI创造公开赛】,大宽大宽,数码,科技,95,317,1136043,666,1549,121180,6832,27777,14414,1781784000,https://www.bilibili.com/video/BV1cNjc62Ey5,http://i0.hdslb.com/bfs/archive/eb12c1ce5bf3901bbb3d4efb389c55ff4ca6004c.jpg
2026-06-22,2026-06-22 20:26:02,66,BV1Pqjc6REiP,116770111295217,“孩子的第一新声你希望是什么”【波西米亚狂想曲】【超级加倍の小曲】,早睡起大王,音乐综合,音乐,130,156,3549415,10154,7664,251907,6505,93023,28471,1781771400,https://www.bilibili.com/video/BV1Pqjc6REiP,http://i1.hdslb.com/bfs/archive/d691ffd8bb12633ac11c3ea944602fe0c037e31c.jpg
2026-06-22,2026-06-22 20:26:02,67,BV1QdjJ6WEXe,116781721063124,评论区摄影大赛梦核篇开启，今天是善良人格，欢迎投稿好的作品会让更多人看到。,摄影恩哥,日常,生活,21,108,2252473,1243,4796,135439,1258,10879,392,1781948068,https://www.bilibili.com/video/BV1QdjJ6WEXe,http://i0.hdslb.com/bfs/archive/4ed53967ff14e4b0ff9827f165ead7dbd344d674.jpg
2026-06-22,2026-06-22 20:26:02,68,BV1ArjW6nE1V,116783616887594,《明日方舟》危机合约新赛季「涤墨作战」宣传PV,明日方舟,手机游戏,游戏,172,108,1219814,9341,15673,94333,22991,14152,47760,1782010800,https://www.bilibili.com/video/BV1ArjW6nE1V,http://i0.hdslb.com/bfs/archive/5ecd97f01f442270285e760493ad7840c33033df.jpg
2026-06-22,2026-06-22 20:26:02,69,BV1XtjA6BEtS,116770782318985,代理人档案丨蕾米埃尔,绝区零第一可爱兔宝,手机游戏,游戏,172,17,1051341,2437,8262,138970,20990,20744,14583,1781920800,https://www.bilibili.com/video/BV1XtjA6BEtS,http://i1.hdslb.com/bfs/archive/7e10ac96f8e47755f67c160de3ddb48e7345097f.jpg
2026-06-22,2026-06-22 20:26:02,70,BV1BHjz6JEYR,116776067275498,游 龙,杨齐家_,单机游戏,游戏,17,1021,2882510,11962,32420,143320,15816,26620,1470,1781861701,https://www.bilibili.com/video/BV1BHjz6JEYR,http://i2.hdslb.com/bfs/archive/9cd16777210d57d4707e7989f160f598afd22677.jpg
2026-06-22,2026-06-22 20:26:02,71,BV1NjjC6uE5A,116779741352400,2026报志愿！八大结论！不走弯路！,一数,校园学习,知识,208,411,539286,3113,4268,62996,8467,37262,5783,1781938800,https://www.bilibili.com/video/BV1NjjC6uE5A,http://i2.hdslb.com/bfs/archive/8f50bb1a0884ffe5ac33b9c9064fa72fe96719e5.jpg
2026-06-22,2026-06-22 20:26:02,72,BV1SLjB6eErW,116776855739972,如果爱昴天团看到了死归全过程【3】,生锈的包子,综合,综合,27,367,1121528,4508,3519,56581,12159,17584,1875,1781873704,https://www.bilibili.com/video/BV1SLjB6eErW,http://i2.hdslb.com/bfs/archive/cec3ed3868f390279682fb18d7fd8f9279d05d1a.jpg
2026-06-22,2026-06-22 20:26:02,73,BV1ZbjC6FEMX,116779875567544,🪳 广 东 人 的 一 天 🪳,路路迷路路,综合,综合,27,33,2401337,486,3723,168228,3079,10752,7890,1781926200,https://www.bilibili.com/video/BV1ZbjC6FEMX,http://i1.hdslb.com/bfs/archive/101adca376d1a6f2c6e60489ffe8ebb9bbb3b27b.jpg
2026-06-22,2026-06-22 20:26:02,74,BV1tbjk63EN2,116778113964904,原来死刑犯还有这种用处,拧不动啊真拧不动,单机游戏,游戏,17,1746,3395612,2995,887,95227,10078,63941,1785,1781920800,https://www.bilibili.com/video/BV1tbjk63EN2,http://i1.hdslb.com/bfs/archive/bcd97f6d5485a81d662f3f5a137c07bb02625217.jpg
2026-06-22,2026-06-22 20:26:02,75,BV1rvjb6fEKU,116786838112232,什么叫人类最强的去当魔王是为了平衡战力？,Mr-Ferret,绘画,绘画,162,133,1522645,446,1075,111747,1535,14122,3555,1782026099,https://www.bilibili.com/video/BV1rvjb6fEKU,http://i2.hdslb.com/bfs/archive/8042679d5e89cf7eb377c7a1f277dc696d63f7ca.jpg
2026-06-22,2026-06-22 20:26:02,76,BV1KVjC63Ezz,116779707797561,什么叫把复活赛打成翻身仗？Unity还能搓出这种中式开放都市？！《望月》线下试玩！,鬼叔黍,单机游戏,游戏,17,793,1276525,635,2168,80708,8008,10610,3836,1781922306,https://www.bilibili.com/video/BV1KVjC63Ezz,http://i0.hdslb.com/bfs/archive/b318146908bf7fcef592692d63ed61d5fa707367.jpg
2026-06-22,2026-06-22 20:26:02,77,BV1Bq7c6mEr6,116790025783520,佩洛伊斯什么时候逃离原生家庭？,鼎芸,同人·手书,动画,47,282,699734,357,982,95684,7802,18188,1924,1782086400,https://www.bilibili.com/video/BV1Bq7c6mEr6,http://i2.hdslb.com/bfs/archive/a0094b395427b8157e591144aef2bf0f73071d6b.jpg
2026-06-22,2026-06-22 20:26:02,78,BV1s2jq6sETH,116775027087936,😋“鲁鲁逊漂流记”😋,沙雕Sanscul,影视剪辑,影视,183,378,682518,1204,961,74729,10448,23199,3041,1781845776,https://www.bilibili.com/video/BV1s2jq6sETH,http://i1.hdslb.com/bfs/archive/0d3e96881985e3c43a30aa1523f5f1fd4b6ee530.jpg
2026-06-22,2026-06-22 20:26:02,79,BV1GtJG63ES5,116754088985117,2026年6月20日海水淹没了宿舍我决定拆掉床板造一艘无敌战舰去征服一万个星球,哔哩哔哩弹幕网,综艺,综艺,71,402,3749912,12380,2308,30950,5974,15102,3163,1781920800,https://www.bilibili.com/video/BV1GtJG63ES5,http://i1.hdslb.com/bfs/archive/a3a23d0d80c0014647951912e1d7d09f8f7b8761.jpg
2026-06-22,2026-06-22 20:26:02,80,BV1o5jv6qExG,116774473303913,巴啦啦小魔仙—芮闪的帽子,-蒋-丞-_,搞笑,娱乐,138,187,1428800,3037,7365,90536,7535,10737,24491,1781837618,https://www.bilibili.com/video/BV1o5jv6qExG,http://i0.hdslb.com/bfs/archive/1081baa744ad129c3d34a1108a6eee3ea0287965.jpg
2026-06-22,2026-06-22 20:26:02,81,BV1yTL96wEij,116764105053777,厨师长下班了在厨房里偷偷开小灶，剩了点海鲜没卖出去，捞汁小海鲜，猪排海肠捞饭,张森的下班料理,美食记录,美食,215,1230,1394983,3924,1557,105960,5270,11290,2506,1781859600,https://www.bilibili.com/video/BV1yTL96wEij,http://i1.hdslb.com/bfs/archive/efca4b90eb7299ad4638085e92e614b5b96e4552.jpg
2026-06-22,2026-06-22 20:26:02,82,BV1A7ju66EGc,116758635616950,没办法，我就是这样一个优秀的人啊！🧚🏻‍♀️,papi酱,短片,动画,256,145,1120930,802,1377,139963,14599,6155,4629,1781863200,https://www.bilibili.com/video/BV1A7ju66EGc,http://i2.hdslb.com/bfs/archive/597cc554ab8603eb091bcc21a195ae5fce7826f1.jpg
2026-06-22,2026-06-22 20:26:02,83,BV1bWjk6yEuu,116778097182096,❤️【可能是你听过的最好听的一版翻唱】像笨蛋一样❤️バカみたいに,翼灵Official,翻唱,音乐,31,132,321206,641,974,99139,7057,34775,1009,1781930100,https://www.bilibili.com/video/BV1bWjk6yEuu,http://i2.hdslb.com/bfs/archive/6a5a523bf2cc6c3031412d9c4c0888d40513e148.jpg
2026-06-22,2026-06-22 20:26:02,84,BV1KNjz6cEYY,116776318802475,我去到了国内唯一的男女混浴，人均裸泡？！实在尴尬。。。,东尼ookii,出行,生活,250,1208,5313559,13886,2821,120606,42839,74444,3708,1781865868,https://www.bilibili.com/video/BV1KNjz6cEYY,http://i0.hdslb.com/bfs/archive/5a40b2e440c6cf9937afd3c5e5ef95a965ee5bba.jpg
2026-06-22,2026-06-22 20:26:02,85,BV1EdLQ6DEnk,116765078133274,🍄2026最有深度的说唱🍄,纸片马力欧,日常,生活,21,56,3092672,932,5582,299505,13389,65351,38945,1781693849,https://www.bilibili.com/video/BV1EdLQ6DEnk,http://i1.hdslb.com/bfs/archive/1ddad6d7cacde25a39ba1e74002c5d18727efd01.jpg
2026-06-22,2026-06-22 20:26:02,86,BV1BPjJ6FEGP,116782090226507,嘻嘻。,小酥猫饼,美食记录,美食,215,217,1273679,972,3116,84262,3300,7269,721,1781953425,https://www.bilibili.com/video/BV1BPjJ6FEGP,http://i0.hdslb.com/bfs/archive/851c2cfda81099df21795340f9af0b9a951c065c.jpg
2026-06-22,2026-06-22 20:26:02,87,BV1uFjr6GExa,116777140882102,呀咩咯～,什么猫cat,日常,生活,21,15,1528113,83,619,134940,1630,23347,2171,1781878043,https://www.bilibili.com/video/BV1uFjr6GExa,http://i1.hdslb.com/bfs/archive/1ec2c05ba38d6bdf4873e6ed00251ac402eecc48.jpg
2026-06-22,2026-06-22 20:26:02,88,BV1nhji61E9A,116775849038176,现在的恐怖游戏VS以前的恐怖游戏,Mc队友,日常,生活,21,33,891861,726,2947,116233,5649,50754,2365,1781858276,https://www.bilibili.com/video/BV1nhji61E9A,http://i1.hdslb.com/bfs/archive/5fb581d5933d90ae27d3a29d99c05b07b2f531af.jpg
2026-06-22,2026-06-22 20:26:02,89,BV1gcjr6rEWW,116777191215198,交警现场对“听不懂”的女子硬核普法,央视新闻,日常,生活,21,68,1546014,3851,9735,151717,2108,8129,6822,1781878696,https://www.bilibili.com/video/BV1gcjr6rEWW,http://i2.hdslb.com/bfs/archive/2acc8207edfcdeccc4805f0cdbd925cc6d31805d.jpg
2026-06-22,2026-06-22 20:26:02,90,BV1Vkje68ED9,116774624301441,找孙笑川要签名,废白Exe,综合,综合,27,20,1506793,338,5286,149517,1567,19962,17067,1781839507,https://www.bilibili.com/video/BV1Vkje68ED9,http://i2.hdslb.com/bfs/archive/f144eaa55fab7ddf2e7252353c8198a48b6fdcbd.jpg
2026-06-22,2026-06-22 20:26:02,91,BV1Fgjv63EPc,116774255206106,12岁男孩偷开邻居车辆，独自在高速路行驶6小时后，被收费站工作人员发现并报警。交警提醒：未成年人无证驾驶，监护人需承担相应法律责任。请家长务必履行监护职责！,快看,亲子,生活,254,57,3906950,0,5032,194091,1303,6846,5414,1781834002,https://www.bilibili.com/video/BV1Fgjv63EPc,http://i2.hdslb.com/bfs/archive/b90144bed856a020b20d07949d5e246569be7bba.jpg
2026-06-22,2026-06-22 20:26:02,92,BV1NRjF6WEo5,116770312554363,史上最牛烤鱼店！整个楼层全倒闭！8年老店到底有多好吃？（江苏）@勇哥餐饮原创,勇哥餐饮避坑指南,日常,生活,21,1209,2451895,4632,9428,125865,5786,18225,14105,1781774030,https://www.bilibili.com/video/BV1NRjF6WEo5,http://i1.hdslb.com/bfs/archive/1ec68b4b2c3f30cd811e3fb34693cbc9ce03d001.jpg
2026-06-22,2026-06-22 20:26:02,93,BV1ZWjr6REg3,116779019929020,《性情了》,伤心欲茄222,搞笑,娱乐,138,117,1314808,872,2897,124023,4786,6063,1899,1781928000,https://www.bilibili.com/video/BV1ZWjr6REg3,http://i2.hdslb.com/bfs/archive/6687848426e131c354b9389a92de06dedf6bc444.jpg
2026-06-22,2026-06-22 20:26:02,94,BV1B6LR6tEcD,116765229057404,不同价格的声音,李肆言哟,日常,生活,21,91,8167288,4716,5942,529246,13496,52490,10621,1781696260,https://www.bilibili.com/video/BV1B6LR6tEcD,http://i1.hdslb.com/bfs/archive/1fcb1aec42c67f54ac0e69e48af78efe6abb0e27.jpg
2026-06-22,2026-06-22 20:26:02,95,BV1KMjC6yEoF,116780026562717,和我弟玩cosplay,卡迪那-猫meme版,搞笑,娱乐,138,90,1369794,644,2286,119868,1115,12793,4054,1781936494,https://www.bilibili.com/video/BV1KMjC6yEoF,http://i1.hdslb.com/bfs/archive/0ef8758b4ab101727170661e8f0685c4c758f6aa.jpg
2026-06-22,2026-06-22 20:26:02,96,BV1KTJN6kEuG,116748099586045,⚡️JOJO x 迈克尔杰克逊⚡️顶级智斗の【假死避雷】,Mr丶Ass,综合,综合,27,538,1812084,3406,2432,127044,26992,32401,11147,1781773200,https://www.bilibili.com/video/BV1KTJN6kEuG,http://i0.hdslb.com/bfs/archive/a526c48f6d7a7001202d512beb7f289dc455b206.jpg
2026-06-22,2026-06-22 20:26:02,97,BV1eMJs6kEWv,116743938774527,身材太好，反而成了创作风险？【UP主生存现状09】,凉风Kaze,明星综合,明星综合,137,2640,1106192,2435,2047,48747,10878,20042,3563,1781863200,https://www.bilibili.com/video/BV1eMJs6kEWv,http://i1.hdslb.com/bfs/archive/ca235aa4283a0ebc9440d34b5ee8c63f885b980b.jpg
2026-06-22,2026-06-22 20:26:02,98,BV1qzji6gE1g,116775765217721,没办法，谁让我是你兄弟呢？,我不是王子龙,搞笑,娱乐,138,54,3226075,288,2296,159987,1086,5355,1312,1781856971,https://www.bilibili.com/video/BV1qzji6gE1g,http://i2.hdslb.com/bfs/archive/f79fb177f30f0b95c167a01bfc29e32f648035a2.jpg
2026-06-22,2026-06-22 20:26:02,99,BV14pjB6fEcV,116776503352076,纸诛侠·篇子传奇,微波炉大人,日常,生活,21,40,805937,17187,7126,110346,3146,24314,19510,1781868085,https://www.bilibili.com/video/BV14pjB6fEcV,http://i1.hdslb.com/bfs/archive/523752108c480f40b91442c9bb7aa166e18b3b71.jpg
2026-06-22,2026-06-22 20:26:02,100,BV1Wej66FEnX,116777426096188,我来到了mc虚空的最深处？！,Super橘星,单机游戏,游戏,17,1217,506930,1595,961,65795,4962,21550,501,1781882664,https://www.bilibili.com/video/BV1Wej66FEnX,http://i2.hdslb.com/bfs/archive/42570f2c3101c029882b69fb03c35e7e4e462b70.jpg
