rank_date,snapshot_time,rank_position,bvid,aid,title,author,category,main_category,tid,duration,view_count,danmaku_count,reply_count,like_count,coin_count,favorite_count,share_count,pubdate,video_url,cover_url
2026-06-06,2026-06-06 10:04:37,1,BV15wVB6YECT,116678608359768,一顿饭只要三块钱，客人吃着吃着，人就“没了”,瞎通不设计了,美食侦探,美食,212,187,2012657,2302,5956,257318,150647,22535,3883,1780390800,https://www.bilibili.com/video/BV15wVB6YECT,http://i1.hdslb.com/bfs/archive/fd898a754bc3cf4317349a2b3c4394e104417434.jpg
2026-06-06,2026-06-06 10:04:37,2,BV16BVy6wEfx,116682534162276,《你来真的啊》,伤心欲茄222,搞笑,娱乐,138,116,2848745,1171,4861,284662,5603,18080,3399,1780459200,https://www.bilibili.com/video/BV16BVy6wEfx,http://i1.hdslb.com/bfs/archive/f16abe0150882e397bf053e6d7a1e4dced090de1.jpg
2026-06-06,2026-06-06 10:04:37,3,BV1Qi7f6eE59,116690805395451,致敬每一个心中有花，努力奔跑的人,爱画画的子衿,亲子,生活,254,313,1408705,2836,2967,192472,94222,12017,2851,1780561800,https://www.bilibili.com/video/BV1Qi7f6eE59,http://i1.hdslb.com/bfs/archive/2c9cc3dd70d264a8473e46b8bebaad7db4d6ef2c.jpg
2026-06-06,2026-06-06 10:04:37,4,BV1vkVB6NEuR,116680252462308,“超微距”下的瑞士长什么样？,影视飓风,娱乐粉丝创作,娱乐,242,1369,3169808,7542,2932,141319,45352,25553,5513,1780477200,https://www.bilibili.com/video/BV1vkVB6NEuR,http://i1.hdslb.com/bfs/archive/5b0c10c80ad8bf4789b41860cadc70e8c144245b.jpg
2026-06-06,2026-06-06 10:04:37,5,BV1jwV663EjR,116679380112598,我的世界杯主题曲！IShowSpeed - World Cup (Champions),ishowspeedsui,竞技体育,运动,236,299,4106200,2237,9289,225651,40530,38838,13549,1780386563,https://www.bilibili.com/video/BV1jwV663EjR,http://i2.hdslb.com/bfs/archive/2807f6a9b9342740dfa8764e7bcc6e231196c94f.jpg
2026-06-06,2026-06-06 10:04:37,6,BV1oqVB6BECd,116680034425733,《原神》洛恩角色PV——「标准化考核」,原神,手机游戏,游戏,172,702,1716072,7645,5898,142714,36027,29470,11328,1780459200,https://www.bilibili.com/video/BV1oqVB6BECd,http://i2.hdslb.com/bfs/archive/f040c8f664a034a919aee60209ef17c155dbe2df.jpg
2026-06-06,2026-06-06 10:04:37,7,BV17GEP6xEDW,116692348832614,新三国up锐评楚汉传奇01：是不是我打开的方式不太对？,吃蛋挞的折棒,影视杂谈,影视,182,1348,996908,16047,9137,102899,103025,21569,8255,1780624800,https://www.bilibili.com/video/BV17GEP6xEDW,http://i2.hdslb.com/bfs/archive/4e5cd47c8551d2b66643e2800041b7ec2d3bf729.jpg
2026-06-06,2026-06-06 10:04:37,8,BV15iEc6VEfH,116691577216788,路边一块，也能变废为宝，雕刻出大家想要的题材我不知道什么时候天才会亮，但我知道，跑着跑着，天就亮了。,小梨家的和田玉,手工,生活,161,220,4265782,2330,7981,157236,4436,13989,2419,1780572193,https://www.bilibili.com/video/BV15iEc6VEfH,http://i2.hdslb.com/bfs/archive/c1597efe82d66a7f728f8bdd84505eff4b7f5ac9.jpg
2026-06-06,2026-06-06 10:04:37,9,BV16DVz6UE77,116679229180052,如何拍出电影感大片,喜欢拍照的皮皮,日常,生活,21,60,3155572,290,1827,282896,8993,83934,6843,1780384052,https://www.bilibili.com/video/BV16DVz6UE77,http://i1.hdslb.com/bfs/archive/82ba23d6fb45244f769f8f127cfbe2f51afe67c8.jpg
2026-06-06,2026-06-06 10:04:37,10,BV13s7z63EjV,116695016477738,《绝区零》3.0新地块实机演示,绝区零,手机游戏,游戏,172,599,1191406,8376,12395,110617,53394,19992,22636,1780624803,https://www.bilibili.com/video/BV13s7z63EjV,http://i0.hdslb.com/bfs/archive/ac132a13aed30f0b83ff50dfb56d83e2e518206a.jpg
2026-06-06,2026-06-06 10:04:37,11,BV16kV26TES7,116685470175022,当父母说出了正确答案：,进击的金厂长,搞笑,娱乐,138,129,3819850,1822,1970,289548,111886,125941,2324,1780479155,https://www.bilibili.com/video/BV16kV26TES7,http://i0.hdslb.com/bfs/archive/982b25c4ef21fb08f77ae933c89f4b99d5b0c86a.jpg
2026-06-06,2026-06-06 10:04:37,12,BV1XQ7Z6eEki,116689412819066,特朗普的愤怒,燕三嘤嘤嘤,人文历史,知识,228,1133,2551145,10123,4511,129857,30953,19447,2447,1780545020,https://www.bilibili.com/video/BV1XQ7Z6eEki,http://i0.hdslb.com/bfs/archive/d106118a7a33e310838a2e387ce511583c5a7a62.jpg
2026-06-06,2026-06-06 10:04:37,13,BV1wEEc6REms,116692097238799,城市大富翁（5）,雨哥到处跑,日常,生活,21,3846,985455,26979,4638,100481,82878,28379,3939,1780628700,https://www.bilibili.com/video/BV1wEEc6REms,http://i1.hdslb.com/bfs/archive/8628e50dc2e56aec5815c8e3f665d304cfe23d80.jpg
2026-06-06,2026-06-06 10:04:37,14,BV1XEV26XEsz,116683641455201,冠以破碎之名：第一集 冰潮寒雨之夏,Xavier_白昼,综合,综合,27,1106,1269317,1681,2252,94625,19756,57999,3173,1780451269,https://www.bilibili.com/video/BV1XEV26XEsz,http://i0.hdslb.com/bfs/archive/edb3c2a03146bbc3390581aa30c41b8e3c3ab846.jpg
2026-06-06,2026-06-06 10:04:37,15,BV1kCVU65ERM,116669112386149,初中生斗胆跳一段jam,特崮斯,篮球,运动,235,45,5716657,5007,17249,1106713,179805,115568,17121,1780229707,https://www.bilibili.com/video/BV1kCVU65ERM,http://i1.hdslb.com/bfs/archive/5871a66dc8e356ff71da4a6d99d5922b4a6a3fce.jpg
2026-06-06,2026-06-06 10:04:37,16,BV19ZEF6MEBV,116690117464228,人在干坏事的时候是不怕苦不怕累的,我是易拉爆,日常,生活,21,309,1631088,905,2545,147311,9506,20205,10248,1780550100,https://www.bilibili.com/video/BV19ZEF6MEBV,http://i2.hdslb.com/bfs/archive/5a3e59dd5183e87d69b1ad3224466b821bf05e23.jpg
2026-06-06,2026-06-06 10:04:37,17,BV1w6EF6QEjZ,116690033778619,不看后悔！史上最神人店家！,转生成为毛毛,美食侦探,美食,212,186,2441758,3222,7115,126633,3372,20763,10675,1780563600,https://www.bilibili.com/video/BV1w6EF6QEjZ,http://i1.hdslb.com/bfs/archive/07cb98d8f59285212c90c7646739a87803bf06c0.jpg
2026-06-06,2026-06-06 10:04:37,18,BV1QzVR63E3L,116671930963542,回忆永远都是加分项,央视新闻,日常,生活,21,184,3419754,26782,23171,598027,234735,179787,57996,1780286400,https://www.bilibili.com/video/BV1QzVR63E3L,http://i2.hdslb.com/bfs/archive/f4dc3fe8ea88a450877315e867b4995121d5dbf6.jpg
2026-06-06,2026-06-06 10:04:37,19,BV1ogV26FEhB,116683943643894,兄弟们！今天给良子做一个入营测试，这身体身体素质，跟我想的不太一样啊!,健身华哥,运动综合,运动,238,246,2471570,4603,54943,118975,3467,6821,13708,1780455998,https://www.bilibili.com/video/BV1ogV26FEhB,http://i1.hdslb.com/bfs/archive/0ef39901811fd5680c39a67445609ba38a9560c2.jpg
2026-06-06,2026-06-06 10:04:37,20,BV1RvVo6QEqo,116674682426936,不儿，你俩来真的啊？！,主持人yoyo酱,搞笑,娱乐,138,265,5168646,14448,11754,619572,477805,109528,13389,1780314627,https://www.bilibili.com/video/BV1RvVo6QEqo,http://i1.hdslb.com/bfs/archive/e8bde3297455f3796e516de2362d5eb1085d9abf.jpg
2026-06-06,2026-06-06 10:04:37,21,BV168796PEv1,116685839403735,如此仙音唯有挠臭,lulu和露爸,喵星人,喵星人,218,26,2781581,6189,3141,358493,7408,68907,14286,1780484850,https://www.bilibili.com/video/BV168796PEv1,http://i1.hdslb.com/bfs/archive/87f3ce4876a2e50e34a2c1b24dfe10ae34700a55.jpg
2026-06-06,2026-06-06 10:04:37,22,BV1mhV26yETL,116683775678542,科比的哲学启示录第十四期,蟹不肉丨,影视剪辑,影视,183,74,4689821,1117,6471,288553,13506,73270,13831,1780453236,https://www.bilibili.com/video/BV1mhV26yETL,http://i0.hdslb.com/bfs/archive/738134aa027bf05aa3f3843c528db81f3d78307d.jpg
2026-06-06,2026-06-06 10:04:37,23,BV1VWVz6TELx,116679598147712,星际穿越的我，试图提醒过去的自己....,考研英语大雁,校园学习,知识,208,33,2461772,584,2090,319229,6930,39969,5893,1780389685,https://www.bilibili.com/video/BV1VWVz6TELx,http://i0.hdslb.com/bfs/archive/5822709cbd5c2a8a09fabc50bcfdcfc29859f9a1.jpg
2026-06-06,2026-06-06 10:04:37,24,BV1xuVC6AEbg,116681426868021,今天把我关于《丧尸清道夫》的创作思路分享给大家，如果能帮到你，我会很开心。,Mx-Shell,影视剪辑,影视,183,2573,1087102,842,1845,66000,27142,68830,9504,1780452000,https://www.bilibili.com/video/BV1xuVC6AEbg,http://i0.hdslb.com/bfs/archive/4a766d587664347016b0288147deb324a2964232.jpg
2026-06-06,2026-06-06 10:04:37,25,BV1MG7961Efg,116685688276783,下 一 个 抓 谁 ！！！,啊吗粽,搞笑,娱乐,138,586,1258971,4166,2185,114811,55922,21164,2845,1780482465,https://www.bilibili.com/video/BV1MG7961Efg,http://i2.hdslb.com/bfs/archive/55e9b58ea3d6a84a655b0d2607bb6ff7e31c6d34.jpg
2026-06-06,2026-06-06 10:04:37,26,BV1sKVr64EXg,116680621561843,演员魏宗万于6月1日去世，享年89岁,中国电影报道,预告·资讯,影视,184,26,1211036,19115,5847,304581,22892,14730,7548,1780406134,https://www.bilibili.com/video/BV1sKVr64EXg,http://i0.hdslb.com/bfs/archive/1148ab18f92299926855421cea80f91871e7f32a.jpg
2026-06-06,2026-06-06 10:04:37,27,BV1W6VZ6MEbd,116674313328609,🍄欠揍气球🍄,纸片马力欧,日常,生活,21,40,2947941,1469,7671,366678,26192,176830,61732,1780309043,https://www.bilibili.com/video/BV1W6VZ6MEbd,http://i0.hdslb.com/bfs/archive/3d18bae01c4fc365d9e7e0ede5efb926e32115ad.jpg
2026-06-06,2026-06-06 10:04:37,28,BV1GHEw6rEo4,116691140875979,无能的杰哥,神威-狗剩,影视剪辑,影视,183,154,2584066,1568,3019,121523,6284,21342,23201,1780565876,https://www.bilibili.com/video/BV1GHEw6rEo4,http://i2.hdslb.com/bfs/archive/0814d03bdf68a6a83cba4b8ba18fa6d58d6de912.jpg
2026-06-06,2026-06-06 10:04:37,29,BV1sC7R6VEF3,116687181451048,【侯绿萝】视频加载中，速速查收惊喜！,侯绿萝,小剧场,娱乐,85,233,1480507,1215,1241,142463,8358,11394,1500,1780538400,https://www.bilibili.com/video/BV1sC7R6VEF3,http://i0.hdslb.com/bfs/archive/e40df1469a3bc68659f30a77b0e0801ae88938bb.jpg
2026-06-06,2026-06-06 10:04:37,30,BV1T2V161E6J,116684195106574,地牢酒馆-12集 《蜕皮的蜥蜴人与神奇薄荷》,粘土工厂,单机游戏,游戏,17,212,904239,1230,1904,130802,19999,15846,1778,1780459574,https://www.bilibili.com/video/BV1T2V161E6J,http://i0.hdslb.com/bfs/archive/f5c43e682c7ce44c1f2733c2cbb5889650fd5a05.jpg
2026-06-06,2026-06-06 10:04:37,31,BV1gzVC6kE1S,116683507243907,【低成本在家实现牛排自由‼️ 】,村驴,美食制作,美食,76,329,848361,541,2269,79965,7896,60600,8642,1780449310,https://www.bilibili.com/video/BV1gzVC6kE1S,http://i0.hdslb.com/bfs/archive/005d3e68934a884c17ab0f89f1daac2ae9982f39.jpg
2026-06-06,2026-06-06 10:04:37,32,BV1pnVm6GEQG,116685386483651,“当bro以为自己很有影响力时…”,林宇辉,社科·法律·心理,知识,124,16,781452,422,1840,225318,8790,27825,1100,1780478075,https://www.bilibili.com/video/BV1pnVm6GEQG,http://i1.hdslb.com/bfs/archive/02329b4beff89227f0f34b10ef7ca21a2b920c65.jpg
2026-06-06,2026-06-06 10:04:37,33,BV1cmVz6DEmi,116679329712224,初代跑男团战力排行,东方日出哇,特摄,动画,86,600,1976653,4681,3364,158551,7212,20529,3872,1780385423,https://www.bilibili.com/video/BV1cmVz6DEmi,http://i0.hdslb.com/bfs/archive/ee051686685860fea8d8721ddf5c5d7f35a85e5f.jpg
2026-06-06,2026-06-06 10:04:37,34,BV1gWEw6gE4X,116691056987748,“这种没流量的画画最狠了”,像风如你o_O,日常,生活,21,25,1666481,480,2635,229792,5805,18812,812,1780564358,https://www.bilibili.com/video/BV1gWEw6gE4X,http://i0.hdslb.com/bfs/archive/96621cf035234fbf3c3d6f498d6f4d5eae388c12.jpg
2026-06-06,2026-06-06 10:04:37,35,BV1Qt7X61Enn,116686241993999,百万英镑，但素质过低,青时晚,影视剪辑,影视,183,174,1598650,1460,1734,96723,6606,23318,9286,1780490956,https://www.bilibili.com/video/BV1Qt7X61Enn,http://i0.hdslb.com/bfs/archive/1573985b4950f4d1001b3a21a50adab722b0a0f1.jpg
2026-06-06,2026-06-06 10:04:37,36,BV1hAVm6XEE2,116685570836474,【传奇耐熬王】经典排骨💀60天仍然有5人存活💪到最后拼的就是谁身体好！🤦‍♂️,-超级小能猫-,搞笑,娱乐,138,2617,1864181,12858,2584,73000,16208,35131,3346,1780481719,https://www.bilibili.com/video/BV1hAVm6XEE2,http://i0.hdslb.com/bfs/archive/dc3782f8b522707e818c2537030e1b8893332367.jpg
2026-06-06,2026-06-06 10:04:37,37,BV1F9Vz62ExS,116679262606457,一辈子一定要体验一次的游戏，绝对不能被剧透的神作,易铭小疯子,网络游戏,游戏,65,537,1024278,4938,8145,58050,7541,63705,3972,1780403895,https://www.bilibili.com/video/BV1F9Vz62ExS,http://i2.hdslb.com/bfs/archive/d453d6bbde6ccd80f0fd714edde7b754c3e5255e.jpg
2026-06-06,2026-06-06 10:04:37,38,BV1kzVy6hEGb,116682517385619,手绘2000多张沙画，历时3年制作,胡雪朗,绘画,绘画,162,54,772884,742,1413,174250,42923,24471,3667,1780457400,https://www.bilibili.com/video/BV1kzVy6hEGb,http://i0.hdslb.com/bfs/archive/959cf6a92144f70d7339865fe00cd198c4c8da9e.jpg
2026-06-06,2026-06-06 10:04:37,39,BV1yiEF6WErx,116690419585062,奶香馒头,夏叔厨房,美食制作,美食,76,76,1379320,820,6429,182537,6078,15247,960,1780554601,https://www.bilibili.com/video/BV1yiEF6WErx,http://i1.hdslb.com/bfs/archive/82992eb9cddf1a5a5e5e77e481db8626c6005de9.jpg
2026-06-06,2026-06-06 10:04:37,40,BV18qVr6KEk8,116680554519472,一个投了3万元必火的视频,奥利奥利奥是1,日常,生活,21,46,843895,1453,7234,207913,18801,22107,3783,1780405200,https://www.bilibili.com/video/BV18qVr6KEk8,http://i0.hdslb.com/bfs/archive/0c023b00bd1d3a694bdd40c9d19039f1436532b1.jpg
2026-06-06,2026-06-06 10:04:37,41,BV1jBVS6qEPK,116668508406277,竹丝镶嵌,归乡人山白,手工,生活,161,577,827867,2965,1441,122366,57611,12778,1984,1780410000,https://www.bilibili.com/video/BV1jBVS6qEPK,http://i2.hdslb.com/bfs/archive/1e293d2f3fac4fc22d32427cb5a045e65e22e361.jpg
2026-06-06,2026-06-06 10:04:37,42,BV1pDV86oE6S,116657217344637,热烈欢迎薛凯琪！工作之余，Fiona会带哪些让自己感到快乐的东西呢～（录完这期脑海里都是Fifi的笑声,papi酱,短片,动画,256,2017,773955,8262,3493,86976,35081,11344,5066,1780632000,https://www.bilibili.com/video/BV1pDV86oE6S,http://i2.hdslb.com/bfs/archive/032f4048d6f94c465fc10972289999cf79f2572f.jpg
2026-06-06,2026-06-06 10:04:37,43,BV12R7Q6MEJX,116686543914174,你说你有点难追～,未知艺术家_611,搞笑,娱乐,138,30,1984018,171,1651,189893,2060,18243,2760,1780495648,https://www.bilibili.com/video/BV12R7Q6MEJX,http://i2.hdslb.com/bfs/archive/aeaf33a25e079b26433a425ee56ac24f566861d7.jpg
2026-06-06,2026-06-06 10:04:37,44,BV1jeEc6yE75,116691593992011,《你说谁错谁就错，因为你开迈巴赫》,嘞是唐孃孃,搞笑,娱乐,138,34,2481040,152,1832,190665,2341,11566,1021,1780572588,https://www.bilibili.com/video/BV1jeEc6yE75,http://i0.hdslb.com/bfs/archive/cc74080d84744d7622f9f9dd492a1583e00aaed7.jpg
2026-06-06,2026-06-06 10:04:37,45,BV1yo7B68EHX,116695117207554,《鸣潮》×《赛博朋克：边缘行者》共鸣者战斗演示 | 露西,鸣潮,单机游戏,游戏,17,283,2126686,2107,7983,74020,22668,12991,13659,1780628400,https://www.bilibili.com/video/BV1yo7B68EHX,http://i2.hdslb.com/bfs/archive/61426f2876187b9326f1b732fdea7044e08d7ea3.jpg
2026-06-06,2026-06-06 10:04:37,46,BV1aFVm6REvY,116685537281059,蜘蛛糸モノポリー,苏酥鱼鱼喵,MMD·3D,动画,25,113,572247,161,1266,112157,4373,41341,3310,1780480166,https://www.bilibili.com/video/BV1aFVm6REvY,http://i0.hdslb.com/bfs/archive/43aeddbc4a47c5117090dc56e61b94bb7a858ec0.jpg
2026-06-06,2026-06-06 10:04:37,47,BV1bwV161Er2,116684413209270,【aespa】LEMONNNN,aespa,音乐综合,音乐,130,11,5412081,8333,18652,102564,22736,11342,5435,1780475400,https://www.bilibili.com/video/BV1bwV161Er2,http://i1.hdslb.com/bfs/archive/1e63fbee388c793dc0403c872eefb52a8d7d8615.jpg
2026-06-06,2026-06-06 10:04:37,48,BV1YcVf69ECW,116674011403376,此树扎根之时 便是沧海化桑田之始,芳斯塔芙,科学科普,知识,201,895,2841643,4441,1763,53716,13865,11227,1963,1780452000,https://www.bilibili.com/video/BV1YcVf69ECW,http://i0.hdslb.com/bfs/archive/ed8be5ac08d0dc86021a749410e52d4f9079b7c9.jpg
2026-06-06,2026-06-06 10:04:37,49,BV1LLVU6eE1t,116684782373820,你到底娶不娶我…,ENX叉叉酱,同人·手书,动画,47,77,807023,1065,6509,150067,8867,14697,4363,1780484400,https://www.bilibili.com/video/BV1LLVU6eE1t,http://i0.hdslb.com/bfs/archive/cffaf3db4947fd6d7956bd49b83dcea884c3307b.jpg
2026-06-06,2026-06-06 10:04:37,50,BV1LCV66VE45,116680873346829,剥蒜的情谊147.0,NinthA-,网络游戏,游戏,65,147,1493726,710,753,112871,1420,17949,1492,1780455600,https://www.bilibili.com/video/BV1LCV66VE45,http://i1.hdslb.com/bfs/archive/21d74a2ecc26d0c95ecd1e1af6e84bf567bf37c9.jpg
2026-06-06,2026-06-06 10:04:37,51,BV1r6V26BE9i,116685486949496,《上海奥特曼4：沪特曼集结！》,册那队长,小剧场,娱乐,85,53,2822374,943,5235,129601,9560,18275,29726,1780479544,https://www.bilibili.com/video/BV1r6V26BE9i,http://i0.hdslb.com/bfs/archive/a062cb9d7991230d0d7287d7d8fd5bead9ec6788.jpg
2026-06-06,2026-06-06 10:04:37,52,BV1WgVC6YERr,116681410283485,理财PK两个月，6位UP主已经彻底疯狂...【理财王5月战绩汇报】,-LKs-,财经商业,知识,207,779,1722616,4246,4845,62249,12902,12041,8163,1780459200,https://www.bilibili.com/video/BV1WgVC6YERr,http://i0.hdslb.com/bfs/archive/64ee687bda302bd6feee386ca990737e67920669.jpg
2026-06-06,2026-06-06 10:04:37,53,BV1jLVU6eEXE,116684782377667,可不可以买三十块烧腊？,食深烧腊,美食测评,美食,213,99,988854,709,2075,113704,66643,5014,548,1780468779,https://www.bilibili.com/video/BV1jLVU6eEXE,http://i1.hdslb.com/bfs/archive/62b6a42513640bcbd689b2a89fb9b999a1205332.jpg
2026-06-06,2026-06-06 10:04:37,54,BV1gsEw6zExs,116691040208641,你的高考/中考/期末考belike,哈基mer-猫meme,搞笑,娱乐,138,22,426389,17817,1291,158759,16504,33536,2860,1780564012,https://www.bilibili.com/video/BV1gsEw6zExs,http://i2.hdslb.com/bfs/archive/4f76f8d127f1c6d5a990c89a161f10356e783cd4.jpg
2026-06-06,2026-06-06 10:04:37,55,BV1B75w6zEG1,116676158823299,二次元老资历童年都在听什么？！老番串烧34首大连唱！,鹿火CAVY,仿妆cos,时尚,252,462,1688255,3246,3808,115839,47575,41299,8216,1780337109,https://www.bilibili.com/video/BV1B75w6zEG1,http://i1.hdslb.com/bfs/archive/a1759f48c315c61aff7325cc0d6c931ad115a8d4.jpg
2026-06-06,2026-06-06 10:04:37,56,BV1f3VU6KEqy,116684832644044,"从""健身芭比""到""女企业家""，帕梅拉有多会""赚""？",小Lin说,财经商业,知识,207,1745,1874332,1662,1411,52099,9520,16967,3130,1780479000,https://www.bilibili.com/video/BV1f3VU6KEqy,http://i0.hdslb.com/bfs/archive/ad9df863f29ccc8f07472fc5234c04740f6ee4b3.jpg
2026-06-06,2026-06-06 10:04:37,57,BV1797X6ZEvW,116686158038804,真跳60分钟，天台暴晒也算时间哦,矮乐多Aliga,日常,生活,21,3639,945625,970,1455,52726,10650,18590,2057,1780490050,https://www.bilibili.com/video/BV1797X6ZEvW,http://i0.hdslb.com/bfs/archive/51a11a46ff9c8a78cf19a5444bd1f18bb0099c9d.jpg
2026-06-06,2026-06-06 10:04:37,58,BV1uE7d6JEAp,116688674624635,啥龙：医生说我只剩几天了……,小陈的脚凑凑的,日常,生活,21,181,919239,979,1491,65282,5518,15622,3266,1780528049,https://www.bilibili.com/video/BV1uE7d6JEAp,http://i1.hdslb.com/bfs/archive/e92886e4f49270b6f1a24481e0b0851d64e70fc4.jpg
2026-06-06,2026-06-06 10:04:37,59,BV1BqVS6MEL8,116668592363308,欢迎来到304班娃娃店,蟹上皇呀,日常,生活,21,114,2377812,1270,4280,254997,14130,102572,15908,1780221495,https://www.bilibili.com/video/BV1BqVS6MEL8,http://i1.hdslb.com/bfs/archive/9efeef607e818a1f01d4a5f1009a80d45ffcb333.jpg
2026-06-06,2026-06-06 10:04:37,60,BV1ps796qErr,116685822560107,谁在等谁的出现,为了我活下去,综合,综合,27,36,517058,267,1473,155922,7927,24579,1888,1780484521,https://www.bilibili.com/video/BV1ps796qErr,http://i1.hdslb.com/bfs/archive/49a476c711b1d61ec7ffa37684a398ddb857435a.jpg
2026-06-06,2026-06-06 10:04:37,61,BV1df7r6REpB,116695469463690,如何在家制造浓汤宝,嘤武罗,日常,生活,21,501,1066928,1959,1801,69086,21897,15332,1056,1780650000,https://www.bilibili.com/video/BV1df7r6REpB,http://i2.hdslb.com/bfs/archive/94c85d2ebad9002fcbad0c7ef2f3c8a3f1ec6768.jpg
2026-06-06,2026-06-06 10:04:37,62,BV1L7Ew65ETv,116691124098703,我养护的石拱桥，已经被国家收录为不可移动文物！,抓紧长长长呀,三农,生活,251,604,1155278,893,1728,89630,5219,5723,355,1780565746,https://www.bilibili.com/video/BV1L7Ew65ETv,http://i1.hdslb.com/bfs/archive/56f52737bc566db19c5316ccdcc3b87cc81709e0.jpg
2026-06-06,2026-06-06 10:04:37,63,BV1G1VB6PEro,116680286144492,今天的员工够燥的~#异宠 #爬宠 #慢宠时钟 #萌宠,慢宠日记啊,日常,生活,21,79,3372386,614,3400,132085,1674,9472,6298,1780400126,https://www.bilibili.com/video/BV1G1VB6PEro,http://i0.hdslb.com/bfs/archive/816ee56ee784d2ccfe8c14d2289cfa7fa2839d73.jpg
2026-06-06,2026-06-06 10:04:37,64,BV1Nk7X6TEnq,116686023955827,半个小孩，全部的妈妈,超级猫猫兽,同人·手书,动画,47,483,1159846,1545,4566,105059,16767,42921,4057,1780487705,https://www.bilibili.com/video/BV1Nk7X6TEnq,http://i0.hdslb.com/bfs/archive/25cb3d6f6dd951590c71a8ea993463455554b0c6.jpg
2026-06-06,2026-06-06 10:04:37,65,BV1JKEw6QEw9,116691509970719,我读了你们的评论 把阎王召唤出来了T_T,汤木檀泽,日常,生活,21,959,1345117,1281,1453,89452,5207,11386,439,1780571268,https://www.bilibili.com/video/BV1JKEw6QEw9,http://i1.hdslb.com/bfs/archive/0b6c7ccb214b6211a4cf9a8741eb473536e42587.jpg
2026-06-06,2026-06-06 10:04:37,66,BV1NoVm62EFd,116684715197497,金库测金，海峡测雷，万税爷进军测评赛道？,麻薯波比呀,社科·法律·心理,知识,124,1010,1199263,2352,2528,71216,7775,7295,804,1780479745,https://www.bilibili.com/video/BV1NoVm62EFd,http://i2.hdslb.com/bfs/archive/d200d3f215d8a9d6eb13923af38007a3d0ff34b4.jpg
2026-06-06,2026-06-06 10:04:37,67,BV1izVB6TE7i,116680084691098,小时候以为的事情,西维西师傅,搞笑,娱乐,138,38,4184350,293,2729,240957,2373,17023,2097,1780397022,https://www.bilibili.com/video/BV1izVB6TE7i,http://i0.hdslb.com/bfs/archive/4790a1728175bce1a38157464666e2fac5ef28c8.jpg
2026-06-06,2026-06-06 10:04:37,68,BV17pVC6WECy,116681544304592,带良子和花胖在华哥训练营偷吃，闷子、板面、大肠都安排上,俞涛不光会做九转大肠,美食记录,美食,215,247,1665309,946,2505,78341,2142,4944,2841,1780455600,https://www.bilibili.com/video/BV17pVC6WECy,http://i1.hdslb.com/bfs/archive/ecf1293c7f3c2f89f52a51e5ad0ce5201f1be340.jpg
2026-06-06,2026-06-06 10:04:37,69,BV1idV26bE2E,116685654921483,宗元舞2.0紧绷之人3,是柳宗元,电子竞技,游戏,171,51,1266098,372,928,139953,2965,17800,2804,1780481914,https://www.bilibili.com/video/BV1idV26bE2E,http://i2.hdslb.com/bfs/archive/395efa2aefe284345f5e64ce17985d0467cd2247.jpg
2026-06-06,2026-06-06 10:04:37,70,BV1LVVv6tEPa,116677970756336,【鹿野/小动画】wonderland [儿童节24h产物],民用核武器,同人·手书,动画,47,37,500241,93,607,162687,14592,27664,2171,1780395093,https://www.bilibili.com/video/BV1LVVv6tEPa,http://i1.hdslb.com/bfs/archive/2ef288272c38b705f82c7e23150d7ae538b17ce8.jpg
2026-06-06,2026-06-06 10:04:37,71,BV1jqVS6MECE,116668592292557,【野餐】你醒啦 现在是2012年的5月份呀,野餐slu2pcekry,宅舞,舞蹈,20,182,1412527,2117,8260,275745,18970,57622,5210,1780221916,https://www.bilibili.com/video/BV1jqVS6MECE,http://i2.hdslb.com/bfs/archive/e9673e0b6ccc8de75e114c6f2ea5484907789e23.jpg
2026-06-06,2026-06-06 10:04:37,72,BV1ypV66dEru,116681359754958,G胖为上架R18游戏硬刚V社法务 玩家至上 不做干预,Will游戏堂,数码,科技,95,51,1200899,690,3352,140051,2454,18930,10240,1780444800,https://www.bilibili.com/video/BV1ypV66dEru,http://i1.hdslb.com/bfs/archive/e3e911d6f451bd85e0fb10b15ba13e2f9b6b96cc.jpg
2026-06-06,2026-06-06 10:04:37,73,BV1edV26tEsB,116685654722666,复仇整蛊！蛋黄派伪装摄影师突袭周深，几秒就被识破？,记录生活的蛋黄派,美食测评,美食,213,556,1973509,6798,2663,82253,27320,32591,3607,1780565400,https://www.bilibili.com/video/BV1edV26tEsB,http://i2.hdslb.com/bfs/archive/a16b60bc03719059e3218dee538877f554f3f9b4.jpg
2026-06-06,2026-06-06 10:04:37,74,BV1TL796CE52,116685721830606,歌剧老师锐评韩娱BLACKPINK  JYP & MAMAOO Red Velvet TWICE,铁豆钢蛋,乐评盘点,音乐,243,3086,887028,21619,10984,44171,19153,7675,2561,1780483444,https://www.bilibili.com/video/BV1TL796CE52,http://i1.hdslb.com/bfs/archive/ab6356296c8f9523a858fc15dd4a808fbc51b773.jpg
2026-06-06,2026-06-06 10:04:37,75,BV1R7Ew65ERR,116691124229360,当爸爸找亲戚买手机,刘鸿哥哥,小剧场,娱乐,85,119,1565426,649,1785,109630,798,5580,1103,1780565630,https://www.bilibili.com/video/BV1R7Ew65ERR,http://i0.hdslb.com/bfs/archive/5e4feb10a7cf9e178bf7e9a619d62843bc5ae8b2.jpg
2026-06-06,2026-06-06 10:04:37,76,BV1y8Vk6fEwn,116682047625847,【速凌宇宙】第十九集：哈基蜂化身哈夫克安保队长？？准备摇人？,高司令-速凌电竞,单机游戏,游戏,17,582,2234904,5122,1364,107816,14819,89060,983,1780459200,https://www.bilibili.com/video/BV1y8Vk6fEwn,http://i0.hdslb.com/bfs/archive/2e5bf49a8947806e05fb8970a421bd94a8a6e7b6.jpg
2026-06-06,2026-06-06 10:04:37,77,BV1nWVm6uEqb,116685285624503,我吃牛瘪火锅 结果买错牛胃了,张离谱Dreams,搞笑,娱乐,138,97,1354261,741,1918,83120,1322,23579,6630,1780476405,https://www.bilibili.com/video/BV1nWVm6uEqb,http://i0.hdslb.com/bfs/archive/6f4f02f224993a1933f3e515e84d84edb5ca3808.jpg
2026-06-06,2026-06-06 10:04:37,78,BV1vEEP6HEFw,116692281789801,2025年出货量370万台！激光雷达真成“安全气囊”了？,保镖的车库,新能源车,新能源车,247,606,1062367,367,438,72557,2500,6727,324,1780653900,https://www.bilibili.com/video/BV1vEEP6HEFw,http://i1.hdslb.com/bfs/archive/76872e6b743f73527ee70c89a75c39214a868540.jpg
2026-06-06,2026-06-06 10:04:37,79,BV1uAVo6yE5n,116673222806359,阳寿伏妖  青州篇【一口气看完八小时合集】,七夜不起夜z,综合,综合,27,31228,1070746,12042,1619,60135,35482,69445,3363,1780292399,https://www.bilibili.com/video/BV1uAVo6yE5n,http://i2.hdslb.com/bfs/archive/1d5f24afd7637434849f1321276448ab358b1094.jpg
2026-06-06,2026-06-06 10:04:37,80,BV11DVo6rEo7,116674850196476,🐱穷鬼气球,竹内有虫,综合,综合,27,40,1153713,581,4144,144666,9006,43109,23608,1780317192,https://www.bilibili.com/video/BV11DVo6rEo7,http://i0.hdslb.com/bfs/archive/c914f8432580c402c9749aca8e6fa9efa26eedbb.jpg
2026-06-06,2026-06-06 10:04:37,81,BV1rMVz67EMs,116679967312875,开关灯木头人挑战！,酱油白米饭原创,小剧场,娱乐,85,99,2690707,412,662,105057,2201,26565,3092,1780395433,https://www.bilibili.com/video/BV1rMVz67EMs,http://i0.hdslb.com/bfs/archive/b909eaaf95648e5156635c9c1afd57ac6da69f64.jpg
2026-06-06,2026-06-06 10:04:37,82,BV1CYVy6vETT,116682852929454,【IGN】《战神：劳菲（God of War Laufey）》深度玩法演示 |  State of Play,IGN中国,单机游戏,游戏,17,1425,1703183,13210,15451,36701,11458,10948,43668,1780440137,https://www.bilibili.com/video/BV1CYVy6vETT,http://i1.hdslb.com/bfs/archive/a78c73d63af672d1dcaa84b7a8dabdb7c59cd0ab.jpg
2026-06-06,2026-06-06 10:04:37,83,BV1iQV26cEfX,116685436618474,东北下岗三十年后，我看见了普通人的生活,十七岁歌手想打中单,出行,生活,250,3132,952004,2893,4283,37190,10481,14100,3568,1780479467,https://www.bilibili.com/video/BV1iQV26cEfX,http://i2.hdslb.com/bfs/archive/336087b59dbbf943701843cf5d3dfee77ef315e9.jpg
2026-06-06,2026-06-06 10:04:37,84,BV1dFV66rEwZ,116679463929983,"""这一刻，他简直正的发邪""",wrizedm,影视剪辑,影视,183,115,1456828,294,673,107897,5240,20772,1671,1780387590,https://www.bilibili.com/video/BV1dFV66rEwZ,http://i1.hdslb.com/bfs/archive/0d76efe5941248b388135046493c78dbb702e210.jpg
2026-06-06,2026-06-06 10:04:37,85,BV1DyVm6REs8,116685117982770,Oi，今天跟老舅争锋相对！！,花小龙oy,健身,运动,164,218,989597,668,1421,72123,3257,2817,1337,1780473800,https://www.bilibili.com/video/BV1DyVm6REs8,http://i0.hdslb.com/bfs/archive/56fe0a9ea6c893cba847452a26b23804912df627.jpg
2026-06-06,2026-06-06 10:04:37,86,BV1XS796JETP,116687701545253,"""见过花开就好 何必在意花为谁开""19.0",我爱吃派大星,音乐综合,音乐,130,163,1137842,543,1025,64174,744,7302,290,1780532400,https://www.bilibili.com/video/BV1XS796JETP,http://i1.hdslb.com/bfs/archive/29288eae5b7e0f9e2243fa9682885eab8981887d.jpg
2026-06-06,2026-06-06 10:04:37,87,BV1bL796CEpe,116685721899286,如果我来挑战拍华语地区的经典MV风格？这一期是粉丝投稿哦！,李如儒也是李蠕蠕,小剧场,娱乐,85,159,1060279,1132,818,71886,6937,3992,833,1780483280,https://www.bilibili.com/video/BV1bL796CEpe,http://i2.hdslb.com/bfs/archive/6305a2e9ddc370f1b9e15ba5265e209ff8ea0438.jpg
2026-06-06,2026-06-06 10:04:37,88,BV1rg7C6TEUm,116696912369911,一句“一氧化二氢”能钓出多少“读稿机”？,中国食品报融媒体,科学科普,知识,201,291,1311463,2352,7079,62642,4351,7007,4331,1780653928,https://www.bilibili.com/video/BV1rg7C6TEUm,http://i1.hdslb.com/bfs/archive/1081ed32a36e81bee443915a997ed5f2bd56badd.jpg
2026-06-06,2026-06-06 10:04:37,89,BV1dCV66GEgM,116680873280095,《明日方舟：终末地》干员叙事 [弭弗：煞星],明日方舟终末地,手机游戏,游戏,172,637,1047201,3846,8196,43577,10580,6466,5025,1780457400,https://www.bilibili.com/video/BV1dCV66GEgM,http://i1.hdslb.com/bfs/archive/033ff148a9ed8d3736243342bbb59dbe14cbc0ee.jpg
2026-06-06,2026-06-06 10:04:37,90,BV12QEc6wETE,116691744917719,“我想我再也不会谈恋爱了”,柯洁,影视剪辑,影视,183,34,1185119,735,4085,125200,5027,5893,5469,1780574976,https://www.bilibili.com/video/BV12QEc6wETE,http://i0.hdslb.com/bfs/archive/47071584488230edc82fe88b8fe9b87eb57cd115.jpg
2026-06-06,2026-06-06 10:04:37,91,BV1WBVZ6zEZF,116674262997815,朋克的扑满完整版！六一变身巴啦啦小魔丸！,辉泰廊大王,音乐现场,音乐,29,87,1016072,286,1920,121250,20925,27402,5663,1780309712,https://www.bilibili.com/video/BV1WBVZ6zEZF,http://i1.hdslb.com/bfs/archive/7b6177df7c5730719e6e85670d645595c6ff940e.jpg
2026-06-06,2026-06-06 10:04:37,92,BV1uTEc6AEzV,116691963025070,以为这次断更，会是永别,ONLee_Studio,日常,生活,21,211,803198,1464,2229,52959,18438,3639,768,1780578368,https://www.bilibili.com/video/BV1uTEc6AEzV,http://i0.hdslb.com/bfs/archive/65223f1fb3bbe6f7b6e2b1e84b56584802350ec6.jpg
2026-06-06,2026-06-06 10:04:37,93,BV1cu7r6FEPd,116696023045705,英国，沦为印度殖民地,平原公子,日常,生活,21,463,959950,4418,3355,62352,2253,6098,4316,1780640137,https://www.bilibili.com/video/BV1cu7r6FEPd,http://i1.hdslb.com/bfs/archive/95ba7fb80bc2a46fc2c8f7ff69a08c57c40ef914.jpg
2026-06-06,2026-06-06 10:04:37,94,BV1iuVd6DE1W,116673742902632,【完结自制短片】工人嫌魏海每天抽50太黑心，转头跟不抽成老板干活，女儿进ICU才知道那50是救命钱,唒唒漫画咯,综合,综合,27,3268,1013247,68,102,75786,4961,15911,1584,1780302000,https://www.bilibili.com/video/BV1iuVd6DE1W,http://i2.hdslb.com/bfs/archive/df703cb90d025def034d506f038aa3d4374fa19d.jpg
2026-06-06,2026-06-06 10:04:37,95,BV1DB7f6AEBK,116690989942959,最 不 物 质 之 人,张八筒筒,日常,生活,21,127,1082322,588,624,88178,940,3320,458,1780563943,https://www.bilibili.com/video/BV1DB7f6AEBK,http://i1.hdslb.com/bfs/archive/612e05a8e02454bd4e3723991d4808f061b1c188.jpg
2026-06-06,2026-06-06 10:04:37,96,BV1nt796vEfy,116685856113918,“无伤通关”这一块丨质量超高的类恐怖奶奶游戏《内脏医生》,小熊flippy,单机游戏,游戏,17,2997,416955,3344,1753,35988,29350,14156,1157,1780485399,https://www.bilibili.com/video/BV1nt796vEfy,http://i0.hdslb.com/bfs/archive/d25d0943da93d8769042ad0a12172fdae91919a5.jpg
2026-06-06,2026-06-06 10:04:37,97,BV1Qb7R6XECX,116687064072844,⚡冷 笑 话 大 全 6.0⚡,污污云,鬼畜调教,鬼畜,22,66,908506,118,719,66175,1136,26586,3279,1780545600,https://www.bilibili.com/video/BV1Qb7R6XECX,http://i2.hdslb.com/bfs/archive/edf5ec9306bef71931b52d5b0a961e13f1ecc966.jpg
2026-06-06,2026-06-06 10:04:37,98,BV1ZUEF65EzU,116690016801808,论画手的高三生活有多燃！,圆脸面包人,绘画,绘画,162,141,624060,257,543,73007,2575,10431,1479,1780548385,https://www.bilibili.com/video/BV1ZUEF65EzU,http://i2.hdslb.com/bfs/archive/d2c74006b8fe69158c1e24fb31690a791ce674d0.jpg
2026-06-06,2026-06-06 10:04:37,99,BV1xWG16qEBn,116644936422865,我打孔子，真的假的？,自动鬼畜中的WZ,鬼畜调教,鬼畜,22,281,3465901,2737,4537,161636,7754,31388,6956,1780286400,https://www.bilibili.com/video/BV1xWG16qEBn,http://i2.hdslb.com/bfs/archive/5395cba11bd2f2864886c0fa2c3962deef4570e3.jpg
2026-06-06,2026-06-06 10:04:37,100,BV1ZTV26cEeq,116684044110381,陶勇：做近视手术，其实是“掩耳盗铃”,北京青年x壹次访谈录,综艺,综艺,71,779,655178,636,2786,20387,5733,19185,10092,1780480800,https://www.bilibili.com/video/BV1ZTV26cEeq,http://i2.hdslb.com/bfs/archive/59f98d99bc703febc4b1f35ea244bb2027ccb6e2.jpg
2026-06-06,2026-06-06 10:05:06,1,BV15wVB6YECT,116678608359768,一顿饭只要三块钱，客人吃着吃着，人就“没了”,瞎通不设计了,美食侦探,美食,212,187,2012948,2302,5956,257327,150650,22538,3883,1780390800,https://www.bilibili.com/video/BV15wVB6YECT,http://i1.hdslb.com/bfs/archive/fd898a754bc3cf4317349a2b3c4394e104417434.jpg
2026-06-06,2026-06-06 10:05:06,2,BV16BVy6wEfx,116682534162276,《你来真的啊》,伤心欲茄222,搞笑,娱乐,138,116,2848745,1171,4861,284686,5603,18081,3399,1780459200,https://www.bilibili.com/video/BV16BVy6wEfx,http://i1.hdslb.com/bfs/archive/f16abe0150882e397bf053e6d7a1e4dced090de1.jpg
2026-06-06,2026-06-06 10:05:06,3,BV1Qi7f6eE59,116690805395451,致敬每一个心中有花，努力奔跑的人,爱画画的子衿,亲子,生活,254,313,1408956,2836,2967,192486,94224,12019,2851,1780561800,https://www.bilibili.com/video/BV1Qi7f6eE59,http://i1.hdslb.com/bfs/archive/2c9cc3dd70d264a8473e46b8bebaad7db4d6ef2c.jpg
2026-06-06,2026-06-06 10:05:06,4,BV1vkVB6NEuR,116680252462308,“超微距”下的瑞士长什么样？,影视飓风,娱乐粉丝创作,娱乐,242,1369,3169808,7542,2932,141322,45356,25555,5513,1780477200,https://www.bilibili.com/video/BV1vkVB6NEuR,http://i1.hdslb.com/bfs/archive/5b0c10c80ad8bf4789b41860cadc70e8c144245b.jpg
2026-06-06,2026-06-06 10:05:06,5,BV1jwV663EjR,116679380112598,我的世界杯主题曲！IShowSpeed - World Cup (Champions),ishowspeedsui,竞技体育,运动,236,299,4106200,2237,9290,225665,40530,38839,13549,1780386563,https://www.bilibili.com/video/BV1jwV663EjR,http://i2.hdslb.com/bfs/archive/2807f6a9b9342740dfa8764e7bcc6e231196c94f.jpg
2026-06-06,2026-06-06 10:05:06,6,BV1oqVB6BECd,116680034425733,《原神》洛恩角色PV——「标准化考核」,原神,手机游戏,游戏,172,702,1716160,7646,5898,142717,36027,29472,11328,1780459200,https://www.bilibili.com/video/BV1oqVB6BECd,http://i2.hdslb.com/bfs/archive/f040c8f664a034a919aee60209ef17c155dbe2df.jpg
2026-06-06,2026-06-06 10:05:06,7,BV17GEP6xEDW,116692348832614,新三国up锐评楚汉传奇01：是不是我打开的方式不太对？,吃蛋挞的折棒,影视杂谈,影视,182,1348,997426,16048,9136,102909,103027,21571,8255,1780624800,https://www.bilibili.com/video/BV17GEP6xEDW,http://i2.hdslb.com/bfs/archive/4e5cd47c8551d2b66643e2800041b7ec2d3bf729.jpg
2026-06-06,2026-06-06 10:05:06,8,BV15iEc6VEfH,116691577216788,路边一块，也能变废为宝，雕刻出大家想要的题材我不知道什么时候天才会亮，但我知道，跑着跑着，天就亮了。,小梨家的和田玉,手工,生活,161,220,4268452,2331,7984,157276,4440,13993,2420,1780572193,https://www.bilibili.com/video/BV15iEc6VEfH,http://i2.hdslb.com/bfs/archive/c1597efe82d66a7f728f8bdd84505eff4b7f5ac9.jpg
2026-06-06,2026-06-06 10:05:06,9,BV16DVz6UE77,116679229180052,如何拍出电影感大片,喜欢拍照的皮皮,日常,生活,21,60,3156006,290,1827,282918,8993,83939,6843,1780384052,https://www.bilibili.com/video/BV16DVz6UE77,http://i1.hdslb.com/bfs/archive/82ba23d6fb45244f769f8f127cfbe2f51afe67c8.jpg
2026-06-06,2026-06-06 10:05:06,10,BV13s7z63EjV,116695016477738,《绝区零》3.0新地块实机演示,绝区零,手机游戏,游戏,172,599,1191406,8376,12396,110630,53394,19993,22637,1780624803,https://www.bilibili.com/video/BV13s7z63EjV,http://i0.hdslb.com/bfs/archive/ac132a13aed30f0b83ff50dfb56d83e2e518206a.jpg
2026-06-06,2026-06-06 10:05:06,11,BV16kV26TES7,116685470175022,当父母说出了正确答案：,进击的金厂长,搞笑,娱乐,138,129,3819850,1822,1970,289591,111900,125973,2325,1780479155,https://www.bilibili.com/video/BV16kV26TES7,http://i0.hdslb.com/bfs/archive/982b25c4ef21fb08f77ae933c89f4b99d5b0c86a.jpg
2026-06-06,2026-06-06 10:05:06,12,BV1XQ7Z6eEki,116689412819066,特朗普的愤怒,燕三嘤嘤嘤,人文历史,知识,228,1133,2551524,10123,4511,129865,30953,19448,2447,1780545020,https://www.bilibili.com/video/BV1XQ7Z6eEki,http://i0.hdslb.com/bfs/archive/d106118a7a33e310838a2e387ce511583c5a7a62.jpg
2026-06-06,2026-06-06 10:05:06,13,BV1wEEc6REms,116692097238799,城市大富翁（5）,雨哥到处跑,日常,生活,21,3846,986075,26982,4638,100491,82886,28381,3939,1780628700,https://www.bilibili.com/video/BV1wEEc6REms,http://i1.hdslb.com/bfs/archive/8628e50dc2e56aec5815c8e3f665d304cfe23d80.jpg
2026-06-06,2026-06-06 10:05:06,14,BV1XEV26XEsz,116683641455201,冠以破碎之名：第一集 冰潮寒雨之夏,Xavier_白昼,综合,综合,27,1106,1269411,1681,2252,94628,19756,58000,3173,1780451269,https://www.bilibili.com/video/BV1XEV26XEsz,http://i0.hdslb.com/bfs/archive/edb3c2a03146bbc3390581aa30c41b8e3c3ab846.jpg
2026-06-06,2026-06-06 10:05:06,15,BV1kCVU65ERM,116669112386149,初中生斗胆跳一段jam,特崮斯,篮球,运动,235,45,5716657,5008,17249,1106750,179815,115575,17122,1780229707,https://www.bilibili.com/video/BV1kCVU65ERM,http://i1.hdslb.com/bfs/archive/5871a66dc8e356ff71da4a6d99d5922b4a6a3fce.jpg
2026-06-06,2026-06-06 10:05:06,16,BV19ZEF6MEBV,116690117464228,人在干坏事的时候是不怕苦不怕累的,我是易拉爆,日常,生活,21,309,1632097,905,2546,147345,9506,20212,10251,1780550100,https://www.bilibili.com/video/BV19ZEF6MEBV,http://i2.hdslb.com/bfs/archive/5a3e59dd5183e87d69b1ad3224466b821bf05e23.jpg
2026-06-06,2026-06-06 10:05:06,17,BV1w6EF6QEjZ,116690033778619,不看后悔！史上最神人店家！,转生成为毛毛,美食侦探,美食,212,186,2442516,3222,7115,126647,3372,20765,10675,1780563600,https://www.bilibili.com/video/BV1w6EF6QEjZ,http://i1.hdslb.com/bfs/archive/07cb98d8f59285212c90c7646739a87803bf06c0.jpg
2026-06-06,2026-06-06 10:05:06,18,BV1QzVR63E3L,116671930963542,回忆永远都是加分项,央视新闻,日常,生活,21,184,3419754,26782,23171,598054,234748,179801,57997,1780286400,https://www.bilibili.com/video/BV1QzVR63E3L,http://i2.hdslb.com/bfs/archive/f4dc3fe8ea88a450877315e867b4995121d5dbf6.jpg
2026-06-06,2026-06-06 10:05:06,19,BV1ogV26FEhB,116683943643894,兄弟们！今天给良子做一个入营测试，这身体身体素质，跟我想的不太一样啊!,健身华哥,运动综合,运动,238,246,2471905,4603,54945,118977,3467,6821,13708,1780455998,https://www.bilibili.com/video/BV1ogV26FEhB,http://i1.hdslb.com/bfs/archive/0ef39901811fd5680c39a67445609ba38a9560c2.jpg
2026-06-06,2026-06-06 10:05:06,20,BV1RvVo6QEqo,116674682426936,不儿，你俩来真的啊？！,主持人yoyo酱,搞笑,娱乐,138,265,5168646,14448,11754,619598,477825,109533,13389,1780314627,https://www.bilibili.com/video/BV1RvVo6QEqo,http://i1.hdslb.com/bfs/archive/e8bde3297455f3796e516de2362d5eb1085d9abf.jpg
2026-06-06,2026-06-06 10:05:06,21,BV168796PEv1,116685839403735,如此仙音唯有挠臭,lulu和露爸,喵星人,喵星人,218,26,2781581,6195,3141,358660,7410,68947,14293,1780484850,https://www.bilibili.com/video/BV168796PEv1,http://i1.hdslb.com/bfs/archive/87f3ce4876a2e50e34a2c1b24dfe10ae34700a55.jpg
2026-06-06,2026-06-06 10:05:06,22,BV1mhV26yETL,116683775678542,科比的哲学启示录第十四期,蟹不肉丨,影视剪辑,影视,183,74,4689821,1117,6471,288560,13506,73271,13831,1780453236,https://www.bilibili.com/video/BV1mhV26yETL,http://i0.hdslb.com/bfs/archive/738134aa027bf05aa3f3843c528db81f3d78307d.jpg
2026-06-06,2026-06-06 10:05:06,23,BV1VWVz6TELx,116679598147712,星际穿越的我，试图提醒过去的自己....,考研英语大雁,校园学习,知识,208,33,2461772,584,2091,319266,6932,39980,5893,1780389685,https://www.bilibili.com/video/BV1VWVz6TELx,http://i0.hdslb.com/bfs/archive/5822709cbd5c2a8a09fabc50bcfdcfc29859f9a1.jpg
2026-06-06,2026-06-06 10:05:06,24,BV1xuVC6AEbg,116681426868021,今天把我关于《丧尸清道夫》的创作思路分享给大家，如果能帮到你，我会很开心。,Mx-Shell,影视剪辑,影视,183,2573,1087267,842,1845,66000,27142,68833,9504,1780452000,https://www.bilibili.com/video/BV1xuVC6AEbg,http://i0.hdslb.com/bfs/archive/4a766d587664347016b0288147deb324a2964232.jpg
2026-06-06,2026-06-06 10:05:06,25,BV1MG7961Efg,116685688276783,下 一 个 抓 谁 ！！！,啊吗粽,搞笑,娱乐,138,586,1259116,4166,2185,114815,55922,21165,2845,1780482465,https://www.bilibili.com/video/BV1MG7961Efg,http://i2.hdslb.com/bfs/archive/55e9b58ea3d6a84a655b0d2607bb6ff7e31c6d34.jpg
2026-06-06,2026-06-06 10:05:06,26,BV1sKVr64EXg,116680621561843,演员魏宗万于6月1日去世，享年89岁,中国电影报道,预告·资讯,影视,184,26,1211131,19115,5847,304598,22894,14732,7548,1780406134,https://www.bilibili.com/video/BV1sKVr64EXg,http://i0.hdslb.com/bfs/archive/1148ab18f92299926855421cea80f91871e7f32a.jpg
2026-06-06,2026-06-06 10:05:06,27,BV1W6VZ6MEbd,116674313328609,🍄欠揍气球🍄,纸片马力欧,日常,生活,21,40,2947941,1469,7671,366726,26196,176864,61737,1780309043,https://www.bilibili.com/video/BV1W6VZ6MEbd,http://i0.hdslb.com/bfs/archive/3d18bae01c4fc365d9e7e0ede5efb926e32115ad.jpg
2026-06-06,2026-06-06 10:05:06,28,BV1GHEw6rEo4,116691140875979,无能的杰哥,神威-狗剩,影视剪辑,影视,183,154,2584277,1569,3020,121527,6284,21343,23201,1780565876,https://www.bilibili.com/video/BV1GHEw6rEo4,http://i2.hdslb.com/bfs/archive/0814d03bdf68a6a83cba4b8ba18fa6d58d6de912.jpg
2026-06-06,2026-06-06 10:05:06,29,BV1sC7R6VEF3,116687181451048,【侯绿萝】视频加载中，速速查收惊喜！,侯绿萝,小剧场,娱乐,85,233,1480943,1215,1241,142476,8358,11397,1500,1780538400,https://www.bilibili.com/video/BV1sC7R6VEF3,http://i0.hdslb.com/bfs/archive/e40df1469a3bc68659f30a77b0e0801ae88938bb.jpg
2026-06-06,2026-06-06 10:05:06,30,BV1T2V161E6J,116684195106574,地牢酒馆-12集 《蜕皮的蜥蜴人与神奇薄荷》,粘土工厂,单机游戏,游戏,17,212,904239,1231,1904,130808,19999,15847,1778,1780459574,https://www.bilibili.com/video/BV1T2V161E6J,http://i0.hdslb.com/bfs/archive/f5c43e682c7ce44c1f2733c2cbb5889650fd5a05.jpg
2026-06-06,2026-06-06 10:05:06,31,BV1gzVC6kE1S,116683507243907,【低成本在家实现牛排自由‼️ 】,村驴,美食制作,美食,76,329,848361,541,2269,79967,7896,60608,8643,1780449310,https://www.bilibili.com/video/BV1gzVC6kE1S,http://i0.hdslb.com/bfs/archive/005d3e68934a884c17ab0f89f1daac2ae9982f39.jpg
2026-06-06,2026-06-06 10:05:06,32,BV1pnVm6GEQG,116685386483651,“当bro以为自己很有影响力时…”,林宇辉,社科·法律·心理,知识,124,16,781452,422,1840,225346,8790,27826,1100,1780478075,https://www.bilibili.com/video/BV1pnVm6GEQG,http://i1.hdslb.com/bfs/archive/02329b4beff89227f0f34b10ef7ca21a2b920c65.jpg
2026-06-06,2026-06-06 10:05:06,33,BV1cmVz6DEmi,116679329712224,初代跑男团战力排行,东方日出哇,特摄,动画,86,600,1977035,4681,3365,158567,7212,20530,3872,1780385423,https://www.bilibili.com/video/BV1cmVz6DEmi,http://i0.hdslb.com/bfs/archive/ee051686685860fea8d8721ddf5c5d7f35a85e5f.jpg
2026-06-06,2026-06-06 10:05:06,34,BV1gWEw6gE4X,116691056987748,“这种没流量的画画最狠了”,像风如你o_O,日常,生活,21,25,1666481,480,2636,229834,5807,18818,812,1780564358,https://www.bilibili.com/video/BV1gWEw6gE4X,http://i0.hdslb.com/bfs/archive/96621cf035234fbf3c3d6f498d6f4d5eae388c12.jpg
2026-06-06,2026-06-06 10:05:06,35,BV1Qt7X61Enn,116686241993999,百万英镑，但素质过低,青时晚,影视剪辑,影视,183,174,1599254,1460,1734,96729,6606,23322,9288,1780490956,https://www.bilibili.com/video/BV1Qt7X61Enn,http://i0.hdslb.com/bfs/archive/1573985b4950f4d1001b3a21a50adab722b0a0f1.jpg
2026-06-06,2026-06-06 10:05:06,36,BV1hAVm6XEE2,116685570836474,【传奇耐熬王】经典排骨💀60天仍然有5人存活💪到最后拼的就是谁身体好！🤦‍♂️,-超级小能猫-,搞笑,娱乐,138,2617,1864181,12858,2584,73003,16208,35133,3346,1780481719,https://www.bilibili.com/video/BV1hAVm6XEE2,http://i0.hdslb.com/bfs/archive/dc3782f8b522707e818c2537030e1b8893332367.jpg
2026-06-06,2026-06-06 10:05:06,37,BV1F9Vz62ExS,116679262606457,一辈子一定要体验一次的游戏，绝对不能被剧透的神作,易铭小疯子,网络游戏,游戏,65,537,1024278,4938,8145,58050,7541,63706,3973,1780403895,https://www.bilibili.com/video/BV1F9Vz62ExS,http://i2.hdslb.com/bfs/archive/d453d6bbde6ccd80f0fd714edde7b754c3e5255e.jpg
2026-06-06,2026-06-06 10:05:06,38,BV1kzVy6hEGb,116682517385619,手绘2000多张沙画，历时3年制作,胡雪朗,绘画,绘画,162,54,772884,742,1413,174251,42923,24470,3667,1780457400,https://www.bilibili.com/video/BV1kzVy6hEGb,http://i0.hdslb.com/bfs/archive/959cf6a92144f70d7339865fe00cd198c4c8da9e.jpg
2026-06-06,2026-06-06 10:05:06,39,BV1yiEF6WErx,116690419585062,奶香馒头,夏叔厨房,美食制作,美食,76,76,1379320,820,6429,182555,6078,15250,960,1780554601,https://www.bilibili.com/video/BV1yiEF6WErx,http://i1.hdslb.com/bfs/archive/82992eb9cddf1a5a5e5e77e481db8626c6005de9.jpg
2026-06-06,2026-06-06 10:05:06,40,BV18qVr6KEk8,116680554519472,一个投了3万元必火的视频,奥利奥利奥是1,日常,生活,21,46,843895,1453,7234,207925,18803,22110,3783,1780405200,https://www.bilibili.com/video/BV18qVr6KEk8,http://i0.hdslb.com/bfs/archive/0c023b00bd1d3a694bdd40c9d19039f1436532b1.jpg
2026-06-06,2026-06-06 10:05:06,41,BV1jBVS6qEPK,116668508406277,竹丝镶嵌,归乡人山白,手工,生活,161,577,827867,2965,1441,122369,57611,12778,1984,1780410000,https://www.bilibili.com/video/BV1jBVS6qEPK,http://i2.hdslb.com/bfs/archive/1e293d2f3fac4fc22d32427cb5a045e65e22e361.jpg
2026-06-06,2026-06-06 10:05:06,42,BV1pDV86oE6S,116657217344637,热烈欢迎薛凯琪！工作之余，Fiona会带哪些让自己感到快乐的东西呢～（录完这期脑海里都是Fifi的笑声,papi酱,短片,动画,256,2017,773955,8263,3493,86986,35083,11343,5067,1780632000,https://www.bilibili.com/video/BV1pDV86oE6S,http://i2.hdslb.com/bfs/archive/032f4048d6f94c465fc10972289999cf79f2572f.jpg
2026-06-06,2026-06-06 10:05:06,43,BV12R7Q6MEJX,116686543914174,你说你有点难追～,未知艺术家_611,搞笑,娱乐,138,30,1984018,171,1651,189913,2060,18245,2760,1780495648,https://www.bilibili.com/video/BV12R7Q6MEJX,http://i2.hdslb.com/bfs/archive/aeaf33a25e079b26433a425ee56ac24f566861d7.jpg
2026-06-06,2026-06-06 10:05:06,44,BV1jeEc6yE75,116691593992011,《你说谁错谁就错，因为你开迈巴赫》,嘞是唐孃孃,搞笑,娱乐,138,34,2481769,152,1832,190679,2341,11567,1022,1780572588,https://www.bilibili.com/video/BV1jeEc6yE75,http://i0.hdslb.com/bfs/archive/cc74080d84744d7622f9f9dd492a1583e00aaed7.jpg
2026-06-06,2026-06-06 10:05:06,45,BV1yo7B68EHX,116695117207554,《鸣潮》×《赛博朋克：边缘行者》共鸣者战斗演示 | 露西,鸣潮,单机游戏,游戏,17,283,2126686,2107,7984,74022,22669,12991,13660,1780628400,https://www.bilibili.com/video/BV1yo7B68EHX,http://i2.hdslb.com/bfs/archive/61426f2876187b9326f1b732fdea7044e08d7ea3.jpg
2026-06-06,2026-06-06 10:05:06,46,BV1aFVm6REvY,116685537281059,蜘蛛糸モノポリー,苏酥鱼鱼喵,MMD·3D,动画,25,113,572247,161,1266,112163,4373,41342,3310,1780480166,https://www.bilibili.com/video/BV1aFVm6REvY,http://i0.hdslb.com/bfs/archive/43aeddbc4a47c5117090dc56e61b94bb7a858ec0.jpg
2026-06-06,2026-06-06 10:05:06,47,BV1bwV161Er2,116684413209270,【aespa】LEMONNNN,aespa,音乐综合,音乐,130,11,5412081,8334,18654,102568,22738,11343,5435,1780475400,https://www.bilibili.com/video/BV1bwV161Er2,http://i1.hdslb.com/bfs/archive/1e63fbee388c793dc0403c872eefb52a8d7d8615.jpg
2026-06-06,2026-06-06 10:05:06,48,BV1YcVf69ECW,116674011403376,此树扎根之时 便是沧海化桑田之始,芳斯塔芙,科学科普,知识,201,895,2841643,4442,1763,53718,13865,11227,1963,1780452000,https://www.bilibili.com/video/BV1YcVf69ECW,http://i0.hdslb.com/bfs/archive/ed8be5ac08d0dc86021a749410e52d4f9079b7c9.jpg
2026-06-06,2026-06-06 10:05:06,49,BV1LLVU6eE1t,116684782373820,你到底娶不娶我…,ENX叉叉酱,同人·手书,动画,47,77,807023,1065,6509,150079,8867,14698,4365,1780484400,https://www.bilibili.com/video/BV1LLVU6eE1t,http://i0.hdslb.com/bfs/archive/cffaf3db4947fd6d7956bd49b83dcea884c3307b.jpg
2026-06-06,2026-06-06 10:05:06,50,BV1LCV66VE45,116680873346829,剥蒜的情谊147.0,NinthA-,网络游戏,游戏,65,147,1494366,710,753,112883,1420,17953,1492,1780455600,https://www.bilibili.com/video/BV1LCV66VE45,http://i1.hdslb.com/bfs/archive/21d74a2ecc26d0c95ecd1e1af6e84bf567bf37c9.jpg
2026-06-06,2026-06-06 10:05:06,51,BV1r6V26BE9i,116685486949496,《上海奥特曼4：沪特曼集结！》,册那队长,小剧场,娱乐,85,53,2822374,943,5235,129606,9560,18276,29726,1780479544,https://www.bilibili.com/video/BV1r6V26BE9i,http://i0.hdslb.com/bfs/archive/a062cb9d7991230d0d7287d7d8fd5bead9ec6788.jpg
2026-06-06,2026-06-06 10:05:06,52,BV1WgVC6YERr,116681410283485,理财PK两个月，6位UP主已经彻底疯狂...【理财王5月战绩汇报】,-LKs-,财经商业,知识,207,779,1722616,4246,4845,62250,12902,12041,8163,1780459200,https://www.bilibili.com/video/BV1WgVC6YERr,http://i0.hdslb.com/bfs/archive/64ee687bda302bd6feee386ca990737e67920669.jpg
2026-06-06,2026-06-06 10:05:06,53,BV1jLVU6eEXE,116684782377667,可不可以买三十块烧腊？,食深烧腊,美食测评,美食,213,99,988854,709,2075,113706,66643,5014,548,1780468779,https://www.bilibili.com/video/BV1jLVU6eEXE,http://i1.hdslb.com/bfs/archive/62b6a42513640bcbd689b2a89fb9b999a1205332.jpg
2026-06-06,2026-06-06 10:05:06,54,BV1gsEw6zExs,116691040208641,你的高考/中考/期末考belike,哈基mer-猫meme,搞笑,娱乐,138,22,426826,17821,1293,158811,16506,33543,2861,1780564012,https://www.bilibili.com/video/BV1gsEw6zExs,http://i2.hdslb.com/bfs/archive/4f76f8d127f1c6d5a990c89a161f10356e783cd4.jpg
2026-06-06,2026-06-06 10:05:06,55,BV1B75w6zEG1,116676158823299,二次元老资历童年都在听什么？！老番串烧34首大连唱！,鹿火CAVY,仿妆cos,时尚,252,462,1688255,3246,3808,115844,47579,41301,8217,1780337109,https://www.bilibili.com/video/BV1B75w6zEG1,http://i1.hdslb.com/bfs/archive/a1759f48c315c61aff7325cc0d6c931ad115a8d4.jpg
2026-06-06,2026-06-06 10:05:06,56,BV1f3VU6KEqy,116684832644044,"从""健身芭比""到""女企业家""，帕梅拉有多会""赚""？",小Lin说,财经商业,知识,207,1745,1874635,1662,1411,52101,9521,16969,3130,1780479000,https://www.bilibili.com/video/BV1f3VU6KEqy,http://i0.hdslb.com/bfs/archive/ad9df863f29ccc8f07472fc5234c04740f6ee4b3.jpg
2026-06-06,2026-06-06 10:05:06,57,BV1797X6ZEvW,116686158038804,真跳60分钟，天台暴晒也算时间哦,矮乐多Aliga,日常,生活,21,3639,946014,970,1455,52731,10651,18592,2057,1780490050,https://www.bilibili.com/video/BV1797X6ZEvW,http://i0.hdslb.com/bfs/archive/51a11a46ff9c8a78cf19a5444bd1f18bb0099c9d.jpg
2026-06-06,2026-06-06 10:05:06,58,BV1uE7d6JEAp,116688674624635,啥龙：医生说我只剩几天了……,小陈的脚凑凑的,日常,生活,21,181,919239,979,1491,65284,5518,15624,3266,1780528049,https://www.bilibili.com/video/BV1uE7d6JEAp,http://i1.hdslb.com/bfs/archive/e92886e4f49270b6f1a24481e0b0851d64e70fc4.jpg
2026-06-06,2026-06-06 10:05:06,59,BV1BqVS6MEL8,116668592363308,欢迎来到304班娃娃店,蟹上皇呀,日常,生活,21,114,2377812,1270,4280,255001,14130,102574,15908,1780221495,https://www.bilibili.com/video/BV1BqVS6MEL8,http://i1.hdslb.com/bfs/archive/9efeef607e818a1f01d4a5f1009a80d45ffcb333.jpg
2026-06-06,2026-06-06 10:05:06,60,BV1ps796qErr,116685822560107,谁在等谁的出现,为了我活下去,综合,综合,27,36,517058,267,1473,155933,7927,24583,1888,1780484521,https://www.bilibili.com/video/BV1ps796qErr,http://i1.hdslb.com/bfs/archive/49a476c711b1d61ec7ffa37684a398ddb857435a.jpg
2026-06-06,2026-06-06 10:05:06,61,BV1df7r6REpB,116695469463690,如何在家制造浓汤宝,嘤武罗,日常,生活,21,501,1069259,1961,1802,69120,21900,15343,1056,1780650000,https://www.bilibili.com/video/BV1df7r6REpB,http://i2.hdslb.com/bfs/archive/94c85d2ebad9002fcbad0c7ef2f3c8a3f1ec6768.jpg
2026-06-06,2026-06-06 10:05:06,62,BV1L7Ew65ETv,116691124098703,我养护的石拱桥，已经被国家收录为不可移动文物！,抓紧长长长呀,三农,生活,251,604,1155767,893,1728,89642,5219,5723,355,1780565746,https://www.bilibili.com/video/BV1L7Ew65ETv,http://i1.hdslb.com/bfs/archive/56f52737bc566db19c5316ccdcc3b87cc81709e0.jpg
2026-06-06,2026-06-06 10:05:06,63,BV1G1VB6PEro,116680286144492,今天的员工够燥的~#异宠 #爬宠 #慢宠时钟 #萌宠,慢宠日记啊,日常,生活,21,79,3375638,614,3401,132136,1678,9476,6300,1780400126,https://www.bilibili.com/video/BV1G1VB6PEro,http://i0.hdslb.com/bfs/archive/816ee56ee784d2ccfe8c14d2289cfa7fa2839d73.jpg
2026-06-06,2026-06-06 10:05:06,64,BV1Nk7X6TEnq,116686023955827,半个小孩，全部的妈妈,超级猫猫兽,同人·手书,动画,47,483,1159846,1545,4567,105089,16767,42949,4057,1780487705,https://www.bilibili.com/video/BV1Nk7X6TEnq,http://i0.hdslb.com/bfs/archive/25cb3d6f6dd951590c71a8ea993463455554b0c6.jpg
2026-06-06,2026-06-06 10:05:06,65,BV1JKEw6QEw9,116691509970719,我读了你们的评论 把阎王召唤出来了T_T,汤木檀泽,日常,生活,21,959,1345117,1281,1453,89458,5207,11387,439,1780571268,https://www.bilibili.com/video/BV1JKEw6QEw9,http://i1.hdslb.com/bfs/archive/0b6c7ccb214b6211a4cf9a8741eb473536e42587.jpg
2026-06-06,2026-06-06 10:05:06,66,BV1NoVm62EFd,116684715197497,金库测金，海峡测雷，万税爷进军测评赛道？,麻薯波比呀,社科·法律·心理,知识,124,1010,1199355,2352,2528,71216,7777,7295,804,1780479745,https://www.bilibili.com/video/BV1NoVm62EFd,http://i2.hdslb.com/bfs/archive/d200d3f215d8a9d6eb13923af38007a3d0ff34b4.jpg
2026-06-06,2026-06-06 10:05:06,67,BV1izVB6TE7i,116680084691098,小时候以为的事情,西维西师傅,搞笑,娱乐,138,38,4184350,293,2729,240967,2373,17024,2097,1780397022,https://www.bilibili.com/video/BV1izVB6TE7i,http://i0.hdslb.com/bfs/archive/4790a1728175bce1a38157464666e2fac5ef28c8.jpg
2026-06-06,2026-06-06 10:05:06,68,BV17pVC6WECy,116681544304592,带良子和花胖在华哥训练营偷吃，闷子、板面、大肠都安排上,俞涛不光会做九转大肠,美食记录,美食,215,247,1665510,946,2505,78343,2142,4944,2841,1780455600,https://www.bilibili.com/video/BV17pVC6WECy,http://i1.hdslb.com/bfs/archive/ecf1293c7f3c2f89f52a51e5ad0ce5201f1be340.jpg
2026-06-06,2026-06-06 10:05:06,69,BV1idV26bE2E,116685654921483,宗元舞2.0紧绷之人3,是柳宗元,电子竞技,游戏,171,51,1266648,372,928,139969,2965,17802,2804,1780481914,https://www.bilibili.com/video/BV1idV26bE2E,http://i2.hdslb.com/bfs/archive/395efa2aefe284345f5e64ce17985d0467cd2247.jpg
2026-06-06,2026-06-06 10:05:06,70,BV1LVVv6tEPa,116677970756336,【鹿野/小动画】wonderland [儿童节24h产物],民用核武器,同人·手书,动画,47,37,500241,93,607,162691,14592,27666,2171,1780395093,https://www.bilibili.com/video/BV1LVVv6tEPa,http://i1.hdslb.com/bfs/archive/2ef288272c38b705f82c7e23150d7ae538b17ce8.jpg
2026-06-06,2026-06-06 10:05:06,71,BV1jqVS6MECE,116668592292557,【野餐】你醒啦 现在是2012年的5月份呀,野餐slu2pcekry,宅舞,舞蹈,20,182,1412527,2117,8260,275761,18971,57628,5211,1780221916,https://www.bilibili.com/video/BV1jqVS6MECE,http://i2.hdslb.com/bfs/archive/e9673e0b6ccc8de75e114c6f2ea5484907789e23.jpg
2026-06-06,2026-06-06 10:05:06,72,BV1ypV66dEru,116681359754958,G胖为上架R18游戏硬刚V社法务 玩家至上 不做干预,Will游戏堂,数码,科技,95,51,1200899,690,3352,140055,2454,18930,10240,1780444800,https://www.bilibili.com/video/BV1ypV66dEru,http://i1.hdslb.com/bfs/archive/e3e911d6f451bd85e0fb10b15ba13e2f9b6b96cc.jpg
2026-06-06,2026-06-06 10:05:06,73,BV1edV26tEsB,116685654722666,复仇整蛊！蛋黄派伪装摄影师突袭周深，几秒就被识破？,记录生活的蛋黄派,美食测评,美食,213,556,1973509,6798,2663,82275,27320,32609,3607,1780565400,https://www.bilibili.com/video/BV1edV26tEsB,http://i2.hdslb.com/bfs/archive/a16b60bc03719059e3218dee538877f554f3f9b4.jpg
2026-06-06,2026-06-06 10:05:06,74,BV1TL796CE52,116685721830606,歌剧老师锐评韩娱BLACKPINK  JYP & MAMAOO Red Velvet TWICE,铁豆钢蛋,乐评盘点,音乐,243,3086,887028,21620,10984,44172,19153,7675,2561,1780483444,https://www.bilibili.com/video/BV1TL796CE52,http://i1.hdslb.com/bfs/archive/ab6356296c8f9523a858fc15dd4a808fbc51b773.jpg
2026-06-06,2026-06-06 10:05:06,75,BV1R7Ew65ERR,116691124229360,当爸爸找亲戚买手机,刘鸿哥哥,小剧场,娱乐,85,119,1565426,649,1787,109668,800,5582,1103,1780565630,https://www.bilibili.com/video/BV1R7Ew65ERR,http://i0.hdslb.com/bfs/archive/5e4feb10a7cf9e178bf7e9a619d62843bc5ae8b2.jpg
2026-06-06,2026-06-06 10:05:06,76,BV1y8Vk6fEwn,116682047625847,【速凌宇宙】第十九集：哈基蜂化身哈夫克安保队长？？准备摇人？,高司令-速凌电竞,单机游戏,游戏,17,582,2234904,5122,1364,107830,14821,89078,983,1780459200,https://www.bilibili.com/video/BV1y8Vk6fEwn,http://i0.hdslb.com/bfs/archive/2e5bf49a8947806e05fb8970a421bd94a8a6e7b6.jpg
2026-06-06,2026-06-06 10:05:06,77,BV1nWVm6uEqb,116685285624503,我吃牛瘪火锅 结果买错牛胃了,张离谱Dreams,搞笑,娱乐,138,97,1355237,741,1918,83139,1322,23587,6630,1780476405,https://www.bilibili.com/video/BV1nWVm6uEqb,http://i0.hdslb.com/bfs/archive/6f4f02f224993a1933f3e515e84d84edb5ca3808.jpg
2026-06-06,2026-06-06 10:05:06,78,BV1vEEP6HEFw,116692281789801,2025年出货量370万台！激光雷达真成“安全气囊”了？,保镖的车库,新能源车,新能源车,247,606,1062367,367,438,72558,2500,6728,324,1780653900,https://www.bilibili.com/video/BV1vEEP6HEFw,http://i1.hdslb.com/bfs/archive/76872e6b743f73527ee70c89a75c39214a868540.jpg
2026-06-06,2026-06-06 10:05:06,79,BV1uAVo6yE5n,116673222806359,阳寿伏妖  青州篇【一口气看完八小时合集】,七夜不起夜z,综合,综合,27,31228,1070746,12043,1619,60136,35482,69447,3363,1780292399,https://www.bilibili.com/video/BV1uAVo6yE5n,http://i2.hdslb.com/bfs/archive/1d5f24afd7637434849f1321276448ab358b1094.jpg
2026-06-06,2026-06-06 10:05:06,80,BV11DVo6rEo7,116674850196476,🐱穷鬼气球,竹内有虫,综合,综合,27,40,1153713,581,4145,144669,9006,43109,23608,1780317192,https://www.bilibili.com/video/BV11DVo6rEo7,http://i0.hdslb.com/bfs/archive/c914f8432580c402c9749aca8e6fa9efa26eedbb.jpg
2026-06-06,2026-06-06 10:05:06,81,BV1rMVz67EMs,116679967312875,开关灯木头人挑战！,酱油白米饭原创,小剧场,娱乐,85,99,2691909,412,662,105071,2201,26571,3093,1780395433,https://www.bilibili.com/video/BV1rMVz67EMs,http://i0.hdslb.com/bfs/archive/b909eaaf95648e5156635c9c1afd57ac6da69f64.jpg
2026-06-06,2026-06-06 10:05:06,82,BV1CYVy6vETT,116682852929454,【IGN】《战神：劳菲（God of War Laufey）》深度玩法演示 |  State of Play,IGN中国,单机游戏,游戏,17,1425,1703183,13210,15451,36702,11458,10948,43668,1780440137,https://www.bilibili.com/video/BV1CYVy6vETT,http://i1.hdslb.com/bfs/archive/a78c73d63af672d1dcaa84b7a8dabdb7c59cd0ab.jpg
2026-06-06,2026-06-06 10:05:06,83,BV1iQV26cEfX,116685436618474,东北下岗三十年后，我看见了普通人的生活,十七岁歌手想打中单,出行,生活,250,3132,952004,2893,4282,37191,10483,14100,3570,1780479467,https://www.bilibili.com/video/BV1iQV26cEfX,http://i2.hdslb.com/bfs/archive/336087b59dbbf943701843cf5d3dfee77ef315e9.jpg
2026-06-06,2026-06-06 10:05:06,84,BV1dFV66rEwZ,116679463929983,"""这一刻，他简直正的发邪""",wrizedm,影视剪辑,影视,183,115,1457074,294,673,107902,5240,20772,1671,1780387590,https://www.bilibili.com/video/BV1dFV66rEwZ,http://i1.hdslb.com/bfs/archive/0d76efe5941248b388135046493c78dbb702e210.jpg
2026-06-06,2026-06-06 10:05:06,85,BV1DyVm6REs8,116685117982770,Oi，今天跟老舅争锋相对！！,花小龙oy,健身,运动,164,218,989717,668,1421,72128,3257,2817,1337,1780473800,https://www.bilibili.com/video/BV1DyVm6REs8,http://i0.hdslb.com/bfs/archive/56fe0a9ea6c893cba847452a26b23804912df627.jpg
2026-06-06,2026-06-06 10:05:06,86,BV1XS796JETP,116687701545253,"""见过花开就好 何必在意花为谁开""19.0",我爱吃派大星,音乐综合,音乐,130,163,1137842,543,1025,64181,744,7303,290,1780532400,https://www.bilibili.com/video/BV1XS796JETP,http://i1.hdslb.com/bfs/archive/29288eae5b7e0f9e2243fa9682885eab8981887d.jpg
2026-06-06,2026-06-06 10:05:06,87,BV1bL796CEpe,116685721899286,如果我来挑战拍华语地区的经典MV风格？这一期是粉丝投稿哦！,李如儒也是李蠕蠕,小剧场,娱乐,85,159,1060279,1132,818,71888,6938,3992,833,1780483280,https://www.bilibili.com/video/BV1bL796CEpe,http://i2.hdslb.com/bfs/archive/6305a2e9ddc370f1b9e15ba5265e209ff8ea0438.jpg
2026-06-06,2026-06-06 10:05:06,88,BV1rg7C6TEUm,116696912369911,一句“一氧化二氢”能钓出多少“读稿机”？,中国食品报融媒体,科学科普,知识,201,291,1311463,2354,7095,62716,4358,7017,4336,1780653928,https://www.bilibili.com/video/BV1rg7C6TEUm,http://i1.hdslb.com/bfs/archive/1081ed32a36e81bee443915a997ed5f2bd56badd.jpg
2026-06-06,2026-06-06 10:05:06,89,BV1dCV66GEgM,116680873280095,《明日方舟：终末地》干员叙事 [弭弗：煞星],明日方舟终末地,手机游戏,游戏,172,637,1047201,3846,8196,43578,10580,6466,5025,1780457400,https://www.bilibili.com/video/BV1dCV66GEgM,http://i1.hdslb.com/bfs/archive/033ff148a9ed8d3736243342bbb59dbe14cbc0ee.jpg
2026-06-06,2026-06-06 10:05:06,90,BV12QEc6wETE,116691744917719,“我想我再也不会谈恋爱了”,柯洁,影视剪辑,影视,183,34,1185384,735,4086,125211,5029,5893,5469,1780574976,https://www.bilibili.com/video/BV12QEc6wETE,http://i0.hdslb.com/bfs/archive/47071584488230edc82fe88b8fe9b87eb57cd115.jpg
2026-06-06,2026-06-06 10:05:06,91,BV1WBVZ6zEZF,116674262997815,朋克的扑满完整版！六一变身巴啦啦小魔丸！,辉泰廊大王,音乐现场,音乐,29,87,1016072,286,1920,121252,20925,27402,5663,1780309712,https://www.bilibili.com/video/BV1WBVZ6zEZF,http://i1.hdslb.com/bfs/archive/7b6177df7c5730719e6e85670d645595c6ff940e.jpg
2026-06-06,2026-06-06 10:05:06,92,BV1uTEc6AEzV,116691963025070,以为这次断更，会是永别,ONLee_Studio,日常,生活,21,211,803393,1464,2229,52965,18438,3639,768,1780578368,https://www.bilibili.com/video/BV1uTEc6AEzV,http://i0.hdslb.com/bfs/archive/65223f1fb3bbe6f7b6e2b1e84b56584802350ec6.jpg
2026-06-06,2026-06-06 10:05:06,93,BV1cu7r6FEPd,116696023045705,英国，沦为印度殖民地,平原公子,日常,生活,21,463,962585,4423,3358,62413,2255,6108,4322,1780640137,https://www.bilibili.com/video/BV1cu7r6FEPd,http://i1.hdslb.com/bfs/archive/95ba7fb80bc2a46fc2c8f7ff69a08c57c40ef914.jpg
2026-06-06,2026-06-06 10:05:06,94,BV1iuVd6DE1W,116673742902632,【完结自制短片】工人嫌魏海每天抽50太黑心，转头跟不抽成老板干活，女儿进ICU才知道那50是救命钱,唒唒漫画咯,综合,综合,27,3268,1013745,68,102,75802,4961,15915,1584,1780302000,https://www.bilibili.com/video/BV1iuVd6DE1W,http://i2.hdslb.com/bfs/archive/df703cb90d025def034d506f038aa3d4374fa19d.jpg
2026-06-06,2026-06-06 10:05:06,95,BV1DB7f6AEBK,116690989942959,最 不 物 质 之 人,张八筒筒,日常,生活,21,127,1082389,588,624,88178,942,3320,458,1780563943,https://www.bilibili.com/video/BV1DB7f6AEBK,http://i1.hdslb.com/bfs/archive/612e05a8e02454bd4e3723991d4808f061b1c188.jpg
2026-06-06,2026-06-06 10:05:06,96,BV1nt796vEfy,116685856113918,“无伤通关”这一块丨质量超高的类恐怖奶奶游戏《内脏医生》,小熊flippy,单机游戏,游戏,17,2997,416955,3344,1753,35989,29350,14157,1157,1780485399,https://www.bilibili.com/video/BV1nt796vEfy,http://i0.hdslb.com/bfs/archive/d25d0943da93d8769042ad0a12172fdae91919a5.jpg
2026-06-06,2026-06-06 10:05:06,97,BV1Qb7R6XECX,116687064072844,⚡冷 笑 话 大 全 6.0⚡,污污云,鬼畜调教,鬼畜,22,66,908506,118,719,66188,1136,26587,3279,1780545600,https://www.bilibili.com/video/BV1Qb7R6XECX,http://i2.hdslb.com/bfs/archive/edf5ec9306bef71931b52d5b0a961e13f1ecc966.jpg
2026-06-06,2026-06-06 10:05:06,98,BV1ZUEF65EzU,116690016801808,论画手的高三生活有多燃！,圆脸面包人,绘画,绘画,162,141,624270,257,543,73014,2575,10431,1479,1780548385,https://www.bilibili.com/video/BV1ZUEF65EzU,http://i2.hdslb.com/bfs/archive/d2c74006b8fe69158c1e24fb31690a791ce674d0.jpg
2026-06-06,2026-06-06 10:05:06,99,BV1xWG16qEBn,116644936422865,我打孔子，真的假的？,自动鬼畜中的WZ,鬼畜调教,鬼畜,22,281,3466357,2737,4537,161641,7754,31390,6957,1780286400,https://www.bilibili.com/video/BV1xWG16qEBn,http://i2.hdslb.com/bfs/archive/5395cba11bd2f2864886c0fa2c3962deef4570e3.jpg
2026-06-06,2026-06-06 10:05:06,100,BV1ZTV26cEeq,116684044110381,陶勇：做近视手术，其实是“掩耳盗铃”,北京青年x壹次访谈录,综艺,综艺,71,779,655178,636,2786,20387,5733,19187,10093,1780480800,https://www.bilibili.com/video/BV1ZTV26cEeq,http://i2.hdslb.com/bfs/archive/59f98d99bc703febc4b1f35ea244bb2027ccb6e2.jpg
2026-06-06,2026-06-06 10:18:14,1,BV15wVB6YECT,116678608359768,一顿饭只要三块钱，客人吃着吃着，人就“没了”,瞎通不设计了,美食侦探,美食,212,187,2015562,2303,5957,257513,150776,22595,3884,1780390800,https://www.bilibili.com/video/BV15wVB6YECT,http://i1.hdslb.com/bfs/archive/fd898a754bc3cf4317349a2b3c4394e104417434.jpg
2026-06-06,2026-06-06 10:18:14,2,BV16BVy6wEfx,116682534162276,《你来真的啊》,伤心欲茄222,搞笑,娱乐,138,116,2854478,1171,4862,285317,5605,18139,3403,1780459200,https://www.bilibili.com/video/BV16BVy6wEfx,http://i1.hdslb.com/bfs/archive/f16abe0150882e397bf053e6d7a1e4dced090de1.jpg
2026-06-06,2026-06-06 10:18:14,3,BV1Qi7f6eE59,116690805395451,致敬每一个心中有花，努力奔跑的人,爱画画的子衿,亲子,生活,254,313,1411859,2839,2971,192856,94413,12050,2859,1780561800,https://www.bilibili.com/video/BV1Qi7f6eE59,http://i1.hdslb.com/bfs/archive/2c9cc3dd70d264a8473e46b8bebaad7db4d6ef2c.jpg
2026-06-06,2026-06-06 10:18:14,4,BV1vkVB6NEuR,116680252462308,“超微距”下的瑞士长什么样？,影视飓风,娱乐粉丝创作,娱乐,242,1369,3172506,7546,2934,141438,45406,25575,5519,1780477200,https://www.bilibili.com/video/BV1vkVB6NEuR,http://i1.hdslb.com/bfs/archive/5b0c10c80ad8bf4789b41860cadc70e8c144245b.jpg
2026-06-06,2026-06-06 10:18:14,5,BV1jwV663EjR,116679380112598,我的世界杯主题曲！IShowSpeed - World Cup (Champions),ishowspeedsui,竞技体育,运动,236,299,4111556,2240,9305,225997,40591,38931,13570,1780386563,https://www.bilibili.com/video/BV1jwV663EjR,http://i2.hdslb.com/bfs/archive/2807f6a9b9342740dfa8764e7bcc6e231196c94f.jpg
2026-06-06,2026-06-06 10:18:14,6,BV1oqVB6BECd,116680034425733,《原神》洛恩角色PV——「标准化考核」,原神,手机游戏,游戏,172,702,1717163,7654,5898,142800,36045,29517,11329,1780459200,https://www.bilibili.com/video/BV1oqVB6BECd,http://i2.hdslb.com/bfs/archive/f040c8f664a034a919aee60209ef17c155dbe2df.jpg
2026-06-06,2026-06-06 10:18:14,7,BV17GEP6xEDW,116692348832614,新三国up锐评楚汉传奇01：是不是我打开的方式不太对？,吃蛋挞的折棒,影视杂谈,影视,182,1348,1002605,16076,9152,103189,103279,21636,8273,1780624800,https://www.bilibili.com/video/BV17GEP6xEDW,http://i2.hdslb.com/bfs/archive/4e5cd47c8551d2b66643e2800041b7ec2d3bf729.jpg
2026-06-06,2026-06-06 10:18:14,8,BV15iEc6VEfH,116691577216788,路边一块，也能变废为宝，雕刻出大家想要的题材我不知道什么时候天才会亮，但我知道，跑着跑着，天就亮了。,小梨家的和田玉,手工,生活,161,220,4294158,2344,8028,158317,4473,14126,2436,1780572193,https://www.bilibili.com/video/BV15iEc6VEfH,http://i2.hdslb.com/bfs/archive/c1597efe82d66a7f728f8bdd84505eff4b7f5ac9.jpg
2026-06-06,2026-06-06 10:18:14,9,BV16DVz6UE77,116679229180052,如何拍出电影感大片,喜欢拍照的皮皮,日常,生活,21,60,3160958,290,1829,283446,9029,84096,6856,1780384052,https://www.bilibili.com/video/BV16DVz6UE77,http://i1.hdslb.com/bfs/archive/82ba23d6fb45244f769f8f127cfbe2f51afe67c8.jpg
2026-06-06,2026-06-06 10:18:14,10,BV13s7z63EjV,116695016477738,《绝区零》3.0新地块实机演示,绝区零,手机游戏,游戏,172,599,1198442,8392,12428,110918,53481,20040,22677,1780624803,https://www.bilibili.com/video/BV13s7z63EjV,http://i0.hdslb.com/bfs/archive/ac132a13aed30f0b83ff50dfb56d83e2e518206a.jpg
2026-06-06,2026-06-06 10:18:14,11,BV16kV26TES7,116685470175022,当父母说出了正确答案：,进击的金厂长,搞笑,娱乐,138,129,3846585,1825,1972,291040,112288,126888,2330,1780479155,https://www.bilibili.com/video/BV16kV26TES7,http://i0.hdslb.com/bfs/archive/982b25c4ef21fb08f77ae933c89f4b99d5b0c86a.jpg
2026-06-06,2026-06-06 10:18:14,12,BV1XQ7Z6eEki,116689412819066,特朗普的愤怒,燕三嘤嘤嘤,人文历史,知识,228,1133,2555054,10126,4514,129988,30976,19455,2451,1780545020,https://www.bilibili.com/video/BV1XQ7Z6eEki,http://i0.hdslb.com/bfs/archive/d106118a7a33e310838a2e387ce511583c5a7a62.jpg
2026-06-06,2026-06-06 10:18:14,13,BV1wEEc6REms,116692097238799,城市大富翁（5）,雨哥到处跑,日常,生活,21,3846,992406,27066,4645,100814,83107,28476,3945,1780628700,https://www.bilibili.com/video/BV1wEEc6REms,http://i1.hdslb.com/bfs/archive/8628e50dc2e56aec5815c8e3f665d304cfe23d80.jpg
2026-06-06,2026-06-06 10:18:14,14,BV1XEV26XEsz,116683641455201,冠以破碎之名：第一集 冰潮寒雨之夏,Xavier_白昼,综合,综合,27,1106,1270412,1684,2255,94714,19795,58056,3175,1780451269,https://www.bilibili.com/video/BV1XEV26XEsz,http://i0.hdslb.com/bfs/archive/edb3c2a03146bbc3390581aa30c41b8e3c3ab846.jpg
2026-06-06,2026-06-06 10:18:14,15,BV1kCVU65ERM,116669112386149,初中生斗胆跳一段jam,特崮斯,篮球,运动,235,45,5723381,5036,17269,1107986,180021,115745,17140,1780229707,https://www.bilibili.com/video/BV1kCVU65ERM,http://i1.hdslb.com/bfs/archive/5871a66dc8e356ff71da4a6d99d5922b4a6a3fce.jpg
2026-06-06,2026-06-06 10:18:14,16,BV19ZEF6MEBV,116690117464228,人在干坏事的时候是不怕苦不怕累的,我是易拉爆,日常,生活,21,309,1643034,912,2581,148549,9587,20392,10337,1780550100,https://www.bilibili.com/video/BV19ZEF6MEBV,http://i2.hdslb.com/bfs/archive/5a3e59dd5183e87d69b1ad3224466b821bf05e23.jpg
2026-06-06,2026-06-06 10:18:14,17,BV1w6EF6QEjZ,116690033778619,不看后悔！史上最神人店家！,转生成为毛毛,美食侦探,美食,212,186,2450226,3230,7137,127121,3389,20863,10699,1780563600,https://www.bilibili.com/video/BV1w6EF6QEjZ,http://i1.hdslb.com/bfs/archive/07cb98d8f59285212c90c7646739a87803bf06c0.jpg
2026-06-06,2026-06-06 10:18:14,18,BV1QzVR63E3L,116671930963542,回忆永远都是加分项,央视新闻,日常,生活,21,184,3423506,26819,23187,598811,234929,180078,58033,1780286400,https://www.bilibili.com/video/BV1QzVR63E3L,http://i2.hdslb.com/bfs/archive/f4dc3fe8ea88a450877315e867b4995121d5dbf6.jpg
2026-06-06,2026-06-06 10:18:14,19,BV1ogV26FEhB,116683943643894,兄弟们！今天给良子做一个入营测试，这身体身体素质，跟我想的不太一样啊!,健身华哥,运动综合,运动,238,246,2474976,4604,54986,119080,3471,6827,13717,1780455998,https://www.bilibili.com/video/BV1ogV26FEhB,http://i1.hdslb.com/bfs/archive/0ef39901811fd5680c39a67445609ba38a9560c2.jpg
2026-06-06,2026-06-06 10:18:14,20,BV1RvVo6QEqo,116674682426936,不儿，你俩来真的啊？！,主持人yoyo酱,搞笑,娱乐,138,265,5179257,14473,11762,620624,478396,109778,13403,1780314627,https://www.bilibili.com/video/BV1RvVo6QEqo,http://i1.hdslb.com/bfs/archive/e8bde3297455f3796e516de2362d5eb1085d9abf.jpg
2026-06-06,2026-06-06 10:18:14,21,BV168796PEv1,116685839403735,如此仙音唯有挠臭,lulu和露爸,喵星人,喵星人,218,26,2818603,6397,3188,362701,7524,69718,14427,1780484850,https://www.bilibili.com/video/BV168796PEv1,http://i1.hdslb.com/bfs/archive/87f3ce4876a2e50e34a2c1b24dfe10ae34700a55.jpg
2026-06-06,2026-06-06 10:18:14,22,BV1mhV26yETL,116683775678542,科比的哲学启示录第十四期,蟹不肉丨,影视剪辑,影视,183,74,4694451,1117,6475,288832,13519,73369,13840,1780453236,https://www.bilibili.com/video/BV1mhV26yETL,http://i0.hdslb.com/bfs/archive/738134aa027bf05aa3f3843c528db81f3d78307d.jpg
2026-06-06,2026-06-06 10:18:14,23,BV1VWVz6TELx,116679598147712,星际穿越的我，试图提醒过去的自己....,考研英语大雁,校园学习,知识,208,33,2469728,584,2092,320273,6952,40140,5901,1780389685,https://www.bilibili.com/video/BV1VWVz6TELx,http://i0.hdslb.com/bfs/archive/5822709cbd5c2a8a09fabc50bcfdcfc29859f9a1.jpg
2026-06-06,2026-06-06 10:18:14,24,BV1xuVC6AEbg,116681426868021,今天把我关于《丧尸清道夫》的创作思路分享给大家，如果能帮到你，我会很开心。,Mx-Shell,影视剪辑,影视,183,2573,1088892,844,1847,66060,27168,68908,9514,1780452000,https://www.bilibili.com/video/BV1xuVC6AEbg,http://i0.hdslb.com/bfs/archive/4a766d587664347016b0288147deb324a2964232.jpg
2026-06-06,2026-06-06 10:18:14,25,BV1MG7961Efg,116685688276783,下 一 个 抓 谁 ！！！,啊吗粽,搞笑,娱乐,138,586,1260659,4166,2185,114900,55947,21186,2847,1780482465,https://www.bilibili.com/video/BV1MG7961Efg,http://i2.hdslb.com/bfs/archive/55e9b58ea3d6a84a655b0d2607bb6ff7e31c6d34.jpg
2026-06-06,2026-06-06 10:18:14,26,BV1sKVr64EXg,116680621561843,演员魏宗万于6月1日去世，享年89岁,中国电影报道,预告·资讯,影视,184,26,1211863,19126,5848,304908,22911,14750,7552,1780406134,https://www.bilibili.com/video/BV1sKVr64EXg,http://i0.hdslb.com/bfs/archive/1148ab18f92299926855421cea80f91871e7f32a.jpg
2026-06-06,2026-06-06 10:18:14,27,BV1W6VZ6MEbd,116674313328609,🍄欠揍气球🍄,纸片马力欧,日常,生活,21,40,2961442,1496,7686,367995,26314,177772,61850,1780309043,https://www.bilibili.com/video/BV1W6VZ6MEbd,http://i0.hdslb.com/bfs/archive/3d18bae01c4fc365d9e7e0ede5efb926e32115ad.jpg
2026-06-06,2026-06-06 10:18:14,28,BV1GHEw6rEo4,116691140875979,无能的杰哥,神威-狗剩,影视剪辑,影视,183,154,2586414,1573,3029,121658,6293,21360,23235,1780565876,https://www.bilibili.com/video/BV1GHEw6rEo4,http://i2.hdslb.com/bfs/archive/0814d03bdf68a6a83cba4b8ba18fa6d58d6de912.jpg
2026-06-06,2026-06-06 10:18:14,29,BV1sC7R6VEF3,116687181451048,【侯绿萝】视频加载中，速速查收惊喜！,侯绿萝,小剧场,娱乐,85,233,1483879,1215,1242,142692,8372,11420,1503,1780538400,https://www.bilibili.com/video/BV1sC7R6VEF3,http://i0.hdslb.com/bfs/archive/e40df1469a3bc68659f30a77b0e0801ae88938bb.jpg
2026-06-06,2026-06-06 10:18:14,30,BV1T2V161E6J,116684195106574,地牢酒馆-12集 《蜕皮的蜥蜴人与神奇薄荷》,粘土工厂,单机游戏,游戏,17,212,905710,1233,1906,130952,20005,15862,1779,1780459574,https://www.bilibili.com/video/BV1T2V161E6J,http://i0.hdslb.com/bfs/archive/f5c43e682c7ce44c1f2733c2cbb5889650fd5a05.jpg
2026-06-06,2026-06-06 10:18:14,31,BV1gzVC6kE1S,116683507243907,【低成本在家实现牛排自由‼️ 】,村驴,美食制作,美食,76,329,849456,541,2271,80063,7906,60670,8648,1780449310,https://www.bilibili.com/video/BV1gzVC6kE1S,http://i0.hdslb.com/bfs/archive/005d3e68934a884c17ab0f89f1daac2ae9982f39.jpg
2026-06-06,2026-06-06 10:18:14,32,BV1pnVm6GEQG,116685386483651,“当bro以为自己很有影响力时…”,林宇辉,社科·法律·心理,知识,124,16,783672,422,1841,225918,8817,27938,1106,1780478075,https://www.bilibili.com/video/BV1pnVm6GEQG,http://i1.hdslb.com/bfs/archive/02329b4beff89227f0f34b10ef7ca21a2b920c65.jpg
2026-06-06,2026-06-06 10:18:14,33,BV1cmVz6DEmi,116679329712224,初代跑男团战力排行,东方日出哇,特摄,动画,86,600,1980069,4695,3366,158890,7219,20579,3878,1780385423,https://www.bilibili.com/video/BV1cmVz6DEmi,http://i0.hdslb.com/bfs/archive/ee051686685860fea8d8721ddf5c5d7f35a85e5f.jpg
2026-06-06,2026-06-06 10:18:14,34,BV1gWEw6gE4X,116691056987748,“这种没流量的画画最狠了”,像风如你o_O,日常,生活,21,25,1682327,482,2651,230806,5835,18905,818,1780564358,https://www.bilibili.com/video/BV1gWEw6gE4X,http://i0.hdslb.com/bfs/archive/96621cf035234fbf3c3d6f498d6f4d5eae388c12.jpg
2026-06-06,2026-06-06 10:18:14,35,BV1Qt7X61Enn,116686241993999,百万英镑，但素质过低,青时晚,影视剪辑,影视,183,174,1604721,1462,1738,96988,6622,23392,9315,1780490956,https://www.bilibili.com/video/BV1Qt7X61Enn,http://i0.hdslb.com/bfs/archive/1573985b4950f4d1001b3a21a50adab722b0a0f1.jpg
2026-06-06,2026-06-06 10:18:14,36,BV1hAVm6XEE2,116685570836474,【传奇耐熬王】经典排骨💀60天仍然有5人存活💪到最后拼的就是谁身体好！🤦‍♂️,-超级小能猫-,搞笑,娱乐,138,2617,1868109,12866,2587,73099,16226,35188,3350,1780481719,https://www.bilibili.com/video/BV1hAVm6XEE2,http://i0.hdslb.com/bfs/archive/dc3782f8b522707e818c2537030e1b8893332367.jpg
2026-06-06,2026-06-06 10:18:14,37,BV1F9Vz62ExS,116679262606457,一辈子一定要体验一次的游戏，绝对不能被剧透的神作,易铭小疯子,网络游戏,游戏,65,537,1025669,4940,8153,58118,7547,63776,3975,1780403895,https://www.bilibili.com/video/BV1F9Vz62ExS,http://i2.hdslb.com/bfs/archive/d453d6bbde6ccd80f0fd714edde7b754c3e5255e.jpg
2026-06-06,2026-06-06 10:18:14,38,BV1kzVy6hEGb,116682517385619,手绘2000多张沙画，历时3年制作,胡雪朗,绘画,绘画,162,54,773251,742,1415,174328,42947,24490,3670,1780457400,https://www.bilibili.com/video/BV1kzVy6hEGb,http://i0.hdslb.com/bfs/archive/959cf6a92144f70d7339865fe00cd198c4c8da9e.jpg
2026-06-06,2026-06-06 10:18:14,39,BV1yiEF6WErx,116690419585062,奶香馒头,夏叔厨房,美食制作,美食,76,76,1381155,820,6443,182790,6083,15270,960,1780554601,https://www.bilibili.com/video/BV1yiEF6WErx,http://i1.hdslb.com/bfs/archive/82992eb9cddf1a5a5e5e77e481db8626c6005de9.jpg
2026-06-06,2026-06-06 10:18:14,40,BV18qVr6KEk8,116680554519472,一个投了3万元必火的视频,奥利奥利奥是1,日常,生活,21,46,846435,1455,7241,208327,18847,22156,3786,1780405200,https://www.bilibili.com/video/BV18qVr6KEk8,http://i0.hdslb.com/bfs/archive/0c023b00bd1d3a694bdd40c9d19039f1436532b1.jpg
2026-06-06,2026-06-06 10:18:14,41,BV1jBVS6qEPK,116668508406277,竹丝镶嵌,归乡人山白,手工,生活,161,577,828459,2971,1442,122479,57669,12786,1987,1780410000,https://www.bilibili.com/video/BV1jBVS6qEPK,http://i2.hdslb.com/bfs/archive/1e293d2f3fac4fc22d32427cb5a045e65e22e361.jpg
2026-06-06,2026-06-06 10:18:14,42,BV1pDV86oE6S,116657217344637,热烈欢迎薛凯琪！工作之余，Fiona会带哪些让自己感到快乐的东西呢～（录完这期脑海里都是Fifi的笑声,papi酱,短片,动画,256,2017,779826,8290,3507,87397,35234,11398,5090,1780632000,https://www.bilibili.com/video/BV1pDV86oE6S,http://i2.hdslb.com/bfs/archive/032f4048d6f94c465fc10972289999cf79f2572f.jpg
2026-06-06,2026-06-06 10:18:14,43,BV12R7Q6MEJX,116686543914174,你说你有点难追～,未知艺术家_611,搞笑,娱乐,138,30,1993246,171,1658,190512,2066,18338,2770,1780495648,https://www.bilibili.com/video/BV12R7Q6MEJX,http://i2.hdslb.com/bfs/archive/aeaf33a25e079b26433a425ee56ac24f566861d7.jpg
2026-06-06,2026-06-06 10:18:14,44,BV1jeEc6yE75,116691593992011,《你说谁错谁就错，因为你开迈巴赫》,嘞是唐孃孃,搞笑,娱乐,138,34,2488620,152,1834,191210,2353,11624,1025,1780572588,https://www.bilibili.com/video/BV1jeEc6yE75,http://i0.hdslb.com/bfs/archive/cc74080d84744d7622f9f9dd492a1583e00aaed7.jpg
2026-06-06,2026-06-06 10:18:14,45,BV1yo7B68EHX,116695117207554,《鸣潮》×《赛博朋克：边缘行者》共鸣者战斗演示 | 露西,鸣潮,单机游戏,游戏,17,283,2127806,2108,7987,74062,22682,12998,13677,1780628400,https://www.bilibili.com/video/BV1yo7B68EHX,http://i2.hdslb.com/bfs/archive/61426f2876187b9326f1b732fdea7044e08d7ea3.jpg
2026-06-06,2026-06-06 10:18:14,46,BV1aFVm6REvY,116685537281059,蜘蛛糸モノポリー,苏酥鱼鱼喵,MMD·3D,动画,25,113,572675,161,1268,112249,4377,41382,3313,1780480166,https://www.bilibili.com/video/BV1aFVm6REvY,http://i0.hdslb.com/bfs/archive/43aeddbc4a47c5117090dc56e61b94bb7a858ec0.jpg
2026-06-06,2026-06-06 10:18:14,47,BV1bwV161Er2,116684413209270,【aespa】LEMONNNN,aespa,音乐综合,音乐,130,11,5425417,8388,18699,102815,22807,11381,5458,1780475400,https://www.bilibili.com/video/BV1bwV161Er2,http://i1.hdslb.com/bfs/archive/1e63fbee388c793dc0403c872eefb52a8d7d8615.jpg
2026-06-06,2026-06-06 10:18:14,48,BV1YcVf69ECW,116674011403376,此树扎根之时 便是沧海化桑田之始,芳斯塔芙,科学科普,知识,201,895,2842457,4450,1764,53774,13879,11233,1965,1780452000,https://www.bilibili.com/video/BV1YcVf69ECW,http://i0.hdslb.com/bfs/archive/ed8be5ac08d0dc86021a749410e52d4f9079b7c9.jpg
2026-06-06,2026-06-06 10:18:14,49,BV1LLVU6eE1t,116684782373820,你到底娶不娶我…,ENX叉叉酱,同人·手书,动画,47,77,807898,1066,6513,150236,8873,14723,4366,1780484400,https://www.bilibili.com/video/BV1LLVU6eE1t,http://i0.hdslb.com/bfs/archive/cffaf3db4947fd6d7956bd49b83dcea884c3307b.jpg
2026-06-06,2026-06-06 10:18:14,50,BV1LCV66VE45,116680873346829,剥蒜的情谊147.0,NinthA-,网络游戏,游戏,65,147,1500302,710,758,113131,1424,18021,1494,1780455600,https://www.bilibili.com/video/BV1LCV66VE45,http://i1.hdslb.com/bfs/archive/21d74a2ecc26d0c95ecd1e1af6e84bf567bf37c9.jpg
2026-06-06,2026-06-06 10:18:14,51,BV1r6V26BE9i,116685486949496,《上海奥特曼4：沪特曼集结！》,册那队长,小剧场,娱乐,85,53,2826491,944,5239,129720,9567,18294,29758,1780479544,https://www.bilibili.com/video/BV1r6V26BE9i,http://i0.hdslb.com/bfs/archive/a062cb9d7991230d0d7287d7d8fd5bead9ec6788.jpg
2026-06-06,2026-06-06 10:18:14,52,BV1WgVC6YERr,116681410283485,理财PK两个月，6位UP主已经彻底疯狂...【理财王5月战绩汇报】,-LKs-,财经商业,知识,207,779,1724910,4247,4845,62280,12912,12048,8168,1780459200,https://www.bilibili.com/video/BV1WgVC6YERr,http://i0.hdslb.com/bfs/archive/64ee687bda302bd6feee386ca990737e67920669.jpg
2026-06-06,2026-06-06 10:18:14,53,BV1jLVU6eEXE,116684782377667,可不可以买三十块烧腊？,食深烧腊,美食测评,美食,213,99,989320,709,2075,113772,66687,5017,548,1780468779,https://www.bilibili.com/video/BV1jLVU6eEXE,http://i1.hdslb.com/bfs/archive/62b6a42513640bcbd689b2a89fb9b999a1205332.jpg
2026-06-06,2026-06-06 10:18:14,54,BV1gsEw6zExs,116691040208641,你的高考/中考/期末考belike,哈基mer-猫meme,搞笑,娱乐,138,22,431417,18006,1311,160589,16702,33864,2885,1780564012,https://www.bilibili.com/video/BV1gsEw6zExs,http://i2.hdslb.com/bfs/archive/4f76f8d127f1c6d5a990c89a161f10356e783cd4.jpg
2026-06-06,2026-06-06 10:18:14,55,BV1B75w6zEG1,116676158823299,二次元老资历童年都在听什么？！老番串烧34首大连唱！,鹿火CAVY,仿妆cos,时尚,252,462,1689857,3246,3813,115955,47631,41342,8223,1780337109,https://www.bilibili.com/video/BV1B75w6zEG1,http://i1.hdslb.com/bfs/archive/a1759f48c315c61aff7325cc0d6c931ad115a8d4.jpg
2026-06-06,2026-06-06 10:18:14,56,BV1f3VU6KEqy,116684832644044,"从""健身芭比""到""女企业家""，帕梅拉有多会""赚""？",小Lin说,财经商业,知识,207,1745,1877817,1664,1412,52170,9534,17006,3139,1780479000,https://www.bilibili.com/video/BV1f3VU6KEqy,http://i0.hdslb.com/bfs/archive/ad9df863f29ccc8f07472fc5234c04740f6ee4b3.jpg
2026-06-06,2026-06-06 10:18:14,57,BV1797X6ZEvW,116686158038804,真跳60分钟，天台暴晒也算时间哦,矮乐多Aliga,日常,生活,21,3639,950100,971,1461,52925,10691,18671,2067,1780490050,https://www.bilibili.com/video/BV1797X6ZEvW,http://i0.hdslb.com/bfs/archive/51a11a46ff9c8a78cf19a5444bd1f18bb0099c9d.jpg
2026-06-06,2026-06-06 10:18:14,58,BV1uE7d6JEAp,116688674624635,啥龙：医生说我只剩几天了……,小陈的脚凑凑的,日常,生活,21,181,920871,980,1492,65371,5523,15644,3272,1780528049,https://www.bilibili.com/video/BV1uE7d6JEAp,http://i1.hdslb.com/bfs/archive/e92886e4f49270b6f1a24481e0b0851d64e70fc4.jpg
2026-06-06,2026-06-06 10:18:14,59,BV1BqVS6MEL8,116668592363308,欢迎来到304班娃娃店,蟹上皇呀,日常,生活,21,114,2380923,1272,4285,255215,14144,102709,15920,1780221495,https://www.bilibili.com/video/BV1BqVS6MEL8,http://i1.hdslb.com/bfs/archive/9efeef607e818a1f01d4a5f1009a80d45ffcb333.jpg
2026-06-06,2026-06-06 10:18:14,60,BV1ps796qErr,116685822560107,谁在等谁的出现,为了我活下去,综合,综合,27,36,518254,268,1477,156301,7945,24669,1895,1780484521,https://www.bilibili.com/video/BV1ps796qErr,http://i1.hdslb.com/bfs/archive/49a476c711b1d61ec7ffa37684a398ddb857435a.jpg
2026-06-06,2026-06-06 10:18:14,61,BV1df7r6REpB,116695469463690,如何在家制造浓汤宝,嘤武罗,日常,生活,21,501,1097412,1975,1816,70227,22141,15599,1066,1780650000,https://www.bilibili.com/video/BV1df7r6REpB,http://i2.hdslb.com/bfs/archive/94c85d2ebad9002fcbad0c7ef2f3c8a3f1ec6768.jpg
2026-06-06,2026-06-06 10:18:14,62,BV1L7Ew65ETv,116691124098703,我养护的石拱桥，已经被国家收录为不可移动文物！,抓紧长长长呀,三农,生活,251,604,1160828,895,1737,89989,5256,5765,357,1780565746,https://www.bilibili.com/video/BV1L7Ew65ETv,http://i1.hdslb.com/bfs/archive/56f52737bc566db19c5316ccdcc3b87cc81709e0.jpg
2026-06-06,2026-06-06 10:18:14,63,BV1G1VB6PEro,116680286144492,今天的员工够燥的~#异宠 #爬宠 #慢宠时钟 #萌宠,慢宠日记啊,日常,生活,21,79,3396527,618,3408,132837,1694,9517,6326,1780400126,https://www.bilibili.com/video/BV1G1VB6PEro,http://i0.hdslb.com/bfs/archive/816ee56ee784d2ccfe8c14d2289cfa7fa2839d73.jpg
2026-06-06,2026-06-06 10:18:14,64,BV1Nk7X6TEnq,116686023955827,半个小孩，全部的妈妈,超级猫猫兽,同人·手书,动画,47,483,1181976,1546,4553,105764,16844,43505,4066,1780487705,https://www.bilibili.com/video/BV1Nk7X6TEnq,http://i0.hdslb.com/bfs/archive/25cb3d6f6dd951590c71a8ea993463455554b0c6.jpg
2026-06-06,2026-06-06 10:18:14,65,BV1JKEw6QEw9,116691509970719,我读了你们的评论 把阎王召唤出来了T_T,汤木檀泽,日常,生活,21,959,1350252,1281,1459,89629,5217,11461,439,1780571268,https://www.bilibili.com/video/BV1JKEw6QEw9,http://i1.hdslb.com/bfs/archive/0b6c7ccb214b6211a4cf9a8741eb473536e42587.jpg
2026-06-06,2026-06-06 10:18:14,66,BV1NoVm62EFd,116684715197497,金库测金，海峡测雷，万税爷进军测评赛道？,麻薯波比呀,社科·法律·心理,知识,124,1010,1200488,2352,2528,71264,7785,7300,804,1780479745,https://www.bilibili.com/video/BV1NoVm62EFd,http://i2.hdslb.com/bfs/archive/d200d3f215d8a9d6eb13923af38007a3d0ff34b4.jpg
2026-06-06,2026-06-06 10:18:14,67,BV1izVB6TE7i,116680084691098,小时候以为的事情,西维西师傅,搞笑,娱乐,138,38,4196888,293,2731,241407,2377,17073,2101,1780397022,https://www.bilibili.com/video/BV1izVB6TE7i,http://i0.hdslb.com/bfs/archive/4790a1728175bce1a38157464666e2fac5ef28c8.jpg
2026-06-06,2026-06-06 10:18:14,68,BV17pVC6WECy,116681544304592,带良子和花胖在华哥训练营偷吃，闷子、板面、大肠都安排上,俞涛不光会做九转大肠,美食记录,美食,215,247,1667256,946,2508,78390,2144,4949,2843,1780455600,https://www.bilibili.com/video/BV17pVC6WECy,http://i1.hdslb.com/bfs/archive/ecf1293c7f3c2f89f52a51e5ad0ce5201f1be340.jpg
2026-06-06,2026-06-06 10:18:14,69,BV1idV26bE2E,116685654921483,宗元舞2.0紧绷之人3,是柳宗元,电子竞技,游戏,171,51,1271937,372,931,140452,2972,17867,2811,1780481914,https://www.bilibili.com/video/BV1idV26bE2E,http://i2.hdslb.com/bfs/archive/395efa2aefe284345f5e64ce17985d0467cd2247.jpg
2026-06-06,2026-06-06 10:18:14,70,BV1LVVv6tEPa,116677970756336,【鹿野/小动画】wonderland [儿童节24h产物],民用核武器,同人·手书,动画,47,37,500673,93,607,162864,14604,27707,2173,1780395093,https://www.bilibili.com/video/BV1LVVv6tEPa,http://i1.hdslb.com/bfs/archive/2ef288272c38b705f82c7e23150d7ae538b17ce8.jpg
2026-06-06,2026-06-06 10:18:14,71,BV1jqVS6MECE,116668592292557,【野餐】你醒啦 现在是2012年的5月份呀,野餐slu2pcekry,宅舞,舞蹈,20,182,1416201,2126,8264,276289,19021,57818,5217,1780221916,https://www.bilibili.com/video/BV1jqVS6MECE,http://i2.hdslb.com/bfs/archive/e9673e0b6ccc8de75e114c6f2ea5484907789e23.jpg
2026-06-06,2026-06-06 10:18:14,72,BV1ypV66dEru,116681359754958,G胖为上架R18游戏硬刚V社法务 玩家至上 不做干预,Will游戏堂,数码,科技,95,51,1202000,690,3356,140181,2454,18949,10246,1780444800,https://www.bilibili.com/video/BV1ypV66dEru,http://i1.hdslb.com/bfs/archive/e3e911d6f451bd85e0fb10b15ba13e2f9b6b96cc.jpg
2026-06-06,2026-06-06 10:18:14,73,BV1edV26tEsB,116685654722666,复仇整蛊！蛋黄派伪装摄影师突袭周深，几秒就被识破？,记录生活的蛋黄派,美食测评,美食,213,556,2002014,6801,2669,82707,27379,33008,3612,1780565400,https://www.bilibili.com/video/BV1edV26tEsB,http://i2.hdslb.com/bfs/archive/a16b60bc03719059e3218dee538877f554f3f9b4.jpg
2026-06-06,2026-06-06 10:18:14,74,BV1TL796CE52,116685721830606,歌剧老师锐评韩娱BLACKPINK  JYP & MAMAOO Red Velvet TWICE,铁豆钢蛋,乐评盘点,音乐,243,3086,888198,21624,10996,44191,19162,7681,2562,1780483444,https://www.bilibili.com/video/BV1TL796CE52,http://i1.hdslb.com/bfs/archive/ab6356296c8f9523a858fc15dd4a808fbc51b773.jpg
2026-06-06,2026-06-06 10:18:14,75,BV1R7Ew65ERR,116691124229360,当爸爸找亲戚买手机,刘鸿哥哥,小剧场,娱乐,85,119,1586695,655,1819,110985,811,5647,1114,1780565630,https://www.bilibili.com/video/BV1R7Ew65ERR,http://i0.hdslb.com/bfs/archive/5e4feb10a7cf9e178bf7e9a619d62843bc5ae8b2.jpg
2026-06-06,2026-06-06 10:18:14,76,BV1y8Vk6fEwn,116682047625847,【速凌宇宙】第十九集：哈基蜂化身哈夫克安保队长？？准备摇人？,高司令-速凌电竞,单机游戏,游戏,17,582,2249454,5131,1366,108146,14847,89435,987,1780459200,https://www.bilibili.com/video/BV1y8Vk6fEwn,http://i0.hdslb.com/bfs/archive/2e5bf49a8947806e05fb8970a421bd94a8a6e7b6.jpg
2026-06-06,2026-06-06 10:18:14,77,BV1nWVm6uEqb,116685285624503,我吃牛瘪火锅 结果买错牛胃了,张离谱Dreams,搞笑,娱乐,138,97,1362298,748,1925,83539,1326,23724,6658,1780476405,https://www.bilibili.com/video/BV1nWVm6uEqb,http://i0.hdslb.com/bfs/archive/6f4f02f224993a1933f3e515e84d84edb5ca3808.jpg
2026-06-06,2026-06-06 10:18:14,78,BV1vEEP6HEFw,116692281789801,2025年出货量370万台！激光雷达真成“安全气囊”了？,保镖的车库,新能源车,新能源车,247,606,1062590,368,439,72569,2502,6729,324,1780653900,https://www.bilibili.com/video/BV1vEEP6HEFw,http://i1.hdslb.com/bfs/archive/76872e6b743f73527ee70c89a75c39214a868540.jpg
2026-06-06,2026-06-06 10:18:14,79,BV1uAVo6yE5n,116673222806359,阳寿伏妖  青州篇【一口气看完八小时合集】,七夜不起夜z,综合,综合,27,31228,1072507,12057,1620,60197,35530,69536,3367,1780292399,https://www.bilibili.com/video/BV1uAVo6yE5n,http://i2.hdslb.com/bfs/archive/1d5f24afd7637434849f1321276448ab358b1094.jpg
2026-06-06,2026-06-06 10:18:14,80,BV11DVo6rEo7,116674850196476,🐱穷鬼气球,竹内有虫,综合,综合,27,40,1155227,583,4146,144802,9016,43144,23625,1780317192,https://www.bilibili.com/video/BV11DVo6rEo7,http://i0.hdslb.com/bfs/archive/c914f8432580c402c9749aca8e6fa9efa26eedbb.jpg
2026-06-06,2026-06-06 10:18:14,81,BV1rMVz67EMs,116679967312875,开关灯木头人挑战！,酱油白米饭原创,小剧场,娱乐,85,99,2704146,413,663,105398,2210,26705,3097,1780395433,https://www.bilibili.com/video/BV1rMVz67EMs,http://i0.hdslb.com/bfs/archive/b909eaaf95648e5156635c9c1afd57ac6da69f64.jpg
2026-06-06,2026-06-06 10:18:14,82,BV1CYVy6vETT,116682852929454,【IGN】《战神：劳菲（God of War Laufey）》深度玩法演示 |  State of Play,IGN中国,单机游戏,游戏,17,1425,1705720,13218,15463,36729,11460,10953,43689,1780440137,https://www.bilibili.com/video/BV1CYVy6vETT,http://i1.hdslb.com/bfs/archive/a78c73d63af672d1dcaa84b7a8dabdb7c59cd0ab.jpg
2026-06-06,2026-06-06 10:18:14,83,BV1iQV26cEfX,116685436618474,东北下岗三十年后，我看见了普通人的生活,十七岁歌手想打中单,出行,生活,250,3132,952819,2894,4289,37227,10489,14110,3574,1780479467,https://www.bilibili.com/video/BV1iQV26cEfX,http://i2.hdslb.com/bfs/archive/336087b59dbbf943701843cf5d3dfee77ef315e9.jpg
2026-06-06,2026-06-06 10:18:14,84,BV1dFV66rEwZ,116679463929983,"""这一刻，他简直正的发邪""",wrizedm,影视剪辑,影视,183,115,1459945,294,674,108068,5248,20806,1672,1780387590,https://www.bilibili.com/video/BV1dFV66rEwZ,http://i1.hdslb.com/bfs/archive/0d76efe5941248b388135046493c78dbb702e210.jpg
2026-06-06,2026-06-06 10:18:14,85,BV1DyVm6REs8,116685117982770,Oi，今天跟老舅争锋相对！！,花小龙oy,健身,运动,164,218,990782,669,1424,72200,3259,2823,1337,1780473800,https://www.bilibili.com/video/BV1DyVm6REs8,http://i0.hdslb.com/bfs/archive/56fe0a9ea6c893cba847452a26b23804912df627.jpg
2026-06-06,2026-06-06 10:18:14,86,BV1XS796JETP,116687701545253,"""见过花开就好 何必在意花为谁开""19.0",我爱吃派大星,音乐综合,音乐,130,163,1140572,544,1027,64293,744,7323,294,1780532400,https://www.bilibili.com/video/BV1XS796JETP,http://i1.hdslb.com/bfs/archive/29288eae5b7e0f9e2243fa9682885eab8981887d.jpg
2026-06-06,2026-06-06 10:18:14,87,BV1bL796CEpe,116685721899286,如果我来挑战拍华语地区的经典MV风格？这一期是粉丝投稿哦！,李如儒也是李蠕蠕,小剧场,娱乐,85,159,1061419,1133,818,71951,6944,3996,833,1780483280,https://www.bilibili.com/video/BV1bL796CEpe,http://i2.hdslb.com/bfs/archive/6305a2e9ddc370f1b9e15ba5265e209ff8ea0438.jpg
2026-06-06,2026-06-06 10:18:14,88,BV1rg7C6TEUm,116696912369911,一句“一氧化二氢”能钓出多少“读稿机”？,中国食品报融媒体,科学科普,知识,201,291,1359628,2434,7362,64721,4500,7259,4532,1780653928,https://www.bilibili.com/video/BV1rg7C6TEUm,http://i1.hdslb.com/bfs/archive/1081ed32a36e81bee443915a997ed5f2bd56badd.jpg
2026-06-06,2026-06-06 10:18:14,89,BV1dCV66GEgM,116680873280095,《明日方舟：终末地》干员叙事 [弭弗：煞星],明日方舟终末地,手机游戏,游戏,172,637,1047387,3846,8197,43583,10580,6466,5025,1780457400,https://www.bilibili.com/video/BV1dCV66GEgM,http://i1.hdslb.com/bfs/archive/033ff148a9ed8d3736243342bbb59dbe14cbc0ee.jpg
2026-06-06,2026-06-06 10:18:14,90,BV12QEc6wETE,116691744917719,“我想我再也不会谈恋爱了”,柯洁,影视剪辑,影视,183,34,1188509,737,4100,125527,5042,5905,5482,1780574976,https://www.bilibili.com/video/BV12QEc6wETE,http://i0.hdslb.com/bfs/archive/47071584488230edc82fe88b8fe9b87eb57cd115.jpg
2026-06-06,2026-06-06 10:18:14,91,BV1WBVZ6zEZF,116674262997815,朋克的扑满完整版！六一变身巴啦啦小魔丸！,辉泰廊大王,音乐现场,音乐,29,87,1016276,286,1921,121276,20932,27412,5665,1780309712,https://www.bilibili.com/video/BV1WBVZ6zEZF,http://i1.hdslb.com/bfs/archive/7b6177df7c5730719e6e85670d645595c6ff940e.jpg
2026-06-06,2026-06-06 10:18:14,92,BV1uTEc6AEzV,116691963025070,以为这次断更，会是永别,ONLee_Studio,日常,生活,21,211,805375,1469,2233,53140,18477,3648,768,1780578368,https://www.bilibili.com/video/BV1uTEc6AEzV,http://i0.hdslb.com/bfs/archive/65223f1fb3bbe6f7b6e2b1e84b56584802350ec6.jpg
2026-06-06,2026-06-06 10:18:14,93,BV1cu7r6FEPd,116696023045705,英国，沦为印度殖民地,平原公子,日常,生活,21,463,988626,4519,3441,64422,2320,6269,4539,1780640137,https://www.bilibili.com/video/BV1cu7r6FEPd,http://i1.hdslb.com/bfs/archive/95ba7fb80bc2a46fc2c8f7ff69a08c57c40ef914.jpg
2026-06-06,2026-06-06 10:18:14,94,BV1iuVd6DE1W,116673742902632,【完结自制短片】工人嫌魏海每天抽50太黑心，转头跟不抽成老板干活，女儿进ICU才知道那50是救命钱,唒唒漫画咯,综合,综合,27,3268,1018385,68,103,76248,4995,16000,1590,1780302000,https://www.bilibili.com/video/BV1iuVd6DE1W,http://i2.hdslb.com/bfs/archive/df703cb90d025def034d506f038aa3d4374fa19d.jpg
2026-06-06,2026-06-06 10:18:14,95,BV1DB7f6AEBK,116690989942959,最 不 物 质 之 人,张八筒筒,日常,生活,21,127,1083062,588,624,88213,944,3321,459,1780563943,https://www.bilibili.com/video/BV1DB7f6AEBK,http://i1.hdslb.com/bfs/archive/612e05a8e02454bd4e3723991d4808f061b1c188.jpg
2026-06-06,2026-06-06 10:18:14,96,BV1nt796vEfy,116685856113918,“无伤通关”这一块丨质量超高的类恐怖奶奶游戏《内脏医生》,小熊flippy,单机游戏,游戏,17,2997,417911,3346,1753,36025,29365,14171,1158,1780485399,https://www.bilibili.com/video/BV1nt796vEfy,http://i0.hdslb.com/bfs/archive/d25d0943da93d8769042ad0a12172fdae91919a5.jpg
2026-06-06,2026-06-06 10:18:14,97,BV1Qb7R6XECX,116687064072844,⚡冷 笑 话 大 全 6.0⚡,污污云,鬼畜调教,鬼畜,22,66,911464,118,722,66348,1136,26668,3286,1780545600,https://www.bilibili.com/video/BV1Qb7R6XECX,http://i2.hdslb.com/bfs/archive/edf5ec9306bef71931b52d5b0a961e13f1ecc966.jpg
2026-06-06,2026-06-06 10:18:14,98,BV1ZUEF65EzU,116690016801808,论画手的高三生活有多燃！,圆脸面包人,绘画,绘画,162,141,625620,258,543,73148,2582,10456,1482,1780548385,https://www.bilibili.com/video/BV1ZUEF65EzU,http://i2.hdslb.com/bfs/archive/d2c74006b8fe69158c1e24fb31690a791ce674d0.jpg
2026-06-06,2026-06-06 10:18:14,99,BV1xWG16qEBn,116644936422865,我打孔子，真的假的？,自动鬼畜中的WZ,鬼畜调教,鬼畜,22,281,3471223,2738,4540,161789,7762,31420,6969,1780286400,https://www.bilibili.com/video/BV1xWG16qEBn,http://i2.hdslb.com/bfs/archive/5395cba11bd2f2864886c0fa2c3962deef4570e3.jpg
2026-06-06,2026-06-06 10:18:14,100,BV1ZTV26cEeq,116684044110381,陶勇：做近视手术，其实是“掩耳盗铃”,北京青年x壹次访谈录,综艺,综艺,71,779,655934,637,2791,20409,5741,19209,10111,1780480800,https://www.bilibili.com/video/BV1ZTV26cEeq,http://i2.hdslb.com/bfs/archive/59f98d99bc703febc4b1f35ea244bb2027ccb6e2.jpg
2026-06-06,2026-06-06 11:52:55,1,BV15wVB6YECT,116678608359768,一顿饭只要三块钱，客人吃着吃着，人就“没了”,瞎通不设计了,美食侦探,美食,212,187,2042625,2315,5991,259409,151804,23048,3901,1780390800,https://www.bilibili.com/video/BV15wVB6YECT,http://i1.hdslb.com/bfs/archive/fd898a754bc3cf4317349a2b3c4394e104417434.jpg
2026-06-06,2026-06-06 11:52:55,2,BV16BVy6wEfx,116682534162276,《你来真的啊》,伤心欲茄222,搞笑,娱乐,138,116,2887339,1178,4901,289043,5657,18497,3440,1780459200,https://www.bilibili.com/video/BV16BVy6wEfx,http://i1.hdslb.com/bfs/archive/f16abe0150882e397bf053e6d7a1e4dced090de1.jpg
2026-06-06,2026-06-06 11:52:55,3,BV1Qi7f6eE59,116690805395451,致敬每一个心中有花，努力奔跑的人,爱画画的子衿,亲子,生活,254,313,1430609,2885,3004,195233,95751,12265,2907,1780561800,https://www.bilibili.com/video/BV1Qi7f6eE59,http://i1.hdslb.com/bfs/archive/2c9cc3dd70d264a8473e46b8bebaad7db4d6ef2c.jpg
2026-06-06,2026-06-06 11:52:55,4,BV15iEc6VEfH,116691577216788,路边一块，也能变废为宝，雕刻出大家想要的题材我不知道什么时候天才会亮，但我知道，跑着跑着，天就亮了。,小梨家的和田玉,手工,生活,161,220,4513383,2549,8338,167509,4810,15294,2599,1780572193,https://www.bilibili.com/video/BV15iEc6VEfH,http://i2.hdslb.com/bfs/archive/c1597efe82d66a7f728f8bdd84505eff4b7f5ac9.jpg
2026-06-06,2026-06-06 11:52:55,5,BV1vkVB6NEuR,116680252462308,“超微距”下的瑞士长什么样？,影视飓风,娱乐粉丝创作,娱乐,242,1369,3294701,7610,2937,145089,45891,26038,5584,1780477200,https://www.bilibili.com/video/BV1vkVB6NEuR,http://i1.hdslb.com/bfs/archive/5b0c10c80ad8bf4789b41860cadc70e8c144245b.jpg
2026-06-06,2026-06-06 11:52:55,6,BV17GEP6xEDW,116692348832614,新三国up锐评楚汉传奇01：是不是我打开的方式不太对？,吃蛋挞的折棒,影视杂谈,影视,182,1348,1052342,16386,9382,106106,105732,22263,8473,1780624800,https://www.bilibili.com/video/BV17GEP6xEDW,http://i2.hdslb.com/bfs/archive/4e5cd47c8551d2b66643e2800041b7ec2d3bf729.jpg
2026-06-06,2026-06-06 11:52:55,7,BV1oqVB6BECd,116680034425733,《原神》洛恩角色PV——「标准化考核」,原神,手机游戏,游戏,172,702,1725051,7743,5908,143442,36176,29896,11360,1780459200,https://www.bilibili.com/video/BV1oqVB6BECd,http://i2.hdslb.com/bfs/archive/f040c8f664a034a919aee60209ef17c155dbe2df.jpg
2026-06-06,2026-06-06 11:52:55,8,BV13s7z63EjV,116695016477738,《绝区零》3.0新地块实机演示,绝区零,手机游戏,游戏,172,599,1245305,8540,12649,113296,54205,20484,23006,1780624803,https://www.bilibili.com/video/BV13s7z63EjV,http://i0.hdslb.com/bfs/archive/ac132a13aed30f0b83ff50dfb56d83e2e518206a.jpg
2026-06-06,2026-06-06 11:52:55,9,BV1jwV663EjR,116679380112598,我的世界杯主题曲！IShowSpeed - World Cup (Champions),ishowspeedsui,竞技体育,运动,236,299,4154228,2267,9380,228663,41087,39530,13702,1780386563,https://www.bilibili.com/video/BV1jwV663EjR,http://i2.hdslb.com/bfs/archive/2807f6a9b9342740dfa8764e7bcc6e231196c94f.jpg
2026-06-06,2026-06-06 11:52:55,10,BV16kV26TES7,116685470175022,当父母说出了正确答案：,进击的金厂长,搞笑,娱乐,138,129,4010826,1867,1995,300229,114828,132936,2384,1780479155,https://www.bilibili.com/video/BV16kV26TES7,http://i0.hdslb.com/bfs/archive/982b25c4ef21fb08f77ae933c89f4b99d5b0c86a.jpg
2026-06-06,2026-06-06 11:52:55,11,BV16DVz6UE77,116679229180052,如何拍出电影感大片,喜欢拍照的皮皮,日常,生活,21,60,3203653,293,1854,287666,9199,85370,6975,1780384052,https://www.bilibili.com/video/BV16DVz6UE77,http://i1.hdslb.com/bfs/archive/82ba23d6fb45244f769f8f127cfbe2f51afe67c8.jpg
2026-06-06,2026-06-06 11:52:55,12,BV1XQ7Z6eEki,116689412819066,特朗普的愤怒,燕三嘤嘤嘤,人文历史,知识,228,1133,2585853,10180,4551,131111,31234,19559,2478,1780545020,https://www.bilibili.com/video/BV1XQ7Z6eEki,http://i0.hdslb.com/bfs/archive/d106118a7a33e310838a2e387ce511583c5a7a62.jpg
2026-06-06,2026-06-06 11:52:55,13,BV19ZEF6MEBV,116690117464228,人在干坏事的时候是不怕苦不怕累的,我是易拉爆,日常,生活,21,309,1721324,965,2771,155263,10077,21421,10850,1780550100,https://www.bilibili.com/video/BV19ZEF6MEBV,http://i2.hdslb.com/bfs/archive/5a3e59dd5183e87d69b1ad3224466b821bf05e23.jpg
2026-06-06,2026-06-06 11:52:55,14,BV1wEEc6REms,116692097238799,城市大富翁（5）,雨哥到处跑,日常,生活,21,3846,1048962,27762,4690,103749,85286,29253,4005,1780628700,https://www.bilibili.com/video/BV1wEEc6REms,http://i1.hdslb.com/bfs/archive/8628e50dc2e56aec5815c8e3f665d304cfe23d80.jpg
2026-06-06,2026-06-06 11:52:55,15,BV1w6EF6QEjZ,116690033778619,不看后悔！史上最神人店家！,转生成为毛毛,美食侦探,美食,212,186,2526643,3293,7343,131416,3455,21638,10974,1780563600,https://www.bilibili.com/video/BV1w6EF6QEjZ,http://i1.hdslb.com/bfs/archive/07cb98d8f59285212c90c7646739a87803bf06c0.jpg
2026-06-06,2026-06-06 11:52:55,16,BV1kCVU65ERM,116669112386149,初中生斗胆跳一段jam,特崮斯,篮球,运动,235,45,5774106,5318,17369,1118330,181594,116938,17302,1780229707,https://www.bilibili.com/video/BV1kCVU65ERM,http://i1.hdslb.com/bfs/archive/5871a66dc8e356ff71da4a6d99d5922b4a6a3fce.jpg
2026-06-06,2026-06-06 11:52:55,17,BV1XEV26XEsz,116683641455201,冠以破碎之名：第一集 冰潮寒雨之夏,Xavier_白昼,综合,综合,27,1106,1278988,1689,2270,95481,19985,58585,3205,1780451269,https://www.bilibili.com/video/BV1XEV26XEsz,http://i0.hdslb.com/bfs/archive/edb3c2a03146bbc3390581aa30c41b8e3c3ab846.jpg
2026-06-06,2026-06-06 11:52:55,18,BV1RvVo6QEqo,116674682426936,不儿，你俩来真的啊？！,主持人yoyo酱,搞笑,娱乐,138,265,5247564,14648,11833,627989,483055,111665,13533,1780314627,https://www.bilibili.com/video/BV1RvVo6QEqo,http://i1.hdslb.com/bfs/archive/e8bde3297455f3796e516de2362d5eb1085d9abf.jpg
2026-06-06,2026-06-06 11:52:55,19,BV1QzVR63E3L,116671930963542,回忆永远都是加分项,央视新闻,日常,生活,21,184,3449671,27077,23282,603578,236321,181917,58234,1780286400,https://www.bilibili.com/video/BV1QzVR63E3L,http://i2.hdslb.com/bfs/archive/f4dc3fe8ea88a450877315e867b4995121d5dbf6.jpg
2026-06-06,2026-06-06 11:52:55,20,BV1MG7961Efg,116685688276783,下 一 个 抓 谁 ！！！,啊吗粽,搞笑,娱乐,138,586,1273260,4184,2195,115599,56271,21363,2854,1780482465,https://www.bilibili.com/video/BV1MG7961Efg,http://i2.hdslb.com/bfs/archive/55e9b58ea3d6a84a655b0d2607bb6ff7e31c6d34.jpg
2026-06-06,2026-06-06 11:52:55,21,BV168796PEv1,116685839403735,如此仙音唯有挠臭,lulu和露爸,喵星人,喵星人,218,26,3090453,7890,3499,394753,8427,76040,15701,1780484850,https://www.bilibili.com/video/BV168796PEv1,http://i1.hdslb.com/bfs/archive/87f3ce4876a2e50e34a2c1b24dfe10ae34700a55.jpg
2026-06-06,2026-06-06 11:52:55,22,BV1mhV26yETL,116683775678542,科比的哲学启示录第十四期,蟹不肉丨,影视剪辑,影视,183,74,4737787,1125,6508,291429,13713,74200,13947,1780453236,https://www.bilibili.com/video/BV1mhV26yETL,http://i0.hdslb.com/bfs/archive/738134aa027bf05aa3f3843c528db81f3d78307d.jpg
2026-06-06,2026-06-06 11:52:55,23,BV1VWVz6TELx,116679598147712,星际穿越的我，试图提醒过去的自己....,考研英语大雁,校园学习,知识,208,33,2523647,590,2108,326894,7100,41333,5973,1780389685,https://www.bilibili.com/video/BV1VWVz6TELx,http://i0.hdslb.com/bfs/archive/5822709cbd5c2a8a09fabc50bcfdcfc29859f9a1.jpg
2026-06-06,2026-06-06 11:52:55,24,BV1GHEw6rEo4,116691140875979,无能的杰哥,神威-狗剩,影视剪辑,影视,183,154,2606338,1596,3101,123153,6444,21667,23610,1780565876,https://www.bilibili.com/video/BV1GHEw6rEo4,http://i2.hdslb.com/bfs/archive/0814d03bdf68a6a83cba4b8ba18fa6d58d6de912.jpg
2026-06-06,2026-06-06 11:52:55,25,BV1ogV26FEhB,116683943643894,兄弟们！今天给良子做一个入营测试，这身体身体素质，跟我想的不太一样啊!,健身华哥,运动综合,运动,238,246,2520900,4659,55981,120623,3513,6936,13887,1780455998,https://www.bilibili.com/video/BV1ogV26FEhB,http://i1.hdslb.com/bfs/archive/0ef39901811fd5680c39a67445609ba38a9560c2.jpg
2026-06-06,2026-06-06 11:52:55,26,BV1W6VZ6MEbd,116674313328609,🍄欠揍气球🍄,纸片马力欧,日常,生活,21,40,3048326,1699,7784,376939,27282,184055,62783,1780309043,https://www.bilibili.com/video/BV1W6VZ6MEbd,http://i0.hdslb.com/bfs/archive/3d18bae01c4fc365d9e7e0ede5efb926e32115ad.jpg
2026-06-06,2026-06-06 11:52:55,27,BV1xuVC6AEbg,116681426868021,今天把我关于《丧尸清道夫》的创作思路分享给大家，如果能帮到你，我会很开心。,Mx-Shell,影视剪辑,影视,183,2573,1102451,850,1861,66642,27382,69469,9602,1780452000,https://www.bilibili.com/video/BV1xuVC6AEbg,http://i0.hdslb.com/bfs/archive/4a766d587664347016b0288147deb324a2964232.jpg
2026-06-06,2026-06-06 11:52:55,28,BV1sC7R6VEF3,116687181451048,【侯绿萝】视频加载中，速速查收惊喜！,侯绿萝,小剧场,娱乐,85,233,1514184,1248,1249,145249,8492,11693,1522,1780538400,https://www.bilibili.com/video/BV1sC7R6VEF3,http://i0.hdslb.com/bfs/archive/e40df1469a3bc68659f30a77b0e0801ae88938bb.jpg
2026-06-06,2026-06-06 11:52:55,29,BV1T2V161E6J,116684195106574,地牢酒馆-12集 《蜕皮的蜥蜴人与神奇薄荷》,粘土工厂,单机游戏,游戏,17,212,916695,1238,1914,132261,20126,16015,1785,1780459574,https://www.bilibili.com/video/BV1T2V161E6J,http://i0.hdslb.com/bfs/archive/f5c43e682c7ce44c1f2733c2cbb5889650fd5a05.jpg
2026-06-06,2026-06-06 11:52:55,30,BV1sKVr64EXg,116680621561843,演员魏宗万于6月1日去世，享年89岁,中国电影报道,预告·资讯,影视,184,26,1216180,19253,5870,306608,23038,14863,7567,1780406134,https://www.bilibili.com/video/BV1sKVr64EXg,http://i0.hdslb.com/bfs/archive/1148ab18f92299926855421cea80f91871e7f32a.jpg
2026-06-06,2026-06-06 11:52:55,31,BV1gWEw6gE4X,116691056987748,“这种没流量的画画最狠了”,像风如你o_O,日常,生活,21,25,1788009,495,2753,237854,6081,19554,867,1780564358,https://www.bilibili.com/video/BV1gWEw6gE4X,http://i0.hdslb.com/bfs/archive/96621cf035234fbf3c3d6f498d6f4d5eae388c12.jpg
2026-06-06,2026-06-06 11:52:55,32,BV1pnVm6GEQG,116685386483651,“当bro以为自己很有影响力时…”,林宇辉,社科·法律·心理,知识,124,16,796448,427,1850,229727,8988,28605,1124,1780478075,https://www.bilibili.com/video/BV1pnVm6GEQG,http://i1.hdslb.com/bfs/archive/02329b4beff89227f0f34b10ef7ca21a2b920c65.jpg
2026-06-06,2026-06-06 11:52:55,33,BV1gzVC6kE1S,116683507243907,【低成本在家实现牛排自由‼️ 】,村驴,美食制作,美食,76,329,856932,542,2269,80768,7963,61118,8692,1780449310,https://www.bilibili.com/video/BV1gzVC6kE1S,http://i0.hdslb.com/bfs/archive/005d3e68934a884c17ab0f89f1daac2ae9982f39.jpg
2026-06-06,2026-06-06 11:52:55,34,BV1Qt7X61Enn,116686241993999,百万英镑，但素质过低,青时晚,影视剪辑,影视,183,174,1642565,1478,1770,98817,6832,23922,9483,1780490956,https://www.bilibili.com/video/BV1Qt7X61Enn,http://i0.hdslb.com/bfs/archive/1573985b4950f4d1001b3a21a50adab722b0a0f1.jpg
2026-06-06,2026-06-06 11:52:55,35,BV1cmVz6DEmi,116679329712224,初代跑男团战力排行,东方日出哇,特摄,动画,86,600,2001922,4758,3384,160743,7303,20797,3919,1780385423,https://www.bilibili.com/video/BV1cmVz6DEmi,http://i0.hdslb.com/bfs/archive/ee051686685860fea8d8721ddf5c5d7f35a85e5f.jpg
2026-06-06,2026-06-06 11:52:55,36,BV1hAVm6XEE2,116685570836474,【传奇耐熬王】经典排骨💀60天仍然有5人存活💪到最后拼的就是谁身体好！🤦‍♂️,-超级小能猫-,搞笑,娱乐,138,2617,1902035,12974,2604,74061,16388,35703,3387,1780481719,https://www.bilibili.com/video/BV1hAVm6XEE2,http://i0.hdslb.com/bfs/archive/dc3782f8b522707e818c2537030e1b8893332367.jpg
2026-06-06,2026-06-06 11:52:55,37,BV1F9Vz62ExS,116679262606457,一辈子一定要体验一次的游戏，绝对不能被剧透的神作,易铭小疯子,网络游戏,游戏,65,537,1037216,4984,8231,58832,7624,64464,4003,1780403895,https://www.bilibili.com/video/BV1F9Vz62ExS,http://i2.hdslb.com/bfs/archive/d453d6bbde6ccd80f0fd714edde7b754c3e5255e.jpg
2026-06-06,2026-06-06 11:52:55,38,BV1yiEF6WErx,116690419585062,奶香馒头,夏叔厨房,美食制作,美食,76,76,1400776,825,6462,185519,6175,15617,989,1780554601,https://www.bilibili.com/video/BV1yiEF6WErx,http://i1.hdslb.com/bfs/archive/82992eb9cddf1a5a5e5e77e481db8626c6005de9.jpg
2026-06-06,2026-06-06 11:52:55,39,BV1kzVy6hEGb,116682517385619,手绘2000多张沙画，历时3年制作,胡雪朗,绘画,绘画,162,54,776304,746,1421,175298,43233,24718,3692,1780457400,https://www.bilibili.com/video/BV1kzVy6hEGb,http://i0.hdslb.com/bfs/archive/959cf6a92144f70d7339865fe00cd198c4c8da9e.jpg
2026-06-06,2026-06-06 11:52:55,40,BV1pDV86oE6S,116657217344637,热烈欢迎薛凯琪！工作之余，Fiona会带哪些让自己感到快乐的东西呢～（录完这期脑海里都是Fifi的笑声,papi酱,短片,动画,256,2017,824516,8506,3610,91076,36476,11829,5294,1780632000,https://www.bilibili.com/video/BV1pDV86oE6S,http://i2.hdslb.com/bfs/archive/032f4048d6f94c465fc10972289999cf79f2572f.jpg
2026-06-06,2026-06-06 11:52:55,41,BV12R7Q6MEJX,116686543914174,你说你有点难追～,未知艺术家_611,搞笑,娱乐,138,30,2065672,177,1702,196339,2170,19097,2889,1780495648,https://www.bilibili.com/video/BV12R7Q6MEJX,http://i2.hdslb.com/bfs/archive/aeaf33a25e079b26433a425ee56ac24f566861d7.jpg
2026-06-06,2026-06-06 11:52:55,42,BV18qVr6KEk8,116680554519472,一个投了3万元必火的视频,奥利奥利奥是1,日常,生活,21,46,861759,1492,7294,211239,19169,22432,3810,1780405200,https://www.bilibili.com/video/BV18qVr6KEk8,http://i0.hdslb.com/bfs/archive/0c023b00bd1d3a694bdd40c9d19039f1436532b1.jpg
2026-06-06,2026-06-06 11:52:55,43,BV1jeEc6yE75,116691593992011,《你说谁错谁就错，因为你开迈巴赫》,嘞是唐孃孃,搞笑,娱乐,138,34,2542051,155,1854,195102,2395,12043,1050,1780572588,https://www.bilibili.com/video/BV1jeEc6yE75,http://i0.hdslb.com/bfs/archive/cc74080d84744d7622f9f9dd492a1583e00aaed7.jpg
2026-06-06,2026-06-06 11:52:55,44,BV1bwV161Er2,116684413209270,【aespa】LEMONNNN,aespa,音乐综合,音乐,130,11,5536311,9197,19209,104931,23574,11688,5741,1780475400,https://www.bilibili.com/video/BV1bwV161Er2,http://i1.hdslb.com/bfs/archive/1e63fbee388c793dc0403c872eefb52a8d7d8615.jpg
2026-06-06,2026-06-06 11:52:55,45,BV1yo7B68EHX,116695117207554,《鸣潮》×《赛博朋克：边缘行者》共鸣者战斗演示 | 露西,鸣潮,单机游戏,游戏,17,283,2137367,2135,8003,74401,22786,13065,13748,1780628400,https://www.bilibili.com/video/BV1yo7B68EHX,http://i2.hdslb.com/bfs/archive/61426f2876187b9326f1b732fdea7044e08d7ea3.jpg
2026-06-06,2026-06-06 11:52:55,46,BV1aFVm6REvY,116685537281059,蜘蛛糸モノポリー,苏酥鱼鱼喵,MMD·3D,动画,25,113,576360,162,1279,113117,4413,41759,3328,1780480166,https://www.bilibili.com/video/BV1aFVm6REvY,http://i0.hdslb.com/bfs/archive/43aeddbc4a47c5117090dc56e61b94bb7a858ec0.jpg
2026-06-06,2026-06-06 11:52:55,47,BV1jBVS6qEPK,116668508406277,竹丝镶嵌,归乡人山白,手工,生活,161,577,834159,2976,1452,123382,58156,12922,1995,1780410000,https://www.bilibili.com/video/BV1jBVS6qEPK,http://i2.hdslb.com/bfs/archive/1e293d2f3fac4fc22d32427cb5a045e65e22e361.jpg
2026-06-06,2026-06-06 11:52:55,48,BV1gsEw6zExs,116691040208641,你的高考/中考/期末考belike,哈基mer-猫meme,搞笑,娱乐,138,22,469960,19309,1353,174474,18078,36389,3140,1780564012,https://www.bilibili.com/video/BV1gsEw6zExs,http://i2.hdslb.com/bfs/archive/4f76f8d127f1c6d5a990c89a161f10356e783cd4.jpg
2026-06-06,2026-06-06 11:52:55,49,BV1LLVU6eE1t,116684782373820,你到底娶不娶我…,ENX叉叉酱,同人·手书,动画,47,77,816528,1077,6541,152090,8951,14970,4388,1780484400,https://www.bilibili.com/video/BV1LLVU6eE1t,http://i0.hdslb.com/bfs/archive/cffaf3db4947fd6d7956bd49b83dcea884c3307b.jpg
2026-06-06,2026-06-06 11:52:55,50,BV1r6V26BE9i,116685486949496,《上海奥特曼4：沪特曼集结！》,册那队长,小剧场,娱乐,85,53,2853547,947,5275,130613,9615,18447,29947,1780479544,https://www.bilibili.com/video/BV1r6V26BE9i,http://i0.hdslb.com/bfs/archive/a062cb9d7991230d0d7287d7d8fd5bead9ec6788.jpg
2026-06-06,2026-06-06 11:52:55,51,BV1df7r6REpB,116695469463690,如何在家制造浓汤宝,嘤武罗,日常,生活,21,501,1346235,2119,1935,78772,23985,18156,1151,1780650000,https://www.bilibili.com/video/BV1df7r6REpB,http://i2.hdslb.com/bfs/archive/94c85d2ebad9002fcbad0c7ef2f3c8a3f1ec6768.jpg
2026-06-06,2026-06-06 11:52:55,52,BV1WgVC6YERr,116681410283485,理财PK两个月，6位UP主已经彻底疯狂...【理财王5月战绩汇报】,-LKs-,财经商业,知识,207,779,1738470,4261,4883,62530,12963,12082,8200,1780459200,https://www.bilibili.com/video/BV1WgVC6YERr,http://i0.hdslb.com/bfs/archive/64ee687bda302bd6feee386ca990737e67920669.jpg
2026-06-06,2026-06-06 11:52:55,53,BV1jLVU6eEXE,116684782377667,可不可以买三十块烧腊？,食深烧腊,美食测评,美食,213,99,994537,715,2084,114576,67161,5064,550,1780468779,https://www.bilibili.com/video/BV1jLVU6eEXE,http://i1.hdslb.com/bfs/archive/62b6a42513640bcbd689b2a89fb9b999a1205332.jpg
2026-06-06,2026-06-06 11:52:55,54,BV1f3VU6KEqy,116684832644044,"从""健身芭比""到""女企业家""，帕梅拉有多会""赚""？",小Lin说,财经商业,知识,207,1745,1901389,1682,1423,52713,9663,17243,3182,1780479000,https://www.bilibili.com/video/BV1f3VU6KEqy,http://i0.hdslb.com/bfs/archive/ad9df863f29ccc8f07472fc5234c04740f6ee4b3.jpg
2026-06-06,2026-06-06 11:52:55,55,BV1LCV66VE45,116680873346829,剥蒜的情谊147.0,NinthA-,网络游戏,游戏,65,147,1546669,715,778,115435,1467,18562,1513,1780455600,https://www.bilibili.com/video/BV1LCV66VE45,http://i1.hdslb.com/bfs/archive/21d74a2ecc26d0c95ecd1e1af6e84bf567bf37c9.jpg
2026-06-06,2026-06-06 11:52:55,56,BV1797X6ZEvW,116686158038804,真跳60分钟，天台暴晒也算时间哦,矮乐多Aliga,日常,生活,21,3639,983545,992,1500,54520,10962,19229,2134,1780490050,https://www.bilibili.com/video/BV1797X6ZEvW,http://i0.hdslb.com/bfs/archive/51a11a46ff9c8a78cf19a5444bd1f18bb0099c9d.jpg
2026-06-06,2026-06-06 11:52:55,57,BV1L7Ew65ETv,116691124098703,我养护的石拱桥，已经被国家收录为不可移动文物！,抓紧长长长呀,三农,生活,251,604,1210486,927,1780,93445,5467,6100,374,1780565746,https://www.bilibili.com/video/BV1L7Ew65ETv,http://i1.hdslb.com/bfs/archive/56f52737bc566db19c5316ccdcc3b87cc81709e0.jpg
2026-06-06,2026-06-06 11:52:55,58,BV1ps796qErr,116685822560107,谁在等谁的出现,为了我活下去,综合,综合,27,36,527167,271,1493,159151,8076,25231,1918,1780484521,https://www.bilibili.com/video/BV1ps796qErr,http://i1.hdslb.com/bfs/archive/49a476c711b1d61ec7ffa37684a398ddb857435a.jpg
2026-06-06,2026-06-06 11:52:55,59,BV1uE7d6JEAp,116688674624635,啥龙：医生说我只剩几天了……,小陈的脚凑凑的,日常,生活,21,181,930022,1044,1499,65957,5567,15792,3297,1780528049,https://www.bilibili.com/video/BV1uE7d6JEAp,http://i1.hdslb.com/bfs/archive/e92886e4f49270b6f1a24481e0b0851d64e70fc4.jpg
2026-06-06,2026-06-06 11:52:55,60,BV1BqVS6MEL8,116668592363308,欢迎来到304班娃娃店,蟹上皇呀,日常,生活,21,114,2403059,1273,4317,257471,14314,104020,16069,1780221495,https://www.bilibili.com/video/BV1BqVS6MEL8,http://i1.hdslb.com/bfs/archive/9efeef607e818a1f01d4a5f1009a80d45ffcb333.jpg
2026-06-06,2026-06-06 11:52:55,61,BV1JKEw6QEw9,116691509970719,我读了你们的评论 把阎王召唤出来了T_T,汤木檀泽,日常,生活,21,959,1395709,1300,1482,91273,5339,12247,446,1780571268,https://www.bilibili.com/video/BV1JKEw6QEw9,http://i1.hdslb.com/bfs/archive/0b6c7ccb214b6211a4cf9a8741eb473536e42587.jpg
2026-06-06,2026-06-06 11:52:55,62,BV1B75w6zEG1,116676158823299,二次元老资历童年都在听什么？！老番串烧34首大连唱！,鹿火CAVY,仿妆cos,时尚,252,462,1701891,3259,3826,116790,47939,41654,8287,1780337109,https://www.bilibili.com/video/BV1B75w6zEG1,http://i1.hdslb.com/bfs/archive/a1759f48c315c61aff7325cc0d6c931ad115a8d4.jpg
2026-06-06,2026-06-06 11:52:55,63,BV1G1VB6PEro,116680286144492,今天的员工够燥的~#异宠 #爬宠 #慢宠时钟 #萌宠,慢宠日记啊,日常,生活,21,79,3410113,622,3426,133838,1715,9635,6380,1780400126,https://www.bilibili.com/video/BV1G1VB6PEro,http://i0.hdslb.com/bfs/archive/816ee56ee784d2ccfe8c14d2289cfa7fa2839d73.jpg
2026-06-06,2026-06-06 11:52:55,64,BV1idV26bE2E,116685654921483,宗元舞2.0紧绷之人3,是柳宗元,电子竞技,游戏,171,51,1317928,378,942,144556,3062,18357,2873,1780481914,https://www.bilibili.com/video/BV1idV26bE2E,http://i2.hdslb.com/bfs/archive/395efa2aefe284345f5e64ce17985d0467cd2247.jpg
2026-06-06,2026-06-06 11:52:55,65,BV1Nk7X6TEnq,116686023955827,半个小孩，全部的妈妈,超级猫猫兽,同人·手书,动画,47,483,1309106,1579,4627,110514,17451,47031,4140,1780487705,https://www.bilibili.com/video/BV1Nk7X6TEnq,http://i0.hdslb.com/bfs/archive/25cb3d6f6dd951590c71a8ea993463455554b0c6.jpg
2026-06-06,2026-06-06 11:52:55,66,BV1rg7C6TEUm,116696912369911,一句“一氧化二氢”能钓出多少“读稿机”？,中国食品报融媒体,科学科普,知识,201,291,1790905,3047,9674,83458,5707,9362,6176,1780653928,https://www.bilibili.com/video/BV1rg7C6TEUm,http://i1.hdslb.com/bfs/archive/1081ed32a36e81bee443915a997ed5f2bd56badd.jpg
2026-06-06,2026-06-06 11:52:55,67,BV1R7Ew65ERR,116691124229360,当爸爸找亲戚买手机,刘鸿哥哥,小剧场,娱乐,85,119,1709349,713,2055,118939,907,6139,1211,1780565630,https://www.bilibili.com/video/BV1R7Ew65ERR,http://i0.hdslb.com/bfs/archive/5e4feb10a7cf9e178bf7e9a619d62843bc5ae8b2.jpg
2026-06-06,2026-06-06 11:52:55,68,BV1YcVf69ECW,116674011403376,此树扎根之时 便是沧海化桑田之始,芳斯塔芙,科学科普,知识,201,895,2848748,4500,1770,54221,13985,11306,1977,1780452000,https://www.bilibili.com/video/BV1YcVf69ECW,http://i0.hdslb.com/bfs/archive/ed8be5ac08d0dc86021a749410e52d4f9079b7c9.jpg
2026-06-06,2026-06-06 11:52:55,69,BV1NoVm62EFd,116684715197497,金库测金，海峡测雷，万税爷进军测评赛道？,麻薯波比呀,社科·法律·心理,知识,124,1010,1208957,2361,2538,71645,7825,7323,809,1780479745,https://www.bilibili.com/video/BV1NoVm62EFd,http://i2.hdslb.com/bfs/archive/d200d3f215d8a9d6eb13923af38007a3d0ff34b4.jpg
2026-06-06,2026-06-06 11:52:55,70,BV1cu7r6FEPd,116696023045705,英国，沦为印度殖民地,平原公子,日常,生活,21,463,1205585,5298,4043,77608,2863,7513,6083,1780640137,https://www.bilibili.com/video/BV1cu7r6FEPd,http://i1.hdslb.com/bfs/archive/95ba7fb80bc2a46fc2c8f7ff69a08c57c40ef914.jpg
2026-06-06,2026-06-06 11:52:55,71,BV1vEEP6HEFw,116692281789801,2025年出货量370万台！激光雷达真成“安全气囊”了？,保镖的车库,新能源车,新能源车,247,606,1064444,377,459,77644,2511,6739,325,1780653900,https://www.bilibili.com/video/BV1vEEP6HEFw,http://i1.hdslb.com/bfs/archive/76872e6b743f73527ee70c89a75c39214a868540.jpg
2026-06-06,2026-06-06 11:52:55,72,BV1ypV66dEru,116681359754958,G胖为上架R18游戏硬刚V社法务 玩家至上 不做干预,Will游戏堂,数码,科技,95,51,1213071,694,3384,141337,2478,19121,10280,1780444800,https://www.bilibili.com/video/BV1ypV66dEru,http://i1.hdslb.com/bfs/archive/e3e911d6f451bd85e0fb10b15ba13e2f9b6b96cc.jpg
2026-06-06,2026-06-06 11:52:55,73,BV1edV26tEsB,116685654722666,复仇整蛊！蛋黄派伪装摄影师突袭周深，几秒就被识破？,记录生活的蛋黄派,美食测评,美食,213,556,2144298,6893,2702,85448,27735,35343,3649,1780565400,https://www.bilibili.com/video/BV1edV26tEsB,http://i2.hdslb.com/bfs/archive/a16b60bc03719059e3218dee538877f554f3f9b4.jpg
2026-06-06,2026-06-06 11:52:55,74,BV1jqVS6MECE,116668592292557,【野餐】你醒啦 现在是2012年的5月份呀,野餐slu2pcekry,宅舞,舞蹈,20,182,1438765,2168,8308,279777,19332,59151,5281,1780221916,https://www.bilibili.com/video/BV1jqVS6MECE,http://i2.hdslb.com/bfs/archive/e9673e0b6ccc8de75e114c6f2ea5484907789e23.jpg
2026-06-06,2026-06-06 11:52:55,75,BV1TL796CE52,116685721830606,歌剧老师锐评韩娱BLACKPINK  JYP & MAMAOO Red Velvet TWICE,铁豆钢蛋,乐评盘点,音乐,243,3086,898244,21724,11112,44396,19264,7755,2578,1780483444,https://www.bilibili.com/video/BV1TL796CE52,http://i1.hdslb.com/bfs/archive/ab6356296c8f9523a858fc15dd4a808fbc51b773.jpg
2026-06-06,2026-06-06 11:52:55,76,BV1nWVm6uEqb,116685285624503,我吃牛瘪火锅 结果买错牛胃了,张离谱Dreams,搞笑,娱乐,138,97,1421744,764,2000,87576,1383,24890,6914,1780476405,https://www.bilibili.com/video/BV1nWVm6uEqb,http://i0.hdslb.com/bfs/archive/6f4f02f224993a1933f3e515e84d84edb5ca3808.jpg
2026-06-06,2026-06-06 11:52:55,77,BV1LVVv6tEPa,116677970756336,【鹿野/小动画】wonderland [儿童节24h产物],民用核武器,同人·手书,动画,47,37,504514,94,610,164365,14775,28037,2200,1780395093,https://www.bilibili.com/video/BV1LVVv6tEPa,http://i1.hdslb.com/bfs/archive/2ef288272c38b705f82c7e23150d7ae538b17ce8.jpg
2026-06-06,2026-06-06 11:52:55,78,BV1izVB6TE7i,116680084691098,小时候以为的事情,西维西师傅,搞笑,娱乐,138,38,4305084,299,2748,245546,2440,17504,2135,1780397022,https://www.bilibili.com/video/BV1izVB6TE7i,http://i0.hdslb.com/bfs/archive/4790a1728175bce1a38157464666e2fac5ef28c8.jpg
2026-06-06,2026-06-06 11:52:55,79,BV17pVC6WECy,116681544304592,带良子和花胖在华哥训练营偷吃，闷子、板面、大肠都安排上,俞涛不光会做九转大肠,美食记录,美食,215,247,1684793,952,2512,78853,2163,5032,2856,1780455600,https://www.bilibili.com/video/BV17pVC6WECy,http://i1.hdslb.com/bfs/archive/ecf1293c7f3c2f89f52a51e5ad0ce5201f1be340.jpg
2026-06-06,2026-06-06 11:52:55,80,BV1y8Vk6fEwn,116682047625847,【速凌宇宙】第十九集：哈基蜂化身哈夫克安保队长？？准备摇人？,高司令-速凌电竞,单机游戏,游戏,17,582,2327871,5230,1376,110175,15013,91481,994,1780459200,https://www.bilibili.com/video/BV1y8Vk6fEwn,http://i0.hdslb.com/bfs/archive/2e5bf49a8947806e05fb8970a421bd94a8a6e7b6.jpg
2026-06-06,2026-06-06 11:52:55,81,BV1uXEA6gEMu,116692567070822,“别着急，我来给你补充「偶！像！能！量！」”,小耗owo,手机游戏,游戏,172,80,540423,335,1078,120057,6245,25616,4885,1780624800,https://www.bilibili.com/video/BV1uXEA6gEMu,http://i1.hdslb.com/bfs/archive/64822f49e99e9fb8b41ba5e0f9e06f48d4b76446.jpg
2026-06-06,2026-06-06 11:52:55,82,BV1WT7C6uEj8,116696878749194,猫 咪 的 花 语 是 老 吴🎵,幾加乘,同人·手书,动画,47,259,745895,969,1644,67457,9643,11622,5185,1780653131,https://www.bilibili.com/video/BV1WT7C6uEj8,http://i0.hdslb.com/bfs/archive/ad354ddb8c2e2bf697327dc182835b3d6014f4b1.jpg
2026-06-06,2026-06-06 11:52:55,83,BV11DVo6rEo7,116674850196476,🐱穷鬼气球,竹内有虫,综合,综合,27,40,1163951,583,4166,145607,9075,43419,23730,1780317192,https://www.bilibili.com/video/BV11DVo6rEo7,http://i0.hdslb.com/bfs/archive/c914f8432580c402c9749aca8e6fa9efa26eedbb.jpg
2026-06-06,2026-06-06 11:52:55,84,BV1iQV26cEfX,116685436618474,东北下岗三十年后，我看见了普通人的生活,十七岁歌手想打中单,出行,生活,250,3132,958112,2909,4301,37431,10620,14197,3602,1780479467,https://www.bilibili.com/video/BV1iQV26cEfX,http://i2.hdslb.com/bfs/archive/336087b59dbbf943701843cf5d3dfee77ef315e9.jpg
2026-06-06,2026-06-06 11:52:55,85,BV1DB7f6AEBK,116690989942959,最 不 物 质 之 人,张八筒筒,日常,生活,21,127,1324991,652,681,101642,1022,3988,528,1780563943,https://www.bilibili.com/video/BV1DB7f6AEBK,http://i1.hdslb.com/bfs/archive/612e05a8e02454bd4e3723991d4808f061b1c188.jpg
2026-06-06,2026-06-06 11:52:55,86,BV1rMVz67EMs,116679967312875,开关灯木头人挑战！,酱油白米饭原创,小剧场,娱乐,85,99,2795459,420,669,107389,2248,27571,3120,1780395433,https://www.bilibili.com/video/BV1rMVz67EMs,http://i0.hdslb.com/bfs/archive/b909eaaf95648e5156635c9c1afd57ac6da69f64.jpg
2026-06-06,2026-06-06 11:52:55,87,BV1uAVo6yE5n,116673222806359,阳寿伏妖  青州篇【一口气看完八小时合集】,七夜不起夜z,综合,综合,27,31228,1086161,12141,1630,60821,35921,70196,3402,1780292399,https://www.bilibili.com/video/BV1uAVo6yE5n,http://i2.hdslb.com/bfs/archive/1d5f24afd7637434849f1321276448ab358b1094.jpg
2026-06-06,2026-06-06 11:52:55,88,BV1bV7k6LExn,116697264560365,再见！一系列！高考必胜！,一数,校园学习,知识,208,193,418251,16424,9166,49269,20991,10210,3602,1780659292,https://www.bilibili.com/video/BV1bV7k6LExn,http://i2.hdslb.com/bfs/archive/5df66240b2b71ca2bc6ce697e929657b1b1df5a4.jpg
2026-06-06,2026-06-06 11:52:55,89,BV1XS796JETP,116687701545253,"""见过花开就好 何必在意花为谁开""19.0",我爱吃派大星,音乐综合,音乐,130,163,1162259,553,1054,65386,757,7498,312,1780532400,https://www.bilibili.com/video/BV1XS796JETP,http://i1.hdslb.com/bfs/archive/29288eae5b7e0f9e2243fa9682885eab8981887d.jpg
2026-06-06,2026-06-06 11:52:55,90,BV1DyVm6REs8,116685117982770,Oi，今天跟老舅争锋相对！！,花小龙oy,健身,运动,164,218,999148,674,1433,72786,3287,2855,1345,1780473800,https://www.bilibili.com/video/BV1DyVm6REs8,http://i0.hdslb.com/bfs/archive/56fe0a9ea6c893cba847452a26b23804912df627.jpg
2026-06-06,2026-06-06 11:52:55,91,BV1dFV66rEwZ,116679463929983,"""这一刻，他简直正的发邪""",wrizedm,影视剪辑,影视,183,115,1478529,291,676,109240,5329,21145,1686,1780387590,https://www.bilibili.com/video/BV1dFV66rEwZ,http://i1.hdslb.com/bfs/archive/0d76efe5941248b388135046493c78dbb702e210.jpg
2026-06-06,2026-06-06 11:52:55,92,BV1bL796CEpe,116685721899286,如果我来挑战拍华语地区的经典MV风格？这一期是粉丝投稿哦！,李如儒也是李蠕蠕,小剧场,娱乐,85,159,1069172,1138,822,72441,6985,4031,843,1780483280,https://www.bilibili.com/video/BV1bL796CEpe,http://i2.hdslb.com/bfs/archive/6305a2e9ddc370f1b9e15ba5265e209ff8ea0438.jpg
2026-06-06,2026-06-06 11:52:55,93,BV12QEc6wETE,116691744917719,“我想我再也不会谈恋爱了”,柯洁,影视剪辑,影视,183,34,1209858,747,4167,127812,5130,6021,5580,1780574976,https://www.bilibili.com/video/BV12QEc6wETE,http://i0.hdslb.com/bfs/archive/47071584488230edc82fe88b8fe9b87eb57cd115.jpg
2026-06-06,2026-06-06 11:52:55,94,BV1dCV66GEgM,116680873280095,《明日方舟：终末地》干员叙事 [弭弗：煞星],明日方舟终末地,手机游戏,游戏,172,637,1048775,3851,8210,43645,10596,6482,5033,1780457400,https://www.bilibili.com/video/BV1dCV66GEgM,http://i1.hdslb.com/bfs/archive/033ff148a9ed8d3736243342bbb59dbe14cbc0ee.jpg
2026-06-06,2026-06-06 11:52:55,95,BV1CYVy6vETT,116682852929454,【IGN】《战神：劳菲（God of War Laufey）》深度玩法演示 |  State of Play,IGN中国,单机游戏,游戏,17,1425,1718596,13293,15546,36936,11545,11019,43866,1780440137,https://www.bilibili.com/video/BV1CYVy6vETT,http://i1.hdslb.com/bfs/archive/a78c73d63af672d1dcaa84b7a8dabdb7c59cd0ab.jpg
2026-06-06,2026-06-06 11:52:55,96,BV1uTEc6AEzV,116691963025070,以为这次断更，会是永别,ONLee_Studio,日常,生活,21,211,820369,1511,2276,54291,18792,3727,781,1780578368,https://www.bilibili.com/video/BV1uTEc6AEzV,http://i0.hdslb.com/bfs/archive/65223f1fb3bbe6f7b6e2b1e84b56584802350ec6.jpg
2026-06-06,2026-06-06 11:52:55,97,BV1usEw6zEiy,116691040210390,【餐馆TV】UP今天发烧了……作品会不会受影响啊,大乾乾是顾乾宇,小剧场,娱乐,85,141,669484,1112,2174,78014,2385,9277,5590,1780564633,https://www.bilibili.com/video/BV1usEw6zEiy,http://i1.hdslb.com/bfs/archive/6d69be5e1f22dec4058e90f795df2ff7c21e4a91.jpg
2026-06-06,2026-06-06 11:52:55,98,BV1iuVd6DE1W,116673742902632,【完结自制短片】工人嫌魏海每天抽50太黑心，转头跟不抽成老板干活，女儿进ICU才知道那50是救命钱,唒唒漫画咯,综合,综合,27,3268,1052014,70,110,79046,5162,16512,1640,1780302000,https://www.bilibili.com/video/BV1iuVd6DE1W,http://i2.hdslb.com/bfs/archive/df703cb90d025def034d506f038aa3d4374fa19d.jpg
2026-06-06,2026-06-06 11:52:55,99,BV1Qb7R6XECX,116687064072844,⚡冷 笑 话 大 全 6.0⚡,污污云,鬼畜调教,鬼畜,22,66,942541,121,737,68264,1172,27551,3370,1780545600,https://www.bilibili.com/video/BV1Qb7R6XECX,http://i2.hdslb.com/bfs/archive/edf5ec9306bef71931b52d5b0a961e13f1ecc966.jpg
2026-06-06,2026-06-06 11:52:55,100,BV1ZUEF65EzU,116690016801808,论画手的高三生活有多燃！,圆脸面包人,绘画,绘画,162,141,638432,263,548,74829,2651,10797,1509,1780548385,https://www.bilibili.com/video/BV1ZUEF65EzU,http://i2.hdslb.com/bfs/archive/d2c74006b8fe69158c1e24fb31690a791ce674d0.jpg
2026-06-06,2026-06-06 12:52:55,1,BV15wVB6YECT,116678608359768,一顿饭只要三块钱，客人吃着吃着，人就“没了”,瞎通不设计了,美食侦探,美食,212,187,2068372,2317,6011,261321,152830,23430,3913,1780390800,https://www.bilibili.com/video/BV15wVB6YECT,http://i1.hdslb.com/bfs/archive/fd898a754bc3cf4317349a2b3c4394e104417434.jpg
2026-06-06,2026-06-06 12:52:55,2,BV1Qi7f6eE59,116690805395451,致敬每一个心中有花，努力奔跑的人,爱画画的子衿,亲子,生活,254,313,1441660,2911,3025,196817,96750,12383,2943,1780561800,https://www.bilibili.com/video/BV1Qi7f6eE59,http://i1.hdslb.com/bfs/archive/2c9cc3dd70d264a8473e46b8bebaad7db4d6ef2c.jpg
2026-06-06,2026-06-06 12:52:55,3,BV15iEc6VEfH,116691577216788,路边一块，也能变废为宝，雕刻出大家想要的题材我不知道什么时候天才会亮，但我知道，跑着跑着，天就亮了。,小梨家的和田玉,手工,生活,161,220,4653525,2663,8549,172880,5070,15897,2691,1780572193,https://www.bilibili.com/video/BV15iEc6VEfH,http://i2.hdslb.com/bfs/archive/c1597efe82d66a7f728f8bdd84505eff4b7f5ac9.jpg
2026-06-06,2026-06-06 12:52:55,4,BV16BVy6wEfx,116682534162276,《你来真的啊》,伤心欲茄222,搞笑,娱乐,138,116,2917610,1180,4934,291940,5733,18746,3465,1780459200,https://www.bilibili.com/video/BV16BVy6wEfx,http://i1.hdslb.com/bfs/archive/f16abe0150882e397bf053e6d7a1e4dced090de1.jpg
2026-06-06,2026-06-06 12:52:55,5,BV1vkVB6NEuR,116680252462308,“超微距”下的瑞士长什么样？,影视飓风,娱乐粉丝创作,娱乐,242,1369,3358716,7685,2949,147535,46480,26349,5631,1780477200,https://www.bilibili.com/video/BV1vkVB6NEuR,http://i1.hdslb.com/bfs/archive/5b0c10c80ad8bf4789b41860cadc70e8c144245b.jpg
2026-06-06,2026-06-06 12:52:55,6,BV17GEP6xEDW,116692348832614,新三国up锐评楚汉传奇01：是不是我打开的方式不太对？,吃蛋挞的折棒,影视杂谈,影视,182,1348,1090835,16642,9592,108608,107899,22738,8657,1780624800,https://www.bilibili.com/video/BV17GEP6xEDW,http://i2.hdslb.com/bfs/archive/4e5cd47c8551d2b66643e2800041b7ec2d3bf729.jpg
2026-06-06,2026-06-06 12:52:55,7,BV13s7z63EjV,116695016477738,《绝区零》3.0新地块实机演示,绝区零,手机游戏,游戏,172,599,1267127,8633,12778,114793,54756,20748,23251,1780624803,https://www.bilibili.com/video/BV13s7z63EjV,http://i0.hdslb.com/bfs/archive/ac132a13aed30f0b83ff50dfb56d83e2e518206a.jpg
2026-06-06,2026-06-06 12:52:55,8,BV16kV26TES7,116685470175022,当父母说出了正确答案：,进击的金厂长,搞笑,娱乐,138,129,4154190,1909,2028,307510,116956,137445,2421,1780479155,https://www.bilibili.com/video/BV16kV26TES7,http://i0.hdslb.com/bfs/archive/982b25c4ef21fb08f77ae933c89f4b99d5b0c86a.jpg
2026-06-06,2026-06-06 12:52:55,9,BV1XQ7Z6eEki,116689412819066,特朗普的愤怒,燕三嘤嘤嘤,人文历史,知识,228,1133,2614103,10212,4569,132323,31551,19648,2498,1780545020,https://www.bilibili.com/video/BV1XQ7Z6eEki,http://i0.hdslb.com/bfs/archive/d106118a7a33e310838a2e387ce511583c5a7a62.jpg
2026-06-06,2026-06-06 12:52:55,10,BV1jwV663EjR,116679380112598,我的世界杯主题曲！IShowSpeed - World Cup (Champions),ishowspeedsui,竞技体育,运动,236,299,4186042,2278,9451,230900,41481,40007,13802,1780386563,https://www.bilibili.com/video/BV1jwV663EjR,http://i2.hdslb.com/bfs/archive/2807f6a9b9342740dfa8764e7bcc6e231196c94f.jpg
2026-06-06,2026-06-06 12:52:55,11,BV16DVz6UE77,116679229180052,如何拍出电影感大片,喜欢拍照的皮皮,日常,生活,21,60,3244602,295,1893,292439,9396,86715,7108,1780384052,https://www.bilibili.com/video/BV16DVz6UE77,http://i1.hdslb.com/bfs/archive/82ba23d6fb45244f769f8f127cfbe2f51afe67c8.jpg
2026-06-06,2026-06-06 12:52:55,12,BV19ZEF6MEBV,116690117464228,人在干坏事的时候是不怕苦不怕累的,我是易拉爆,日常,生活,21,309,1781168,996,2899,160732,10524,22253,11259,1780550100,https://www.bilibili.com/video/BV19ZEF6MEBV,http://i2.hdslb.com/bfs/archive/5a3e59dd5183e87d69b1ad3224466b821bf05e23.jpg
2026-06-06,2026-06-06 12:52:55,13,BV1wEEc6REms,116692097238799,城市大富翁（5）,雨哥到处跑,日常,生活,21,3846,1099344,28757,4762,106925,87884,30032,4078,1780628700,https://www.bilibili.com/video/BV1wEEc6REms,http://i1.hdslb.com/bfs/archive/8628e50dc2e56aec5815c8e3f665d304cfe23d80.jpg
2026-06-06,2026-06-06 12:52:55,14,BV1oqVB6BECd,116680034425733,《原神》洛恩角色PV——「标准化考核」,原神,手机游戏,游戏,172,702,1731658,7810,5921,143948,36291,30174,11393,1780459200,https://www.bilibili.com/video/BV1oqVB6BECd,http://i2.hdslb.com/bfs/archive/f040c8f664a034a919aee60209ef17c155dbe2df.jpg
2026-06-06,2026-06-06 12:52:55,15,BV1w6EF6QEjZ,116690033778619,不看后悔！史上最神人店家！,转生成为毛毛,美食侦探,美食,212,186,2599077,3334,7478,135207,3514,22224,11185,1780563600,https://www.bilibili.com/video/BV1w6EF6QEjZ,http://i1.hdslb.com/bfs/archive/07cb98d8f59285212c90c7646739a87803bf06c0.jpg
2026-06-06,2026-06-06 12:52:55,16,BV1kCVU65ERM,116669112386149,初中生斗胆跳一段jam,特崮斯,篮球,运动,235,45,5814494,5555,17454,1126571,182886,117924,17425,1780229707,https://www.bilibili.com/video/BV1kCVU65ERM,http://i1.hdslb.com/bfs/archive/5871a66dc8e356ff71da4a6d99d5922b4a6a3fce.jpg
2026-06-06,2026-06-06 12:52:55,17,BV1XEV26XEsz,116683641455201,冠以破碎之名：第一集 冰潮寒雨之夏,Xavier_白昼,综合,综合,27,1106,1285069,1695,2276,96027,20142,58994,3218,1780451269,https://www.bilibili.com/video/BV1XEV26XEsz,http://i0.hdslb.com/bfs/archive/edb3c2a03146bbc3390581aa30c41b8e3c3ab846.jpg
2026-06-06,2026-06-06 12:52:55,18,BV1QzVR63E3L,116671930963542,回忆永远都是加分项,央视新闻,日常,生活,21,184,3469579,27232,23353,607101,237385,183259,58388,1780286400,https://www.bilibili.com/video/BV1QzVR63E3L,http://i2.hdslb.com/bfs/archive/f4dc3fe8ea88a450877315e867b4995121d5dbf6.jpg
2026-06-06,2026-06-06 12:52:55,19,BV1RvVo6QEqo,116674682426936,不儿，你俩来真的啊？！,主持人yoyo酱,搞笑,娱乐,138,265,5298727,14784,11892,634374,487134,113105,13628,1780314627,https://www.bilibili.com/video/BV1RvVo6QEqo,http://i1.hdslb.com/bfs/archive/e8bde3297455f3796e516de2362d5eb1085d9abf.jpg
2026-06-06,2026-06-06 12:52:55,20,BV1MG7961Efg,116685688276783,下 一 个 抓 谁 ！！！,啊吗粽,搞笑,娱乐,138,586,1283960,4203,2198,116303,56588,21487,2865,1780482465,https://www.bilibili.com/video/BV1MG7961Efg,http://i2.hdslb.com/bfs/archive/55e9b58ea3d6a84a655b0d2607bb6ff7e31c6d34.jpg
2026-06-06,2026-06-06 12:52:55,21,BV168796PEv1,116685839403735,如此仙音唯有挠臭,lulu和露爸,喵星人,喵星人,218,26,3289905,9000,3779,420099,9197,80947,16786,1780484850,https://www.bilibili.com/video/BV168796PEv1,http://i1.hdslb.com/bfs/archive/87f3ce4876a2e50e34a2c1b24dfe10ae34700a55.jpg
2026-06-06,2026-06-06 12:52:55,22,BV1mhV26yETL,116683775678542,科比的哲学启示录第十四期,蟹不肉丨,影视剪辑,影视,183,74,4774069,1128,6532,293665,13888,74843,14036,1780453236,https://www.bilibili.com/video/BV1mhV26yETL,http://i0.hdslb.com/bfs/archive/738134aa027bf05aa3f3843c528db81f3d78307d.jpg
2026-06-06,2026-06-06 12:52:55,23,BV1VWVz6TELx,116679598147712,星际穿越的我，试图提醒过去的自己....,考研英语大雁,校园学习,知识,208,33,2569173,605,2114,332152,7243,42171,6029,1780389685,https://www.bilibili.com/video/BV1VWVz6TELx,http://i0.hdslb.com/bfs/archive/5822709cbd5c2a8a09fabc50bcfdcfc29859f9a1.jpg
2026-06-06,2026-06-06 12:52:55,24,BV1GHEw6rEo4,116691140875979,无能的杰哥,神威-狗剩,影视剪辑,影视,183,154,2621411,1623,3156,124284,6581,21914,23946,1780565876,https://www.bilibili.com/video/BV1GHEw6rEo4,http://i2.hdslb.com/bfs/archive/0814d03bdf68a6a83cba4b8ba18fa6d58d6de912.jpg
2026-06-06,2026-06-06 12:52:55,25,BV1W6VZ6MEbd,116674313328609,🍄欠揍气球🍄,纸片马力欧,日常,生活,21,40,3115136,1875,7905,384006,28002,188734,63597,1780309043,https://www.bilibili.com/video/BV1W6VZ6MEbd,http://i0.hdslb.com/bfs/archive/3d18bae01c4fc365d9e7e0ede5efb926e32115ad.jpg
2026-06-06,2026-06-06 12:52:55,26,BV1sC7R6VEF3,116687181451048,【侯绿萝】视频加载中，速速查收惊喜！,侯绿萝,小剧场,娱乐,85,233,1538588,1259,1262,147424,8585,11894,1542,1780538400,https://www.bilibili.com/video/BV1sC7R6VEF3,http://i0.hdslb.com/bfs/archive/e40df1469a3bc68659f30a77b0e0801ae88938bb.jpg
2026-06-06,2026-06-06 12:52:55,27,BV1ogV26FEhB,116683943643894,兄弟们！今天给良子做一个入营测试，这身体身体素质，跟我想的不太一样啊!,健身华哥,运动综合,运动,238,246,2553273,4702,56531,121588,3539,7005,13988,1780455998,https://www.bilibili.com/video/BV1ogV26FEhB,http://i1.hdslb.com/bfs/archive/0ef39901811fd5680c39a67445609ba38a9560c2.jpg
2026-06-06,2026-06-06 12:52:55,28,BV1xuVC6AEbg,116681426868021,今天把我关于《丧尸清道夫》的创作思路分享给大家，如果能帮到你，我会很开心。,Mx-Shell,影视剪辑,影视,183,2573,1111769,853,1869,67074,27539,69891,9661,1780452000,https://www.bilibili.com/video/BV1xuVC6AEbg,http://i0.hdslb.com/bfs/archive/4a766d587664347016b0288147deb324a2964232.jpg
2026-06-06,2026-06-06 12:52:55,29,BV1gWEw6gE4X,116691056987748,“这种没流量的画画最狠了”,像风如你o_O,日常,生活,21,25,1858889,508,2836,243231,6283,20089,901,1780564358,https://www.bilibili.com/video/BV1gWEw6gE4X,http://i0.hdslb.com/bfs/archive/96621cf035234fbf3c3d6f498d6f4d5eae388c12.jpg
2026-06-06,2026-06-06 12:52:55,30,BV1pnVm6GEQG,116685386483651,“当bro以为自己很有影响力时…”,林宇辉,社科·法律·心理,知识,124,16,809496,432,1866,233402,9159,29179,1135,1780478075,https://www.bilibili.com/video/BV1pnVm6GEQG,http://i1.hdslb.com/bfs/archive/02329b4beff89227f0f34b10ef7ca21a2b920c65.jpg
2026-06-06,2026-06-06 12:52:55,31,BV1Qt7X61Enn,116686241993999,百万英镑，但素质过低,青时晚,影视剪辑,影视,183,174,1676261,1511,1790,100689,7007,24422,9662,1780490956,https://www.bilibili.com/video/BV1Qt7X61Enn,http://i0.hdslb.com/bfs/archive/1573985b4950f4d1001b3a21a50adab722b0a0f1.jpg
2026-06-06,2026-06-06 12:52:55,32,BV1gzVC6kE1S,116683507243907,【低成本在家实现牛排自由‼️ 】,村驴,美食制作,美食,76,329,864897,545,2276,81650,8015,61675,8769,1780449310,https://www.bilibili.com/video/BV1gzVC6kE1S,http://i0.hdslb.com/bfs/archive/005d3e68934a884c17ab0f89f1daac2ae9982f39.jpg
2026-06-06,2026-06-06 12:52:55,33,BV1T2V161E6J,116684195106574,地牢酒馆-12集 《蜕皮的蜥蜴人与神奇薄荷》,粘土工厂,单机游戏,游戏,17,212,925499,1242,1919,133340,20201,16176,1803,1780459574,https://www.bilibili.com/video/BV1T2V161E6J,http://i0.hdslb.com/bfs/archive/f5c43e682c7ce44c1f2733c2cbb5889650fd5a05.jpg
2026-06-06,2026-06-06 12:52:55,34,BV1sKVr64EXg,116680621561843,演员魏宗万于6月1日去世，享年89岁,中国电影报道,预告·资讯,影视,184,26,1219201,19322,5874,307673,23090,14927,7577,1780406134,https://www.bilibili.com/video/BV1sKVr64EXg,http://i0.hdslb.com/bfs/archive/1148ab18f92299926855421cea80f91871e7f32a.jpg
2026-06-06,2026-06-06 12:52:55,35,BV1hAVm6XEE2,116685570836474,【传奇耐熬王】经典排骨💀60天仍然有5人存活💪到最后拼的就是谁身体好！🤦‍♂️,-超级小能猫-,搞笑,娱乐,138,2617,1926935,13094,2620,74813,16533,36050,3411,1780481719,https://www.bilibili.com/video/BV1hAVm6XEE2,http://i0.hdslb.com/bfs/archive/dc3782f8b522707e818c2537030e1b8893332367.jpg
2026-06-06,2026-06-06 12:52:55,36,BV1cmVz6DEmi,116679329712224,初代跑男团战力排行,东方日出哇,特摄,动画,86,600,2018947,4849,3400,162131,7376,20984,3938,1780385423,https://www.bilibili.com/video/BV1cmVz6DEmi,http://i0.hdslb.com/bfs/archive/ee051686685860fea8d8721ddf5c5d7f35a85e5f.jpg
2026-06-06,2026-06-06 12:52:55,37,BV1yiEF6WErx,116690419585062,奶香馒头,夏叔厨房,美食制作,美食,76,76,1421190,829,6511,187936,6239,15869,997,1780554601,https://www.bilibili.com/video/BV1yiEF6WErx,http://i1.hdslb.com/bfs/archive/82992eb9cddf1a5a5e5e77e481db8626c6005de9.jpg
2026-06-06,2026-06-06 12:52:55,38,BV1pDV86oE6S,116657217344637,热烈欢迎薛凯琪！工作之余，Fiona会带哪些让自己感到快乐的东西呢～（录完这期脑海里都是Fifi的笑声,papi酱,短片,动画,256,2017,864965,8701,3678,94327,37510,12220,5450,1780632000,https://www.bilibili.com/video/BV1pDV86oE6S,http://i2.hdslb.com/bfs/archive/032f4048d6f94c465fc10972289999cf79f2572f.jpg
2026-06-06,2026-06-06 12:52:55,39,BV12R7Q6MEJX,116686543914174,你说你有点难追～,未知艺术家_611,搞笑,娱乐,138,30,2115351,184,1751,201253,2232,19711,2984,1780495648,https://www.bilibili.com/video/BV12R7Q6MEJX,http://i2.hdslb.com/bfs/archive/aeaf33a25e079b26433a425ee56ac24f566861d7.jpg
2026-06-06,2026-06-06 12:52:55,40,BV1F9Vz62ExS,116679262606457,一辈子一定要体验一次的游戏，绝对不能被剧透的神作,易铭小疯子,网络游戏,游戏,65,537,1044190,5024,8299,59290,7665,64932,4022,1780403895,https://www.bilibili.com/video/BV1F9Vz62ExS,http://i2.hdslb.com/bfs/archive/d453d6bbde6ccd80f0fd714edde7b754c3e5255e.jpg
2026-06-06,2026-06-06 12:52:55,41,BV18qVr6KEk8,116680554519472,一个投了3万元必火的视频,奥利奥利奥是1,日常,生活,21,46,870294,1511,7324,213045,19390,22630,3822,1780405200,https://www.bilibili.com/video/BV18qVr6KEk8,http://i0.hdslb.com/bfs/archive/0c023b00bd1d3a694bdd40c9d19039f1436532b1.jpg
2026-06-06,2026-06-06 12:52:55,42,BV1jeEc6yE75,116691593992011,《你说谁错谁就错，因为你开迈巴赫》,嘞是唐孃孃,搞笑,娱乐,138,34,2579506,157,1873,198192,2428,12386,1064,1780572588,https://www.bilibili.com/video/BV1jeEc6yE75,http://i0.hdslb.com/bfs/archive/cc74080d84744d7622f9f9dd492a1583e00aaed7.jpg
2026-06-06,2026-06-06 12:52:55,43,BV1gsEw6zExs,116691040208641,你的高考/中考/期末考belike,哈基mer-猫meme,搞笑,娱乐,138,22,492859,20150,1425,182517,19122,37967,3291,1780564012,https://www.bilibili.com/video/BV1gsEw6zExs,http://i2.hdslb.com/bfs/archive/4f76f8d127f1c6d5a990c89a161f10356e783cd4.jpg
2026-06-06,2026-06-06 12:52:55,44,BV1bwV161Er2,116684413209270,【aespa】LEMONNNN,aespa,音乐综合,音乐,130,11,5621855,9678,19620,106673,24043,11936,5894,1780475400,https://www.bilibili.com/video/BV1bwV161Er2,http://i1.hdslb.com/bfs/archive/1e63fbee388c793dc0403c872eefb52a8d7d8615.jpg
2026-06-06,2026-06-06 12:52:55,45,BV1kzVy6hEGb,116682517385619,手绘2000多张沙画，历时3年制作,胡雪朗,绘画,绘画,162,54,778586,750,1428,176026,43461,24873,3707,1780457400,https://www.bilibili.com/video/BV1kzVy6hEGb,http://i0.hdslb.com/bfs/archive/959cf6a92144f70d7339865fe00cd198c4c8da9e.jpg
2026-06-06,2026-06-06 12:52:55,46,BV1yo7B68EHX,116695117207554,《鸣潮》×《赛博朋克：边缘行者》共鸣者战斗演示 | 露西,鸣潮,单机游戏,游戏,17,283,2144193,2151,8017,74684,22867,13116,13803,1780628400,https://www.bilibili.com/video/BV1yo7B68EHX,http://i2.hdslb.com/bfs/archive/61426f2876187b9326f1b732fdea7044e08d7ea3.jpg
2026-06-06,2026-06-06 12:52:55,47,BV1aFVm6REvY,116685537281059,蜘蛛糸モノポリー,苏酥鱼鱼喵,MMD·3D,动画,25,113,580278,162,1290,114080,4456,42153,3353,1780480166,https://www.bilibili.com/video/BV1aFVm6REvY,http://i0.hdslb.com/bfs/archive/43aeddbc4a47c5117090dc56e61b94bb7a858ec0.jpg
2026-06-06,2026-06-06 12:52:55,48,BV1LLVU6eE1t,116684782373820,你到底娶不娶我…,ENX叉叉酱,同人·手书,动画,47,77,822698,1084,6563,153428,9008,15136,4399,1780484400,https://www.bilibili.com/video/BV1LLVU6eE1t,http://i0.hdslb.com/bfs/archive/cffaf3db4947fd6d7956bd49b83dcea884c3307b.jpg
2026-06-06,2026-06-06 12:52:55,49,BV1df7r6REpB,116695469463690,如何在家制造浓汤宝,嘤武罗,日常,生活,21,501,1543234,2224,2014,85993,25560,19949,1238,1780650000,https://www.bilibili.com/video/BV1df7r6REpB,http://i2.hdslb.com/bfs/archive/94c85d2ebad9002fcbad0c7ef2f3c8a3f1ec6768.jpg
2026-06-06,2026-06-06 12:52:55,50,BV1jBVS6qEPK,116668508406277,竹丝镶嵌,归乡人山白,手工,生活,161,577,838752,2983,1460,124085,58488,13010,2004,1780410000,https://www.bilibili.com/video/BV1jBVS6qEPK,http://i2.hdslb.com/bfs/archive/1e293d2f3fac4fc22d32427cb5a045e65e22e361.jpg
2026-06-06,2026-06-06 12:52:55,51,BV1r6V26BE9i,116685486949496,《上海奥特曼4：沪特曼集结！》,册那队长,小剧场,娱乐,85,53,2875141,950,5298,131343,9646,18560,30088,1780479544,https://www.bilibili.com/video/BV1r6V26BE9i,http://i0.hdslb.com/bfs/archive/a062cb9d7991230d0d7287d7d8fd5bead9ec6788.jpg
2026-06-06,2026-06-06 12:52:55,52,BV1rg7C6TEUm,116696912369911,一句“一氧化二氢”能钓出多少“读稿机”？,中国食品报融媒体,科学科普,知识,201,291,2139964,3404,11304,97170,6690,11336,7443,1780653928,https://www.bilibili.com/video/BV1rg7C6TEUm,http://i1.hdslb.com/bfs/archive/1081ed32a36e81bee443915a997ed5f2bd56badd.jpg
2026-06-06,2026-06-06 12:52:55,53,BV1797X6ZEvW,116686158038804,真跳60分钟，天台暴晒也算时间哦,矮乐多Aliga,日常,生活,21,3639,1008542,1002,1527,55759,11170,19703,2188,1780490050,https://www.bilibili.com/video/BV1797X6ZEvW,http://i0.hdslb.com/bfs/archive/51a11a46ff9c8a78cf19a5444bd1f18bb0099c9d.jpg
2026-06-06,2026-06-06 12:52:55,54,BV1jLVU6eEXE,116684782377667,可不可以买三十块烧腊？,食深烧腊,美食测评,美食,213,99,998865,720,2091,115193,67519,5083,550,1780468779,https://www.bilibili.com/video/BV1jLVU6eEXE,http://i1.hdslb.com/bfs/archive/62b6a42513640bcbd689b2a89fb9b999a1205332.jpg
2026-06-06,2026-06-06 12:52:55,55,BV1f3VU6KEqy,116684832644044,"从""健身芭比""到""女企业家""，帕梅拉有多会""赚""？",小Lin说,财经商业,知识,207,1745,1916836,1689,1430,53075,9779,17407,3215,1780479000,https://www.bilibili.com/video/BV1f3VU6KEqy,http://i0.hdslb.com/bfs/archive/ad9df863f29ccc8f07472fc5234c04740f6ee4b3.jpg
2026-06-06,2026-06-06 12:52:55,56,BV1L7Ew65ETv,116691124098703,我养护的石拱桥，已经被国家收录为不可移动文物！,抓紧长长长呀,三农,生活,251,604,1241179,948,1810,95727,5599,6304,388,1780565746,https://www.bilibili.com/video/BV1L7Ew65ETv,http://i1.hdslb.com/bfs/archive/56f52737bc566db19c5316ccdcc3b87cc81709e0.jpg
2026-06-06,2026-06-06 12:52:55,57,BV1LCV66VE45,116680873346829,剥蒜的情谊147.0,NinthA-,网络游戏,游戏,65,147,1575614,721,781,117074,1489,18887,1530,1780455600,https://www.bilibili.com/video/BV1LCV66VE45,http://i1.hdslb.com/bfs/archive/21d74a2ecc26d0c95ecd1e1af6e84bf567bf37c9.jpg
2026-06-06,2026-06-06 12:52:55,58,BV1ps796qErr,116685822560107,谁在等谁的出现,为了我活下去,综合,综合,27,36,534992,273,1507,161717,8187,25726,1941,1780484521,https://www.bilibili.com/video/BV1ps796qErr,http://i1.hdslb.com/bfs/archive/49a476c711b1d61ec7ffa37684a398ddb857435a.jpg
2026-06-06,2026-06-06 12:52:55,59,BV1uE7d6JEAp,116688674624635,啥龙：医生说我只剩几天了……,小陈的脚凑凑的,日常,生活,21,181,936239,1057,1510,66471,5595,15906,3315,1780528049,https://www.bilibili.com/video/BV1uE7d6JEAp,http://i1.hdslb.com/bfs/archive/e92886e4f49270b6f1a24481e0b0851d64e70fc4.jpg
2026-06-06,2026-06-06 12:52:55,60,BV1cu7r6FEPd,116696023045705,英国，沦为印度殖民地,平原公子,日常,生活,21,463,1396915,5915,4456,90350,3343,8647,7518,1780640137,https://www.bilibili.com/video/BV1cu7r6FEPd,http://i1.hdslb.com/bfs/archive/95ba7fb80bc2a46fc2c8f7ff69a08c57c40ef914.jpg
2026-06-06,2026-06-06 12:52:55,61,BV1R7Ew65ERR,116691124229360,当爸爸找亲戚买手机,刘鸿哥哥,小剧场,娱乐,85,119,1809181,740,2141,124912,968,6484,1282,1780565630,https://www.bilibili.com/video/BV1R7Ew65ERR,http://i0.hdslb.com/bfs/archive/5e4feb10a7cf9e178bf7e9a619d62843bc5ae8b2.jpg
2026-06-06,2026-06-06 12:52:55,62,BV1JKEw6QEw9,116691509970719,我读了你们的评论 把阎王召唤出来了T_T,汤木檀泽,日常,生活,21,959,1424792,1310,1488,92482,5412,12626,450,1780571268,https://www.bilibili.com/video/BV1JKEw6QEw9,http://i1.hdslb.com/bfs/archive/0b6c7ccb214b6211a4cf9a8741eb473536e42587.jpg
2026-06-06,2026-06-06 12:52:55,63,BV1WgVC6YERr,116681410283485,理财PK两个月，6位UP主已经彻底疯狂...【理财王5月战绩汇报】,-LKs-,财经商业,知识,207,779,1750163,4272,4893,62795,13036,12145,8239,1780459200,https://www.bilibili.com/video/BV1WgVC6YERr,http://i0.hdslb.com/bfs/archive/64ee687bda302bd6feee386ca990737e67920669.jpg
2026-06-06,2026-06-06 12:52:55,64,BV1idV26bE2E,116685654921483,宗元舞2.0紧绷之人3,是柳宗元,电子竞技,游戏,171,51,1357779,387,959,148269,3126,18742,2940,1780481914,https://www.bilibili.com/video/BV1idV26bE2E,http://i2.hdslb.com/bfs/archive/395efa2aefe284345f5e64ce17985d0467cd2247.jpg
2026-06-06,2026-06-06 12:52:55,65,BV1G1VB6PEro,116680286144492,今天的员工够燥的~#异宠 #爬宠 #慢宠时钟 #萌宠,慢宠日记啊,日常,生活,21,79,3445061,628,3454,135432,1727,9769,6440,1780400126,https://www.bilibili.com/video/BV1G1VB6PEro,http://i0.hdslb.com/bfs/archive/816ee56ee784d2ccfe8c14d2289cfa7fa2839d73.jpg
2026-06-06,2026-06-06 12:52:55,66,BV1BqVS6MEL8,116668592363308,欢迎来到304班娃娃店,蟹上皇呀,日常,生活,21,114,2422731,1278,4342,259519,14466,105242,16215,1780221495,https://www.bilibili.com/video/BV1BqVS6MEL8,http://i1.hdslb.com/bfs/archive/9efeef607e818a1f01d4a5f1009a80d45ffcb333.jpg
2026-06-06,2026-06-06 12:52:55,67,BV1Nk7X6TEnq,116686023955827,半个小孩，全部的妈妈,超级猫猫兽,同人·手书,动画,47,483,1365223,1609,4618,113490,17906,48783,4201,1780487705,https://www.bilibili.com/video/BV1Nk7X6TEnq,http://i0.hdslb.com/bfs/archive/25cb3d6f6dd951590c71a8ea993463455554b0c6.jpg
2026-06-06,2026-06-06 12:52:55,68,BV1uXEA6gEMu,116692567070822,“别着急，我来给你补充「偶！像！能！量！」”,小耗owo,手机游戏,游戏,172,80,601859,386,1212,131250,6908,28018,5387,1780624800,https://www.bilibili.com/video/BV1uXEA6gEMu,http://i1.hdslb.com/bfs/archive/64822f49e99e9fb8b41ba5e0f9e06f48d4b76446.jpg
2026-06-06,2026-06-06 12:52:55,69,BV1NoVm62EFd,116684715197497,金库测金，海峡测雷，万税爷进军测评赛道？,麻薯波比呀,社科·法律·心理,知识,124,1010,1216905,2365,2543,72027,7871,7325,811,1780479745,https://www.bilibili.com/video/BV1NoVm62EFd,http://i2.hdslb.com/bfs/archive/d200d3f215d8a9d6eb13923af38007a3d0ff34b4.jpg
2026-06-06,2026-06-06 12:52:55,70,BV1B75w6zEG1,116676158823299,二次元老资历童年都在听什么？！老番串烧34首大连唱！,鹿火CAVY,仿妆cos,时尚,252,462,1710291,3274,3844,117415,48193,41921,8330,1780337109,https://www.bilibili.com/video/BV1B75w6zEG1,http://i1.hdslb.com/bfs/archive/a1759f48c315c61aff7325cc0d6c931ad115a8d4.jpg
2026-06-06,2026-06-06 12:52:55,71,BV1WT7C6uEj8,116696878749194,猫 咪 的 花 语 是 老 吴🎵,幾加乘,同人·手书,动画,47,259,844213,1104,1786,73440,10432,13099,5770,1780653131,https://www.bilibili.com/video/BV1WT7C6uEj8,http://i0.hdslb.com/bfs/archive/ad354ddb8c2e2bf697327dc182835b3d6014f4b1.jpg
2026-06-06,2026-06-06 12:52:55,72,BV1ypV66dEru,116681359754958,G胖为上架R18游戏硬刚V社法务 玩家至上 不做干预,Will游戏堂,数码,科技,95,51,1223382,699,3413,142494,2505,19294,10328,1780444800,https://www.bilibili.com/video/BV1ypV66dEru,http://i1.hdslb.com/bfs/archive/e3e911d6f451bd85e0fb10b15ba13e2f9b6b96cc.jpg
2026-06-06,2026-06-06 12:52:55,73,BV1edV26tEsB,116685654722666,复仇整蛊！蛋黄派伪装摄影师突袭周深，几秒就被识破？,记录生活的蛋黄派,美食测评,美食,213,556,2228321,6947,2716,87211,28010,36628,3679,1780565400,https://www.bilibili.com/video/BV1edV26tEsB,http://i2.hdslb.com/bfs/archive/a16b60bc03719059e3218dee538877f554f3f9b4.jpg
2026-06-06,2026-06-06 12:52:55,74,BV1vEEP6HEFw,116692281789801,2025年出货量370万台！激光雷达真成“安全气囊”了？,保镖的车库,新能源车,新能源车,247,606,1066442,383,467,77723,2520,6750,326,1780653900,https://www.bilibili.com/video/BV1vEEP6HEFw,http://i1.hdslb.com/bfs/archive/76872e6b743f73527ee70c89a75c39214a868540.jpg
2026-06-06,2026-06-06 12:52:55,75,BV1nWVm6uEqb,116685285624503,我吃牛瘪火锅 结果买错牛胃了,张离谱Dreams,搞笑,娱乐,138,97,1477012,781,2052,91547,1451,25909,7138,1780476405,https://www.bilibili.com/video/BV1nWVm6uEqb,http://i0.hdslb.com/bfs/archive/6f4f02f224993a1933f3e515e84d84edb5ca3808.jpg
2026-06-06,2026-06-06 12:52:55,76,BV1TL796CE52,116685721830606,歌剧老师锐评韩娱BLACKPINK  JYP & MAMAOO Red Velvet TWICE,铁豆钢蛋,乐评盘点,音乐,243,3086,906596,21786,11191,44584,19333,7800,2584,1780483444,https://www.bilibili.com/video/BV1TL796CE52,http://i1.hdslb.com/bfs/archive/ab6356296c8f9523a858fc15dd4a808fbc51b773.jpg
2026-06-06,2026-06-06 12:52:55,77,BV1YcVf69ECW,116674011403376,此树扎根之时 便是沧海化桑田之始,芳斯塔芙,科学科普,知识,201,895,2853449,4533,1778,54589,14081,11373,1988,1780452000,https://www.bilibili.com/video/BV1YcVf69ECW,http://i0.hdslb.com/bfs/archive/ed8be5ac08d0dc86021a749410e52d4f9079b7c9.jpg
2026-06-06,2026-06-06 12:52:55,78,BV17pVC6WECy,116681544304592,带良子和花胖在华哥训练营偷吃，闷子、板面、大肠都安排上,俞涛不光会做九转大肠,美食记录,美食,215,247,1701628,952,2521,79399,2180,5122,2867,1780455600,https://www.bilibili.com/video/BV17pVC6WECy,http://i1.hdslb.com/bfs/archive/ecf1293c7f3c2f89f52a51e5ad0ce5201f1be340.jpg
2026-06-06,2026-06-06 12:52:55,79,BV1bV7k6LExn,116697264560365,再见！一系列！高考必胜！,一数,校园学习,知识,208,193,446136,17458,9649,52429,22068,10859,3788,1780659292,https://www.bilibili.com/video/BV1bV7k6LExn,http://i2.hdslb.com/bfs/archive/5df66240b2b71ca2bc6ce697e929657b1b1df5a4.jpg
2026-06-06,2026-06-06 12:52:55,80,BV1LVVv6tEPa,116677970756336,【鹿野/小动画】wonderland [儿童节24h产物],民用核武器,同人·手书,动画,47,37,508177,94,615,165843,14959,28358,2228,1780395093,https://www.bilibili.com/video/BV1LVVv6tEPa,http://i1.hdslb.com/bfs/archive/2ef288272c38b705f82c7e23150d7ae538b17ce8.jpg
2026-06-06,2026-06-06 12:52:55,81,BV1jqVS6MECE,116668592292557,【野餐】你醒啦 现在是2012年的5月份呀,野餐slu2pcekry,宅舞,舞蹈,20,182,1452887,2228,8349,282439,19547,60023,5305,1780221916,https://www.bilibili.com/video/BV1jqVS6MECE,http://i2.hdslb.com/bfs/archive/e9673e0b6ccc8de75e114c6f2ea5484907789e23.jpg
2026-06-06,2026-06-06 12:52:55,82,BV1izVB6TE7i,116680084691098,小时候以为的事情,西维西师傅,搞笑,娱乐,138,38,4388467,370,2765,248720,2464,17799,2161,1780397022,https://www.bilibili.com/video/BV1izVB6TE7i,http://i0.hdslb.com/bfs/archive/4790a1728175bce1a38157464666e2fac5ef28c8.jpg
2026-06-06,2026-06-06 12:52:55,83,BV11DVo6rEo7,116674850196476,🐱穷鬼气球,竹内有虫,综合,综合,27,40,1170769,585,4181,146266,9134,43632,23822,1780317192,https://www.bilibili.com/video/BV11DVo6rEo7,http://i0.hdslb.com/bfs/archive/c914f8432580c402c9749aca8e6fa9efa26eedbb.jpg
2026-06-06,2026-06-06 12:52:55,84,BV1rMVz67EMs,116679967312875,开关灯木头人挑战！,酱油白米饭原创,小剧场,娱乐,85,99,2873143,439,678,109782,2299,28402,3159,1780395433,https://www.bilibili.com/video/BV1rMVz67EMs,http://i0.hdslb.com/bfs/archive/b909eaaf95648e5156635c9c1afd57ac6da69f64.jpg
2026-06-06,2026-06-06 12:52:55,85,BV1iQV26cEfX,116685436618474,东北下岗三十年后，我看见了普通人的生活,十七岁歌手想打中单,出行,生活,250,3132,961891,2926,4307,37576,10695,14254,3627,1780479467,https://www.bilibili.com/video/BV1iQV26cEfX,http://i2.hdslb.com/bfs/archive/336087b59dbbf943701843cf5d3dfee77ef315e9.jpg
2026-06-06,2026-06-06 12:52:55,86,BV1DB7f6AEBK,116690989942959,最 不 物 质 之 人,张八筒筒,日常,生活,21,127,1639765,727,750,122955,1148,5355,621,1780563943,https://www.bilibili.com/video/BV1DB7f6AEBK,http://i1.hdslb.com/bfs/archive/612e05a8e02454bd4e3723991d4808f061b1c188.jpg
2026-06-06,2026-06-06 12:52:55,87,BV1XS796JETP,116687701545253,"""见过花开就好 何必在意花为谁开""19.0",我爱吃派大星,音乐综合,音乐,130,163,1181706,560,1065,66285,766,7655,327,1780532400,https://www.bilibili.com/video/BV1XS796JETP,http://i1.hdslb.com/bfs/archive/29288eae5b7e0f9e2243fa9682885eab8981887d.jpg
2026-06-06,2026-06-06 12:52:55,88,BV1uAVo6yE5n,116673222806359,阳寿伏妖  青州篇【一口气看完八小时合集】,七夜不起夜z,综合,综合,27,31228,1096977,12218,1636,61303,36219,70706,3428,1780292399,https://www.bilibili.com/video/BV1uAVo6yE5n,http://i2.hdslb.com/bfs/archive/1d5f24afd7637434849f1321276448ab358b1094.jpg
2026-06-06,2026-06-06 12:52:55,89,BV1DyVm6REs8,116685117982770,Oi，今天跟老舅争锋相对！！,花小龙oy,健身,运动,164,218,1005411,676,1436,73239,3299,2873,1348,1780473800,https://www.bilibili.com/video/BV1DyVm6REs8,http://i0.hdslb.com/bfs/archive/56fe0a9ea6c893cba847452a26b23804912df627.jpg
2026-06-06,2026-06-06 12:52:55,90,BV1y8Vk6fEwn,116682047625847,【速凌宇宙】第十九集：哈基蜂化身哈夫克安保队长？？准备摇人？,高司令-速凌电竞,单机游戏,游戏,17,582,2376487,5310,1383,111615,15135,92911,1002,1780459200,https://www.bilibili.com/video/BV1y8Vk6fEwn,http://i0.hdslb.com/bfs/archive/2e5bf49a8947806e05fb8970a421bd94a8a6e7b6.jpg
2026-06-06,2026-06-06 12:52:55,91,BV1bL796CEpe,116685721899286,如果我来挑战拍华语地区的经典MV风格？这一期是粉丝投稿哦！,李如儒也是李蠕蠕,小剧场,娱乐,85,159,1075653,1144,825,72906,7023,4072,847,1780483280,https://www.bilibili.com/video/BV1bL796CEpe,http://i2.hdslb.com/bfs/archive/6305a2e9ddc370f1b9e15ba5265e209ff8ea0438.jpg
2026-06-06,2026-06-06 12:52:55,92,BV12QEc6wETE,116691744917719,“我想我再也不会谈恋爱了”,柯洁,影视剪辑,影视,183,34,1224382,757,4202,129562,5186,6106,5649,1780574976,https://www.bilibili.com/video/BV12QEc6wETE,http://i0.hdslb.com/bfs/archive/47071584488230edc82fe88b8fe9b87eb57cd115.jpg
2026-06-06,2026-06-06 12:52:55,93,BV1dFV66rEwZ,116679463929983,"""这一刻，他简直正的发邪""",wrizedm,影视剪辑,影视,183,115,1496856,292,688,110775,5405,21499,1709,1780387590,https://www.bilibili.com/video/BV1dFV66rEwZ,http://i1.hdslb.com/bfs/archive/0d76efe5941248b388135046493c78dbb702e210.jpg
2026-06-06,2026-06-06 12:52:55,94,BV1usEw6zEiy,116691040210390,【餐馆TV】UP今天发烧了……作品会不会受影响啊,大乾乾是顾乾宇,小剧场,娱乐,85,141,714042,1180,2249,81586,2460,9660,5759,1780564633,https://www.bilibili.com/video/BV1usEw6zEiy,http://i1.hdslb.com/bfs/archive/6d69be5e1f22dec4058e90f795df2ff7c21e4a91.jpg
2026-06-06,2026-06-06 12:52:55,95,BV1uTEc6AEzV,116691963025070,以为这次断更，会是永别,ONLee_Studio,日常,生活,21,211,830256,1536,2307,55065,19083,3766,794,1780578368,https://www.bilibili.com/video/BV1uTEc6AEzV,http://i0.hdslb.com/bfs/archive/65223f1fb3bbe6f7b6e2b1e84b56584802350ec6.jpg
2026-06-06,2026-06-06 12:52:55,96,BV1ZUEF65EzU,116690016801808,论画手的高三生活有多燃！,圆脸面包人,绘画,绘画,162,141,648845,270,552,76406,2704,11049,1536,1780548385,https://www.bilibili.com/video/BV1ZUEF65EzU,http://i2.hdslb.com/bfs/archive/d2c74006b8fe69158c1e24fb31690a791ce674d0.jpg
2026-06-06,2026-06-06 12:52:55,97,BV1Qb7R6XECX,116687064072844,⚡冷 笑 话 大 全 6.0⚡,污污云,鬼畜调教,鬼畜,22,66,979329,129,751,70238,1226,28470,3473,1780545600,https://www.bilibili.com/video/BV1Qb7R6XECX,http://i2.hdslb.com/bfs/archive/edf5ec9306bef71931b52d5b0a961e13f1ecc966.jpg
2026-06-06,2026-06-06 12:52:55,98,BV1iuVd6DE1W,116673742902632,【完结自制短片】工人嫌魏海每天抽50太黑心，转头跟不抽成老板干活，女儿进ICU才知道那50是救命钱,唒唒漫画咯,综合,综合,27,3268,1073680,72,112,80628,5256,16790,1675,1780302000,https://www.bilibili.com/video/BV1iuVd6DE1W,http://i2.hdslb.com/bfs/archive/df703cb90d025def034d506f038aa3d4374fa19d.jpg
2026-06-06,2026-06-06 12:52:55,99,BV15nVz6uEyY,116679564593189,"""那些节奏感拉满的硬核BGM""",挽风丶Sama,音乐综合,音乐,130,2022,9101527,204,379,195908,13454,205860,360,1780389001,https://www.bilibili.com/video/BV15nVz6uEyY,http://i2.hdslb.com/bfs/archive/934672d6c578eb1424f7d03ba0db3f0caee9be17.jpg
2026-06-06,2026-06-06 12:52:55,100,BV1CYVy6vETT,116682852929454,【IGN】《战神：劳菲（God of War Laufey）》深度玩法演示 |  State of Play,IGN中国,单机游戏,游戏,17,1425,1727159,13335,15577,37098,11597,11063,43982,1780440137,https://www.bilibili.com/video/BV1CYVy6vETT,http://i1.hdslb.com/bfs/archive/a78c73d63af672d1dcaa84b7a8dabdb7c59cd0ab.jpg
2026-06-06,2026-06-06 14:04:40,1,BV1Qi7f6eE59,116690805395451,致敬每一个心中有花，努力奔跑的人,爱画画的子衿,亲子,生活,254,313,1456142,2947,3059,198852,97990,12578,2986,1780561800,https://www.bilibili.com/video/BV1Qi7f6eE59,http://i1.hdslb.com/bfs/archive/2c9cc3dd70d264a8473e46b8bebaad7db4d6ef2c.jpg
2026-06-06,2026-06-06 14:04:40,2,BV15iEc6VEfH,116691577216788,路边一块，也能变废为宝，雕刻出大家想要的题材我不知道什么时候天才会亮，但我知道，跑着跑着，天就亮了。,小梨家的和田玉,手工,生活,161,220,4811118,2828,8888,180101,5398,16718,2802,1780572193,https://www.bilibili.com/video/BV15iEc6VEfH,http://i2.hdslb.com/bfs/archive/c1597efe82d66a7f728f8bdd84505eff4b7f5ac9.jpg
2026-06-06,2026-06-06 14:04:40,3,BV15wVB6YECT,116678608359768,一顿饭只要三块钱，客人吃着吃着，人就“没了”,瞎通不设计了,美食侦探,美食,212,187,2096763,2327,6029,263539,154001,23846,3930,1780390800,https://www.bilibili.com/video/BV15wVB6YECT,http://i1.hdslb.com/bfs/archive/fd898a754bc3cf4317349a2b3c4394e104417434.jpg
2026-06-06,2026-06-06 14:04:40,4,BV1vkVB6NEuR,116680252462308,“超微距”下的瑞士长什么样？,影视飓风,娱乐粉丝创作,娱乐,242,1369,3432206,7756,2969,150417,47044,26649,5690,1780477200,https://www.bilibili.com/video/BV1vkVB6NEuR,http://i1.hdslb.com/bfs/archive/5b0c10c80ad8bf4789b41860cadc70e8c144245b.jpg
2026-06-06,2026-06-06 14:04:40,5,BV17GEP6xEDW,116692348832614,新三国up锐评楚汉传奇01：是不是我打开的方式不太对？,吃蛋挞的折棒,影视杂谈,影视,182,1348,1125580,16899,9816,111064,109989,23227,8825,1780624800,https://www.bilibili.com/video/BV17GEP6xEDW,http://i2.hdslb.com/bfs/archive/4e5cd47c8551d2b66643e2800041b7ec2d3bf729.jpg
2026-06-06,2026-06-06 14:04:40,6,BV16BVy6wEfx,116682534162276,《你来真的啊》,伤心欲茄222,搞笑,娱乐,138,116,2948403,1183,4963,295266,5778,19041,3487,1780459200,https://www.bilibili.com/video/BV16BVy6wEfx,http://i1.hdslb.com/bfs/archive/f16abe0150882e397bf053e6d7a1e4dced090de1.jpg
2026-06-06,2026-06-06 14:04:40,7,BV13s7z63EjV,116695016477738,《绝区零》3.0新地块实机演示,绝区零,手机游戏,游戏,172,599,1289348,8728,12904,116253,55271,21004,23475,1780624803,https://www.bilibili.com/video/BV13s7z63EjV,http://i0.hdslb.com/bfs/archive/ac132a13aed30f0b83ff50dfb56d83e2e518206a.jpg
2026-06-06,2026-06-06 14:04:40,8,BV16kV26TES7,116685470175022,当父母说出了正确答案：,进击的金厂长,搞笑,娱乐,138,129,4324960,1963,2067,316325,119583,142768,2454,1780479155,https://www.bilibili.com/video/BV16kV26TES7,http://i0.hdslb.com/bfs/archive/982b25c4ef21fb08f77ae933c89f4b99d5b0c86a.jpg
2026-06-06,2026-06-06 14:04:40,9,BV19ZEF6MEBV,116690117464228,人在干坏事的时候是不怕苦不怕累的,我是易拉爆,日常,生活,21,309,1857115,1131,3061,169388,11236,23705,11824,1780550100,https://www.bilibili.com/video/BV19ZEF6MEBV,http://i2.hdslb.com/bfs/archive/5a3e59dd5183e87d69b1ad3224466b821bf05e23.jpg
2026-06-06,2026-06-06 14:04:40,10,BV16DVz6UE77,116679229180052,如何拍出电影感大片,喜欢拍照的皮皮,日常,生活,21,60,3296132,298,1933,298000,9636,88168,7258,1780384052,https://www.bilibili.com/video/BV16DVz6UE77,http://i1.hdslb.com/bfs/archive/82ba23d6fb45244f769f8f127cfbe2f51afe67c8.jpg
2026-06-06,2026-06-06 14:04:40,11,BV1XQ7Z6eEki,116689412819066,特朗普的愤怒,燕三嘤嘤嘤,人文历史,知识,228,1133,2637025,10271,4581,133162,31759,19722,2516,1780545020,https://www.bilibili.com/video/BV1XQ7Z6eEki,http://i0.hdslb.com/bfs/archive/d106118a7a33e310838a2e387ce511583c5a7a62.jpg
2026-06-06,2026-06-06 14:04:40,12,BV1wEEc6REms,116692097238799,城市大富翁（5）,雨哥到处跑,日常,生活,21,3846,1147732,29701,4853,110601,90833,30863,4169,1780628700,https://www.bilibili.com/video/BV1wEEc6REms,http://i1.hdslb.com/bfs/archive/8628e50dc2e56aec5815c8e3f665d304cfe23d80.jpg
2026-06-06,2026-06-06 14:04:40,13,BV1w6EF6QEjZ,116690033778619,不看后悔！史上最神人店家！,转生成为毛毛,美食侦探,美食,212,186,2671124,3382,7633,138943,3572,22849,11409,1780563600,https://www.bilibili.com/video/BV1w6EF6QEjZ,http://i1.hdslb.com/bfs/archive/07cb98d8f59285212c90c7646739a87803bf06c0.jpg
2026-06-06,2026-06-06 14:04:40,14,BV1jwV663EjR,116679380112598,我的世界杯主题曲！IShowSpeed - World Cup (Champions),ishowspeedsui,竞技体育,运动,236,299,4221133,2287,9539,233366,41964,40528,13905,1780386563,https://www.bilibili.com/video/BV1jwV663EjR,http://i2.hdslb.com/bfs/archive/2807f6a9b9342740dfa8764e7bcc6e231196c94f.jpg
2026-06-06,2026-06-06 14:04:40,15,BV1kCVU65ERM,116669112386149,初中生斗胆跳一段jam,特崮斯,篮球,运动,235,45,5862875,5801,17556,1135659,184295,118955,17548,1780229707,https://www.bilibili.com/video/BV1kCVU65ERM,http://i1.hdslb.com/bfs/archive/5871a66dc8e356ff71da4a6d99d5922b4a6a3fce.jpg
2026-06-06,2026-06-06 14:04:40,16,BV1XEV26XEsz,116683641455201,冠以破碎之名：第一集 冰潮寒雨之夏,Xavier_白昼,综合,综合,27,1106,1291066,1703,2292,96557,20294,59354,3247,1780451269,https://www.bilibili.com/video/BV1XEV26XEsz,http://i0.hdslb.com/bfs/archive/edb3c2a03146bbc3390581aa30c41b8e3c3ab846.jpg
2026-06-06,2026-06-06 14:04:40,17,BV1MG7961Efg,116685688276783,下 一 个 抓 谁 ！！！,啊吗粽,搞笑,娱乐,138,586,1295354,4226,2211,117064,56978,21655,2877,1780482465,https://www.bilibili.com/video/BV1MG7961Efg,http://i2.hdslb.com/bfs/archive/55e9b58ea3d6a84a655b0d2607bb6ff7e31c6d34.jpg
2026-06-06,2026-06-06 14:04:40,18,BV1sC7R6VEF3,116687181451048,【侯绿萝】视频加载中，速速查收惊喜！,侯绿萝,小剧场,娱乐,85,233,1566958,1274,1273,150149,8719,12129,1561,1780538400,https://www.bilibili.com/video/BV1sC7R6VEF3,http://i0.hdslb.com/bfs/archive/e40df1469a3bc68659f30a77b0e0801ae88938bb.jpg
2026-06-06,2026-06-06 14:04:40,19,BV1QzVR63E3L,116671930963542,回忆永远都是加分项,央视新闻,日常,生活,21,184,3491620,27414,23469,611100,238540,184722,58547,1780286400,https://www.bilibili.com/video/BV1QzVR63E3L,http://i2.hdslb.com/bfs/archive/f4dc3fe8ea88a450877315e867b4995121d5dbf6.jpg
2026-06-06,2026-06-06 14:04:40,20,BV1RvVo6QEqo,116674682426936,不儿，你俩来真的啊？！,主持人yoyo酱,搞笑,娱乐,138,265,5351518,14953,11939,640000,490562,114443,13706,1780314627,https://www.bilibili.com/video/BV1RvVo6QEqo,http://i1.hdslb.com/bfs/archive/e8bde3297455f3796e516de2362d5eb1085d9abf.jpg
2026-06-06,2026-06-06 14:04:40,21,BV168796PEv1,116685839403735,如此仙音唯有挠臭,lulu和露爸,喵星人,喵星人,218,26,3511319,10145,4035,446234,9967,85746,17919,1780484850,https://www.bilibili.com/video/BV168796PEv1,http://i1.hdslb.com/bfs/archive/87f3ce4876a2e50e34a2c1b24dfe10ae34700a55.jpg
2026-06-06,2026-06-06 14:04:40,22,BV1mhV26yETL,116683775678542,科比的哲学启示录第十四期,蟹不肉丨,影视剪辑,影视,183,74,4821632,1133,6568,296702,14112,75798,14154,1780453236,https://www.bilibili.com/video/BV1mhV26yETL,http://i0.hdslb.com/bfs/archive/738134aa027bf05aa3f3843c528db81f3d78307d.jpg
2026-06-06,2026-06-06 14:04:40,23,BV1GHEw6rEo4,116691140875979,无能的杰哥,神威-狗剩,影视剪辑,影视,183,154,2636165,1650,3211,125264,6692,22125,24217,1780565876,https://www.bilibili.com/video/BV1GHEw6rEo4,http://i2.hdslb.com/bfs/archive/0814d03bdf68a6a83cba4b8ba18fa6d58d6de912.jpg
2026-06-06,2026-06-06 14:04:40,24,BV1gWEw6gE4X,116691056987748,“这种没流量的画画最狠了”,像风如你o_O,日常,生活,21,25,1944191,537,2913,249701,6518,20667,949,1780564358,https://www.bilibili.com/video/BV1gWEw6gE4X,http://i0.hdslb.com/bfs/archive/96621cf035234fbf3c3d6f498d6f4d5eae388c12.jpg
2026-06-06,2026-06-06 14:04:40,25,BV1xuVC6AEbg,116681426868021,今天把我关于《丧尸清道夫》的创作思路分享给大家，如果能帮到你，我会很开心。,Mx-Shell,影视剪辑,影视,183,2573,1121786,857,1882,67561,27688,70320,9718,1780452000,https://www.bilibili.com/video/BV1xuVC6AEbg,http://i0.hdslb.com/bfs/archive/4a766d587664347016b0288147deb324a2964232.jpg
2026-06-06,2026-06-06 14:04:40,26,BV1ogV26FEhB,116683943643894,兄弟们！今天给良子做一个入营测试，这身体身体素质，跟我想的不太一样啊!,健身华哥,运动综合,运动,238,246,2583575,4733,57109,122458,3571,7075,14084,1780455998,https://www.bilibili.com/video/BV1ogV26FEhB,http://i1.hdslb.com/bfs/archive/0ef39901811fd5680c39a67445609ba38a9560c2.jpg
2026-06-06,2026-06-06 14:04:40,27,BV1VWVz6TELx,116679598147712,星际穿越的我，试图提醒过去的自己....,考研英语大雁,校园学习,知识,208,33,2635711,615,2156,340849,7393,43432,6112,1780389685,https://www.bilibili.com/video/BV1VWVz6TELx,http://i0.hdslb.com/bfs/archive/5822709cbd5c2a8a09fabc50bcfdcfc29859f9a1.jpg
2026-06-06,2026-06-06 14:04:40,28,BV1oqVB6BECd,116680034425733,《原神》洛恩角色PV——「标准化考核」,原神,手机游戏,游戏,172,702,1738809,7884,5917,144547,36411,30507,11424,1780459200,https://www.bilibili.com/video/BV1oqVB6BECd,http://i2.hdslb.com/bfs/archive/f040c8f664a034a919aee60209ef17c155dbe2df.jpg
2026-06-06,2026-06-06 14:04:40,29,BV1W6VZ6MEbd,116674313328609,🍄欠揍气球🍄,纸片马力欧,日常,生活,21,40,3194628,2129,8022,392361,28751,194303,64486,1780309043,https://www.bilibili.com/video/BV1W6VZ6MEbd,http://i0.hdslb.com/bfs/archive/3d18bae01c4fc365d9e7e0ede5efb926e32115ad.jpg
2026-06-06,2026-06-06 14:04:40,30,BV1pnVm6GEQG,116685386483651,“当bro以为自己很有影响力时…”,林宇辉,社科·法律·心理,知识,124,16,823955,441,1878,237366,9337,29834,1146,1780478075,https://www.bilibili.com/video/BV1pnVm6GEQG,http://i1.hdslb.com/bfs/archive/02329b4beff89227f0f34b10ef7ca21a2b920c65.jpg
2026-06-06,2026-06-06 14:04:40,31,BV1Qt7X61Enn,116686241993999,百万英镑，但素质过低,青时晚,影视剪辑,影视,183,174,1719572,1552,1837,103304,7228,25203,9919,1780490956,https://www.bilibili.com/video/BV1Qt7X61Enn,http://i0.hdslb.com/bfs/archive/1573985b4950f4d1001b3a21a50adab722b0a0f1.jpg
2026-06-06,2026-06-06 14:04:40,32,BV1gzVC6kE1S,116683507243907,【低成本在家实现牛排自由‼️ 】,村驴,美食制作,美食,76,329,874380,546,2292,82597,8071,62307,8822,1780449310,https://www.bilibili.com/video/BV1gzVC6kE1S,http://i0.hdslb.com/bfs/archive/005d3e68934a884c17ab0f89f1daac2ae9982f39.jpg
2026-06-06,2026-06-06 14:04:40,33,BV1hAVm6XEE2,116685570836474,【传奇耐熬王】经典排骨💀60天仍然有5人存活💪到最后拼的就是谁身体好！🤦‍♂️,-超级小能猫-,搞笑,娱乐,138,2617,1963223,13174,2650,75844,16713,36600,3446,1780481719,https://www.bilibili.com/video/BV1hAVm6XEE2,http://i0.hdslb.com/bfs/archive/dc3782f8b522707e818c2537030e1b8893332367.jpg
2026-06-06,2026-06-06 14:04:40,34,BV1pDV86oE6S,116657217344637,热烈欢迎薛凯琪！工作之余，Fiona会带哪些让自己感到快乐的东西呢～（录完这期脑海里都是Fifi的笑声,papi酱,短片,动画,256,2017,900806,8905,3763,97835,38870,12585,5672,1780632000,https://www.bilibili.com/video/BV1pDV86oE6S,http://i2.hdslb.com/bfs/archive/032f4048d6f94c465fc10972289999cf79f2572f.jpg
2026-06-06,2026-06-06 14:04:40,35,BV1yiEF6WErx,116690419585062,奶香馒头,夏叔厨房,美食制作,美食,76,76,1443297,836,6533,190385,6312,16132,1009,1780554601,https://www.bilibili.com/video/BV1yiEF6WErx,http://i1.hdslb.com/bfs/archive/82992eb9cddf1a5a5e5e77e481db8626c6005de9.jpg
2026-06-06,2026-06-06 14:04:40,36,BV1cmVz6DEmi,116679329712224,初代跑男团战力排行,东方日出哇,特摄,动画,86,600,2037672,4922,3409,163704,7429,21198,3966,1780385423,https://www.bilibili.com/video/BV1cmVz6DEmi,http://i0.hdslb.com/bfs/archive/ee051686685860fea8d8721ddf5c5d7f35a85e5f.jpg
2026-06-06,2026-06-06 14:04:40,37,BV12R7Q6MEJX,116686543914174,你说你有点难追～,未知艺术家_611,搞笑,娱乐,138,30,2180652,188,1777,206481,2349,20348,3087,1780495648,https://www.bilibili.com/video/BV12R7Q6MEJX,http://i2.hdslb.com/bfs/archive/aeaf33a25e079b26433a425ee56ac24f566861d7.jpg
2026-06-06,2026-06-06 14:04:40,38,BV1gsEw6zExs,116691040208641,你的高考/中考/期末考belike,哈基mer-猫meme,搞笑,娱乐,138,22,534051,21302,1545,196895,20509,40691,3591,1780564012,https://www.bilibili.com/video/BV1gsEw6zExs,http://i2.hdslb.com/bfs/archive/4f76f8d127f1c6d5a990c89a161f10356e783cd4.jpg
2026-06-06,2026-06-06 14:04:40,39,BV1F9Vz62ExS,116679262606457,一辈子一定要体验一次的游戏，绝对不能被剧透的神作,易铭小疯子,网络游戏,游戏,65,537,1051556,5042,8346,59794,7695,65430,4034,1780403895,https://www.bilibili.com/video/BV1F9Vz62ExS,http://i2.hdslb.com/bfs/archive/d453d6bbde6ccd80f0fd714edde7b754c3e5255e.jpg
2026-06-06,2026-06-06 14:04:40,40,BV1jeEc6yE75,116691593992011,《你说谁错谁就错，因为你开迈巴赫》,嘞是唐孃孃,搞笑,娱乐,138,34,2624624,158,1886,201560,2475,12742,1088,1780572588,https://www.bilibili.com/video/BV1jeEc6yE75,http://i0.hdslb.com/bfs/archive/cc74080d84744d7622f9f9dd492a1583e00aaed7.jpg
2026-06-06,2026-06-06 14:04:40,41,BV1bwV161Er2,116684413209270,【aespa】LEMONNNN,aespa,音乐综合,音乐,130,11,5714805,10202,20020,108639,24659,12245,6120,1780475400,https://www.bilibili.com/video/BV1bwV161Er2,http://i1.hdslb.com/bfs/archive/1e63fbee388c793dc0403c872eefb52a8d7d8615.jpg
2026-06-06,2026-06-06 14:04:40,42,BV1rg7C6TEUm,116696912369911,一句“一氧化二氢”能钓出多少“读稿机”？,中国食品报融媒体,科学科普,知识,201,291,2456126,3800,12662,110286,7594,13131,8627,1780653928,https://www.bilibili.com/video/BV1rg7C6TEUm,http://i1.hdslb.com/bfs/archive/1081ed32a36e81bee443915a997ed5f2bd56badd.jpg
2026-06-06,2026-06-06 14:04:40,43,BV1kzVy6hEGb,116682517385619,手绘2000多张沙画，历时3年制作,胡雪朗,绘画,绘画,162,54,781275,751,1435,176857,43669,25041,3720,1780457400,https://www.bilibili.com/video/BV1kzVy6hEGb,http://i0.hdslb.com/bfs/archive/959cf6a92144f70d7339865fe00cd198c4c8da9e.jpg
2026-06-06,2026-06-06 14:04:40,44,BV18qVr6KEk8,116680554519472,一个投了3万元必火的视频,奥利奥利奥是1,日常,生活,21,46,883942,1540,7532,217202,19691,23156,3944,1780405200,https://www.bilibili.com/video/BV18qVr6KEk8,http://i0.hdslb.com/bfs/archive/0c023b00bd1d3a694bdd40c9d19039f1436532b1.jpg
2026-06-06,2026-06-06 14:04:40,45,BV1df7r6REpB,116695469463690,如何在家制造浓汤宝,嘤武罗,日常,生活,21,501,1759523,2316,2117,94731,27132,21973,1342,1780650000,https://www.bilibili.com/video/BV1df7r6REpB,http://i2.hdslb.com/bfs/archive/94c85d2ebad9002fcbad0c7ef2f3c8a3f1ec6768.jpg
2026-06-06,2026-06-06 14:04:40,46,BV1sKVr64EXg,116680621561843,演员魏宗万于6月1日去世，享年89岁,中国电影报道,预告·资讯,影视,184,26,1222497,19392,5881,308668,23165,15001,7583,1780406134,https://www.bilibili.com/video/BV1sKVr64EXg,http://i0.hdslb.com/bfs/archive/1148ab18f92299926855421cea80f91871e7f32a.jpg
2026-06-06,2026-06-06 14:04:40,47,BV1aFVm6REvY,116685537281059,蜘蛛糸モノポリー,苏酥鱼鱼喵,MMD·3D,动画,25,113,586151,162,1306,115295,4518,42625,3380,1780480166,https://www.bilibili.com/video/BV1aFVm6REvY,http://i0.hdslb.com/bfs/archive/43aeddbc4a47c5117090dc56e61b94bb7a858ec0.jpg
2026-06-06,2026-06-06 14:04:40,48,BV1yo7B68EHX,116695117207554,《鸣潮》×《赛博朋克：边缘行者》共鸣者战斗演示 | 露西,鸣潮,单机游戏,游戏,17,283,2151950,2178,8042,74993,22955,13168,13860,1780628400,https://www.bilibili.com/video/BV1yo7B68EHX,http://i2.hdslb.com/bfs/archive/61426f2876187b9326f1b732fdea7044e08d7ea3.jpg
2026-06-06,2026-06-06 14:04:40,49,BV1LLVU6eE1t,116684782373820,你到底娶不娶我…,ENX叉叉酱,同人·手书,动画,47,77,831408,1090,6585,155281,9097,15367,4436,1780484400,https://www.bilibili.com/video/BV1LLVU6eE1t,http://i0.hdslb.com/bfs/archive/cffaf3db4947fd6d7956bd49b83dcea884c3307b.jpg
2026-06-06,2026-06-06 14:04:40,50,BV1T2V161E6J,116684195106574,地牢酒馆-12集 《蜕皮的蜥蜴人与神奇薄荷》,粘土工厂,单机游戏,游戏,17,212,934331,1244,1930,134385,20286,16318,1814,1780459574,https://www.bilibili.com/video/BV1T2V161E6J,http://i0.hdslb.com/bfs/archive/f5c43e682c7ce44c1f2733c2cbb5889650fd5a05.jpg
2026-06-06,2026-06-06 14:04:40,51,BV1cu7r6FEPd,116696023045705,英国，沦为印度殖民地,平原公子,日常,生活,21,463,1559473,6467,4872,101760,3731,9709,8622,1780640137,https://www.bilibili.com/video/BV1cu7r6FEPd,http://i1.hdslb.com/bfs/archive/95ba7fb80bc2a46fc2c8f7ff69a08c57c40ef914.jpg
2026-06-06,2026-06-06 14:04:40,52,BV1r6V26BE9i,116685486949496,《上海奥特曼4：沪特曼集结！》,册那队长,小剧场,娱乐,85,53,2908654,956,5334,132416,9725,18743,30268,1780479544,https://www.bilibili.com/video/BV1r6V26BE9i,http://i0.hdslb.com/bfs/archive/a062cb9d7991230d0d7287d7d8fd5bead9ec6788.jpg
2026-06-06,2026-06-06 14:04:40,53,BV1797X6ZEvW,116686158038804,真跳60分钟，天台暴晒也算时间哦,矮乐多Aliga,日常,生活,21,3639,1036327,1011,1555,57303,11424,20260,2239,1780490050,https://www.bilibili.com/video/BV1797X6ZEvW,http://i0.hdslb.com/bfs/archive/51a11a46ff9c8a78cf19a5444bd1f18bb0099c9d.jpg
2026-06-06,2026-06-06 14:04:40,54,BV1jLVU6eEXE,116684782377667,可不可以买三十块烧腊？,食深烧腊,美食测评,美食,213,99,1006690,725,2112,116327,68139,5136,555,1780468779,https://www.bilibili.com/video/BV1jLVU6eEXE,http://i1.hdslb.com/bfs/archive/62b6a42513640bcbd689b2a89fb9b999a1205332.jpg
2026-06-06,2026-06-06 14:04:40,55,BV1L7Ew65ETv,116691124098703,我养护的石拱桥，已经被国家收录为不可移动文物！,抓紧长长长呀,三农,生活,251,604,1277345,963,1835,98167,5746,6521,392,1780565746,https://www.bilibili.com/video/BV1L7Ew65ETv,http://i1.hdslb.com/bfs/archive/56f52737bc566db19c5316ccdcc3b87cc81709e0.jpg
2026-06-06,2026-06-06 14:04:40,56,BV1uXEA6gEMu,116692567070822,“别着急，我来给你补充「偶！像！能！量！」”,小耗owo,手机游戏,游戏,172,80,659892,416,1296,141428,7495,30201,5874,1780624800,https://www.bilibili.com/video/BV1uXEA6gEMu,http://i1.hdslb.com/bfs/archive/64822f49e99e9fb8b41ba5e0f9e06f48d4b76446.jpg
2026-06-06,2026-06-06 14:04:40,57,BV1f3VU6KEqy,116684832644044,"从""健身芭比""到""女企业家""，帕梅拉有多会""赚""？",小Lin说,财经商业,知识,207,1745,1932950,1702,1438,53496,9903,17552,3248,1780479000,https://www.bilibili.com/video/BV1f3VU6KEqy,http://i0.hdslb.com/bfs/archive/ad9df863f29ccc8f07472fc5234c04740f6ee4b3.jpg
2026-06-06,2026-06-06 14:04:40,58,BV1ps796qErr,116685822560107,谁在等谁的出现,为了我活下去,综合,综合,27,36,543829,276,1516,164525,8278,26266,1972,1780484521,https://www.bilibili.com/video/BV1ps796qErr,http://i1.hdslb.com/bfs/archive/49a476c711b1d61ec7ffa37684a398ddb857435a.jpg
2026-06-06,2026-06-06 14:04:40,59,BV1R7Ew65ERR,116691124229360,当爸爸找亲戚买手机,刘鸿哥哥,小剧场,娱乐,85,119,1899157,776,2223,130108,1018,6801,1336,1780565630,https://www.bilibili.com/video/BV1R7Ew65ERR,http://i0.hdslb.com/bfs/archive/5e4feb10a7cf9e178bf7e9a619d62843bc5ae8b2.jpg
2026-06-06,2026-06-06 14:04:40,60,BV1LCV66VE45,116680873346829,剥蒜的情谊147.0,NinthA-,网络游戏,游戏,65,147,1613602,725,785,119042,1508,19312,1551,1780455600,https://www.bilibili.com/video/BV1LCV66VE45,http://i1.hdslb.com/bfs/archive/21d74a2ecc26d0c95ecd1e1af6e84bf567bf37c9.jpg
2026-06-06,2026-06-06 14:04:40,61,BV1uE7d6JEAp,116688674624635,啥龙：医生说我只剩几天了……,小陈的脚凑凑的,日常,生活,21,181,943401,1071,1520,67026,5629,16024,3333,1780528049,https://www.bilibili.com/video/BV1uE7d6JEAp,http://i1.hdslb.com/bfs/archive/e92886e4f49270b6f1a24481e0b0851d64e70fc4.jpg
2026-06-06,2026-06-06 14:04:40,62,BV1jBVS6qEPK,116668508406277,竹丝镶嵌,归乡人山白,手工,生活,161,577,843891,2993,1468,124958,58916,13100,2022,1780410000,https://www.bilibili.com/video/BV1jBVS6qEPK,http://i2.hdslb.com/bfs/archive/1e293d2f3fac4fc22d32427cb5a045e65e22e361.jpg
2026-06-06,2026-06-06 14:04:40,63,BV1WT7C6uEj8,116696878749194,猫 咪 的 花 语 是 老 吴🎵,幾加乘,同人·手书,动画,47,259,934177,1157,1943,78622,11155,14552,6331,1780653131,https://www.bilibili.com/video/BV1WT7C6uEj8,http://i0.hdslb.com/bfs/archive/ad354ddb8c2e2bf697327dc182835b3d6014f4b1.jpg
2026-06-06,2026-06-06 14:04:40,64,BV1idV26bE2E,116685654921483,宗元舞2.0紧绷之人3,是柳宗元,电子竞技,游戏,171,51,1416300,394,984,153960,3226,19349,3019,1780481914,https://www.bilibili.com/video/BV1idV26bE2E,http://i2.hdslb.com/bfs/archive/395efa2aefe284345f5e64ce17985d0467cd2247.jpg
2026-06-06,2026-06-06 14:04:40,65,BV1JKEw6QEw9,116691509970719,我读了你们的评论 把阎王召唤出来了T_T,汤木檀泽,日常,生活,21,959,1467020,1323,1503,94484,5500,13155,459,1780571268,https://www.bilibili.com/video/BV1JKEw6QEw9,http://i1.hdslb.com/bfs/archive/0b6c7ccb214b6211a4cf9a8741eb473536e42587.jpg
2026-06-06,2026-06-06 14:04:40,66,BV1DB7f6AEBK,116690989942959,最 不 物 质 之 人,张八筒筒,日常,生活,21,127,1759702,747,770,136208,1192,6342,651,1780563943,https://www.bilibili.com/video/BV1DB7f6AEBK,http://i1.hdslb.com/bfs/archive/612e05a8e02454bd4e3723991d4808f061b1c188.jpg
2026-06-06,2026-06-06 14:04:40,67,BV1Nk7X6TEnq,116686023955827,半个小孩，全部的妈妈,超级猫猫兽,同人·手书,动画,47,483,1412431,1623,4657,116519,18422,50481,4297,1780487705,https://www.bilibili.com/video/BV1Nk7X6TEnq,http://i0.hdslb.com/bfs/archive/25cb3d6f6dd951590c71a8ea993463455554b0c6.jpg
2026-06-06,2026-06-06 14:04:40,68,BV1G1VB6PEro,116680286144492,今天的员工够燥的~#异宠 #爬宠 #慢宠时钟 #萌宠,慢宠日记啊,日常,生活,21,79,3495721,644,3475,137548,1744,9920,6521,1780400126,https://www.bilibili.com/video/BV1G1VB6PEro,http://i0.hdslb.com/bfs/archive/816ee56ee784d2ccfe8c14d2289cfa7fa2839d73.jpg
2026-06-06,2026-06-06 14:04:40,69,BV1BqVS6MEL8,116668592363308,欢迎来到304班娃娃店,蟹上皇呀,日常,生活,21,114,2446319,1292,4386,261922,14625,106570,16373,1780221495,https://www.bilibili.com/video/BV1BqVS6MEL8,http://i1.hdslb.com/bfs/archive/9efeef607e818a1f01d4a5f1009a80d45ffcb333.jpg
2026-06-06,2026-06-06 14:04:40,70,BV1NoVm62EFd,116684715197497,金库测金，海峡测雷，万税爷进军测评赛道？,麻薯波比呀,社科·法律·心理,知识,124,1010,1224126,2383,2553,72366,7911,7340,813,1780479745,https://www.bilibili.com/video/BV1NoVm62EFd,http://i2.hdslb.com/bfs/archive/d200d3f215d8a9d6eb13923af38007a3d0ff34b4.jpg
2026-06-06,2026-06-06 14:04:40,71,BV1nWVm6uEqb,116685285624503,我吃牛瘪火锅 结果买错牛胃了,张离谱Dreams,搞笑,娱乐,138,97,1555791,808,2142,97659,1530,27195,7521,1780476405,https://www.bilibili.com/video/BV1nWVm6uEqb,http://i0.hdslb.com/bfs/archive/6f4f02f224993a1933f3e515e84d84edb5ca3808.jpg
2026-06-06,2026-06-06 14:04:40,72,BV1bV7k6LExn,116697264560365,再见！一系列！高考必胜！,一数,校园学习,知识,208,193,475579,18390,10087,55519,22977,11466,3959,1780659292,https://www.bilibili.com/video/BV1bV7k6LExn,http://i2.hdslb.com/bfs/archive/5df66240b2b71ca2bc6ce697e929657b1b1df5a4.jpg
2026-06-06,2026-06-06 14:04:40,73,BV1edV26tEsB,116685654722666,复仇整蛊！蛋黄派伪装摄影师突袭周深，几秒就被识破？,记录生活的蛋黄派,美食测评,美食,213,556,2347994,7013,2740,89445,28323,38322,3716,1780565400,https://www.bilibili.com/video/BV1edV26tEsB,http://i2.hdslb.com/bfs/archive/a16b60bc03719059e3218dee538877f554f3f9b4.jpg
2026-06-06,2026-06-06 14:04:40,74,BV1ypV66dEru,116681359754958,G胖为上架R18游戏硬刚V社法务 玩家至上 不做干预,Will游戏堂,数码,科技,95,51,1233400,703,3456,143695,2534,19488,10373,1780444800,https://www.bilibili.com/video/BV1ypV66dEru,http://i1.hdslb.com/bfs/archive/e3e911d6f451bd85e0fb10b15ba13e2f9b6b96cc.jpg
2026-06-06,2026-06-06 14:04:40,75,BV1vEEP6HEFw,116692281789801,2025年出货量370万台！激光雷达真成“安全气囊”了？,保镖的车库,新能源车,新能源车,247,606,1249492,426,528,81040,2579,7065,338,1780653900,https://www.bilibili.com/video/BV1vEEP6HEFw,http://i1.hdslb.com/bfs/archive/76872e6b743f73527ee70c89a75c39214a868540.jpg
2026-06-06,2026-06-06 14:04:40,76,BV1WgVC6YERr,116681410283485,理财PK两个月，6位UP主已经彻底疯狂...【理财王5月战绩汇报】,-LKs-,财经商业,知识,207,779,1761439,4284,4934,63052,13091,12182,8278,1780459200,https://www.bilibili.com/video/BV1WgVC6YERr,http://i0.hdslb.com/bfs/archive/64ee687bda302bd6feee386ca990737e67920669.jpg
2026-06-06,2026-06-06 14:04:40,77,BV1TL796CE52,116685721830606,歌剧老师锐评韩娱BLACKPINK  JYP & MAMAOO Red Velvet TWICE,铁豆钢蛋,乐评盘点,音乐,243,3086,916099,21870,11281,44801,19421,7853,2600,1780483444,https://www.bilibili.com/video/BV1TL796CE52,http://i1.hdslb.com/bfs/archive/ab6356296c8f9523a858fc15dd4a808fbc51b773.jpg
2026-06-06,2026-06-06 14:04:40,78,BV1B75w6zEG1,116676158823299,二次元老资历童年都在听什么？！老番串烧34首大连唱！,鹿火CAVY,仿妆cos,时尚,252,462,1722179,3317,3870,118291,48545,42258,8383,1780337109,https://www.bilibili.com/video/BV1B75w6zEG1,http://i1.hdslb.com/bfs/archive/a1759f48c315c61aff7325cc0d6c931ad115a8d4.jpg
2026-06-06,2026-06-06 14:04:40,79,BV17pVC6WECy,116681544304592,带良子和花胖在华哥训练营偷吃，闷子、板面、大肠都安排上,俞涛不光会做九转大肠,美食记录,美食,215,247,1721320,954,2530,80045,2201,5181,2889,1780455600,https://www.bilibili.com/video/BV17pVC6WECy,http://i1.hdslb.com/bfs/archive/ecf1293c7f3c2f89f52a51e5ad0ce5201f1be340.jpg
2026-06-06,2026-06-06 14:04:40,80,BV1usEw6zEiy,116691040210390,【餐馆TV】UP今天发烧了……作品会不会受影响啊,大乾乾是顾乾宇,小剧场,娱乐,85,141,754655,1243,2317,85327,2582,10115,5959,1780564633,https://www.bilibili.com/video/BV1usEw6zEiy,http://i1.hdslb.com/bfs/archive/6d69be5e1f22dec4058e90f795df2ff7c21e4a91.jpg
2026-06-06,2026-06-06 14:04:40,81,BV1iQV26cEfX,116685436618474,东北下岗三十年后，我看见了普通人的生活,十七岁歌手想打中单,出行,生活,250,3132,965410,2955,4320,37710,10779,14302,3647,1780479467,https://www.bilibili.com/video/BV1iQV26cEfX,http://i2.hdslb.com/bfs/archive/336087b59dbbf943701843cf5d3dfee77ef315e9.jpg
2026-06-06,2026-06-06 14:04:40,82,BV1XS796JETP,116687701545253,"""见过花开就好 何必在意花为谁开""19.0",我爱吃派大星,音乐综合,音乐,130,163,1204381,567,1078,67288,771,7771,349,1780532400,https://www.bilibili.com/video/BV1XS796JETP,http://i1.hdslb.com/bfs/archive/29288eae5b7e0f9e2243fa9682885eab8981887d.jpg
2026-06-06,2026-06-06 14:04:40,83,BV1jqVS6MECE,116668592292557,【野餐】你醒啦 现在是2012年的5月份呀,野餐slu2pcekry,宅舞,舞蹈,20,182,1467983,2278,8391,285214,19751,60895,5340,1780221916,https://www.bilibili.com/video/BV1jqVS6MECE,http://i2.hdslb.com/bfs/archive/e9673e0b6ccc8de75e114c6f2ea5484907789e23.jpg
2026-06-06,2026-06-06 14:04:40,84,BV1rMVz67EMs,116679967312875,开关灯木头人挑战！,酱油白米饭原创,小剧场,娱乐,85,99,2978690,446,684,112641,2348,29357,3207,1780395433,https://www.bilibili.com/video/BV1rMVz67EMs,http://i0.hdslb.com/bfs/archive/b909eaaf95648e5156635c9c1afd57ac6da69f64.jpg
2026-06-06,2026-06-06 14:04:40,85,BV1LVVv6tEPa,116677970756336,【鹿野/小动画】wonderland [儿童节24h产物],民用核武器,同人·手书,动画,47,37,512265,95,619,167377,15140,28718,2256,1780395093,https://www.bilibili.com/video/BV1LVVv6tEPa,http://i1.hdslb.com/bfs/archive/2ef288272c38b705f82c7e23150d7ae538b17ce8.jpg
2026-06-06,2026-06-06 14:04:40,86,BV1YcVf69ECW,116674011403376,此树扎根之时 便是沧海化桑田之始,芳斯塔芙,科学科普,知识,201,895,2858417,4566,1783,54974,14150,11456,1992,1780452000,https://www.bilibili.com/video/BV1YcVf69ECW,http://i0.hdslb.com/bfs/archive/ed8be5ac08d0dc86021a749410e52d4f9079b7c9.jpg
2026-06-06,2026-06-06 14:04:40,87,BV1izVB6TE7i,116680084691098,小时候以为的事情,西维西师傅,搞笑,娱乐,138,38,4474099,379,2782,252192,2499,18118,2187,1780397022,https://www.bilibili.com/video/BV1izVB6TE7i,http://i0.hdslb.com/bfs/archive/4790a1728175bce1a38157464666e2fac5ef28c8.jpg
2026-06-06,2026-06-06 14:04:40,88,BV1DyVm6REs8,116685117982770,Oi，今天跟老舅争锋相对！！,花小龙oy,健身,运动,164,218,1014361,681,1445,73887,3321,2898,1353,1780473800,https://www.bilibili.com/video/BV1DyVm6REs8,http://i0.hdslb.com/bfs/archive/56fe0a9ea6c893cba847452a26b23804912df627.jpg
2026-06-06,2026-06-06 14:04:40,89,BV11DVo6rEo7,116674850196476,🐱穷鬼气球,竹内有虫,综合,综合,27,40,1179371,586,4205,147038,9179,43905,23943,1780317192,https://www.bilibili.com/video/BV11DVo6rEo7,http://i0.hdslb.com/bfs/archive/c914f8432580c402c9749aca8e6fa9efa26eedbb.jpg
2026-06-06,2026-06-06 14:04:40,90,BV12QEc6wETE,116691744917719,“我想我再也不会谈恋爱了”,柯洁,影视剪辑,影视,183,34,1240385,763,4238,131229,5230,6183,5711,1780574976,https://www.bilibili.com/video/BV12QEc6wETE,http://i0.hdslb.com/bfs/archive/47071584488230edc82fe88b8fe9b87eb57cd115.jpg
2026-06-06,2026-06-06 14:04:40,91,BV1bL796CEpe,116685721899286,如果我来挑战拍华语地区的经典MV风格？这一期是粉丝投稿哦！,李如儒也是李蠕蠕,小剧场,娱乐,85,159,1084865,1155,833,73512,7102,4116,854,1780483280,https://www.bilibili.com/video/BV1bL796CEpe,http://i2.hdslb.com/bfs/archive/6305a2e9ddc370f1b9e15ba5265e209ff8ea0438.jpg
2026-06-06,2026-06-06 14:04:40,92,BV15z766SE1A,116696341812776,假如高考什么都可以带,小安苒AIGC,校园学习,知识,208,177,1610348,1796,1733,63688,1839,4519,1090,1780646400,https://www.bilibili.com/video/BV15z766SE1A,http://i2.hdslb.com/bfs/archive/ed743a6a86446310a9957bce92faa671a082a6d8.jpg
2026-06-06,2026-06-06 14:04:40,93,BV1uAVo6yE5n,116673222806359,阳寿伏妖  青州篇【一口气看完八小时合集】,七夜不起夜z,综合,综合,27,31228,1108142,12325,1647,61834,36535,71231,3465,1780292399,https://www.bilibili.com/video/BV1uAVo6yE5n,http://i2.hdslb.com/bfs/archive/1d5f24afd7637434849f1321276448ab358b1094.jpg
2026-06-06,2026-06-06 14:04:40,94,BV1uTEc6AEzV,116691963025070,以为这次断更，会是永别,ONLee_Studio,日常,生活,21,211,839751,1566,2330,55821,19351,3822,798,1780578368,https://www.bilibili.com/video/BV1uTEc6AEzV,http://i0.hdslb.com/bfs/archive/65223f1fb3bbe6f7b6e2b1e84b56584802350ec6.jpg
2026-06-06,2026-06-06 14:04:40,95,BV1PP7C63E2J,116696710912022,《师》我回母校当老师,阿廖沙别害怕_,搞笑,娱乐,138,296,741838,269,463,81068,1890,5961,255,1780650587,https://www.bilibili.com/video/BV1PP7C63E2J,http://i0.hdslb.com/bfs/archive/b04455fde128b88ff0a92e264778512242510bc9.jpg
2026-06-06,2026-06-06 14:04:40,96,BV1dFV66rEwZ,116679463929983,"""这一刻，他简直正的发邪""",wrizedm,影视剪辑,影视,183,115,1514931,296,694,112122,5500,21836,1727,1780387590,https://www.bilibili.com/video/BV1dFV66rEwZ,http://i1.hdslb.com/bfs/archive/0d76efe5941248b388135046493c78dbb702e210.jpg
2026-06-06,2026-06-06 14:04:40,97,BV1Qb7R6XECX,116687064072844,⚡冷 笑 话 大 全 6.0⚡,污污云,鬼畜调教,鬼畜,22,66,1024095,137,768,73254,1298,29718,3600,1780545600,https://www.bilibili.com/video/BV1Qb7R6XECX,http://i2.hdslb.com/bfs/archive/edf5ec9306bef71931b52d5b0a961e13f1ecc966.jpg
2026-06-06,2026-06-06 14:04:40,98,BV1EwEF62EhA,116690721443492,当校长挑选教室地板时,Cheems电玩屋,日常,生活,21,18,3042956,488,2574,123990,319,4047,252,1780559484,https://www.bilibili.com/video/BV1EwEF62EhA,http://i0.hdslb.com/bfs/archive/8916553504d48aec3ba5ad2bdfeec5fcf7eefc1c.jpg
2026-06-06,2026-06-06 14:04:40,99,BV1ZUEF65EzU,116690016801808,论画手的高三生活有多燃！,圆脸面包人,绘画,绘画,162,141,660014,273,556,77781,2754,11310,1557,1780548385,https://www.bilibili.com/video/BV1ZUEF65EzU,http://i2.hdslb.com/bfs/archive/d2c74006b8fe69158c1e24fb31690a791ce674d0.jpg
2026-06-06,2026-06-06 14:04:40,100,BV1uX7k6UEPn,116696761239539,把硬装的喊过来！,脱缰凯Kk,小剧场,娱乐,85,219,838109,1281,1301,63895,1981,6738,478,1780651876,https://www.bilibili.com/video/BV1uX7k6UEPn,http://i1.hdslb.com/bfs/archive/1a5306b127f7814fe75bc726966f0f675fcb7e33.jpg
2026-06-06,2026-06-06 15:04:40,1,BV15iEc6VEfH,116691577216788,路边一块，也能变废为宝，雕刻出大家想要的题材我不知道什么时候天才会亮，但我知道，跑着跑着，天就亮了。,小梨家的和田玉,手工,生活,161,220,4926675,2937,9092,185113,5604,17271,2894,1780572193,https://www.bilibili.com/video/BV15iEc6VEfH,http://i2.hdslb.com/bfs/archive/c1597efe82d66a7f728f8bdd84505eff4b7f5ac9.jpg
2026-06-06,2026-06-06 15:04:40,2,BV1Qi7f6eE59,116690805395451,致敬每一个心中有花，努力奔跑的人,爱画画的子衿,亲子,生活,254,313,1468499,2965,3084,200522,99004,12734,3017,1780561800,https://www.bilibili.com/video/BV1Qi7f6eE59,http://i1.hdslb.com/bfs/archive/2c9cc3dd70d264a8473e46b8bebaad7db4d6ef2c.jpg
2026-06-06,2026-06-06 15:04:40,3,BV1vkVB6NEuR,116680252462308,“超微距”下的瑞士长什么样？,影视飓风,娱乐粉丝创作,娱乐,242,1369,3480469,7796,2973,152028,47319,26843,5710,1780477200,https://www.bilibili.com/video/BV1vkVB6NEuR,http://i1.hdslb.com/bfs/archive/5b0c10c80ad8bf4789b41860cadc70e8c144245b.jpg
2026-06-06,2026-06-06 15:04:40,4,BV17GEP6xEDW,116692348832614,新三国up锐评楚汉传奇01：是不是我打开的方式不太对？,吃蛋挞的折棒,影视杂谈,影视,182,1348,1149622,17112,9987,112583,111251,23538,8935,1780624800,https://www.bilibili.com/video/BV17GEP6xEDW,http://i2.hdslb.com/bfs/archive/4e5cd47c8551d2b66643e2800041b7ec2d3bf729.jpg
2026-06-06,2026-06-06 15:04:40,5,BV15wVB6YECT,116678608359768,一顿饭只要三块钱，客人吃着吃着，人就“没了”,瞎通不设计了,美食侦探,美食,212,187,2116797,2334,6053,265284,154925,24117,3941,1780390800,https://www.bilibili.com/video/BV15wVB6YECT,http://i1.hdslb.com/bfs/archive/fd898a754bc3cf4317349a2b3c4394e104417434.jpg
2026-06-06,2026-06-06 15:04:40,6,BV16BVy6wEfx,116682534162276,《你来真的啊》,伤心欲茄222,搞笑,娱乐,138,116,2965794,1184,4986,297430,5800,19227,3506,1780459200,https://www.bilibili.com/video/BV16BVy6wEfx,http://i1.hdslb.com/bfs/archive/f16abe0150882e397bf053e6d7a1e4dced090de1.jpg
2026-06-06,2026-06-06 15:04:40,7,BV19ZEF6MEBV,116690117464228,人在干坏事的时候是不怕苦不怕累的,我是易拉爆,日常,生活,21,309,1900423,1186,3136,173920,11575,24474,12111,1780550100,https://www.bilibili.com/video/BV19ZEF6MEBV,http://i2.hdslb.com/bfs/archive/5a3e59dd5183e87d69b1ad3224466b821bf05e23.jpg
2026-06-06,2026-06-06 15:04:40,8,BV13s7z63EjV,116695016477738,《绝区零》3.0新地块实机演示,绝区零,手机游戏,游戏,172,599,1303599,8821,12996,117195,55584,21161,23610,1780624803,https://www.bilibili.com/video/BV13s7z63EjV,http://i0.hdslb.com/bfs/archive/ac132a13aed30f0b83ff50dfb56d83e2e518206a.jpg
2026-06-06,2026-06-06 15:04:40,9,BV16kV26TES7,116685470175022,当父母说出了正确答案：,进击的金厂长,搞笑,娱乐,138,129,4443519,1987,2072,321567,121056,146142,2469,1780479155,https://www.bilibili.com/video/BV16kV26TES7,http://i0.hdslb.com/bfs/archive/982b25c4ef21fb08f77ae933c89f4b99d5b0c86a.jpg
2026-06-06,2026-06-06 15:04:40,10,BV16DVz6UE77,116679229180052,如何拍出电影感大片,喜欢拍照的皮皮,日常,生活,21,60,3332581,300,1958,301916,9767,89213,7342,1780384052,https://www.bilibili.com/video/BV16DVz6UE77,http://i1.hdslb.com/bfs/archive/82ba23d6fb45244f769f8f127cfbe2f51afe67c8.jpg
2026-06-06,2026-06-06 15:04:40,11,BV1wEEc6REms,116692097238799,城市大富翁（5）,雨哥到处跑,日常,生活,21,3846,1175715,30234,4911,112681,92489,31348,4217,1780628700,https://www.bilibili.com/video/BV1wEEc6REms,http://i1.hdslb.com/bfs/archive/8628e50dc2e56aec5815c8e3f665d304cfe23d80.jpg
2026-06-06,2026-06-06 15:04:40,12,BV1XQ7Z6eEki,116689412819066,特朗普的愤怒,燕三嘤嘤嘤,人文历史,知识,228,1133,2650962,10290,4590,133642,31860,19740,2526,1780545020,https://www.bilibili.com/video/BV1XQ7Z6eEki,http://i0.hdslb.com/bfs/archive/d106118a7a33e310838a2e387ce511583c5a7a62.jpg
2026-06-06,2026-06-06 15:04:40,13,BV1w6EF6QEjZ,116690033778619,不看后悔！史上最神人店家！,转生成为毛毛,美食侦探,美食,212,186,2703884,3404,7722,140785,3616,23183,11526,1780563600,https://www.bilibili.com/video/BV1w6EF6QEjZ,http://i1.hdslb.com/bfs/archive/07cb98d8f59285212c90c7646739a87803bf06c0.jpg
2026-06-06,2026-06-06 15:04:40,14,BV1jwV663EjR,116679380112598,我的世界杯主题曲！IShowSpeed - World Cup (Champions),ishowspeedsui,竞技体育,运动,236,299,4246137,2295,9544,234962,42285,40877,13986,1780386563,https://www.bilibili.com/video/BV1jwV663EjR,http://i2.hdslb.com/bfs/archive/2807f6a9b9342740dfa8764e7bcc6e231196c94f.jpg
2026-06-06,2026-06-06 15:04:40,15,BV1kCVU65ERM,116669112386149,初中生斗胆跳一段jam,特崮斯,篮球,运动,235,45,5896864,5951,17609,1141503,185235,119663,17626,1780229707,https://www.bilibili.com/video/BV1kCVU65ERM,http://i1.hdslb.com/bfs/archive/5871a66dc8e356ff71da4a6d99d5922b4a6a3fce.jpg
2026-06-06,2026-06-06 15:04:40,16,BV1XEV26XEsz,116683641455201,冠以破碎之名：第一集 冰潮寒雨之夏,Xavier_白昼,综合,综合,27,1106,1298112,1710,2303,97229,20422,59760,3265,1780451269,https://www.bilibili.com/video/BV1XEV26XEsz,http://i0.hdslb.com/bfs/archive/edb3c2a03146bbc3390581aa30c41b8e3c3ab846.jpg
2026-06-06,2026-06-06 15:04:40,17,BV1MG7961Efg,116685688276783,下 一 个 抓 谁 ！！！,啊吗粽,搞笑,娱乐,138,586,1303727,4245,2216,117568,57238,21762,2881,1780482465,https://www.bilibili.com/video/BV1MG7961Efg,http://i2.hdslb.com/bfs/archive/55e9b58ea3d6a84a655b0d2607bb6ff7e31c6d34.jpg
2026-06-06,2026-06-06 15:04:40,18,BV1sC7R6VEF3,116687181451048,【侯绿萝】视频加载中，速速查收惊喜！,侯绿萝,小剧场,娱乐,85,233,1585620,1283,1286,151845,8796,12287,1582,1780538400,https://www.bilibili.com/video/BV1sC7R6VEF3,http://i0.hdslb.com/bfs/archive/e40df1469a3bc68659f30a77b0e0801ae88938bb.jpg
2026-06-06,2026-06-06 15:04:40,19,BV1QzVR63E3L,116671930963542,回忆永远都是加分项,央视新闻,日常,生活,21,184,3506022,27537,23505,613631,239294,185643,58648,1780286400,https://www.bilibili.com/video/BV1QzVR63E3L,http://i2.hdslb.com/bfs/archive/f4dc3fe8ea88a450877315e867b4995121d5dbf6.jpg
2026-06-06,2026-06-06 15:04:40,20,BV1RvVo6QEqo,116674682426936,不儿，你俩来真的啊？！,主持人yoyo酱,搞笑,娱乐,138,265,5387643,15035,11995,643969,492955,115305,13758,1780314627,https://www.bilibili.com/video/BV1RvVo6QEqo,http://i1.hdslb.com/bfs/archive/e8bde3297455f3796e516de2362d5eb1085d9abf.jpg
2026-06-06,2026-06-06 15:04:40,21,BV168796PEv1,116685839403735,如此仙音唯有挠臭,lulu和露爸,喵星人,喵星人,218,26,3650651,10841,4181,461789,10538,88714,18641,1780484850,https://www.bilibili.com/video/BV168796PEv1,http://i1.hdslb.com/bfs/archive/87f3ce4876a2e50e34a2c1b24dfe10ae34700a55.jpg
2026-06-06,2026-06-06 15:04:40,22,BV1mhV26yETL,116683775678542,科比的哲学启示录第十四期,蟹不肉丨,影视剪辑,影视,183,74,4850102,1136,6590,298375,14226,76291,14239,1780453236,https://www.bilibili.com/video/BV1mhV26yETL,http://i0.hdslb.com/bfs/archive/738134aa027bf05aa3f3843c528db81f3d78307d.jpg
2026-06-06,2026-06-06 15:04:40,23,BV1GHEw6rEo4,116691140875979,无能的杰哥,神威-狗剩,影视剪辑,影视,183,154,2646248,1673,3250,125968,6775,22342,24389,1780565876,https://www.bilibili.com/video/BV1GHEw6rEo4,http://i2.hdslb.com/bfs/archive/0814d03bdf68a6a83cba4b8ba18fa6d58d6de912.jpg
2026-06-06,2026-06-06 15:04:40,24,BV1gWEw6gE4X,116691056987748,“这种没流量的画画最狠了”,像风如你o_O,日常,生活,21,25,1991362,548,2966,252707,6626,20920,969,1780564358,https://www.bilibili.com/video/BV1gWEw6gE4X,http://i0.hdslb.com/bfs/archive/96621cf035234fbf3c3d6f498d6f4d5eae388c12.jpg
2026-06-06,2026-06-06 15:04:40,25,BV1pnVm6GEQG,116685386483651,“当bro以为自己很有影响力时…”,林宇辉,社科·法律·心理,知识,124,16,830651,445,1889,239393,9428,30175,1154,1780478075,https://www.bilibili.com/video/BV1pnVm6GEQG,http://i1.hdslb.com/bfs/archive/02329b4beff89227f0f34b10ef7ca21a2b920c65.jpg
2026-06-06,2026-06-06 15:04:40,26,BV1xuVC6AEbg,116681426868021,今天把我关于《丧尸清道夫》的创作思路分享给大家，如果能帮到你，我会很开心。,Mx-Shell,影视剪辑,影视,183,2573,1129348,857,1895,67926,27808,70655,9765,1780452000,https://www.bilibili.com/video/BV1xuVC6AEbg,http://i0.hdslb.com/bfs/archive/4a766d587664347016b0288147deb324a2964232.jpg
2026-06-06,2026-06-06 15:04:40,27,BV1ogV26FEhB,116683943643894,兄弟们！今天给良子做一个入营测试，这身体身体素质，跟我想的不太一样啊!,健身华哥,运动综合,运动,238,246,2606679,4753,57453,123206,3587,7129,14155,1780455998,https://www.bilibili.com/video/BV1ogV26FEhB,http://i1.hdslb.com/bfs/archive/0ef39901811fd5680c39a67445609ba38a9560c2.jpg
2026-06-06,2026-06-06 15:04:40,28,BV1VWVz6TELx,116679598147712,星际穿越的我，试图提醒过去的自己....,考研英语大雁,校园学习,知识,208,33,2673654,622,2172,345319,7475,44106,6160,1780389685,https://www.bilibili.com/video/BV1VWVz6TELx,http://i0.hdslb.com/bfs/archive/5822709cbd5c2a8a09fabc50bcfdcfc29859f9a1.jpg
2026-06-06,2026-06-06 15:04:40,29,BV1W6VZ6MEbd,116674313328609,🍄欠揍气球🍄,纸片马力欧,日常,生活,21,40,3252832,2292,8125,397988,29247,198045,65072,1780309043,https://www.bilibili.com/video/BV1W6VZ6MEbd,http://i0.hdslb.com/bfs/archive/3d18bae01c4fc365d9e7e0ede5efb926e32115ad.jpg
2026-06-06,2026-06-06 15:04:40,30,BV1Qt7X61Enn,116686241993999,百万英镑，但素质过低,青时晚,影视剪辑,影视,183,174,1747534,1577,1865,104952,7357,25687,10083,1780490956,https://www.bilibili.com/video/BV1Qt7X61Enn,http://i0.hdslb.com/bfs/archive/1573985b4950f4d1001b3a21a50adab722b0a0f1.jpg
2026-06-06,2026-06-06 15:04:40,31,BV1oqVB6BECd,116680034425733,《原神》洛恩角色PV——「标准化考核」,原神,手机游戏,游戏,172,702,1743333,7932,5924,144916,36494,30680,11440,1780459200,https://www.bilibili.com/video/BV1oqVB6BECd,http://i2.hdslb.com/bfs/archive/f040c8f664a034a919aee60209ef17c155dbe2df.jpg
2026-06-06,2026-06-06 15:04:40,32,BV1hAVm6XEE2,116685570836474,【传奇耐熬王】经典排骨💀60天仍然有5人存活💪到最后拼的就是谁身体好！🤦‍♂️,-超级小能猫-,搞笑,娱乐,138,2617,1995320,13235,2672,76691,16848,36984,3480,1780481719,https://www.bilibili.com/video/BV1hAVm6XEE2,http://i0.hdslb.com/bfs/archive/dc3782f8b522707e818c2537030e1b8893332367.jpg
2026-06-06,2026-06-06 15:04:40,33,BV1pDV86oE6S,116657217344637,热烈欢迎薛凯琪！工作之余，Fiona会带哪些让自己感到快乐的东西呢～（录完这期脑海里都是Fifi的笑声,papi酱,短片,动画,256,2017,924446,9021,3836,100013,39738,12831,5767,1780632000,https://www.bilibili.com/video/BV1pDV86oE6S,http://i2.hdslb.com/bfs/archive/032f4048d6f94c465fc10972289999cf79f2572f.jpg
2026-06-06,2026-06-06 15:04:40,34,BV1gzVC6kE1S,116683507243907,【低成本在家实现牛排自由‼️ 】,村驴,美食制作,美食,76,329,880279,548,2297,83198,8096,62680,8868,1780449310,https://www.bilibili.com/video/BV1gzVC6kE1S,http://i0.hdslb.com/bfs/archive/005d3e68934a884c17ab0f89f1daac2ae9982f39.jpg
2026-06-06,2026-06-06 15:04:40,35,BV1gsEw6zExs,116691040208641,你的高考/中考/期末考belike,哈基mer-猫meme,搞笑,娱乐,138,22,561747,21975,1616,205853,21442,42371,3780,1780564012,https://www.bilibili.com/video/BV1gsEw6zExs,http://i2.hdslb.com/bfs/archive/4f76f8d127f1c6d5a990c89a161f10356e783cd4.jpg
2026-06-06,2026-06-06 15:04:40,36,BV1yiEF6WErx,116690419585062,奶香馒头,夏叔厨房,美食制作,美食,76,76,1456811,838,6576,191838,6360,16312,1015,1780554601,https://www.bilibili.com/video/BV1yiEF6WErx,http://i1.hdslb.com/bfs/archive/82992eb9cddf1a5a5e5e77e481db8626c6005de9.jpg
2026-06-06,2026-06-06 15:04:40,37,BV12R7Q6MEJX,116686543914174,你说你有点难追～,未知艺术家_611,搞笑,娱乐,138,30,2218542,190,1793,209048,2391,20625,3123,1780495648,https://www.bilibili.com/video/BV12R7Q6MEJX,http://i2.hdslb.com/bfs/archive/aeaf33a25e079b26433a425ee56ac24f566861d7.jpg
2026-06-06,2026-06-06 15:04:40,38,BV1rg7C6TEUm,116696912369911,一句“一氧化二氢”能钓出多少“读稿机”？,中国食品报融媒体,科学科普,知识,201,291,2637374,3981,13359,116598,8041,14083,9153,1780653928,https://www.bilibili.com/video/BV1rg7C6TEUm,http://i1.hdslb.com/bfs/archive/1081ed32a36e81bee443915a997ed5f2bd56badd.jpg
2026-06-06,2026-06-06 15:04:40,39,BV1cmVz6DEmi,116679329712224,初代跑男团战力排行,东方日出哇,特摄,动画,86,600,2049912,4974,3348,164832,7486,21341,3988,1780385423,https://www.bilibili.com/video/BV1cmVz6DEmi,http://i0.hdslb.com/bfs/archive/ee051686685860fea8d8721ddf5c5d7f35a85e5f.jpg
2026-06-06,2026-06-06 15:04:40,40,BV1jeEc6yE75,116691593992011,《你说谁错谁就错，因为你开迈巴赫》,嘞是唐孃孃,搞笑,娱乐,138,34,2651261,158,1889,203476,2496,12933,1103,1780572588,https://www.bilibili.com/video/BV1jeEc6yE75,http://i0.hdslb.com/bfs/archive/cc74080d84744d7622f9f9dd492a1583e00aaed7.jpg
2026-06-06,2026-06-06 15:04:40,41,BV1df7r6REpB,116695469463690,如何在家制造浓汤宝,嘤武罗,日常,生活,21,501,1906746,2395,2165,100675,28066,23384,1416,1780650000,https://www.bilibili.com/video/BV1df7r6REpB,http://i2.hdslb.com/bfs/archive/94c85d2ebad9002fcbad0c7ef2f3c8a3f1ec6768.jpg
2026-06-06,2026-06-06 15:04:40,42,BV1bwV161Er2,116684413209270,【aespa】LEMONNNN,aespa,音乐综合,音乐,130,11,5778401,10414,20406,109985,25112,12449,6308,1780475400,https://www.bilibili.com/video/BV1bwV161Er2,http://i1.hdslb.com/bfs/archive/1e63fbee388c793dc0403c872eefb52a8d7d8615.jpg
2026-06-06,2026-06-06 15:04:40,43,BV1cu7r6FEPd,116696023045705,英国，沦为印度殖民地,平原公子,日常,生活,21,463,1661298,6839,4955,110414,4078,10539,9419,1780640137,https://www.bilibili.com/video/BV1cu7r6FEPd,http://i1.hdslb.com/bfs/archive/95ba7fb80bc2a46fc2c8f7ff69a08c57c40ef914.jpg
2026-06-06,2026-06-06 15:04:40,44,BV1F9Vz62ExS,116679262606457,一辈子一定要体验一次的游戏，绝对不能被剧透的神作,易铭小疯子,网络游戏,游戏,65,537,1058256,5063,8389,60267,7745,65886,4053,1780403895,https://www.bilibili.com/video/BV1F9Vz62ExS,http://i2.hdslb.com/bfs/archive/d453d6bbde6ccd80f0fd714edde7b754c3e5255e.jpg
2026-06-06,2026-06-06 15:04:40,45,BV18qVr6KEk8,116680554519472,一个投了3万元必火的视频,奥利奥利奥是1,日常,生活,21,46,892090,1549,7564,218735,19841,23583,4051,1780405200,https://www.bilibili.com/video/BV18qVr6KEk8,http://i0.hdslb.com/bfs/archive/0c023b00bd1d3a694bdd40c9d19039f1436532b1.jpg
2026-06-06,2026-06-06 15:04:40,46,BV1kzVy6hEGb,116682517385619,手绘2000多张沙画，历时3年制作,胡雪朗,绘画,绘画,162,54,782819,754,1435,177332,43795,25142,3731,1780457400,https://www.bilibili.com/video/BV1kzVy6hEGb,http://i0.hdslb.com/bfs/archive/959cf6a92144f70d7339865fe00cd198c4c8da9e.jpg
2026-06-06,2026-06-06 15:04:40,47,BV1aFVm6REvY,116685537281059,蜘蛛糸モノポリー,苏酥鱼鱼喵,MMD·3D,动画,25,113,590859,163,1315,116288,4572,42962,3396,1780480166,https://www.bilibili.com/video/BV1aFVm6REvY,http://i0.hdslb.com/bfs/archive/43aeddbc4a47c5117090dc56e61b94bb7a858ec0.jpg
2026-06-06,2026-06-06 15:04:40,48,BV1yo7B68EHX,116695117207554,《鸣潮》×《赛博朋克：边缘行者》共鸣者战斗演示 | 露西,鸣潮,单机游戏,游戏,17,283,2157834,2190,8062,75224,23020,13200,13900,1780628400,https://www.bilibili.com/video/BV1yo7B68EHX,http://i2.hdslb.com/bfs/archive/61426f2876187b9326f1b732fdea7044e08d7ea3.jpg
2026-06-06,2026-06-06 15:04:40,49,BV1LLVU6eE1t,116684782373820,你到底娶不娶我…,ENX叉叉酱,同人·手书,动画,47,77,837601,1103,6607,156588,9149,15525,4450,1780484400,https://www.bilibili.com/video/BV1LLVU6eE1t,http://i0.hdslb.com/bfs/archive/cffaf3db4947fd6d7956bd49b83dcea884c3307b.jpg
2026-06-06,2026-06-06 15:04:40,50,BV1uXEA6gEMu,116692567070822,“别着急，我来给你补充「偶！像！能！量！」”,小耗owo,手机游戏,游戏,172,80,700028,444,1362,148586,7878,31746,6220,1780624800,https://www.bilibili.com/video/BV1uXEA6gEMu,http://i1.hdslb.com/bfs/archive/64822f49e99e9fb8b41ba5e0f9e06f48d4b76446.jpg
2026-06-06,2026-06-06 15:04:40,51,BV1r6V26BE9i,116685486949496,《上海奥特曼4：沪特曼集结！》,册那队长,小剧场,娱乐,85,53,2928374,965,5359,132995,9758,18835,30382,1780479544,https://www.bilibili.com/video/BV1r6V26BE9i,http://i0.hdslb.com/bfs/archive/a062cb9d7991230d0d7287d7d8fd5bead9ec6788.jpg
2026-06-06,2026-06-06 15:04:40,52,BV1797X6ZEvW,116686158038804,真跳60分钟，天台暴晒也算时间哦,矮乐多Aliga,日常,生活,21,3639,1056542,1015,1569,58260,11579,20587,2275,1780490050,https://www.bilibili.com/video/BV1797X6ZEvW,http://i0.hdslb.com/bfs/archive/51a11a46ff9c8a78cf19a5444bd1f18bb0099c9d.jpg
2026-06-06,2026-06-06 15:04:40,53,BV1L7Ew65ETv,116691124098703,我养护的石拱桥，已经被国家收录为不可移动文物！,抓紧长长长呀,三农,生活,251,604,1304923,966,1863,100133,5827,6682,396,1780565746,https://www.bilibili.com/video/BV1L7Ew65ETv,http://i1.hdslb.com/bfs/archive/56f52737bc566db19c5316ccdcc3b87cc81709e0.jpg
2026-06-06,2026-06-06 15:04:40,54,BV1sKVr64EXg,116680621561843,演员魏宗万于6月1日去世，享年89岁,中国电影报道,预告·资讯,影视,184,26,1224372,19437,5886,309265,23214,15043,7587,1780406134,https://www.bilibili.com/video/BV1sKVr64EXg,http://i0.hdslb.com/bfs/archive/1148ab18f92299926855421cea80f91871e7f32a.jpg
2026-06-06,2026-06-06 15:04:40,55,BV1R7Ew65ERR,116691124229360,当爸爸找亲戚买手机,刘鸿哥哥,小剧场,娱乐,85,119,1965105,788,2258,134282,1067,7049,1378,1780565630,https://www.bilibili.com/video/BV1R7Ew65ERR,http://i0.hdslb.com/bfs/archive/5e4feb10a7cf9e178bf7e9a619d62843bc5ae8b2.jpg
2026-06-06,2026-06-06 15:04:40,56,BV1T2V161E6J,116684195106574,地牢酒馆-12集 《蜕皮的蜥蜴人与神奇薄荷》,粘土工厂,单机游戏,游戏,17,212,940722,1249,1935,135141,20344,16433,1820,1780459574,https://www.bilibili.com/video/BV1T2V161E6J,http://i0.hdslb.com/bfs/archive/f5c43e682c7ce44c1f2733c2cbb5889650fd5a05.jpg
2026-06-06,2026-06-06 15:04:40,57,BV1jLVU6eEXE,116684782377667,可不可以买三十块烧腊？,食深烧腊,美食测评,美食,213,99,1011399,728,2124,116951,68483,5167,559,1780468779,https://www.bilibili.com/video/BV1jLVU6eEXE,http://i1.hdslb.com/bfs/archive/62b6a42513640bcbd689b2a89fb9b999a1205332.jpg
2026-06-06,2026-06-06 15:04:40,58,BV1WT7C6uEj8,116696878749194,猫 咪 的 花 语 是 老 吴🎵,幾加乘,同人·手书,动画,47,259,983023,1188,2021,81666,11551,15427,6639,1780653131,https://www.bilibili.com/video/BV1WT7C6uEj8,http://i0.hdslb.com/bfs/archive/ad354ddb8c2e2bf697327dc182835b3d6014f4b1.jpg
2026-06-06,2026-06-06 15:04:40,59,BV1f3VU6KEqy,116684832644044,"从""健身芭比""到""女企业家""，帕梅拉有多会""赚""？",小Lin说,财经商业,知识,207,1745,1945296,1710,1445,53787,9982,17674,3272,1780479000,https://www.bilibili.com/video/BV1f3VU6KEqy,http://i0.hdslb.com/bfs/archive/ad9df863f29ccc8f07472fc5234c04740f6ee4b3.jpg
2026-06-06,2026-06-06 15:04:40,60,BV1ps796qErr,116685822560107,谁在等谁的出现,为了我活下去,综合,综合,27,36,549423,277,1529,166249,8376,26632,1985,1780484521,https://www.bilibili.com/video/BV1ps796qErr,http://i1.hdslb.com/bfs/archive/49a476c711b1d61ec7ffa37684a398ddb857435a.jpg
2026-06-06,2026-06-06 15:04:40,61,BV1DB7f6AEBK,116690989942959,最 不 物 质 之 人,张八筒筒,日常,生活,21,127,1768679,749,775,136630,1202,6380,654,1780563943,https://www.bilibili.com/video/BV1DB7f6AEBK,http://i1.hdslb.com/bfs/archive/612e05a8e02454bd4e3723991d4808f061b1c188.jpg
2026-06-06,2026-06-06 15:04:40,62,BV1idV26bE2E,116685654921483,宗元舞2.0紧绷之人3,是柳宗元,电子竞技,游戏,171,51,1454528,403,996,157034,3294,19634,3074,1780481914,https://www.bilibili.com/video/BV1idV26bE2E,http://i2.hdslb.com/bfs/archive/395efa2aefe284345f5e64ce17985d0467cd2247.jpg
2026-06-06,2026-06-06 15:04:40,63,BV1LCV66VE45,116680873346829,剥蒜的情谊147.0,NinthA-,网络游戏,游戏,65,147,1638723,728,788,120243,1525,19606,1565,1780455600,https://www.bilibili.com/video/BV1LCV66VE45,http://i1.hdslb.com/bfs/archive/21d74a2ecc26d0c95ecd1e1af6e84bf567bf37c9.jpg
2026-06-06,2026-06-06 15:04:40,64,BV1uE7d6JEAp,116688674624635,啥龙：医生说我只剩几天了……,小陈的脚凑凑的,日常,生活,21,181,948024,1080,1529,67429,5650,16124,3349,1780528049,https://www.bilibili.com/video/BV1uE7d6JEAp,http://i1.hdslb.com/bfs/archive/e92886e4f49270b6f1a24481e0b0851d64e70fc4.jpg
2026-06-06,2026-06-06 15:04:40,65,BV1JKEw6QEw9,116691509970719,我读了你们的评论 把阎王召唤出来了T_T,汤木檀泽,日常,生活,21,959,1504864,1340,1516,96541,5582,13665,466,1780571268,https://www.bilibili.com/video/BV1JKEw6QEw9,http://i1.hdslb.com/bfs/archive/0b6c7ccb214b6211a4cf9a8741eb473536e42587.jpg
2026-06-06,2026-06-06 15:04:40,66,BV15C7k6REKC,116697197451293,公测定档7月 | 《遗忘之海》船员集结摇滚MV「燥」,遗忘之海,GMV,GMV,121,205,1928878,492,838,46855,31968,29888,3059,1780711200,https://www.bilibili.com/video/BV15C7k6REKC,http://i0.hdslb.com/bfs/archive/bef8db958217ad42ed011f4bf5d5d6c1cf3a4bad.jpg
2026-06-06,2026-06-06 15:04:40,67,BV1Nk7X6TEnq,116686023955827,半个小孩，全部的妈妈,超级猫猫兽,同人·手书,动画,47,483,1440030,1643,4701,118339,18693,51461,4341,1780487705,https://www.bilibili.com/video/BV1Nk7X6TEnq,http://i0.hdslb.com/bfs/archive/25cb3d6f6dd951590c71a8ea993463455554b0c6.jpg
2026-06-06,2026-06-06 15:04:40,68,BV1bV7k6LExn,116697264560365,再见！一系列！高考必胜！,一数,校园学习,知识,208,193,497289,18873,10303,57032,23484,11792,4050,1780659292,https://www.bilibili.com/video/BV1bV7k6LExn,http://i2.hdslb.com/bfs/archive/5df66240b2b71ca2bc6ce697e929657b1b1df5a4.jpg
2026-06-06,2026-06-06 15:04:40,69,BV1nWVm6uEqb,116685285624503,我吃牛瘪火锅 结果买错牛胃了,张离谱Dreams,搞笑,娱乐,138,97,1613551,850,2232,102361,1596,28445,7789,1780476405,https://www.bilibili.com/video/BV1nWVm6uEqb,http://i0.hdslb.com/bfs/archive/6f4f02f224993a1933f3e515e84d84edb5ca3808.jpg
2026-06-06,2026-06-06 15:04:40,70,BV1G1VB6PEro,116680286144492,今天的员工够燥的~#异宠 #爬宠 #慢宠时钟 #萌宠,慢宠日记啊,日常,生活,21,79,3505348,646,3498,138202,1758,10000,6543,1780400126,https://www.bilibili.com/video/BV1G1VB6PEro,http://i0.hdslb.com/bfs/archive/816ee56ee784d2ccfe8c14d2289cfa7fa2839d73.jpg
2026-06-06,2026-06-06 15:04:40,71,BV1vEEP6HEFw,116692281789801,2025年出货量370万台！激光雷达真成“安全气囊”了？,保镖的车库,新能源车,新能源车,247,606,1291134,440,552,82562,2588,7617,339,1780653900,https://www.bilibili.com/video/BV1vEEP6HEFw,http://i1.hdslb.com/bfs/archive/76872e6b743f73527ee70c89a75c39214a868540.jpg
2026-06-06,2026-06-06 15:04:40,72,BV1BqVS6MEL8,116668592363308,欢迎来到304班娃娃店,蟹上皇呀,日常,生活,21,114,2459989,1298,4407,263412,14725,107303,16484,1780221495,https://www.bilibili.com/video/BV1BqVS6MEL8,http://i1.hdslb.com/bfs/archive/9efeef607e818a1f01d4a5f1009a80d45ffcb333.jpg
2026-06-06,2026-06-06 15:04:40,73,BV1NoVm62EFd,116684715197497,金库测金，海峡测雷，万税爷进军测评赛道？,麻薯波比呀,社科·法律·心理,知识,124,1010,1228539,2385,2556,72562,7940,7349,813,1780479745,https://www.bilibili.com/video/BV1NoVm62EFd,http://i2.hdslb.com/bfs/archive/d200d3f215d8a9d6eb13923af38007a3d0ff34b4.jpg
2026-06-06,2026-06-06 15:04:40,74,BV1jBVS6qEPK,116668508406277,竹丝镶嵌,归乡人山白,手工,生活,161,577,850378,3014,1469,126077,59350,13224,2037,1780410000,https://www.bilibili.com/video/BV1jBVS6qEPK,http://i2.hdslb.com/bfs/archive/1e293d2f3fac4fc22d32427cb5a045e65e22e361.jpg
2026-06-06,2026-06-06 15:04:40,75,BV1edV26tEsB,116685654722666,复仇整蛊！蛋黄派伪装摄影师突袭周深，几秒就被识破？,记录生活的蛋黄派,美食测评,美食,213,556,2500343,7066,2767,91224,28536,39908,3742,1780565400,https://www.bilibili.com/video/BV1edV26tEsB,http://i2.hdslb.com/bfs/archive/a16b60bc03719059e3218dee538877f554f3f9b4.jpg
2026-06-06,2026-06-06 15:04:40,76,BV1ypV66dEru,116681359754958,G胖为上架R18游戏硬刚V社法务 玩家至上 不做干预,Will游戏堂,数码,科技,95,51,1236709,703,3470,144127,2541,19569,10388,1780444800,https://www.bilibili.com/video/BV1ypV66dEru,http://i1.hdslb.com/bfs/archive/e3e911d6f451bd85e0fb10b15ba13e2f9b6b96cc.jpg
2026-06-06,2026-06-06 15:04:40,77,BV1TL796CE52,116685721830606,歌剧老师锐评韩娱BLACKPINK  JYP & MAMAOO Red Velvet TWICE,铁豆钢蛋,乐评盘点,音乐,243,3086,922961,21930,11353,44935,19455,7875,2607,1780483444,https://www.bilibili.com/video/BV1TL796CE52,http://i1.hdslb.com/bfs/archive/ab6356296c8f9523a858fc15dd4a808fbc51b773.jpg
2026-06-06,2026-06-06 15:04:40,78,BV1WgVC6YERr,116681410283485,理财PK两个月，6位UP主已经彻底疯狂...【理财王5月战绩汇报】,-LKs-,财经商业,知识,207,779,1768939,4300,4950,63203,13138,12219,8311,1780459200,https://www.bilibili.com/video/BV1WgVC6YERr,http://i0.hdslb.com/bfs/archive/64ee687bda302bd6feee386ca990737e67920669.jpg
2026-06-06,2026-06-06 15:04:40,79,BV1usEw6zEiy,116691040210390,【餐馆TV】UP今天发烧了……作品会不会受影响啊,大乾乾是顾乾宇,小剧场,娱乐,85,141,774800,1281,2344,87436,2642,10382,6087,1780564633,https://www.bilibili.com/video/BV1usEw6zEiy,http://i1.hdslb.com/bfs/archive/6d69be5e1f22dec4058e90f795df2ff7c21e4a91.jpg
2026-06-06,2026-06-06 15:04:40,80,BV17pVC6WECy,116681544304592,带良子和花胖在华哥训练营偷吃，闷子、板面、大肠都安排上,俞涛不光会做九转大肠,美食记录,美食,215,247,1733707,963,2536,80492,2206,5235,2899,1780455600,https://www.bilibili.com/video/BV17pVC6WECy,http://i1.hdslb.com/bfs/archive/ecf1293c7f3c2f89f52a51e5ad0ce5201f1be340.jpg
2026-06-06,2026-06-06 15:04:40,81,BV1PP7C63E2J,116696710912022,《师》我回母校当老师,阿廖沙别害怕_,搞笑,娱乐,138,296,789777,278,488,85395,2017,6274,266,1780650587,https://www.bilibili.com/video/BV1PP7C63E2J,http://i0.hdslb.com/bfs/archive/b04455fde128b88ff0a92e264778512242510bc9.jpg
2026-06-06,2026-06-06 15:04:40,82,BV1B75w6zEG1,116676158823299,二次元老资历童年都在听什么？！老番串烧34首大连唱！,鹿火CAVY,仿妆cos,时尚,252,462,1732945,3346,3887,118978,48828,42535,8418,1780337109,https://www.bilibili.com/video/BV1B75w6zEG1,http://i1.hdslb.com/bfs/archive/a1759f48c315c61aff7325cc0d6c931ad115a8d4.jpg
2026-06-06,2026-06-06 15:04:40,83,BV1EwEF62EhA,116690721443492,当校长挑选教室地板时,Cheems电玩屋,日常,生活,21,18,3228938,520,2761,131318,330,4308,276,1780559484,https://www.bilibili.com/video/BV1EwEF62EhA,http://i0.hdslb.com/bfs/archive/8916553504d48aec3ba5ad2bdfeec5fcf7eefc1c.jpg
2026-06-06,2026-06-06 15:04:40,84,BV15z766SE1A,116696341812776,假如高考什么都可以带,小安苒AIGC,校园学习,知识,208,177,1640687,1858,1800,65537,1860,4664,1130,1780646400,https://www.bilibili.com/video/BV15z766SE1A,http://i2.hdslb.com/bfs/archive/ed743a6a86446310a9957bce92faa671a082a6d8.jpg
2026-06-06,2026-06-06 15:04:40,85,BV1XS796JETP,116687701545253,"""见过花开就好 何必在意花为谁开""19.0",我爱吃派大星,音乐综合,音乐,130,163,1222228,574,1089,68133,781,7871,353,1780532400,https://www.bilibili.com/video/BV1XS796JETP,http://i1.hdslb.com/bfs/archive/29288eae5b7e0f9e2243fa9682885eab8981887d.jpg
2026-06-06,2026-06-06 15:04:40,86,BV1iQV26cEfX,116685436618474,东北下岗三十年后，我看见了普通人的生活,十七岁歌手想打中单,出行,生活,250,3132,968155,2976,4332,37828,10847,14356,3658,1780479467,https://www.bilibili.com/video/BV1iQV26cEfX,http://i2.hdslb.com/bfs/archive/336087b59dbbf943701843cf5d3dfee77ef315e9.jpg
2026-06-06,2026-06-06 15:04:40,87,BV1rMVz67EMs,116679967312875,开关灯木头人挑战！,酱油白米饭原创,小剧场,娱乐,85,99,3064457,449,686,115058,2387,30229,3250,1780395433,https://www.bilibili.com/video/BV1rMVz67EMs,http://i0.hdslb.com/bfs/archive/b909eaaf95648e5156635c9c1afd57ac6da69f64.jpg
2026-06-06,2026-06-06 15:04:40,88,BV1DyVm6REs8,116685117982770,Oi，今天跟老舅争锋相对！！,花小龙oy,健身,运动,164,218,1020253,682,1451,74310,3334,2928,1360,1780473800,https://www.bilibili.com/video/BV1DyVm6REs8,http://i0.hdslb.com/bfs/archive/56fe0a9ea6c893cba847452a26b23804912df627.jpg
2026-06-06,2026-06-06 15:04:40,89,BV1jqVS6MECE,116668592292557,【野餐】你醒啦 现在是2012年的5月份呀,野餐slu2pcekry,宅舞,舞蹈,20,182,1478502,2316,8411,287188,19909,61495,5349,1780221916,https://www.bilibili.com/video/BV1jqVS6MECE,http://i2.hdslb.com/bfs/archive/e9673e0b6ccc8de75e114c6f2ea5484907789e23.jpg
2026-06-06,2026-06-06 15:04:40,90,BV11DVo6rEo7,116674850196476,🐱穷鬼气球,竹内有虫,综合,综合,27,40,1185622,588,4213,147541,9219,44062,24027,1780317192,https://www.bilibili.com/video/BV11DVo6rEo7,http://i0.hdslb.com/bfs/archive/c914f8432580c402c9749aca8e6fa9efa26eedbb.jpg
2026-06-06,2026-06-06 15:04:40,91,BV12QEc6wETE,116691744917719,“我想我再也不会谈恋爱了”,柯洁,影视剪辑,影视,183,34,1250510,770,4264,132389,5267,6231,5758,1780574976,https://www.bilibili.com/video/BV12QEc6wETE,http://i0.hdslb.com/bfs/archive/47071584488230edc82fe88b8fe9b87eb57cd115.jpg
2026-06-06,2026-06-06 15:04:40,92,BV1uX7k6UEPn,116696761239539,把硬装的喊过来！,脱缰凯Kk,小剧场,娱乐,85,219,869662,1298,1318,66005,2013,6968,482,1780651876,https://www.bilibili.com/video/BV1uX7k6UEPn,http://i1.hdslb.com/bfs/archive/1a5306b127f7814fe75bc726966f0f675fcb7e33.jpg
2026-06-06,2026-06-06 15:04:40,93,BV1Qb7R6XECX,116687064072844,⚡冷 笑 话 大 全 6.0⚡,污污云,鬼畜调教,鬼畜,22,66,1061041,140,795,76050,1356,30770,3771,1780545600,https://www.bilibili.com/video/BV1Qb7R6XECX,http://i2.hdslb.com/bfs/archive/edf5ec9306bef71931b52d5b0a961e13f1ecc966.jpg
2026-06-06,2026-06-06 15:04:40,94,BV1uTEc6AEzV,116691963025070,以为这次断更，会是永别,ONLee_Studio,日常,生活,21,211,847002,1592,2362,56379,19542,3862,803,1780578368,https://www.bilibili.com/video/BV1uTEc6AEzV,http://i0.hdslb.com/bfs/archive/65223f1fb3bbe6f7b6e2b1e84b56584802350ec6.jpg
2026-06-06,2026-06-06 15:04:40,95,BV1bL796CEpe,116685721899286,如果我来挑战拍华语地区的经典MV风格？这一期是粉丝投稿哦！,李如儒也是李蠕蠕,小剧场,娱乐,85,159,1091391,1162,836,73941,7155,4147,858,1780483280,https://www.bilibili.com/video/BV1bL796CEpe,http://i2.hdslb.com/bfs/archive/6305a2e9ddc370f1b9e15ba5265e209ff8ea0438.jpg
2026-06-06,2026-06-06 15:04:40,96,BV1LVVv6tEPa,116677970756336,【鹿野/小动画】wonderland [儿童节24h产物],民用核武器,同人·手书,动画,47,37,515162,95,621,168438,15233,28937,2279,1780395093,https://www.bilibili.com/video/BV1LVVv6tEPa,http://i1.hdslb.com/bfs/archive/2ef288272c38b705f82c7e23150d7ae538b17ce8.jpg
2026-06-06,2026-06-06 15:04:40,97,BV1uX7k6UENx,116696761239484,巨构：没有告别,巨构ai,网络游戏,游戏,65,19,631523,228,1805,116133,3599,47623,1353,1780651506,https://www.bilibili.com/video/BV1uX7k6UENx,http://i0.hdslb.com/bfs/archive/1422e60b2923b373953bd4ce6433b6f0e91f9501.jpg
2026-06-06,2026-06-06 15:04:40,98,BV1uAVo6yE5n,116673222806359,阳寿伏妖  青州篇【一口气看完八小时合集】,七夜不起夜z,综合,综合,27,31228,1115760,12417,1649,62190,36748,71604,3487,1780292399,https://www.bilibili.com/video/BV1uAVo6yE5n,http://i2.hdslb.com/bfs/archive/1d5f24afd7637434849f1321276448ab358b1094.jpg
2026-06-06,2026-06-06 15:04:40,99,BV1ZUEF65EzU,116690016801808,论画手的高三生活有多燃！,圆脸面包人,绘画,绘画,162,141,667148,278,564,78657,2778,11467,1575,1780548385,https://www.bilibili.com/video/BV1ZUEF65EzU,http://i2.hdslb.com/bfs/archive/d2c74006b8fe69158c1e24fb31690a791ce674d0.jpg
2026-06-06,2026-06-06 15:04:40,100,BV1xdEc6bEcK,116691426088191,肉食脑袋的硬菜局！爆辣猪蹄+火锅鸡泡面香迷糊,方芳的快乐生活,美食侦探,美食,212,1134,1254016,1348,697,61904,8822,10186,2154,1780571551,https://www.bilibili.com/video/BV1xdEc6bEcK,http://i1.hdslb.com/bfs/archive/bdc078c74f5e0987fffca10262d6ced73d562c27.jpg
2026-06-06,2026-06-06 16:04:47,1,BV15iEc6VEfH,116691577216788,路边一块，也能变废为宝，雕刻出大家想要的题材我不知道什么时候天才会亮，但我知道，跑着跑着，天就亮了。,小梨家的和田玉,手工,生活,161,220,5022753,3014,9285,188997,5767,17699,2967,1780572193,https://www.bilibili.com/video/BV15iEc6VEfH,http://i2.hdslb.com/bfs/archive/c1597efe82d66a7f728f8bdd84505eff4b7f5ac9.jpg
2026-06-06,2026-06-06 16:04:47,2,BV1Qi7f6eE59,116690805395451,致敬每一个心中有花，努力奔跑的人,爱画画的子衿,亲子,生活,254,313,1480052,2978,3114,202003,99840,12865,3050,1780561800,https://www.bilibili.com/video/BV1Qi7f6eE59,http://i1.hdslb.com/bfs/archive/2c9cc3dd70d264a8473e46b8bebaad7db4d6ef2c.jpg
2026-06-06,2026-06-06 16:04:47,3,BV1vkVB6NEuR,116680252462308,“超微距”下的瑞士长什么样？,影视飓风,娱乐粉丝创作,娱乐,242,1369,3494403,7828,2983,152595,47546,26946,5733,1780477200,https://www.bilibili.com/video/BV1vkVB6NEuR,http://i1.hdslb.com/bfs/archive/5b0c10c80ad8bf4789b41860cadc70e8c144245b.jpg
2026-06-06,2026-06-06 16:04:47,4,BV17GEP6xEDW,116692348832614,新三国up锐评楚汉传奇01：是不是我打开的方式不太对？,吃蛋挞的折棒,影视杂谈,影视,182,1348,1170391,17303,10146,113875,112299,23795,9032,1780624800,https://www.bilibili.com/video/BV17GEP6xEDW,http://i2.hdslb.com/bfs/archive/4e5cd47c8551d2b66643e2800041b7ec2d3bf729.jpg
2026-06-06,2026-06-06 16:04:47,5,BV19ZEF6MEBV,116690117464228,人在干坏事的时候是不怕苦不怕累的,我是易拉爆,日常,生活,21,309,1915118,1195,3186,175127,11706,24695,12218,1780550100,https://www.bilibili.com/video/BV19ZEF6MEBV,http://i2.hdslb.com/bfs/archive/5a3e59dd5183e87d69b1ad3224466b821bf05e23.jpg
2026-06-06,2026-06-06 16:04:47,6,BV15wVB6YECT,116678608359768,一顿饭只要三块钱，客人吃着吃着，人就“没了”,瞎通不设计了,美食侦探,美食,212,187,2133912,2341,6071,266816,155722,24397,3953,1780390800,https://www.bilibili.com/video/BV15wVB6YECT,http://i1.hdslb.com/bfs/archive/fd898a754bc3cf4317349a2b3c4394e104417434.jpg
2026-06-06,2026-06-06 16:04:47,7,BV16BVy6wEfx,116682534162276,《你来真的啊》,伤心欲茄222,搞笑,娱乐,138,116,2982690,1188,5008,299482,5830,19433,3523,1780459200,https://www.bilibili.com/video/BV16BVy6wEfx,http://i1.hdslb.com/bfs/archive/f16abe0150882e397bf053e6d7a1e4dced090de1.jpg
2026-06-06,2026-06-06 16:04:47,8,BV13s7z63EjV,116695016477738,《绝区零》3.0新地块实机演示,绝区零,手机游戏,游戏,172,599,1315702,8888,13083,117989,55879,21304,23746,1780624803,https://www.bilibili.com/video/BV13s7z63EjV,http://i0.hdslb.com/bfs/archive/ac132a13aed30f0b83ff50dfb56d83e2e518206a.jpg
2026-06-06,2026-06-06 16:04:47,9,BV16kV26TES7,116685470175022,当父母说出了正确答案：,进击的金厂长,搞笑,娱乐,138,129,4548153,2006,2081,326056,122204,149204,2506,1780479155,https://www.bilibili.com/video/BV16kV26TES7,http://i0.hdslb.com/bfs/archive/982b25c4ef21fb08f77ae933c89f4b99d5b0c86a.jpg
2026-06-06,2026-06-06 16:04:47,10,BV1wEEc6REms,116692097238799,城市大富翁（5）,雨哥到处跑,日常,生活,21,3846,1199258,30755,4626,114244,93702,31740,4252,1780628700,https://www.bilibili.com/video/BV1wEEc6REms,http://i1.hdslb.com/bfs/archive/8628e50dc2e56aec5815c8e3f665d304cfe23d80.jpg
2026-06-06,2026-06-06 16:04:47,11,BV16DVz6UE77,116679229180052,如何拍出电影感大片,喜欢拍照的皮皮,日常,生活,21,60,3370893,319,1983,306329,9911,90403,7433,1780384052,https://www.bilibili.com/video/BV16DVz6UE77,http://i1.hdslb.com/bfs/archive/82ba23d6fb45244f769f8f127cfbe2f51afe67c8.jpg
2026-06-06,2026-06-06 16:04:47,12,BV1XQ7Z6eEki,116689412819066,特朗普的愤怒,燕三嘤嘤嘤,人文历史,知识,228,1133,2663649,10318,4599,134100,31980,19782,2540,1780545020,https://www.bilibili.com/video/BV1XQ7Z6eEki,http://i0.hdslb.com/bfs/archive/d106118a7a33e310838a2e387ce511583c5a7a62.jpg
2026-06-06,2026-06-06 16:04:47,13,BV1w6EF6QEjZ,116690033778619,不看后悔！史上最神人店家！,转生成为毛毛,美食侦探,美食,212,186,2733675,3429,7800,142626,3650,23550,11645,1780563600,https://www.bilibili.com/video/BV1w6EF6QEjZ,http://i1.hdslb.com/bfs/archive/07cb98d8f59285212c90c7646739a87803bf06c0.jpg
2026-06-06,2026-06-06 16:04:47,14,BV1kCVU65ERM,116669112386149,初中生斗胆跳一段jam,特崮斯,篮球,运动,235,45,5928022,6114,17682,1147140,186048,120335,17716,1780229707,https://www.bilibili.com/video/BV1kCVU65ERM,http://i1.hdslb.com/bfs/archive/5871a66dc8e356ff71da4a6d99d5922b4a6a3fce.jpg
2026-06-06,2026-06-06 16:04:47,15,BV1jwV663EjR,116679380112598,我的世界杯主题曲！IShowSpeed - World Cup (Champions),ishowspeedsui,竞技体育,运动,236,299,4269767,2302,9582,236528,42578,41154,14065,1780386563,https://www.bilibili.com/video/BV1jwV663EjR,http://i2.hdslb.com/bfs/archive/2807f6a9b9342740dfa8764e7bcc6e231196c94f.jpg
2026-06-06,2026-06-06 16:04:47,16,BV1XEV26XEsz,116683641455201,冠以破碎之名：第一集 冰潮寒雨之夏,Xavier_白昼,综合,综合,27,1106,1303219,1716,2307,97777,20535,60108,3286,1780451269,https://www.bilibili.com/video/BV1XEV26XEsz,http://i0.hdslb.com/bfs/archive/edb3c2a03146bbc3390581aa30c41b8e3c3ab846.jpg
2026-06-06,2026-06-06 16:04:47,17,BV1MG7961Efg,116685688276783,下 一 个 抓 谁 ！！！,啊吗粽,搞笑,娱乐,138,586,1311972,4260,2217,117960,57368,21839,2888,1780482465,https://www.bilibili.com/video/BV1MG7961Efg,http://i2.hdslb.com/bfs/archive/55e9b58ea3d6a84a655b0d2607bb6ff7e31c6d34.jpg
2026-06-06,2026-06-06 16:04:47,18,BV1sC7R6VEF3,116687181451048,【侯绿萝】视频加载中，速速查收惊喜！,侯绿萝,小剧场,娱乐,85,233,1603120,1288,1297,153539,8861,12471,1593,1780538400,https://www.bilibili.com/video/BV1sC7R6VEF3,http://i0.hdslb.com/bfs/archive/e40df1469a3bc68659f30a77b0e0801ae88938bb.jpg
2026-06-06,2026-06-06 16:04:47,19,BV1RvVo6QEqo,116674682426936,不儿，你俩来真的啊？！,主持人yoyo酱,搞笑,娱乐,138,265,5414179,15136,12035,647003,494869,115918,13824,1780314627,https://www.bilibili.com/video/BV1RvVo6QEqo,http://i1.hdslb.com/bfs/archive/e8bde3297455f3796e516de2362d5eb1085d9abf.jpg
2026-06-06,2026-06-06 16:04:47,20,BV1QzVR63E3L,116671930963542,回忆永远都是加分项,央视新闻,日常,生活,21,184,3519056,27637,23546,615676,239915,186327,58771,1780286400,https://www.bilibili.com/video/BV1QzVR63E3L,http://i2.hdslb.com/bfs/archive/f4dc3fe8ea88a450877315e867b4995121d5dbf6.jpg
2026-06-06,2026-06-06 16:04:47,21,BV168796PEv1,116685839403735,如此仙音唯有挠臭,lulu和露爸,喵星人,喵星人,218,26,3777725,11481,4348,476356,11115,91570,19274,1780484850,https://www.bilibili.com/video/BV168796PEv1,http://i1.hdslb.com/bfs/archive/87f3ce4876a2e50e34a2c1b24dfe10ae34700a55.jpg
2026-06-06,2026-06-06 16:04:47,22,BV1mhV26yETL,116683775678542,科比的哲学启示录第十四期,蟹不肉丨,影视剪辑,影视,183,74,4877894,1139,6620,300323,14374,76798,14334,1780453236,https://www.bilibili.com/video/BV1mhV26yETL,http://i0.hdslb.com/bfs/archive/738134aa027bf05aa3f3843c528db81f3d78307d.jpg
2026-06-06,2026-06-06 16:04:47,23,BV1GHEw6rEo4,116691140875979,无能的杰哥,神威-狗剩,影视剪辑,影视,183,154,2654154,1681,3287,126438,6850,22458,24533,1780565876,https://www.bilibili.com/video/BV1GHEw6rEo4,http://i2.hdslb.com/bfs/archive/0814d03bdf68a6a83cba4b8ba18fa6d58d6de912.jpg
2026-06-06,2026-06-06 16:04:47,24,BV1gWEw6gE4X,116691056987748,“这种没流量的画画最狠了”,像风如你o_O,日常,生活,21,25,2014363,557,2997,254455,6689,21100,985,1780564358,https://www.bilibili.com/video/BV1gWEw6gE4X,http://i0.hdslb.com/bfs/archive/96621cf035234fbf3c3d6f498d6f4d5eae388c12.jpg
2026-06-06,2026-06-06 16:04:47,25,BV1pnVm6GEQG,116685386483651,“当bro以为自己很有影响力时…”,林宇辉,社科·法律·心理,知识,124,16,835688,450,1899,241005,9508,30446,1164,1780478075,https://www.bilibili.com/video/BV1pnVm6GEQG,http://i1.hdslb.com/bfs/archive/02329b4beff89227f0f34b10ef7ca21a2b920c65.jpg
2026-06-06,2026-06-06 16:04:47,26,BV1VWVz6TELx,116679598147712,星际穿越的我，试图提醒过去的自己....,考研英语大雁,校园学习,知识,208,33,2712005,631,2194,350084,7586,44927,6212,1780389685,https://www.bilibili.com/video/BV1VWVz6TELx,http://i0.hdslb.com/bfs/archive/5822709cbd5c2a8a09fabc50bcfdcfc29859f9a1.jpg
2026-06-06,2026-06-06 16:04:47,27,BV1Qt7X61Enn,116686241993999,百万英镑，但素质过低,青时晚,影视剪辑,影视,183,174,1769021,1603,1885,106031,7486,26028,10226,1780490956,https://www.bilibili.com/video/BV1Qt7X61Enn,http://i0.hdslb.com/bfs/archive/1573985b4950f4d1001b3a21a50adab722b0a0f1.jpg
2026-06-06,2026-06-06 16:04:47,28,BV1xuVC6AEbg,116681426868021,今天把我关于《丧尸清道夫》的创作思路分享给大家，如果能帮到你，我会很开心。,Mx-Shell,影视剪辑,影视,183,2573,1137532,863,1903,68319,27928,70992,9809,1780452000,https://www.bilibili.com/video/BV1xuVC6AEbg,http://i0.hdslb.com/bfs/archive/4a766d587664347016b0288147deb324a2964232.jpg
2026-06-06,2026-06-06 16:04:47,29,BV1W6VZ6MEbd,116674313328609,🍄欠揍气球🍄,纸片马力欧,日常,生活,21,40,3312298,2466,8221,403551,29743,201890,65644,1780309043,https://www.bilibili.com/video/BV1W6VZ6MEbd,http://i0.hdslb.com/bfs/archive/3d18bae01c4fc365d9e7e0ede5efb926e32115ad.jpg
2026-06-06,2026-06-06 16:04:47,30,BV1ogV26FEhB,116683943643894,兄弟们！今天给良子做一个入营测试，这身体身体素质，跟我想的不太一样啊!,健身华哥,运动综合,运动,238,246,2624889,4766,57806,123715,3595,7171,14223,1780455998,https://www.bilibili.com/video/BV1ogV26FEhB,http://i1.hdslb.com/bfs/archive/0ef39901811fd5680c39a67445609ba38a9560c2.jpg
2026-06-06,2026-06-06 16:04:47,31,BV1gsEw6zExs,116691040208641,你的高考/中考/期末考belike,哈基mer-猫meme,搞笑,娱乐,138,22,579885,22489,1673,212029,22048,43563,3922,1780564012,https://www.bilibili.com/video/BV1gsEw6zExs,http://i2.hdslb.com/bfs/archive/4f76f8d127f1c6d5a990c89a161f10356e783cd4.jpg
2026-06-06,2026-06-06 16:04:47,32,BV1pDV86oE6S,116657217344637,热烈欢迎薛凯琪！工作之余，Fiona会带哪些让自己感到快乐的东西呢～（录完这期脑海里都是Fifi的笑声,papi酱,短片,动画,256,2017,946696,9142,3899,101968,40400,13043,5870,1780632000,https://www.bilibili.com/video/BV1pDV86oE6S,http://i2.hdslb.com/bfs/archive/032f4048d6f94c465fc10972289999cf79f2572f.jpg
2026-06-06,2026-06-06 16:04:47,33,BV1hAVm6XEE2,116685570836474,【传奇耐熬王】经典排骨💀60天仍然有5人存活💪到最后拼的就是谁身体好！🤦‍♂️,-超级小能猫-,搞笑,娱乐,138,2617,2024849,13307,2695,77384,16987,37332,3517,1780481719,https://www.bilibili.com/video/BV1hAVm6XEE2,http://i0.hdslb.com/bfs/archive/dc3782f8b522707e818c2537030e1b8893332367.jpg
2026-06-06,2026-06-06 16:04:47,34,BV1oqVB6BECd,116680034425733,《原神》洛恩角色PV——「标准化考核」,原神,手机游戏,游戏,172,702,1747896,7970,5927,145254,36569,30839,11463,1780459200,https://www.bilibili.com/video/BV1oqVB6BECd,http://i2.hdslb.com/bfs/archive/f040c8f664a034a919aee60209ef17c155dbe2df.jpg
2026-06-06,2026-06-06 16:04:47,35,BV15C7k6REKC,116697197451293,公测定档7月 | 《遗忘之海》船员集结摇滚MV「燥」,遗忘之海,GMV,GMV,121,205,2097966,596,945,49542,33958,31210,3133,1780711200,https://www.bilibili.com/video/BV15C7k6REKC,http://i0.hdslb.com/bfs/archive/bef8db958217ad42ed011f4bf5d5d6c1cf3a4bad.jpg
2026-06-06,2026-06-06 16:04:47,36,BV1gzVC6kE1S,116683507243907,【低成本在家实现牛排自由‼️ 】,村驴,美食制作,美食,76,329,886057,548,2305,83726,8136,62999,8909,1780449310,https://www.bilibili.com/video/BV1gzVC6kE1S,http://i0.hdslb.com/bfs/archive/005d3e68934a884c17ab0f89f1daac2ae9982f39.jpg
2026-06-06,2026-06-06 16:04:47,37,BV1rg7C6TEUm,116696912369911,一句“一氧化二氢”能钓出多少“读稿机”？,中国食品报融媒体,科学科普,知识,201,291,2770647,4126,13880,121115,8449,14790,9552,1780653928,https://www.bilibili.com/video/BV1rg7C6TEUm,http://i1.hdslb.com/bfs/archive/1081ed32a36e81bee443915a997ed5f2bd56badd.jpg
2026-06-06,2026-06-06 16:04:47,38,BV1yiEF6WErx,116690419585062,奶香馒头,夏叔厨房,美食制作,美食,76,76,1469408,841,6603,193381,6414,16468,1019,1780554601,https://www.bilibili.com/video/BV1yiEF6WErx,http://i1.hdslb.com/bfs/archive/82992eb9cddf1a5a5e5e77e481db8626c6005de9.jpg
2026-06-06,2026-06-06 16:04:47,39,BV12R7Q6MEJX,116686543914174,你说你有点难追～,未知艺术家_611,搞笑,娱乐,138,30,2255421,193,1806,211984,2432,20967,3179,1780495648,https://www.bilibili.com/video/BV12R7Q6MEJX,http://i2.hdslb.com/bfs/archive/aeaf33a25e079b26433a425ee56ac24f566861d7.jpg
2026-06-06,2026-06-06 16:04:47,40,BV1cu7r6FEPd,116696023045705,英国，沦为印度殖民地,平原公子,日常,生活,21,463,1749445,7170,5279,116943,4341,11276,10116,1780640137,https://www.bilibili.com/video/BV1cu7r6FEPd,http://i1.hdslb.com/bfs/archive/95ba7fb80bc2a46fc2c8f7ff69a08c57c40ef914.jpg
2026-06-06,2026-06-06 16:04:47,41,BV1df7r6REpB,116695469463690,如何在家制造浓汤宝,嘤武罗,日常,生活,21,501,2033381,2457,2239,105701,28957,24544,1492,1780650000,https://www.bilibili.com/video/BV1df7r6REpB,http://i2.hdslb.com/bfs/archive/94c85d2ebad9002fcbad0c7ef2f3c8a3f1ec6768.jpg
2026-06-06,2026-06-06 16:04:47,42,BV1jeEc6yE75,116691593992011,《你说谁错谁就错，因为你开迈巴赫》,嘞是唐孃孃,搞笑,娱乐,138,34,2675570,159,1895,205522,2535,13107,1116,1780572588,https://www.bilibili.com/video/BV1jeEc6yE75,http://i0.hdslb.com/bfs/archive/cc74080d84744d7622f9f9dd492a1583e00aaed7.jpg
2026-06-06,2026-06-06 16:04:47,43,BV1cmVz6DEmi,116679329712224,初代跑男团战力排行,东方日出哇,特摄,动画,86,600,2059782,4998,3358,165799,7541,21461,4013,1780385423,https://www.bilibili.com/video/BV1cmVz6DEmi,http://i0.hdslb.com/bfs/archive/ee051686685860fea8d8721ddf5c5d7f35a85e5f.jpg
2026-06-06,2026-06-06 16:04:47,44,BV1bwV161Er2,116684413209270,【aespa】LEMONNNN,aespa,音乐综合,音乐,130,11,5841480,10557,20928,111288,25528,12638,6452,1780475400,https://www.bilibili.com/video/BV1bwV161Er2,http://i1.hdslb.com/bfs/archive/1e63fbee388c793dc0403c872eefb52a8d7d8615.jpg
2026-06-06,2026-06-06 16:04:47,45,BV1kzVy6hEGb,116682517385619,手绘2000多张沙画，历时3年制作,胡雪朗,绘画,绘画,162,54,784134,755,1436,177751,43886,25247,3738,1780457400,https://www.bilibili.com/video/BV1kzVy6hEGb,http://i0.hdslb.com/bfs/archive/959cf6a92144f70d7339865fe00cd198c4c8da9e.jpg
2026-06-06,2026-06-06 16:04:47,46,BV18qVr6KEk8,116680554519472,一个投了3万元必火的视频,奥利奥利奥是1,日常,生活,21,46,899330,1565,7597,220329,20055,23786,4169,1780405200,https://www.bilibili.com/video/BV18qVr6KEk8,http://i0.hdslb.com/bfs/archive/0c023b00bd1d3a694bdd40c9d19039f1436532b1.jpg
2026-06-06,2026-06-06 16:04:47,47,BV1aFVm6REvY,116685537281059,蜘蛛糸モノポリー,苏酥鱼鱼喵,MMD·3D,动画,25,113,595761,164,1325,117363,4615,43339,3411,1780480166,https://www.bilibili.com/video/BV1aFVm6REvY,http://i0.hdslb.com/bfs/archive/43aeddbc4a47c5117090dc56e61b94bb7a858ec0.jpg
2026-06-06,2026-06-06 16:04:47,48,BV1F9Vz62ExS,116679262606457,一辈子一定要体验一次的游戏，绝对不能被剧透的神作,易铭小疯子,网络游戏,游戏,65,537,1064805,5090,8445,60695,7797,66286,4068,1780403895,https://www.bilibili.com/video/BV1F9Vz62ExS,http://i2.hdslb.com/bfs/archive/d453d6bbde6ccd80f0fd714edde7b754c3e5255e.jpg
2026-06-06,2026-06-06 16:04:47,49,BV1uXEA6gEMu,116692567070822,“别着急，我来给你补充「偶！像！能！量！」”,小耗owo,手机游戏,游戏,172,80,741392,463,1435,155817,8290,33302,6594,1780624800,https://www.bilibili.com/video/BV1uXEA6gEMu,http://i1.hdslb.com/bfs/archive/64822f49e99e9fb8b41ba5e0f9e06f48d4b76446.jpg
2026-06-06,2026-06-06 16:04:47,50,BV1yo7B68EHX,116695117207554,《鸣潮》×《赛博朋克：边缘行者》共鸣者战斗演示 | 露西,鸣潮,单机游戏,游戏,17,283,2163463,2201,8076,75413,23063,13239,13941,1780628400,https://www.bilibili.com/video/BV1yo7B68EHX,http://i2.hdslb.com/bfs/archive/61426f2876187b9326f1b732fdea7044e08d7ea3.jpg
2026-06-06,2026-06-06 16:04:47,51,BV1LLVU6eE1t,116684782373820,你到底娶不娶我…,ENX叉叉酱,同人·手书,动画,47,77,842073,1112,6625,157549,9205,15646,4463,1780484400,https://www.bilibili.com/video/BV1LLVU6eE1t,http://i0.hdslb.com/bfs/archive/cffaf3db4947fd6d7956bd49b83dcea884c3307b.jpg
2026-06-06,2026-06-06 16:04:47,52,BV1r6V26BE9i,116685486949496,《上海奥特曼4：沪特曼集结！》,册那队长,小剧场,娱乐,85,53,2945497,968,5372,133459,9788,18931,30490,1780479544,https://www.bilibili.com/video/BV1r6V26BE9i,http://i0.hdslb.com/bfs/archive/a062cb9d7991230d0d7287d7d8fd5bead9ec6788.jpg
2026-06-06,2026-06-06 16:04:47,53,BV1797X6ZEvW,116686158038804,真跳60分钟，天台暴晒也算时间哦,矮乐多Aliga,日常,生活,21,3639,1073919,1022,1586,59085,11707,20869,2330,1780490050,https://www.bilibili.com/video/BV1797X6ZEvW,http://i0.hdslb.com/bfs/archive/51a11a46ff9c8a78cf19a5444bd1f18bb0099c9d.jpg
2026-06-06,2026-06-06 16:04:47,54,BV1WT7C6uEj8,116696878749194,猫 咪 的 花 语 是 老 吴🎵,幾加乘,同人·手书,动画,47,259,1021580,1212,2100,84044,11897,16181,6878,1780653131,https://www.bilibili.com/video/BV1WT7C6uEj8,http://i0.hdslb.com/bfs/archive/ad354ddb8c2e2bf697327dc182835b3d6014f4b1.jpg
2026-06-06,2026-06-06 16:04:47,55,BV1R7Ew65ERR,116691124229360,当爸爸找亲戚买手机,刘鸿哥哥,小剧场,娱乐,85,119,2009714,799,2312,137074,1096,7225,1411,1780565630,https://www.bilibili.com/video/BV1R7Ew65ERR,http://i0.hdslb.com/bfs/archive/5e4feb10a7cf9e178bf7e9a619d62843bc5ae8b2.jpg
2026-06-06,2026-06-06 16:04:47,56,BV1L7Ew65ETv,116691124098703,我养护的石拱桥，已经被国家收录为不可移动文物！,抓紧长长长呀,三农,生活,251,604,1330567,972,1879,101793,5894,6825,403,1780565746,https://www.bilibili.com/video/BV1L7Ew65ETv,http://i1.hdslb.com/bfs/archive/56f52737bc566db19c5316ccdcc3b87cc81709e0.jpg
2026-06-06,2026-06-06 16:04:47,57,BV1ps796qErr,116685822560107,谁在等谁的出现,为了我活下去,综合,综合,27,36,555050,279,1536,168200,8464,26951,2005,1780484521,https://www.bilibili.com/video/BV1ps796qErr,http://i1.hdslb.com/bfs/archive/49a476c711b1d61ec7ffa37684a398ddb857435a.jpg
2026-06-06,2026-06-06 16:04:47,58,BV1f3VU6KEqy,116684832644044,"从""健身芭比""到""女企业家""，帕梅拉有多会""赚""？",小Lin说,财经商业,知识,207,1745,1957303,1725,1445,54031,10088,17799,3285,1780479000,https://www.bilibili.com/video/BV1f3VU6KEqy,http://i0.hdslb.com/bfs/archive/ad9df863f29ccc8f07472fc5234c04740f6ee4b3.jpg
2026-06-06,2026-06-06 16:04:47,59,BV1idV26bE2E,116685654921483,宗元舞2.0紧绷之人3,是柳宗元,电子竞技,游戏,171,51,1482432,407,1004,159841,3343,19928,3124,1780481914,https://www.bilibili.com/video/BV1idV26bE2E,http://i2.hdslb.com/bfs/archive/395efa2aefe284345f5e64ce17985d0467cd2247.jpg
2026-06-06,2026-06-06 16:04:47,60,BV1DB7f6AEBK,116690989942959,最 不 物 质 之 人,张八筒筒,日常,生活,21,127,1773199,749,776,136807,1220,6388,656,1780563943,https://www.bilibili.com/video/BV1DB7f6AEBK,http://i1.hdslb.com/bfs/archive/612e05a8e02454bd4e3723991d4808f061b1c188.jpg
2026-06-06,2026-06-06 16:04:47,61,BV1T2V161E6J,116684195106574,地牢酒馆-12集 《蜕皮的蜥蜴人与神奇薄荷》,粘土工厂,单机游戏,游戏,17,212,946329,1249,1937,135800,20414,16544,1830,1780459574,https://www.bilibili.com/video/BV1T2V161E6J,http://i0.hdslb.com/bfs/archive/f5c43e682c7ce44c1f2733c2cbb5889650fd5a05.jpg
2026-06-06,2026-06-06 16:04:47,62,BV1uE7d6JEAp,116688674624635,啥龙：医生说我只剩几天了……,小陈的脚凑凑的,日常,生活,21,181,952607,1088,1537,67846,5672,16220,3365,1780528049,https://www.bilibili.com/video/BV1uE7d6JEAp,http://i1.hdslb.com/bfs/archive/e92886e4f49270b6f1a24481e0b0851d64e70fc4.jpg
2026-06-06,2026-06-06 16:04:47,63,BV1LCV66VE45,116680873346829,剥蒜的情谊147.0,NinthA-,网络游戏,游戏,65,147,1660347,736,791,121556,1550,19886,1581,1780455600,https://www.bilibili.com/video/BV1LCV66VE45,http://i1.hdslb.com/bfs/archive/21d74a2ecc26d0c95ecd1e1af6e84bf567bf37c9.jpg
2026-06-06,2026-06-06 16:04:47,64,BV1sKVr64EXg,116680621561843,演员魏宗万于6月1日去世，享年89岁,中国电影报道,预告·资讯,影视,184,26,1225980,19480,5893,309747,23253,15082,7596,1780406134,https://www.bilibili.com/video/BV1sKVr64EXg,http://i0.hdslb.com/bfs/archive/1148ab18f92299926855421cea80f91871e7f32a.jpg
2026-06-06,2026-06-06 16:04:47,65,BV1JKEw6QEw9,116691509970719,我读了你们的评论 把阎王召唤出来了T_T,汤木檀泽,日常,生活,21,959,1534784,1350,1524,97841,5637,14007,471,1780571268,https://www.bilibili.com/video/BV1JKEw6QEw9,http://i1.hdslb.com/bfs/archive/0b6c7ccb214b6211a4cf9a8741eb473536e42587.jpg
2026-06-06,2026-06-06 16:04:47,66,BV1Nk7X6TEnq,116686023955827,半个小孩，全部的妈妈,超级猫猫兽,同人·手书,动画,47,483,1460364,1659,4731,119808,18929,52172,4391,1780487705,https://www.bilibili.com/video/BV1Nk7X6TEnq,http://i0.hdslb.com/bfs/archive/25cb3d6f6dd951590c71a8ea993463455554b0c6.jpg
2026-06-06,2026-06-06 16:04:47,67,BV1nWVm6uEqb,116685285624503,我吃牛瘪火锅 结果买错牛胃了,张离谱Dreams,搞笑,娱乐,138,97,1662858,880,2328,107106,1661,29520,8085,1780476405,https://www.bilibili.com/video/BV1nWVm6uEqb,http://i0.hdslb.com/bfs/archive/6f4f02f224993a1933f3e515e84d84edb5ca3808.jpg
2026-06-06,2026-06-06 16:04:47,68,BV1jLVU6eEXE,116684782377667,可不可以买三十块烧腊？,食深烧腊,美食测评,美食,213,99,1014291,738,2137,117370,68720,5186,560,1780468779,https://www.bilibili.com/video/BV1jLVU6eEXE,http://i1.hdslb.com/bfs/archive/62b6a42513640bcbd689b2a89fb9b999a1205332.jpg
2026-06-06,2026-06-06 16:04:47,69,BV1uX7k6UENx,116696761239484,巨构：没有告别,巨构ai,网络游戏,游戏,65,19,834565,309,2355,143515,4547,57451,1737,1780651506,https://www.bilibili.com/video/BV1uX7k6UENx,http://i0.hdslb.com/bfs/archive/1422e60b2923b373953bd4ce6433b6f0e91f9501.jpg
2026-06-06,2026-06-06 16:04:47,70,BV1bV7k6LExn,116697264560365,再见！一系列！高考必胜！,一数,校园学习,知识,208,193,523360,19418,10490,58401,23903,12157,4142,1780659292,https://www.bilibili.com/video/BV1bV7k6LExn,http://i2.hdslb.com/bfs/archive/5df66240b2b71ca2bc6ce697e929657b1b1df5a4.jpg
2026-06-06,2026-06-06 16:04:47,71,BV1vEEP6HEFw,116692281789801,2025年出货量370万台！激光雷达真成“安全气囊”了？,保镖的车库,新能源车,新能源车,247,606,1294133,445,559,85563,2631,10342,344,1780653900,https://www.bilibili.com/video/BV1vEEP6HEFw,http://i1.hdslb.com/bfs/archive/76872e6b743f73527ee70c89a75c39214a868540.jpg
2026-06-06,2026-06-06 16:04:47,72,BV1NoVm62EFd,116684715197497,金库测金，海峡测雷，万税爷进军测评赛道？,麻薯波比呀,社科·法律·心理,知识,124,1010,1232683,2389,2560,72733,7965,7354,813,1780479745,https://www.bilibili.com/video/BV1NoVm62EFd,http://i2.hdslb.com/bfs/archive/d200d3f215d8a9d6eb13923af38007a3d0ff34b4.jpg
2026-06-06,2026-06-06 16:04:47,73,BV1G1VB6PEro,116680286144492,今天的员工够燥的~#异宠 #爬宠 #慢宠时钟 #萌宠,慢宠日记啊,日常,生活,21,79,3544409,652,3516,139910,1777,10113,6590,1780400126,https://www.bilibili.com/video/BV1G1VB6PEro,http://i0.hdslb.com/bfs/archive/816ee56ee784d2ccfe8c14d2289cfa7fa2839d73.jpg
2026-06-06,2026-06-06 16:04:47,74,BV1BqVS6MEL8,116668592363308,欢迎来到304班娃娃店,蟹上皇呀,日常,生活,21,114,2475137,1302,4425,264904,14791,108132,16582,1780221495,https://www.bilibili.com/video/BV1BqVS6MEL8,http://i1.hdslb.com/bfs/archive/9efeef607e818a1f01d4a5f1009a80d45ffcb333.jpg
2026-06-06,2026-06-06 16:04:47,75,BV1edV26tEsB,116685654722666,复仇整蛊！蛋黄派伪装摄影师突袭周深，几秒就被识破？,记录生活的蛋黄派,美食测评,美食,213,556,2622658,7119,2793,92650,28747,41111,3758,1780565400,https://www.bilibili.com/video/BV1edV26tEsB,http://i2.hdslb.com/bfs/archive/a16b60bc03719059e3218dee538877f554f3f9b4.jpg
2026-06-06,2026-06-06 16:04:47,76,BV1jBVS6qEPK,116668508406277,竹丝镶嵌,归乡人山白,手工,生活,161,577,854427,3018,1476,126610,59626,13275,2041,1780410000,https://www.bilibili.com/video/BV1jBVS6qEPK,http://i2.hdslb.com/bfs/archive/1e293d2f3fac4fc22d32427cb5a045e65e22e361.jpg
2026-06-06,2026-06-06 16:04:47,77,BV1TL796CE52,116685721830606,歌剧老师锐评韩娱BLACKPINK  JYP & MAMAOO Red Velvet TWICE,铁豆钢蛋,乐评盘点,音乐,243,3086,929830,21960,11421,45101,19523,7914,2616,1780483444,https://www.bilibili.com/video/BV1TL796CE52,http://i1.hdslb.com/bfs/archive/ab6356296c8f9523a858fc15dd4a808fbc51b773.jpg
2026-06-06,2026-06-06 16:04:47,78,BV1PP7C63E2J,116696710912022,《师》我回母校当老师,阿廖沙别害怕_,搞笑,娱乐,138,296,876767,303,546,94906,2273,7040,301,1780650587,https://www.bilibili.com/video/BV1PP7C63E2J,http://i0.hdslb.com/bfs/archive/b04455fde128b88ff0a92e264778512242510bc9.jpg
2026-06-06,2026-06-06 16:04:47,79,BV1EwEF62EhA,116690721443492,当校长挑选教室地板时,Cheems电玩屋,日常,生活,21,18,3384685,546,2965,138096,365,4624,303,1780559484,https://www.bilibili.com/video/BV1EwEF62EhA,http://i0.hdslb.com/bfs/archive/8916553504d48aec3ba5ad2bdfeec5fcf7eefc1c.jpg
2026-06-06,2026-06-06 16:04:47,80,BV1usEw6zEiy,116691040210390,【餐馆TV】UP今天发烧了……作品会不会受影响啊,大乾乾是顾乾宇,小剧场,娱乐,85,141,793686,1315,2383,89470,2702,10638,6218,1780564633,https://www.bilibili.com/video/BV1usEw6zEiy,http://i1.hdslb.com/bfs/archive/6d69be5e1f22dec4058e90f795df2ff7c21e4a91.jpg
2026-06-06,2026-06-06 16:04:47,81,BV1ypV66dEru,116681359754958,G胖为上架R18游戏硬刚V社法务 玩家至上 不做干预,Will游戏堂,数码,科技,95,51,1241411,704,3480,144771,2551,19657,10414,1780444800,https://www.bilibili.com/video/BV1ypV66dEru,http://i1.hdslb.com/bfs/archive/e3e911d6f451bd85e0fb10b15ba13e2f9b6b96cc.jpg
2026-06-06,2026-06-06 16:04:47,82,BV15z766SE1A,116696341812776,假如高考什么都可以带,小安苒AIGC,校园学习,知识,208,177,1714027,1969,1907,69300,1922,4985,1211,1780646400,https://www.bilibili.com/video/BV15z766SE1A,http://i2.hdslb.com/bfs/archive/ed743a6a86446310a9957bce92faa671a082a6d8.jpg
2026-06-06,2026-06-06 16:04:47,83,BV1WgVC6YERr,116681410283485,理财PK两个月，6位UP主已经彻底疯狂...【理财王5月战绩汇报】,-LKs-,财经商业,知识,207,779,1776711,4304,4955,63349,13176,12255,8324,1780459200,https://www.bilibili.com/video/BV1WgVC6YERr,http://i0.hdslb.com/bfs/archive/64ee687bda302bd6feee386ca990737e67920669.jpg
2026-06-06,2026-06-06 16:04:47,84,BV17pVC6WECy,116681544304592,带良子和花胖在华哥训练营偷吃，闷子、板面、大肠都安排上,俞涛不光会做九转大肠,美食记录,美食,215,247,1747656,970,2556,81117,2233,5320,2911,1780455600,https://www.bilibili.com/video/BV17pVC6WECy,http://i1.hdslb.com/bfs/archive/ecf1293c7f3c2f89f52a51e5ad0ce5201f1be340.jpg
2026-06-06,2026-06-06 16:04:47,85,BV1XS796JETP,116687701545253,"""见过花开就好 何必在意花为谁开""19.0",我爱吃派大星,音乐综合,音乐,130,163,1237224,579,1097,68913,796,7959,363,1780532400,https://www.bilibili.com/video/BV1XS796JETP,http://i1.hdslb.com/bfs/archive/29288eae5b7e0f9e2243fa9682885eab8981887d.jpg
2026-06-06,2026-06-06 16:04:47,86,BV1iQV26cEfX,116685436618474,东北下岗三十年后，我看见了普通人的生活,十七岁歌手想打中单,出行,生活,250,3132,971293,2987,4348,37958,10915,14389,3671,1780479467,https://www.bilibili.com/video/BV1iQV26cEfX,http://i2.hdslb.com/bfs/archive/336087b59dbbf943701843cf5d3dfee77ef315e9.jpg
2026-06-06,2026-06-06 16:04:47,87,BV1B75w6zEG1,116676158823299,二次元老资历童年都在听什么？！老番串烧34首大连唱！,鹿火CAVY,仿妆cos,时尚,252,462,1743002,3357,3904,119546,49059,42745,8454,1780337109,https://www.bilibili.com/video/BV1B75w6zEG1,http://i1.hdslb.com/bfs/archive/a1759f48c315c61aff7325cc0d6c931ad115a8d4.jpg
2026-06-06,2026-06-06 16:04:47,88,BV1uX7k6UEPn,116696761239539,把硬装的喊过来！,脱缰凯Kk,小剧场,娱乐,85,219,904103,1319,1332,68288,2067,7193,492,1780651876,https://www.bilibili.com/video/BV1uX7k6UEPn,http://i1.hdslb.com/bfs/archive/1a5306b127f7814fe75bc726966f0f675fcb7e33.jpg
2026-06-06,2026-06-06 16:04:47,89,BV1F7716gE1d,116697667213269,不降 |《归唐》夏日游戏节剧情初窥预告,归唐,单机游戏,游戏,17,195,1995816,1406,5293,58270,2086,5627,4032,1780694417,https://www.bilibili.com/video/BV1F7716gE1d,http://i1.hdslb.com/bfs/archive/ee1e7f11e5576321abd715ef6582c5b5fe323c2d.jpg
2026-06-06,2026-06-06 16:04:47,90,BV1rMVz67EMs,116679967312875,开关灯木头人挑战！,酱油白米饭原创,小剧场,娱乐,85,99,3153130,462,696,117930,2451,31318,3302,1780395433,https://www.bilibili.com/video/BV1rMVz67EMs,http://i0.hdslb.com/bfs/archive/b909eaaf95648e5156635c9c1afd57ac6da69f64.jpg
2026-06-06,2026-06-06 16:04:47,91,BV1Qb7R6XECX,116687064072844,⚡冷 笑 话 大 全 6.0⚡,污污云,鬼畜调教,鬼畜,22,66,1094314,144,807,78256,1397,31596,3875,1780545600,https://www.bilibili.com/video/BV1Qb7R6XECX,http://i2.hdslb.com/bfs/archive/edf5ec9306bef71931b52d5b0a961e13f1ecc966.jpg
2026-06-06,2026-06-06 16:04:47,92,BV1T9Vm6UE2N,116684681647760,《古剑》3分钟战斗实机 | 线下试玩招募开启,古剑,单机游戏,游戏,17,168,1696008,1839,6731,35485,18242,8571,15197,1780698215,https://www.bilibili.com/video/BV1T9Vm6UE2N,http://i0.hdslb.com/bfs/archive/d18a0e2a80905c1a2bfe0d000c3ca47aa1548899.jpg
2026-06-06,2026-06-06 16:04:47,93,BV1DyVm6REs8,116685117982770,Oi，今天跟老舅争锋相对！！,花小龙oy,健身,运动,164,218,1025030,684,1454,74626,3351,2946,1368,1780473800,https://www.bilibili.com/video/BV1DyVm6REs8,http://i0.hdslb.com/bfs/archive/56fe0a9ea6c893cba847452a26b23804912df627.jpg
2026-06-06,2026-06-06 16:04:47,94,BV1xdEc6bEcK,116691426088191,肉食脑袋的硬菜局！爆辣猪蹄+火锅鸡泡面香迷糊,方芳的快乐生活,美食侦探,美食,212,1134,1279818,1354,703,64003,8871,10552,2189,1780571551,https://www.bilibili.com/video/BV1xdEc6bEcK,http://i1.hdslb.com/bfs/archive/bdc078c74f5e0987fffca10262d6ced73d562c27.jpg
2026-06-06,2026-06-06 16:04:47,95,BV12QEc6wETE,116691744917719,“我想我再也不会谈恋爱了”,柯洁,影视剪辑,影视,183,34,1259357,775,4280,133413,5308,6290,5802,1780574976,https://www.bilibili.com/video/BV12QEc6wETE,http://i0.hdslb.com/bfs/archive/47071584488230edc82fe88b8fe9b87eb57cd115.jpg
2026-06-06,2026-06-06 16:04:47,96,BV1uTEc6AEzV,116691963025070,以为这次断更，会是永别,ONLee_Studio,日常,生活,21,211,854877,1603,2377,56936,19686,3894,813,1780578368,https://www.bilibili.com/video/BV1uTEc6AEzV,http://i0.hdslb.com/bfs/archive/65223f1fb3bbe6f7b6e2b1e84b56584802350ec6.jpg
2026-06-06,2026-06-06 16:04:47,97,BV1bL796CEpe,116685721899286,如果我来挑战拍华语地区的经典MV风格？这一期是粉丝投稿哦！,李如儒也是李蠕蠕,小剧场,娱乐,85,159,1099328,1167,836,74457,7204,4187,863,1780483280,https://www.bilibili.com/video/BV1bL796CEpe,http://i2.hdslb.com/bfs/archive/6305a2e9ddc370f1b9e15ba5265e209ff8ea0438.jpg
2026-06-06,2026-06-06 16:04:47,98,BV1ZUEF65EzU,116690016801808,论画手的高三生活有多燃！,圆脸面包人,绘画,绘画,162,141,674487,280,571,79652,2798,11634,1596,1780548385,https://www.bilibili.com/video/BV1ZUEF65EzU,http://i2.hdslb.com/bfs/archive/d2c74006b8fe69158c1e24fb31690a791ce674d0.jpg
2026-06-06,2026-06-06 16:04:47,99,BV1jqVS6MECE,116668592292557,【野餐】你醒啦 现在是2012年的5月份呀,野餐slu2pcekry,宅舞,舞蹈,20,182,1487159,2354,8441,288988,20070,61926,5376,1780221916,https://www.bilibili.com/video/BV1jqVS6MECE,http://i2.hdslb.com/bfs/archive/e9673e0b6ccc8de75e114c6f2ea5484907789e23.jpg
2026-06-06,2026-06-06 16:04:47,100,BV11DVo6rEo7,116674850196476,🐱穷鬼气球,竹内有虫,综合,综合,27,40,1191500,588,4235,148039,9256,44197,24096,1780317192,https://www.bilibili.com/video/BV11DVo6rEo7,http://i0.hdslb.com/bfs/archive/c914f8432580c402c9749aca8e6fa9efa26eedbb.jpg
2026-06-06,2026-06-06 17:04:47,1,BV15iEc6VEfH,116691577216788,路边一块，也能变废为宝，雕刻出大家想要的题材我不知道什么时候天才会亮，但我知道，跑着跑着，天就亮了。,小梨家的和田玉,手工,生活,161,220,5111934,3077,9463,192773,5862,18107,3042,1780572193,https://www.bilibili.com/video/BV15iEc6VEfH,http://i2.hdslb.com/bfs/archive/c1597efe82d66a7f728f8bdd84505eff4b7f5ac9.jpg
2026-06-06,2026-06-06 17:04:47,2,BV1Qi7f6eE59,116690805395451,致敬每一个心中有花，努力奔跑的人,爱画画的子衿,亲子,生活,254,313,1494436,3014,3153,203840,100892,13004,3093,1780561800,https://www.bilibili.com/video/BV1Qi7f6eE59,http://i1.hdslb.com/bfs/archive/2c9cc3dd70d264a8473e46b8bebaad7db4d6ef2c.jpg
2026-06-06,2026-06-06 17:04:47,3,BV1vkVB6NEuR,116680252462308,“超微距”下的瑞士长什么样？,影视飓风,娱乐粉丝创作,娱乐,242,1369,3503662,7855,2990,153071,47824,27034,5765,1780477200,https://www.bilibili.com/video/BV1vkVB6NEuR,http://i1.hdslb.com/bfs/archive/5b0c10c80ad8bf4789b41860cadc70e8c144245b.jpg
2026-06-06,2026-06-06 17:04:47,4,BV17GEP6xEDW,116692348832614,新三国up锐评楚汉传奇01：是不是我打开的方式不太对？,吃蛋挞的折棒,影视杂谈,影视,182,1348,1189771,17462,10262,115040,113299,24026,9142,1780624800,https://www.bilibili.com/video/BV17GEP6xEDW,http://i2.hdslb.com/bfs/archive/4e5cd47c8551d2b66643e2800041b7ec2d3bf729.jpg
2026-06-06,2026-06-06 17:04:47,5,BV19ZEF6MEBV,116690117464228,人在干坏事的时候是不怕苦不怕累的,我是易拉爆,日常,生活,21,309,1932480,1217,3245,177531,11944,25202,12381,1780550100,https://www.bilibili.com/video/BV19ZEF6MEBV,http://i2.hdslb.com/bfs/archive/5a3e59dd5183e87d69b1ad3224466b821bf05e23.jpg
2026-06-06,2026-06-06 17:04:47,6,BV13s7z63EjV,116695016477738,《绝区零》3.0新地块实机演示,绝区零,手机游戏,游戏,172,599,1327173,8941,13164,118762,56230,21442,23886,1780624803,https://www.bilibili.com/video/BV13s7z63EjV,http://i0.hdslb.com/bfs/archive/ac132a13aed30f0b83ff50dfb56d83e2e518206a.jpg
2026-06-06,2026-06-06 17:04:47,7,BV15wVB6YECT,116678608359768,一顿饭只要三块钱，客人吃着吃着，人就“没了”,瞎通不设计了,美食侦探,美食,212,187,2153408,2347,6088,268320,156543,24662,3968,1780390800,https://www.bilibili.com/video/BV15wVB6YECT,http://i1.hdslb.com/bfs/archive/fd898a754bc3cf4317349a2b3c4394e104417434.jpg
2026-06-06,2026-06-06 17:04:47,8,BV16BVy6wEfx,116682534162276,《你来真的啊》,伤心欲茄222,搞笑,娱乐,138,116,2998558,1194,5034,301468,5958,19611,3535,1780459200,https://www.bilibili.com/video/BV16BVy6wEfx,http://i1.hdslb.com/bfs/archive/f16abe0150882e397bf053e6d7a1e4dced090de1.jpg
2026-06-06,2026-06-06 17:04:47,9,BV16kV26TES7,116685470175022,当父母说出了正确答案：,进击的金厂长,搞笑,娱乐,138,129,4652016,2024,2093,330506,123448,152173,2530,1780479155,https://www.bilibili.com/video/BV16kV26TES7,http://i0.hdslb.com/bfs/archive/982b25c4ef21fb08f77ae933c89f4b99d5b0c86a.jpg
2026-06-06,2026-06-06 17:04:47,10,BV16DVz6UE77,116679229180052,如何拍出电影感大片,喜欢拍照的皮皮,日常,生活,21,60,3403093,323,2015,310171,10074,91456,7520,1780384052,https://www.bilibili.com/video/BV16DVz6UE77,http://i1.hdslb.com/bfs/archive/82ba23d6fb45244f769f8f127cfbe2f51afe67c8.jpg
2026-06-06,2026-06-06 17:04:47,11,BV1wEEc6REms,116692097238799,城市大富翁（5）,雨哥到处跑,日常,生活,21,3846,1222765,31133,4669,115695,94953,32131,4325,1780628700,https://www.bilibili.com/video/BV1wEEc6REms,http://i1.hdslb.com/bfs/archive/8628e50dc2e56aec5815c8e3f665d304cfe23d80.jpg
2026-06-06,2026-06-06 17:04:47,12,BV1XQ7Z6eEki,116689412819066,特朗普的愤怒,燕三嘤嘤嘤,人文历史,知识,228,1133,2676485,10332,4608,134537,32166,19813,2553,1780545020,https://www.bilibili.com/video/BV1XQ7Z6eEki,http://i0.hdslb.com/bfs/archive/d106118a7a33e310838a2e387ce511583c5a7a62.jpg
2026-06-06,2026-06-06 17:04:47,13,BV1w6EF6QEjZ,116690033778619,不看后悔！史上最神人店家！,转生成为毛毛,美食侦探,美食,212,186,2766623,3457,7879,144802,3786,23982,11823,1780563600,https://www.bilibili.com/video/BV1w6EF6QEjZ,http://i1.hdslb.com/bfs/archive/07cb98d8f59285212c90c7646739a87803bf06c0.jpg
2026-06-06,2026-06-06 17:04:47,14,BV1kCVU65ERM,116669112386149,初中生斗胆跳一段jam,特崮斯,篮球,运动,235,45,5959558,6312,17671,1152993,186960,121028,17803,1780229707,https://www.bilibili.com/video/BV1kCVU65ERM,http://i1.hdslb.com/bfs/archive/5871a66dc8e356ff71da4a6d99d5922b4a6a3fce.jpg
2026-06-06,2026-06-06 17:04:47,15,BV1XEV26XEsz,116683641455201,冠以破碎之名：第一集 冰潮寒雨之夏,Xavier_白昼,综合,综合,27,1106,1308559,1719,2312,98310,20619,60413,3302,1780451269,https://www.bilibili.com/video/BV1XEV26XEsz,http://i0.hdslb.com/bfs/archive/edb3c2a03146bbc3390581aa30c41b8e3c3ab846.jpg
2026-06-06,2026-06-06 17:04:47,16,BV1jwV663EjR,116679380112598,我的世界杯主题曲！IShowSpeed - World Cup (Champions),ishowspeedsui,竞技体育,运动,236,299,4292092,2315,9647,238202,42921,41468,14141,1780386563,https://www.bilibili.com/video/BV1jwV663EjR,http://i2.hdslb.com/bfs/archive/2807f6a9b9342740dfa8764e7bcc6e231196c94f.jpg
2026-06-06,2026-06-06 17:04:47,17,BV1MG7961Efg,116685688276783,下 一 个 抓 谁 ！！！,啊吗粽,搞笑,娱乐,138,586,1318582,4265,2220,118367,57582,21920,2892,1780482465,https://www.bilibili.com/video/BV1MG7961Efg,http://i2.hdslb.com/bfs/archive/55e9b58ea3d6a84a655b0d2607bb6ff7e31c6d34.jpg
2026-06-06,2026-06-06 17:04:47,18,BV1sC7R6VEF3,116687181451048,【侯绿萝】视频加载中，速速查收惊喜！,侯绿萝,小剧场,娱乐,85,233,1623148,1304,1310,155443,9007,12659,1601,1780538400,https://www.bilibili.com/video/BV1sC7R6VEF3,http://i0.hdslb.com/bfs/archive/e40df1469a3bc68659f30a77b0e0801ae88938bb.jpg
2026-06-06,2026-06-06 17:04:47,19,BV1Qt7X61Enn,116686241993999,百万英镑，但素质过低,青时晚,影视剪辑,影视,183,174,1795627,1618,1916,108053,7647,26517,10467,1780490956,https://www.bilibili.com/video/BV1Qt7X61Enn,http://i0.hdslb.com/bfs/archive/1573985b4950f4d1001b3a21a50adab722b0a0f1.jpg
2026-06-06,2026-06-06 17:04:47,20,BV1W6VZ6MEbd,116674313328609,🍄欠揍气球🍄,纸片马力欧,日常,生活,21,40,3369646,2601,8312,408897,30261,205656,66172,1780309043,https://www.bilibili.com/video/BV1W6VZ6MEbd,http://i0.hdslb.com/bfs/archive/3d18bae01c4fc365d9e7e0ede5efb926e32115ad.jpg
2026-06-06,2026-06-06 17:04:47,21,BV168796PEv1,116685839403735,如此仙音唯有挠臭,lulu和露爸,喵星人,喵星人,218,26,3888798,12071,4515,489437,11681,94106,19900,1780484850,https://www.bilibili.com/video/BV168796PEv1,http://i1.hdslb.com/bfs/archive/87f3ce4876a2e50e34a2c1b24dfe10ae34700a55.jpg
2026-06-06,2026-06-06 17:04:47,22,BV1mhV26yETL,116683775678542,科比的哲学启示录第十四期,蟹不肉丨,影视剪辑,影视,183,74,4900926,1146,6646,302086,14469,77292,14408,1780453236,https://www.bilibili.com/video/BV1mhV26yETL,http://i0.hdslb.com/bfs/archive/738134aa027bf05aa3f3843c528db81f3d78307d.jpg
2026-06-06,2026-06-06 17:04:47,23,BV1GHEw6rEo4,116691140875979,无能的杰哥,神威-狗剩,影视剪辑,影视,183,154,2661213,1688,3312,126872,6913,22578,24677,1780565876,https://www.bilibili.com/video/BV1GHEw6rEo4,http://i2.hdslb.com/bfs/archive/0814d03bdf68a6a83cba4b8ba18fa6d58d6de912.jpg
2026-06-06,2026-06-06 17:04:47,24,BV1gWEw6gE4X,116691056987748,“这种没流量的画画最狠了”,像风如你o_O,日常,生活,21,25,2039267,564,3041,256424,6766,21297,1006,1780564358,https://www.bilibili.com/video/BV1gWEw6gE4X,http://i0.hdslb.com/bfs/archive/96621cf035234fbf3c3d6f498d6f4d5eae388c12.jpg
2026-06-06,2026-06-06 17:04:47,25,BV1pnVm6GEQG,116685386483651,“当bro以为自己很有影响力时…”,林宇辉,社科·法律·心理,知识,124,16,840784,451,1906,242502,9574,30704,1168,1780478075,https://www.bilibili.com/video/BV1pnVm6GEQG,http://i1.hdslb.com/bfs/archive/02329b4beff89227f0f34b10ef7ca21a2b920c65.jpg
2026-06-06,2026-06-06 17:04:47,26,BV1VWVz6TELx,116679598147712,星际穿越的我，试图提醒过去的自己....,考研英语大雁,校园学习,知识,208,33,2745208,633,2219,354214,7772,45577,6254,1780389685,https://www.bilibili.com/video/BV1VWVz6TELx,http://i0.hdslb.com/bfs/archive/5822709cbd5c2a8a09fabc50bcfdcfc29859f9a1.jpg
2026-06-06,2026-06-06 17:04:47,27,BV1RvVo6QEqo,116674682426936,不儿，你俩来真的啊？！,主持人yoyo酱,搞笑,娱乐,138,265,5445707,15236,12083,651178,497378,116772,13889,1780314627,https://www.bilibili.com/video/BV1RvVo6QEqo,http://i1.hdslb.com/bfs/archive/e8bde3297455f3796e516de2362d5eb1085d9abf.jpg
2026-06-06,2026-06-06 17:04:47,28,BV1QzVR63E3L,116671930963542,回忆永远都是加分项,央视新闻,日常,生活,21,184,3532522,27751,23592,617763,240554,187131,58903,1780286400,https://www.bilibili.com/video/BV1QzVR63E3L,http://i2.hdslb.com/bfs/archive/f4dc3fe8ea88a450877315e867b4995121d5dbf6.jpg
2026-06-06,2026-06-06 17:04:47,29,BV1xuVC6AEbg,116681426868021,今天把我关于《丧尸清道夫》的创作思路分享给大家，如果能帮到你，我会很开心。,Mx-Shell,影视剪辑,影视,183,2573,1146599,865,1909,68708,28046,71344,9894,1780452000,https://www.bilibili.com/video/BV1xuVC6AEbg,http://i0.hdslb.com/bfs/archive/4a766d587664347016b0288147deb324a2964232.jpg
2026-06-06,2026-06-06 17:04:47,30,BV1gsEw6zExs,116691040208641,你的高考/中考/期末考belike,哈基mer-猫meme,搞笑,娱乐,138,22,600366,23048,1730,218710,22829,44850,4069,1780564012,https://www.bilibili.com/video/BV1gsEw6zExs,http://i2.hdslb.com/bfs/archive/4f76f8d127f1c6d5a990c89a161f10356e783cd4.jpg
2026-06-06,2026-06-06 17:04:47,31,BV1ogV26FEhB,116683943643894,兄弟们！今天给良子做一个入营测试，这身体身体素质，跟我想的不太一样啊!,健身华哥,运动综合,运动,238,246,2642374,4788,58096,124368,3621,7226,14282,1780455998,https://www.bilibili.com/video/BV1ogV26FEhB,http://i1.hdslb.com/bfs/archive/0ef39901811fd5680c39a67445609ba38a9560c2.jpg
2026-06-06,2026-06-06 17:04:47,32,BV15C7k6REKC,116697197451293,公测定档7月 | 《遗忘之海》船员集结摇滚MV「燥」,遗忘之海,GMV,GMV,121,205,2289336,657,1033,51487,34440,31685,3252,1780711200,https://www.bilibili.com/video/BV15C7k6REKC,http://i0.hdslb.com/bfs/archive/bef8db958217ad42ed011f4bf5d5d6c1cf3a4bad.jpg
2026-06-06,2026-06-06 17:04:47,33,BV1pDV86oE6S,116657217344637,热烈欢迎薛凯琪！工作之余，Fiona会带哪些让自己感到快乐的东西呢～（录完这期脑海里都是Fifi的笑声,papi酱,短片,动画,256,2017,967036,9233,3925,103720,41072,13209,5965,1780632000,https://www.bilibili.com/video/BV1pDV86oE6S,http://i2.hdslb.com/bfs/archive/032f4048d6f94c465fc10972289999cf79f2572f.jpg
2026-06-06,2026-06-06 17:04:47,34,BV1hAVm6XEE2,116685570836474,【传奇耐熬王】经典排骨💀60天仍然有5人存活💪到最后拼的就是谁身体好！🤦‍♂️,-超级小能猫-,搞笑,娱乐,138,2617,2051203,13383,2716,78090,17184,37713,3546,1780481719,https://www.bilibili.com/video/BV1hAVm6XEE2,http://i0.hdslb.com/bfs/archive/dc3782f8b522707e818c2537030e1b8893332367.jpg
2026-06-06,2026-06-06 17:04:47,35,BV1rg7C6TEUm,116696912369911,一句“一氧化二氢”能钓出多少“读稿机”？,中国食品报融媒体,科学科普,知识,201,291,2884491,4249,14270,124785,8875,15363,9890,1780653928,https://www.bilibili.com/video/BV1rg7C6TEUm,http://i1.hdslb.com/bfs/archive/1081ed32a36e81bee443915a997ed5f2bd56badd.jpg
2026-06-06,2026-06-06 17:04:47,36,BV1cu7r6FEPd,116696023045705,英国，沦为印度殖民地,平原公子,日常,生活,21,463,1827086,7456,5497,122164,4600,11880,10725,1780640137,https://www.bilibili.com/video/BV1cu7r6FEPd,http://i1.hdslb.com/bfs/archive/95ba7fb80bc2a46fc2c8f7ff69a08c57c40ef914.jpg
2026-06-06,2026-06-06 17:04:47,37,BV1yiEF6WErx,116690419585062,奶香馒头,夏叔厨房,美食制作,美食,76,76,1486058,847,6642,195139,6516,16646,1028,1780554601,https://www.bilibili.com/video/BV1yiEF6WErx,http://i1.hdslb.com/bfs/archive/82992eb9cddf1a5a5e5e77e481db8626c6005de9.jpg
2026-06-06,2026-06-06 17:04:47,38,BV12R7Q6MEJX,116686543914174,你说你有点难追～,未知艺术家_611,搞笑,娱乐,138,30,2286518,196,1823,214730,2467,21309,3222,1780495648,https://www.bilibili.com/video/BV12R7Q6MEJX,http://i2.hdslb.com/bfs/archive/aeaf33a25e079b26433a425ee56ac24f566861d7.jpg
2026-06-06,2026-06-06 17:04:47,39,BV1df7r6REpB,116695469463690,如何在家制造浓汤宝,嘤武罗,日常,生活,21,501,2150943,2527,2282,110030,29849,25590,1585,1780650000,https://www.bilibili.com/video/BV1df7r6REpB,http://i2.hdslb.com/bfs/archive/94c85d2ebad9002fcbad0c7ef2f3c8a3f1ec6768.jpg
2026-06-06,2026-06-06 17:04:47,40,BV1oqVB6BECd,116680034425733,《原神》洛恩角色PV——「标准化考核」,原神,手机游戏,游戏,172,702,1752226,8023,5930,145625,36703,30995,11488,1780459200,https://www.bilibili.com/video/BV1oqVB6BECd,http://i2.hdslb.com/bfs/archive/f040c8f664a034a919aee60209ef17c155dbe2df.jpg
2026-06-06,2026-06-06 17:04:47,41,BV1gzVC6kE1S,116683507243907,【低成本在家实现牛排自由‼️ 】,村驴,美食制作,美食,76,329,893290,550,2309,84490,8247,63523,8972,1780449310,https://www.bilibili.com/video/BV1gzVC6kE1S,http://i0.hdslb.com/bfs/archive/005d3e68934a884c17ab0f89f1daac2ae9982f39.jpg
2026-06-06,2026-06-06 17:04:47,42,BV1jeEc6yE75,116691593992011,《你说谁错谁就错，因为你开迈巴赫》,嘞是唐孃孃,搞笑,娱乐,138,34,2698262,161,1901,207615,2646,13285,1126,1780572588,https://www.bilibili.com/video/BV1jeEc6yE75,http://i0.hdslb.com/bfs/archive/cc74080d84744d7622f9f9dd492a1583e00aaed7.jpg
2026-06-06,2026-06-06 17:04:47,43,BV1bwV161Er2,116684413209270,【aespa】LEMONNNN,aespa,音乐综合,音乐,130,11,5904082,10735,21290,112692,25974,12840,6588,1780475400,https://www.bilibili.com/video/BV1bwV161Er2,http://i1.hdslb.com/bfs/archive/1e63fbee388c793dc0403c872eefb52a8d7d8615.jpg
2026-06-06,2026-06-06 17:04:47,44,BV1uXEA6gEMu,116692567070822,“别着急，我来给你补充「偶！像！能！量！」”,小耗owo,手机游戏,游戏,172,80,779253,484,1484,162547,8723,34764,6936,1780624800,https://www.bilibili.com/video/BV1uXEA6gEMu,http://i1.hdslb.com/bfs/archive/64822f49e99e9fb8b41ba5e0f9e06f48d4b76446.jpg
2026-06-06,2026-06-06 17:04:47,45,BV1cmVz6DEmi,116679329712224,初代跑男团战力排行,东方日出哇,特摄,动画,86,600,2074862,5075,3373,167384,7688,21697,4037,1780385423,https://www.bilibili.com/video/BV1cmVz6DEmi,http://i0.hdslb.com/bfs/archive/ee051686685860fea8d8721ddf5c5d7f35a85e5f.jpg
2026-06-06,2026-06-06 17:04:47,46,BV1aFVm6REvY,116685537281059,蜘蛛糸モノポリー,苏酥鱼鱼喵,MMD·3D,动画,25,113,600352,167,1333,118438,4656,43726,3428,1780480166,https://www.bilibili.com/video/BV1aFVm6REvY,http://i0.hdslb.com/bfs/archive/43aeddbc4a47c5117090dc56e61b94bb7a858ec0.jpg
2026-06-06,2026-06-06 17:04:47,47,BV1kzVy6hEGb,116682517385619,手绘2000多张沙画，历时3年制作,胡雪朗,绘画,绘画,162,54,785261,757,1438,178111,43984,25308,3744,1780457400,https://www.bilibili.com/video/BV1kzVy6hEGb,http://i0.hdslb.com/bfs/archive/959cf6a92144f70d7339865fe00cd198c4c8da9e.jpg
2026-06-06,2026-06-06 17:04:47,48,BV1uX7k6UENx,116696761239484,巨构：没有告别,巨构ai,网络游戏,游戏,65,19,981663,365,2702,163463,5339,64487,2031,1780651506,https://www.bilibili.com/video/BV1uX7k6UENx,http://i0.hdslb.com/bfs/archive/1422e60b2923b373953bd4ce6433b6f0e91f9501.jpg
2026-06-06,2026-06-06 17:04:47,49,BV1yo7B68EHX,116695117207554,《鸣潮》×《赛博朋克：边缘行者》共鸣者战斗演示 | 露西,鸣潮,单机游戏,游戏,17,283,2169136,2214,8080,75617,23175,13275,14020,1780628400,https://www.bilibili.com/video/BV1yo7B68EHX,http://i2.hdslb.com/bfs/archive/61426f2876187b9326f1b732fdea7044e08d7ea3.jpg
2026-06-06,2026-06-06 17:04:47,50,BV18qVr6KEk8,116680554519472,一个投了3万元必火的视频,奥利奥利奥是1,日常,生活,21,46,907919,1587,7628,224221,20290,24159,4212,1780405200,https://www.bilibili.com/video/BV18qVr6KEk8,http://i0.hdslb.com/bfs/archive/0c023b00bd1d3a694bdd40c9d19039f1436532b1.jpg
2026-06-06,2026-06-06 17:04:47,51,BV1LLVU6eE1t,116684782373820,你到底娶不娶我…,ENX叉叉酱,同人·手书,动画,47,77,847841,1129,6641,158795,9363,15803,4488,1780484400,https://www.bilibili.com/video/BV1LLVU6eE1t,http://i0.hdslb.com/bfs/archive/cffaf3db4947fd6d7956bd49b83dcea884c3307b.jpg
2026-06-06,2026-06-06 17:04:47,52,BV1F9Vz62ExS,116679262606457,一辈子一定要体验一次的游戏，绝对不能被剧透的神作,易铭小疯子,网络游戏,游戏,65,537,1070912,5102,8480,61114,7856,66671,4084,1780403895,https://www.bilibili.com/video/BV1F9Vz62ExS,http://i2.hdslb.com/bfs/archive/d453d6bbde6ccd80f0fd714edde7b754c3e5255e.jpg
2026-06-06,2026-06-06 17:04:47,53,BV1WT7C6uEj8,116696878749194,猫 咪 的 花 语 是 老 吴🎵,幾加乘,同人·手书,动画,47,259,1055030,1236,2150,86192,12298,16846,7102,1780653131,https://www.bilibili.com/video/BV1WT7C6uEj8,http://i0.hdslb.com/bfs/archive/ad354ddb8c2e2bf697327dc182835b3d6014f4b1.jpg
2026-06-06,2026-06-06 17:04:47,54,BV1R7Ew65ERR,116691124229360,当爸爸找亲戚买手机,刘鸿哥哥,小剧场,娱乐,85,119,2048072,806,2372,139263,1137,7356,1452,1780565630,https://www.bilibili.com/video/BV1R7Ew65ERR,http://i0.hdslb.com/bfs/archive/5e4feb10a7cf9e178bf7e9a619d62843bc5ae8b2.jpg
2026-06-06,2026-06-06 17:04:47,55,BV1797X6ZEvW,116686158038804,真跳60分钟，天台暴晒也算时间哦,矮乐多Aliga,日常,生活,21,3639,1092038,1027,1602,60084,11933,21158,2401,1780490050,https://www.bilibili.com/video/BV1797X6ZEvW,http://i0.hdslb.com/bfs/archive/51a11a46ff9c8a78cf19a5444bd1f18bb0099c9d.jpg
2026-06-06,2026-06-06 17:04:47,56,BV1r6V26BE9i,116685486949496,《上海奥特曼4：沪特曼集结！》,册那队长,小剧场,娱乐,85,53,2962673,972,5391,134010,9810,19021,30600,1780479544,https://www.bilibili.com/video/BV1r6V26BE9i,http://i0.hdslb.com/bfs/archive/a062cb9d7991230d0d7287d7d8fd5bead9ec6788.jpg
2026-06-06,2026-06-06 17:04:47,57,BV1L7Ew65ETv,116691124098703,我养护的石拱桥，已经被国家收录为不可移动文物！,抓紧长长长呀,三农,生活,251,604,1363833,984,1894,103839,5985,6988,411,1780565746,https://www.bilibili.com/video/BV1L7Ew65ETv,http://i1.hdslb.com/bfs/archive/56f52737bc566db19c5316ccdcc3b87cc81709e0.jpg
2026-06-06,2026-06-06 17:04:47,58,BV1ps796qErr,116685822560107,谁在等谁的出现,为了我活下去,综合,综合,27,36,560715,279,1544,170108,8554,27282,2019,1780484521,https://www.bilibili.com/video/BV1ps796qErr,http://i1.hdslb.com/bfs/archive/49a476c711b1d61ec7ffa37684a398ddb857435a.jpg
2026-06-06,2026-06-06 17:04:47,59,BV1f3VU6KEqy,116684832644044,"从""健身芭比""到""女企业家""，帕梅拉有多会""赚""？",小Lin说,财经商业,知识,207,1745,1969050,1731,1461,54284,10258,17907,3311,1780479000,https://www.bilibili.com/video/BV1f3VU6KEqy,http://i0.hdslb.com/bfs/archive/ad9df863f29ccc8f07472fc5234c04740f6ee4b3.jpg
2026-06-06,2026-06-06 17:04:47,60,BV1idV26bE2E,116685654921483,宗元舞2.0紧绷之人3,是柳宗元,电子竞技,游戏,171,51,1505171,412,1012,162265,3382,20187,3167,1780481914,https://www.bilibili.com/video/BV1idV26bE2E,http://i2.hdslb.com/bfs/archive/395efa2aefe284345f5e64ce17985d0467cd2247.jpg
2026-06-06,2026-06-06 17:04:47,61,BV1vEEP6HEFw,116692281789801,2025年出货量370万台！激光雷达真成“安全气囊”了？,保镖的车库,新能源车,新能源车,247,606,1296416,447,562,90645,2704,10352,362,1780653900,https://www.bilibili.com/video/BV1vEEP6HEFw,http://i1.hdslb.com/bfs/archive/76872e6b743f73527ee70c89a75c39214a868540.jpg
2026-06-06,2026-06-06 17:04:47,62,BV1DB7f6AEBK,116690989942959,最 不 物 质 之 人,张八筒筒,日常,生活,21,127,1776228,750,779,136923,1221,6395,658,1780563943,https://www.bilibili.com/video/BV1DB7f6AEBK,http://i1.hdslb.com/bfs/archive/612e05a8e02454bd4e3723991d4808f061b1c188.jpg
2026-06-06,2026-06-06 17:04:47,63,BV1nWVm6uEqb,116685285624503,我吃牛瘪火锅 结果买错牛胃了,张离谱Dreams,搞笑,娱乐,138,97,1721744,918,2413,111640,1723,30625,8351,1780476405,https://www.bilibili.com/video/BV1nWVm6uEqb,http://i0.hdslb.com/bfs/archive/6f4f02f224993a1933f3e515e84d84edb5ca3808.jpg
2026-06-06,2026-06-06 17:04:47,64,BV1uE7d6JEAp,116688674624635,啥龙：医生说我只剩几天了……,小陈的脚凑凑的,日常,生活,21,181,957014,1097,1542,68288,5684,16304,3384,1780528049,https://www.bilibili.com/video/BV1uE7d6JEAp,http://i1.hdslb.com/bfs/archive/e92886e4f49270b6f1a24481e0b0851d64e70fc4.jpg
2026-06-06,2026-06-06 17:04:47,65,BV1LCV66VE45,116680873346829,剥蒜的情谊147.0,NinthA-,网络游戏,游戏,65,147,1680507,741,795,122866,1575,20148,1599,1780455600,https://www.bilibili.com/video/BV1LCV66VE45,http://i1.hdslb.com/bfs/archive/21d74a2ecc26d0c95ecd1e1af6e84bf567bf37c9.jpg
2026-06-06,2026-06-06 17:04:47,66,BV1JKEw6QEw9,116691509970719,我读了你们的评论 把阎王召唤出来了T_T,汤木檀泽,日常,生活,21,959,1561335,1363,1534,99429,5792,14397,479,1780571268,https://www.bilibili.com/video/BV1JKEw6QEw9,http://i1.hdslb.com/bfs/archive/0b6c7ccb214b6211a4cf9a8741eb473536e42587.jpg
2026-06-06,2026-06-06 17:04:47,67,BV1Nk7X6TEnq,116686023955827,半个小孩，全部的妈妈,超级猫猫兽,同人·手书,动画,47,483,1478403,1678,4591,121333,19218,52868,4447,1780487705,https://www.bilibili.com/video/BV1Nk7X6TEnq,http://i0.hdslb.com/bfs/archive/25cb3d6f6dd951590c71a8ea993463455554b0c6.jpg
2026-06-06,2026-06-06 17:04:47,68,BV1bV7k6LExn,116697264560365,再见！一系列！高考必胜！,一数,校园学习,知识,208,193,546710,19970,10737,59889,24488,12505,4256,1780659292,https://www.bilibili.com/video/BV1bV7k6LExn,http://i2.hdslb.com/bfs/archive/5df66240b2b71ca2bc6ce697e929657b1b1df5a4.jpg
2026-06-06,2026-06-06 17:04:47,69,BV1jLVU6eEXE,116684782377667,可不可以买三十块烧腊？,食深烧腊,美食测评,美食,213,99,1018698,742,2144,118025,69109,5223,562,1780468779,https://www.bilibili.com/video/BV1jLVU6eEXE,http://i1.hdslb.com/bfs/archive/62b6a42513640bcbd689b2a89fb9b999a1205332.jpg
2026-06-06,2026-06-06 17:04:47,70,BV1PP7C63E2J,116696710912022,《师》我回母校当老师,阿廖沙别害怕_,搞笑,娱乐,138,296,941320,318,570,100773,2499,7471,324,1780650587,https://www.bilibili.com/video/BV1PP7C63E2J,http://i0.hdslb.com/bfs/archive/b04455fde128b88ff0a92e264778512242510bc9.jpg
2026-06-06,2026-06-06 17:04:47,71,BV1T2V161E6J,116684195106574,地牢酒馆-12集 《蜕皮的蜥蜴人与神奇薄荷》,粘土工厂,单机游戏,游戏,17,212,952413,1254,1940,136574,20480,16643,1835,1780459574,https://www.bilibili.com/video/BV1T2V161E6J,http://i0.hdslb.com/bfs/archive/f5c43e682c7ce44c1f2733c2cbb5889650fd5a05.jpg
2026-06-06,2026-06-06 17:04:47,72,BV1NoVm62EFd,116684715197497,金库测金，海峡测雷，万税爷进军测评赛道？,麻薯波比呀,社科·法律·心理,知识,124,1010,1237116,2394,2567,72904,8056,7368,818,1780479745,https://www.bilibili.com/video/BV1NoVm62EFd,http://i2.hdslb.com/bfs/archive/d200d3f215d8a9d6eb13923af38007a3d0ff34b4.jpg
2026-06-06,2026-06-06 17:04:47,73,BV1sKVr64EXg,116680621561843,演员魏宗万于6月1日去世，享年89岁,中国电影报道,预告·资讯,影视,184,26,1227746,19529,5892,310316,23295,15127,7603,1780406134,https://www.bilibili.com/video/BV1sKVr64EXg,http://i0.hdslb.com/bfs/archive/1148ab18f92299926855421cea80f91871e7f32a.jpg
2026-06-06,2026-06-06 17:04:47,74,BV1G1VB6PEro,116680286144492,今天的员工够燥的~#异宠 #爬宠 #慢宠时钟 #萌宠,慢宠日记啊,日常,生活,21,79,3553248,653,3521,140419,1781,10152,6615,1780400126,https://www.bilibili.com/video/BV1G1VB6PEro,http://i0.hdslb.com/bfs/archive/816ee56ee784d2ccfe8c14d2289cfa7fa2839d73.jpg
2026-06-06,2026-06-06 17:04:47,75,BV1EwEF62EhA,116690721443492,当校长挑选教室地板时,Cheems电玩屋,日常,生活,21,18,3540473,570,3145,145186,486,4950,322,1780559484,https://www.bilibili.com/video/BV1EwEF62EhA,http://i0.hdslb.com/bfs/archive/8916553504d48aec3ba5ad2bdfeec5fcf7eefc1c.jpg
2026-06-06,2026-06-06 17:04:47,76,BV1BqVS6MEL8,116668592363308,欢迎来到304班娃娃店,蟹上皇呀,日常,生活,21,114,2493671,1307,4453,266773,14916,109215,16690,1780221495,https://www.bilibili.com/video/BV1BqVS6MEL8,http://i1.hdslb.com/bfs/archive/9efeef607e818a1f01d4a5f1009a80d45ffcb333.jpg
2026-06-06,2026-06-06 17:04:47,77,BV1edV26tEsB,116685654722666,复仇整蛊！蛋黄派伪装摄影师突袭周深，几秒就被识破？,记录生活的蛋黄派,美食测评,美食,213,556,2729373,7169,2810,93945,28974,42220,3784,1780565400,https://www.bilibili.com/video/BV1edV26tEsB,http://i2.hdslb.com/bfs/archive/a16b60bc03719059e3218dee538877f554f3f9b4.jpg
2026-06-06,2026-06-06 17:04:47,78,BV1usEw6zEiy,116691040210390,【餐馆TV】UP今天发烧了……作品会不会受影响啊,大乾乾是顾乾宇,小剧场,娱乐,85,141,819677,1360,2432,92297,2769,10970,6376,1780564633,https://www.bilibili.com/video/BV1usEw6zEiy,http://i1.hdslb.com/bfs/archive/6d69be5e1f22dec4058e90f795df2ff7c21e4a91.jpg
2026-06-06,2026-06-06 17:04:47,79,BV1TL796CE52,116685721830606,歌剧老师锐评韩娱BLACKPINK  JYP & MAMAOO Red Velvet TWICE,铁豆钢蛋,乐评盘点,音乐,243,3086,937139,21994,11495,45261,19575,7956,2629,1780483444,https://www.bilibili.com/video/BV1TL796CE52,http://i1.hdslb.com/bfs/archive/ab6356296c8f9523a858fc15dd4a808fbc51b773.jpg
2026-06-06,2026-06-06 17:04:47,80,BV15z766SE1A,116696341812776,假如高考什么都可以带,小安苒AIGC,校园学习,知识,208,177,1741203,2021,1970,70792,1941,5099,1250,1780646400,https://www.bilibili.com/video/BV15z766SE1A,http://i2.hdslb.com/bfs/archive/ed743a6a86446310a9957bce92faa671a082a6d8.jpg
2026-06-06,2026-06-06 17:04:47,81,BV1jBVS6qEPK,116668508406277,竹丝镶嵌,归乡人山白,手工,生活,161,577,860198,3038,1483,127552,60044,13379,2054,1780410000,https://www.bilibili.com/video/BV1jBVS6qEPK,http://i2.hdslb.com/bfs/archive/1e293d2f3fac4fc22d32427cb5a045e65e22e361.jpg
2026-06-06,2026-06-06 17:04:47,82,BV1ypV66dEru,116681359754958,G胖为上架R18游戏硬刚V社法务 玩家至上 不做干预,Will游戏堂,数码,科技,95,51,1246192,705,3498,145483,2580,19779,10440,1780444800,https://www.bilibili.com/video/BV1ypV66dEru,http://i1.hdslb.com/bfs/archive/e3e911d6f451bd85e0fb10b15ba13e2f9b6b96cc.jpg
2026-06-06,2026-06-06 17:04:47,83,BV1F7716gE1d,116697667213269,不降 |《归唐》夏日游戏节剧情初窥预告,归唐,单机游戏,游戏,17,195,2230750,1479,5609,63763,2220,6164,4257,1780694417,https://www.bilibili.com/video/BV1F7716gE1d,http://i1.hdslb.com/bfs/archive/ee1e7f11e5576321abd715ef6582c5b5fe323c2d.jpg
2026-06-06,2026-06-06 17:04:47,84,BV1T9Vm6UE2N,116684681647760,《古剑》3分钟战斗实机 | 线下试玩招募开启,古剑,单机游戏,游戏,17,168,1800192,1918,6944,37166,19301,9142,15716,1780698215,https://www.bilibili.com/video/BV1T9Vm6UE2N,http://i0.hdslb.com/bfs/archive/d18a0e2a80905c1a2bfe0d000c3ca47aa1548899.jpg
2026-06-06,2026-06-06 17:04:47,85,BV1uX7k6UEPn,116696761239539,把硬装的喊过来！,脱缰凯Kk,小剧场,娱乐,85,219,932860,1327,1344,70312,2188,7411,510,1780651876,https://www.bilibili.com/video/BV1uX7k6UEPn,http://i1.hdslb.com/bfs/archive/1a5306b127f7814fe75bc726966f0f675fcb7e33.jpg
2026-06-06,2026-06-06 17:04:47,86,BV1XS796JETP,116687701545253,"""见过花开就好 何必在意花为谁开""19.0",我爱吃派大星,音乐综合,音乐,130,163,1251602,582,1107,69669,894,8039,383,1780532400,https://www.bilibili.com/video/BV1XS796JETP,http://i1.hdslb.com/bfs/archive/29288eae5b7e0f9e2243fa9682885eab8981887d.jpg
2026-06-06,2026-06-06 17:04:47,87,BV1Qb7R6XECX,116687064072844,⚡冷 笑 话 大 全 6.0⚡,污污云,鬼畜调教,鬼畜,22,66,1121797,147,835,80502,1426,32467,3981,1780545600,https://www.bilibili.com/video/BV1Qb7R6XECX,http://i2.hdslb.com/bfs/archive/edf5ec9306bef71931b52d5b0a961e13f1ecc966.jpg
2026-06-06,2026-06-06 17:04:47,88,BV17pVC6WECy,116681544304592,带良子和花胖在华哥训练营偷吃，闷子、板面、大肠都安排上,俞涛不光会做九转大肠,美食记录,美食,215,247,1761093,973,2579,81637,2308,5387,2926,1780455600,https://www.bilibili.com/video/BV17pVC6WECy,http://i1.hdslb.com/bfs/archive/ecf1293c7f3c2f89f52a51e5ad0ce5201f1be340.jpg
2026-06-06,2026-06-06 17:04:47,89,BV1iQV26cEfX,116685436618474,东北下岗三十年后，我看见了普通人的生活,十七岁歌手想打中单,出行,生活,250,3132,974107,3005,4360,38083,11046,14424,3681,1780479467,https://www.bilibili.com/video/BV1iQV26cEfX,http://i2.hdslb.com/bfs/archive/336087b59dbbf943701843cf5d3dfee77ef315e9.jpg
2026-06-06,2026-06-06 17:04:47,90,BV1rMVz67EMs,116679967312875,开关灯木头人挑战！,酱油白米饭原创,小剧场,娱乐,85,99,3249733,476,700,121126,2579,32483,3361,1780395433,https://www.bilibili.com/video/BV1rMVz67EMs,http://i0.hdslb.com/bfs/archive/b909eaaf95648e5156635c9c1afd57ac6da69f64.jpg
2026-06-06,2026-06-06 17:04:47,91,BV1xdEc6bEcK,116691426088191,肉食脑袋的硬菜局！爆辣猪蹄+火锅鸡泡面香迷糊,方芳的快乐生活,美食侦探,美食,212,1134,1319287,1358,720,66083,9017,10961,2258,1780571551,https://www.bilibili.com/video/BV1xdEc6bEcK,http://i1.hdslb.com/bfs/archive/bdc078c74f5e0987fffca10262d6ced73d562c27.jpg
2026-06-06,2026-06-06 17:04:47,92,BV1B75w6zEG1,116676158823299,二次元老资历童年都在听什么？！老番串烧34首大连唱！,鹿火CAVY,仿妆cos,时尚,252,462,1750651,3372,3920,120066,49303,42942,8481,1780337109,https://www.bilibili.com/video/BV1B75w6zEG1,http://i1.hdslb.com/bfs/archive/a1759f48c315c61aff7325cc0d6c931ad115a8d4.jpg
2026-06-06,2026-06-06 17:04:47,93,BV1WgVC6YERr,116681410283485,理财PK两个月，6位UP主已经彻底疯狂...【理财王5月战绩汇报】,-LKs-,财经商业,知识,207,779,1783368,4314,4963,63502,13283,12281,8341,1780459200,https://www.bilibili.com/video/BV1WgVC6YERr,http://i0.hdslb.com/bfs/archive/64ee687bda302bd6feee386ca990737e67920669.jpg
2026-06-06,2026-06-06 17:04:47,94,BV12QEc6wETE,116691744917719,“我想我再也不会谈恋爱了”,柯洁,影视剪辑,影视,183,34,1267613,781,4291,134386,5433,6329,5870,1780574976,https://www.bilibili.com/video/BV12QEc6wETE,http://i0.hdslb.com/bfs/archive/47071584488230edc82fe88b8fe9b87eb57cd115.jpg
2026-06-06,2026-06-06 17:04:47,95,BV1uTEc6AEzV,116691963025070,以为这次断更，会是永别,ONLee_Studio,日常,生活,21,211,861872,1616,2395,57458,19899,3924,839,1780578368,https://www.bilibili.com/video/BV1uTEc6AEzV,http://i0.hdslb.com/bfs/archive/65223f1fb3bbe6f7b6e2b1e84b56584802350ec6.jpg
2026-06-06,2026-06-06 17:04:47,96,BV1ZUEF65EzU,116690016801808,论画手的高三生活有多燃！,圆脸面包人,绘画,绘画,162,141,683012,282,572,80716,2882,11806,1617,1780548385,https://www.bilibili.com/video/BV1ZUEF65EzU,http://i2.hdslb.com/bfs/archive/d2c74006b8fe69158c1e24fb31690a791ce674d0.jpg
2026-06-06,2026-06-06 17:04:47,97,BV1bL796CEpe,116685721899286,如果我来挑战拍华语地区的经典MV风格？这一期是粉丝投稿哦！,李如儒也是李蠕蠕,小剧场,娱乐,85,159,1105275,1171,837,74912,7335,4209,869,1780483280,https://www.bilibili.com/video/BV1bL796CEpe,http://i2.hdslb.com/bfs/archive/6305a2e9ddc370f1b9e15ba5265e209ff8ea0438.jpg
2026-06-06,2026-06-06 17:04:47,98,BV1jqVS6MECE,116668592292557,【野餐】你醒啦 现在是2012年的5月份呀,野餐slu2pcekry,宅舞,舞蹈,20,182,1494623,2403,8474,290537,20202,62310,5403,1780221916,https://www.bilibili.com/video/BV1jqVS6MECE,http://i2.hdslb.com/bfs/archive/e9673e0b6ccc8de75e114c6f2ea5484907789e23.jpg
2026-06-06,2026-06-06 17:04:47,99,BV11DVo6rEo7,116674850196476,🐱穷鬼气球,竹内有虫,综合,综合,27,40,1196677,589,4245,148559,9281,44351,24165,1780317192,https://www.bilibili.com/video/BV11DVo6rEo7,http://i0.hdslb.com/bfs/archive/c914f8432580c402c9749aca8e6fa9efa26eedbb.jpg
2026-06-06,2026-06-06 17:04:47,100,BV16sEc6SEwE,116692030070649,班级里的某些努力姐belike：,不懂爱的喵,AI音乐,AI音乐,265,81,1773328,435,4054,103815,451,7681,3234,1780579469,https://www.bilibili.com/video/BV16sEc6SEwE,http://i2.hdslb.com/bfs/archive/711ed87052e442f67c408a6e4e372e876c02a3f0.jpg
2026-06-06,2026-06-06 18:35:03,1,BV15iEc6VEfH,116691577216788,路边一块，也能变废为宝，雕刻出大家想要的题材我不知道什么时候天才会亮，但我知道，跑着跑着，天就亮了。,小梨家的和田玉,手工,生活,161,220,5206053,3172,9670,196993,6038,18534,3114,1780572193,https://www.bilibili.com/video/BV15iEc6VEfH,http://i2.hdslb.com/bfs/archive/c1597efe82d66a7f728f8bdd84505eff4b7f5ac9.jpg
2026-06-06,2026-06-06 18:35:03,2,BV1Qi7f6eE59,116690805395451,致敬每一个心中有花，努力奔跑的人,爱画画的子衿,亲子,生活,254,313,1513722,3050,3203,206662,102245,13230,3152,1780561800,https://www.bilibili.com/video/BV1Qi7f6eE59,http://i1.hdslb.com/bfs/archive/2c9cc3dd70d264a8473e46b8bebaad7db4d6ef2c.jpg
2026-06-06,2026-06-06 18:35:03,3,BV17GEP6xEDW,116692348832614,新三国up锐评楚汉传奇01：是不是我打开的方式不太对？,吃蛋挞的折棒,影视杂谈,影视,182,1348,1224907,17774,10501,117316,115177,24494,9284,1780624800,https://www.bilibili.com/video/BV17GEP6xEDW,http://i2.hdslb.com/bfs/archive/4e5cd47c8551d2b66643e2800041b7ec2d3bf729.jpg
2026-06-06,2026-06-06 18:35:03,4,BV19ZEF6MEBV,116690117464228,人在干坏事的时候是不怕苦不怕累的,我是易拉爆,日常,生活,21,309,1954042,1241,3328,180528,12205,25782,12621,1780550100,https://www.bilibili.com/video/BV19ZEF6MEBV,http://i2.hdslb.com/bfs/archive/5a3e59dd5183e87d69b1ad3224466b821bf05e23.jpg
2026-06-06,2026-06-06 18:35:03,5,BV13s7z63EjV,116695016477738,《绝区零》3.0新地块实机演示,绝区零,手机游戏,游戏,172,599,1345241,9020,13283,120009,56665,21661,24052,1780624803,https://www.bilibili.com/video/BV13s7z63EjV,http://i0.hdslb.com/bfs/archive/ac132a13aed30f0b83ff50dfb56d83e2e518206a.jpg
2026-06-06,2026-06-06 18:35:03,6,BV1wEEc6REms,116692097238799,城市大富翁（5）,雨哥到处跑,日常,生活,21,3846,1264698,31863,4715,118259,96838,32746,4400,1780628700,https://www.bilibili.com/video/BV1wEEc6REms,http://i1.hdslb.com/bfs/archive/8628e50dc2e56aec5815c8e3f665d304cfe23d80.jpg
2026-06-06,2026-06-06 18:35:03,7,BV1w6EF6QEjZ,116690033778619,不看后悔！史上最神人店家！,转生成为毛毛,美食侦探,美食,212,186,2820906,3500,8024,148238,3821,24597,12028,1780563600,https://www.bilibili.com/video/BV1w6EF6QEjZ,http://i1.hdslb.com/bfs/archive/07cb98d8f59285212c90c7646739a87803bf06c0.jpg
2026-06-06,2026-06-06 18:35:03,8,BV16DVz6UE77,116679229180052,如何拍出电影感大片,喜欢拍照的皮皮,日常,生活,21,60,3445608,323,2041,314899,10269,92762,7616,1780384052,https://www.bilibili.com/video/BV16DVz6UE77,http://i1.hdslb.com/bfs/archive/82ba23d6fb45244f769f8f127cfbe2f51afe67c8.jpg
2026-06-06,2026-06-06 18:35:03,9,BV1XQ7Z6eEki,116689412819066,特朗普的愤怒,燕三嘤嘤嘤,人文历史,知识,228,1133,2703182,10383,4636,135598,32414,19904,2574,1780545020,https://www.bilibili.com/video/BV1XQ7Z6eEki,http://i0.hdslb.com/bfs/archive/d106118a7a33e310838a2e387ce511583c5a7a62.jpg
2026-06-06,2026-06-06 18:35:03,10,BV1vkVB6NEuR,116680252462308,“超微距”下的瑞士长什么样？,影视飓风,娱乐粉丝创作,娱乐,242,1369,3519263,7910,3000,153910,48207,27188,5803,1780477200,https://www.bilibili.com/video/BV1vkVB6NEuR,http://i1.hdslb.com/bfs/archive/5b0c10c80ad8bf4789b41860cadc70e8c144245b.jpg
2026-06-06,2026-06-06 18:35:03,11,BV16BVy6wEfx,116682534162276,《你来真的啊》,伤心欲茄222,搞笑,娱乐,138,116,3027233,1205,5068,304813,6013,19915,3578,1780459200,https://www.bilibili.com/video/BV16BVy6wEfx,http://i1.hdslb.com/bfs/archive/f16abe0150882e397bf053e6d7a1e4dced090de1.jpg
2026-06-06,2026-06-06 18:35:03,12,BV16kV26TES7,116685470175022,当父母说出了正确答案：,进击的金厂长,搞笑,娱乐,138,129,4813437,2049,2123,337610,125491,156484,2571,1780479155,https://www.bilibili.com/video/BV16kV26TES7,http://i0.hdslb.com/bfs/archive/982b25c4ef21fb08f77ae933c89f4b99d5b0c86a.jpg
2026-06-06,2026-06-06 18:35:03,13,BV15wVB6YECT,116678608359768,一顿饭只要三块钱，客人吃着吃着，人就“没了”,瞎通不设计了,美食侦探,美食,212,187,2185043,2367,6119,270992,157980,25117,3985,1780390800,https://www.bilibili.com/video/BV15wVB6YECT,http://i1.hdslb.com/bfs/archive/fd898a754bc3cf4317349a2b3c4394e104417434.jpg
2026-06-06,2026-06-06 18:35:03,14,BV1kCVU65ERM,116669112386149,初中生斗胆跳一段jam,特崮斯,篮球,运动,235,45,6009911,6671,17774,1163199,188403,122244,17947,1780229707,https://www.bilibili.com/video/BV1kCVU65ERM,http://i1.hdslb.com/bfs/archive/5871a66dc8e356ff71da4a6d99d5922b4a6a3fce.jpg
2026-06-06,2026-06-06 18:35:03,15,BV1XEV26XEsz,116683641455201,冠以破碎之名：第一集 冰潮寒雨之夏,Xavier_白昼,综合,综合,27,1106,1316387,1734,2329,99129,20789,60927,3326,1780451269,https://www.bilibili.com/video/BV1XEV26XEsz,http://i0.hdslb.com/bfs/archive/edb3c2a03146bbc3390581aa30c41b8e3c3ab846.jpg
2026-06-06,2026-06-06 18:35:03,16,BV15C7k6REKC,116697197451293,公测定档7月 | 《遗忘之海》船员集结摇滚MV「燥」,遗忘之海,GMV,GMV,121,205,2706178,760,1139,60608,44580,47274,3395,1780711200,https://www.bilibili.com/video/BV15C7k6REKC,http://i0.hdslb.com/bfs/archive/bef8db958217ad42ed011f4bf5d5d6c1cf3a4bad.jpg
2026-06-06,2026-06-06 18:35:03,17,BV1sC7R6VEF3,116687181451048,【侯绿萝】视频加载中，速速查收惊喜！,侯绿萝,小剧场,娱乐,85,233,1654181,1322,1318,158490,9148,12962,1624,1780538400,https://www.bilibili.com/video/BV1sC7R6VEF3,http://i0.hdslb.com/bfs/archive/e40df1469a3bc68659f30a77b0e0801ae88938bb.jpg
2026-06-06,2026-06-06 18:35:03,18,BV1MG7961Efg,116685688276783,下 一 个 抓 谁 ！！！,啊吗粽,搞笑,娱乐,138,586,1329079,4281,2223,119096,57880,22059,2906,1780482465,https://www.bilibili.com/video/BV1MG7961Efg,http://i2.hdslb.com/bfs/archive/55e9b58ea3d6a84a655b0d2607bb6ff7e31c6d34.jpg
2026-06-06,2026-06-06 18:35:03,19,BV1jwV663EjR,116679380112598,我的世界杯主题曲！IShowSpeed - World Cup (Champions),ishowspeedsui,竞技体育,运动,236,299,4326770,2324,9735,240663,43389,42003,14246,1780386563,https://www.bilibili.com/video/BV1jwV663EjR,http://i2.hdslb.com/bfs/archive/2807f6a9b9342740dfa8764e7bcc6e231196c94f.jpg
2026-06-06,2026-06-06 18:35:03,20,BV1Qt7X61Enn,116686241993999,百万英镑，但素质过低,青时晚,影视剪辑,影视,183,174,1842453,1653,1971,111151,7898,27334,10747,1780490956,https://www.bilibili.com/video/BV1Qt7X61Enn,http://i0.hdslb.com/bfs/archive/1573985b4950f4d1001b3a21a50adab722b0a0f1.jpg
2026-06-06,2026-06-06 18:35:03,21,BV168796PEv1,116685839403735,如此仙音唯有挠臭,lulu和露爸,喵星人,喵星人,218,26,4046966,13005,4723,509069,12428,97987,20752,1780484850,https://www.bilibili.com/video/BV168796PEv1,http://i1.hdslb.com/bfs/archive/87f3ce4876a2e50e34a2c1b24dfe10ae34700a55.jpg
2026-06-06,2026-06-06 18:35:03,22,BV1mhV26yETL,116683775678542,科比的哲学启示录第十四期,蟹不肉丨,影视剪辑,影视,183,74,4950685,1151,6685,305175,14734,78217,14551,1780453236,https://www.bilibili.com/video/BV1mhV26yETL,http://i0.hdslb.com/bfs/archive/738134aa027bf05aa3f3843c528db81f3d78307d.jpg
2026-06-06,2026-06-06 18:35:03,23,BV1GHEw6rEo4,116691140875979,无能的杰哥,神威-狗剩,影视剪辑,影视,183,154,2672455,1710,3343,127653,7026,22765,24910,1780565876,https://www.bilibili.com/video/BV1GHEw6rEo4,http://i2.hdslb.com/bfs/archive/0814d03bdf68a6a83cba4b8ba18fa6d58d6de912.jpg
2026-06-06,2026-06-06 18:35:03,24,BV1gWEw6gE4X,116691056987748,“这种没流量的画画最狠了”,像风如你o_O,日常,生活,21,25,2065611,571,3077,258695,6842,21544,1019,1780564358,https://www.bilibili.com/video/BV1gWEw6gE4X,http://i0.hdslb.com/bfs/archive/96621cf035234fbf3c3d6f498d6f4d5eae388c12.jpg
2026-06-06,2026-06-06 18:35:03,25,BV1gsEw6zExs,116691040208641,你的高考/中考/期末考belike,哈基mer-猫meme,搞笑,娱乐,138,22,629754,23932,1836,228496,24015,46645,4255,1780564012,https://www.bilibili.com/video/BV1gsEw6zExs,http://i2.hdslb.com/bfs/archive/4f76f8d127f1c6d5a990c89a161f10356e783cd4.jpg
2026-06-06,2026-06-06 18:35:03,26,BV1uX7k6UENx,116696761239484,巨构：没有告别,巨构ai,网络游戏,游戏,65,19,1197452,494,3318,198504,6663,75740,2532,1780651506,https://www.bilibili.com/video/BV1uX7k6UENx,http://i0.hdslb.com/bfs/archive/1422e60b2923b373953bd4ce6433b6f0e91f9501.jpg
2026-06-06,2026-06-06 18:35:03,27,BV1cu7r6FEPd,116696023045705,英国，沦为印度殖民地,平原公子,日常,生活,21,463,1937805,7844,5788,129516,4939,12738,11531,1780640137,https://www.bilibili.com/video/BV1cu7r6FEPd,http://i1.hdslb.com/bfs/archive/95ba7fb80bc2a46fc2c8f7ff69a08c57c40ef914.jpg
2026-06-06,2026-06-06 18:35:03,28,BV1W6VZ6MEbd,116674313328609,🍄欠揍气球🍄,纸片马力欧,日常,生活,21,40,3468191,2887,8477,419000,31157,213050,67181,1780309043,https://www.bilibili.com/video/BV1W6VZ6MEbd,http://i0.hdslb.com/bfs/archive/3d18bae01c4fc365d9e7e0ede5efb926e32115ad.jpg
2026-06-06,2026-06-06 18:35:03,29,BV1pDV86oE6S,116657217344637,热烈欢迎薛凯琪！工作之余，Fiona会带哪些让自己感到快乐的东西呢～（录完这期脑海里都是Fifi的笑声,papi酱,短片,动画,256,2017,999374,9483,4002,106453,41973,13525,6105,1780632000,https://www.bilibili.com/video/BV1pDV86oE6S,http://i2.hdslb.com/bfs/archive/032f4048d6f94c465fc10972289999cf79f2572f.jpg
2026-06-06,2026-06-06 18:35:03,30,BV1rg7C6TEUm,116696912369911,一句“一氧化二氢”能钓出多少“读稿机”？,中国食品报融媒体,科学科普,知识,201,291,3056234,4418,14827,130311,9341,16258,10342,1780653928,https://www.bilibili.com/video/BV1rg7C6TEUm,http://i1.hdslb.com/bfs/archive/1081ed32a36e81bee443915a997ed5f2bd56badd.jpg
2026-06-06,2026-06-06 18:35:03,31,BV1RvVo6QEqo,116674682426936,不儿，你俩来真的啊？！,主持人yoyo酱,搞笑,娱乐,138,265,5500854,15436,12156,658210,501429,118369,13982,1780314627,https://www.bilibili.com/video/BV1RvVo6QEqo,http://i1.hdslb.com/bfs/archive/e8bde3297455f3796e516de2362d5eb1085d9abf.jpg
2026-06-06,2026-06-06 18:35:03,32,BV1pnVm6GEQG,116685386483651,“当bro以为自己很有影响力时…”,林宇辉,社科·法律·心理,知识,124,16,848345,452,1912,244839,9675,31132,1179,1780478075,https://www.bilibili.com/video/BV1pnVm6GEQG,http://i1.hdslb.com/bfs/archive/02329b4beff89227f0f34b10ef7ca21a2b920c65.jpg
2026-06-06,2026-06-06 18:35:03,33,BV1QzVR63E3L,116671930963542,回忆永远都是加分项,央视新闻,日常,生活,21,184,3553223,27914,23669,621079,241592,188396,59069,1780286400,https://www.bilibili.com/video/BV1QzVR63E3L,http://i2.hdslb.com/bfs/archive/f4dc3fe8ea88a450877315e867b4995121d5dbf6.jpg
2026-06-06,2026-06-06 18:35:03,34,BV1df7r6REpB,116695469463690,如何在家制造浓汤宝,嘤武罗,日常,生活,21,501,2344819,2680,2411,118973,31473,27620,1686,1780650000,https://www.bilibili.com/video/BV1df7r6REpB,http://i2.hdslb.com/bfs/archive/94c85d2ebad9002fcbad0c7ef2f3c8a3f1ec6768.jpg
2026-06-06,2026-06-06 18:35:03,35,BV1VWVz6TELx,116679598147712,星际穿越的我，试图提醒过去的自己....,考研英语大雁,校园学习,知识,208,33,2794240,640,2242,360361,7921,46598,6337,1780389685,https://www.bilibili.com/video/BV1VWVz6TELx,http://i0.hdslb.com/bfs/archive/5822709cbd5c2a8a09fabc50bcfdcfc29859f9a1.jpg
2026-06-06,2026-06-06 18:35:03,36,BV1xuVC6AEbg,116681426868021,今天把我关于《丧尸清道夫》的创作思路分享给大家，如果能帮到你，我会很开心。,Mx-Shell,影视剪辑,影视,183,2573,1158776,868,1919,69310,28230,71828,9976,1780452000,https://www.bilibili.com/video/BV1xuVC6AEbg,http://i0.hdslb.com/bfs/archive/4a766d587664347016b0288147deb324a2964232.jpg
2026-06-06,2026-06-06 18:35:03,37,BV1yiEF6WErx,116690419585062,奶香馒头,夏叔厨房,美食制作,美食,76,76,1522959,855,6720,198895,6643,17045,1046,1780554601,https://www.bilibili.com/video/BV1yiEF6WErx,http://i1.hdslb.com/bfs/archive/82992eb9cddf1a5a5e5e77e481db8626c6005de9.jpg
2026-06-06,2026-06-06 18:35:03,38,BV12R7Q6MEJX,116686543914174,你说你有点难追～,未知艺术家_611,搞笑,娱乐,138,30,2335400,203,1844,218814,2535,21841,3304,1780495648,https://www.bilibili.com/video/BV12R7Q6MEJX,http://i2.hdslb.com/bfs/archive/aeaf33a25e079b26433a425ee56ac24f566861d7.jpg
2026-06-06,2026-06-06 18:35:03,39,BV1ogV26FEhB,116683943643894,兄弟们！今天给良子做一个入营测试，这身体身体素质，跟我想的不太一样啊!,健身华哥,运动综合,运动,238,246,2677583,4818,58881,125793,3650,7346,14409,1780455998,https://www.bilibili.com/video/BV1ogV26FEhB,http://i1.hdslb.com/bfs/archive/0ef39901811fd5680c39a67445609ba38a9560c2.jpg
2026-06-06,2026-06-06 18:35:03,40,BV1uXEA6gEMu,116692567070822,“别着急，我来给你补充「偶！像！能！量！」”,小耗owo,手机游戏,游戏,172,80,833623,539,1603,172754,9421,37080,7401,1780624800,https://www.bilibili.com/video/BV1uXEA6gEMu,http://i1.hdslb.com/bfs/archive/64822f49e99e9fb8b41ba5e0f9e06f48d4b76446.jpg
2026-06-06,2026-06-06 18:35:03,41,BV1hAVm6XEE2,116685570836474,【传奇耐熬王】经典排骨💀60天仍然有5人存活💪到最后拼的就是谁身体好！🤦‍♂️,-超级小能猫-,搞笑,娱乐,138,2617,2093736,13471,2740,79340,17407,38390,3585,1780481719,https://www.bilibili.com/video/BV1hAVm6XEE2,http://i0.hdslb.com/bfs/archive/dc3782f8b522707e818c2537030e1b8893332367.jpg
2026-06-06,2026-06-06 18:35:03,42,BV1jeEc6yE75,116691593992011,《你说谁错谁就错，因为你开迈巴赫》,嘞是唐孃孃,搞笑,娱乐,138,34,2738143,163,1909,210905,2682,13612,1143,1780572588,https://www.bilibili.com/video/BV1jeEc6yE75,http://i0.hdslb.com/bfs/archive/cc74080d84744d7622f9f9dd492a1583e00aaed7.jpg
2026-06-06,2026-06-06 18:35:03,43,BV1gzVC6kE1S,116683507243907,【低成本在家实现牛排自由‼️ 】,村驴,美食制作,美食,76,329,907897,558,2323,86012,8336,64625,9102,1780449310,https://www.bilibili.com/video/BV1gzVC6kE1S,http://i0.hdslb.com/bfs/archive/005d3e68934a884c17ab0f89f1daac2ae9982f39.jpg
2026-06-06,2026-06-06 18:35:03,44,BV1oqVB6BECd,116680034425733,《原神》洛恩角色PV——「标准化考核」,原神,手机游戏,游戏,172,702,1759747,8112,5943,146274,36842,31317,11530,1780459200,https://www.bilibili.com/video/BV1oqVB6BECd,http://i2.hdslb.com/bfs/archive/f040c8f664a034a919aee60209ef17c155dbe2df.jpg
2026-06-06,2026-06-06 18:35:03,45,BV1kzVy6hEGb,116682517385619,手绘2000多张沙画，历时3年制作,胡雪朗,绘画,绘画,162,54,787455,760,1440,178805,44139,25440,3758,1780457400,https://www.bilibili.com/video/BV1kzVy6hEGb,http://i0.hdslb.com/bfs/archive/959cf6a92144f70d7339865fe00cd198c4c8da9e.jpg
2026-06-06,2026-06-06 18:35:03,46,BV1cmVz6DEmi,116679329712224,初代跑男团战力排行,东方日出哇,特摄,动画,86,600,2097958,5189,3391,169768,7770,22022,4093,1780385423,https://www.bilibili.com/video/BV1cmVz6DEmi,http://i0.hdslb.com/bfs/archive/ee051686685860fea8d8721ddf5c5d7f35a85e5f.jpg
2026-06-06,2026-06-06 18:35:03,47,BV1bwV161Er2,116684413209270,【aespa】LEMONNNN,aespa,音乐综合,音乐,130,11,5998155,11052,22075,114853,26555,13151,6838,1780475400,https://www.bilibili.com/video/BV1bwV161Er2,http://i1.hdslb.com/bfs/archive/1e63fbee388c793dc0403c872eefb52a8d7d8615.jpg
2026-06-06,2026-06-06 18:35:03,48,BV1yo7B68EHX,116695117207554,《鸣潮》×《赛博朋克：边缘行者》共鸣者战斗演示 | 露西,鸣潮,单机游戏,游戏,17,283,2178363,2234,8103,75940,23254,13316,14105,1780628400,https://www.bilibili.com/video/BV1yo7B68EHX,http://i2.hdslb.com/bfs/archive/61426f2876187b9326f1b732fdea7044e08d7ea3.jpg
2026-06-06,2026-06-06 18:35:03,49,BV1LLVU6eE1t,116684782373820,你到底娶不娶我…,ENX叉叉酱,同人·手书,动画,47,77,856797,1163,6678,160810,9429,16056,4517,1780484400,https://www.bilibili.com/video/BV1LLVU6eE1t,http://i0.hdslb.com/bfs/archive/cffaf3db4947fd6d7956bd49b83dcea884c3307b.jpg
2026-06-06,2026-06-06 18:35:03,50,BV1WT7C6uEj8,116696878749194,猫 咪 的 花 语 是 老 吴🎵,幾加乘,同人·手书,动画,47,259,1101121,1270,2213,89511,12730,17720,7372,1780653131,https://www.bilibili.com/video/BV1WT7C6uEj8,http://i0.hdslb.com/bfs/archive/ad354ddb8c2e2bf697327dc182835b3d6014f4b1.jpg
2026-06-06,2026-06-06 18:35:03,51,BV1R7Ew65ERR,116691124229360,当爸爸找亲戚买手机,刘鸿哥哥,小剧场,娱乐,85,119,2098835,840,2474,142471,1165,7561,1491,1780565630,https://www.bilibili.com/video/BV1R7Ew65ERR,http://i0.hdslb.com/bfs/archive/5e4feb10a7cf9e178bf7e9a619d62843bc5ae8b2.jpg
2026-06-06,2026-06-06 18:35:03,52,BV1aFVm6REvY,116685537281059,蜘蛛糸モノポリー,苏酥鱼鱼喵,MMD·3D,动画,25,113,606879,167,1348,119982,4723,44288,3466,1780480166,https://www.bilibili.com/video/BV1aFVm6REvY,http://i0.hdslb.com/bfs/archive/43aeddbc4a47c5117090dc56e61b94bb7a858ec0.jpg
2026-06-06,2026-06-06 18:35:03,53,BV1797X6ZEvW,116686158038804,真跳60分钟，天台暴晒也算时间哦,矮乐多Aliga,日常,生活,21,3639,1114446,1036,1631,61411,12159,21575,2450,1780490050,https://www.bilibili.com/video/BV1797X6ZEvW,http://i0.hdslb.com/bfs/archive/51a11a46ff9c8a78cf19a5444bd1f18bb0099c9d.jpg
2026-06-06,2026-06-06 18:35:03,54,BV18qVr6KEk8,116680554519472,一个投了3万元必火的视频,奥利奥利奥是1,日常,生活,21,46,915289,1601,7679,225697,20461,24313,4228,1780405200,https://www.bilibili.com/video/BV18qVr6KEk8,http://i0.hdslb.com/bfs/archive/0c023b00bd1d3a694bdd40c9d19039f1436532b1.jpg
2026-06-06,2026-06-06 18:35:03,55,BV1L7Ew65ETv,116691124098703,我养护的石拱桥，已经被国家收录为不可移动文物！,抓紧长长长呀,三农,生活,251,604,1410992,1001,1920,106640,6134,7251,414,1780565746,https://www.bilibili.com/video/BV1L7Ew65ETv,http://i1.hdslb.com/bfs/archive/56f52737bc566db19c5316ccdcc3b87cc81709e0.jpg
2026-06-06,2026-06-06 18:35:03,56,BV1F9Vz62ExS,116679262606457,一辈子一定要体验一次的游戏，绝对不能被剧透的神作,易铭小疯子,网络游戏,游戏,65,537,1081714,5146,8543,61803,7925,67377,4108,1780403895,https://www.bilibili.com/video/BV1F9Vz62ExS,http://i2.hdslb.com/bfs/archive/d453d6bbde6ccd80f0fd714edde7b754c3e5255e.jpg
2026-06-06,2026-06-06 18:35:03,57,BV1PP7C63E2J,116696710912022,《师》我回母校当老师,阿廖沙别害怕_,搞笑,娱乐,138,296,1029071,339,617,109858,2778,8230,353,1780650587,https://www.bilibili.com/video/BV1PP7C63E2J,http://i0.hdslb.com/bfs/archive/b04455fde128b88ff0a92e264778512242510bc9.jpg
2026-06-06,2026-06-06 18:35:03,58,BV1ps796qErr,116685822560107,谁在等谁的出现,为了我活下去,综合,综合,27,36,570176,283,1555,173173,8706,27859,2043,1780484521,https://www.bilibili.com/video/BV1ps796qErr,http://i1.hdslb.com/bfs/archive/49a476c711b1d61ec7ffa37684a398ddb857435a.jpg
2026-06-06,2026-06-06 18:35:03,59,BV1vEEP6HEFw,116692281789801,2025年出货量370万台！激光雷达真成“安全气囊”了？,保镖的车库,新能源车,新能源车,247,606,1300749,451,583,90836,2709,10365,362,1780653900,https://www.bilibili.com/video/BV1vEEP6HEFw,http://i1.hdslb.com/bfs/archive/76872e6b743f73527ee70c89a75c39214a868540.jpg
2026-06-06,2026-06-06 18:35:03,60,BV1bV7k6LExn,116697264560365,再见！一系列！高考必胜！,一数,校园学习,知识,208,193,574512,21173,11244,62613,25432,13002,4412,1780659292,https://www.bilibili.com/video/BV1bV7k6LExn,http://i2.hdslb.com/bfs/archive/5df66240b2b71ca2bc6ce697e929657b1b1df5a4.jpg
2026-06-06,2026-06-06 18:35:03,61,BV1DB7f6AEBK,116690989942959,最 不 物 质 之 人,张八筒筒,日常,生活,21,127,1780307,750,781,137112,1227,6409,660,1780563943,https://www.bilibili.com/video/BV1DB7f6AEBK,http://i1.hdslb.com/bfs/archive/612e05a8e02454bd4e3723991d4808f061b1c188.jpg
2026-06-06,2026-06-06 18:35:03,62,BV1Nk7X6TEnq,116686023955827,半个小孩，全部的妈妈,超级猫猫兽,同人·手书,动画,47,483,1503484,1707,4648,123692,19553,53837,4525,1780487705,https://www.bilibili.com/video/BV1Nk7X6TEnq,http://i0.hdslb.com/bfs/archive/25cb3d6f6dd951590c71a8ea993463455554b0c6.jpg
2026-06-06,2026-06-06 18:35:03,63,BV1uE7d6JEAp,116688674624635,啥龙：医生说我只剩几天了……,小陈的脚凑凑的,日常,生活,21,181,965478,1111,1556,69080,5725,16506,3412,1780528049,https://www.bilibili.com/video/BV1uE7d6JEAp,http://i1.hdslb.com/bfs/archive/e92886e4f49270b6f1a24481e0b0851d64e70fc4.jpg
2026-06-06,2026-06-06 18:35:03,64,BV1JKEw6QEw9,116691509970719,我读了你们的评论 把阎王召唤出来了T_T,汤木檀泽,日常,生活,21,959,1606303,1384,1552,101642,5884,14904,487,1780571268,https://www.bilibili.com/video/BV1JKEw6QEw9,http://i1.hdslb.com/bfs/archive/0b6c7ccb214b6211a4cf9a8741eb473536e42587.jpg
2026-06-06,2026-06-06 18:35:03,65,BV1EwEF62EhA,116690721443492,当校长挑选教室地板时,Cheems电玩屋,日常,生活,21,18,3784285,615,3476,156053,508,5414,362,1780559484,https://www.bilibili.com/video/BV1EwEF62EhA,http://i0.hdslb.com/bfs/archive/8916553504d48aec3ba5ad2bdfeec5fcf7eefc1c.jpg
2026-06-06,2026-06-06 18:35:03,66,BV1nWVm6uEqb,116685285624503,我吃牛瘪火锅 结果买错牛胃了,张离谱Dreams,搞笑,娱乐,138,97,1808743,958,2538,118578,1835,32306,8729,1780476405,https://www.bilibili.com/video/BV1nWVm6uEqb,http://i0.hdslb.com/bfs/archive/6f4f02f224993a1933f3e515e84d84edb5ca3808.jpg
2026-06-06,2026-06-06 18:35:03,67,BV1r6V26BE9i,116685486949496,《上海奥特曼4：沪特曼集结！》,册那队长,小剧场,娱乐,85,53,2988260,975,5433,134884,9857,19158,30757,1780479544,https://www.bilibili.com/video/BV1r6V26BE9i,http://i0.hdslb.com/bfs/archive/a062cb9d7991230d0d7287d7d8fd5bead9ec6788.jpg
2026-06-06,2026-06-06 18:35:03,68,BV1LCV66VE45,116680873346829,剥蒜的情谊147.0,NinthA-,网络游戏,游戏,65,147,1714140,751,803,124939,1604,20566,1626,1780455600,https://www.bilibili.com/video/BV1LCV66VE45,http://i1.hdslb.com/bfs/archive/21d74a2ecc26d0c95ecd1e1af6e84bf567bf37c9.jpg
2026-06-06,2026-06-06 18:35:03,69,BV1idV26bE2E,116685654921483,宗元舞2.0紧绷之人3,是柳宗元,电子竞技,游戏,171,51,1552563,416,1025,166475,3447,20709,3258,1780481914,https://www.bilibili.com/video/BV1idV26bE2E,http://i2.hdslb.com/bfs/archive/395efa2aefe284345f5e64ce17985d0467cd2247.jpg
2026-06-06,2026-06-06 18:35:03,70,BV1jLVU6eEXE,116684782377667,可不可以买三十块烧腊？,食深烧腊,美食测评,美食,213,99,1025680,746,2161,119072,69585,5279,565,1780468779,https://www.bilibili.com/video/BV1jLVU6eEXE,http://i1.hdslb.com/bfs/archive/62b6a42513640bcbd689b2a89fb9b999a1205332.jpg
2026-06-06,2026-06-06 18:35:03,71,BV1f3VU6KEqy,116684832644044,"从""健身芭比""到""女企业家""，帕梅拉有多会""赚""？",小Lin说,财经商业,知识,207,1745,1983604,1747,1464,54651,10350,18024,3338,1780479000,https://www.bilibili.com/video/BV1f3VU6KEqy,http://i0.hdslb.com/bfs/archive/ad9df863f29ccc8f07472fc5234c04740f6ee4b3.jpg
2026-06-06,2026-06-06 18:35:03,72,BV1F7716gE1d,116697667213269,不降 |《归唐》夏日游戏节剧情初窥预告,归唐,单机游戏,游戏,17,195,2643091,1600,5946,72713,2398,7060,4521,1780694417,https://www.bilibili.com/video/BV1F7716gE1d,http://i1.hdslb.com/bfs/archive/ee1e7f11e5576321abd715ef6582c5b5fe323c2d.jpg
2026-06-06,2026-06-06 18:35:03,73,BV1usEw6zEiy,116691040210390,【餐馆TV】UP今天发烧了……作品会不会受影响啊,大乾乾是顾乾宇,小剧场,娱乐,85,141,848935,1418,2495,95310,2851,11356,6570,1780564633,https://www.bilibili.com/video/BV1usEw6zEiy,http://i1.hdslb.com/bfs/archive/6d69be5e1f22dec4058e90f795df2ff7c21e4a91.jpg
2026-06-06,2026-06-06 18:35:03,74,BV15z766SE1A,116696341812776,假如高考什么都可以带,小安苒AIGC,校园学习,知识,208,177,1845391,2151,2081,75904,1996,5505,1332,1780646400,https://www.bilibili.com/video/BV15z766SE1A,http://i2.hdslb.com/bfs/archive/ed743a6a86446310a9957bce92faa671a082a6d8.jpg
2026-06-06,2026-06-06 18:35:03,75,BV1T9Vm6UE2N,116684681647760,《古剑》3分钟战斗实机 | 线下试玩招募开启,古剑,单机游戏,游戏,17,168,2004555,2011,7327,39816,20697,9930,16496,1780698215,https://www.bilibili.com/video/BV1T9Vm6UE2N,http://i0.hdslb.com/bfs/archive/d18a0e2a80905c1a2bfe0d000c3ca47aa1548899.jpg
2026-06-06,2026-06-06 18:35:03,76,BV1edV26tEsB,116685654722666,复仇整蛊！蛋黄派伪装摄影师突袭周深，几秒就被识破？,记录生活的蛋黄派,美食测评,美食,213,556,2906079,7230,2834,96169,29272,44073,3798,1780565400,https://www.bilibili.com/video/BV1edV26tEsB,http://i2.hdslb.com/bfs/archive/a16b60bc03719059e3218dee538877f554f3f9b4.jpg
2026-06-06,2026-06-06 18:35:03,77,BV1xU7f6xEjt,116690939546284,CF单机叙事续作——《穿越火线：潜伏》实机首曝,穿越火线潜伏,单机游戏,游戏,17,308,2147257,795,2740,61513,3381,10173,6845,1780696800,https://www.bilibili.com/video/BV1xU7f6xEjt,http://i0.hdslb.com/bfs/archive/140a4abb0c80a2aa1e7cb7126c978567b667ed12.jpg
2026-06-06,2026-06-06 18:35:03,78,BV1TL796CE52,116685721830606,歌剧老师锐评韩娱BLACKPINK  JYP & MAMAOO Red Velvet TWICE,铁豆钢蛋,乐评盘点,音乐,243,3086,950175,22054,11697,45505,19665,7997,2648,1780483444,https://www.bilibili.com/video/BV1TL796CE52,http://i1.hdslb.com/bfs/archive/ab6356296c8f9523a858fc15dd4a808fbc51b773.jpg
2026-06-06,2026-06-06 18:35:03,79,BV1L8Gq6aEVt,116622471922186,评论区摄影大赛直击人心篇开启，欢迎投稿好的作品会让更多人看到。,摄影恩哥,日常,生活,21,137,800144,302,3006,109959,815,6873,150,1780651800,https://www.bilibili.com/video/BV1L8Gq6aEVt,http://i0.hdslb.com/bfs/archive/d3eeaf9390b7eb77f3e8017f5ee769d473203355.jpg
2026-06-06,2026-06-06 18:35:03,80,BV1G1VB6PEro,116680286144492,今天的员工够燥的~#异宠 #爬宠 #慢宠时钟 #萌宠,慢宠日记啊,日常,生活,21,79,3570601,660,3557,141654,1791,10282,6665,1780400126,https://www.bilibili.com/video/BV1G1VB6PEro,http://i0.hdslb.com/bfs/archive/816ee56ee784d2ccfe8c14d2289cfa7fa2839d73.jpg
2026-06-06,2026-06-06 18:35:03,81,BV1uX7k6UEPn,116696761239539,把硬装的喊过来！,脱缰凯Kk,小剧场,娱乐,85,219,978948,1349,1372,73853,2263,7815,529,1780651876,https://www.bilibili.com/video/BV1uX7k6UEPn,http://i1.hdslb.com/bfs/archive/1a5306b127f7814fe75bc726966f0f675fcb7e33.jpg
2026-06-06,2026-06-06 18:35:03,82,BV1xdEc6bEcK,116691426088191,肉食脑袋的硬菜局！爆辣猪蹄+火锅鸡泡面香迷糊,方芳的快乐生活,美食侦探,美食,212,1134,1408234,1379,743,70672,9177,11853,2382,1780571551,https://www.bilibili.com/video/BV1xdEc6bEcK,http://i1.hdslb.com/bfs/archive/bdc078c74f5e0987fffca10262d6ced73d562c27.jpg
2026-06-06,2026-06-06 18:35:03,83,BV1BqVS6MEL8,116668592363308,欢迎来到304班娃娃店,蟹上皇呀,日常,生活,21,114,2522246,1316,4510,269868,15097,110883,16876,1780221495,https://www.bilibili.com/video/BV1BqVS6MEL8,http://i1.hdslb.com/bfs/archive/9efeef607e818a1f01d4a5f1009a80d45ffcb333.jpg
2026-06-06,2026-06-06 18:35:03,84,BV1Qb7R6XECX,116687064072844,⚡冷 笑 话 大 全 6.0⚡,污污云,鬼畜调教,鬼畜,22,66,1160466,157,856,84097,1486,34030,4169,1780545600,https://www.bilibili.com/video/BV1Qb7R6XECX,http://i2.hdslb.com/bfs/archive/edf5ec9306bef71931b52d5b0a961e13f1ecc966.jpg
2026-06-06,2026-06-06 18:35:03,85,BV1XS796JETP,116687701545253,"""见过花开就好 何必在意花为谁开""19.0",我爱吃派大星,音乐综合,音乐,130,163,1272274,588,1119,70666,900,8136,399,1780532400,https://www.bilibili.com/video/BV1XS796JETP,http://i1.hdslb.com/bfs/archive/29288eae5b7e0f9e2243fa9682885eab8981887d.jpg
2026-06-06,2026-06-06 18:35:03,86,BV1T2V161E6J,116684195106574,地牢酒馆-12集 《蜕皮的蜥蜴人与神奇薄荷》,粘土工厂,单机游戏,游戏,17,212,962417,1260,1945,137843,20597,16812,1846,1780459574,https://www.bilibili.com/video/BV1T2V161E6J,http://i0.hdslb.com/bfs/archive/f5c43e682c7ce44c1f2733c2cbb5889650fd5a05.jpg
2026-06-06,2026-06-06 18:35:03,87,BV1ZUEF65EzU,116690016801808,论画手的高三生活有多燃！,圆脸面包人,绘画,绘画,162,141,696736,287,576,82545,2967,12129,1645,1780548385,https://www.bilibili.com/video/BV1ZUEF65EzU,http://i2.hdslb.com/bfs/archive/d2c74006b8fe69158c1e24fb31690a791ce674d0.jpg
2026-06-06,2026-06-06 18:35:03,88,BV1sKVr64EXg,116680621561843,演员魏宗万于6月1日去世，享年89岁,中国电影报道,预告·资讯,影视,184,26,1230634,19593,5907,311304,23361,15196,7615,1780406134,https://www.bilibili.com/video/BV1sKVr64EXg,http://i0.hdslb.com/bfs/archive/1148ab18f92299926855421cea80f91871e7f32a.jpg
2026-06-06,2026-06-06 18:35:03,89,BV12QEc6wETE,116691744917719,“我想我再也不会谈恋爱了”,柯洁,影视剪辑,影视,183,34,1282688,811,4331,136131,5481,6439,5930,1780574976,https://www.bilibili.com/video/BV12QEc6wETE,http://i0.hdslb.com/bfs/archive/47071584488230edc82fe88b8fe9b87eb57cd115.jpg
2026-06-06,2026-06-06 18:35:03,90,BV1uTEc6AEzV,116691963025070,以为这次断更，会是永别,ONLee_Studio,日常,生活,21,211,877018,1636,2432,58540,20222,3991,856,1780578368,https://www.bilibili.com/video/BV1uTEc6AEzV,http://i0.hdslb.com/bfs/archive/65223f1fb3bbe6f7b6e2b1e84b56584802350ec6.jpg
2026-06-06,2026-06-06 18:35:03,91,BV1jBVS6qEPK,116668508406277,竹丝镶嵌,归乡人山白,手工,生活,161,577,869281,3062,1492,128987,60575,13555,2074,1780410000,https://www.bilibili.com/video/BV1jBVS6qEPK,http://i2.hdslb.com/bfs/archive/1e293d2f3fac4fc22d32427cb5a045e65e22e361.jpg
2026-06-06,2026-06-06 18:35:03,92,BV16sEc6SEwE,116692030070649,班级里的某些努力姐belike：,不懂爱的喵,AI音乐,AI音乐,265,81,1829651,451,4164,108276,468,8105,3417,1780579469,https://www.bilibili.com/video/BV16sEc6SEwE,http://i2.hdslb.com/bfs/archive/711ed87052e442f67c408a6e4e372e876c02a3f0.jpg
2026-06-06,2026-06-06 18:35:03,93,BV1rMVz67EMs,116679967312875,开关灯木头人挑战！,酱油白米饭原创,小剧场,娱乐,85,99,3388340,481,707,124449,2666,33989,3441,1780395433,https://www.bilibili.com/video/BV1rMVz67EMs,http://i0.hdslb.com/bfs/archive/b909eaaf95648e5156635c9c1afd57ac6da69f64.jpg
2026-06-06,2026-06-06 18:35:03,94,BV1bL796CEpe,116685721899286,如果我来挑战拍华语地区的经典MV风格？这一期是粉丝投稿哦！,李如儒也是李蠕蠕,小剧场,娱乐,85,159,1113907,1175,841,75588,7366,4252,873,1780483280,https://www.bilibili.com/video/BV1bL796CEpe,http://i2.hdslb.com/bfs/archive/6305a2e9ddc370f1b9e15ba5265e209ff8ea0438.jpg
2026-06-06,2026-06-06 18:35:03,95,BV1ypV66dEru,116681359754958,G胖为上架R18游戏硬刚V社法务 玩家至上 不做干预,Will游戏堂,数码,科技,95,51,1256025,709,3526,146719,2600,19955,10494,1780444800,https://www.bilibili.com/video/BV1ypV66dEru,http://i1.hdslb.com/bfs/archive/e3e911d6f451bd85e0fb10b15ba13e2f9b6b96cc.jpg
2026-06-06,2026-06-06 18:35:03,96,BV1MtEF6fEga,116690436233152,全国男生统一迷惑行为,王小洋-已黑化,日常,生活,21,446,725105,2243,1604,59180,1264,10536,1661,1780567200,https://www.bilibili.com/video/BV1MtEF6fEga,http://i1.hdslb.com/bfs/archive/696e0beeae3b0520b2aeae3a4aa24c0eeb689fcd.jpg
2026-06-06,2026-06-06 18:35:03,97,BV1B75w6zEG1,116676158823299,二次元老资历童年都在听什么？！老番串烧34首大连唱！,鹿火CAVY,仿妆cos,时尚,252,462,1762024,3387,3937,120845,49561,43263,8528,1780337109,https://www.bilibili.com/video/BV1B75w6zEG1,http://i1.hdslb.com/bfs/archive/a1759f48c315c61aff7325cc0d6c931ad115a8d4.jpg
2026-06-06,2026-06-06 18:35:03,98,BV1NoVm62EFd,116684715197497,金库测金，海峡测雷，万税爷进军测评赛道？,麻薯波比呀,社科·法律·心理,知识,124,1010,1245483,2400,2579,73272,8095,7378,822,1780479745,https://www.bilibili.com/video/BV1NoVm62EFd,http://i2.hdslb.com/bfs/archive/d200d3f215d8a9d6eb13923af38007a3d0ff34b4.jpg
2026-06-06,2026-06-06 18:35:03,99,BV17pVC6WECy,116681544304592,带良子和花胖在华哥训练营偷吃，闷子、板面、大肠都安排上,俞涛不光会做九转大肠,美食记录,美食,215,247,1782386,989,2634,82646,2320,5505,2939,1780455600,https://www.bilibili.com/video/BV17pVC6WECy,http://i1.hdslb.com/bfs/archive/ecf1293c7f3c2f89f52a51e5ad0ce5201f1be340.jpg
2026-06-06,2026-06-06 18:35:03,100,BV1JAEw69EUS,116691342200777,生完宝宝之后我再也不敢得罪我老公了，因为……,笑哥走丢了a,亲子,生活,254,89,1521232,625,4793,111048,1712,4646,1111,1780568869,https://www.bilibili.com/video/BV1JAEw69EUS,http://i2.hdslb.com/bfs/archive/2496ecbfca22198efdffe5b1855ea840b90edb2a.jpg
2026-06-06,2026-06-06 19:35:03,1,BV15iEc6VEfH,116691577216788,路边一块，也能变废为宝，雕刻出大家想要的题材我不知道什么时候天才会亮，但我知道，跑着跑着，天就亮了。,小梨家的和田玉,手工,生活,161,220,5260613,3228,9818,199349,6222,18778,3160,1780572193,https://www.bilibili.com/video/BV15iEc6VEfH,http://i2.hdslb.com/bfs/archive/c1597efe82d66a7f728f8bdd84505eff4b7f5ac9.jpg
2026-06-06,2026-06-06 19:35:03,2,BV1Qi7f6eE59,116690805395451,致敬每一个心中有花，努力奔跑的人,爱画画的子衿,亲子,生活,254,313,1526996,3078,3177,208715,103344,13416,3201,1780561800,https://www.bilibili.com/video/BV1Qi7f6eE59,http://i1.hdslb.com/bfs/archive/2c9cc3dd70d264a8473e46b8bebaad7db4d6ef2c.jpg
2026-06-06,2026-06-06 19:35:03,3,BV17GEP6xEDW,116692348832614,新三国up锐评楚汉传奇01：是不是我打开的方式不太对？,吃蛋挞的折棒,影视杂谈,影视,182,1348,1249135,17939,10655,118961,116598,24834,9389,1780624800,https://www.bilibili.com/video/BV17GEP6xEDW,http://i2.hdslb.com/bfs/archive/4e5cd47c8551d2b66643e2800041b7ec2d3bf729.jpg
2026-06-06,2026-06-06 19:35:03,4,BV19ZEF6MEBV,116690117464228,人在干坏事的时候是不怕苦不怕累的,我是易拉爆,日常,生活,21,309,1978247,1264,3405,184233,12496,26401,12858,1780550100,https://www.bilibili.com/video/BV19ZEF6MEBV,http://i2.hdslb.com/bfs/archive/5a3e59dd5183e87d69b1ad3224466b821bf05e23.jpg
2026-06-06,2026-06-06 19:35:03,5,BV13s7z63EjV,116695016477738,《绝区零》3.0新地块实机演示,绝区零,手机游戏,游戏,172,599,1359766,9074,13322,120829,56940,21808,24185,1780624803,https://www.bilibili.com/video/BV13s7z63EjV,http://i0.hdslb.com/bfs/archive/ac132a13aed30f0b83ff50dfb56d83e2e518206a.jpg
2026-06-06,2026-06-06 19:35:03,6,BV1wEEc6REms,116692097238799,城市大富翁（5）,雨哥到处跑,日常,生活,21,3846,1293510,32410,4758,120212,98455,33201,4460,1780628700,https://www.bilibili.com/video/BV1wEEc6REms,http://i1.hdslb.com/bfs/archive/8628e50dc2e56aec5815c8e3f665d304cfe23d80.jpg
2026-06-06,2026-06-06 19:35:03,7,BV1w6EF6QEjZ,116690033778619,不看后悔！史上最神人店家！,转生成为毛毛,美食侦探,美食,212,186,2858840,3525,8114,150654,3863,24986,12186,1780563600,https://www.bilibili.com/video/BV1w6EF6QEjZ,http://i1.hdslb.com/bfs/archive/07cb98d8f59285212c90c7646739a87803bf06c0.jpg
2026-06-06,2026-06-06 19:35:03,8,BV16DVz6UE77,116679229180052,如何拍出电影感大片,喜欢拍照的皮皮,日常,生活,21,60,3476869,326,2061,318466,10403,93671,7681,1780384052,https://www.bilibili.com/video/BV16DVz6UE77,http://i1.hdslb.com/bfs/archive/82ba23d6fb45244f769f8f127cfbe2f51afe67c8.jpg
2026-06-06,2026-06-06 19:35:03,9,BV1XQ7Z6eEki,116689412819066,特朗普的愤怒,燕三嘤嘤嘤,人文历史,知识,228,1133,2722471,10431,4666,136349,32584,19974,2589,1780545020,https://www.bilibili.com/video/BV1XQ7Z6eEki,http://i0.hdslb.com/bfs/archive/d106118a7a33e310838a2e387ce511583c5a7a62.jpg
2026-06-06,2026-06-06 19:35:03,10,BV1vkVB6NEuR,116680252462308,“超微距”下的瑞士长什么样？,影视飓风,娱乐粉丝创作,娱乐,242,1369,3531737,7956,3010,154622,48495,27297,5833,1780477200,https://www.bilibili.com/video/BV1vkVB6NEuR,http://i1.hdslb.com/bfs/archive/5b0c10c80ad8bf4789b41860cadc70e8c144245b.jpg
2026-06-06,2026-06-06 19:35:03,11,BV16BVy6wEfx,116682534162276,《你来真的啊》,伤心欲茄222,搞笑,娱乐,138,116,3047533,1211,5096,307025,6044,20129,3599,1780459200,https://www.bilibili.com/video/BV16BVy6wEfx,http://i1.hdslb.com/bfs/archive/f16abe0150882e397bf053e6d7a1e4dced090de1.jpg
2026-06-06,2026-06-06 19:35:03,12,BV16kV26TES7,116685470175022,当父母说出了正确答案：,进击的金厂长,搞笑,娱乐,138,129,4912477,2071,2137,342272,126830,159172,2599,1780479155,https://www.bilibili.com/video/BV16kV26TES7,http://i0.hdslb.com/bfs/archive/982b25c4ef21fb08f77ae933c89f4b99d5b0c86a.jpg
2026-06-06,2026-06-06 19:35:03,13,BV15wVB6YECT,116678608359768,一顿饭只要三块钱，客人吃着吃着，人就“没了”,瞎通不设计了,美食侦探,美食,212,187,2216569,2384,6150,274004,159467,25513,3996,1780390800,https://www.bilibili.com/video/BV15wVB6YECT,http://i1.hdslb.com/bfs/archive/fd898a754bc3cf4317349a2b3c4394e104417434.jpg
2026-06-06,2026-06-06 19:35:03,14,BV1kCVU65ERM,116669112386149,初中生斗胆跳一段jam,特崮斯,篮球,运动,235,45,6047257,6964,17860,1170841,189595,123196,18042,1780229707,https://www.bilibili.com/video/BV1kCVU65ERM,http://i1.hdslb.com/bfs/archive/5871a66dc8e356ff71da4a6d99d5922b4a6a3fce.jpg
2026-06-06,2026-06-06 19:35:03,15,BV1XEV26XEsz,116683641455201,冠以破碎之名：第一集 冰潮寒雨之夏,Xavier_白昼,综合,综合,27,1106,1321437,1750,2346,99656,20877,61254,3342,1780451269,https://www.bilibili.com/video/BV1XEV26XEsz,http://i0.hdslb.com/bfs/archive/edb3c2a03146bbc3390581aa30c41b8e3c3ab846.jpg
2026-06-06,2026-06-06 19:35:03,16,BV15C7k6REKC,116697197451293,公测定档7月 | 《遗忘之海》船员集结摇滚MV「燥」,遗忘之海,GMV,GMV,121,205,2998173,829,1226,63754,44650,47706,3480,1780711200,https://www.bilibili.com/video/BV15C7k6REKC,http://i0.hdslb.com/bfs/archive/bef8db958217ad42ed011f4bf5d5d6c1cf3a4bad.jpg
2026-06-06,2026-06-06 19:35:03,17,BV1sC7R6VEF3,116687181451048,【侯绿萝】视频加载中，速速查收惊喜！,侯绿萝,小剧场,娱乐,85,233,1675426,1332,1326,160596,9232,13151,1642,1780538400,https://www.bilibili.com/video/BV1sC7R6VEF3,http://i0.hdslb.com/bfs/archive/e40df1469a3bc68659f30a77b0e0801ae88938bb.jpg
2026-06-06,2026-06-06 19:35:03,18,BV1MG7961Efg,116685688276783,下 一 个 抓 谁 ！！！,啊吗粽,搞笑,娱乐,138,586,1336041,4296,2237,119654,58141,22164,2916,1780482465,https://www.bilibili.com/video/BV1MG7961Efg,http://i2.hdslb.com/bfs/archive/55e9b58ea3d6a84a655b0d2607bb6ff7e31c6d34.jpg
2026-06-06,2026-06-06 19:35:03,19,BV1jwV663EjR,116679380112598,我的世界杯主题曲！IShowSpeed - World Cup (Champions),ishowspeedsui,竞技体育,运动,236,299,4354937,2335,9826,242605,43737,42488,14327,1780386563,https://www.bilibili.com/video/BV1jwV663EjR,http://i2.hdslb.com/bfs/archive/2807f6a9b9342740dfa8764e7bcc6e231196c94f.jpg
2026-06-06,2026-06-06 19:35:03,20,BV1Qt7X61Enn,116686241993999,百万英镑，但素质过低,青时晚,影视剪辑,影视,183,174,1878914,1669,2007,113691,8135,27942,10995,1780490956,https://www.bilibili.com/video/BV1Qt7X61Enn,http://i0.hdslb.com/bfs/archive/1573985b4950f4d1001b3a21a50adab722b0a0f1.jpg
2026-06-06,2026-06-06 19:35:03,21,BV168796PEv1,116685839403735,如此仙音唯有挠臭,lulu和露爸,喵星人,喵星人,218,26,4156483,13669,4887,523043,12997,100853,21366,1780484850,https://www.bilibili.com/video/BV168796PEv1,http://i1.hdslb.com/bfs/archive/87f3ce4876a2e50e34a2c1b24dfe10ae34700a55.jpg
2026-06-06,2026-06-06 19:35:03,22,BV1mhV26yETL,116683775678542,科比的哲学启示录第十四期,蟹不肉丨,影视剪辑,影视,183,74,4984208,1154,6720,307483,14914,78896,14660,1780453236,https://www.bilibili.com/video/BV1mhV26yETL,http://i0.hdslb.com/bfs/archive/738134aa027bf05aa3f3843c528db81f3d78307d.jpg
2026-06-06,2026-06-06 19:35:03,23,BV1GHEw6rEo4,116691140875979,无能的杰哥,神威-狗剩,影视剪辑,影视,183,154,2679602,1721,3373,128163,7093,22895,25049,1780565876,https://www.bilibili.com/video/BV1GHEw6rEo4,http://i2.hdslb.com/bfs/archive/0814d03bdf68a6a83cba4b8ba18fa6d58d6de912.jpg
2026-06-06,2026-06-06 19:35:03,24,BV1gWEw6gE4X,116691056987748,“这种没流量的画画最狠了”,像风如你o_O,日常,生活,21,25,2080189,583,3113,260304,6903,21710,1025,1780564358,https://www.bilibili.com/video/BV1gWEw6gE4X,http://i0.hdslb.com/bfs/archive/96621cf035234fbf3c3d6f498d6f4d5eae388c12.jpg
2026-06-06,2026-06-06 19:35:03,25,BV1gsEw6zExs,116691040208641,你的高考/中考/期末考belike,哈基mer-猫meme,搞笑,娱乐,138,22,644317,24395,1882,233413,24695,47616,4371,1780564012,https://www.bilibili.com/video/BV1gsEw6zExs,http://i2.hdslb.com/bfs/archive/4f76f8d127f1c6d5a990c89a161f10356e783cd4.jpg
2026-06-06,2026-06-06 19:35:03,26,BV1uX7k6UENx,116696761239484,巨构：没有告别,巨构ai,网络游戏,游戏,65,19,1372719,945,3821,228892,7946,84664,2967,1780651506,https://www.bilibili.com/video/BV1uX7k6UENx,http://i0.hdslb.com/bfs/archive/1422e60b2923b373953bd4ce6433b6f0e91f9501.jpg
2026-06-06,2026-06-06 19:35:03,27,BV1cu7r6FEPd,116696023045705,英国，沦为印度殖民地,平原公子,日常,生活,21,463,2008223,8122,5977,134813,5163,13332,12124,1780640137,https://www.bilibili.com/video/BV1cu7r6FEPd,http://i1.hdslb.com/bfs/archive/95ba7fb80bc2a46fc2c8f7ff69a08c57c40ef914.jpg
2026-06-06,2026-06-06 19:35:03,28,BV1W6VZ6MEbd,116674313328609,🍄欠揍气球🍄,纸片马力欧,日常,生活,21,40,3540053,3069,8584,426481,31852,218379,67980,1780309043,https://www.bilibili.com/video/BV1W6VZ6MEbd,http://i0.hdslb.com/bfs/archive/3d18bae01c4fc365d9e7e0ede5efb926e32115ad.jpg
2026-06-06,2026-06-06 19:35:03,29,BV1pDV86oE6S,116657217344637,热烈欢迎薛凯琪！工作之余，Fiona会带哪些让自己感到快乐的东西呢～（录完这期脑海里都是Fifi的笑声,papi酱,短片,动画,256,2017,1024351,9681,4072,108615,42745,13765,6232,1780632000,https://www.bilibili.com/video/BV1pDV86oE6S,http://i2.hdslb.com/bfs/archive/032f4048d6f94c465fc10972289999cf79f2572f.jpg
2026-06-06,2026-06-06 19:35:03,30,BV1rg7C6TEUm,116696912369911,一句“一氧化二氢”能钓出多少“读稿机”？,中国食品报融媒体,科学科普,知识,201,291,3174426,4538,15248,134378,9622,16795,10666,1780653928,https://www.bilibili.com/video/BV1rg7C6TEUm,http://i1.hdslb.com/bfs/archive/1081ed32a36e81bee443915a997ed5f2bd56badd.jpg
2026-06-06,2026-06-06 19:35:03,31,BV1RvVo6QEqo,116674682426936,不儿，你俩来真的啊？！,主持人yoyo酱,搞笑,娱乐,138,265,5541136,15573,12206,663446,504469,119568,14041,1780314627,https://www.bilibili.com/video/BV1RvVo6QEqo,http://i1.hdslb.com/bfs/archive/e8bde3297455f3796e516de2362d5eb1085d9abf.jpg
2026-06-06,2026-06-06 19:35:03,32,BV1pnVm6GEQG,116685386483651,“当bro以为自己很有影响力时…”,林宇辉,社科·法律·心理,知识,124,16,852827,453,1915,246439,9734,31441,1186,1780478075,https://www.bilibili.com/video/BV1pnVm6GEQG,http://i1.hdslb.com/bfs/archive/02329b4beff89227f0f34b10ef7ca21a2b920c65.jpg
2026-06-06,2026-06-06 19:35:03,33,BV1QzVR63E3L,116671930963542,回忆永远都是加分项,央视新闻,日常,生活,21,184,3569245,28084,23735,623937,242433,189394,59212,1780286400,https://www.bilibili.com/video/BV1QzVR63E3L,http://i2.hdslb.com/bfs/archive/f4dc3fe8ea88a450877315e867b4995121d5dbf6.jpg
2026-06-06,2026-06-06 19:35:03,34,BV1df7r6REpB,116695469463690,如何在家制造浓汤宝,嘤武罗,日常,生活,21,501,2472614,2753,2493,125087,32623,28950,1754,1780650000,https://www.bilibili.com/video/BV1df7r6REpB,http://i2.hdslb.com/bfs/archive/94c85d2ebad9002fcbad0c7ef2f3c8a3f1ec6768.jpg
2026-06-06,2026-06-06 19:35:03,35,BV1VWVz6TELx,116679598147712,星际穿越的我，试图提醒过去的自己....,考研英语大雁,校园学习,知识,208,33,2830162,646,2265,365301,8049,47382,6405,1780389685,https://www.bilibili.com/video/BV1VWVz6TELx,http://i0.hdslb.com/bfs/archive/5822709cbd5c2a8a09fabc50bcfdcfc29859f9a1.jpg
2026-06-06,2026-06-06 19:35:03,36,BV1xuVC6AEbg,116681426868021,今天把我关于《丧尸清道夫》的创作思路分享给大家，如果能帮到你，我会很开心。,Mx-Shell,影视剪辑,影视,183,2573,1166692,878,1922,69694,28341,72139,10033,1780452000,https://www.bilibili.com/video/BV1xuVC6AEbg,http://i0.hdslb.com/bfs/archive/4a766d587664347016b0288147deb324a2964232.jpg
2026-06-06,2026-06-06 19:35:03,37,BV1yiEF6WErx,116690419585062,奶香馒头,夏叔厨房,美食制作,美食,76,76,1548759,862,6788,202102,6723,17327,1057,1780554601,https://www.bilibili.com/video/BV1yiEF6WErx,http://i1.hdslb.com/bfs/archive/82992eb9cddf1a5a5e5e77e481db8626c6005de9.jpg
2026-06-06,2026-06-06 19:35:03,38,BV12R7Q6MEJX,116686543914174,你说你有点难追～,未知艺术家_611,搞笑,娱乐,138,30,2370457,205,1856,221797,2588,22249,3341,1780495648,https://www.bilibili.com/video/BV12R7Q6MEJX,http://i2.hdslb.com/bfs/archive/aeaf33a25e079b26433a425ee56ac24f566861d7.jpg
2026-06-06,2026-06-06 19:35:03,39,BV1ogV26FEhB,116683943643894,兄弟们！今天给良子做一个入营测试，这身体身体素质，跟我想的不太一样啊!,健身华哥,运动综合,运动,238,246,2708558,4857,59545,126875,3679,7433,14506,1780455998,https://www.bilibili.com/video/BV1ogV26FEhB,http://i1.hdslb.com/bfs/archive/0ef39901811fd5680c39a67445609ba38a9560c2.jpg
2026-06-06,2026-06-06 19:35:03,40,BV1uXEA6gEMu,116692567070822,“别着急，我来给你补充「偶！像！能！量！」”,小耗owo,手机游戏,游戏,172,80,862291,565,1664,178176,9830,38311,7688,1780624800,https://www.bilibili.com/video/BV1uXEA6gEMu,http://i1.hdslb.com/bfs/archive/64822f49e99e9fb8b41ba5e0f9e06f48d4b76446.jpg
2026-06-06,2026-06-06 19:35:03,41,BV1hAVm6XEE2,116685570836474,【传奇耐熬王】经典排骨💀60天仍然有5人存活💪到最后拼的就是谁身体好！🤦‍♂️,-超级小能猫-,搞笑,娱乐,138,2617,2125749,13562,2759,80361,17580,38951,3618,1780481719,https://www.bilibili.com/video/BV1hAVm6XEE2,http://i0.hdslb.com/bfs/archive/dc3782f8b522707e818c2537030e1b8893332367.jpg
2026-06-06,2026-06-06 19:35:03,42,BV1jeEc6yE75,116691593992011,《你说谁错谁就错，因为你开迈巴赫》,嘞是唐孃孃,搞笑,娱乐,138,34,2769152,164,1913,213172,2708,13825,1154,1780572588,https://www.bilibili.com/video/BV1jeEc6yE75,http://i0.hdslb.com/bfs/archive/cc74080d84744d7622f9f9dd492a1583e00aaed7.jpg
2026-06-06,2026-06-06 19:35:03,43,BV1gzVC6kE1S,116683507243907,【低成本在家实现牛排自由‼️ 】,村驴,美食制作,美食,76,329,921901,565,2346,87596,8422,65725,9261,1780449310,https://www.bilibili.com/video/BV1gzVC6kE1S,http://i0.hdslb.com/bfs/archive/005d3e68934a884c17ab0f89f1daac2ae9982f39.jpg
2026-06-06,2026-06-06 19:35:03,44,BV1oqVB6BECd,116680034425733,《原神》洛恩角色PV——「标准化考核」,原神,手机游戏,游戏,172,702,1765156,8178,5954,146752,36921,31590,11558,1780459200,https://www.bilibili.com/video/BV1oqVB6BECd,http://i2.hdslb.com/bfs/archive/f040c8f664a034a919aee60209ef17c155dbe2df.jpg
2026-06-06,2026-06-06 19:35:03,45,BV1kzVy6hEGb,116682517385619,手绘2000多张沙画，历时3年制作,胡雪朗,绘画,绘画,162,54,788932,763,1442,179297,44271,25535,3770,1780457400,https://www.bilibili.com/video/BV1kzVy6hEGb,http://i0.hdslb.com/bfs/archive/959cf6a92144f70d7339865fe00cd198c4c8da9e.jpg
2026-06-06,2026-06-06 19:35:03,46,BV1cmVz6DEmi,116679329712224,初代跑男团战力排行,东方日出哇,特摄,动画,86,600,2114505,5286,3403,171344,7841,22263,4124,1780385423,https://www.bilibili.com/video/BV1cmVz6DEmi,http://i0.hdslb.com/bfs/archive/ee051686685860fea8d8721ddf5c5d7f35a85e5f.jpg
2026-06-06,2026-06-06 19:35:03,47,BV1bwV161Er2,116684413209270,【aespa】LEMONNNN,aespa,音乐综合,音乐,130,11,6053814,11335,22706,116137,27004,13396,7043,1780475400,https://www.bilibili.com/video/BV1bwV161Er2,http://i1.hdslb.com/bfs/archive/1e63fbee388c793dc0403c872eefb52a8d7d8615.jpg
2026-06-06,2026-06-06 19:35:03,48,BV1yo7B68EHX,116695117207554,《鸣潮》×《赛博朋克：边缘行者》共鸣者战斗演示 | 露西,鸣潮,单机游戏,游戏,17,283,2184163,2240,8117,76148,23291,13353,14172,1780628400,https://www.bilibili.com/video/BV1yo7B68EHX,http://i2.hdslb.com/bfs/archive/61426f2876187b9326f1b732fdea7044e08d7ea3.jpg
2026-06-06,2026-06-06 19:35:03,49,BV1LLVU6eE1t,116684782373820,你到底娶不娶我…,ENX叉叉酱,同人·手书,动画,47,77,864906,1198,6717,162761,9512,16282,4553,1780484400,https://www.bilibili.com/video/BV1LLVU6eE1t,http://i0.hdslb.com/bfs/archive/cffaf3db4947fd6d7956bd49b83dcea884c3307b.jpg
2026-06-06,2026-06-06 19:35:03,50,BV1WT7C6uEj8,116696878749194,猫 咪 的 花 语 是 老 吴🎵,幾加乘,同人·手书,动画,47,259,1134209,1301,2273,92065,13121,18346,7586,1780653131,https://www.bilibili.com/video/BV1WT7C6uEj8,http://i0.hdslb.com/bfs/archive/ad354ddb8c2e2bf697327dc182835b3d6014f4b1.jpg
2026-06-06,2026-06-06 19:35:03,51,BV1R7Ew65ERR,116691124229360,当爸爸找亲戚买手机,刘鸿哥哥,小剧场,娱乐,85,119,2123065,858,2524,144320,1190,7676,1515,1780565630,https://www.bilibili.com/video/BV1R7Ew65ERR,http://i0.hdslb.com/bfs/archive/5e4feb10a7cf9e178bf7e9a619d62843bc5ae8b2.jpg
2026-06-06,2026-06-06 19:35:03,52,BV1aFVm6REvY,116685537281059,蜘蛛糸モノポリー,苏酥鱼鱼喵,MMD·3D,动画,25,113,611010,170,1362,120896,4767,44600,3490,1780480166,https://www.bilibili.com/video/BV1aFVm6REvY,http://i0.hdslb.com/bfs/archive/43aeddbc4a47c5117090dc56e61b94bb7a858ec0.jpg
2026-06-06,2026-06-06 19:35:03,53,BV1797X6ZEvW,116686158038804,真跳60分钟，天台暴晒也算时间哦,矮乐多Aliga,日常,生活,21,3639,1121834,1040,1636,61874,12241,21750,2472,1780490050,https://www.bilibili.com/video/BV1797X6ZEvW,http://i0.hdslb.com/bfs/archive/51a11a46ff9c8a78cf19a5444bd1f18bb0099c9d.jpg
2026-06-06,2026-06-06 19:35:03,54,BV18qVr6KEk8,116680554519472,一个投了3万元必火的视频,奥利奥利奥是1,日常,生活,21,46,923014,1618,7715,227259,20606,24490,4243,1780405200,https://www.bilibili.com/video/BV18qVr6KEk8,http://i0.hdslb.com/bfs/archive/0c023b00bd1d3a694bdd40c9d19039f1436532b1.jpg
2026-06-06,2026-06-06 19:35:03,55,BV1L7Ew65ETv,116691124098703,我养护的石拱桥，已经被国家收录为不可移动文物！,抓紧长长长呀,三农,生活,251,604,1444830,1012,1928,108413,6224,7475,418,1780565746,https://www.bilibili.com/video/BV1L7Ew65ETv,http://i1.hdslb.com/bfs/archive/56f52737bc566db19c5316ccdcc3b87cc81709e0.jpg
2026-06-06,2026-06-06 19:35:03,56,BV1F9Vz62ExS,116679262606457,一辈子一定要体验一次的游戏，绝对不能被剧透的神作,易铭小疯子,网络游戏,游戏,65,537,1087633,5175,8576,62196,7962,67782,4122,1780403895,https://www.bilibili.com/video/BV1F9Vz62ExS,http://i2.hdslb.com/bfs/archive/d453d6bbde6ccd80f0fd714edde7b754c3e5255e.jpg
2026-06-06,2026-06-06 19:35:03,57,BV1PP7C63E2J,116696710912022,《师》我回母校当老师,阿廖沙别害怕_,搞笑,娱乐,138,296,1146588,361,665,120364,3012,8944,387,1780650587,https://www.bilibili.com/video/BV1PP7C63E2J,http://i0.hdslb.com/bfs/archive/b04455fde128b88ff0a92e264778512242510bc9.jpg
2026-06-06,2026-06-06 19:35:03,58,BV1ps796qErr,116685822560107,谁在等谁的出现,为了我活下去,综合,综合,27,36,576895,285,1558,175273,8806,28244,2056,1780484521,https://www.bilibili.com/video/BV1ps796qErr,http://i1.hdslb.com/bfs/archive/49a476c711b1d61ec7ffa37684a398ddb857435a.jpg
2026-06-06,2026-06-06 19:35:03,59,BV1vEEP6HEFw,116692281789801,2025年出货量370万台！激光雷达真成“安全气囊”了？,保镖的车库,新能源车,新能源车,247,606,1303339,454,587,90881,2712,10373,363,1780653900,https://www.bilibili.com/video/BV1vEEP6HEFw,http://i1.hdslb.com/bfs/archive/76872e6b743f73527ee70c89a75c39214a868540.jpg
2026-06-06,2026-06-06 19:35:03,60,BV1bV7k6LExn,116697264560365,再见！一系列！高考必胜！,一数,校园学习,知识,208,193,594907,22004,11560,64728,26116,13390,4546,1780659292,https://www.bilibili.com/video/BV1bV7k6LExn,http://i2.hdslb.com/bfs/archive/5df66240b2b71ca2bc6ce697e929657b1b1df5a4.jpg
2026-06-06,2026-06-06 19:35:03,61,BV1DB7f6AEBK,116690989942959,最 不 物 质 之 人,张八筒筒,日常,生活,21,127,1793389,761,791,141704,1251,6693,670,1780563943,https://www.bilibili.com/video/BV1DB7f6AEBK,http://i1.hdslb.com/bfs/archive/612e05a8e02454bd4e3723991d4808f061b1c188.jpg
2026-06-06,2026-06-06 19:35:03,62,BV1Nk7X6TEnq,116686023955827,半个小孩，全部的妈妈,超级猫猫兽,同人·手书,动画,47,483,1521046,1718,4690,125358,19813,54519,4587,1780487705,https://www.bilibili.com/video/BV1Nk7X6TEnq,http://i0.hdslb.com/bfs/archive/25cb3d6f6dd951590c71a8ea993463455554b0c6.jpg
2026-06-06,2026-06-06 19:35:03,63,BV1uE7d6JEAp,116688674624635,啥龙：医生说我只剩几天了……,小陈的脚凑凑的,日常,生活,21,181,970845,1127,1564,69623,5776,16639,3429,1780528049,https://www.bilibili.com/video/BV1uE7d6JEAp,http://i1.hdslb.com/bfs/archive/e92886e4f49270b6f1a24481e0b0851d64e70fc4.jpg
2026-06-06,2026-06-06 19:35:03,64,BV1JKEw6QEw9,116691509970719,我读了你们的评论 把阎王召唤出来了T_T,汤木檀泽,日常,生活,21,959,1643786,1391,1557,102860,5932,15269,489,1780571268,https://www.bilibili.com/video/BV1JKEw6QEw9,http://i1.hdslb.com/bfs/archive/0b6c7ccb214b6211a4cf9a8741eb473536e42587.jpg
2026-06-06,2026-06-06 19:35:03,65,BV1EwEF62EhA,116690721443492,当校长挑选教室地板时,Cheems电玩屋,日常,生活,21,18,3931513,649,3628,162789,530,5759,378,1780559484,https://www.bilibili.com/video/BV1EwEF62EhA,http://i0.hdslb.com/bfs/archive/8916553504d48aec3ba5ad2bdfeec5fcf7eefc1c.jpg
2026-06-06,2026-06-06 19:35:03,66,BV1nWVm6uEqb,116685285624503,我吃牛瘪火锅 结果买错牛胃了,张离谱Dreams,搞笑,娱乐,138,97,1865322,1000,2669,123118,1920,33434,9025,1780476405,https://www.bilibili.com/video/BV1nWVm6uEqb,http://i0.hdslb.com/bfs/archive/6f4f02f224993a1933f3e515e84d84edb5ca3808.jpg
2026-06-06,2026-06-06 19:35:03,67,BV1r6V26BE9i,116685486949496,《上海奥特曼4：沪特曼集结！》,册那队长,小剧场,娱乐,85,53,3005870,979,5452,135405,9889,19242,30874,1780479544,https://www.bilibili.com/video/BV1r6V26BE9i,http://i0.hdslb.com/bfs/archive/a062cb9d7991230d0d7287d7d8fd5bead9ec6788.jpg
2026-06-06,2026-06-06 19:35:03,68,BV1LCV66VE45,116680873346829,剥蒜的情谊147.0,NinthA-,网络游戏,游戏,65,147,1741744,757,810,126374,1630,20895,1655,1780455600,https://www.bilibili.com/video/BV1LCV66VE45,http://i1.hdslb.com/bfs/archive/21d74a2ecc26d0c95ecd1e1af6e84bf567bf37c9.jpg
2026-06-06,2026-06-06 19:35:03,69,BV1idV26bE2E,116685654921483,宗元舞2.0紧绷之人3,是柳宗元,电子竞技,游戏,171,51,1580463,421,1045,169335,3509,21075,3314,1780481914,https://www.bilibili.com/video/BV1idV26bE2E,http://i2.hdslb.com/bfs/archive/395efa2aefe284345f5e64ce17985d0467cd2247.jpg
2026-06-06,2026-06-06 19:35:03,70,BV1jLVU6eEXE,116684782377667,可不可以买三十块烧腊？,食深烧腊,美食测评,美食,213,99,1032996,752,2175,120156,70120,5333,573,1780468779,https://www.bilibili.com/video/BV1jLVU6eEXE,http://i1.hdslb.com/bfs/archive/62b6a42513640bcbd689b2a89fb9b999a1205332.jpg
2026-06-06,2026-06-06 19:35:03,71,BV1f3VU6KEqy,116684832644044,"从""健身芭比""到""女企业家""，帕梅拉有多会""赚""？",小Lin说,财经商业,知识,207,1745,1993741,1758,1469,54919,10430,18145,3357,1780479000,https://www.bilibili.com/video/BV1f3VU6KEqy,http://i0.hdslb.com/bfs/archive/ad9df863f29ccc8f07472fc5234c04740f6ee4b3.jpg
2026-06-06,2026-06-06 19:35:03,72,BV1F7716gE1d,116697667213269,不降 |《归唐》夏日游戏节剧情初窥预告,归唐,单机游戏,游戏,17,195,3096066,1680,6192,79817,2523,7795,4740,1780694417,https://www.bilibili.com/video/BV1F7716gE1d,http://i1.hdslb.com/bfs/archive/ee1e7f11e5576321abd715ef6582c5b5fe323c2d.jpg
2026-06-06,2026-06-06 19:35:03,73,BV1usEw6zEiy,116691040210390,【餐馆TV】UP今天发烧了……作品会不会受影响啊,大乾乾是顾乾宇,小剧场,娱乐,85,141,854452,1452,2518,96348,2886,11522,6668,1780564633,https://www.bilibili.com/video/BV1usEw6zEiy,http://i1.hdslb.com/bfs/archive/6d69be5e1f22dec4058e90f795df2ff7c21e4a91.jpg
2026-06-06,2026-06-06 19:35:03,74,BV15z766SE1A,116696341812776,假如高考什么都可以带,小安苒AIGC,校园学习,知识,208,177,1874040,2206,2134,77303,2015,5639,1367,1780646400,https://www.bilibili.com/video/BV15z766SE1A,http://i2.hdslb.com/bfs/archive/ed743a6a86446310a9957bce92faa671a082a6d8.jpg
2026-06-06,2026-06-06 19:35:03,75,BV1T9Vm6UE2N,116684681647760,《古剑》3分钟战斗实机 | 线下试玩招募开启,古剑,单机游戏,游戏,17,168,2189238,2276,7665,41996,21538,10466,17116,1780698215,https://www.bilibili.com/video/BV1T9Vm6UE2N,http://i0.hdslb.com/bfs/archive/d18a0e2a80905c1a2bfe0d000c3ca47aa1548899.jpg
2026-06-06,2026-06-06 19:35:03,76,BV1edV26tEsB,116685654722666,复仇整蛊！蛋黄派伪装摄影师突袭周深，几秒就被识破？,记录生活的蛋黄派,美食测评,美食,213,556,3016917,7285,2862,97631,29455,45294,3830,1780565400,https://www.bilibili.com/video/BV1edV26tEsB,http://i2.hdslb.com/bfs/archive/a16b60bc03719059e3218dee538877f554f3f9b4.jpg
2026-06-06,2026-06-06 19:35:03,77,BV1xU7f6xEjt,116690939546284,CF单机叙事续作——《穿越火线：潜伏》实机首曝,穿越火线潜伏,单机游戏,游戏,17,308,2444563,860,2951,68044,3996,11818,7443,1780696800,https://www.bilibili.com/video/BV1xU7f6xEjt,http://i0.hdslb.com/bfs/archive/140a4abb0c80a2aa1e7cb7126c978567b667ed12.jpg
2026-06-06,2026-06-06 19:35:03,78,BV1TL796CE52,116685721830606,歌剧老师锐评韩娱BLACKPINK  JYP & MAMAOO Red Velvet TWICE,铁豆钢蛋,乐评盘点,音乐,243,3086,964993,22127,11875,45696,19734,8061,2658,1780483444,https://www.bilibili.com/video/BV1TL796CE52,http://i1.hdslb.com/bfs/archive/ab6356296c8f9523a858fc15dd4a808fbc51b773.jpg
2026-06-06,2026-06-06 19:35:03,79,BV1L8Gq6aEVt,116622471922186,评论区摄影大赛直击人心篇开启，欢迎投稿好的作品会让更多人看到。,摄影恩哥,日常,生活,21,137,852078,316,3113,115884,875,7278,155,1780651800,https://www.bilibili.com/video/BV1L8Gq6aEVt,http://i0.hdslb.com/bfs/archive/d3eeaf9390b7eb77f3e8017f5ee769d473203355.jpg
2026-06-06,2026-06-06 19:35:03,80,BV1G1VB6PEro,116680286144492,今天的员工够燥的~#异宠 #爬宠 #慢宠时钟 #萌宠,慢宠日记啊,日常,生活,21,79,3579652,666,3565,142233,1799,10334,6697,1780400126,https://www.bilibili.com/video/BV1G1VB6PEro,http://i0.hdslb.com/bfs/archive/816ee56ee784d2ccfe8c14d2289cfa7fa2839d73.jpg
2026-06-06,2026-06-06 19:35:03,81,BV1uX7k6UEPn,116696761239539,把硬装的喊过来！,脱缰凯Kk,小剧场,娱乐,85,219,1013737,1382,1403,76510,2317,8096,543,1780651876,https://www.bilibili.com/video/BV1uX7k6UEPn,http://i1.hdslb.com/bfs/archive/1a5306b127f7814fe75bc726966f0f675fcb7e33.jpg
2026-06-06,2026-06-06 19:35:03,82,BV1xdEc6bEcK,116691426088191,肉食脑袋的硬菜局！爆辣猪蹄+火锅鸡泡面香迷糊,方芳的快乐生活,美食侦探,美食,212,1134,1494938,1391,749,73894,9308,12460,2473,1780571551,https://www.bilibili.com/video/BV1xdEc6bEcK,http://i1.hdslb.com/bfs/archive/bdc078c74f5e0987fffca10262d6ced73d562c27.jpg
2026-06-06,2026-06-06 19:35:03,83,BV1BqVS6MEL8,116668592363308,欢迎来到304班娃娃店,蟹上皇呀,日常,生活,21,114,2544295,1319,4540,272038,15267,112221,17018,1780221495,https://www.bilibili.com/video/BV1BqVS6MEL8,http://i1.hdslb.com/bfs/archive/9efeef607e818a1f01d4a5f1009a80d45ffcb333.jpg
2026-06-06,2026-06-06 19:35:03,84,BV1Qb7R6XECX,116687064072844,⚡冷 笑 话 大 全 6.0⚡,污污云,鬼畜调教,鬼畜,22,66,1188630,158,882,87334,1562,35360,4335,1780545600,https://www.bilibili.com/video/BV1Qb7R6XECX,http://i2.hdslb.com/bfs/archive/edf5ec9306bef71931b52d5b0a961e13f1ecc966.jpg
2026-06-06,2026-06-06 19:35:03,85,BV1XS796JETP,116687701545253,"""见过花开就好 何必在意花为谁开""19.0",我爱吃派大星,音乐综合,音乐,130,163,1284780,593,1127,71325,906,8208,405,1780532400,https://www.bilibili.com/video/BV1XS796JETP,http://i1.hdslb.com/bfs/archive/29288eae5b7e0f9e2243fa9682885eab8981887d.jpg
2026-06-06,2026-06-06 19:35:03,86,BV1T2V161E6J,116684195106574,地牢酒馆-12集 《蜕皮的蜥蜴人与神奇薄荷》,粘土工厂,单机游戏,游戏,17,212,968946,1262,1957,138714,20680,16936,1856,1780459574,https://www.bilibili.com/video/BV1T2V161E6J,http://i0.hdslb.com/bfs/archive/f5c43e682c7ce44c1f2733c2cbb5889650fd5a05.jpg
2026-06-06,2026-06-06 19:35:03,87,BV1ZUEF65EzU,116690016801808,论画手的高三生活有多燃！,圆脸面包人,绘画,绘画,162,141,704972,292,580,83666,3010,12325,1667,1780548385,https://www.bilibili.com/video/BV1ZUEF65EzU,http://i2.hdslb.com/bfs/archive/d2c74006b8fe69158c1e24fb31690a791ce674d0.jpg
2026-06-06,2026-06-06 19:35:03,88,BV1sKVr64EXg,116680621561843,演员魏宗万于6月1日去世，享年89岁,中国电影报道,预告·资讯,影视,184,26,1232689,19636,5912,312003,23405,15248,7622,1780406134,https://www.bilibili.com/video/BV1sKVr64EXg,http://i0.hdslb.com/bfs/archive/1148ab18f92299926855421cea80f91871e7f32a.jpg
2026-06-06,2026-06-06 19:35:03,89,BV12QEc6wETE,116691744917719,“我想我再也不会谈恋爱了”,柯洁,影视剪辑,影视,183,34,1292123,831,4340,137373,5521,6505,5983,1780574976,https://www.bilibili.com/video/BV12QEc6wETE,http://i0.hdslb.com/bfs/archive/47071584488230edc82fe88b8fe9b87eb57cd115.jpg
2026-06-06,2026-06-06 19:35:03,90,BV1uTEc6AEzV,116691963025070,以为这次断更，会是永别,ONLee_Studio,日常,生活,21,211,887188,1664,2453,59254,20425,4049,867,1780578368,https://www.bilibili.com/video/BV1uTEc6AEzV,http://i0.hdslb.com/bfs/archive/65223f1fb3bbe6f7b6e2b1e84b56584802350ec6.jpg
2026-06-06,2026-06-06 19:35:03,91,BV1jBVS6qEPK,116668508406277,竹丝镶嵌,归乡人山白,手工,生活,161,577,873928,3073,1500,129715,60966,13638,2088,1780410000,https://www.bilibili.com/video/BV1jBVS6qEPK,http://i2.hdslb.com/bfs/archive/1e293d2f3fac4fc22d32427cb5a045e65e22e361.jpg
2026-06-06,2026-06-06 19:35:03,92,BV16sEc6SEwE,116692030070649,班级里的某些努力姐belike：,不懂爱的喵,AI音乐,AI音乐,265,81,1863419,458,4076,110569,474,8301,3510,1780579469,https://www.bilibili.com/video/BV16sEc6SEwE,http://i2.hdslb.com/bfs/archive/711ed87052e442f67c408a6e4e372e876c02a3f0.jpg
2026-06-06,2026-06-06 19:35:03,93,BV1rMVz67EMs,116679967312875,开关灯木头人挑战！,酱油白米饭原创,小剧场,娱乐,85,99,3514455,490,714,127705,2739,35384,3512,1780395433,https://www.bilibili.com/video/BV1rMVz67EMs,http://i0.hdslb.com/bfs/archive/b909eaaf95648e5156635c9c1afd57ac6da69f64.jpg
2026-06-06,2026-06-06 19:35:03,94,BV1bL796CEpe,116685721899286,如果我来挑战拍华语地区的经典MV风格？这一期是粉丝投稿哦！,李如儒也是李蠕蠕,小剧场,娱乐,85,159,1119985,1186,845,76052,7398,4273,877,1780483280,https://www.bilibili.com/video/BV1bL796CEpe,http://i2.hdslb.com/bfs/archive/6305a2e9ddc370f1b9e15ba5265e209ff8ea0438.jpg
2026-06-06,2026-06-06 19:35:03,95,BV1ypV66dEru,116681359754958,G胖为上架R18游戏硬刚V社法务 玩家至上 不做干预,Will游戏堂,数码,科技,95,51,1262407,709,3548,147565,2611,20077,10533,1780444800,https://www.bilibili.com/video/BV1ypV66dEru,http://i1.hdslb.com/bfs/archive/e3e911d6f451bd85e0fb10b15ba13e2f9b6b96cc.jpg
2026-06-06,2026-06-06 19:35:03,96,BV1MtEF6fEga,116690436233152,全国男生统一迷惑行为,王小洋-已黑化,日常,生活,21,446,739205,2297,1645,60667,1309,10812,1703,1780567200,https://www.bilibili.com/video/BV1MtEF6fEga,http://i1.hdslb.com/bfs/archive/696e0beeae3b0520b2aeae3a4aa24c0eeb689fcd.jpg
2026-06-06,2026-06-06 19:35:03,97,BV1B75w6zEG1,116676158823299,二次元老资历童年都在听什么？！老番串烧34首大连唱！,鹿火CAVY,仿妆cos,时尚,252,462,1768900,3402,3950,121491,49753,43477,8557,1780337109,https://www.bilibili.com/video/BV1B75w6zEG1,http://i1.hdslb.com/bfs/archive/a1759f48c315c61aff7325cc0d6c931ad115a8d4.jpg
2026-06-06,2026-06-06 19:35:03,98,BV1NoVm62EFd,116684715197497,金库测金，海峡测雷，万税爷进军测评赛道？,麻薯波比呀,社科·法律·心理,知识,124,1010,1251192,2406,2581,73568,8135,7380,830,1780479745,https://www.bilibili.com/video/BV1NoVm62EFd,http://i2.hdslb.com/bfs/archive/d200d3f215d8a9d6eb13923af38007a3d0ff34b4.jpg
2026-06-06,2026-06-06 19:35:03,99,BV17pVC6WECy,116681544304592,带良子和花胖在华哥训练营偷吃，闷子、板面、大肠都安排上,俞涛不光会做九转大肠,美食记录,美食,215,247,1800995,998,2691,83576,2335,5607,2964,1780455600,https://www.bilibili.com/video/BV17pVC6WECy,http://i1.hdslb.com/bfs/archive/ecf1293c7f3c2f89f52a51e5ad0ce5201f1be340.jpg
2026-06-06,2026-06-06 19:35:03,100,BV1JAEw69EUS,116691342200777,生完宝宝之后我再也不敢得罪我老公了，因为……,笑哥走丢了a,亲子,生活,254,89,1577164,637,5015,116196,1819,4961,1166,1780568869,https://www.bilibili.com/video/BV1JAEw69EUS,http://i2.hdslb.com/bfs/archive/2496ecbfca22198efdffe5b1855ea840b90edb2a.jpg
2026-06-06,2026-06-06 20:35:03,1,BV15iEc6VEfH,116691577216788,路边一块，也能变废为宝，雕刻出大家想要的题材我不知道什么时候天才会亮，但我知道，跑着跑着，天就亮了。,小梨家的和田玉,手工,生活,161,220,5311455,3283,9946,201655,6334,19019,3218,1780572193,https://www.bilibili.com/video/BV15iEc6VEfH,http://i2.hdslb.com/bfs/archive/c1597efe82d66a7f728f8bdd84505eff4b7f5ac9.jpg
2026-06-06,2026-06-06 20:35:03,2,BV1Qi7f6eE59,116690805395451,致敬每一个心中有花，努力奔跑的人,爱画画的子衿,亲子,生活,254,313,1540253,3106,3211,210523,104335,13560,3244,1780561800,https://www.bilibili.com/video/BV1Qi7f6eE59,http://i1.hdslb.com/bfs/archive/2c9cc3dd70d264a8473e46b8bebaad7db4d6ef2c.jpg
2026-06-06,2026-06-06 20:35:03,3,BV17GEP6xEDW,116692348832614,新三国up锐评楚汉传奇01：是不是我打开的方式不太对？,吃蛋挞的折棒,影视杂谈,影视,182,1348,1269579,18107,10664,120342,117688,25095,9495,1780624800,https://www.bilibili.com/video/BV17GEP6xEDW,http://i2.hdslb.com/bfs/archive/4e5cd47c8551d2b66643e2800041b7ec2d3bf729.jpg
2026-06-06,2026-06-06 20:35:03,4,BV19ZEF6MEBV,116690117464228,人在干坏事的时候是不怕苦不怕累的,我是易拉爆,日常,生活,21,309,2000184,1277,3463,187035,12697,26945,13056,1780550100,https://www.bilibili.com/video/BV19ZEF6MEBV,http://i2.hdslb.com/bfs/archive/5a3e59dd5183e87d69b1ad3224466b821bf05e23.jpg
2026-06-06,2026-06-06 20:35:03,5,BV13s7z63EjV,116695016477738,《绝区零》3.0新地块实机演示,绝区零,手机游戏,游戏,172,599,1375255,9119,13415,121418,57096,21914,24284,1780624803,https://www.bilibili.com/video/BV13s7z63EjV,http://i0.hdslb.com/bfs/archive/ac132a13aed30f0b83ff50dfb56d83e2e518206a.jpg
2026-06-06,2026-06-06 20:35:03,6,BV1w6EF6QEjZ,116690033778619,不看后悔！史上最神人店家！,转生成为毛毛,美食侦探,美食,212,186,2895730,3571,8203,152898,3891,25451,12341,1780563600,https://www.bilibili.com/video/BV1w6EF6QEjZ,http://i1.hdslb.com/bfs/archive/07cb98d8f59285212c90c7646739a87803bf06c0.jpg
2026-06-06,2026-06-06 20:35:03,7,BV1wEEc6REms,116692097238799,城市大富翁（5）,雨哥到处跑,日常,生活,21,3846,1320752,32915,4794,122037,100048,33664,4501,1780628700,https://www.bilibili.com/video/BV1wEEc6REms,http://i1.hdslb.com/bfs/archive/8628e50dc2e56aec5815c8e3f665d304cfe23d80.jpg
2026-06-06,2026-06-06 20:35:03,8,BV1XQ7Z6eEki,116689412819066,特朗普的愤怒,燕三嘤嘤嘤,人文历史,知识,228,1133,2740641,10470,4688,137042,32742,20073,2606,1780545020,https://www.bilibili.com/video/BV1XQ7Z6eEki,http://i0.hdslb.com/bfs/archive/d106118a7a33e310838a2e387ce511583c5a7a62.jpg
2026-06-06,2026-06-06 20:35:03,9,BV16DVz6UE77,116679229180052,如何拍出电影感大片,喜欢拍照的皮皮,日常,生活,21,60,3508883,330,2089,322090,10565,94594,7753,1780384052,https://www.bilibili.com/video/BV16DVz6UE77,http://i1.hdslb.com/bfs/archive/82ba23d6fb45244f769f8f127cfbe2f51afe67c8.jpg
2026-06-06,2026-06-06 20:35:03,10,BV15C7k6REKC,116697197451293,公测定档7月 | 《遗忘之海》船员集结摇滚MV「燥」,遗忘之海,GMV,GMV,121,205,3214419,897,1340,66329,44715,48116,3554,1780711200,https://www.bilibili.com/video/BV15C7k6REKC,http://i0.hdslb.com/bfs/archive/bef8db958217ad42ed011f4bf5d5d6c1cf3a4bad.jpg
2026-06-06,2026-06-06 20:35:03,11,BV16kV26TES7,116685470175022,当父母说出了正确答案：,进击的金厂长,搞笑,娱乐,138,129,5012807,2093,2161,347101,128379,161917,2642,1780479155,https://www.bilibili.com/video/BV16kV26TES7,http://i0.hdslb.com/bfs/archive/982b25c4ef21fb08f77ae933c89f4b99d5b0c86a.jpg
2026-06-06,2026-06-06 20:35:03,12,BV1vkVB6NEuR,116680252462308,“超微距”下的瑞士长什么样？,影视飓风,娱乐粉丝创作,娱乐,242,1369,3542312,7993,3018,155279,48797,27396,5862,1780477200,https://www.bilibili.com/video/BV1vkVB6NEuR,http://i1.hdslb.com/bfs/archive/5b0c10c80ad8bf4789b41860cadc70e8c144245b.jpg
2026-06-06,2026-06-06 20:35:03,13,BV1kCVU65ERM,116669112386149,初中生斗胆跳一段jam,特崮斯,篮球,运动,235,45,6079240,7230,17936,1177338,190590,124011,18161,1780229707,https://www.bilibili.com/video/BV1kCVU65ERM,http://i1.hdslb.com/bfs/archive/5871a66dc8e356ff71da4a6d99d5922b4a6a3fce.jpg
2026-06-06,2026-06-06 20:35:03,14,BV1XEV26XEsz,116683641455201,冠以破碎之名：第一集 冰潮寒雨之夏,Xavier_白昼,综合,综合,27,1106,1327424,1761,2351,100187,21032,61610,3366,1780451269,https://www.bilibili.com/video/BV1XEV26XEsz,http://i0.hdslb.com/bfs/archive/edb3c2a03146bbc3390581aa30c41b8e3c3ab846.jpg
2026-06-06,2026-06-06 20:35:03,15,BV1sC7R6VEF3,116687181451048,【侯绿萝】视频加载中，速速查收惊喜！,侯绿萝,小剧场,娱乐,85,233,1697439,1351,1339,162671,9314,13352,1661,1780538400,https://www.bilibili.com/video/BV1sC7R6VEF3,http://i0.hdslb.com/bfs/archive/e40df1469a3bc68659f30a77b0e0801ae88938bb.jpg
2026-06-06,2026-06-06 20:35:03,16,BV16BVy6wEfx,116682534162276,《你来真的啊》,伤心欲茄222,搞笑,娱乐,138,116,3067331,1216,5128,309355,6072,20343,3622,1780459200,https://www.bilibili.com/video/BV16BVy6wEfx,http://i1.hdslb.com/bfs/archive/f16abe0150882e397bf053e6d7a1e4dced090de1.jpg
2026-06-06,2026-06-06 20:35:03,17,BV1Qt7X61Enn,116686241993999,百万英镑，但素质过低,青时晚,影视剪辑,影视,183,174,1912695,1684,2044,115937,8309,28560,11226,1780490956,https://www.bilibili.com/video/BV1Qt7X61Enn,http://i0.hdslb.com/bfs/archive/1573985b4950f4d1001b3a21a50adab722b0a0f1.jpg
2026-06-06,2026-06-06 20:35:03,18,BV1cu7r6FEPd,116696023045705,英国，沦为印度殖民地,平原公子,日常,生活,21,463,2068441,8322,6139,138817,5376,13844,12625,1780640137,https://www.bilibili.com/video/BV1cu7r6FEPd,http://i1.hdslb.com/bfs/archive/95ba7fb80bc2a46fc2c8f7ff69a08c57c40ef914.jpg
2026-06-06,2026-06-06 20:35:03,19,BV15wVB6YECT,116678608359768,一顿饭只要三块钱，客人吃着吃着，人就“没了”,瞎通不设计了,美食侦探,美食,212,187,2244835,2398,6183,276674,160819,25904,4012,1780390800,https://www.bilibili.com/video/BV15wVB6YECT,http://i1.hdslb.com/bfs/archive/fd898a754bc3cf4317349a2b3c4394e104417434.jpg
2026-06-06,2026-06-06 20:35:03,20,BV1df7r6REpB,116695469463690,如何在家制造浓汤宝,嘤武罗,日常,生活,21,501,2612717,2822,2578,130771,33742,30279,1839,1780650000,https://www.bilibili.com/video/BV1df7r6REpB,http://i2.hdslb.com/bfs/archive/94c85d2ebad9002fcbad0c7ef2f3c8a3f1ec6768.jpg
2026-06-06,2026-06-06 20:35:03,21,BV168796PEv1,116685839403735,如此仙音唯有挠臭,lulu和露爸,喵星人,喵星人,218,26,4257783,14278,5029,535665,13566,103404,21929,1780484850,https://www.bilibili.com/video/BV168796PEv1,http://i1.hdslb.com/bfs/archive/87f3ce4876a2e50e34a2c1b24dfe10ae34700a55.jpg
2026-06-06,2026-06-06 20:35:03,22,BV1mhV26yETL,116683775678542,科比的哲学启示录第十四期,蟹不肉丨,影视剪辑,影视,183,74,5023717,1157,6749,309935,15063,79636,14755,1780453236,https://www.bilibili.com/video/BV1mhV26yETL,http://i0.hdslb.com/bfs/archive/738134aa027bf05aa3f3843c528db81f3d78307d.jpg
2026-06-06,2026-06-06 20:35:03,23,BV1uX7k6UENx,116696761239484,巨构：没有告别,巨构ai,网络游戏,游戏,65,19,1460287,1199,4116,243598,8580,89258,3183,1780651506,https://www.bilibili.com/video/BV1uX7k6UENx,http://i0.hdslb.com/bfs/archive/1422e60b2923b373953bd4ce6433b6f0e91f9501.jpg
2026-06-06,2026-06-06 20:35:03,24,BV1gsEw6zExs,116691040208641,你的高考/中考/期末考belike,哈基mer-猫meme,搞笑,娱乐,138,22,657451,24867,1918,237859,25330,48535,4476,1780564012,https://www.bilibili.com/video/BV1gsEw6zExs,http://i2.hdslb.com/bfs/archive/4f76f8d127f1c6d5a990c89a161f10356e783cd4.jpg
2026-06-06,2026-06-06 20:35:03,25,BV1gWEw6gE4X,116691056987748,“这种没流量的画画最狠了”,像风如你o_O,日常,生活,21,25,2094871,592,3147,261994,6965,21904,1029,1780564358,https://www.bilibili.com/video/BV1gWEw6gE4X,http://i0.hdslb.com/bfs/archive/96621cf035234fbf3c3d6f498d6f4d5eae388c12.jpg
2026-06-06,2026-06-06 20:35:03,26,BV1GHEw6rEo4,116691140875979,无能的杰哥,神威-狗剩,影视剪辑,影视,183,154,2686692,1733,3400,128676,7144,23020,25198,1780565876,https://www.bilibili.com/video/BV1GHEw6rEo4,http://i2.hdslb.com/bfs/archive/0814d03bdf68a6a83cba4b8ba18fa6d58d6de912.jpg
2026-06-06,2026-06-06 20:35:03,27,BV1pDV86oE6S,116657217344637,热烈欢迎薛凯琪！工作之余，Fiona会带哪些让自己感到快乐的东西呢～（录完这期脑海里都是Fifi的笑声,papi酱,短片,动画,256,2017,1047158,9818,4123,110479,43448,13987,6345,1780632000,https://www.bilibili.com/video/BV1pDV86oE6S,http://i2.hdslb.com/bfs/archive/032f4048d6f94c465fc10972289999cf79f2572f.jpg
2026-06-06,2026-06-06 20:35:03,28,BV1rg7C6TEUm,116696912369911,一句“一氧化二氢”能钓出多少“读稿机”？,中国食品报融媒体,科学科普,知识,201,291,3271210,4618,15593,137643,9905,17270,10995,1780653928,https://www.bilibili.com/video/BV1rg7C6TEUm,http://i1.hdslb.com/bfs/archive/1081ed32a36e81bee443915a997ed5f2bd56badd.jpg
2026-06-06,2026-06-06 20:35:03,29,BV1jwV663EjR,116679380112598,我的世界杯主题曲！IShowSpeed - World Cup (Champions),ishowspeedsui,竞技体育,运动,236,299,4379660,2342,9893,244259,44066,42888,14399,1780386563,https://www.bilibili.com/video/BV1jwV663EjR,http://i2.hdslb.com/bfs/archive/2807f6a9b9342740dfa8764e7bcc6e231196c94f.jpg
2026-06-06,2026-06-06 20:35:03,30,BV1pnVm6GEQG,116685386483651,“当bro以为自己很有影响力时…”,林宇辉,社科·法律·心理,知识,124,16,857664,454,1922,248132,9807,31778,1190,1780478075,https://www.bilibili.com/video/BV1pnVm6GEQG,http://i1.hdslb.com/bfs/archive/02329b4beff89227f0f34b10ef7ca21a2b920c65.jpg
2026-06-06,2026-06-06 20:35:03,31,BV1W6VZ6MEbd,116674313328609,🍄欠揍气球🍄,纸片马力欧,日常,生活,21,40,3610262,3305,8714,434132,32542,223431,68824,1780309043,https://www.bilibili.com/video/BV1W6VZ6MEbd,http://i0.hdslb.com/bfs/archive/3d18bae01c4fc365d9e7e0ede5efb926e32115ad.jpg
2026-06-06,2026-06-06 20:35:03,32,BV1uXEA6gEMu,116692567070822,“别着急，我来给你补充「偶！像！能！量！」”,小耗owo,手机游戏,游戏,172,80,889824,581,1710,182911,10273,39403,7906,1780624800,https://www.bilibili.com/video/BV1uXEA6gEMu,http://i1.hdslb.com/bfs/archive/64822f49e99e9fb8b41ba5e0f9e06f48d4b76446.jpg
2026-06-06,2026-06-06 20:35:03,33,BV1yiEF6WErx,116690419585062,奶香馒头,夏叔厨房,美食制作,美食,76,76,1566881,873,6830,203880,6784,17507,1067,1780554601,https://www.bilibili.com/video/BV1yiEF6WErx,http://i1.hdslb.com/bfs/archive/82992eb9cddf1a5a5e5e77e481db8626c6005de9.jpg
2026-06-06,2026-06-06 20:35:03,34,BV12R7Q6MEJX,116686543914174,你说你有点难追～,未知艺术家_611,搞笑,娱乐,138,30,2400251,207,1871,224124,2622,22568,3394,1780495648,https://www.bilibili.com/video/BV12R7Q6MEJX,http://i2.hdslb.com/bfs/archive/aeaf33a25e079b26433a425ee56ac24f566861d7.jpg
2026-06-06,2026-06-06 20:35:03,35,BV1RvVo6QEqo,116674682426936,不儿，你俩来真的啊？！,主持人yoyo酱,搞笑,娱乐,138,265,5579972,15678,12231,667680,506951,120602,14098,1780314627,https://www.bilibili.com/video/BV1RvVo6QEqo,http://i1.hdslb.com/bfs/archive/e8bde3297455f3796e516de2362d5eb1085d9abf.jpg
2026-06-06,2026-06-06 20:35:03,36,BV1QzVR63E3L,116671930963542,回忆永远都是加分项,央视新闻,日常,生活,21,184,3584108,28217,23795,626584,243238,190361,59357,1780286400,https://www.bilibili.com/video/BV1QzVR63E3L,http://i2.hdslb.com/bfs/archive/f4dc3fe8ea88a450877315e867b4995121d5dbf6.jpg
2026-06-06,2026-06-06 20:35:03,37,BV1VWVz6TELx,116679598147712,星际穿越的我，试图提醒过去的自己....,考研英语大雁,校园学习,知识,208,33,2874100,653,2293,370879,8172,48233,6481,1780389685,https://www.bilibili.com/video/BV1VWVz6TELx,http://i0.hdslb.com/bfs/archive/5822709cbd5c2a8a09fabc50bcfdcfc29859f9a1.jpg
2026-06-06,2026-06-06 20:35:03,38,BV1jeEc6yE75,116691593992011,《你说谁错谁就错，因为你开迈巴赫》,嘞是唐孃孃,搞笑,娱乐,138,34,2795545,165,1920,215111,2726,13998,1163,1780572588,https://www.bilibili.com/video/BV1jeEc6yE75,http://i0.hdslb.com/bfs/archive/cc74080d84744d7622f9f9dd492a1583e00aaed7.jpg
2026-06-06,2026-06-06 20:35:03,39,BV1xuVC6AEbg,116681426868021,今天把我关于《丧尸清道夫》的创作思路分享给大家，如果能帮到你，我会很开心。,Mx-Shell,影视剪辑,影视,183,2573,1174051,879,1930,70062,28471,72448,10094,1780452000,https://www.bilibili.com/video/BV1xuVC6AEbg,http://i0.hdslb.com/bfs/archive/4a766d587664347016b0288147deb324a2964232.jpg
2026-06-06,2026-06-06 20:35:03,40,BV1PP7C63E2J,116696710912022,《师》我回母校当老师,阿廖沙别害怕_,搞笑,娱乐,138,296,1256815,388,744,129033,3164,9534,418,1780650587,https://www.bilibili.com/video/BV1PP7C63E2J,http://i0.hdslb.com/bfs/archive/b04455fde128b88ff0a92e264778512242510bc9.jpg
2026-06-06,2026-06-06 20:35:03,41,BV1hAVm6XEE2,116685570836474,【传奇耐熬王】经典排骨💀60天仍然有5人存活💪到最后拼的就是谁身体好！🤦‍♂️,-超级小能猫-,搞笑,娱乐,138,2617,2159893,13681,2776,81377,17768,39537,3658,1780481719,https://www.bilibili.com/video/BV1hAVm6XEE2,http://i0.hdslb.com/bfs/archive/dc3782f8b522707e818c2537030e1b8893332367.jpg
2026-06-06,2026-06-06 20:35:03,42,BV1MG7961Efg,116685688276783,下 一 个 抓 谁 ！！！,啊吗粽,搞笑,娱乐,138,586,1341954,4305,2239,120121,58370,22249,2922,1780482465,https://www.bilibili.com/video/BV1MG7961Efg,http://i2.hdslb.com/bfs/archive/55e9b58ea3d6a84a655b0d2607bb6ff7e31c6d34.jpg
2026-06-06,2026-06-06 20:35:03,43,BV1ogV26FEhB,116683943643894,兄弟们！今天给良子做一个入营测试，这身体身体素质，跟我想的不太一样啊!,健身华哥,运动综合,运动,238,246,2731215,4872,59932,127608,3700,7488,14578,1780455998,https://www.bilibili.com/video/BV1ogV26FEhB,http://i1.hdslb.com/bfs/archive/0ef39901811fd5680c39a67445609ba38a9560c2.jpg
2026-06-06,2026-06-06 20:35:03,44,BV1WT7C6uEj8,116696878749194,猫 咪 的 花 语 是 老 吴🎵,幾加乘,同人·手书,动画,47,259,1165056,1323,2331,94307,13459,18924,7782,1780653131,https://www.bilibili.com/video/BV1WT7C6uEj8,http://i0.hdslb.com/bfs/archive/ad354ddb8c2e2bf697327dc182835b3d6014f4b1.jpg
2026-06-06,2026-06-06 20:35:03,45,BV1bwV161Er2,116684413209270,【aespa】LEMONNNN,aespa,音乐综合,音乐,130,11,6110393,11507,23018,117492,27400,13585,7185,1780475400,https://www.bilibili.com/video/BV1bwV161Er2,http://i1.hdslb.com/bfs/archive/1e63fbee388c793dc0403c872eefb52a8d7d8615.jpg
2026-06-06,2026-06-06 20:35:03,46,BV1kzVy6hEGb,116682517385619,手绘2000多张沙画，历时3年制作,胡雪朗,绘画,绘画,162,54,790465,766,1452,179830,44412,25640,3787,1780457400,https://www.bilibili.com/video/BV1kzVy6hEGb,http://i0.hdslb.com/bfs/archive/959cf6a92144f70d7339865fe00cd198c4c8da9e.jpg
2026-06-06,2026-06-06 20:35:03,47,BV1yo7B68EHX,116695117207554,《鸣潮》×《赛博朋克：边缘行者》共鸣者战斗演示 | 露西,鸣潮,单机游戏,游戏,17,283,2189253,2250,8133,76310,23315,13381,14218,1780628400,https://www.bilibili.com/video/BV1yo7B68EHX,http://i2.hdslb.com/bfs/archive/61426f2876187b9326f1b732fdea7044e08d7ea3.jpg
2026-06-06,2026-06-06 20:35:03,48,BV1R7Ew65ERR,116691124229360,当爸爸找亲戚买手机,刘鸿哥哥,小剧场,娱乐,85,119,2146239,866,2554,145885,1211,7761,1542,1780565630,https://www.bilibili.com/video/BV1R7Ew65ERR,http://i0.hdslb.com/bfs/archive/5e4feb10a7cf9e178bf7e9a619d62843bc5ae8b2.jpg
2026-06-06,2026-06-06 20:35:03,49,BV1aFVm6REvY,116685537281059,蜘蛛糸モノポリー,苏酥鱼鱼喵,MMD·3D,动画,25,113,616119,171,1374,122056,4811,45002,3518,1780480166,https://www.bilibili.com/video/BV1aFVm6REvY,http://i0.hdslb.com/bfs/archive/43aeddbc4a47c5117090dc56e61b94bb7a858ec0.jpg
2026-06-06,2026-06-06 20:35:03,50,BV1gzVC6kE1S,116683507243907,【低成本在家实现牛排自由‼️ 】,村驴,美食制作,美食,76,329,933505,573,2330,88832,8506,66581,9358,1780449310,https://www.bilibili.com/video/BV1gzVC6kE1S,http://i0.hdslb.com/bfs/archive/005d3e68934a884c17ab0f89f1daac2ae9982f39.jpg
2026-06-06,2026-06-06 20:35:03,51,BV1797X6ZEvW,116686158038804,真跳60分钟，天台暴晒也算时间哦,矮乐多Aliga,日常,生活,21,3639,1127835,1043,1649,62282,12330,21890,2495,1780490050,https://www.bilibili.com/video/BV1797X6ZEvW,http://i0.hdslb.com/bfs/archive/51a11a46ff9c8a78cf19a5444bd1f18bb0099c9d.jpg
2026-06-06,2026-06-06 20:35:03,52,BV1bV7k6LExn,116697264560365,再见！一系列！高考必胜！,一数,校园学习,知识,208,193,619707,23015,11919,66894,26914,13812,4683,1780659292,https://www.bilibili.com/video/BV1bV7k6LExn,http://i2.hdslb.com/bfs/archive/5df66240b2b71ca2bc6ce697e929657b1b1df5a4.jpg
2026-06-06,2026-06-06 20:35:03,53,BV1L7Ew65ETv,116691124098703,我养护的石拱桥，已经被国家收录为不可移动文物！,抓紧长长长呀,三农,生活,251,604,1476255,1018,1940,109619,6287,7671,423,1780565746,https://www.bilibili.com/video/BV1L7Ew65ETv,http://i1.hdslb.com/bfs/archive/56f52737bc566db19c5316ccdcc3b87cc81709e0.jpg
2026-06-06,2026-06-06 20:35:03,54,BV1LLVU6eE1t,116684782373820,你到底娶不娶我…,ENX叉叉酱,同人·手书,动画,47,77,872426,1227,6753,164527,9578,16513,4584,1780484400,https://www.bilibili.com/video/BV1LLVU6eE1t,http://i0.hdslb.com/bfs/archive/cffaf3db4947fd6d7956bd49b83dcea884c3307b.jpg
2026-06-06,2026-06-06 20:35:03,55,BV1cmVz6DEmi,116679329712224,初代跑男团战力排行,东方日出哇,特摄,动画,86,600,2129668,5370,3425,172916,7893,22475,4159,1780385423,https://www.bilibili.com/video/BV1cmVz6DEmi,http://i0.hdslb.com/bfs/archive/ee051686685860fea8d8721ddf5c5d7f35a85e5f.jpg
2026-06-06,2026-06-06 20:35:03,56,BV1EwEF62EhA,116690721443492,当校长挑选教室地板时,Cheems电玩屋,日常,生活,21,18,4022705,671,3773,166681,545,5965,383,1780559484,https://www.bilibili.com/video/BV1EwEF62EhA,http://i0.hdslb.com/bfs/archive/8916553504d48aec3ba5ad2bdfeec5fcf7eefc1c.jpg
2026-06-06,2026-06-06 20:35:03,57,BV1DB7f6AEBK,116690989942959,最 不 物 质 之 人,张八筒筒,日常,生活,21,127,1811753,772,799,147399,1260,7092,677,1780563943,https://www.bilibili.com/video/BV1DB7f6AEBK,http://i1.hdslb.com/bfs/archive/612e05a8e02454bd4e3723991d4808f061b1c188.jpg
2026-06-06,2026-06-06 20:35:03,58,BV18qVr6KEk8,116680554519472,一个投了3万元必火的视频,奥利奥利奥是1,日常,生活,21,46,931945,1630,7756,229315,20811,24680,4257,1780405200,https://www.bilibili.com/video/BV18qVr6KEk8,http://i0.hdslb.com/bfs/archive/0c023b00bd1d3a694bdd40c9d19039f1436532b1.jpg
2026-06-06,2026-06-06 20:35:03,59,BV1F7716gE1d,116697667213269,不降 |《归唐》夏日游戏节剧情初窥预告,归唐,单机游戏,游戏,17,195,3502270,1755,6420,85999,2667,8493,4925,1780694417,https://www.bilibili.com/video/BV1F7716gE1d,http://i1.hdslb.com/bfs/archive/ee1e7f11e5576321abd715ef6582c5b5fe323c2d.jpg
2026-06-06,2026-06-06 20:35:03,60,BV1nWVm6uEqb,116685285624503,我吃牛瘪火锅 结果买错牛胃了,张离谱Dreams,搞笑,娱乐,138,97,1922627,1024,2767,127713,2012,34694,9341,1780476405,https://www.bilibili.com/video/BV1nWVm6uEqb,http://i0.hdslb.com/bfs/archive/6f4f02f224993a1933f3e515e84d84edb5ca3808.jpg
2026-06-06,2026-06-06 20:35:03,61,BV1vEEP6HEFw,116692281789801,2025年出货量370万台！激光雷达真成“安全气囊”了？,保镖的车库,新能源车,新能源车,247,606,1305551,464,591,90956,2715,10378,363,1780653900,https://www.bilibili.com/video/BV1vEEP6HEFw,http://i1.hdslb.com/bfs/archive/76872e6b743f73527ee70c89a75c39214a868540.jpg
2026-06-06,2026-06-06 20:35:03,62,BV1xU7f6xEjt,116690939546284,CF单机叙事续作——《穿越火线：潜伏》实机首曝,穿越火线潜伏,单机游戏,游戏,17,308,2697426,916,3144,74027,4572,13356,7895,1780696800,https://www.bilibili.com/video/BV1xU7f6xEjt,http://i0.hdslb.com/bfs/archive/140a4abb0c80a2aa1e7cb7126c978567b667ed12.jpg
2026-06-06,2026-06-06 20:35:03,63,BV1uE7d6JEAp,116688674624635,啥龙：医生说我只剩几天了……,小陈的脚凑凑的,日常,生活,21,181,976096,1146,1571,70111,5804,16767,3447,1780528049,https://www.bilibili.com/video/BV1uE7d6JEAp,http://i1.hdslb.com/bfs/archive/e92886e4f49270b6f1a24481e0b0851d64e70fc4.jpg
2026-06-06,2026-06-06 20:35:03,64,BV1F9Vz62ExS,116679262606457,一辈子一定要体验一次的游戏，绝对不能被剧透的神作,易铭小疯子,网络游戏,游戏,65,537,1093798,5196,8608,62602,8000,68216,4143,1780403895,https://www.bilibili.com/video/BV1F9Vz62ExS,http://i2.hdslb.com/bfs/archive/d453d6bbde6ccd80f0fd714edde7b754c3e5255e.jpg
2026-06-06,2026-06-06 20:35:03,65,BV1JKEw6QEw9,116691509970719,我读了你们的评论 把阎王召唤出来了T_T,汤木檀泽,日常,生活,21,959,1677481,1399,1565,104032,6002,15650,492,1780571268,https://www.bilibili.com/video/BV1JKEw6QEw9,http://i1.hdslb.com/bfs/archive/0b6c7ccb214b6211a4cf9a8741eb473536e42587.jpg
2026-06-06,2026-06-06 20:35:03,66,BV1idV26bE2E,116685654921483,宗元舞2.0紧绷之人3,是柳宗元,电子竞技,游戏,171,51,1609488,422,1053,171863,3562,21368,3374,1780481914,https://www.bilibili.com/video/BV1idV26bE2E,http://i2.hdslb.com/bfs/archive/395efa2aefe284345f5e64ce17985d0467cd2247.jpg
2026-06-06,2026-06-06 20:35:03,67,BV1jLVU6eEXE,116684782377667,可不可以买三十块烧腊？,食深烧腊,美食测评,美食,213,99,1042862,759,2196,121548,70848,5410,575,1780468779,https://www.bilibili.com/video/BV1jLVU6eEXE,http://i1.hdslb.com/bfs/archive/62b6a42513640bcbd689b2a89fb9b999a1205332.jpg
2026-06-06,2026-06-06 20:35:03,68,BV1ps796qErr,116685822560107,谁在等谁的出现,为了我活下去,综合,综合,27,36,582757,288,1570,177095,8896,28617,2078,1780484521,https://www.bilibili.com/video/BV1ps796qErr,http://i1.hdslb.com/bfs/archive/49a476c711b1d61ec7ffa37684a398ddb857435a.jpg
2026-06-06,2026-06-06 20:35:03,69,BV1L8Gq6aEVt,116622471922186,评论区摄影大赛直击人心篇开启，欢迎投稿好的作品会让更多人看到。,摄影恩哥,日常,生活,21,137,893683,332,3194,119956,932,7530,162,1780651800,https://www.bilibili.com/video/BV1L8Gq6aEVt,http://i0.hdslb.com/bfs/archive/d3eeaf9390b7eb77f3e8017f5ee769d473203355.jpg
2026-06-06,2026-06-06 20:35:03,70,BV1T9Vm6UE2N,116684681647760,《古剑》3分钟战斗实机 | 线下试玩招募开启,古剑,单机游戏,游戏,17,168,2345985,2606,7943,43887,22314,10940,17617,1780698215,https://www.bilibili.com/video/BV1T9Vm6UE2N,http://i0.hdslb.com/bfs/archive/d18a0e2a80905c1a2bfe0d000c3ca47aa1548899.jpg
2026-06-06,2026-06-06 20:35:03,71,BV1LCV66VE45,116680873346829,剥蒜的情谊147.0,NinthA-,网络游戏,游戏,65,147,1763264,762,818,127575,1649,21193,1674,1780455600,https://www.bilibili.com/video/BV1LCV66VE45,http://i1.hdslb.com/bfs/archive/21d74a2ecc26d0c95ecd1e1af6e84bf567bf37c9.jpg
2026-06-06,2026-06-06 20:35:03,72,BV1Nk7X6TEnq,116686023955827,半个小孩，全部的妈妈,超级猫猫兽,同人·手书,动画,47,483,1538339,1735,4743,126749,20032,55218,4640,1780487705,https://www.bilibili.com/video/BV1Nk7X6TEnq,http://i0.hdslb.com/bfs/archive/25cb3d6f6dd951590c71a8ea993463455554b0c6.jpg
2026-06-06,2026-06-06 20:35:03,73,BV1oqVB6BECd,116680034425733,《原神》洛恩角色PV——「标准化考核」,原神,手机游戏,游戏,172,702,1770542,8219,5963,147203,36997,31840,11590,1780459200,https://www.bilibili.com/video/BV1oqVB6BECd,http://i2.hdslb.com/bfs/archive/f040c8f664a034a919aee60209ef17c155dbe2df.jpg
2026-06-06,2026-06-06 20:35:03,74,BV1r6V26BE9i,116685486949496,《上海奥特曼4：沪特曼集结！》,册那队长,小剧场,娱乐,85,53,3024151,984,5472,135927,9931,19326,31020,1780479544,https://www.bilibili.com/video/BV1r6V26BE9i,http://i0.hdslb.com/bfs/archive/a062cb9d7991230d0d7287d7d8fd5bead9ec6788.jpg
2026-06-06,2026-06-06 20:35:03,75,BV1usEw6zEiy,116691040210390,【餐馆TV】UP今天发烧了……作品会不会受影响啊,大乾乾是顾乾宇,小剧场,娱乐,85,141,857867,1475,2533,96997,2903,11622,6731,1780564633,https://www.bilibili.com/video/BV1usEw6zEiy,http://i1.hdslb.com/bfs/archive/6d69be5e1f22dec4058e90f795df2ff7c21e4a91.jpg
2026-06-06,2026-06-06 20:35:03,76,BV15z766SE1A,116696341812776,假如高考什么都可以带,小安苒AIGC,校园学习,知识,208,177,1968853,2312,2187,81905,2066,6019,1448,1780646400,https://www.bilibili.com/video/BV15z766SE1A,http://i2.hdslb.com/bfs/archive/ed743a6a86446310a9957bce92faa671a082a6d8.jpg
2026-06-06,2026-06-06 20:35:03,77,BV1xdEc6bEcK,116691426088191,肉食脑袋的硬菜局！爆辣猪蹄+火锅鸡泡面香迷糊,方芳的快乐生活,美食侦探,美食,212,1134,1555766,1405,770,76150,9431,12904,2550,1780571551,https://www.bilibili.com/video/BV1xdEc6bEcK,http://i1.hdslb.com/bfs/archive/bdc078c74f5e0987fffca10262d6ced73d562c27.jpg
2026-06-06,2026-06-06 20:35:03,78,BV1uX7k6UEPn,116696761239539,把硬装的喊过来！,脱缰凯Kk,小剧场,娱乐,85,219,1046496,1421,1426,78769,2372,8348,554,1780651876,https://www.bilibili.com/video/BV1uX7k6UEPn,http://i1.hdslb.com/bfs/archive/1a5306b127f7814fe75bc726966f0f675fcb7e33.jpg
2026-06-06,2026-06-06 20:35:03,79,BV1Ja7k6AE1b,116697063235411,我又给花朵加了个开关！,是玉木呀,设计·创意,设计·创意,229,104,623283,349,526,108517,11457,21375,2030,1780656042,https://www.bilibili.com/video/BV1Ja7k6AE1b,http://i0.hdslb.com/bfs/archive/c05470a618fc67ee60cb9df153eb5ad6d3c8ce08.jpg
2026-06-06,2026-06-06 20:35:03,80,BV1f3VU6KEqy,116684832644044,"从""健身芭比""到""女企业家""，帕梅拉有多会""赚""？",小Lin说,财经商业,知识,207,1745,2002928,1762,1482,55165,10510,18232,3381,1780479000,https://www.bilibili.com/video/BV1f3VU6KEqy,http://i0.hdslb.com/bfs/archive/ad9df863f29ccc8f07472fc5234c04740f6ee4b3.jpg
2026-06-06,2026-06-06 20:35:03,81,BV1edV26tEsB,116685654722666,复仇整蛊！蛋黄派伪装摄影师突袭周深，几秒就被识破？,记录生活的蛋黄派,美食测评,美食,213,556,3098426,7321,2896,98875,29668,46261,3862,1780565400,https://www.bilibili.com/video/BV1edV26tEsB,http://i2.hdslb.com/bfs/archive/a16b60bc03719059e3218dee538877f554f3f9b4.jpg
2026-06-06,2026-06-06 20:35:03,82,BV1Qb7R6XECX,116687064072844,⚡冷 笑 话 大 全 6.0⚡,污污云,鬼畜调教,鬼畜,22,66,1225705,168,904,90176,1625,36606,4487,1780545600,https://www.bilibili.com/video/BV1Qb7R6XECX,http://i2.hdslb.com/bfs/archive/edf5ec9306bef71931b52d5b0a961e13f1ecc966.jpg
2026-06-06,2026-06-06 20:35:03,83,BV1BqVS6MEL8,116668592363308,欢迎来到304班娃娃店,蟹上皇呀,日常,生活,21,114,2570562,1333,4588,274627,15411,113858,17197,1780221495,https://www.bilibili.com/video/BV1BqVS6MEL8,http://i1.hdslb.com/bfs/archive/9efeef607e818a1f01d4a5f1009a80d45ffcb333.jpg
2026-06-06,2026-06-06 20:35:03,84,BV1XS796JETP,116687701545253,"""见过花开就好 何必在意花为谁开""19.0",我爱吃派大星,音乐综合,音乐,130,163,1296102,597,1135,71838,912,8258,421,1780532400,https://www.bilibili.com/video/BV1XS796JETP,http://i1.hdslb.com/bfs/archive/29288eae5b7e0f9e2243fa9682885eab8981887d.jpg
2026-06-06,2026-06-06 20:35:03,85,BV15W7C6tEyc,116696425766532,送你一片夕阳！,困雀雀,仿妆cos,时尚,252,36,438619,111,1802,136074,6515,23552,1944,1780646468,https://www.bilibili.com/video/BV15W7C6tEyc,http://i2.hdslb.com/bfs/archive/86973af2078693bfe5fc81d4dae783648e7fb904.jpg
2026-06-06,2026-06-06 20:35:03,86,BV1ZUEF65EzU,116690016801808,论画手的高三生活有多燃！,圆脸面包人,绘画,绘画,162,141,712374,298,585,84631,3039,12474,1685,1780548385,https://www.bilibili.com/video/BV1ZUEF65EzU,http://i2.hdslb.com/bfs/archive/d2c74006b8fe69158c1e24fb31690a791ce674d0.jpg
2026-06-06,2026-06-06 20:35:03,87,BV1G1VB6PEro,116680286144492,今天的员工够燥的~#异宠 #爬宠 #慢宠时钟 #萌宠,慢宠日记啊,日常,生活,21,79,3593904,670,3582,142968,1807,10382,6721,1780400126,https://www.bilibili.com/video/BV1G1VB6PEro,http://i0.hdslb.com/bfs/archive/816ee56ee784d2ccfe8c14d2289cfa7fa2839d73.jpg
2026-06-06,2026-06-06 20:35:03,88,BV16sEc6SEwE,116692030070649,班级里的某些努力姐belike：,不懂爱的喵,AI音乐,AI音乐,265,81,1888949,463,4136,112273,484,8490,3580,1780579469,https://www.bilibili.com/video/BV16sEc6SEwE,http://i2.hdslb.com/bfs/archive/711ed87052e442f67c408a6e4e372e876c02a3f0.jpg
2026-06-06,2026-06-06 20:35:03,89,BV1JAEw69EUS,116691342200777,生完宝宝之后我再也不敢得罪我老公了，因为……,笑哥走丢了a,亲子,生活,254,89,1620665,652,5210,120358,1922,5187,1221,1780568869,https://www.bilibili.com/video/BV1JAEw69EUS,http://i2.hdslb.com/bfs/archive/2496ecbfca22198efdffe5b1855ea840b90edb2a.jpg
2026-06-06,2026-06-06 20:35:03,90,BV1uTEc6AEzV,116691963025070,以为这次断更，会是永别,ONLee_Studio,日常,生活,21,211,896049,1687,2474,59841,20597,4087,876,1780578368,https://www.bilibili.com/video/BV1uTEc6AEzV,http://i0.hdslb.com/bfs/archive/65223f1fb3bbe6f7b6e2b1e84b56584802350ec6.jpg
2026-06-06,2026-06-06 20:35:03,91,BV1MtEF6fEga,116690436233152,全国男生统一迷惑行为,王小洋-已黑化,日常,生活,21,446,753150,2335,1689,62088,1333,11114,1735,1780567200,https://www.bilibili.com/video/BV1MtEF6fEga,http://i1.hdslb.com/bfs/archive/696e0beeae3b0520b2aeae3a4aa24c0eeb689fcd.jpg
2026-06-06,2026-06-06 20:35:03,92,BV12QEc6wETE,116691744917719,“我想我再也不会谈恋爱了”,柯洁,影视剪辑,影视,183,34,1299676,846,4353,138329,5549,6545,6021,1780574976,https://www.bilibili.com/video/BV12QEc6wETE,http://i0.hdslb.com/bfs/archive/47071584488230edc82fe88b8fe9b87eb57cd115.jpg
2026-06-06,2026-06-06 20:35:03,93,BV1rMVz67EMs,116679967312875,开关灯木头人挑战！,酱油白米饭原创,小剧场,娱乐,85,99,3656369,545,727,131265,2821,37023,3591,1780395433,https://www.bilibili.com/video/BV1rMVz67EMs,http://i0.hdslb.com/bfs/archive/b909eaaf95648e5156635c9c1afd57ac6da69f64.jpg
2026-06-06,2026-06-06 20:35:03,94,BV1yc7r6vE1C,116695905734805,关于我18岁为什么不去参加高考,我不是赤寒,日常,生活,21,126,877140,1049,5285,98483,4986,10542,1399,1780638439,https://www.bilibili.com/video/BV1yc7r6vE1C,http://i1.hdslb.com/bfs/archive/294ac25c415d3dcaf5c46bbc02fb5df23da86784.jpg
2026-06-06,2026-06-06 20:35:03,95,BV1iuVd6DE1W,116673742902632,【完结自制短片】工人嫌魏海每天抽50太黑心，转头跟不抽成老板干活，女儿进ICU才知道那50是救命钱,唒唒漫画咯,综合,综合,27,3268,1235779,95,140,94025,5857,19220,1927,1780302000,https://www.bilibili.com/video/BV1iuVd6DE1W,http://i2.hdslb.com/bfs/archive/df703cb90d025def034d506f038aa3d4374fa19d.jpg
2026-06-06,2026-06-06 20:35:03,96,BV13HEw6rEhc,116691140873202,接龙游戏开发，但都绷住了,M木糖M,单机游戏,游戏,17,933,838325,1024,648,50908,7064,8863,712,1780630200,https://www.bilibili.com/video/BV13HEw6rEhc,http://i2.hdslb.com/bfs/archive/1083ae38f0917802668505e94ed2fe06226cc58b.jpg
2026-06-06,2026-06-06 20:35:03,97,BV1o77X6pE5B,116686292325622,第一次在芬兰湖泊下笼捕鱼轻松爆桶太炸裂！现捕现吃全鱼宴香翻全家！耗时两个月农家乐改造全记录！,雨琪在芬兰,美食记录,美食,215,1483,689284,4598,1024,45644,32186,5556,399,1780492673,https://www.bilibili.com/video/BV1o77X6pE5B,http://i2.hdslb.com/bfs/archive/f8e91c2222e5019c34318761d7ef27e4b8c62ff1.jpg
2026-06-06,2026-06-06 20:35:03,98,BV1hG7y69Ej2,116698036313694,史上最骚特工(第二集),老番茄,单机游戏,游戏,17,842,854894,2384,1454,73559,25847,18111,1151,1780716600,https://www.bilibili.com/video/BV1hG7y69Ej2,http://i2.hdslb.com/bfs/archive/c4778bfde8d395e0f91e2f746393736302e8205c.jpg
2026-06-06,2026-06-06 20:35:03,99,BV1xZ7k6LESp,116696778084201,“哎呀 我们的主角倒下啦～”,西门小昭,综合,综合,27,30,464399,69,685,93632,5983,37594,1473,1780655400,https://www.bilibili.com/video/BV1xZ7k6LESp,http://i2.hdslb.com/bfs/archive/2c5c6c548ed488771077293e2f7bfcfb435e4744.jpg
2026-06-06,2026-06-06 20:35:03,100,BV1tV7k6LEyH,116697264556028,你或许不认识我 但我唱的歌你或许？？听过？,喵☆酱,翻唱,音乐,31,443,370374,3029,1639,77802,4849,10516,760,1780659262,https://www.bilibili.com/video/BV1tV7k6LEyH,http://i1.hdslb.com/bfs/archive/f27fa302b117dedb6f353c75770d440ca8982c33.jpg
2026-06-06,2026-06-06 21:35:03,1,BV15iEc6VEfH,116691577216788,路边一块，也能变废为宝，雕刻出大家想要的题材我不知道什么时候天才会亮，但我知道，跑着跑着，天就亮了。,小梨家的和田玉,手工,生活,161,220,5358290,3347,10081,203686,6426,19232,3256,1780572193,https://www.bilibili.com/video/BV15iEc6VEfH,http://i2.hdslb.com/bfs/archive/c1597efe82d66a7f728f8bdd84505eff4b7f5ac9.jpg
2026-06-06,2026-06-06 21:35:03,2,BV1Qi7f6eE59,116690805395451,致敬每一个心中有花，努力奔跑的人,爱画画的子衿,亲子,生活,254,313,1551593,3130,3233,212158,105198,13683,3277,1780561800,https://www.bilibili.com/video/BV1Qi7f6eE59,http://i1.hdslb.com/bfs/archive/2c9cc3dd70d264a8473e46b8bebaad7db4d6ef2c.jpg
2026-06-06,2026-06-06 21:35:03,3,BV17GEP6xEDW,116692348832614,新三国up锐评楚汉传奇01：是不是我打开的方式不太对？,吃蛋挞的折棒,影视杂谈,影视,182,1348,1289134,18270,10772,121607,118728,25352,9569,1780624800,https://www.bilibili.com/video/BV17GEP6xEDW,http://i2.hdslb.com/bfs/archive/4e5cd47c8551d2b66643e2800041b7ec2d3bf729.jpg
2026-06-06,2026-06-06 21:35:03,4,BV19ZEF6MEBV,116690117464228,人在干坏事的时候是不怕苦不怕累的,我是易拉爆,日常,生活,21,309,2017822,1291,3504,189103,12908,27385,13248,1780550100,https://www.bilibili.com/video/BV19ZEF6MEBV,http://i2.hdslb.com/bfs/archive/5a3e59dd5183e87d69b1ad3224466b821bf05e23.jpg
2026-06-06,2026-06-06 21:35:03,5,BV13s7z63EjV,116695016477738,《绝区零》3.0新地块实机演示,绝区零,手机游戏,游戏,172,599,1390262,9168,13566,122036,57309,22011,24402,1780624803,https://www.bilibili.com/video/BV13s7z63EjV,http://i0.hdslb.com/bfs/archive/ac132a13aed30f0b83ff50dfb56d83e2e518206a.jpg
2026-06-06,2026-06-06 21:35:03,6,BV1w6EF6QEjZ,116690033778619,不看后悔！史上最神人店家！,转生成为毛毛,美食侦探,美食,212,186,2936651,3613,8296,155039,3923,25872,12540,1780563600,https://www.bilibili.com/video/BV1w6EF6QEjZ,http://i1.hdslb.com/bfs/archive/07cb98d8f59285212c90c7646739a87803bf06c0.jpg
2026-06-06,2026-06-06 21:35:03,7,BV1wEEc6REms,116692097238799,城市大富翁（5）,雨哥到处跑,日常,生活,21,3846,1346021,33334,4805,123755,101366,34073,4554,1780628700,https://www.bilibili.com/video/BV1wEEc6REms,http://i1.hdslb.com/bfs/archive/8628e50dc2e56aec5815c8e3f665d304cfe23d80.jpg
2026-06-06,2026-06-06 21:35:03,8,BV1XQ7Z6eEki,116689412819066,特朗普的愤怒,燕三嘤嘤嘤,人文历史,知识,228,1133,2757722,10506,4707,137708,32916,20143,2621,1780545020,https://www.bilibili.com/video/BV1XQ7Z6eEki,http://i0.hdslb.com/bfs/archive/d106118a7a33e310838a2e387ce511583c5a7a62.jpg
2026-06-06,2026-06-06 21:35:03,9,BV16DVz6UE77,116679229180052,如何拍出电影感大片,喜欢拍照的皮皮,日常,生活,21,60,3538200,334,2115,325501,10694,95560,7844,1780384052,https://www.bilibili.com/video/BV16DVz6UE77,http://i1.hdslb.com/bfs/archive/82ba23d6fb45244f769f8f127cfbe2f51afe67c8.jpg
2026-06-06,2026-06-06 21:35:03,10,BV15C7k6REKC,116697197451293,公测定档7月 | 《遗忘之海》船员集结摇滚MV「燥」,遗忘之海,GMV,GMV,121,205,3400469,917,1386,68699,44773,48499,3619,1780711200,https://www.bilibili.com/video/BV15C7k6REKC,http://i0.hdslb.com/bfs/archive/bef8db958217ad42ed011f4bf5d5d6c1cf3a4bad.jpg
2026-06-06,2026-06-06 21:35:03,11,BV16kV26TES7,116685470175022,当父母说出了正确答案：,进击的金厂长,搞笑,娱乐,138,129,5100041,2120,2180,351750,129843,164421,2667,1780479155,https://www.bilibili.com/video/BV16kV26TES7,http://i0.hdslb.com/bfs/archive/982b25c4ef21fb08f77ae933c89f4b99d5b0c86a.jpg
2026-06-06,2026-06-06 21:35:03,12,BV1sC7R6VEF3,116687181451048,【侯绿萝】视频加载中，速速查收惊喜！,侯绿萝,小剧场,娱乐,85,233,1717871,1369,1345,164532,9413,13557,1674,1780538400,https://www.bilibili.com/video/BV1sC7R6VEF3,http://i0.hdslb.com/bfs/archive/e40df1469a3bc68659f30a77b0e0801ae88938bb.jpg
2026-06-06,2026-06-06 21:35:03,13,BV1XEV26XEsz,116683641455201,冠以破碎之名：第一集 冰潮寒雨之夏,Xavier_白昼,综合,综合,27,1106,1332749,1771,2362,100627,21147,61898,3381,1780451269,https://www.bilibili.com/video/BV1XEV26XEsz,http://i0.hdslb.com/bfs/archive/edb3c2a03146bbc3390581aa30c41b8e3c3ab846.jpg
2026-06-06,2026-06-06 21:35:03,14,BV1kCVU65ERM,116669112386149,初中生斗胆跳一段jam,特崮斯,篮球,运动,235,45,6113064,7485,18006,1183774,191621,124819,18280,1780229707,https://www.bilibili.com/video/BV1kCVU65ERM,http://i1.hdslb.com/bfs/archive/5871a66dc8e356ff71da4a6d99d5922b4a6a3fce.jpg
2026-06-06,2026-06-06 21:35:03,15,BV1vkVB6NEuR,116680252462308,“超微距”下的瑞士长什么样？,影视飓风,娱乐粉丝创作,娱乐,242,1369,3553090,8025,3027,155892,49083,27519,5894,1780477200,https://www.bilibili.com/video/BV1vkVB6NEuR,http://i1.hdslb.com/bfs/archive/5b0c10c80ad8bf4789b41860cadc70e8c144245b.jpg
2026-06-06,2026-06-06 21:35:03,16,BV1cu7r6FEPd,116696023045705,英国，沦为印度殖民地,平原公子,日常,生活,21,463,2116303,8494,6300,141604,5547,14207,12981,1780640137,https://www.bilibili.com/video/BV1cu7r6FEPd,http://i1.hdslb.com/bfs/archive/95ba7fb80bc2a46fc2c8f7ff69a08c57c40ef914.jpg
2026-06-06,2026-06-06 21:35:03,17,BV1df7r6REpB,116695469463690,如何在家制造浓汤宝,嘤武罗,日常,生活,21,501,2732541,2895,2632,135857,34727,31367,1918,1780650000,https://www.bilibili.com/video/BV1df7r6REpB,http://i2.hdslb.com/bfs/archive/94c85d2ebad9002fcbad0c7ef2f3c8a3f1ec6768.jpg
2026-06-06,2026-06-06 21:35:03,18,BV16BVy6wEfx,116682534162276,《你来真的啊》,伤心欲茄222,搞笑,娱乐,138,116,3085155,1223,5153,311419,6102,20511,3645,1780459200,https://www.bilibili.com/video/BV16BVy6wEfx,http://i1.hdslb.com/bfs/archive/f16abe0150882e397bf053e6d7a1e4dced090de1.jpg
2026-06-06,2026-06-06 21:35:03,19,BV1Qt7X61Enn,116686241993999,百万英镑，但素质过低,青时晚,影视剪辑,影视,183,174,1943402,1709,2076,117766,8509,29085,11433,1780490956,https://www.bilibili.com/video/BV1Qt7X61Enn,http://i0.hdslb.com/bfs/archive/1573985b4950f4d1001b3a21a50adab722b0a0f1.jpg
2026-06-06,2026-06-06 21:35:03,20,BV1rg7C6TEUm,116696912369911,一句“一氧化二氢”能钓出多少“读稿机”？,中国食品报融媒体,科学科普,知识,201,291,3356555,4719,15925,140756,10185,17664,11215,1780653928,https://www.bilibili.com/video/BV1rg7C6TEUm,http://i1.hdslb.com/bfs/archive/1081ed32a36e81bee443915a997ed5f2bd56badd.jpg
2026-06-06,2026-06-06 21:35:03,21,BV168796PEv1,116685839403735,如此仙音唯有挠臭,lulu和露爸,喵星人,喵星人,218,26,4337370,14791,5134,545440,14028,105385,22388,1780484850,https://www.bilibili.com/video/BV168796PEv1,http://i1.hdslb.com/bfs/archive/87f3ce4876a2e50e34a2c1b24dfe10ae34700a55.jpg
2026-06-06,2026-06-06 21:35:03,22,BV1mhV26yETL,116683775678542,科比的哲学启示录第十四期,蟹不肉丨,影视剪辑,影视,183,74,5055597,1161,6789,312032,15195,80437,14851,1780453236,https://www.bilibili.com/video/BV1mhV26yETL,http://i0.hdslb.com/bfs/archive/738134aa027bf05aa3f3843c528db81f3d78307d.jpg
2026-06-06,2026-06-06 21:35:03,23,BV1uX7k6UENx,116696761239484,巨构：没有告别,巨构ai,网络游戏,游戏,65,19,1552451,1550,4405,260480,9372,94353,3422,1780651506,https://www.bilibili.com/video/BV1uX7k6UENx,http://i0.hdslb.com/bfs/archive/1422e60b2923b373953bd4ce6433b6f0e91f9501.jpg
2026-06-06,2026-06-06 21:35:03,24,BV1gsEw6zExs,116691040208641,你的高考/中考/期末考belike,哈基mer-猫meme,搞笑,娱乐,138,22,667875,25269,1957,241157,25872,49257,4566,1780564012,https://www.bilibili.com/video/BV1gsEw6zExs,http://i2.hdslb.com/bfs/archive/4f76f8d127f1c6d5a990c89a161f10356e783cd4.jpg
2026-06-06,2026-06-06 21:35:03,25,BV1gWEw6gE4X,116691056987748,“这种没流量的画画最狠了”,像风如你o_O,日常,生活,21,25,2110466,601,3170,263523,7009,22065,1039,1780564358,https://www.bilibili.com/video/BV1gWEw6gE4X,http://i0.hdslb.com/bfs/archive/96621cf035234fbf3c3d6f498d6f4d5eae388c12.jpg
2026-06-06,2026-06-06 21:35:03,26,BV1GHEw6rEo4,116691140875979,无能的杰哥,神威-狗剩,影视剪辑,影视,183,154,2694990,1740,3424,129320,7207,23180,25352,1780565876,https://www.bilibili.com/video/BV1GHEw6rEo4,http://i2.hdslb.com/bfs/archive/0814d03bdf68a6a83cba4b8ba18fa6d58d6de912.jpg
2026-06-06,2026-06-06 21:35:03,27,BV1pDV86oE6S,116657217344637,热烈欢迎薛凯琪！工作之余，Fiona会带哪些让自己感到快乐的东西呢～（录完这期脑海里都是Fifi的笑声,papi酱,短片,动画,256,2017,1068233,9957,4172,112212,44131,14181,6454,1780632000,https://www.bilibili.com/video/BV1pDV86oE6S,http://i2.hdslb.com/bfs/archive/032f4048d6f94c465fc10972289999cf79f2572f.jpg
2026-06-06,2026-06-06 21:35:03,28,BV15wVB6YECT,116678608359768,一顿饭只要三块钱，客人吃着吃着，人就“没了”,瞎通不设计了,美食侦探,美食,212,187,2273786,2422,6218,279131,162178,26361,4036,1780390800,https://www.bilibili.com/video/BV15wVB6YECT,http://i1.hdslb.com/bfs/archive/fd898a754bc3cf4317349a2b3c4394e104417434.jpg
2026-06-06,2026-06-06 21:35:03,29,BV1uXEA6gEMu,116692567070822,“别着急，我来给你补充「偶！像！能！量！」”,小耗owo,手机游戏,游戏,172,80,919057,613,1776,188386,10751,40649,8174,1780624800,https://www.bilibili.com/video/BV1uXEA6gEMu,http://i1.hdslb.com/bfs/archive/64822f49e99e9fb8b41ba5e0f9e06f48d4b76446.jpg
2026-06-06,2026-06-06 21:35:03,30,BV1pnVm6GEQG,116685386483651,“当bro以为自己很有影响力时…”,林宇辉,社科·法律·心理,知识,124,16,862185,454,1927,249601,9878,32099,1198,1780478075,https://www.bilibili.com/video/BV1pnVm6GEQG,http://i1.hdslb.com/bfs/archive/02329b4beff89227f0f34b10ef7ca21a2b920c65.jpg
2026-06-06,2026-06-06 21:35:03,31,BV1jwV663EjR,116679380112598,我的世界杯主题曲！IShowSpeed - World Cup (Champions),ishowspeedsui,竞技体育,运动,236,299,4407876,2351,9971,245936,44423,43309,14473,1780386563,https://www.bilibili.com/video/BV1jwV663EjR,http://i2.hdslb.com/bfs/archive/2807f6a9b9342740dfa8764e7bcc6e231196c94f.jpg
2026-06-06,2026-06-06 21:35:03,32,BV1yiEF6WErx,116690419585062,奶香馒头,夏叔厨房,美食制作,美食,76,76,1583346,880,6897,205803,6845,17731,1074,1780554601,https://www.bilibili.com/video/BV1yiEF6WErx,http://i1.hdslb.com/bfs/archive/82992eb9cddf1a5a5e5e77e481db8626c6005de9.jpg
2026-06-06,2026-06-06 21:35:03,33,BV12R7Q6MEJX,116686543914174,你说你有点难追～,未知艺术家_611,搞笑,娱乐,138,30,2435132,209,1885,226823,2676,22958,3456,1780495648,https://www.bilibili.com/video/BV12R7Q6MEJX,http://i2.hdslb.com/bfs/archive/aeaf33a25e079b26433a425ee56ac24f566861d7.jpg
2026-06-06,2026-06-06 21:35:03,34,BV1W6VZ6MEbd,116674313328609,🍄欠揍气球🍄,纸片马力欧,日常,生活,21,40,3684169,3547,8825,441339,33224,228764,69651,1780309043,https://www.bilibili.com/video/BV1W6VZ6MEbd,http://i0.hdslb.com/bfs/archive/3d18bae01c4fc365d9e7e0ede5efb926e32115ad.jpg
2026-06-06,2026-06-06 21:35:03,35,BV1VWVz6TELx,116679598147712,星际穿越的我，试图提醒过去的自己....,考研英语大雁,校园学习,知识,208,33,2910433,658,2333,375373,8266,48946,6534,1780389685,https://www.bilibili.com/video/BV1VWVz6TELx,http://i0.hdslb.com/bfs/archive/5822709cbd5c2a8a09fabc50bcfdcfc29859f9a1.jpg
2026-06-06,2026-06-06 21:35:03,36,BV1RvVo6QEqo,116674682426936,不儿，你俩来真的啊？！,主持人yoyo酱,搞笑,娱乐,138,265,5619587,15791,12269,672185,509490,121661,14163,1780314627,https://www.bilibili.com/video/BV1RvVo6QEqo,http://i1.hdslb.com/bfs/archive/e8bde3297455f3796e516de2362d5eb1085d9abf.jpg
2026-06-06,2026-06-06 21:35:03,37,BV1PP7C63E2J,116696710912022,《师》我回母校当老师,阿廖沙别害怕_,搞笑,娱乐,138,296,1317761,403,802,134309,3290,9930,438,1780650587,https://www.bilibili.com/video/BV1PP7C63E2J,http://i0.hdslb.com/bfs/archive/b04455fde128b88ff0a92e264778512242510bc9.jpg
2026-06-06,2026-06-06 21:35:03,38,BV1QzVR63E3L,116671930963542,回忆永远都是加分项,央视新闻,日常,生活,21,184,3599493,28337,23867,629176,244021,191261,59485,1780286400,https://www.bilibili.com/video/BV1QzVR63E3L,http://i2.hdslb.com/bfs/archive/f4dc3fe8ea88a450877315e867b4995121d5dbf6.jpg
2026-06-06,2026-06-06 21:35:03,39,BV1jeEc6yE75,116691593992011,《你说谁错谁就错，因为你开迈巴赫》,嘞是唐孃孃,搞笑,娱乐,138,34,2820574,167,1932,216932,2752,14206,1175,1780572588,https://www.bilibili.com/video/BV1jeEc6yE75,http://i0.hdslb.com/bfs/archive/cc74080d84744d7622f9f9dd492a1583e00aaed7.jpg
2026-06-06,2026-06-06 21:35:03,40,BV1xuVC6AEbg,116681426868021,今天把我关于《丧尸清道夫》的创作思路分享给大家，如果能帮到你，我会很开心。,Mx-Shell,影视剪辑,影视,183,2573,1182389,879,1937,70450,28593,72775,10145,1780452000,https://www.bilibili.com/video/BV1xuVC6AEbg,http://i0.hdslb.com/bfs/archive/4a766d587664347016b0288147deb324a2964232.jpg
2026-06-06,2026-06-06 21:35:03,41,BV1hAVm6XEE2,116685570836474,【传奇耐熬王】经典排骨💀60天仍然有5人存活💪到最后拼的就是谁身体好！🤦‍♂️,-超级小能猫-,搞笑,娱乐,138,2617,2197624,13782,2793,82456,17969,40218,3700,1780481719,https://www.bilibili.com/video/BV1hAVm6XEE2,http://i0.hdslb.com/bfs/archive/dc3782f8b522707e818c2537030e1b8893332367.jpg
2026-06-06,2026-06-06 21:35:03,42,BV1WT7C6uEj8,116696878749194,猫 咪 的 花 语 是 老 吴🎵,幾加乘,同人·手书,动画,47,259,1195832,1352,2395,96687,13783,19473,7980,1780653131,https://www.bilibili.com/video/BV1WT7C6uEj8,http://i0.hdslb.com/bfs/archive/ad354ddb8c2e2bf697327dc182835b3d6014f4b1.jpg
2026-06-06,2026-06-06 21:35:03,43,BV1bwV161Er2,116684413209270,【aespa】LEMONNNN,aespa,音乐综合,音乐,130,11,6166575,11665,23256,118761,27766,13759,7308,1780475400,https://www.bilibili.com/video/BV1bwV161Er2,http://i1.hdslb.com/bfs/archive/1e63fbee388c793dc0403c872eefb52a8d7d8615.jpg
2026-06-06,2026-06-06 21:35:03,44,BV1kzVy6hEGb,116682517385619,手绘2000多张沙画，历时3年制作,胡雪朗,绘画,绘画,162,54,791837,769,1457,180274,44535,25731,3803,1780457400,https://www.bilibili.com/video/BV1kzVy6hEGb,http://i0.hdslb.com/bfs/archive/959cf6a92144f70d7339865fe00cd198c4c8da9e.jpg
2026-06-06,2026-06-06 21:35:03,45,BV1R7Ew65ERR,116691124229360,当爸爸找亲戚买手机,刘鸿哥哥,小剧场,娱乐,85,119,2167621,877,2586,147701,1236,7872,1559,1780565630,https://www.bilibili.com/video/BV1R7Ew65ERR,http://i0.hdslb.com/bfs/archive/5e4feb10a7cf9e178bf7e9a619d62843bc5ae8b2.jpg
2026-06-06,2026-06-06 21:35:03,46,BV1yo7B68EHX,116695117207554,《鸣潮》×《赛博朋克：边缘行者》共鸣者战斗演示 | 露西,鸣潮,单机游戏,游戏,17,283,2194767,2262,8158,76510,23360,13409,14265,1780628400,https://www.bilibili.com/video/BV1yo7B68EHX,http://i2.hdslb.com/bfs/archive/61426f2876187b9326f1b732fdea7044e08d7ea3.jpg
2026-06-06,2026-06-06 21:35:03,47,BV1ogV26FEhB,116683943643894,兄弟们！今天给良子做一个入营测试，这身体身体素质，跟我想的不太一样啊!,健身华哥,运动综合,运动,238,246,2756665,4906,60367,128469,3722,7560,14653,1780455998,https://www.bilibili.com/video/BV1ogV26FEhB,http://i1.hdslb.com/bfs/archive/0ef39901811fd5680c39a67445609ba38a9560c2.jpg
2026-06-06,2026-06-06 21:35:03,48,BV1bV7k6LExn,116697264560365,再见！一系列！高考必胜！,一数,校园学习,知识,208,193,648949,24112,12401,69270,27896,14301,4854,1780659292,https://www.bilibili.com/video/BV1bV7k6LExn,http://i2.hdslb.com/bfs/archive/5df66240b2b71ca2bc6ce697e929657b1b1df5a4.jpg
2026-06-06,2026-06-06 21:35:03,49,BV1MG7961Efg,116685688276783,下 一 个 抓 谁 ！！！,啊吗粽,搞笑,娱乐,138,586,1347744,4316,2241,120555,58595,22322,2931,1780482465,https://www.bilibili.com/video/BV1MG7961Efg,http://i2.hdslb.com/bfs/archive/55e9b58ea3d6a84a655b0d2607bb6ff7e31c6d34.jpg
2026-06-06,2026-06-06 21:35:03,50,BV1aFVm6REvY,116685537281059,蜘蛛糸モノポリー,苏酥鱼鱼喵,MMD·3D,动画,25,113,618950,172,1382,122769,4872,45295,3542,1780480166,https://www.bilibili.com/video/BV1aFVm6REvY,http://i0.hdslb.com/bfs/archive/43aeddbc4a47c5117090dc56e61b94bb7a858ec0.jpg
2026-06-06,2026-06-06 21:35:03,51,BV1L7Ew65ETv,116691124098703,我养护的石拱桥，已经被国家收录为不可移动文物！,抓紧长长长呀,三农,生活,251,604,1508087,1028,1952,110704,6341,7892,425,1780565746,https://www.bilibili.com/video/BV1L7Ew65ETv,http://i1.hdslb.com/bfs/archive/56f52737bc566db19c5316ccdcc3b87cc81709e0.jpg
2026-06-06,2026-06-06 21:35:03,52,BV1LLVU6eE1t,116684782373820,你到底娶不娶我…,ENX叉叉酱,同人·手书,动画,47,77,880620,1296,6790,166319,9671,16738,4610,1780484400,https://www.bilibili.com/video/BV1LLVU6eE1t,http://i0.hdslb.com/bfs/archive/cffaf3db4947fd6d7956bd49b83dcea884c3307b.jpg
2026-06-06,2026-06-06 21:35:03,53,BV1F7716gE1d,116697667213269,不降 |《归唐》夏日游戏节剧情初窥预告,归唐,单机游戏,游戏,17,195,3878203,1814,6604,92265,2774,9180,5087,1780694417,https://www.bilibili.com/video/BV1F7716gE1d,http://i1.hdslb.com/bfs/archive/ee1e7f11e5576321abd715ef6582c5b5fe323c2d.jpg
2026-06-06,2026-06-06 21:35:03,54,BV1EwEF62EhA,116690721443492,当校长挑选教室地板时,Cheems电玩屋,日常,生活,21,18,4102000,684,3904,169935,563,6134,395,1780559484,https://www.bilibili.com/video/BV1EwEF62EhA,http://i0.hdslb.com/bfs/archive/8916553504d48aec3ba5ad2bdfeec5fcf7eefc1c.jpg
2026-06-06,2026-06-06 21:35:03,55,BV1gzVC6kE1S,116683507243907,【低成本在家实现牛排自由‼️ 】,村驴,美食制作,美食,76,329,941984,574,2349,89703,8587,67238,9451,1780449310,https://www.bilibili.com/video/BV1gzVC6kE1S,http://i0.hdslb.com/bfs/archive/005d3e68934a884c17ab0f89f1daac2ae9982f39.jpg
2026-06-06,2026-06-06 21:35:03,56,BV1xU7f6xEjt,116690939546284,CF单机叙事续作——《穿越火线：潜伏》实机首曝,穿越火线潜伏,单机游戏,游戏,17,308,2935055,965,3285,79218,5136,14806,8315,1780696800,https://www.bilibili.com/video/BV1xU7f6xEjt,http://i0.hdslb.com/bfs/archive/140a4abb0c80a2aa1e7cb7126c978567b667ed12.jpg
2026-06-06,2026-06-06 21:35:03,57,BV1DB7f6AEBK,116690989942959,最 不 物 质 之 人,张八筒筒,日常,生活,21,127,1892248,784,811,148702,1293,7206,694,1780563943,https://www.bilibili.com/video/BV1DB7f6AEBK,http://i1.hdslb.com/bfs/archive/612e05a8e02454bd4e3723991d4808f061b1c188.jpg
2026-06-06,2026-06-06 21:35:03,58,BV1nWVm6uEqb,116685285624503,我吃牛瘪火锅 结果买错牛胃了,张离谱Dreams,搞笑,娱乐,138,97,1996637,1053,2857,132962,2131,36158,9710,1780476405,https://www.bilibili.com/video/BV1nWVm6uEqb,http://i0.hdslb.com/bfs/archive/6f4f02f224993a1933f3e515e84d84edb5ca3808.jpg
2026-06-06,2026-06-06 21:35:03,59,BV1cmVz6DEmi,116679329712224,初代跑男团战力排行,东方日出哇,特摄,动画,86,600,2144935,5452,3457,174298,7953,22695,4188,1780385423,https://www.bilibili.com/video/BV1cmVz6DEmi,http://i0.hdslb.com/bfs/archive/ee051686685860fea8d8721ddf5c5d7f35a85e5f.jpg
2026-06-06,2026-06-06 21:35:03,60,BV1vEEP6HEFw,116692281789801,2025年出货量370万台！激光雷达真成“安全气囊”了？,保镖的车库,新能源车,新能源车,247,606,1307931,469,594,91361,2719,10484,365,1780653900,https://www.bilibili.com/video/BV1vEEP6HEFw,http://i1.hdslb.com/bfs/archive/76872e6b743f73527ee70c89a75c39214a868540.jpg
2026-06-06,2026-06-06 21:35:03,61,BV1797X6ZEvW,116686158038804,真跳60分钟，天台暴晒也算时间哦,矮乐多Aliga,日常,生活,21,3639,1133189,1050,1665,62634,12414,22025,2515,1780490050,https://www.bilibili.com/video/BV1797X6ZEvW,http://i0.hdslb.com/bfs/archive/51a11a46ff9c8a78cf19a5444bd1f18bb0099c9d.jpg
2026-06-06,2026-06-06 21:35:03,62,BV18qVr6KEk8,116680554519472,一个投了3万元必火的视频,奥利奥利奥是1,日常,生活,21,46,938261,1644,8017,231460,21006,25071,4332,1780405200,https://www.bilibili.com/video/BV18qVr6KEk8,http://i0.hdslb.com/bfs/archive/0c023b00bd1d3a694bdd40c9d19039f1436532b1.jpg
2026-06-06,2026-06-06 21:35:03,63,BV1uE7d6JEAp,116688674624635,啥龙：医生说我只剩几天了……,小陈的脚凑凑的,日常,生活,21,181,980704,1159,1580,70575,5819,16855,3465,1780528049,https://www.bilibili.com/video/BV1uE7d6JEAp,http://i1.hdslb.com/bfs/archive/e92886e4f49270b6f1a24481e0b0851d64e70fc4.jpg
2026-06-06,2026-06-06 21:35:03,64,BV1JKEw6QEw9,116691509970719,我读了你们的评论 把阎王召唤出来了T_T,汤木檀泽,日常,生活,21,959,1711858,1404,1571,105291,6064,16087,496,1780571268,https://www.bilibili.com/video/BV1JKEw6QEw9,http://i1.hdslb.com/bfs/archive/0b6c7ccb214b6211a4cf9a8741eb473536e42587.jpg
2026-06-06,2026-06-06 21:35:03,65,BV1L8Gq6aEVt,116622471922186,评论区摄影大赛直击人心篇开启，欢迎投稿好的作品会让更多人看到。,摄影恩哥,日常,生活,21,137,936984,344,3295,124239,1008,7845,170,1780651800,https://www.bilibili.com/video/BV1L8Gq6aEVt,http://i0.hdslb.com/bfs/archive/d3eeaf9390b7eb77f3e8017f5ee769d473203355.jpg
2026-06-06,2026-06-06 21:35:03,66,BV1idV26bE2E,116685654921483,宗元舞2.0紧绷之人3,是柳宗元,电子竞技,游戏,171,51,1641156,428,1074,174914,3624,21774,3435,1780481914,https://www.bilibili.com/video/BV1idV26bE2E,http://i2.hdslb.com/bfs/archive/395efa2aefe284345f5e64ce17985d0467cd2247.jpg
2026-06-06,2026-06-06 21:35:03,67,BV1T9Vm6UE2N,116684681647760,《古剑》3分钟战斗实机 | 线下试玩招募开启,古剑,单机游戏,游戏,17,168,2486177,2676,8178,45604,22988,11372,18044,1780698215,https://www.bilibili.com/video/BV1T9Vm6UE2N,http://i0.hdslb.com/bfs/archive/d18a0e2a80905c1a2bfe0d000c3ca47aa1548899.jpg
2026-06-06,2026-06-06 21:35:03,68,BV1jLVU6eEXE,116684782377667,可不可以买三十块烧腊？,食深烧腊,美食测评,美食,213,99,1051586,768,2216,122772,71617,5465,579,1780468779,https://www.bilibili.com/video/BV1jLVU6eEXE,http://i1.hdslb.com/bfs/archive/62b6a42513640bcbd689b2a89fb9b999a1205332.jpg
2026-06-06,2026-06-06 21:35:03,69,BV15z766SE1A,116696341812776,假如高考什么都可以带,小安苒AIGC,校园学习,知识,208,177,2053372,2428,2299,85882,2110,6331,1525,1780646400,https://www.bilibili.com/video/BV15z766SE1A,http://i2.hdslb.com/bfs/archive/ed743a6a86446310a9957bce92faa671a082a6d8.jpg
2026-06-06,2026-06-06 21:35:03,70,BV1Ja7k6AE1b,116697063235411,我又给花朵加了个开关！,是玉木呀,设计·创意,设计·创意,229,104,672010,376,583,114585,12085,22532,2164,1780656042,https://www.bilibili.com/video/BV1Ja7k6AE1b,http://i0.hdslb.com/bfs/archive/c05470a618fc67ee60cb9df153eb5ad6d3c8ce08.jpg
2026-06-06,2026-06-06 21:35:03,71,BV1F9Vz62ExS,116679262606457,一辈子一定要体验一次的游戏，绝对不能被剧透的神作,易铭小疯子,网络游戏,游戏,65,537,1098990,5221,8649,62949,8033,68577,4155,1780403895,https://www.bilibili.com/video/BV1F9Vz62ExS,http://i2.hdslb.com/bfs/archive/d453d6bbde6ccd80f0fd714edde7b754c3e5255e.jpg
2026-06-06,2026-06-06 21:35:03,72,BV1ps796qErr,116685822560107,谁在等谁的出现,为了我活下去,综合,综合,27,36,588893,291,1583,178972,8978,28942,2091,1780484521,https://www.bilibili.com/video/BV1ps796qErr,http://i1.hdslb.com/bfs/archive/49a476c711b1d61ec7ffa37684a398ddb857435a.jpg
2026-06-06,2026-06-06 21:35:03,73,BV1Nk7X6TEnq,116686023955827,半个小孩，全部的妈妈,超级猫猫兽,同人·手书,动画,47,483,1559987,1756,4789,128342,20290,56116,4689,1780487705,https://www.bilibili.com/video/BV1Nk7X6TEnq,http://i0.hdslb.com/bfs/archive/25cb3d6f6dd951590c71a8ea993463455554b0c6.jpg
2026-06-06,2026-06-06 21:35:03,74,BV1xdEc6bEcK,116691426088191,肉食脑袋的硬菜局！爆辣猪蹄+火锅鸡泡面香迷糊,方芳的快乐生活,美食侦探,美食,212,1134,1602920,1419,780,77902,9510,13240,2601,1780571551,https://www.bilibili.com/video/BV1xdEc6bEcK,http://i1.hdslb.com/bfs/archive/bdc078c74f5e0987fffca10262d6ced73d562c27.jpg
2026-06-06,2026-06-06 21:35:03,75,BV1LCV66VE45,116680873346829,剥蒜的情谊147.0,NinthA-,网络游戏,游戏,65,147,1785141,765,826,128734,1661,21472,1693,1780455600,https://www.bilibili.com/video/BV1LCV66VE45,http://i1.hdslb.com/bfs/archive/21d74a2ecc26d0c95ecd1e1af6e84bf567bf37c9.jpg
2026-06-06,2026-06-06 21:35:03,76,BV1usEw6zEiy,116691040210390,【餐馆TV】UP今天发烧了……作品会不会受影响啊,大乾乾是顾乾宇,小剧场,娱乐,85,141,860444,1497,2554,97517,2927,11707,6795,1780564633,https://www.bilibili.com/video/BV1usEw6zEiy,http://i1.hdslb.com/bfs/archive/6d69be5e1f22dec4058e90f795df2ff7c21e4a91.jpg
2026-06-06,2026-06-06 21:35:03,77,BV1r6V26BE9i,116685486949496,《上海奥特曼4：沪特曼集结！》,册那队长,小剧场,娱乐,85,53,3043044,987,5490,136481,9967,19434,31142,1780479544,https://www.bilibili.com/video/BV1r6V26BE9i,http://i0.hdslb.com/bfs/archive/a062cb9d7991230d0d7287d7d8fd5bead9ec6788.jpg
2026-06-06,2026-06-06 21:35:03,78,BV1uX7k6UEPn,116696761239539,把硬装的喊过来！,脱缰凯Kk,小剧场,娱乐,85,219,1070994,1438,1448,80529,2411,8532,558,1780651876,https://www.bilibili.com/video/BV1uX7k6UEPn,http://i1.hdslb.com/bfs/archive/1a5306b127f7814fe75bc726966f0f675fcb7e33.jpg
2026-06-06,2026-06-06 21:35:03,79,BV1Qb7R6XECX,116687064072844,⚡冷 笑 话 大 全 6.0⚡,污污云,鬼畜调教,鬼畜,22,66,1265263,172,930,93049,1713,37846,4643,1780545600,https://www.bilibili.com/video/BV1Qb7R6XECX,http://i2.hdslb.com/bfs/archive/edf5ec9306bef71931b52d5b0a961e13f1ecc966.jpg
2026-06-06,2026-06-06 21:35:03,80,BV1edV26tEsB,116685654722666,复仇整蛊！蛋黄派伪装摄影师突袭周深，几秒就被识破？,记录生活的蛋黄派,美食测评,美食,213,556,3175536,7352,2930,100193,29863,47349,3888,1780565400,https://www.bilibili.com/video/BV1edV26tEsB,http://i2.hdslb.com/bfs/archive/a16b60bc03719059e3218dee538877f554f3f9b4.jpg
2026-06-06,2026-06-06 21:35:03,81,BV1f3VU6KEqy,116684832644044,"从""健身芭比""到""女企业家""，帕梅拉有多会""赚""？",小Lin说,财经商业,知识,207,1745,2015592,1771,1487,55447,10605,18378,3404,1780479000,https://www.bilibili.com/video/BV1f3VU6KEqy,http://i0.hdslb.com/bfs/archive/ad9df863f29ccc8f07472fc5234c04740f6ee4b3.jpg
2026-06-06,2026-06-06 21:35:03,82,BV15W7C6tEyc,116696425766532,送你一片夕阳！,困雀雀,仿妆cos,时尚,252,36,454983,115,1864,139637,6750,24296,2021,1780646468,https://www.bilibili.com/video/BV15W7C6tEyc,http://i2.hdslb.com/bfs/archive/86973af2078693bfe5fc81d4dae783648e7fb904.jpg
2026-06-06,2026-06-06 21:35:03,83,BV1oqVB6BECd,116680034425733,《原神》洛恩角色PV——「标准化考核」,原神,手机游戏,游戏,172,702,1775722,8266,5971,147625,37079,32045,11613,1780459200,https://www.bilibili.com/video/BV1oqVB6BECd,http://i2.hdslb.com/bfs/archive/f040c8f664a034a919aee60209ef17c155dbe2df.jpg
2026-06-06,2026-06-06 21:35:03,84,BV1XS796JETP,116687701545253,"""见过花开就好 何必在意花为谁开""19.0",我爱吃派大星,音乐综合,音乐,130,163,1306176,603,1145,72251,918,8304,430,1780532400,https://www.bilibili.com/video/BV1XS796JETP,http://i1.hdslb.com/bfs/archive/29288eae5b7e0f9e2243fa9682885eab8981887d.jpg
2026-06-06,2026-06-06 21:35:03,85,BV1BqVS6MEL8,116668592363308,欢迎来到304班娃娃店,蟹上皇呀,日常,生活,21,114,2605674,1349,4635,278173,15619,115937,17430,1780221495,https://www.bilibili.com/video/BV1BqVS6MEL8,http://i1.hdslb.com/bfs/archive/9efeef607e818a1f01d4a5f1009a80d45ffcb333.jpg
2026-06-06,2026-06-06 21:35:03,86,BV1JAEw69EUS,116691342200777,生完宝宝之后我再也不敢得罪我老公了，因为……,笑哥走丢了a,亲子,生活,254,89,1672511,675,5434,125190,2031,5489,1279,1780568869,https://www.bilibili.com/video/BV1JAEw69EUS,http://i2.hdslb.com/bfs/archive/2496ecbfca22198efdffe5b1855ea840b90edb2a.jpg
2026-06-06,2026-06-06 21:35:03,87,BV1ZUEF65EzU,116690016801808,论画手的高三生活有多燃！,圆脸面包人,绘画,绘画,162,141,719613,302,589,85405,3057,12592,1699,1780548385,https://www.bilibili.com/video/BV1ZUEF65EzU,http://i2.hdslb.com/bfs/archive/d2c74006b8fe69158c1e24fb31690a791ce674d0.jpg
2026-06-06,2026-06-06 21:35:03,88,BV16sEc6SEwE,116692030070649,班级里的某些努力姐belike：,不懂爱的喵,AI音乐,AI音乐,265,81,1918860,475,4207,114369,497,8704,3662,1780579469,https://www.bilibili.com/video/BV16sEc6SEwE,http://i2.hdslb.com/bfs/archive/711ed87052e442f67c408a6e4e372e876c02a3f0.jpg
2026-06-06,2026-06-06 21:35:03,89,BV1MtEF6fEga,116690436233152,全国男生统一迷惑行为,王小洋-已黑化,日常,生活,21,446,764614,2376,1712,63364,1367,11377,1771,1780567200,https://www.bilibili.com/video/BV1MtEF6fEga,http://i1.hdslb.com/bfs/archive/696e0beeae3b0520b2aeae3a4aa24c0eeb689fcd.jpg
2026-06-06,2026-06-06 21:35:03,90,BV1hG7y69Ej2,116698036313694,史上最骚特工(第二集),老番茄,单机游戏,游戏,17,842,959834,2468,1487,79556,27450,20113,1221,1780716600,https://www.bilibili.com/video/BV1hG7y69Ej2,http://i2.hdslb.com/bfs/archive/c4778bfde8d395e0f91e2f746393736302e8205c.jpg
2026-06-06,2026-06-06 21:35:03,91,BV1uTEc6AEzV,116691963025070,以为这次断更，会是永别,ONLee_Studio,日常,生活,21,211,905500,1715,2483,60456,20778,4126,887,1780578368,https://www.bilibili.com/video/BV1uTEc6AEzV,http://i0.hdslb.com/bfs/archive/65223f1fb3bbe6f7b6e2b1e84b56584802350ec6.jpg
2026-06-06,2026-06-06 21:35:03,92,BV12QEc6wETE,116691744917719,“我想我再也不会谈恋爱了”,柯洁,影视剪辑,影视,183,34,1307915,854,4363,139457,5595,6613,6063,1780574976,https://www.bilibili.com/video/BV12QEc6wETE,http://i0.hdslb.com/bfs/archive/47071584488230edc82fe88b8fe9b87eb57cd115.jpg
2026-06-06,2026-06-06 21:35:03,93,BV1G1VB6PEro,116680286144492,今天的员工够燥的~#异宠 #爬宠 #慢宠时钟 #萌宠,慢宠日记啊,日常,生活,21,79,3634303,676,3599,144743,1827,10523,6781,1780400126,https://www.bilibili.com/video/BV1G1VB6PEro,http://i0.hdslb.com/bfs/archive/816ee56ee784d2ccfe8c14d2289cfa7fa2839d73.jpg
2026-06-06,2026-06-06 21:35:03,94,BV1rMVz67EMs,116679967312875,开关灯木头人挑战！,酱油白米饭原创,小剧场,娱乐,85,99,3776498,557,732,134180,2895,38683,3662,1780395433,https://www.bilibili.com/video/BV1rMVz67EMs,http://i0.hdslb.com/bfs/archive/b909eaaf95648e5156635c9c1afd57ac6da69f64.jpg
2026-06-06,2026-06-06 21:35:03,95,BV1yc7r6vE1C,116695905734805,关于我18岁为什么不去参加高考,我不是赤寒,日常,生活,21,126,900100,1092,5424,101054,5140,10817,1440,1780638439,https://www.bilibili.com/video/BV1yc7r6vE1C,http://i1.hdslb.com/bfs/archive/294ac25c415d3dcaf5c46bbc02fb5df23da86784.jpg
2026-06-06,2026-06-06 21:35:03,96,BV13HEw6rEhc,116691140873202,接龙游戏开发，但都绷住了,M木糖M,单机游戏,游戏,17,933,884962,1058,667,52605,7279,9205,751,1780630200,https://www.bilibili.com/video/BV13HEw6rEhc,http://i2.hdslb.com/bfs/archive/1083ae38f0917802668505e94ed2fe06226cc58b.jpg
2026-06-06,2026-06-06 21:35:03,97,BV1xZ7k6LESp,116696778084201,“哎呀 我们的主角倒下啦～”,西门小昭,综合,综合,27,30,486259,76,713,97286,6238,39115,1556,1780655400,https://www.bilibili.com/video/BV1xZ7k6LESp,http://i2.hdslb.com/bfs/archive/2c5c6c548ed488771077293e2f7bfcfb435e4744.jpg
2026-06-06,2026-06-06 21:35:03,98,BV1iuVd6DE1W,116673742902632,【完结自制短片】工人嫌魏海每天抽50太黑心，转头跟不抽成老板干活，女儿进ICU才知道那50是救命钱,唒唒漫画咯,综合,综合,27,3268,1251421,96,143,95328,5926,19471,1956,1780302000,https://www.bilibili.com/video/BV1iuVd6DE1W,http://i2.hdslb.com/bfs/archive/df703cb90d025def034d506f038aa3d4374fa19d.jpg
2026-06-06,2026-06-06 21:35:03,99,BV1tV7k6LEyH,116697264556028,你或许不认识我 但我唱的歌你或许？？听过？,喵☆酱,翻唱,音乐,31,443,384206,3239,1689,80578,5012,10906,783,1780659262,https://www.bilibili.com/video/BV1tV7k6LEyH,http://i1.hdslb.com/bfs/archive/f27fa302b117dedb6f353c75770d440ca8982c33.jpg
2026-06-06,2026-06-06 21:35:03,100,BV19J7r6HEV7,116695704276560,咕嘎吃掉了整个幼儿园的伙食,咕咕嘎画,搞笑,娱乐,138,46,1368662,116,1007,101753,4829,14339,2821,1780635229,https://www.bilibili.com/video/BV19J7r6HEV7,http://i0.hdslb.com/bfs/archive/6f27e7f3c76289f0fac5ed16261338d0a6c2d5f2.jpg
2026-06-06,2026-06-06 22:35:04,1,BV15iEc6VEfH,116691577216788,路边一块，也能变废为宝，雕刻出大家想要的题材我不知道什么时候天才会亮，但我知道，跑着跑着，天就亮了。,小梨家的和田玉,手工,生活,161,220,5399641,3389,10157,205297,6522,19416,3293,1780572193,https://www.bilibili.com/video/BV15iEc6VEfH,http://i2.hdslb.com/bfs/archive/c1597efe82d66a7f728f8bdd84505eff4b7f5ac9.jpg
2026-06-06,2026-06-06 22:35:04,2,BV1Qi7f6eE59,116690805395451,致敬每一个心中有花，努力奔跑的人,爱画画的子衿,亲子,生活,254,313,1567110,3150,3269,214172,106353,13847,3326,1780561800,https://www.bilibili.com/video/BV1Qi7f6eE59,http://i1.hdslb.com/bfs/archive/2c9cc3dd70d264a8473e46b8bebaad7db4d6ef2c.jpg
2026-06-06,2026-06-06 22:35:04,3,BV17GEP6xEDW,116692348832614,新三国up锐评楚汉传奇01：是不是我打开的方式不太对？,吃蛋挞的折棒,影视杂谈,影视,182,1348,1307082,18449,10878,122746,119641,25600,9648,1780624800,https://www.bilibili.com/video/BV17GEP6xEDW,http://i2.hdslb.com/bfs/archive/4e5cd47c8551d2b66643e2800041b7ec2d3bf729.jpg
2026-06-06,2026-06-06 22:35:04,4,BV19ZEF6MEBV,116690117464228,人在干坏事的时候是不怕苦不怕累的,我是易拉爆,日常,生活,21,309,2029972,1308,3564,190489,13077,27702,13398,1780550100,https://www.bilibili.com/video/BV19ZEF6MEBV,http://i2.hdslb.com/bfs/archive/5a3e59dd5183e87d69b1ad3224466b821bf05e23.jpg
2026-06-06,2026-06-06 22:35:04,5,BV13s7z63EjV,116695016477738,《绝区零》3.0新地块实机演示,绝区零,手机游戏,游戏,172,599,1399747,9220,13566,122498,57470,22084,24477,1780624803,https://www.bilibili.com/video/BV13s7z63EjV,http://i0.hdslb.com/bfs/archive/ac132a13aed30f0b83ff50dfb56d83e2e518206a.jpg
2026-06-06,2026-06-06 22:35:04,6,BV1w6EF6QEjZ,116690033778619,不看后悔！史上最神人店家！,转生成为毛毛,美食侦探,美食,212,186,2971358,3644,8361,156756,3982,26231,12703,1780563600,https://www.bilibili.com/video/BV1w6EF6QEjZ,http://i1.hdslb.com/bfs/archive/07cb98d8f59285212c90c7646739a87803bf06c0.jpg
2026-06-06,2026-06-06 22:35:04,7,BV1wEEc6REms,116692097238799,城市大富翁（5）,雨哥到处跑,日常,生活,21,3846,1367677,33728,4846,125262,102658,34444,4587,1780628700,https://www.bilibili.com/video/BV1wEEc6REms,http://i1.hdslb.com/bfs/archive/8628e50dc2e56aec5815c8e3f665d304cfe23d80.jpg
2026-06-06,2026-06-06 22:35:04,8,BV1XQ7Z6eEki,116689412819066,特朗普的愤怒,燕三嘤嘤嘤,人文历史,知识,228,1133,2774735,10549,4736,138341,33076,20209,2637,1780545020,https://www.bilibili.com/video/BV1XQ7Z6eEki,http://i0.hdslb.com/bfs/archive/d106118a7a33e310838a2e387ce511583c5a7a62.jpg
2026-06-06,2026-06-06 22:35:04,9,BV16DVz6UE77,116679229180052,如何拍出电影感大片,喜欢拍照的皮皮,日常,生活,21,60,3572726,335,2133,329154,10924,96621,7940,1780384052,https://www.bilibili.com/video/BV16DVz6UE77,http://i1.hdslb.com/bfs/archive/82ba23d6fb45244f769f8f127cfbe2f51afe67c8.jpg
2026-06-06,2026-06-06 22:35:04,10,BV15C7k6REKC,116697197451293,公测定档7月 | 《遗忘之海》船员集结摇滚MV「燥」,遗忘之海,GMV,GMV,121,205,3558661,922,1443,76115,54846,53931,3690,1780711200,https://www.bilibili.com/video/BV15C7k6REKC,http://i0.hdslb.com/bfs/archive/bef8db958217ad42ed011f4bf5d5d6c1cf3a4bad.jpg
2026-06-06,2026-06-06 22:35:04,11,BV16kV26TES7,116685470175022,当父母说出了正确答案：,进击的金厂长,搞笑,娱乐,138,129,5173161,2149,2200,356025,131359,166444,2696,1780479155,https://www.bilibili.com/video/BV16kV26TES7,http://i0.hdslb.com/bfs/archive/982b25c4ef21fb08f77ae933c89f4b99d5b0c86a.jpg
2026-06-06,2026-06-06 22:35:04,12,BV1sC7R6VEF3,116687181451048,【侯绿萝】视频加载中，速速查收惊喜！,侯绿萝,小剧场,娱乐,85,233,1736111,1383,1356,166376,9515,13728,1688,1780538400,https://www.bilibili.com/video/BV1sC7R6VEF3,http://i0.hdslb.com/bfs/archive/e40df1469a3bc68659f30a77b0e0801ae88938bb.jpg
2026-06-06,2026-06-06 22:35:04,13,BV1XEV26XEsz,116683641455201,冠以破碎之名：第一集 冰潮寒雨之夏,Xavier_白昼,综合,综合,27,1106,1336974,1778,2368,101019,21259,62183,3391,1780451269,https://www.bilibili.com/video/BV1XEV26XEsz,http://i0.hdslb.com/bfs/archive/edb3c2a03146bbc3390581aa30c41b8e3c3ab846.jpg
2026-06-06,2026-06-06 22:35:04,14,BV1kCVU65ERM,116669112386149,初中生斗胆跳一段jam,特崮斯,篮球,运动,235,45,6152597,7749,18109,1191131,192854,125761,18403,1780229707,https://www.bilibili.com/video/BV1kCVU65ERM,http://i1.hdslb.com/bfs/archive/5871a66dc8e356ff71da4a6d99d5922b4a6a3fce.jpg
2026-06-06,2026-06-06 22:35:04,15,BV1vkVB6NEuR,116680252462308,“超微距”下的瑞士长什么样？,影视飓风,娱乐粉丝创作,娱乐,242,1369,3566038,8071,3030,156546,49330,27639,5926,1780477200,https://www.bilibili.com/video/BV1vkVB6NEuR,http://i1.hdslb.com/bfs/archive/5b0c10c80ad8bf4789b41860cadc70e8c144245b.jpg
2026-06-06,2026-06-06 22:35:04,16,BV1cu7r6FEPd,116696023045705,英国，沦为印度殖民地,平原公子,日常,生活,21,463,2160601,8721,6405,144494,5704,14582,13313,1780640137,https://www.bilibili.com/video/BV1cu7r6FEPd,http://i1.hdslb.com/bfs/archive/95ba7fb80bc2a46fc2c8f7ff69a08c57c40ef914.jpg
2026-06-06,2026-06-06 22:35:04,17,BV1df7r6REpB,116695469463690,如何在家制造浓汤宝,嘤武罗,日常,生活,21,501,2831126,2977,2706,140093,35679,32346,1977,1780650000,https://www.bilibili.com/video/BV1df7r6REpB,http://i2.hdslb.com/bfs/archive/94c85d2ebad9002fcbad0c7ef2f3c8a3f1ec6768.jpg
2026-06-06,2026-06-06 22:35:04,18,BV16BVy6wEfx,116682534162276,《你来真的啊》,伤心欲茄222,搞笑,娱乐,138,116,3105781,1233,5174,313481,6133,20681,3675,1780459200,https://www.bilibili.com/video/BV16BVy6wEfx,http://i1.hdslb.com/bfs/archive/f16abe0150882e397bf053e6d7a1e4dced090de1.jpg
2026-06-06,2026-06-06 22:35:04,19,BV1Qt7X61Enn,116686241993999,百万英镑，但素质过低,青时晚,影视剪辑,影视,183,174,1972666,1724,2105,119501,8706,29577,11640,1780490956,https://www.bilibili.com/video/BV1Qt7X61Enn,http://i0.hdslb.com/bfs/archive/1573985b4950f4d1001b3a21a50adab722b0a0f1.jpg
2026-06-06,2026-06-06 22:35:04,20,BV1rg7C6TEUm,116696912369911,一句“一氧化二氢”能钓出多少“读稿机”？,中国食品报融媒体,科学科普,知识,201,291,3436338,4815,16223,143612,10458,18108,11467,1780653928,https://www.bilibili.com/video/BV1rg7C6TEUm,http://i1.hdslb.com/bfs/archive/1081ed32a36e81bee443915a997ed5f2bd56badd.jpg
2026-06-06,2026-06-06 22:35:04,21,BV168796PEv1,116685839403735,如此仙音唯有挠臭,lulu和露爸,喵星人,喵星人,218,26,4401371,15153,5213,553273,14433,107062,22751,1780484850,https://www.bilibili.com/video/BV168796PEv1,http://i1.hdslb.com/bfs/archive/87f3ce4876a2e50e34a2c1b24dfe10ae34700a55.jpg
2026-06-06,2026-06-06 22:35:04,22,BV1mhV26yETL,116683775678542,科比的哲学启示录第十四期,蟹不肉丨,影视剪辑,影视,183,74,5085531,1168,6828,313867,15320,81171,14915,1780453236,https://www.bilibili.com/video/BV1mhV26yETL,http://i0.hdslb.com/bfs/archive/738134aa027bf05aa3f3843c528db81f3d78307d.jpg
2026-06-06,2026-06-06 22:35:04,23,BV1uX7k6UENx,116696761239484,巨构：没有告别,巨构ai,网络游戏,游戏,65,19,1645355,1900,4481,278571,10243,99713,3708,1780651506,https://www.bilibili.com/video/BV1uX7k6UENx,http://i0.hdslb.com/bfs/archive/1422e60b2923b373953bd4ce6433b6f0e91f9501.jpg
2026-06-06,2026-06-06 22:35:04,24,BV1gsEw6zExs,116691040208641,你的高考/中考/期末考belike,哈基mer-猫meme,搞笑,娱乐,138,22,682117,25741,2018,246090,26583,50244,4670,1780564012,https://www.bilibili.com/video/BV1gsEw6zExs,http://i2.hdslb.com/bfs/archive/4f76f8d127f1c6d5a990c89a161f10356e783cd4.jpg
2026-06-06,2026-06-06 22:35:04,25,BV1gWEw6gE4X,116691056987748,“这种没流量的画画最狠了”,像风如你o_O,日常,生活,21,25,2121581,606,3191,264636,7082,22187,1043,1780564358,https://www.bilibili.com/video/BV1gWEw6gE4X,http://i0.hdslb.com/bfs/archive/96621cf035234fbf3c3d6f498d6f4d5eae388c12.jpg
2026-06-06,2026-06-06 22:35:04,26,BV1GHEw6rEo4,116691140875979,无能的杰哥,神威-狗剩,影视剪辑,影视,183,154,2701947,1760,3440,129828,7250,23290,25492,1780565876,https://www.bilibili.com/video/BV1GHEw6rEo4,http://i2.hdslb.com/bfs/archive/0814d03bdf68a6a83cba4b8ba18fa6d58d6de912.jpg
2026-06-06,2026-06-06 22:35:04,27,BV1pDV86oE6S,116657217344637,热烈欢迎薛凯琪！工作之余，Fiona会带哪些让自己感到快乐的东西呢～（录完这期脑海里都是Fifi的笑声,papi酱,短片,动画,256,2017,1090337,10060,4234,114003,44825,14375,6544,1780632000,https://www.bilibili.com/video/BV1pDV86oE6S,http://i2.hdslb.com/bfs/archive/032f4048d6f94c465fc10972289999cf79f2572f.jpg
2026-06-06,2026-06-06 22:35:04,28,BV15wVB6YECT,116678608359768,一顿饭只要三块钱，客人吃着吃着，人就“没了”,瞎通不设计了,美食侦探,美食,212,187,2302860,2430,6251,281481,163520,26807,4052,1780390800,https://www.bilibili.com/video/BV15wVB6YECT,http://i1.hdslb.com/bfs/archive/fd898a754bc3cf4317349a2b3c4394e104417434.jpg
2026-06-06,2026-06-06 22:35:04,29,BV1uXEA6gEMu,116692567070822,“别着急，我来给你补充「偶！像！能！量！」”,小耗owo,手机游戏,游戏,172,80,950405,632,1836,193868,11235,41850,8445,1780624800,https://www.bilibili.com/video/BV1uXEA6gEMu,http://i1.hdslb.com/bfs/archive/64822f49e99e9fb8b41ba5e0f9e06f48d4b76446.jpg
2026-06-06,2026-06-06 22:35:04,30,BV1pnVm6GEQG,116685386483651,“当bro以为自己很有影响力时…”,林宇辉,社科·法律·心理,知识,124,16,865929,456,1931,250808,9938,32338,1203,1780478075,https://www.bilibili.com/video/BV1pnVm6GEQG,http://i1.hdslb.com/bfs/archive/02329b4beff89227f0f34b10ef7ca21a2b920c65.jpg
2026-06-06,2026-06-06 22:35:04,31,BV1jwV663EjR,116679380112598,我的世界杯主题曲！IShowSpeed - World Cup (Champions),ishowspeedsui,竞技体育,运动,236,299,4436650,2360,10037,247549,44734,43718,14530,1780386563,https://www.bilibili.com/video/BV1jwV663EjR,http://i2.hdslb.com/bfs/archive/2807f6a9b9342740dfa8764e7bcc6e231196c94f.jpg
2026-06-06,2026-06-06 22:35:04,32,BV1yiEF6WErx,116690419585062,奶香馒头,夏叔厨房,美食制作,美食,76,76,1600008,890,6946,207397,6909,17937,1083,1780554601,https://www.bilibili.com/video/BV1yiEF6WErx,http://i1.hdslb.com/bfs/archive/82992eb9cddf1a5a5e5e77e481db8626c6005de9.jpg
2026-06-06,2026-06-06 22:35:04,33,BV12R7Q6MEJX,116686543914174,你说你有点难追～,未知艺术家_611,搞笑,娱乐,138,30,2467935,213,1905,229255,2731,23331,3511,1780495648,https://www.bilibili.com/video/BV12R7Q6MEJX,http://i2.hdslb.com/bfs/archive/aeaf33a25e079b26433a425ee56ac24f566861d7.jpg
2026-06-06,2026-06-06 22:35:04,34,BV1W6VZ6MEbd,116674313328609,🍄欠揍气球🍄,纸片马力欧,日常,生活,21,40,3754191,3786,8947,448634,33923,233674,70522,1780309043,https://www.bilibili.com/video/BV1W6VZ6MEbd,http://i0.hdslb.com/bfs/archive/3d18bae01c4fc365d9e7e0ede5efb926e32115ad.jpg
2026-06-06,2026-06-06 22:35:04,35,BV1VWVz6TELx,116679598147712,星际穿越的我，试图提醒过去的自己....,考研英语大雁,校园学习,知识,208,33,2948127,666,2346,379916,8387,49635,6604,1780389685,https://www.bilibili.com/video/BV1VWVz6TELx,http://i0.hdslb.com/bfs/archive/5822709cbd5c2a8a09fabc50bcfdcfc29859f9a1.jpg
2026-06-06,2026-06-06 22:35:04,36,BV1RvVo6QEqo,116674682426936,不儿，你俩来真的啊？！,主持人yoyo酱,搞笑,娱乐,138,265,5663833,15908,12321,676862,512232,122745,14233,1780314627,https://www.bilibili.com/video/BV1RvVo6QEqo,http://i1.hdslb.com/bfs/archive/e8bde3297455f3796e516de2362d5eb1085d9abf.jpg
2026-06-06,2026-06-06 22:35:04,37,BV1PP7C63E2J,116696710912022,《师》我回母校当老师,阿廖沙别害怕_,搞笑,娱乐,138,296,1347908,414,852,137350,3361,10191,445,1780650587,https://www.bilibili.com/video/BV1PP7C63E2J,http://i0.hdslb.com/bfs/archive/b04455fde128b88ff0a92e264778512242510bc9.jpg
2026-06-06,2026-06-06 22:35:04,38,BV1QzVR63E3L,116671930963542,回忆永远都是加分项,央视新闻,日常,生活,21,184,3614514,28455,23947,631715,244871,192164,59610,1780286400,https://www.bilibili.com/video/BV1QzVR63E3L,http://i2.hdslb.com/bfs/archive/f4dc3fe8ea88a450877315e867b4995121d5dbf6.jpg
2026-06-06,2026-06-06 22:35:04,39,BV1jeEc6yE75,116691593992011,《你说谁错谁就错，因为你开迈巴赫》,嘞是唐孃孃,搞笑,娱乐,138,34,2840428,167,1936,218422,2767,14356,1184,1780572588,https://www.bilibili.com/video/BV1jeEc6yE75,http://i0.hdslb.com/bfs/archive/cc74080d84744d7622f9f9dd492a1583e00aaed7.jpg
2026-06-06,2026-06-06 22:35:04,40,BV1xuVC6AEbg,116681426868021,今天把我关于《丧尸清道夫》的创作思路分享给大家，如果能帮到你，我会很开心。,Mx-Shell,影视剪辑,影视,183,2573,1191967,883,1949,70892,28738,73163,10203,1780452000,https://www.bilibili.com/video/BV1xuVC6AEbg,http://i0.hdslb.com/bfs/archive/4a766d587664347016b0288147deb324a2964232.jpg
2026-06-06,2026-06-06 22:35:04,41,BV1hAVm6XEE2,116685570836474,【传奇耐熬王】经典排骨💀60天仍然有5人存活💪到最后拼的就是谁身体好！🤦‍♂️,-超级小能猫-,搞笑,娱乐,138,2617,2234782,13854,2814,83525,18116,40905,3744,1780481719,https://www.bilibili.com/video/BV1hAVm6XEE2,http://i0.hdslb.com/bfs/archive/dc3782f8b522707e818c2537030e1b8893332367.jpg
2026-06-06,2026-06-06 22:35:04,42,BV1WT7C6uEj8,116696878749194,猫 咪 的 花 语 是 老 吴🎵,幾加乘,同人·手书,动画,47,259,1226791,1371,2455,98746,14088,19968,8173,1780653131,https://www.bilibili.com/video/BV1WT7C6uEj8,http://i0.hdslb.com/bfs/archive/ad354ddb8c2e2bf697327dc182835b3d6014f4b1.jpg
2026-06-06,2026-06-06 22:35:04,43,BV1bwV161Er2,116684413209270,【aespa】LEMONNNN,aespa,音乐综合,音乐,130,11,6216708,11818,23472,119870,28112,13920,7466,1780475400,https://www.bilibili.com/video/BV1bwV161Er2,http://i1.hdslb.com/bfs/archive/1e63fbee388c793dc0403c872eefb52a8d7d8615.jpg
2026-06-06,2026-06-06 22:35:04,44,BV1kzVy6hEGb,116682517385619,手绘2000多张沙画，历时3年制作,胡雪朗,绘画,绘画,162,54,792955,770,1460,180663,44639,25811,3808,1780457400,https://www.bilibili.com/video/BV1kzVy6hEGb,http://i0.hdslb.com/bfs/archive/959cf6a92144f70d7339865fe00cd198c4c8da9e.jpg
2026-06-06,2026-06-06 22:35:04,45,BV1R7Ew65ERR,116691124229360,当爸爸找亲戚买手机,刘鸿哥哥,小剧场,娱乐,85,119,2187526,887,2625,149030,1252,7963,1577,1780565630,https://www.bilibili.com/video/BV1R7Ew65ERR,http://i0.hdslb.com/bfs/archive/5e4feb10a7cf9e178bf7e9a619d62843bc5ae8b2.jpg
2026-06-06,2026-06-06 22:35:04,46,BV1yo7B68EHX,116695117207554,《鸣潮》×《赛博朋克：边缘行者》共鸣者战斗演示 | 露西,鸣潮,单机游戏,游戏,17,283,2200192,2276,8174,76690,23417,13441,14323,1780628400,https://www.bilibili.com/video/BV1yo7B68EHX,http://i2.hdslb.com/bfs/archive/61426f2876187b9326f1b732fdea7044e08d7ea3.jpg
2026-06-06,2026-06-06 22:35:04,47,BV1ogV26FEhB,116683943643894,兄弟们！今天给良子做一个入营测试，这身体身体素质，跟我想的不太一样啊!,健身华哥,运动综合,运动,238,246,2778353,4926,60839,129285,3740,7629,14733,1780455998,https://www.bilibili.com/video/BV1ogV26FEhB,http://i1.hdslb.com/bfs/archive/0ef39901811fd5680c39a67445609ba38a9560c2.jpg
2026-06-06,2026-06-06 22:35:04,48,BV1bV7k6LExn,116697264560365,再见！一系列！高考必胜！,一数,校园学习,知识,208,193,679835,25566,13070,72052,29142,14880,5048,1780659292,https://www.bilibili.com/video/BV1bV7k6LExn,http://i2.hdslb.com/bfs/archive/5df66240b2b71ca2bc6ce697e929657b1b1df5a4.jpg
2026-06-06,2026-06-06 22:35:04,49,BV1MG7961Efg,116685688276783,下 一 个 抓 谁 ！！！,啊吗粽,搞笑,娱乐,138,586,1353443,4321,2242,120967,58758,22410,2940,1780482465,https://www.bilibili.com/video/BV1MG7961Efg,http://i2.hdslb.com/bfs/archive/55e9b58ea3d6a84a655b0d2607bb6ff7e31c6d34.jpg
2026-06-06,2026-06-06 22:35:04,50,BV1aFVm6REvY,116685537281059,蜘蛛糸モノポリー,苏酥鱼鱼喵,MMD·3D,动画,25,113,624382,173,1392,123912,4924,45654,3563,1780480166,https://www.bilibili.com/video/BV1aFVm6REvY,http://i0.hdslb.com/bfs/archive/43aeddbc4a47c5117090dc56e61b94bb7a858ec0.jpg
2026-06-06,2026-06-06 22:35:04,51,BV1L7Ew65ETv,116691124098703,我养护的石拱桥，已经被国家收录为不可移动文物！,抓紧长长长呀,三农,生活,251,604,1538472,1034,1963,111864,6405,8077,428,1780565746,https://www.bilibili.com/video/BV1L7Ew65ETv,http://i1.hdslb.com/bfs/archive/56f52737bc566db19c5316ccdcc3b87cc81709e0.jpg
2026-06-06,2026-06-06 22:35:04,52,BV1LLVU6eE1t,116684782373820,你到底娶不娶我…,ENX叉叉酱,同人·手书,动画,47,77,889691,1360,6827,168161,9772,16972,4644,1780484400,https://www.bilibili.com/video/BV1LLVU6eE1t,http://i0.hdslb.com/bfs/archive/cffaf3db4947fd6d7956bd49b83dcea884c3307b.jpg
2026-06-06,2026-06-06 22:35:04,53,BV1F7716gE1d,116697667213269,不降 |《归唐》夏日游戏节剧情初窥预告,归唐,单机游戏,游戏,17,195,4127831,1864,6796,97256,2887,9718,5231,1780694417,https://www.bilibili.com/video/BV1F7716gE1d,http://i1.hdslb.com/bfs/archive/ee1e7f11e5576321abd715ef6582c5b5fe323c2d.jpg
2026-06-06,2026-06-06 22:35:04,54,BV1EwEF62EhA,116690721443492,当校长挑选教室地板时,Cheems电玩屋,日常,生活,21,18,4174218,691,3924,172759,587,6285,407,1780559484,https://www.bilibili.com/video/BV1EwEF62EhA,http://i0.hdslb.com/bfs/archive/8916553504d48aec3ba5ad2bdfeec5fcf7eefc1c.jpg
2026-06-06,2026-06-06 22:35:04,55,BV1gzVC6kE1S,116683507243907,【低成本在家实现牛排自由‼️ 】,村驴,美食制作,美食,76,329,951070,577,2370,90557,8659,67906,9563,1780449310,https://www.bilibili.com/video/BV1gzVC6kE1S,http://i0.hdslb.com/bfs/archive/005d3e68934a884c17ab0f89f1daac2ae9982f39.jpg
2026-06-06,2026-06-06 22:35:04,56,BV1xU7f6xEjt,116690939546284,CF单机叙事续作——《穿越火线：潜伏》实机首曝,穿越火线潜伏,单机游戏,游戏,17,308,3123009,1011,3443,83558,5227,15735,8640,1780696800,https://www.bilibili.com/video/BV1xU7f6xEjt,http://i0.hdslb.com/bfs/archive/140a4abb0c80a2aa1e7cb7126c978567b667ed12.jpg
2026-06-06,2026-06-06 22:35:04,57,BV1DB7f6AEBK,116690989942959,最 不 物 质 之 人,张八筒筒,日常,生活,21,127,1973506,807,825,150649,1314,7379,712,1780563943,https://www.bilibili.com/video/BV1DB7f6AEBK,http://i1.hdslb.com/bfs/archive/612e05a8e02454bd4e3723991d4808f061b1c188.jpg
2026-06-06,2026-06-06 22:35:04,58,BV1nWVm6uEqb,116685285624503,我吃牛瘪火锅 结果买错牛胃了,张离谱Dreams,搞笑,娱乐,138,97,2073247,1083,2931,137998,2266,37603,10097,1780476405,https://www.bilibili.com/video/BV1nWVm6uEqb,http://i0.hdslb.com/bfs/archive/6f4f02f224993a1933f3e515e84d84edb5ca3808.jpg
2026-06-06,2026-06-06 22:35:04,59,BV1cmVz6DEmi,116679329712224,初代跑男团战力排行,东方日出哇,特摄,动画,86,600,2158453,5525,3481,175499,8021,22886,4216,1780385423,https://www.bilibili.com/video/BV1cmVz6DEmi,http://i0.hdslb.com/bfs/archive/ee051686685860fea8d8721ddf5c5d7f35a85e5f.jpg
2026-06-06,2026-06-06 22:35:04,60,BV1vEEP6HEFw,116692281789801,2025年出货量370万台！激光雷达真成“安全气囊”了？,保镖的车库,新能源车,新能源车,247,606,1310042,473,597,93131,2721,10496,365,1780653900,https://www.bilibili.com/video/BV1vEEP6HEFw,http://i1.hdslb.com/bfs/archive/76872e6b743f73527ee70c89a75c39214a868540.jpg
2026-06-06,2026-06-06 22:35:04,61,BV1797X6ZEvW,116686158038804,真跳60分钟，天台暴晒也算时间哦,矮乐多Aliga,日常,生活,21,3639,1137697,1057,1665,62969,12489,22147,2532,1780490050,https://www.bilibili.com/video/BV1797X6ZEvW,http://i0.hdslb.com/bfs/archive/51a11a46ff9c8a78cf19a5444bd1f18bb0099c9d.jpg
2026-06-06,2026-06-06 22:35:04,62,BV18qVr6KEk8,116680554519472,一个投了3万元必火的视频,奥利奥利奥是1,日常,生活,21,46,947492,1665,8155,234211,21238,25495,4416,1780405200,https://www.bilibili.com/video/BV18qVr6KEk8,http://i0.hdslb.com/bfs/archive/0c023b00bd1d3a694bdd40c9d19039f1436532b1.jpg
2026-06-06,2026-06-06 22:35:04,63,BV1uE7d6JEAp,116688674624635,啥龙：医生说我只剩几天了……,小陈的脚凑凑的,日常,生活,21,181,985632,1172,1587,71066,5838,16957,3478,1780528049,https://www.bilibili.com/video/BV1uE7d6JEAp,http://i1.hdslb.com/bfs/archive/e92886e4f49270b6f1a24481e0b0851d64e70fc4.jpg
2026-06-06,2026-06-06 22:35:04,64,BV1JKEw6QEw9,116691509970719,我读了你们的评论 把阎王召唤出来了T_T,汤木檀泽,日常,生活,21,959,1738792,1412,1582,106236,6124,16430,499,1780571268,https://www.bilibili.com/video/BV1JKEw6QEw9,http://i1.hdslb.com/bfs/archive/0b6c7ccb214b6211a4cf9a8741eb473536e42587.jpg
2026-06-06,2026-06-06 22:35:04,65,BV1L8Gq6aEVt,116622471922186,评论区摄影大赛直击人心篇开启，欢迎投稿好的作品会让更多人看到。,摄影恩哥,日常,生活,21,137,970320,362,3385,127880,1064,8143,180,1780651800,https://www.bilibili.com/video/BV1L8Gq6aEVt,http://i0.hdslb.com/bfs/archive/d3eeaf9390b7eb77f3e8017f5ee769d473203355.jpg
2026-06-06,2026-06-06 22:35:04,66,BV1idV26bE2E,116685654921483,宗元舞2.0紧绷之人3,是柳宗元,电子竞技,游戏,171,51,1667205,433,1090,177692,3694,22174,3501,1780481914,https://www.bilibili.com/video/BV1idV26bE2E,http://i2.hdslb.com/bfs/archive/395efa2aefe284345f5e64ce17985d0467cd2247.jpg
2026-06-06,2026-06-06 22:35:04,67,BV1T9Vm6UE2N,116684681647760,《古剑》3分钟战斗实机 | 线下试玩招募开启,古剑,单机游戏,游戏,17,168,2631052,2733,8262,49738,26759,14333,18408,1780698215,https://www.bilibili.com/video/BV1T9Vm6UE2N,http://i0.hdslb.com/bfs/archive/d18a0e2a80905c1a2bfe0d000c3ca47aa1548899.jpg
2026-06-06,2026-06-06 22:35:04,68,BV1jLVU6eEXE,116684782377667,可不可以买三十块烧腊？,食深烧腊,美食测评,美食,213,99,1060428,772,2227,123854,72249,5530,581,1780468779,https://www.bilibili.com/video/BV1jLVU6eEXE,http://i1.hdslb.com/bfs/archive/62b6a42513640bcbd689b2a89fb9b999a1205332.jpg
2026-06-06,2026-06-06 22:35:04,69,BV15z766SE1A,116696341812776,假如高考什么都可以带,小安苒AIGC,校园学习,知识,208,177,2065608,2459,2308,86416,2119,6409,1543,1780646400,https://www.bilibili.com/video/BV15z766SE1A,http://i2.hdslb.com/bfs/archive/ed743a6a86446310a9957bce92faa671a082a6d8.jpg
2026-06-06,2026-06-06 22:35:04,70,BV1Ja7k6AE1b,116697063235411,我又给花朵加了个开关！,是玉木呀,设计·创意,设计·创意,229,104,712849,393,605,119492,12651,23453,2280,1780656042,https://www.bilibili.com/video/BV1Ja7k6AE1b,http://i0.hdslb.com/bfs/archive/c05470a618fc67ee60cb9df153eb5ad6d3c8ce08.jpg
2026-06-06,2026-06-06 22:35:04,71,BV1F9Vz62ExS,116679262606457,一辈子一定要体验一次的游戏，绝对不能被剧透的神作,易铭小疯子,网络游戏,游戏,65,537,1105269,5253,8701,63391,8083,68999,4171,1780403895,https://www.bilibili.com/video/BV1F9Vz62ExS,http://i2.hdslb.com/bfs/archive/d453d6bbde6ccd80f0fd714edde7b754c3e5255e.jpg
2026-06-06,2026-06-06 22:35:04,72,BV1ps796qErr,116685822560107,谁在等谁的出现,为了我活下去,综合,综合,27,36,594558,292,1592,180743,9093,29253,2114,1780484521,https://www.bilibili.com/video/BV1ps796qErr,http://i1.hdslb.com/bfs/archive/49a476c711b1d61ec7ffa37684a398ddb857435a.jpg
2026-06-06,2026-06-06 22:35:04,73,BV1Nk7X6TEnq,116686023955827,半个小孩，全部的妈妈,超级猫猫兽,同人·手书,动画,47,483,1578712,1765,4828,129720,20477,56893,4731,1780487705,https://www.bilibili.com/video/BV1Nk7X6TEnq,http://i0.hdslb.com/bfs/archive/25cb3d6f6dd951590c71a8ea993463455554b0c6.jpg
2026-06-06,2026-06-06 22:35:04,74,BV1xdEc6bEcK,116691426088191,肉食脑袋的硬菜局！爆辣猪蹄+火锅鸡泡面香迷糊,方芳的快乐生活,美食侦探,美食,212,1134,1656645,1429,796,79788,9625,13645,2674,1780571551,https://www.bilibili.com/video/BV1xdEc6bEcK,http://i1.hdslb.com/bfs/archive/bdc078c74f5e0987fffca10262d6ced73d562c27.jpg
2026-06-06,2026-06-06 22:35:04,75,BV1LCV66VE45,116680873346829,剥蒜的情谊147.0,NinthA-,网络游戏,游戏,65,147,1804481,773,831,129821,1683,21759,1701,1780455600,https://www.bilibili.com/video/BV1LCV66VE45,http://i1.hdslb.com/bfs/archive/21d74a2ecc26d0c95ecd1e1af6e84bf567bf37c9.jpg
2026-06-06,2026-06-06 22:35:04,76,BV1usEw6zEiy,116691040210390,【餐馆TV】UP今天发烧了……作品会不会受影响啊,大乾乾是顾乾宇,小剧场,娱乐,85,141,863298,1516,2582,98102,2951,11789,6867,1780564633,https://www.bilibili.com/video/BV1usEw6zEiy,http://i1.hdslb.com/bfs/archive/6d69be5e1f22dec4058e90f795df2ff7c21e4a91.jpg
2026-06-06,2026-06-06 22:35:04,77,BV1r6V26BE9i,116685486949496,《上海奥特曼4：沪特曼集结！》,册那队长,小剧场,娱乐,85,53,3061334,991,5484,137024,10011,19545,31269,1780479544,https://www.bilibili.com/video/BV1r6V26BE9i,http://i0.hdslb.com/bfs/archive/a062cb9d7991230d0d7287d7d8fd5bead9ec6788.jpg
2026-06-06,2026-06-06 22:35:04,78,BV1uX7k6UEPn,116696761239539,把硬装的喊过来！,脱缰凯Kk,小剧场,娱乐,85,219,1091373,1457,1466,81944,2447,8675,564,1780651876,https://www.bilibili.com/video/BV1uX7k6UEPn,http://i1.hdslb.com/bfs/archive/1a5306b127f7814fe75bc726966f0f675fcb7e33.jpg
2026-06-06,2026-06-06 22:35:04,79,BV1Qb7R6XECX,116687064072844,⚡冷 笑 话 大 全 6.0⚡,污污云,鬼畜调教,鬼畜,22,66,1305693,183,958,95865,1797,39020,4821,1780545600,https://www.bilibili.com/video/BV1Qb7R6XECX,http://i2.hdslb.com/bfs/archive/edf5ec9306bef71931b52d5b0a961e13f1ecc966.jpg
2026-06-06,2026-06-06 22:35:04,80,BV1edV26tEsB,116685654722666,复仇整蛊！蛋黄派伪装摄影师突袭周深，几秒就被识破？,记录生活的蛋黄派,美食测评,美食,213,556,3238335,7407,2958,101303,30059,48207,3905,1780565400,https://www.bilibili.com/video/BV1edV26tEsB,http://i2.hdslb.com/bfs/archive/a16b60bc03719059e3218dee538877f554f3f9b4.jpg
2026-06-06,2026-06-06 22:35:04,81,BV1f3VU6KEqy,116684832644044,"从""健身芭比""到""女企业家""，帕梅拉有多会""赚""？",小Lin说,财经商业,知识,207,1745,2028510,1781,1495,55721,10688,18513,3432,1780479000,https://www.bilibili.com/video/BV1f3VU6KEqy,http://i0.hdslb.com/bfs/archive/ad9df863f29ccc8f07472fc5234c04740f6ee4b3.jpg
2026-06-06,2026-06-06 22:35:04,82,BV15W7C6tEyc,116696425766532,送你一片夕阳！,困雀雀,仿妆cos,时尚,252,36,469513,120,1910,142731,6986,24966,2088,1780646468,https://www.bilibili.com/video/BV15W7C6tEyc,http://i2.hdslb.com/bfs/archive/86973af2078693bfe5fc81d4dae783648e7fb904.jpg
2026-06-06,2026-06-06 22:35:04,83,BV1oqVB6BECd,116680034425733,《原神》洛恩角色PV——「标准化考核」,原神,手机游戏,游戏,172,702,1780026,8315,5985,147933,37146,32176,11639,1780459200,https://www.bilibili.com/video/BV1oqVB6BECd,http://i2.hdslb.com/bfs/archive/f040c8f664a034a919aee60209ef17c155dbe2df.jpg
2026-06-06,2026-06-06 22:35:04,84,BV1XS796JETP,116687701545253,"""见过花开就好 何必在意花为谁开""19.0",我爱吃派大星,音乐综合,音乐,130,163,1314596,607,1152,72607,923,8351,439,1780532400,https://www.bilibili.com/video/BV1XS796JETP,http://i1.hdslb.com/bfs/archive/29288eae5b7e0f9e2243fa9682885eab8981887d.jpg
2026-06-06,2026-06-06 22:35:04,85,BV1BqVS6MEL8,116668592363308,欢迎来到304班娃娃店,蟹上皇呀,日常,生活,21,114,2634188,1354,4676,280963,15828,117717,17605,1780221495,https://www.bilibili.com/video/BV1BqVS6MEL8,http://i1.hdslb.com/bfs/archive/9efeef607e818a1f01d4a5f1009a80d45ffcb333.jpg
2026-06-06,2026-06-06 22:35:04,86,BV1JAEw69EUS,116691342200777,生完宝宝之后我再也不敢得罪我老公了，因为……,笑哥走丢了a,亲子,生活,254,89,1734366,693,5697,130473,2173,5812,1347,1780568869,https://www.bilibili.com/video/BV1JAEw69EUS,http://i2.hdslb.com/bfs/archive/2496ecbfca22198efdffe5b1855ea840b90edb2a.jpg
2026-06-06,2026-06-06 22:35:04,87,BV1ZUEF65EzU,116690016801808,论画手的高三生活有多燃！,圆脸面包人,绘画,绘画,162,141,726692,304,591,86222,3086,12711,1714,1780548385,https://www.bilibili.com/video/BV1ZUEF65EzU,http://i2.hdslb.com/bfs/archive/d2c74006b8fe69158c1e24fb31690a791ce674d0.jpg
2026-06-06,2026-06-06 22:35:04,88,BV16sEc6SEwE,116692030070649,班级里的某些努力姐belike：,不懂爱的喵,AI音乐,AI音乐,265,81,1942342,480,4247,115642,501,8844,3714,1780579469,https://www.bilibili.com/video/BV16sEc6SEwE,http://i2.hdslb.com/bfs/archive/711ed87052e442f67c408a6e4e372e876c02a3f0.jpg
2026-06-06,2026-06-06 22:35:04,89,BV1MtEF6fEga,116690436233152,全国男生统一迷惑行为,王小洋-已黑化,日常,生活,21,446,778065,2430,1746,64748,1402,11669,1806,1780567200,https://www.bilibili.com/video/BV1MtEF6fEga,http://i1.hdslb.com/bfs/archive/696e0beeae3b0520b2aeae3a4aa24c0eeb689fcd.jpg
2026-06-06,2026-06-06 22:35:04,90,BV1hG7y69Ej2,116698036313694,史上最骚特工(第二集),老番茄,单机游戏,游戏,17,842,1097173,2519,1523,85489,28812,22343,1293,1780716600,https://www.bilibili.com/video/BV1hG7y69Ej2,http://i2.hdslb.com/bfs/archive/c4778bfde8d395e0f91e2f746393736302e8205c.jpg
2026-06-06,2026-06-06 22:35:04,91,BV1uTEc6AEzV,116691963025070,以为这次断更，会是永别,ONLee_Studio,日常,生活,21,211,915271,1733,2507,61044,20995,4162,904,1780578368,https://www.bilibili.com/video/BV1uTEc6AEzV,http://i0.hdslb.com/bfs/archive/65223f1fb3bbe6f7b6e2b1e84b56584802350ec6.jpg
2026-06-06,2026-06-06 22:35:04,92,BV12QEc6wETE,116691744917719,“我想我再也不会谈恋爱了”,柯洁,影视剪辑,影视,183,34,1316983,879,4374,140616,5642,6673,6097,1780574976,https://www.bilibili.com/video/BV12QEc6wETE,http://i0.hdslb.com/bfs/archive/47071584488230edc82fe88b8fe9b87eb57cd115.jpg
2026-06-06,2026-06-06 22:35:04,93,BV1G1VB6PEro,116680286144492,今天的员工够燥的~#异宠 #爬宠 #慢宠时钟 #萌宠,慢宠日记啊,日常,生活,21,79,3643399,677,3614,145370,1837,10579,6806,1780400126,https://www.bilibili.com/video/BV1G1VB6PEro,http://i0.hdslb.com/bfs/archive/816ee56ee784d2ccfe8c14d2289cfa7fa2839d73.jpg
2026-06-06,2026-06-06 22:35:04,94,BV1rMVz67EMs,116679967312875,开关灯木头人挑战！,酱油白米饭原创,小剧场,娱乐,85,99,3941934,585,756,140144,3041,40705,3814,1780395433,https://www.bilibili.com/video/BV1rMVz67EMs,http://i0.hdslb.com/bfs/archive/b909eaaf95648e5156635c9c1afd57ac6da69f64.jpg
2026-06-06,2026-06-06 22:35:04,95,BV1yc7r6vE1C,116695905734805,关于我18岁为什么不去参加高考,我不是赤寒,日常,生活,21,126,921941,1141,5523,103711,5299,11100,1475,1780638439,https://www.bilibili.com/video/BV1yc7r6vE1C,http://i1.hdslb.com/bfs/archive/294ac25c415d3dcaf5c46bbc02fb5df23da86784.jpg
2026-06-06,2026-06-06 22:35:04,96,BV13HEw6rEhc,116691140873202,接龙游戏开发，但都绷住了,M木糖M,单机游戏,游戏,17,933,935851,1090,688,54491,7538,9666,785,1780630200,https://www.bilibili.com/video/BV13HEw6rEhc,http://i2.hdslb.com/bfs/archive/1083ae38f0917802668505e94ed2fe06226cc58b.jpg
2026-06-06,2026-06-06 22:35:04,97,BV1xZ7k6LESp,116696778084201,“哎呀 我们的主角倒下啦～”,西门小昭,综合,综合,27,30,511777,78,740,101179,6512,40711,1632,1780655400,https://www.bilibili.com/video/BV1xZ7k6LESp,http://i2.hdslb.com/bfs/archive/2c5c6c548ed488771077293e2f7bfcfb435e4744.jpg
2026-06-06,2026-06-06 22:35:04,98,BV1iuVd6DE1W,116673742902632,【完结自制短片】工人嫌魏海每天抽50太黑心，转头跟不抽成老板干活，女儿进ICU才知道那50是救命钱,唒唒漫画咯,综合,综合,27,3268,1268452,103,146,96778,6001,19752,1980,1780302000,https://www.bilibili.com/video/BV1iuVd6DE1W,http://i2.hdslb.com/bfs/archive/df703cb90d025def034d506f038aa3d4374fa19d.jpg
2026-06-06,2026-06-06 22:35:04,99,BV1tV7k6LEyH,116697264556028,你或许不认识我 但我唱的歌你或许？？听过？,喵☆酱,翻唱,音乐,31,443,398127,3451,1769,83469,5198,11323,809,1780659262,https://www.bilibili.com/video/BV1tV7k6LEyH,http://i1.hdslb.com/bfs/archive/f27fa302b117dedb6f353c75770d440ca8982c33.jpg
2026-06-06,2026-06-06 22:35:04,100,BV19J7r6HEV7,116695704276560,咕嘎吃掉了整个幼儿园的伙食,咕咕嘎画,搞笑,娱乐,138,46,1395557,120,1031,103903,4938,14673,2907,1780635229,https://www.bilibili.com/video/BV19J7r6HEV7,http://i0.hdslb.com/bfs/archive/6f27e7f3c76289f0fac5ed16261338d0a6c2d5f2.jpg
2026-06-06,2026-06-06 23:35:04,1,BV15iEc6VEfH,116691577216788,路边一块，也能变废为宝，雕刻出大家想要的题材我不知道什么时候天才会亮，但我知道，跑着跑着，天就亮了。,小梨家的和田玉,手工,生活,161,220,5435673,3415,10235,206626,6591,19552,3322,1780572193,https://www.bilibili.com/video/BV15iEc6VEfH,http://i2.hdslb.com/bfs/archive/c1597efe82d66a7f728f8bdd84505eff4b7f5ac9.jpg
2026-06-06,2026-06-06 23:35:04,2,BV1Qi7f6eE59,116690805395451,致敬每一个心中有花，努力奔跑的人,爱画画的子衿,亲子,生活,254,313,1583780,3181,3303,216311,107571,14028,3369,1780561800,https://www.bilibili.com/video/BV1Qi7f6eE59,http://i1.hdslb.com/bfs/archive/2c9cc3dd70d264a8473e46b8bebaad7db4d6ef2c.jpg
2026-06-06,2026-06-06 23:35:04,3,BV19ZEF6MEBV,116690117464228,人在干坏事的时候是不怕苦不怕累的,我是易拉爆,日常,生活,21,309,2040792,1320,3604,191665,13227,27940,13559,1780550100,https://www.bilibili.com/video/BV19ZEF6MEBV,http://i2.hdslb.com/bfs/archive/5a3e59dd5183e87d69b1ad3224466b821bf05e23.jpg
2026-06-06,2026-06-06 23:35:04,4,BV17GEP6xEDW,116692348832614,新三国up锐评楚汉传奇01：是不是我打开的方式不太对？,吃蛋挞的折棒,影视杂谈,影视,182,1348,1325221,18576,10959,123840,120525,25839,9725,1780624800,https://www.bilibili.com/video/BV17GEP6xEDW,http://i2.hdslb.com/bfs/archive/4e5cd47c8551d2b66643e2800041b7ec2d3bf729.jpg
2026-06-06,2026-06-06 23:35:04,5,BV1w6EF6QEjZ,116690033778619,不看后悔！史上最神人店家！,转生成为毛毛,美食侦探,美食,212,186,3004768,3689,8431,158324,4019,26559,12923,1780563600,https://www.bilibili.com/video/BV1w6EF6QEjZ,http://i1.hdslb.com/bfs/archive/07cb98d8f59285212c90c7646739a87803bf06c0.jpg
2026-06-06,2026-06-06 23:35:04,6,BV15C7k6REKC,116697197451293,公测定档7月 | 《遗忘之海》船员集结摇滚MV「燥」,遗忘之海,GMV,GMV,121,205,3743918,927,1531,78418,54947,54319,3760,1780711200,https://www.bilibili.com/video/BV15C7k6REKC,http://i0.hdslb.com/bfs/archive/bef8db958217ad42ed011f4bf5d5d6c1cf3a4bad.jpg
2026-06-06,2026-06-06 23:35:04,7,BV13s7z63EjV,116695016477738,《绝区零》3.0新地块实机演示,绝区零,手机游戏,游戏,172,599,1405634,9244,13574,122813,57577,22126,24524,1780624803,https://www.bilibili.com/video/BV13s7z63EjV,http://i0.hdslb.com/bfs/archive/ac132a13aed30f0b83ff50dfb56d83e2e518206a.jpg
2026-06-06,2026-06-06 23:35:04,8,BV1wEEc6REms,116692097238799,城市大富翁（5）,雨哥到处跑,日常,生活,21,3846,1388293,34078,4864,126669,103851,34795,4623,1780628700,https://www.bilibili.com/video/BV1wEEc6REms,http://i1.hdslb.com/bfs/archive/8628e50dc2e56aec5815c8e3f665d304cfe23d80.jpg
2026-06-06,2026-06-06 23:35:04,9,BV1XQ7Z6eEki,116689412819066,特朗普的愤怒,燕三嘤嘤嘤,人文历史,知识,228,1133,2791182,10567,4754,138947,33237,20261,2657,1780545020,https://www.bilibili.com/video/BV1XQ7Z6eEki,http://i0.hdslb.com/bfs/archive/d106118a7a33e310838a2e387ce511583c5a7a62.jpg
2026-06-06,2026-06-06 23:35:04,10,BV16DVz6UE77,116679229180052,如何拍出电影感大片,喜欢拍照的皮皮,日常,生活,21,60,3604291,335,2138,332357,11096,97525,8024,1780384052,https://www.bilibili.com/video/BV16DVz6UE77,http://i1.hdslb.com/bfs/archive/82ba23d6fb45244f769f8f127cfbe2f51afe67c8.jpg
2026-06-06,2026-06-06 23:35:04,11,BV16kV26TES7,116685470175022,当父母说出了正确答案：,进击的金厂长,搞笑,娱乐,138,129,5218275,2182,2224,358810,132484,167546,2727,1780479155,https://www.bilibili.com/video/BV16kV26TES7,http://i0.hdslb.com/bfs/archive/982b25c4ef21fb08f77ae933c89f4b99d5b0c86a.jpg
2026-06-06,2026-06-06 23:35:04,12,BV1sC7R6VEF3,116687181451048,【侯绿萝】视频加载中，速速查收惊喜！,侯绿萝,小剧场,娱乐,85,233,1752254,1391,1362,168027,9595,13847,1702,1780538400,https://www.bilibili.com/video/BV1sC7R6VEF3,http://i0.hdslb.com/bfs/archive/e40df1469a3bc68659f30a77b0e0801ae88938bb.jpg
2026-06-06,2026-06-06 23:35:04,13,BV1cu7r6FEPd,116696023045705,英国，沦为印度殖民地,平原公子,日常,生活,21,463,2208929,8942,6540,147679,5859,14994,13689,1780640137,https://www.bilibili.com/video/BV1cu7r6FEPd,http://i1.hdslb.com/bfs/archive/95ba7fb80bc2a46fc2c8f7ff69a08c57c40ef914.jpg
2026-06-06,2026-06-06 23:35:04,14,BV1df7r6REpB,116695469463690,如何在家制造浓汤宝,嘤武罗,日常,生活,21,501,2926581,3044,2774,144908,36785,33321,2054,1780650000,https://www.bilibili.com/video/BV1df7r6REpB,http://i2.hdslb.com/bfs/archive/94c85d2ebad9002fcbad0c7ef2f3c8a3f1ec6768.jpg
2026-06-06,2026-06-06 23:35:04,15,BV1XEV26XEsz,116683641455201,冠以破碎之名：第一集 冰潮寒雨之夏,Xavier_白昼,综合,综合,27,1106,1341073,1784,2375,101322,21362,62416,3410,1780451269,https://www.bilibili.com/video/BV1XEV26XEsz,http://i0.hdslb.com/bfs/archive/edb3c2a03146bbc3390581aa30c41b8e3c3ab846.jpg
2026-06-06,2026-06-06 23:35:04,16,BV1kCVU65ERM,116669112386149,初中生斗胆跳一段jam,特崮斯,篮球,运动,235,45,6191748,7996,18213,1198047,194104,126592,18554,1780229707,https://www.bilibili.com/video/BV1kCVU65ERM,http://i1.hdslb.com/bfs/archive/5871a66dc8e356ff71da4a6d99d5922b4a6a3fce.jpg
2026-06-06,2026-06-06 23:35:04,17,BV1Qt7X61Enn,116686241993999,百万英镑，但素质过低,青时晚,影视剪辑,影视,183,174,1998538,1739,2133,121041,8837,30057,11828,1780490956,https://www.bilibili.com/video/BV1Qt7X61Enn,http://i0.hdslb.com/bfs/archive/1573985b4950f4d1001b3a21a50adab722b0a0f1.jpg
2026-06-06,2026-06-06 23:35:04,18,BV1rg7C6TEUm,116696912369911,一句“一氧化二氢”能钓出多少“读稿机”？,中国食品报融媒体,科学科普,知识,201,291,3512767,4908,16561,146504,10718,18520,11672,1780653928,https://www.bilibili.com/video/BV1rg7C6TEUm,http://i1.hdslb.com/bfs/archive/1081ed32a36e81bee443915a997ed5f2bd56badd.jpg
2026-06-06,2026-06-06 23:35:04,19,BV1pDV86oE6S,116657217344637,热烈欢迎薛凯琪！工作之余，Fiona会带哪些让自己感到快乐的东西呢～（录完这期脑海里都是Fifi的笑声,papi酱,短片,动画,256,2017,1113278,10240,4278,115857,45590,14627,6643,1780632000,https://www.bilibili.com/video/BV1pDV86oE6S,http://i2.hdslb.com/bfs/archive/032f4048d6f94c465fc10972289999cf79f2572f.jpg
2026-06-06,2026-06-06 23:35:04,20,BV1uXEA6gEMu,116692567070822,“别着急，我来给你补充「偶！像！能！量！」”,小耗owo,手机游戏,游戏,172,80,974284,643,1905,197918,11648,42785,8644,1780624800,https://www.bilibili.com/video/BV1uXEA6gEMu,http://i1.hdslb.com/bfs/archive/64822f49e99e9fb8b41ba5e0f9e06f48d4b76446.jpg
2026-06-06,2026-06-06 23:35:04,21,BV168796PEv1,116685839403735,如此仙音唯有挠臭,lulu和露爸,喵星人,喵星人,218,26,4438661,15357,5288,558161,14647,108091,23035,1780484850,https://www.bilibili.com/video/BV168796PEv1,http://i1.hdslb.com/bfs/archive/87f3ce4876a2e50e34a2c1b24dfe10ae34700a55.jpg
2026-06-06,2026-06-06 23:35:04,22,BV1uX7k6UENx,116696761239484,巨构：没有告别,巨构ai,网络游戏,游戏,65,19,1732644,2220,4736,295236,11329,104794,4013,1780651506,https://www.bilibili.com/video/BV1uX7k6UENx,http://i0.hdslb.com/bfs/archive/1422e60b2923b373953bd4ce6433b6f0e91f9501.jpg
2026-06-06,2026-06-06 23:35:04,23,BV1mhV26yETL,116683775678542,科比的哲学启示录第十四期,蟹不肉丨,影视剪辑,影视,183,74,5116168,1172,6865,315783,15454,81888,15003,1780453236,https://www.bilibili.com/video/BV1mhV26yETL,http://i0.hdslb.com/bfs/archive/738134aa027bf05aa3f3843c528db81f3d78307d.jpg
2026-06-06,2026-06-06 23:35:04,24,BV1gsEw6zExs,116691040208641,你的高考/中考/期末考belike,哈基mer-猫meme,搞笑,娱乐,138,22,695029,26126,2100,250228,27176,51037,4743,1780564012,https://www.bilibili.com/video/BV1gsEw6zExs,http://i2.hdslb.com/bfs/archive/4f76f8d127f1c6d5a990c89a161f10356e783cd4.jpg
2026-06-06,2026-06-06 23:35:04,25,BV1gWEw6gE4X,116691056987748,“这种没流量的画画最狠了”,像风如你o_O,日常,生活,21,25,2129892,629,3205,265580,7141,22293,1049,1780564358,https://www.bilibili.com/video/BV1gWEw6gE4X,http://i0.hdslb.com/bfs/archive/96621cf035234fbf3c3d6f498d6f4d5eae388c12.jpg
2026-06-06,2026-06-06 23:35:04,26,BV1GHEw6rEo4,116691140875979,无能的杰哥,神威-狗剩,影视剪辑,影视,183,154,2709837,1765,3477,130407,7344,23448,25646,1780565876,https://www.bilibili.com/video/BV1GHEw6rEo4,http://i2.hdslb.com/bfs/archive/0814d03bdf68a6a83cba4b8ba18fa6d58d6de912.jpg
2026-06-06,2026-06-06 23:35:04,27,BV1pnVm6GEQG,116685386483651,“当bro以为自己很有影响力时…”,林宇辉,社科·法律·心理,知识,124,16,869714,459,1934,251918,10019,32541,1209,1780478075,https://www.bilibili.com/video/BV1pnVm6GEQG,http://i1.hdslb.com/bfs/archive/02329b4beff89227f0f34b10ef7ca21a2b920c65.jpg
2026-06-06,2026-06-06 23:35:04,28,BV1vkVB6NEuR,116680252462308,“超微距”下的瑞士长什么样？,影视飓风,娱乐粉丝创作,娱乐,242,1369,3575116,8107,3033,157067,49564,27717,5951,1780477200,https://www.bilibili.com/video/BV1vkVB6NEuR,http://i1.hdslb.com/bfs/archive/5b0c10c80ad8bf4789b41860cadc70e8c144245b.jpg
2026-06-06,2026-06-06 23:35:04,29,BV1yiEF6WErx,116690419585062,奶香馒头,夏叔厨房,美食制作,美食,76,76,1615246,895,6984,208860,6942,18113,1091,1780554601,https://www.bilibili.com/video/BV1yiEF6WErx,http://i1.hdslb.com/bfs/archive/82992eb9cddf1a5a5e5e77e481db8626c6005de9.jpg
2026-06-06,2026-06-06 23:35:04,30,BV1PP7C63E2J,116696710912022,《师》我回母校当老师,阿廖沙别害怕_,搞笑,娱乐,138,296,1373978,418,875,139912,3443,10412,459,1780650587,https://www.bilibili.com/video/BV1PP7C63E2J,http://i0.hdslb.com/bfs/archive/b04455fde128b88ff0a92e264778512242510bc9.jpg
2026-06-06,2026-06-06 23:35:04,31,BV16BVy6wEfx,116682534162276,《你来真的啊》,伤心欲茄222,搞笑,娱乐,138,116,3122721,1235,4060,315534,6172,20828,3711,1780459200,https://www.bilibili.com/video/BV16BVy6wEfx,http://i1.hdslb.com/bfs/archive/f16abe0150882e397bf053e6d7a1e4dced090de1.jpg
2026-06-06,2026-06-06 23:35:04,32,BV1jwV663EjR,116679380112598,我的世界杯主题曲！IShowSpeed - World Cup (Champions),ishowspeedsui,竞技体育,运动,236,299,4465939,2377,10115,249144,45064,44055,14601,1780386563,https://www.bilibili.com/video/BV1jwV663EjR,http://i2.hdslb.com/bfs/archive/2807f6a9b9342740dfa8764e7bcc6e231196c94f.jpg
2026-06-06,2026-06-06 23:35:04,33,BV1W6VZ6MEbd,116674313328609,🍄欠揍气球🍄,纸片马力欧,日常,生活,21,40,3807478,3981,9050,454190,34504,236818,71241,1780309043,https://www.bilibili.com/video/BV1W6VZ6MEbd,http://i0.hdslb.com/bfs/archive/3d18bae01c4fc365d9e7e0ede5efb926e32115ad.jpg
2026-06-06,2026-06-06 23:35:04,34,BV12R7Q6MEJX,116686543914174,你说你有点难追～,未知艺术家_611,搞笑,娱乐,138,30,2495860,219,1918,231358,2761,23641,3557,1780495648,https://www.bilibili.com/video/BV12R7Q6MEJX,http://i2.hdslb.com/bfs/archive/aeaf33a25e079b26433a425ee56ac24f566861d7.jpg
2026-06-06,2026-06-06 23:35:04,35,BV1jeEc6yE75,116691593992011,《你说谁错谁就错，因为你开迈巴赫》,嘞是唐孃孃,搞笑,娱乐,138,34,2857807,167,1941,219758,2771,14472,1195,1780572588,https://www.bilibili.com/video/BV1jeEc6yE75,http://i0.hdslb.com/bfs/archive/cc74080d84744d7622f9f9dd492a1583e00aaed7.jpg
2026-06-06,2026-06-06 23:35:04,36,BV1bV7k6LExn,116697264560365,再见！一系列！高考必胜！,一数,校园学习,知识,208,193,703656,26512,13505,74175,29960,15355,5188,1780659292,https://www.bilibili.com/video/BV1bV7k6LExn,http://i2.hdslb.com/bfs/archive/5df66240b2b71ca2bc6ce697e929657b1b1df5a4.jpg
2026-06-06,2026-06-06 23:35:04,37,BV1WT7C6uEj8,116696878749194,猫 咪 的 花 语 是 老 吴🎵,幾加乘,同人·手书,动画,47,259,1257914,1394,2510,100457,14386,20327,8372,1780653131,https://www.bilibili.com/video/BV1WT7C6uEj8,http://i0.hdslb.com/bfs/archive/ad354ddb8c2e2bf697327dc182835b3d6014f4b1.jpg
2026-06-06,2026-06-06 23:35:04,38,BV15wVB6YECT,116678608359768,一顿饭只要三块钱，客人吃着吃着，人就“没了”,瞎通不设计了,美食侦探,美食,212,187,2325056,2438,6293,283455,164722,27131,4068,1780390800,https://www.bilibili.com/video/BV15wVB6YECT,http://i1.hdslb.com/bfs/archive/fd898a754bc3cf4317349a2b3c4394e104417434.jpg
2026-06-06,2026-06-06 23:35:04,39,BV1RvVo6QEqo,116674682426936,不儿，你俩来真的啊？！,主持人yoyo酱,搞笑,娱乐,138,265,5698812,16013,12374,681150,514808,123654,14299,1780314627,https://www.bilibili.com/video/BV1RvVo6QEqo,http://i1.hdslb.com/bfs/archive/e8bde3297455f3796e516de2362d5eb1085d9abf.jpg
2026-06-06,2026-06-06 23:35:04,40,BV1QzVR63E3L,116671930963542,回忆永远都是加分项,央视新闻,日常,生活,21,184,3628571,28580,24006,634260,245630,192988,59727,1780286400,https://www.bilibili.com/video/BV1QzVR63E3L,http://i2.hdslb.com/bfs/archive/f4dc3fe8ea88a450877315e867b4995121d5dbf6.jpg
2026-06-06,2026-06-06 23:35:04,41,BV1VWVz6TELx,116679598147712,星际穿越的我，试图提醒过去的自己....,考研英语大雁,校园学习,知识,208,33,2984921,671,2364,384090,8463,50123,6669,1780389685,https://www.bilibili.com/video/BV1VWVz6TELx,http://i0.hdslb.com/bfs/archive/5822709cbd5c2a8a09fabc50bcfdcfc29859f9a1.jpg
2026-06-06,2026-06-06 23:35:04,42,BV1T9Vm6UE2N,116684681647760,《古剑》3分钟战斗实机 | 线下试玩招募开启,古剑,单机游戏,游戏,17,168,2757409,2796,8362,54000,30434,17728,18745,1780698215,https://www.bilibili.com/video/BV1T9Vm6UE2N,http://i0.hdslb.com/bfs/archive/d18a0e2a80905c1a2bfe0d000c3ca47aa1548899.jpg
2026-06-06,2026-06-06 23:35:04,43,BV1bwV161Er2,116684413209270,【aespa】LEMONNNN,aespa,音乐综合,音乐,130,11,6267636,11911,23704,120865,28389,14066,7574,1780475400,https://www.bilibili.com/video/BV1bwV161Er2,http://i1.hdslb.com/bfs/archive/1e63fbee388c793dc0403c872eefb52a8d7d8615.jpg
2026-06-06,2026-06-06 23:35:04,44,BV1xU7f6xEjt,116690939546284,CF单机叙事续作——《穿越火线：潜伏》实机首曝,穿越火线潜伏,单机游戏,游戏,17,308,3285032,1046,3602,86913,5297,16349,8969,1780696800,https://www.bilibili.com/video/BV1xU7f6xEjt,http://i0.hdslb.com/bfs/archive/140a4abb0c80a2aa1e7cb7126c978567b667ed12.jpg
2026-06-06,2026-06-06 23:35:04,45,BV1R7Ew65ERR,116691124229360,当爸爸找亲戚买手机,刘鸿哥哥,小剧场,娱乐,85,119,2202933,890,2644,149954,1260,8022,1594,1780565630,https://www.bilibili.com/video/BV1R7Ew65ERR,http://i0.hdslb.com/bfs/archive/5e4feb10a7cf9e178bf7e9a619d62843bc5ae8b2.jpg
2026-06-06,2026-06-06 23:35:04,46,BV1hAVm6XEE2,116685570836474,【传奇耐熬王】经典排骨💀60天仍然有5人存活💪到最后拼的就是谁身体好！🤦‍♂️,-超级小能猫-,搞笑,娱乐,138,2617,2263037,13948,2846,84311,18269,41357,3777,1780481719,https://www.bilibili.com/video/BV1hAVm6XEE2,http://i0.hdslb.com/bfs/archive/dc3782f8b522707e818c2537030e1b8893332367.jpg
2026-06-06,2026-06-06 23:35:04,47,BV1F7716gE1d,116697667213269,不降 |《归唐》夏日游戏节剧情初窥预告,归唐,单机游戏,游戏,17,195,4210785,1889,6739,99418,2936,9957,5311,1780694417,https://www.bilibili.com/video/BV1F7716gE1d,http://i1.hdslb.com/bfs/archive/ee1e7f11e5576321abd715ef6582c5b5fe323c2d.jpg
2026-06-06,2026-06-06 23:35:04,48,BV1yo7B68EHX,116695117207554,《鸣潮》×《赛博朋克：边缘行者》共鸣者战斗演示 | 露西,鸣潮,单机游戏,游戏,17,283,2205053,2287,8179,76850,23471,13466,14363,1780628400,https://www.bilibili.com/video/BV1yo7B68EHX,http://i2.hdslb.com/bfs/archive/61426f2876187b9326f1b732fdea7044e08d7ea3.jpg
2026-06-06,2026-06-06 23:35:04,49,BV1DB7f6AEBK,116690989942959,最 不 物 质 之 人,张八筒筒,日常,生活,21,127,2001809,820,841,158939,1344,7938,729,1780563943,https://www.bilibili.com/video/BV1DB7f6AEBK,http://i1.hdslb.com/bfs/archive/612e05a8e02454bd4e3723991d4808f061b1c188.jpg
2026-06-06,2026-06-06 23:35:04,50,BV1EwEF62EhA,116690721443492,当校长挑选教室地板时,Cheems电玩屋,日常,生活,21,18,4234650,703,4005,175109,602,6411,411,1780559484,https://www.bilibili.com/video/BV1EwEF62EhA,http://i0.hdslb.com/bfs/archive/8916553504d48aec3ba5ad2bdfeec5fcf7eefc1c.jpg
2026-06-06,2026-06-06 23:35:04,51,BV1aFVm6REvY,116685537281059,蜘蛛糸モノポリー,苏酥鱼鱼喵,MMD·3D,动画,25,113,627236,174,1396,124638,4965,45914,3582,1780480166,https://www.bilibili.com/video/BV1aFVm6REvY,http://i0.hdslb.com/bfs/archive/43aeddbc4a47c5117090dc56e61b94bb7a858ec0.jpg
2026-06-06,2026-06-06 23:35:04,52,BV1nWVm6uEqb,116685285624503,我吃牛瘪火锅 结果买错牛胃了,张离谱Dreams,搞笑,娱乐,138,97,2124626,1103,3007,142120,2368,38562,10430,1780476405,https://www.bilibili.com/video/BV1nWVm6uEqb,http://i0.hdslb.com/bfs/archive/6f4f02f224993a1933f3e515e84d84edb5ca3808.jpg
2026-06-06,2026-06-06 23:35:04,53,BV1xuVC6AEbg,116681426868021,今天把我关于《丧尸清道夫》的创作思路分享给大家，如果能帮到你，我会很开心。,Mx-Shell,影视剪辑,影视,183,2573,1202165,887,1951,71367,28879,73581,10255,1780452000,https://www.bilibili.com/video/BV1xuVC6AEbg,http://i0.hdslb.com/bfs/archive/4a766d587664347016b0288147deb324a2964232.jpg
2026-06-06,2026-06-06 23:35:04,54,BV1kzVy6hEGb,116682517385619,手绘2000多张沙画，历时3年制作,胡雪朗,绘画,绘画,162,54,794404,771,1462,181157,44767,25911,3821,1780457400,https://www.bilibili.com/video/BV1kzVy6hEGb,http://i0.hdslb.com/bfs/archive/959cf6a92144f70d7339865fe00cd198c4c8da9e.jpg
2026-06-06,2026-06-06 23:35:04,55,BV1L7Ew65ETv,116691124098703,我养护的石拱桥，已经被国家收录为不可移动文物！,抓紧长长长呀,三农,生活,251,604,1567677,1041,1979,113128,6473,8240,432,1780565746,https://www.bilibili.com/video/BV1L7Ew65ETv,http://i1.hdslb.com/bfs/archive/56f52737bc566db19c5316ccdcc3b87cc81709e0.jpg
2026-06-06,2026-06-06 23:35:04,56,BV1LLVU6eE1t,116684782373820,你到底娶不娶我…,ENX叉叉酱,同人·手书,动画,47,77,897043,1401,6860,169733,9858,17170,4668,1780484400,https://www.bilibili.com/video/BV1LLVU6eE1t,http://i0.hdslb.com/bfs/archive/cffaf3db4947fd6d7956bd49b83dcea884c3307b.jpg
2026-06-06,2026-06-06 23:35:04,57,BV1Ja7k6AE1b,116697063235411,我又给花朵加了个开关！,是玉木呀,设计·创意,设计·创意,229,104,744360,402,624,123410,13159,24289,2381,1780656042,https://www.bilibili.com/video/BV1Ja7k6AE1b,http://i0.hdslb.com/bfs/archive/c05470a618fc67ee60cb9df153eb5ad6d3c8ce08.jpg
2026-06-06,2026-06-06 23:35:04,58,BV1L8Gq6aEVt,116622471922186,评论区摄影大赛直击人心篇开启，欢迎投稿好的作品会让更多人看到。,摄影恩哥,日常,生活,21,137,997271,374,3460,131259,1108,8426,188,1780651800,https://www.bilibili.com/video/BV1L8Gq6aEVt,http://i0.hdslb.com/bfs/archive/d3eeaf9390b7eb77f3e8017f5ee769d473203355.jpg
2026-06-06,2026-06-06 23:35:04,59,BV1vEEP6HEFw,116692281789801,2025年出货量370万台！激光雷达真成“安全气囊”了？,保镖的车库,新能源车,新能源车,247,606,1312001,476,602,96170,2724,10507,365,1780653900,https://www.bilibili.com/video/BV1vEEP6HEFw,http://i1.hdslb.com/bfs/archive/76872e6b743f73527ee70c89a75c39214a868540.jpg
2026-06-06,2026-06-06 23:35:04,60,BV1ogV26FEhB,116683943643894,兄弟们！今天给良子做一个入营测试，这身体身体素质，跟我想的不太一样啊!,健身华哥,运动综合,运动,238,246,2793881,4940,61327,129890,3750,7669,14796,1780455998,https://www.bilibili.com/video/BV1ogV26FEhB,http://i1.hdslb.com/bfs/archive/0ef39901811fd5680c39a67445609ba38a9560c2.jpg
2026-06-06,2026-06-06 23:35:04,61,BV1jz7k6tEkL,116696979347018,教程来啦兄弟们 拍起来,是柳宗元,电子竞技,游戏,171,46,1974439,167,750,149099,2458,22179,1164,1780654702,https://www.bilibili.com/video/BV1jz7k6tEkL,http://i0.hdslb.com/bfs/archive/becaa38ea9e7437bed18411340db6d5da7f4cd54.jpg
2026-06-06,2026-06-06 23:35:04,62,BV1uE7d6JEAp,116688674624635,啥龙：医生说我只剩几天了……,小陈的脚凑凑的,日常,生活,21,181,989824,1182,1596,71489,5853,17072,3494,1780528049,https://www.bilibili.com/video/BV1uE7d6JEAp,http://i1.hdslb.com/bfs/archive/e92886e4f49270b6f1a24481e0b0851d64e70fc4.jpg
2026-06-06,2026-06-06 23:35:04,63,BV15z766SE1A,116696341812776,假如高考什么都可以带,小安苒AIGC,校园学习,知识,208,177,2074631,2469,2334,86799,2130,6465,1555,1780646400,https://www.bilibili.com/video/BV15z766SE1A,http://i2.hdslb.com/bfs/archive/ed743a6a86446310a9957bce92faa671a082a6d8.jpg
2026-06-06,2026-06-06 23:35:04,64,BV1JKEw6QEw9,116691509970719,我读了你们的评论 把阎王召唤出来了T_T,汤木檀泽,日常,生活,21,959,1757629,1427,1586,107231,6178,16647,504,1780571268,https://www.bilibili.com/video/BV1JKEw6QEw9,http://i1.hdslb.com/bfs/archive/0b6c7ccb214b6211a4cf9a8741eb473536e42587.jpg
2026-06-06,2026-06-06 23:35:04,65,BV1gzVC6kE1S,116683507243907,【低成本在家实现牛排自由‼️ 】,村驴,美食制作,美食,76,329,959147,580,2390,91423,8732,68554,9665,1780449310,https://www.bilibili.com/video/BV1gzVC6kE1S,http://i0.hdslb.com/bfs/archive/005d3e68934a884c17ab0f89f1daac2ae9982f39.jpg
2026-06-06,2026-06-06 23:35:04,66,BV1xdEc6bEcK,116691426088191,肉食脑袋的硬菜局！爆辣猪蹄+火锅鸡泡面香迷糊,方芳的快乐生活,美食侦探,美食,212,1134,1704747,1440,820,81759,9729,14036,2762,1780571551,https://www.bilibili.com/video/BV1xdEc6bEcK,http://i1.hdslb.com/bfs/archive/bdc078c74f5e0987fffca10262d6ced73d562c27.jpg
2026-06-06,2026-06-06 23:35:04,67,BV1MG7961Efg,116685688276783,下 一 个 抓 谁 ！！！,啊吗粽,搞笑,娱乐,138,586,1358307,4340,2242,121352,58970,22471,2949,1780482465,https://www.bilibili.com/video/BV1MG7961Efg,http://i2.hdslb.com/bfs/archive/55e9b58ea3d6a84a655b0d2607bb6ff7e31c6d34.jpg
2026-06-06,2026-06-06 23:35:04,68,BV1797X6ZEvW,116686158038804,真跳60分钟，天台暴晒也算时间哦,矮乐多Aliga,日常,生活,21,3639,1141808,1060,1671,63248,12549,22268,2544,1780490050,https://www.bilibili.com/video/BV1797X6ZEvW,http://i0.hdslb.com/bfs/archive/51a11a46ff9c8a78cf19a5444bd1f18bb0099c9d.jpg
2026-06-06,2026-06-06 23:35:04,69,BV18qVr6KEk8,116680554519472,一个投了3万元必火的视频,奥利奥利奥是1,日常,生活,21,46,963259,1702,8331,236943,21535,25754,4450,1780405200,https://www.bilibili.com/video/BV18qVr6KEk8,http://i0.hdslb.com/bfs/archive/0c023b00bd1d3a694bdd40c9d19039f1436532b1.jpg
2026-06-06,2026-06-06 23:35:04,70,BV1Nk7X6TEnq,116686023955827,半个小孩，全部的妈妈,超级猫猫兽,同人·手书,动画,47,483,1589413,1786,4872,130754,20653,57351,4776,1780487705,https://www.bilibili.com/video/BV1Nk7X6TEnq,http://i0.hdslb.com/bfs/archive/25cb3d6f6dd951590c71a8ea993463455554b0c6.jpg
2026-06-06,2026-06-06 23:35:04,71,BV1jLVU6eEXE,116684782377667,可不可以买三十块烧腊？,食深烧腊,美食测评,美食,213,99,1069371,775,2254,125045,73009,5596,589,1780468779,https://www.bilibili.com/video/BV1jLVU6eEXE,http://i1.hdslb.com/bfs/archive/62b6a42513640bcbd689b2a89fb9b999a1205332.jpg
2026-06-06,2026-06-06 23:35:04,72,BV1hG7y69Ej2,116698036313694,史上最骚特工(第二集),老番茄,单机游戏,游戏,17,842,1170329,2585,1565,89753,29989,23464,1361,1780716600,https://www.bilibili.com/video/BV1hG7y69Ej2,http://i2.hdslb.com/bfs/archive/c4778bfde8d395e0f91e2f746393736302e8205c.jpg
2026-06-06,2026-06-06 23:35:04,73,BV1uX7k6UEPn,116696761239539,把硬装的喊过来！,脱缰凯Kk,小剧场,娱乐,85,219,1108493,1473,1477,83206,2486,8783,574,1780651876,https://www.bilibili.com/video/BV1uX7k6UEPn,http://i1.hdslb.com/bfs/archive/1a5306b127f7814fe75bc726966f0f675fcb7e33.jpg
2026-06-06,2026-06-06 23:35:04,74,BV1cmVz6DEmi,116679329712224,初代跑男团战力排行,东方日出哇,特摄,动画,86,600,2174206,5598,3491,176972,8095,23118,4239,1780385423,https://www.bilibili.com/video/BV1cmVz6DEmi,http://i0.hdslb.com/bfs/archive/ee051686685860fea8d8721ddf5c5d7f35a85e5f.jpg
2026-06-06,2026-06-06 23:35:04,75,BV1usEw6zEiy,116691040210390,【餐馆TV】UP今天发烧了……作品会不会受影响啊,大乾乾是顾乾宇,小剧场,娱乐,85,141,866056,1544,2607,98685,2987,11877,6924,1780564633,https://www.bilibili.com/video/BV1usEw6zEiy,http://i1.hdslb.com/bfs/archive/6d69be5e1f22dec4058e90f795df2ff7c21e4a91.jpg
2026-06-06,2026-06-06 23:35:04,76,BV1Qb7R6XECX,116687064072844,⚡冷 笑 话 大 全 6.0⚡,污污云,鬼畜调教,鬼畜,22,66,1343005,189,978,98643,1845,40113,4946,1780545600,https://www.bilibili.com/video/BV1Qb7R6XECX,http://i2.hdslb.com/bfs/archive/edf5ec9306bef71931b52d5b0a961e13f1ecc966.jpg
2026-06-06,2026-06-06 23:35:04,77,BV15W7C6tEyc,116696425766532,送你一片夕阳！,困雀雀,仿妆cos,时尚,252,36,482476,123,1962,145932,7216,25639,2167,1780646468,https://www.bilibili.com/video/BV15W7C6tEyc,http://i2.hdslb.com/bfs/archive/86973af2078693bfe5fc81d4dae783648e7fb904.jpg
2026-06-06,2026-06-06 23:35:04,78,BV1ps796qErr,116685822560107,谁在等谁的出现,为了我活下去,综合,综合,27,36,599558,294,1604,182331,9169,29543,2127,1780484521,https://www.bilibili.com/video/BV1ps796qErr,http://i1.hdslb.com/bfs/archive/49a476c711b1d61ec7ffa37684a398ddb857435a.jpg
2026-06-06,2026-06-06 23:35:04,79,BV1F9Vz62ExS,116679262606457,一辈子一定要体验一次的游戏，绝对不能被剧透的神作,易铭小疯子,网络游戏,游戏,65,537,1113200,5298,8799,63898,8146,69520,4198,1780403895,https://www.bilibili.com/video/BV1F9Vz62ExS,http://i2.hdslb.com/bfs/archive/d453d6bbde6ccd80f0fd714edde7b754c3e5255e.jpg
2026-06-06,2026-06-06 23:35:04,80,BV1JAEw69EUS,116691342200777,生完宝宝之后我再也不敢得罪我老公了，因为……,笑哥走丢了a,亲子,生活,254,89,1798739,714,5912,136704,2308,6198,1453,1780568869,https://www.bilibili.com/video/BV1JAEw69EUS,http://i2.hdslb.com/bfs/archive/2496ecbfca22198efdffe5b1855ea840b90edb2a.jpg
2026-06-06,2026-06-06 23:35:04,81,BV1LCV66VE45,116680873346829,剥蒜的情谊147.0,NinthA-,网络游戏,游戏,65,147,1820949,775,842,130921,1701,22046,1713,1780455600,https://www.bilibili.com/video/BV1LCV66VE45,http://i1.hdslb.com/bfs/archive/21d74a2ecc26d0c95ecd1e1af6e84bf567bf37c9.jpg
2026-06-06,2026-06-06 23:35:04,82,BV1edV26tEsB,116685654722666,复仇整蛊！蛋黄派伪装摄影师突袭周深，几秒就被识破？,记录生活的蛋黄派,美食测评,美食,213,556,3272256,7449,2983,102023,30202,48666,3921,1780565400,https://www.bilibili.com/video/BV1edV26tEsB,http://i2.hdslb.com/bfs/archive/a16b60bc03719059e3218dee538877f554f3f9b4.jpg
2026-06-06,2026-06-06 23:35:04,83,BV19J7r6HESb,116695704274527,【抱佛脚】高考语文！选择题？最后一课！,学过石油的语文老师,校园学习,知识,208,1200,742055,34482,9619,38649,15460,19788,3736,1780660800,https://www.bilibili.com/video/BV19J7r6HESb,http://i0.hdslb.com/bfs/archive/f8d05a7621ff85694f1ddb7ac6c3c775b0e01965.jpg
2026-06-06,2026-06-06 23:35:04,84,BV1MtEF6fEga,116690436233152,全国男生统一迷惑行为,王小洋-已黑化,日常,生活,21,446,796478,2507,1788,66697,1449,12101,1854,1780567200,https://www.bilibili.com/video/BV1MtEF6fEga,http://i1.hdslb.com/bfs/archive/696e0beeae3b0520b2aeae3a4aa24c0eeb689fcd.jpg
2026-06-06,2026-06-06 23:35:04,85,BV1XS796JETP,116687701545253,"""见过花开就好 何必在意花为谁开""19.0",我爱吃派大星,音乐综合,音乐,130,163,1324159,611,1155,73108,924,8402,446,1780532400,https://www.bilibili.com/video/BV1XS796JETP,http://i1.hdslb.com/bfs/archive/29288eae5b7e0f9e2243fa9682885eab8981887d.jpg
2026-06-06,2026-06-06 23:35:04,86,BV16sEc6SEwE,116692030070649,班级里的某些努力姐belike：,不懂爱的喵,AI音乐,AI音乐,265,81,1964210,485,4254,117021,515,8995,3774,1780579469,https://www.bilibili.com/video/BV16sEc6SEwE,http://i2.hdslb.com/bfs/archive/711ed87052e442f67c408a6e4e372e876c02a3f0.jpg
2026-06-06,2026-06-06 23:35:04,87,BV1ZUEF65EzU,116690016801808,论画手的高三生活有多燃！,圆脸面包人,绘画,绘画,162,141,732534,307,603,86916,3098,12815,1727,1780548385,https://www.bilibili.com/video/BV1ZUEF65EzU,http://i2.hdslb.com/bfs/archive/d2c74006b8fe69158c1e24fb31690a791ce674d0.jpg
2026-06-06,2026-06-06 23:35:04,88,BV1r6V26BE9i,116685486949496,《上海奥特曼4：沪特曼集结！》,册那队长,小剧场,娱乐,85,53,3079654,993,5500,137502,10038,19626,31392,1780479544,https://www.bilibili.com/video/BV1r6V26BE9i,http://i0.hdslb.com/bfs/archive/a062cb9d7991230d0d7287d7d8fd5bead9ec6788.jpg
2026-06-06,2026-06-06 23:35:04,89,BV1xR7S6hEkB,116700804683368,菲比：就你们寝室最吵！！,Lm海洋,音乐综合,音乐,130,262,436623,413,2139,43820,33545,19131,7276,1780713190,https://www.bilibili.com/video/BV1xR7S6hEkB,http://i1.hdslb.com/bfs/archive/348cd3608f962369b093721ee90e2515a127a833.jpg
2026-06-06,2026-06-06 23:35:04,90,BV1f3VU6KEqy,116684832644044,"从""健身芭比""到""女企业家""，帕梅拉有多会""赚""？",小Lin说,财经商业,知识,207,1745,2041214,1794,1501,55965,10773,18623,3449,1780479000,https://www.bilibili.com/video/BV1f3VU6KEqy,http://i0.hdslb.com/bfs/archive/ad9df863f29ccc8f07472fc5234c04740f6ee4b3.jpg
2026-06-06,2026-06-06 23:35:04,91,BV1um7665EpW,116696325033820,讷,水生植物人owo,日常,生活,21,16,683522,525,3953,108821,2464,29023,10680,1780644714,https://www.bilibili.com/video/BV1um7665EpW,http://i2.hdslb.com/bfs/archive/ce971f171b1f22d061819b3fea882f5d4af2a608.jpg
2026-06-06,2026-06-06 23:35:04,92,BV1xZ7k6LESp,116696778084201,“哎呀 我们的主角倒下啦～”,西门小昭,综合,综合,27,30,534222,81,766,104846,6810,42174,1702,1780655400,https://www.bilibili.com/video/BV1xZ7k6LESp,http://i2.hdslb.com/bfs/archive/2c5c6c548ed488771077293e2f7bfcfb435e4744.jpg
2026-06-06,2026-06-06 23:35:04,93,BV1uTEc6AEzV,116691963025070,以为这次断更，会是永别,ONLee_Studio,日常,生活,21,211,926069,1759,2525,61811,21242,4196,915,1780578368,https://www.bilibili.com/video/BV1uTEc6AEzV,http://i0.hdslb.com/bfs/archive/65223f1fb3bbe6f7b6e2b1e84b56584802350ec6.jpg
2026-06-06,2026-06-06 23:35:04,94,BV13HEw6rEhc,116691140873202,接龙游戏开发，但都绷住了,M木糖M,单机游戏,游戏,17,933,985056,1127,709,56265,7798,10039,829,1780630200,https://www.bilibili.com/video/BV13HEw6rEhc,http://i2.hdslb.com/bfs/archive/1083ae38f0917802668505e94ed2fe06226cc58b.jpg
2026-06-06,2026-06-06 23:35:04,95,BV1yc7r6vE1C,116695905734805,关于我18岁为什么不去参加高考,我不是赤寒,日常,生活,21,126,937995,1179,5607,105472,5395,11298,1504,1780638439,https://www.bilibili.com/video/BV1yc7r6vE1C,http://i1.hdslb.com/bfs/archive/294ac25c415d3dcaf5c46bbc02fb5df23da86784.jpg
2026-06-06,2026-06-06 23:35:04,96,BV12QEc6wETE,116691744917719,“我想我再也不会谈恋爱了”,柯洁,影视剪辑,影视,183,34,1324569,890,4381,141456,5686,6725,6131,1780574976,https://www.bilibili.com/video/BV12QEc6wETE,http://i0.hdslb.com/bfs/archive/47071584488230edc82fe88b8fe9b87eb57cd115.jpg
2026-06-06,2026-06-06 23:35:04,97,BV1tV7k6LEyH,116697264556028,你或许不认识我 但我唱的歌你或许？？听过？,喵☆酱,翻唱,音乐,31,443,409106,3607,1846,85749,5359,11649,832,1780659262,https://www.bilibili.com/video/BV1tV7k6LEyH,http://i1.hdslb.com/bfs/archive/f27fa302b117dedb6f353c75770d440ca8982c33.jpg
2026-06-06,2026-06-06 23:35:04,98,BV1ZREP6dEcU,116693758117714,扫落叶全清洁100%速通39分03秒leaf it alone,闲云豹,单机游戏,游戏,17,2367,713891,830,979,60104,6261,12205,2513,1780605809,https://www.bilibili.com/video/BV1ZREP6dEcU,http://i1.hdslb.com/bfs/archive/3385291fb621bd6cb0c5fb61712551a6e5b91b00.jpg
2026-06-06,2026-06-06 23:35:04,99,BV1G1VB6PEro,116680286144492,今天的员工够燥的~#异宠 #爬宠 #慢宠时钟 #萌宠,慢宠日记啊,日常,生活,21,79,3650810,679,3620,145788,1849,10614,6824,1780400126,https://www.bilibili.com/video/BV1G1VB6PEro,http://i0.hdslb.com/bfs/archive/816ee56ee784d2ccfe8c14d2289cfa7fa2839d73.jpg
2026-06-06,2026-06-06 23:35:04,100,BV1Zj7C6wEJY,116696845125445,织棉为布，非遗土布。用千年蓝染，重现极致的东方浪漫,花木紫Huamuz,手工,生活,161,401,837831,1240,1863,66348,5932,6024,455,1780652882,https://www.bilibili.com/video/BV1Zj7C6wEJY,http://i0.hdslb.com/bfs/archive/753a39454d2f1455af84effb021941e20ad4c2c7.jpg
