rank_date,snapshot_time,rank_position,bvid,aid,title,author,category,main_category,tid,duration,view_count,danmaku_count,reply_count,like_count,coin_count,favorite_count,share_count,pubdate,video_url,cover_url
2026-06-12,2026-06-12 03:45:28,1,BV18VED63EBi,116722866586138,认为自己旅游运差时可以看看我.,风景旅行收藏家,日常,生活,21,163,2325138,2122,6651,309539,9953,98179,10103,1781064000,https://www.bilibili.com/video/BV18VED63EBi,http://i0.hdslb.com/bfs/archive/45526dcb51d3f4a21d85270926d87f0374679047.jpg
2026-06-12,2026-06-12 03:45:28,2,BV1T4E36FEUh,116715249797275,新三国up锐评老三国01：这才叫真正的三国！,吃蛋挞的折棒,影视杂谈,影视,182,1406,2518086,23904,13919,215845,202087,47733,10337,1780970400,https://www.bilibili.com/video/BV1T4E36FEUh,http://i2.hdslb.com/bfs/archive/f970ea0af673a4fb40a103bd7530328c2d4550b8.jpg
2026-06-12,2026-06-12 03:45:28,3,BV1zzEu6GEHW,116714209545674,《别替我吹了》,伤心欲茄222,搞笑,娱乐,138,119,4098098,3939,16562,325442,9474,19612,3531,1780977600,https://www.bilibili.com/video/BV1zzEu6GEHW,http://i2.hdslb.com/bfs/archive/a53f0df5bb61b89094597f7f5d9ca61c0dd0b6c8.jpg
2026-06-12,2026-06-12 03:45:28,4,BV1wEEg62EDP,116714109014293,Blender原创动画 |工程展示|Lan library,Lan_er2,野生技能协会,野生技能协会,122,281,1513074,438,2072,203804,27861,45473,4179,1780916150,https://www.bilibili.com/video/BV1wEEg62EDP,http://i1.hdslb.com/bfs/archive/e5fa56ef7c04180134210420e575b9913adab385.jpg
2026-06-12,2026-06-12 03:45:28,5,BV1UzE765Ewm,116719964133557,还能再来一次吗…,小潮院长,搞笑,娱乐,138,2527,2036953,23314,4017,173281,80721,55035,3030,1781064000,https://www.bilibili.com/video/BV1UzE765Ewm,http://i2.hdslb.com/bfs/archive/f90ba4cac305606c3358ab4924e3d68f476769fe.jpg
2026-06-12,2026-06-12 03:45:28,6,BV1w5EM6rEEd,116713253378153,羊把自己放进冰箱,霉冥_,网络游戏,游戏,65,147,1882475,3726,5028,201092,7758,55634,12853,1780903112,https://www.bilibili.com/video/BV1w5EM6rEEd,http://i2.hdslb.com/bfs/archive/966afa69b6bdcc8d7001e6a83adb30c1a08a28e8.jpg
2026-06-12,2026-06-12 03:45:28,7,BV1BcEE6FE5L,116719527926628,高考结束后回校的高二生,阿君AI小剧场,影视剪辑,影视,183,56,6410425,15866,12569,283422,2392,20834,10200,1780998789,https://www.bilibili.com/video/BV1BcEE6FE5L,http://i1.hdslb.com/bfs/archive/1c4746ea93e44d9e7b9ab226a2ccbf8055ce9a2a.jpg
2026-06-12,2026-06-12 03:45:28,8,BV1XGEE6QEcw,116719662208227,2026新一卷数学！难出天际？？？！,一数,校园学习,知识,208,5377,2581994,10574,17822,94831,12575,50698,18800,1781001140,https://www.bilibili.com/video/BV1XGEE6QEcw,http://i2.hdslb.com/bfs/archive/76e388cafc01c667f41f914a76d4e41c7f2cc262.jpg
2026-06-12,2026-06-12 03:45:28,9,BV1ytEu6SESN,116714595420698,我以为我们大了 会看些成熟的东西,车瓶人虹泽RC,改装玩车,改装玩车,246,79,3305618,1359,7524,248664,8330,35961,17787,1780923684,https://www.bilibili.com/video/BV1ytEu6SESN,http://i0.hdslb.com/bfs/archive/f2085858e4d1c4dc4e66debafb61d62e325f47cc.jpg
2026-06-12,2026-06-12 03:45:28,10,BV1W4EE6GECF,116719444036187,【某幻】《盛世天下》再返深宫，活下来！,某幻君,影视剪辑,影视,183,33005,4302341,59210,7654,65856,40247,38217,9590,1780998850,https://www.bilibili.com/video/BV1W4EE6GECF,http://i2.hdslb.com/bfs/archive/f47d9615812e7adcf174b811036e3e4cddc602d0.jpg
2026-06-12,2026-06-12 03:45:28,11,BV13CE26NEmn,116720668772175,瓜摊监狱兔,Raymondsese,MV,MV,193,123,2244594,2065,3907,176040,36348,46201,21917,1781016173,https://www.bilibili.com/video/BV13CE26NEmn,http://i0.hdslb.com/bfs/archive/91c44571ac7cd0990de538435c03d3e6b1d4071c.jpg
2026-06-12,2026-06-12 03:45:28,12,BV1aMEj62EdA,116718873614328,🐱躲在超市后门哈气的二人🐱,初小晓Dawn,人力VOCALOID,人力VOCALOID,126,109,1444597,297,3874,160974,9897,46295,19195,1780996200,https://www.bilibili.com/video/BV1aMEj62EdA,http://i2.hdslb.com/bfs/archive/25787049eaa7ba31fe709a2bd6cd951400dcd93c.jpg
2026-06-12,2026-06-12 03:45:28,13,BV1ALEg6UEeN,116714075461800,《高考固定NPC 2026》,嘞是唐孃孃,搞笑,娱乐,138,79,4241997,350,4006,299360,3906,20253,3929,1780915783,https://www.bilibili.com/video/BV1ALEg6UEeN,http://i1.hdslb.com/bfs/archive/609a023ae422249567553ffc4b214b75b2eb952d.jpg
2026-06-12,2026-06-12 03:45:28,14,BV1keEu61EfE,116714528315531,末世先杀圣母,云篆写空山,日常,生活,21,121,3957245,2202,4998,185545,6614,21793,5108,1780922683,https://www.bilibili.com/video/BV1keEu61EfE,http://i0.hdslb.com/bfs/archive/7cb98523c111dda7c15042c1205dbd53c610e1c0.jpg
2026-06-12,2026-06-12 03:45:28,15,BV1JaE56pEKE,116717783095009,12 个脑洞大开的美食制作方式，有手就会！,胡仔一人食,美食制作,美食,76,382,1753361,981,1318,87485,4333,44741,6580,1780977600,https://www.bilibili.com/video/BV1JaE56pEKE,http://i2.hdslb.com/bfs/archive/25fa607c0d502c0e3cfbf8f24c5fb5e1ca698cc4.jpg
2026-06-12,2026-06-12 03:45:28,16,BV1sJEZ6nEjb,116726591198647,18岁｜替身使者，会相互吸引。jojo黑帮摇敬上！,悠哈酱Yo,宅舞,舞蹈,20,48,1657265,854,2641,188465,11426,35967,4038,1781106772,https://www.bilibili.com/video/BV1sJEZ6nEjb,http://i0.hdslb.com/bfs/archive/b9799045e8e31d3e2632dee2755f381c7639ef20.jpg
2026-06-12,2026-06-12 03:45:28,17,BV1GCE26NE6S,116720668777445,9月10日发售《东方红魔乡：新典　～ the Embodiment of Scarlet Devil.》第一弹预告片,上海爱丽丝幻乐团,单机游戏,游戏,17,67,892679,3225,21020,105108,32422,30009,53665,1781016359,https://www.bilibili.com/video/BV1GCE26NE6S,http://i2.hdslb.com/bfs/archive/f6e59c096c0b36085b2b96527ad16724f0eea0a6.jpg
2026-06-12,2026-06-12 03:45:28,18,BV1GLER6sEVa,116724578124362,今年最恶毒烂梗出炉，一个梗骂几亿中国人，我没见过这么恶心的营销手段！,王小七Fire,社科·法律·心理,知识,124,501,1621409,4738,11860,82866,29317,16246,4111,1781085600,https://www.bilibili.com/video/BV1GLER6sEVa,http://i1.hdslb.com/bfs/archive/1aa00193c3352015575ed146f2d1d16ff8fe8851.jpg
2026-06-12,2026-06-12 03:45:28,19,BV1vUEu6KEyw,116714175989459,和日本女友去她丈母娘家里,我不是黄毛-,搞笑,娱乐,138,276,2331538,2146,1942,141449,1907,10505,1404,1780917899,https://www.bilibili.com/video/BV1vUEu6KEyw,http://i0.hdslb.com/bfs/archive/0ff11df121432a1b7599f76c12954dfc8beb57a9.jpg
2026-06-12,2026-06-12 03:45:28,20,BV1c1Em6XENw,116720182299931,“撕裂挡在我前面的一切”【Scar face】【剧情反转の小曲】,早睡起大王,鬼畜调教,鬼畜,22,141,1585110,463,1391,117763,740,20155,1183,1781010000,https://www.bilibili.com/video/BV1c1Em6XENw,http://i1.hdslb.com/bfs/archive/4ca95418fe3e3eccdc3c093fab7c9a1ef292d3dc.jpg
2026-06-12,2026-06-12 03:45:28,21,BV1iwEE6bEYj,116719712470567,虎哥摩根时代请勿模仿虎哥已经来到哔哩哔哩入驻,虎哥二次元教父,鬼畜调教,鬼畜,22,32,6704190,2603,2754,336909,8098,26087,4608,1781001620,https://www.bilibili.com/video/BV1iwEE6bEYj,http://i0.hdslb.com/bfs/archive/1814c6696820d0b663e9e13a0a62785f3e2122c9.jpg
2026-06-12,2026-06-12 03:45:28,22,BV16ZEh6zEN5,116711021940487,《垫底牢大重制版》：丁真帮助科比高考逆袭清北,村村狗熊,赛车,赛车,245,735,2214157,3813,4188,121739,18925,25149,14371,1780885800,https://www.bilibili.com/video/BV16ZEh6zEN5,http://i1.hdslb.com/bfs/archive/8d7c30025ee6b66fd8aafe7e64fe6b4890bbdf89.jpg
2026-06-12,2026-06-12 03:45:28,23,BV16MEs6UEVu,116706911457428,兄弟，这搁谁谁不焦虑失眠？,猫村猫村,人文历史,知识,228,396,1924065,1552,2157,86838,1493,22276,2420,1781062200,https://www.bilibili.com/video/BV16MEs6UEVu,http://i0.hdslb.com/bfs/archive/b3843f85e8d447de48da4fc356323163da490e1b.jpg
2026-06-12,2026-06-12 03:45:28,24,BV1UsE368E7H,116715199400872,《长路归航》百人合唱 | 我们踏上的，从一开始就是一条归航长路,帷幕VMovie,手机游戏,游戏,172,190,1018296,1949,3837,64059,25968,20779,2708,1781082000,https://www.bilibili.com/video/BV1UsE368E7H,http://i0.hdslb.com/bfs/archive/bbc1fd0fa8df7c862d2424c544a181e1f885c85b.jpg
2026-06-12,2026-06-12 03:45:28,25,BV1ztEG67EXX,116714847147818,如何用串子画罗马卷,煤气灯下-,绘画,绘画,162,34,2497820,728,1288,164478,2021,38466,5928,1780927287,https://www.bilibili.com/video/BV1ztEG67EXX,http://i0.hdslb.com/bfs/archive/a580465de080f04719e5c542dfe4425647207ea9.jpg
2026-06-12,2026-06-12 03:45:28,26,BV1dhEd6PEZe,116725903262322,【高考TV】横杠单词选选选,大乾乾是顾乾宇,小剧场,娱乐,85,146,1242643,730,3002,112399,3920,14224,9469,1781096417,https://www.bilibili.com/video/BV1dhEd6PEZe,http://i1.hdslb.com/bfs/archive/b817657d2cddad89686dacd283134cb89a278a22.jpg
2026-06-12,2026-06-12 03:45:28,27,BV1gnEu6xEKs,116714410941055,【囧的呼唤】红警2中隐藏的行业绝唱,敖厂长,单机游戏,游戏,17,925,806285,13463,13051,48139,40576,12071,13843,1781006400,https://www.bilibili.com/video/BV1gnEu6xEKs,http://i1.hdslb.com/bfs/archive/b417399556b94c9962ebad133bcf05b59e2e6f02.jpg
2026-06-12,2026-06-12 03:45:28,28,BV1K2EM6UEXH,116712968032376,如何设计火焰,Foudo-,绘画,绘画,162,21,1510069,219,1356,140480,3348,72771,3825,1780898711,https://www.bilibili.com/video/BV1K2EM6UEXH,http://i2.hdslb.com/bfs/archive/23aab7e07575c16ae9df0f8fd5f1005461141aa4.jpg
2026-06-12,2026-06-12 03:45:28,29,BV1TnEt6MEHn,116709042165737,《原神》角色预告-「洛恩：『杰作』」,原神,手机游戏,游戏,172,729,2692838,13672,12202,283602,87832,71397,39780,1780891200,https://www.bilibili.com/video/BV1TnEt6MEHn,http://i1.hdslb.com/bfs/archive/338dd06fe0b8324ca26ec3f146f610f500448221.jpg
2026-06-12,2026-06-12 03:45:28,30,BV1Q5EE6nEcs,116719309887553,🐧现在的小孩vs以前的我🐧,吃撑的皮卡丘y,同人·手书,动画,47,15,1313231,2124,8688,161433,2041,19281,8125,1780995516,https://www.bilibili.com/video/BV1Q5EE6nEcs,http://i0.hdslb.com/bfs/archive/a98a8dbbb6359d74e26db2fdfbed12925218d3ad.jpg
2026-06-12,2026-06-12 03:45:28,31,BV1vKEX69EoQ,116723571234827,超大型硬核开放世界生存游戏《危机曙光》实机PV,危机曙光,单机游戏,游戏,17,287,4047837,1553,2389,77866,16974,20263,2175,1781146800,https://www.bilibili.com/video/BV1vKEX69EoQ,http://i0.hdslb.com/bfs/archive/428d862d45f7f97b197990d2ae514ecc01835b74.jpg
2026-06-12,2026-06-12 03:45:28,32,BV1ZvEt6oEWR,116709209935672,锐评2026年数学高考，我雷霆大怒,聊城市茬平一中王立本,日常,生活,21,739,4634835,7377,33911,207155,35778,55586,30892,1780841328,https://www.bilibili.com/video/BV1ZvEt6oEWR,http://i0.hdslb.com/bfs/archive/6d19a0c156e6b82f71035cacec0f450bd19fb6c6.jpg
2026-06-12,2026-06-12 03:45:28,33,BV1XbES63EMD,116721272757118,跟资本对赌！开出100万血亏 开出5块全场起立《一掷千金》,沫子瞪片,影视杂谈,影视,182,892,1997921,8135,2480,76502,7680,10584,2544,1781060400,https://www.bilibili.com/video/BV1XbES63EMD,http://i0.hdslb.com/bfs/archive/7d1b0386bbad306698801972bb796133bf31ff87.jpg
2026-06-12,2026-06-12 03:45:28,34,BV1y8Eu6EE4X,116714645751736,【鸣潮x赛博朋克】《I Really Want to Stay at Your House》声优翻唱~张琦,汐汐不想睡大街,综合,综合,27,247,905675,547,3595,85804,24582,20051,7699,1780926564,https://www.bilibili.com/video/BV1y8Eu6EE4X,http://i1.hdslb.com/bfs/archive/6a690f1b267651bf707335164246bd9e4e3a2e6d.jpg
2026-06-12,2026-06-12 03:45:28,35,BV1WpE56bErE,116717816647941,《鸣潮》×《赛博朋克：边缘行者》联动过场动画,鸣潮,手机游戏,游戏,172,1822,866721,3178,8189,53207,29342,13073,7050,1780974000,https://www.bilibili.com/video/BV1WpE56bErE,http://i1.hdslb.com/bfs/archive/265dd8c7414f3172b47ccd1ea89290771c44782f.jpg
2026-06-12,2026-06-12 03:45:28,36,BV1uvEK6EEJZ,116712196278177,海上六十秒成功撤离,Z贤者,单机游戏,游戏,17,1075,4766628,3939,1108,156785,7824,63081,2627,1780887036,https://www.bilibili.com/video/BV1uvEK6EEJZ,http://i1.hdslb.com/bfs/archive/93075bc98f14fac02640d2f20812a5cb5026fc5c.jpg
2026-06-12,2026-06-12 03:45:28,37,BV1EsEg6rEaq,116714041777001,有人职场内耗你 有人教你放宽心,花仙贝贝,搞笑,娱乐,138,101,2199629,633,2239,155663,2941,9429,1357,1780915103,https://www.bilibili.com/video/BV1EsEg6rEaq,http://i2.hdslb.com/bfs/archive/c12d51f998939aef25908f2b96760c6895a28804.jpg
2026-06-12,2026-06-12 03:45:28,38,BV152EE6bEmh,116718957496105,现实里得体，拍照又上镜的妆容。(含发型),姜乘澜,美妆护肤,美妆护肤,157,769,524301,414,878,59152,8295,30802,2149,1780990053,https://www.bilibili.com/video/BV152EE6bEmh,http://i2.hdslb.com/bfs/archive/f396d917eac034f578e9b458af81932cc83da637.jpg
2026-06-12,2026-06-12 03:45:28,39,BV1RjEm6rEfe,116720501000100,歌剧老师锐评《乘风破浪的姐姐2026》四公（上）,铁豆钢蛋,乐评盘点,音乐,243,4260,1056562,43448,16759,40341,32515,8428,1804,1781015489,https://www.bilibili.com/video/BV1RjEm6rEfe,http://i1.hdslb.com/bfs/archive/0d0d635724fe6349587750bf942f5600a3a536a7.jpg
2026-06-12,2026-06-12 03:45:28,40,BV1JBET6KEau,116713387595904,逆天特性 3,清蒸鬼神_MC,日常,生活,21,207,489433,376,2414,79838,10660,22502,2140,1780912800,https://www.bilibili.com/video/BV1JBET6KEau,http://i0.hdslb.com/bfs/archive/a1ce429e9b7b172d621cfbb01b0c4159ea44ac2a.jpg
2026-06-12,2026-06-12 03:45:28,41,BV1UhEm6wECk,116720148677346,高考注意事项,无敌灏克,日常,生活,21,43,1567560,270,2463,138050,974,22086,1681,1781008459,https://www.bilibili.com/video/BV1UhEm6wECk,http://i0.hdslb.com/bfs/archive/aff522e2c6195631840ff274b0bd230947badef4.jpg
2026-06-12,2026-06-12 03:45:28,42,BV1fMV268E7X,116684027335970,《追逐卡蕾多》首次测试招募PV & 实机演示,追逐卡蕾多,手机游戏,游戏,172,1438,3593481,1791,4249,97649,4000,31104,10829,1780891200,https://www.bilibili.com/video/BV1fMV268E7X,http://i0.hdslb.com/bfs/archive/1db97203934b38058a9ba67943a3579393f4b222.jpg
2026-06-12,2026-06-12 03:45:28,43,BV1jEE76fEZX,116718034813968,初中生斗胆跳一段blood on the dance floor,特崮斯,篮球,运动,235,24,1129690,398,3154,162990,13484,7809,1577,1780975915,https://www.bilibili.com/video/BV1jEE76fEZX,http://i0.hdslb.com/bfs/archive/5100db603972b271316d9501b965f7e5ca9e70ec.jpg
2026-06-12,2026-06-12 03:45:28,44,BV1KkEK6CELv,116712112397979,星际超级荒诞动画喜剧！《外星小偷里贝》第03话：上岸星球【UP动画】,梦游牛油果官方频道,小剧场,娱乐,85,828,1014658,823,1615,62916,7068,13951,3429,1781172001,https://www.bilibili.com/video/BV1KkEK6CELv,http://i2.hdslb.com/bfs/archive/bf2234cfac7b170ad622d34b94e81a6ca8687ce9.jpg
2026-06-12,2026-06-12 03:45:28,45,BV1abEb6DEgd,116708287188581,jojo在哪里？jojo在开罗大街井盖里！！,猫店,鬼畜调教,鬼畜,22,73,1171780,2217,3926,154218,19622,43781,29241,1780827415,https://www.bilibili.com/video/BV1abEb6DEgd,http://i2.hdslb.com/bfs/archive/3d6493fce12e763f9dbe0553a5cce0fc6d934eaf.jpg
2026-06-12,2026-06-12 03:45:28,46,BV1ZcEE6FEyQ,116719527990523,咕嘎西行记-初出茅庐,造梦者77,日常,生活,21,128,652870,191,1092,78559,14686,21744,3640,1780998932,https://www.bilibili.com/video/BV1ZcEE6FEyQ,http://i0.hdslb.com/bfs/archive/4c3e58285e52ae4919d51f0b25d986be1876bfb2.jpg
2026-06-12,2026-06-12 03:45:28,47,BV1ebEh6bEU3,116709461592046,【警惕】银狐木马最新变种，给你的微信好友发送诈骗信息！现场测试+硬核解析！,SYSTEM-RAMOS-ZDY,计算机技术,计算机技术,231,319,731026,573,3725,39156,11223,23941,5994,1780977600,https://www.bilibili.com/video/BV1ebEh6bEU3,http://i0.hdslb.com/bfs/archive/f8aa2141fed6333e224799edd06472d52652bc0b.jpg
2026-06-12,2026-06-12 03:45:28,48,BV1xJEj6uEkV,116718420625320,这期神的没边,沐风-mf,综合,综合,27,330,589577,562,1756,71619,11226,13868,6821,1780981951,https://www.bilibili.com/video/BV1xJEj6uEkV,http://i1.hdslb.com/bfs/archive/0d78b5cb247198ae7f64afb6477b0b62622f0a30.jpg
2026-06-12,2026-06-12 03:45:28,49,BV1obEd6vE91,116725920046427,别稀里糊涂就毕业了 这几件学校没说的毕业常识一定要去做！,小五只会一点点,日常,生活,21,253,550837,67,281,42326,979,35281,733,1781096665,https://www.bilibili.com/video/BV1obEd6vE91,http://i0.hdslb.com/bfs/archive/150bb64182d22592d29aca0cfbceaaf1da056a96.jpg
2026-06-12,2026-06-12 03:45:28,50,BV1kcEo6CEca,116725567723718,轻伤不下火线,陈林夕07,篮球,运动,235,99,1211593,604,1836,109703,5421,13752,10236,1781091334,https://www.bilibili.com/video/BV1kcEo6CEca,http://i1.hdslb.com/bfs/archive/cb35f16d5c26ac3cc1f63c5bf3eadebbd9bdc50c.jpg
2026-06-12,2026-06-12 03:45:28,51,BV187EX6jERG,116723655120969,真正的完美犯罪，为邪恶丈夫量身定制！《致命女人》三线重叠，收网,正经的瓜皮酱,影视杂谈,影视,182,2615,1599139,2319,870,45191,16746,12093,620,1781085600,https://www.bilibili.com/video/BV187EX6jERG,http://i1.hdslb.com/bfs/archive/098c0350e22cff580af5929042c255a0318789bd.jpg
2026-06-12,2026-06-12 03:45:28,52,BV16oEJ66Epg,116703220468273,脚滑了吗？不，那是月球漫步！,MichaelJacksonCJ,日常,生活,21,61,1856163,497,3170,224367,3583,20652,2533,1780788600,https://www.bilibili.com/video/BV16oEJ66Epg,http://i1.hdslb.com/bfs/archive/59179a5e7c251570b9625bb5d2cc043d2a1b8eb3.jpg
2026-06-12,2026-06-12 03:45:28,53,BV1wXE76iECR,116719611875730,《安宁大厦生存手册》8-9合集,Fel探险记,短片,动画,256,358,596287,549,694,71486,4967,16160,1612,1781000158,https://www.bilibili.com/video/BV1wXE76iECR,http://i2.hdslb.com/bfs/archive/7172b0b7f8251e490f649087a6be1ddf76989d45.jpg
2026-06-12,2026-06-12 03:45:28,54,BV1t4Eu6HE3Q,116714612330975,当名人参加高考，会发生什么？,央视新闻,日常,生活,21,130,1055577,713,1391,107723,3094,7375,2524,1780959600,https://www.bilibili.com/video/BV1t4Eu6HE3Q,http://i0.hdslb.com/bfs/archive/eda5a3692cb94e100e0bdb87ea61ad6887ed9d5f.jpg
2026-06-12,2026-06-12 03:45:28,55,BV1zdE76YEW3,116719511144002,摔麦喷媒体，空降看球赛，特朗普还有多少活要整？,麻薯波比呀,社科·法律·心理,知识,124,1007,1243520,2540,1530,71514,6977,7201,868,1780999241,https://www.bilibili.com/video/BV1zdE76YEW3,http://i1.hdslb.com/bfs/archive/7aca9d4f00ea8932a3a13ef650d5fc03db050259.jpg
2026-06-12,2026-06-12 03:45:28,56,BV1FnE96PEQw,116724913411437,我和我的鼠鼠兄弟,杨齐家_,单机游戏,游戏,17,952,1278272,11724,2724,77385,9631,13186,1192,1781081012,https://www.bilibili.com/video/BV1FnE96PEQw,http://i1.hdslb.com/bfs/archive/8111e8d75675b14ca4cce82357c3acf5571b7ddb.jpg
2026-06-12,2026-06-12 03:45:28,57,BV159ER68E1d,116726037486293,四川妹子在芬兰市中心开私房川菜馆创业卖中餐！开张第一天各国老外瞳孔地震疯狂炫饭！爱到立马订票去中国！,雨琪在芬兰,美食记录,美食,215,2696,933825,9837,2156,52245,38045,8516,635,1781099485,https://www.bilibili.com/video/BV159ER68E1d,http://i1.hdslb.com/bfs/archive/7cb63b114d914c4cd4d6654a71153e8f897141dc.jpg
2026-06-12,2026-06-12 03:45:28,58,BV126E76CETY,116720014461041,“爷爷做给爸爸小时候用的，现在传给我儿子了！”木匠爷爷做的学步车传了三代，网友：买不到的“传家宝”！,人民日报,日常,生活,21,15,2057656,290,2454,125634,1768,13114,2218,1781006217,https://www.bilibili.com/video/BV126E76CETY,http://i2.hdslb.com/bfs/archive/ad421250a42af53010ea7c2ba624e34be42200d5.jpg
2026-06-12,2026-06-12 03:45:28,59,BV1JiEE6KEcx,116719410482564,震惊！183冯律师不搞抽象改走颜值路线了？,183的冯予希律师,社科·法律·心理,知识,124,414,1183732,3700,4243,74456,2685,5224,872,1780997239,https://www.bilibili.com/video/BV1JiEE6KEcx,http://i1.hdslb.com/bfs/archive/797bcd4b9371545ca5d8ec14cbe0438f8b4757aa.jpg
2026-06-12,2026-06-12 03:45:28,60,BV1N4EE6VEJu,116719444165160,鬼兵手中的武器，正是最新式的反舰步枪！【DogCraft78】,DarkCarrot,电子竞技,游戏,171,741,697429,2895,2411,53780,28593,9637,1640,1780997621,https://www.bilibili.com/video/BV1N4EE6VEJu,http://i0.hdslb.com/bfs/archive/fb46f97a9a8d5c3f88adcdb673760825896131ed.jpg
2026-06-12,2026-06-12 03:45:28,61,BV1x3Eg6nE5e,116713857226298,成本最高！票房最烂！万字赤石《变形金刚5》！,BuriedAlien,影视杂谈,影视,182,3156,971982,7934,2430,46599,17726,12650,1371,1780999200,https://www.bilibili.com/video/BV1x3Eg6nE5e,http://i2.hdslb.com/bfs/archive/7e41eec5169b62dee1ffc90b2818948d7bd9f993.jpg
2026-06-12,2026-06-12 03:45:28,62,BV1VaE96dEbH,116725047691258,哦，这得要不少地爆天星！,无我漂佩MY,日常,生活,21,184,1230575,499,1101,73616,7321,17220,1582,1781083229,https://www.bilibili.com/video/BV1VaE96dEbH,http://i2.hdslb.com/bfs/archive/5984f0ed11f39c86eb1ce2a491175a79ee97d668.jpg
2026-06-12,2026-06-12 03:45:28,63,BV1mUEd6QEFH,116725433501398,低山臭水遇知音 穷山恶水双子星,樱梨梨Eriri,仿妆cos,时尚,252,12,746386,72,672,114170,1429,27688,1803,1781089028,https://www.bilibili.com/video/BV1mUEd6QEFH,http://i2.hdslb.com/bfs/archive/31d48a02b8ecd4372df2574ad902f9f4cdeb4bfc.jpg
2026-06-12,2026-06-12 03:45:28,64,BV11cEK6rELU,116712364116494,地牢酒馆-13集 《碎骨大帐篷》,粘土工厂,单机游戏,游戏,17,257,1511581,1614,3373,195081,28195,23899,2379,1780891200,https://www.bilibili.com/video/BV11cEK6rELU,http://i1.hdslb.com/bfs/archive/436f2a6d53b97fddf0f85b258c997b4f911e2a32.jpg
2026-06-12,2026-06-12 03:45:28,65,BV1CUEQ6KE49,116724040993531,《高考回战》合集,混吃等死小小猪,同人·手书,动画,47,77,1250182,233,1629,111895,1785,14711,4872,1781067847,https://www.bilibili.com/video/BV1CUEQ6KE49,http://i1.hdslb.com/bfs/archive/bb9d14e353f49f98713b929b9c023d279f55f3b5.jpg
2026-06-12,2026-06-12 03:45:28,66,BV1bDE56gEPV,116717581831582,深蓝：炸撤离点就是这个下场！,古霜羊,网络游戏,游戏,65,107,1522232,251,725,79219,8839,13051,1360,1780977600,https://www.bilibili.com/video/BV1bDE56gEPV,http://i1.hdslb.com/bfs/archive/5b31650d981e60e32afa1befcce68f60dae1aade.jpg
2026-06-12,2026-06-12 03:45:28,67,BV1CeE36WEaW,116715434282326,有人管准高三的死活吗,cn南鹤,日常,生活,21,23,2401706,1713,3842,154566,498,4709,1216,1780936371,https://www.bilibili.com/video/BV1CeE36WEaW,http://i0.hdslb.com/bfs/archive/76ac101eaf064171c90d8bd9082820f48f627eb0.jpg
2026-06-12,2026-06-12 03:45:28,68,BV1MyEg6ZEFt,116713823669040,德国的耻辱,燕三嘤嘤嘤,人文历史,知识,228,1108,2234542,12609,4246,128846,40415,18162,1856,1780912624,https://www.bilibili.com/video/BV1MyEg6ZEFt,http://i2.hdslb.com/bfs/archive/636366ae88e9b99461ee93fa2da8ff7f284c23a1.jpg
2026-06-12,2026-06-12 03:45:28,69,BV1CSE76qE3c,116719578258044,申请再审被驳回，法律层面就完完全全结束了，能走到最后这一步，挺不容易的，没有什么遗憾，也是别有一番滋味在心头啊！！,追风小叶QQQQ,社科·法律·心理,知识,124,68,650644,468,4436,125622,32654,4598,2511,1780999581,https://www.bilibili.com/video/BV1CSE76qE3c,http://i2.hdslb.com/bfs/archive/e67c9e08d4450e9f3b49d93f2ae2c6bad14ead6f.jpg
2026-06-12,2026-06-12 03:45:28,70,BV1ijEs6VEER,116707028899046,当我问女朋友喝什么时,小姜的猫meme剧场,搞笑,娱乐,138,34,3160832,886,7608,198117,1901,43891,11895,1780808202,https://www.bilibili.com/video/BV1ijEs6VEER,http://i2.hdslb.com/bfs/archive/6df6508a701b0c86e229b3c37fe33c0ffb459257.jpg
2026-06-12,2026-06-12 03:45:28,71,BV1JqEE6vE2p,116719393708063,多 动 症 3.0（完结篇）,岩罗Crv,鬼畜剧场,鬼畜剧场,216,283,1099935,1586,1193,41388,9965,10783,4538,1780996667,https://www.bilibili.com/video/BV1JqEE6vE2p,http://i1.hdslb.com/bfs/archive/8219e04439ba02647d92802a4d39e2b2b9957367.jpg
2026-06-12,2026-06-12 03:45:28,72,BV1X7E36NE4T,116715283284500,忧郁这一块,Menasor1986,单机游戏,游戏,17,28,959460,115,1620,116957,1400,23782,10367,1780934400,https://www.bilibili.com/video/BV1X7E36NE4T,http://i1.hdslb.com/bfs/archive/44ec879964681fd0e31211bbd0bbd74e4bb1dcb0.jpg
2026-06-12,2026-06-12 03:45:28,73,BV1quVd6DEA2,116673742901624,大海为什么是蓝色的？两个诺奖得主吵起来了……,毕的二阶导,科学科普,知识,201,200,1861831,1335,2521,77992,4704,14218,1453,1781062200,https://www.bilibili.com/video/BV1quVd6DEA2,http://i0.hdslb.com/bfs/archive/3f7970375e3968843c67201c96e7b2dc3e9d38c8.jpg
2026-06-12,2026-06-12 03:45:28,74,BV185EE6nEtU,116719309818490,亲眼目睹事故被吓惨！应该怎么自救，才不留下阴影？,皮肤科教授孙广政,科学科普,知识,201,46,2056933,1500,11516,97299,917,12683,953,1780999200,https://www.bilibili.com/video/BV185EE6nEtU,http://i0.hdslb.com/bfs/archive/b2773f33591fe2489df7d582cf7486e225baf621.jpg
2026-06-12,2026-06-12 03:45:28,75,BV183ED6kEQt,116722950472928,《光与夜之恋》全新活动PV：万有引力和我爱你,光与夜之恋,手机游戏,游戏,172,251,1379087,1428,2270,45483,7633,7719,3014,1781053200,https://www.bilibili.com/video/BV183ED6kEQt,http://i1.hdslb.com/bfs/archive/951ec812cb5d0268598c68ef235405c713215b64.jpg
2026-06-12,2026-06-12 03:45:28,76,BV1L9ER68EK8,116726037485222,小时候以为的事,西维西师傅,搞笑,娱乐,138,30,1685422,180,1526,134389,907,6649,753,1781098345,https://www.bilibili.com/video/BV1L9ER68EK8,http://i0.hdslb.com/bfs/archive/47a951a2b7e9463a6a6e8516f82aafbd9a8a9c41.jpg
2026-06-12,2026-06-12 03:45:28,77,BV1EnEg65EZx,116714092105178,死亡盲区：濒死时，人们能看见什么？,大圆镜科普,科学科普,知识,201,457,1373121,1374,2419,113494,3307,18696,1652,1780916623,https://www.bilibili.com/video/BV1EnEg65EZx,http://i2.hdslb.com/bfs/archive/3019a85021b4f6d2efe63b865eeacf6bd860ef52.jpg
2026-06-12,2026-06-12 03:45:28,78,BV1s3E96gEqb,116724947031487,老板称“如果死了就埋了”，河北保定一残障老人被水泥店老板控制，无薪扛水泥20年？官方通报！,大象新闻,社会,社会,205,31,2309162,935,2488,124251,2750,5132,5750,1781081609,https://www.bilibili.com/video/BV1s3E96gEqb,http://i1.hdslb.com/bfs/archive/54b5d730c6122798ad9452603c5193cfaf428b94.jpg
2026-06-12,2026-06-12 03:45:28,79,BV1FZEM63Eh4,116712515045317,“我儿子可能是个gay...”,碧天蓝钻,鬼畜调教,鬼畜,22,127,2613986,861,3391,107453,2634,9097,8444,1780891928,https://www.bilibili.com/video/BV1FZEM63Eh4,http://i1.hdslb.com/bfs/archive/64e87e852d00ac160c8820b4729e9adf4aa126a7.jpg
2026-06-12,2026-06-12 03:45:28,80,BV1niET6qEZB,116713404371214,杀！杀！杀！昔年洛水盟誓在，今朝洛阳血成河【八王之乱中】,渤海小吏,人文历史,知识,228,3402,907421,4059,2072,32901,15803,11830,902,1780974000,https://www.bilibili.com/video/BV1niET6qEZB,http://i2.hdslb.com/bfs/archive/9aaf6dec5a91a9c08376b7e3c0326c2f3f7f311f.jpg
2026-06-12,2026-06-12 03:45:28,81,BV1dSEu6vEko,116714159281874,那个从乡港来的大学老师,戏很多的金兑,日常,生活,21,84,1331352,681,2073,134285,1414,9238,1511,1780917065,https://www.bilibili.com/video/BV1dSEu6vEko,http://i2.hdslb.com/bfs/archive/2e41839af37abfb1536fddf65c661d36417e3319.jpg
2026-06-12,2026-06-12 03:45:28,82,BV1YMEE6sEtF,116719645361349,我要跟应星比划比划，然后把他的支离剑给融了！,我要吃蛋炒饭饭,手机游戏,游戏,172,121,724097,328,1119,70545,1148,18015,991,1781000672,https://www.bilibili.com/video/BV1YMEE6sEtF,http://i0.hdslb.com/bfs/archive/d478aec9b031931148e5eb0352122375459ac469.jpg
2026-06-12,2026-06-12 03:45:28,83,BV1T4E36FEim,116715249798467,来个爻光摇一摇,贝儿酱Miki,仿妆cos,时尚,252,16,1537835,193,693,102918,1799,22208,1570,1780933472,https://www.bilibili.com/video/BV1T4E36FEim,http://i1.hdslb.com/bfs/archive/4c1fe4c51292c6a2b1db772c51c439b6ae319c8b.jpg
2026-06-12,2026-06-12 03:45:28,84,BV1tK7S6PEhv,116701341485217,猜猜谁点的外卖 #搞笑 #内容过于真实#搞笑小剧场,吾不易,亲子,生活,254,34,2810870,370,1933,222866,3964,18330,7263,1780721332,https://www.bilibili.com/video/BV1tK7S6PEhv,http://i0.hdslb.com/bfs/archive/2910679aceb9faf572a1831f8d456934bce41ebd.jpg
2026-06-12,2026-06-12 03:45:28,85,BV1dEE46SEEr,116707834267247,爽到头皮发麻！目前无差评，这剧太敢拍了！让韩国教师联名抵制的剧爆了，万字细嗦《铁拳教育》（上）,不善言辞的秃秃,影视杂谈,影视,182,3410,2695882,5915,4491,78545,19076,51812,9170,1780822847,https://www.bilibili.com/video/BV1dEE46SEEr,http://i0.hdslb.com/bfs/archive/df989b4e9c59120bd78012366b094e8c75762615.jpg
2026-06-12,2026-06-12 03:45:28,86,BV1xCEQ66EtY,116723823020129,兄弟们，良子因为身体原因被迫退出，等明年身体允许，接着来战！,健身华哥,运动综合,运动,238,87,2240062,1552,22724,86214,1632,3926,9008,1781064358,https://www.bilibili.com/video/BV1xCEQ66EtY,http://i0.hdslb.com/bfs/archive/4725c70383dc42a3d78e0735042ddbead22b5fd7.jpg
2026-06-12,2026-06-12 03:45:28,87,BV1dKEE6dEEn,116719729316107,小别胜新家,累渠_,搞笑,娱乐,138,69,2376839,293,1549,117697,1391,3597,1958,1781001832,https://www.bilibili.com/video/BV1dKEE6dEEn,http://i2.hdslb.com/bfs/archive/cb40ffa3b947829cb8dc08fbe142d75b3e8bd1e6.jpg
2026-06-12,2026-06-12 03:45:28,88,BV1zDEm6EEpy,116720199008964,“直到今天我们仍然不知道，洛佩的上限到底有多高”,wrizedm,影视剪辑,影视,183,198,1311846,286,982,70769,756,6113,282,1781009198,https://www.bilibili.com/video/BV1zDEm6EEpy,http://i2.hdslb.com/bfs/archive/d57af3d36993263e999ffada85c2a8e39d66848b.jpg
2026-06-12,2026-06-12 03:45:28,89,BV1UCE967Eb3,116724594646300,我很臭吗,东洋雪莲,翻唱,音乐,31,67,970545,188,1253,88059,2061,20207,5718,1781076363,https://www.bilibili.com/video/BV1UCE967Eb3,http://i1.hdslb.com/bfs/archive/8f453069aed71836114e4ee8304d763c7ce9c43a.jpg
2026-06-12,2026-06-12 03:45:28,90,BV1AFEo6LExQ,116725584567259,家人们觉得我面试能通过吗？,王老师贵姓,翻唱,音乐,31,48,1282099,139,896,110798,1741,13033,1004,1781091360,https://www.bilibili.com/video/BV1AFEo6LExQ,http://i1.hdslb.com/bfs/archive/aa0640192c0d5fabbcf5ca71e4d6313e475c31e5.jpg
2026-06-12,2026-06-12 03:45:28,91,BV1LWEM6eEo4,116713219689119,三刀六洞怎么扎？洪门、袍哥与青帮   《古惑仔》番外,食影双修,影视杂谈,影视,182,1599,1736090,2444,1610,54080,11043,12153,1022,1780912800,https://www.bilibili.com/video/BV1LWEM6eEo4,http://i1.hdslb.com/bfs/archive/5174e3d611d5b50fa4d2f2b589300945cb79c7e5.jpg
2026-06-12,2026-06-12 03:45:28,92,BV1QxES6VEQy,116721239199172,抛开冠军标签，听王濛讲自在随性的“溜达生活” | 人微阎轻 EP02,阎鹤祥,亲子,生活,254,2435,769014,8980,4388,33175,11224,11488,3803,1781064000,https://www.bilibili.com/video/BV1QxES6VEQy,http://i2.hdslb.com/bfs/archive/1ae1ca6da9e5a940fc447eb0ce650e095ea5601d.jpg
2026-06-12,2026-06-12 03:45:28,93,BV1g6Eg6hE4e,116713806890774,当我打开异环的相机Ⅱ...  【安魂曲摄影】,语堂天天啃土,手机游戏,游戏,172,195,658581,196,966,68765,4051,14174,1903,1780912219,https://www.bilibili.com/video/BV1g6Eg6hE4e,http://i1.hdslb.com/bfs/archive/83766e2111da1de672eac39ea383e4d8bd472d7f.jpg
2026-06-12,2026-06-12 03:45:28,94,BV1xfEq6AEWd,116730902874019,有什么比精神小妹爱上纯情男大的故事更狗血,马哥巨离谱,搞笑,娱乐,138,490,747359,2248,2984,44086,24820,5295,2169,1781172690,https://www.bilibili.com/video/BV1xfEq6AEWd,http://i1.hdslb.com/bfs/archive/100cd065a4f0f62b6980cc2c06947eff9d51b1bd.jpg
2026-06-12,2026-06-12 03:45:28,95,BV1xkE46PE59,116707649656463,参加了九次高考的考生采访,自来卷三木,日常,生活,21,99,6548627,7133,6429,432277,13658,32444,13625,1780817665,https://www.bilibili.com/video/BV1xkE46PE59,http://i1.hdslb.com/bfs/archive/2c51e17d5ab278033691d055015af26638867e5b.jpg
2026-06-12,2026-06-12 03:45:28,96,BV1siEo6SEk8,116727060896268,你是谁，请支持羞羞獭【听伊莫不emo 01】,伊莫,综合,综合,27,105,1072796,410,850,53790,10473,32915,10583,1781157600,https://www.bilibili.com/video/BV1siEo6SEk8,http://i1.hdslb.com/bfs/archive/3b50f9aea4fc684227737055006c12d08f25332e.jpg
2026-06-12,2026-06-12 03:45:28,97,BV1vGER6bEF6,116724544504564,《大鱼海棠》到底讲了一个什么样的故事？,道草日记,人文历史,知识,228,900,588388,4569,3003,51144,7928,10386,2372,1781075460,https://www.bilibili.com/video/BV1vGER6bEF6,http://i1.hdslb.com/bfs/archive/0e4d29be2449c9d7bbd573c19a32ede38942918e.jpg
2026-06-12,2026-06-12 03:45:28,98,BV1xaEo6pEyd,116727111222499,特厨探店|开在家里手慢无？！好吃的—耀兴饭店,特厨隋坡,美食侦探,美食,212,207,731655,641,2054,61500,3914,5434,3000,1781148600,https://www.bilibili.com/video/BV1xaEo6pEyd,http://i0.hdslb.com/bfs/archive/59a95d174756b90ca7fbe6e2a302f1576e4cb8a3.jpg
2026-06-12,2026-06-12 03:45:28,99,BV1vBE26BEtK,116720652064255,我在mc用千万方块还原了『召唤师峡谷』！！,橘不扒皮,单机游戏,游戏,17,67,579219,557,2040,107420,41220,8698,2162,1781064000,https://www.bilibili.com/video/BV1vBE26BEtK,http://i2.hdslb.com/bfs/archive/90f11ea10b3d9aca78493af57d1b04da64673ef7.jpg
2026-06-12,2026-06-12 03:45:28,100,BV1ZME363E3P,116715719497889,【熟肉】BW人气赛公演塔菲片段,永雏塔菲,单机游戏,游戏,17,206,523092,887,3099,78053,3784,7094,8545,1780940790,https://www.bilibili.com/video/BV1ZME363E3P,http://i2.hdslb.com/bfs/archive/f04aec66421dbccaad26a04e9d6fc563a40d87c7.jpg
2026-06-12,2026-06-12 06:16:17,1,BV18VED63EBi,116722866586138,认为自己旅游运差时可以看看我.,风景旅行收藏家,日常,生活,21,163,2355703,2149,6738,312794,10197,99319,10219,1781064000,https://www.bilibili.com/video/BV18VED63EBi,http://i0.hdslb.com/bfs/archive/45526dcb51d3f4a21d85270926d87f0374679047.jpg
2026-06-12,2026-06-12 06:16:17,2,BV1T4E36FEUh,116715249797275,新三国up锐评老三国01：这才叫真正的三国！,吃蛋挞的折棒,影视杂谈,影视,182,1406,2529345,23966,13891,216006,202393,47827,10377,1780970400,https://www.bilibili.com/video/BV1T4E36FEUh,http://i2.hdslb.com/bfs/archive/f970ea0af673a4fb40a103bd7530328c2d4550b8.jpg
2026-06-12,2026-06-12 06:16:17,3,BV1zzEu6GEHW,116714209545674,《别替我吹了》,伤心欲茄222,搞笑,娱乐,138,119,4107366,3951,16608,326010,9594,19661,3547,1780977600,https://www.bilibili.com/video/BV1zzEu6GEHW,http://i2.hdslb.com/bfs/archive/a53f0df5bb61b89094597f7f5d9ca61c0dd0b6c8.jpg
2026-06-12,2026-06-12 06:16:17,4,BV1wEEg62EDP,116714109014293,Blender原创动画 |工程展示|Lan library,Lan_er2,野生技能协会,野生技能协会,122,281,1514658,438,2078,204099,27942,45548,4205,1780916150,https://www.bilibili.com/video/BV1wEEg62EDP,http://i1.hdslb.com/bfs/archive/e5fa56ef7c04180134210420e575b9913adab385.jpg
2026-06-12,2026-06-12 06:16:17,5,BV1UzE765Ewm,116719964133557,还能再来一次吗…,小潮院长,搞笑,娱乐,138,2527,2051651,23339,4027,173770,81085,55144,3091,1781064000,https://www.bilibili.com/video/BV1UzE765Ewm,http://i0.hdslb.com/bfs/archive/9b5e5be127a42713d37a48dde42b730f8af8a834.jpg
2026-06-12,2026-06-12 06:16:17,6,BV1w5EM6rEEd,116713253378153,羊把自己放进冰箱,霉冥_,网络游戏,游戏,65,147,1886159,3737,5038,201484,7771,55799,12881,1780903112,https://www.bilibili.com/video/BV1w5EM6rEEd,http://i2.hdslb.com/bfs/archive/966afa69b6bdcc8d7001e6a83adb30c1a08a28e8.jpg
2026-06-12,2026-06-12 06:16:17,7,BV1BcEE6FE5L,116719527926628,高考结束后回校的高二生,阿君AI小剧场,影视剪辑,影视,183,56,6425511,15887,12589,283820,2396,20886,10232,1780998789,https://www.bilibili.com/video/BV1BcEE6FE5L,http://i1.hdslb.com/bfs/archive/1c4746ea93e44d9e7b9ab226a2ccbf8055ce9a2a.jpg
2026-06-12,2026-06-12 06:16:17,8,BV1XGEE6QEcw,116719662208227,2026新一卷数学！难出天际？？？！,一数,校园学习,知识,208,5377,2586932,10585,17833,94937,12657,50777,18828,1781001140,https://www.bilibili.com/video/BV1XGEE6QEcw,http://i2.hdslb.com/bfs/archive/76e388cafc01c667f41f914a76d4e41c7f2cc262.jpg
2026-06-12,2026-06-12 06:16:17,9,BV1W4EE6GECF,116719444036187,【某幻】《盛世天下》再返深宫，活下来！,某幻君,影视剪辑,影视,183,33005,4330711,59832,7687,66069,40534,38370,9659,1780998850,https://www.bilibili.com/video/BV1W4EE6GECF,http://i2.hdslb.com/bfs/archive/f47d9615812e7adcf174b811036e3e4cddc602d0.jpg
2026-06-12,2026-06-12 06:16:17,10,BV1ytEu6SESN,116714595420698,我以为我们大了 会看些成熟的东西,车瓶人虹泽RC,改装玩车,改装玩车,246,79,3307088,1361,7528,248818,8334,36001,17834,1780923684,https://www.bilibili.com/video/BV1ytEu6SESN,http://i0.hdslb.com/bfs/archive/f2085858e4d1c4dc4e66debafb61d62e325f47cc.jpg
2026-06-12,2026-06-12 06:16:17,11,BV13CE26NEmn,116720668772175,瓜摊监狱兔,Raymondsese,MV,MV,193,123,2255393,2078,3933,176680,36529,46413,22005,1781016173,https://www.bilibili.com/video/BV13CE26NEmn,http://i0.hdslb.com/bfs/archive/91c44571ac7cd0990de538435c03d3e6b1d4071c.jpg
2026-06-12,2026-06-12 06:16:17,12,BV1aMEj62EdA,116718873614328,🐱躲在超市后门哈气的二人🐱,初小晓Dawn,人力VOCALOID,人力VOCALOID,126,109,1451001,299,3881,161410,9937,46465,19252,1780996200,https://www.bilibili.com/video/BV1aMEj62EdA,http://i2.hdslb.com/bfs/archive/25787049eaa7ba31fe709a2bd6cd951400dcd93c.jpg
2026-06-12,2026-06-12 06:16:17,13,BV1keEu61EfE,116714528315531,末世先杀圣母,云篆写空山,日常,生活,21,121,3986913,2219,4993,186613,6697,21987,5191,1780922683,https://www.bilibili.com/video/BV1keEu61EfE,http://i0.hdslb.com/bfs/archive/7cb98523c111dda7c15042c1205dbd53c610e1c0.jpg
2026-06-12,2026-06-12 06:16:17,14,BV1ALEg6UEeN,116714075461800,《高考固定NPC 2026》,嘞是唐孃孃,搞笑,娱乐,138,79,4245868,350,4010,299617,4009,20277,3931,1780915783,https://www.bilibili.com/video/BV1ALEg6UEeN,http://i1.hdslb.com/bfs/archive/609a023ae422249567553ffc4b214b75b2eb952d.jpg
2026-06-12,2026-06-12 06:16:17,15,BV1JaE56pEKE,116717783095009,12 个脑洞大开的美食制作方式，有手就会！,胡仔一人食,美食制作,美食,76,382,1758014,982,1322,87783,4426,44901,6597,1780977600,https://www.bilibili.com/video/BV1JaE56pEKE,http://i2.hdslb.com/bfs/archive/25fa607c0d502c0e3cfbf8f24c5fb5e1ca698cc4.jpg
2026-06-12,2026-06-12 06:16:17,16,BV1sJEZ6nEjb,116726591198647,18岁｜替身使者，会相互吸引。jojo黑帮摇敬上！,悠哈酱Yo,宅舞,舞蹈,20,48,1703300,873,2704,192541,11742,36786,4145,1781106772,https://www.bilibili.com/video/BV1sJEZ6nEjb,http://i0.hdslb.com/bfs/archive/b9799045e8e31d3e2632dee2755f381c7639ef20.jpg
2026-06-12,2026-06-12 06:16:17,17,BV1GCE26NE6S,116720668777445,9月10日发售《东方红魔乡：新典　～ the Embodiment of Scarlet Devil.》第一弹预告片,上海爱丽丝幻乐团,单机游戏,游戏,17,67,894605,3235,21055,105345,32555,30090,53727,1781016359,https://www.bilibili.com/video/BV1GCE26NE6S,http://i2.hdslb.com/bfs/archive/f6e59c096c0b36085b2b96527ad16724f0eea0a6.jpg
2026-06-12,2026-06-12 06:16:17,18,BV1GLER6sEVa,116724578124362,今年最恶毒烂梗出炉，一个梗骂几亿中国人，我没见过这么恶心的营销手段！,王小七Fire,社科·法律·心理,知识,124,501,1648840,4797,12098,83681,29733,16464,4220,1781085600,https://www.bilibili.com/video/BV1GLER6sEVa,http://i1.hdslb.com/bfs/archive/1aa00193c3352015575ed146f2d1d16ff8fe8851.jpg
2026-06-12,2026-06-12 06:16:17,19,BV1vUEu6KEyw,116714175989459,和日本女友去她丈母娘家里,我不是黄毛-,搞笑,娱乐,138,276,2333447,2147,1943,141567,1976,10517,1404,1780917899,https://www.bilibili.com/video/BV1vUEu6KEyw,http://i0.hdslb.com/bfs/archive/0ff11df121432a1b7599f76c12954dfc8beb57a9.jpg
2026-06-12,2026-06-12 06:16:17,20,BV16MEs6UEVu,116706911457428,兄弟，这搁谁谁不焦虑失眠？,猫村猫村,人文历史,知识,228,396,1936433,1565,2190,87318,1498,22483,2459,1781062200,https://www.bilibili.com/video/BV16MEs6UEVu,http://i0.hdslb.com/bfs/archive/b3843f85e8d447de48da4fc356323163da490e1b.jpg
2026-06-12,2026-06-12 06:16:17,21,BV1iwEE6bEYj,116719712470567,虎哥摩根时代请勿模仿虎哥已经来到哔哩哔哩入驻,虎哥二次元教父,鬼畜调教,鬼畜,22,32,6745123,2628,2763,338243,8248,26234,4637,1781001620,https://www.bilibili.com/video/BV1iwEE6bEYj,http://i0.hdslb.com/bfs/archive/1814c6696820d0b663e9e13a0a62785f3e2122c9.jpg
2026-06-12,2026-06-12 06:16:17,22,BV16ZEh6zEN5,116711021940487,《垫底牢大重制版》：丁真帮助科比高考逆袭清北,村村狗熊,赛车,赛车,245,735,2218371,3821,4193,121870,18946,25199,14387,1780885800,https://www.bilibili.com/video/BV16ZEh6zEN5,http://i1.hdslb.com/bfs/archive/8d7c30025ee6b66fd8aafe7e64fe6b4890bbdf89.jpg
2026-06-12,2026-06-12 06:16:17,23,BV1c1Em6XENw,116720182299931,“撕裂挡在我前面的一切”【Scar face】【剧情反转の小曲】,早睡起大王,鬼畜调教,鬼畜,22,141,1593875,463,1405,118267,749,20251,1193,1781010000,https://www.bilibili.com/video/BV1c1Em6XENw,http://i1.hdslb.com/bfs/archive/4ca95418fe3e3eccdc3c093fab7c9a1ef292d3dc.jpg
2026-06-12,2026-06-12 06:16:17,24,BV1UsE368E7H,116715199400872,《长路归航》百人合唱 | 我们踏上的，从一开始就是一条归航长路,帷幕VMovie,手机游戏,游戏,172,190,1019402,1950,3839,64274,26077,20866,2738,1781082000,https://www.bilibili.com/video/BV1UsE368E7H,http://i0.hdslb.com/bfs/archive/bbc1fd0fa8df7c862d2424c544a181e1f885c85b.jpg
2026-06-12,2026-06-12 06:16:17,25,BV1ztEG67EXX,116714847147818,如何用串子画罗马卷,煤气灯下-,绘画,绘画,162,34,2501864,729,1287,164729,2023,38533,5938,1780927287,https://www.bilibili.com/video/BV1ztEG67EXX,http://i0.hdslb.com/bfs/archive/a580465de080f04719e5c542dfe4425647207ea9.jpg
2026-06-12,2026-06-12 06:16:17,26,BV1dhEd6PEZe,116725903262322,【高考TV】横杠单词选选选,大乾乾是顾乾宇,小剧场,娱乐,85,146,1248829,737,3026,113142,3986,14345,9525,1781096417,https://www.bilibili.com/video/BV1dhEd6PEZe,http://i1.hdslb.com/bfs/archive/b817657d2cddad89686dacd283134cb89a278a22.jpg
2026-06-12,2026-06-12 06:16:17,27,BV1gnEu6xEKs,116714410941055,【囧的呼唤】红警2中隐藏的行业绝唱,敖厂长,单机游戏,游戏,17,925,808667,13490,13074,48044,40716,12103,13851,1781006400,https://www.bilibili.com/video/BV1gnEu6xEKs,http://i1.hdslb.com/bfs/archive/b417399556b94c9962ebad133bcf05b59e2e6f02.jpg
2026-06-12,2026-06-12 06:16:17,28,BV1Q5EE6nEcs,116719309887553,🐧现在的小孩vs以前的我🐧,吃撑的皮卡丘y,同人·手书,动画,47,15,1314614,2125,8693,161597,2044,19315,8128,1780995516,https://www.bilibili.com/video/BV1Q5EE6nEcs,http://i0.hdslb.com/bfs/archive/a98a8dbbb6359d74e26db2fdfbed12925218d3ad.jpg
2026-06-12,2026-06-12 06:16:17,29,BV1vKEX69EoQ,116723571234827,超大型硬核开放世界生存游戏《危机曙光》实机PV,危机曙光,单机游戏,游戏,17,287,4050356,1568,2394,77909,16984,20275,2202,1781146800,https://www.bilibili.com/video/BV1vKEX69EoQ,http://i0.hdslb.com/bfs/archive/428d862d45f7f97b197990d2ae514ecc01835b74.jpg
2026-06-12,2026-06-12 06:16:17,30,BV1K2EM6UEXH,116712968032376,如何设计火焰,Foudo-,绘画,绘画,162,21,1512713,219,1359,140730,3356,72920,3827,1780898711,https://www.bilibili.com/video/BV1K2EM6UEXH,http://i2.hdslb.com/bfs/archive/23aab7e07575c16ae9df0f8fd5f1005461141aa4.jpg
2026-06-12,2026-06-12 06:16:17,31,BV1XbES63EMD,116721272757118,跟资本对赌！开出100万血亏 开出5块全场起立《一掷千金》,沫子瞪片,影视杂谈,影视,182,892,2012132,8181,2460,76816,7802,10660,2583,1781060400,https://www.bilibili.com/video/BV1XbES63EMD,http://i0.hdslb.com/bfs/archive/7d1b0386bbad306698801972bb796133bf31ff87.jpg
2026-06-12,2026-06-12 06:16:17,32,BV1TnEt6MEHn,116709042165737,《原神》角色预告-「洛恩：『杰作』」,原神,手机游戏,游戏,172,729,2694740,13674,12205,283741,87941,71440,39798,1780891200,https://www.bilibili.com/video/BV1TnEt6MEHn,http://i1.hdslb.com/bfs/archive/338dd06fe0b8324ca26ec3f146f610f500448221.jpg
2026-06-12,2026-06-12 06:16:17,33,BV1WpE56bErE,116717816647941,《鸣潮》×《赛博朋克：边缘行者》联动过场动画,鸣潮,手机游戏,游戏,172,1822,867861,3183,8196,53262,29426,13086,7057,1780974000,https://www.bilibili.com/video/BV1WpE56bErE,http://i1.hdslb.com/bfs/archive/265dd8c7414f3172b47ccd1ea89290771c44782f.jpg
2026-06-12,2026-06-12 06:16:17,34,BV1ZvEt6oEWR,116709209935672,锐评2026年数学高考，我雷霆大怒,聊城市茬平一中王立本,日常,生活,21,739,4636610,7377,33924,207245,35796,55604,30915,1780841328,https://www.bilibili.com/video/BV1ZvEt6oEWR,http://i0.hdslb.com/bfs/archive/6d19a0c156e6b82f71035cacec0f450bd19fb6c6.jpg
2026-06-12,2026-06-12 06:16:17,35,BV1y8Eu6EE4X,116714645751736,【鸣潮x赛博朋克】《I Really Want to Stay at Your House》声优翻唱~张琦,汐汐不想睡大街,综合,综合,27,247,906818,548,3598,85866,24608,20079,7704,1780926564,https://www.bilibili.com/video/BV1y8Eu6EE4X,http://i1.hdslb.com/bfs/archive/6a690f1b267651bf707335164246bd9e4e3a2e6d.jpg
2026-06-12,2026-06-12 06:16:17,36,BV1EsEg6rEaq,116714041777001,有人职场内耗你 有人教你放宽心,花仙贝贝,搞笑,娱乐,138,101,2203624,634,2246,155825,2948,9453,1358,1780915103,https://www.bilibili.com/video/BV1EsEg6rEaq,http://i2.hdslb.com/bfs/archive/c12d51f998939aef25908f2b96760c6895a28804.jpg
2026-06-12,2026-06-12 06:16:17,37,BV1uvEK6EEJZ,116712196278177,海上六十秒成功撤离,Z贤者,单机游戏,游戏,17,1075,4773469,3941,1111,157037,7905,63150,2647,1780887036,https://www.bilibili.com/video/BV1uvEK6EEJZ,http://i1.hdslb.com/bfs/archive/93075bc98f14fac02640d2f20812a5cb5026fc5c.jpg
2026-06-12,2026-06-12 06:16:17,38,BV152EE6bEmh,116718957496105,现实里得体，拍照又上镜的妆容。(含发型),姜乘澜,美妆护肤,美妆护肤,157,769,525015,416,878,59256,8318,30867,2151,1780990053,https://www.bilibili.com/video/BV152EE6bEmh,http://i2.hdslb.com/bfs/archive/f396d917eac034f578e9b458af81932cc83da637.jpg
2026-06-12,2026-06-12 06:16:17,39,BV1KkEK6CELv,116712112397979,星际超级荒诞动画喜剧！《外星小偷里贝》第03话：上岸星球【UP动画】,梦游牛油果官方频道,小剧场,娱乐,85,828,1118990,905,1861,68851,7843,15609,3729,1781172001,https://www.bilibili.com/video/BV1KkEK6CELv,http://i2.hdslb.com/bfs/archive/bf2234cfac7b170ad622d34b94e81a6ca8687ce9.jpg
2026-06-12,2026-06-12 06:16:17,40,BV1RjEm6rEfe,116720501000100,歌剧老师锐评《乘风破浪的姐姐2026》四公（上）,铁豆钢蛋,乐评盘点,音乐,243,4260,1058956,43465,16764,40390,32605,8438,1805,1781015489,https://www.bilibili.com/video/BV1RjEm6rEfe,http://i1.hdslb.com/bfs/archive/0d0d635724fe6349587750bf942f5600a3a536a7.jpg
2026-06-12,2026-06-12 06:16:17,41,BV1JBET6KEau,116713387595904,逆天特性 3,清蒸鬼神_MC,日常,生活,21,207,490241,377,2419,79967,10672,22541,2142,1780912800,https://www.bilibili.com/video/BV1JBET6KEau,http://i0.hdslb.com/bfs/archive/a1ce429e9b7b172d621cfbb01b0c4159ea44ac2a.jpg
2026-06-12,2026-06-12 06:16:17,42,BV1UhEm6wECk,116720148677346,高考注意事项,无敌灏克,日常,生活,21,43,1569602,270,2469,138242,1044,22126,1683,1781008459,https://www.bilibili.com/video/BV1UhEm6wECk,http://i0.hdslb.com/bfs/archive/aff522e2c6195631840ff274b0bd230947badef4.jpg
2026-06-12,2026-06-12 06:16:17,43,BV1jEE76fEZX,116718034813968,初中生斗胆跳一段blood on the dance floor,特崮斯,篮球,运动,235,24,1131449,398,3155,163126,13500,7819,1578,1780975915,https://www.bilibili.com/video/BV1jEE76fEZX,http://i0.hdslb.com/bfs/archive/5100db603972b271316d9501b965f7e5ca9e70ec.jpg
2026-06-12,2026-06-12 06:16:17,44,BV1ebEh6bEU3,116709461592046,【警惕】银狐木马最新变种，给你的微信好友发送诈骗信息！现场测试+硬核解析！,SYSTEM-RAMOS-ZDY,计算机技术,计算机技术,231,319,750587,573,3748,39654,11351,24283,6085,1780977600,https://www.bilibili.com/video/BV1ebEh6bEU3,http://i0.hdslb.com/bfs/archive/f8aa2141fed6333e224799edd06472d52652bc0b.jpg
2026-06-12,2026-06-12 06:16:17,45,BV1ZcEE6FEyQ,116719527990523,咕嘎西行记-初出茅庐,造梦者77,日常,生活,21,128,653899,192,1092,78636,14754,21772,3642,1780998932,https://www.bilibili.com/video/BV1ZcEE6FEyQ,http://i0.hdslb.com/bfs/archive/4c3e58285e52ae4919d51f0b25d986be1876bfb2.jpg
2026-06-12,2026-06-12 06:16:17,46,BV1fMV268E7X,116684027335970,《追逐卡蕾多》首次测试招募PV & 实机演示,追逐卡蕾多,手机游戏,游戏,172,1438,3593696,1792,4249,97654,4000,31107,10829,1780891200,https://www.bilibili.com/video/BV1fMV268E7X,http://i0.hdslb.com/bfs/archive/1db97203934b38058a9ba67943a3579393f4b222.jpg
2026-06-12,2026-06-12 06:16:17,47,BV1obEd6vE91,116725920046427,别稀里糊涂就毕业了 这几件学校没说的毕业常识一定要去做！,小五只会一点点,日常,生活,21,253,562652,68,282,42867,983,35678,750,1781096665,https://www.bilibili.com/video/BV1obEd6vE91,http://i0.hdslb.com/bfs/archive/150bb64182d22592d29aca0cfbceaaf1da056a96.jpg
2026-06-12,2026-06-12 06:16:17,48,BV1xJEj6uEkV,116718420625320,这期神的没边,沐风-mf,综合,综合,27,330,590542,562,1759,71752,11254,13907,6826,1780981951,https://www.bilibili.com/video/BV1xJEj6uEkV,http://i1.hdslb.com/bfs/archive/0d78b5cb247198ae7f64afb6477b0b62622f0a30.jpg
2026-06-12,2026-06-12 06:16:17,49,BV1kcEo6CEca,116725567723718,轻伤不下火线,陈林夕07,篮球,运动,235,99,1224261,606,1852,110668,5528,13945,10303,1781091334,https://www.bilibili.com/video/BV1kcEo6CEca,http://i1.hdslb.com/bfs/archive/cb35f16d5c26ac3cc1f63c5bf3eadebbd9bdc50c.jpg
2026-06-12,2026-06-12 06:16:17,50,BV187EX6jERG,116723655120969,真正的完美犯罪，为邪恶丈夫量身定制！《致命女人》三线重叠，收网,正经的瓜皮酱,影视杂谈,影视,182,2615,1636183,2339,877,45573,16941,12275,637,1781085600,https://www.bilibili.com/video/BV187EX6jERG,http://i1.hdslb.com/bfs/archive/098c0350e22cff580af5929042c255a0318789bd.jpg
2026-06-12,2026-06-12 06:16:17,51,BV1abEb6DEgd,116708287188581,jojo在哪里？jojo在开罗大街井盖里！！,猫店,鬼畜调教,鬼畜,22,73,1172466,2223,3929,154296,19711,43820,29254,1780827415,https://www.bilibili.com/video/BV1abEb6DEgd,http://i2.hdslb.com/bfs/archive/3d6493fce12e763f9dbe0553a5cce0fc6d934eaf.jpg
2026-06-12,2026-06-12 06:16:17,52,BV16oEJ66Epg,116703220468273,脚滑了吗？不，那是月球漫步！,MichaelJacksonCJ,日常,生活,21,61,1867208,533,3208,225525,3626,20813,2580,1780788600,https://www.bilibili.com/video/BV16oEJ66Epg,http://i1.hdslb.com/bfs/archive/59179a5e7c251570b9625bb5d2cc043d2a1b8eb3.jpg
2026-06-12,2026-06-12 06:16:17,53,BV1wXE76iECR,116719611875730,《安宁大厦生存手册》8-9合集,Fel探险记,短片,动画,256,358,598367,549,696,71684,4978,16215,1615,1781000158,https://www.bilibili.com/video/BV1wXE76iECR,http://i2.hdslb.com/bfs/archive/7172b0b7f8251e490f649087a6be1ddf76989d45.jpg
2026-06-12,2026-06-12 06:16:17,54,BV1t4Eu6HE3Q,116714612330975,当名人参加高考，会发生什么？,央视新闻,日常,生活,21,130,1056546,714,1391,107789,3167,7385,2527,1780959600,https://www.bilibili.com/video/BV1t4Eu6HE3Q,http://i0.hdslb.com/bfs/archive/eda5a3692cb94e100e0bdb87ea61ad6887ed9d5f.jpg
2026-06-12,2026-06-12 06:16:17,55,BV1zdE76YEW3,116719511144002,摔麦喷媒体，空降看球赛，特朗普还有多少活要整？,麻薯波比呀,社科·法律·心理,知识,124,1007,1246679,2541,1534,71595,7077,7209,869,1780999241,https://www.bilibili.com/video/BV1zdE76YEW3,http://i1.hdslb.com/bfs/archive/7aca9d4f00ea8932a3a13ef650d5fc03db050259.jpg
2026-06-12,2026-06-12 06:16:17,56,BV1FnE96PEQw,116724913411437,我和我的鼠鼠兄弟,杨齐家_,单机游戏,游戏,17,952,1284838,11763,2736,77650,9765,13229,1239,1781081012,https://www.bilibili.com/video/BV1FnE96PEQw,http://i1.hdslb.com/bfs/archive/8111e8d75675b14ca4cce82357c3acf5571b7ddb.jpg
2026-06-12,2026-06-12 06:16:17,57,BV159ER68E1d,116726037486293,四川妹子在芬兰市中心开私房川菜馆创业卖中餐！开张第一天各国老外瞳孔地震疯狂炫饭！爱到立马订票去中国！,雨琪在芬兰,美食记录,美食,215,2696,939619,9856,2169,52403,38238,8559,649,1781099485,https://www.bilibili.com/video/BV159ER68E1d,http://i1.hdslb.com/bfs/archive/7cb63b114d914c4cd4d6654a71153e8f897141dc.jpg
2026-06-12,2026-06-12 06:16:17,58,BV1JiEE6KEcx,116719410482564,震惊！183冯律师不搞抽象改走颜值路线了？,183的冯予希律师,社科·法律·心理,知识,124,414,1185705,3703,4245,74554,2768,5237,892,1780997239,https://www.bilibili.com/video/BV1JiEE6KEcx,http://i1.hdslb.com/bfs/archive/797bcd4b9371545ca5d8ec14cbe0438f8b4757aa.jpg
2026-06-12,2026-06-12 06:16:17,59,BV126E76CETY,116720014461041,“爷爷做给爸爸小时候用的，现在传给我儿子了！”木匠爷爷做的学步车传了三代，网友：买不到的“传家宝”！,人民日报,日常,生活,21,15,2059493,290,2454,125724,1838,13127,2218,1781006217,https://www.bilibili.com/video/BV126E76CETY,http://i2.hdslb.com/bfs/archive/ad421250a42af53010ea7c2ba624e34be42200d5.jpg
2026-06-12,2026-06-12 06:16:17,60,BV1N4EE6VEJu,116719444165160,鬼兵手中的武器，正是最新式的反舰步枪！【DogCraft78】,DarkCarrot,电子竞技,游戏,171,741,699307,2897,2414,53851,28738,9649,1643,1780997621,https://www.bilibili.com/video/BV1N4EE6VEJu,http://i0.hdslb.com/bfs/archive/fb46f97a9a8d5c3f88adcdb673760825896131ed.jpg
2026-06-12,2026-06-12 06:16:17,61,BV1x3Eg6nE5e,116713857226298,成本最高！票房最烂！万字赤石《变形金刚5》！,BuriedAlien,影视杂谈,影视,182,3156,976378,7952,2435,46726,17828,12693,1372,1780999200,https://www.bilibili.com/video/BV1x3Eg6nE5e,http://i2.hdslb.com/bfs/archive/7e41eec5169b62dee1ffc90b2818948d7bd9f993.jpg
2026-06-12,2026-06-12 06:16:17,62,BV1VaE96dEbH,116725047691258,哦，这得要不少地爆天星！,无我漂佩MY,日常,生活,21,184,1238208,500,1105,73949,7425,17295,1587,1781083229,https://www.bilibili.com/video/BV1VaE96dEbH,http://i2.hdslb.com/bfs/archive/5984f0ed11f39c86eb1ce2a491175a79ee97d668.jpg
2026-06-12,2026-06-12 06:16:17,63,BV1mUEd6QEFH,116725433501398,低山臭水遇知音 穷山恶水双子星,樱梨梨Eriri,仿妆cos,时尚,252,12,753164,74,678,114993,1524,27936,1865,1781089028,https://www.bilibili.com/video/BV1mUEd6QEFH,http://i2.hdslb.com/bfs/archive/31d48a02b8ecd4372df2574ad902f9f4cdeb4bfc.jpg
2026-06-12,2026-06-12 06:16:17,64,BV1CUEQ6KE49,116724040993531,《高考回战》合集,混吃等死小小猪,同人·手书,动画,47,77,1252494,234,1631,112063,1790,14753,4877,1781067847,https://www.bilibili.com/video/BV1CUEQ6KE49,http://i1.hdslb.com/bfs/archive/bb9d14e353f49f98713b929b9c023d279f55f3b5.jpg
2026-06-12,2026-06-12 06:16:17,65,BV1bDE56gEPV,116717581831582,深蓝：炸撤离点就是这个下场！,古霜羊,网络游戏,游戏,65,107,1524321,251,726,79309,8839,13067,1360,1780977600,https://www.bilibili.com/video/BV1bDE56gEPV,http://i1.hdslb.com/bfs/archive/5b31650d981e60e32afa1befcce68f60dae1aade.jpg
2026-06-12,2026-06-12 06:16:17,66,BV1CSE76qE3c,116719578258044,申请再审被驳回，法律层面就完完全全结束了，能走到最后这一步，挺不容易的，没有什么遗憾，也是别有一番滋味在心头啊！！,追风小叶QQQQ,社科·法律·心理,知识,124,68,653478,471,4464,126179,32835,4614,2515,1780999581,https://www.bilibili.com/video/BV1CSE76qE3c,http://i2.hdslb.com/bfs/archive/e67c9e08d4450e9f3b49d93f2ae2c6bad14ead6f.jpg
2026-06-12,2026-06-12 06:16:17,67,BV1CeE36WEaW,116715434282326,有人管准高三的死活吗,cn南鹤,日常,生活,21,23,2405310,1715,3851,154757,502,4715,1217,1780936371,https://www.bilibili.com/video/BV1CeE36WEaW,http://i0.hdslb.com/bfs/archive/76ac101eaf064171c90d8bd9082820f48f627eb0.jpg
2026-06-12,2026-06-12 06:16:17,68,BV11cEK6rELU,116712364116494,地牢酒馆-13集 《碎骨大帐篷》,粘土工厂,单机游戏,游戏,17,257,1513936,1617,3375,195308,28215,23936,2381,1780891200,https://www.bilibili.com/video/BV11cEK6rELU,http://i1.hdslb.com/bfs/archive/436f2a6d53b97fddf0f85b258c997b4f911e2a32.jpg
2026-06-12,2026-06-12 06:16:17,69,BV1MyEg6ZEFt,116713823669040,德国的耻辱,燕三嘤嘤嘤,人文历史,知识,228,1108,2238160,12611,4251,128931,40521,18170,1857,1780912624,https://www.bilibili.com/video/BV1MyEg6ZEFt,http://i2.hdslb.com/bfs/archive/636366ae88e9b99461ee93fa2da8ff7f284c23a1.jpg
2026-06-12,2026-06-12 06:16:17,70,BV1JqEE6vE2p,116719393708063,多 动 症 3.0（完结篇）,岩罗Crv,鬼畜剧场,鬼畜剧场,216,283,1107357,1587,1197,41568,10001,10848,4566,1780996667,https://www.bilibili.com/video/BV1JqEE6vE2p,http://i1.hdslb.com/bfs/archive/8219e04439ba02647d92802a4d39e2b2b9957367.jpg
2026-06-12,2026-06-12 06:16:17,71,BV1X7E36NE4T,116715283284500,忧郁这一块,Menasor1986,单机游戏,游戏,17,28,962324,116,1624,117329,1405,23869,10382,1780934400,https://www.bilibili.com/video/BV1X7E36NE4T,http://i1.hdslb.com/bfs/archive/44ec879964681fd0e31211bbd0bbd74e4bb1dcb0.jpg
2026-06-12,2026-06-12 06:16:17,72,BV1ijEs6VEER,116707028899046,当我问女朋友喝什么时,小姜的猫meme剧场,搞笑,娱乐,138,34,3161022,886,7612,198142,1901,43901,11897,1780808202,https://www.bilibili.com/video/BV1ijEs6VEER,http://i2.hdslb.com/bfs/archive/6df6508a701b0c86e229b3c37fe33c0ffb459257.jpg
2026-06-12,2026-06-12 06:16:17,73,BV1quVd6DEA2,116673742901624,大海为什么是蓝色的？两个诺奖得主吵起来了……,毕的二阶导,科学科普,知识,201,200,1871776,1338,2538,78274,4782,14268,1465,1781062200,https://www.bilibili.com/video/BV1quVd6DEA2,http://i0.hdslb.com/bfs/archive/3f7970375e3968843c67201c96e7b2dc3e9d38c8.jpg
2026-06-12,2026-06-12 06:16:17,74,BV185EE6nEtU,116719309818490,亲眼目睹事故被吓惨！应该怎么自救，才不留下阴影？,皮肤科教授孙广政,科学科普,知识,201,46,2061532,1502,11533,97493,921,12718,957,1780999200,https://www.bilibili.com/video/BV185EE6nEtU,http://i0.hdslb.com/bfs/archive/b2773f33591fe2489df7d582cf7486e225baf621.jpg
2026-06-12,2026-06-12 06:16:17,75,BV183ED6kEQt,116722950472928,《光与夜之恋》全新活动PV：万有引力和我爱你,光与夜之恋,手机游戏,游戏,172,251,1410104,1428,2271,45522,7750,7732,3016,1781053200,https://www.bilibili.com/video/BV183ED6kEQt,http://i1.hdslb.com/bfs/archive/951ec812cb5d0268598c68ef235405c713215b64.jpg
2026-06-12,2026-06-12 06:16:17,76,BV1L9ER68EK8,116726037485222,小时候以为的事,西维西师傅,搞笑,娱乐,138,30,1696728,181,1542,135264,1007,6701,759,1781098345,https://www.bilibili.com/video/BV1L9ER68EK8,http://i0.hdslb.com/bfs/archive/47a951a2b7e9463a6a6e8516f82aafbd9a8a9c41.jpg
2026-06-12,2026-06-12 06:16:17,77,BV1xfEq6AEWd,116730902874019,有什么比精神小妹爱上纯情男大的故事更狗血,马哥巨离谱,搞笑,娱乐,138,490,876289,2390,3036,47432,25772,5841,2316,1781172690,https://www.bilibili.com/video/BV1xfEq6AEWd,http://i1.hdslb.com/bfs/archive/100cd065a4f0f62b6980cc2c06947eff9d51b1bd.jpg
2026-06-12,2026-06-12 06:16:17,78,BV1s3E96gEqb,116724947031487,老板称“如果死了就埋了”，河北保定一残障老人被水泥店老板控制，无薪扛水泥20年？官方通报！,大象新闻,社会,社会,205,31,2323432,943,2519,124891,2842,5163,5768,1781081609,https://www.bilibili.com/video/BV1s3E96gEqb,http://i1.hdslb.com/bfs/archive/54b5d730c6122798ad9452603c5193cfaf428b94.jpg
2026-06-12,2026-06-12 06:16:17,79,BV1niET6qEZB,116713404371214,杀！杀！杀！昔年洛水盟誓在，今朝洛阳血成河【八王之乱中】,渤海小吏,人文历史,知识,228,3402,909732,4063,2073,32944,15911,11848,904,1780974000,https://www.bilibili.com/video/BV1niET6qEZB,http://i2.hdslb.com/bfs/archive/9aaf6dec5a91a9c08376b7e3c0326c2f3f7f311f.jpg
2026-06-12,2026-06-12 06:16:17,80,BV1EnEg65EZx,116714092105178,死亡盲区：濒死时，人们能看见什么？,大圆镜科普,科学科普,知识,201,457,1376591,1381,2424,113695,3398,18757,1660,1780916623,https://www.bilibili.com/video/BV1EnEg65EZx,http://i2.hdslb.com/bfs/archive/3019a85021b4f6d2efe63b865eeacf6bd860ef52.jpg
2026-06-12,2026-06-12 06:16:17,81,BV1YMEE6sEtF,116719645361349,我要跟应星比划比划，然后把他的支离剑给融了！,我要吃蛋炒饭饭,手机游戏,游戏,172,121,726539,328,1121,70735,1150,18087,992,1781000672,https://www.bilibili.com/video/BV1YMEE6sEtF,http://i0.hdslb.com/bfs/archive/d478aec9b031931148e5eb0352122375459ac469.jpg
2026-06-12,2026-06-12 06:16:17,82,BV1T4E36FEim,116715249798467,来个爻光摇一摇,贝儿酱Miki,仿妆cos,时尚,252,16,1543663,193,695,103118,1801,22253,1572,1780933472,https://www.bilibili.com/video/BV1T4E36FEim,http://i1.hdslb.com/bfs/archive/4c1fe4c51292c6a2b1db772c51c439b6ae319c8b.jpg
2026-06-12,2026-06-12 06:16:17,83,BV1tK7S6PEhv,116701341485217,猜猜谁点的外卖 #搞笑 #内容过于真实#搞笑小剧场,吾不易,亲子,生活,254,34,2820603,373,1937,223439,3980,18386,7272,1780721332,https://www.bilibili.com/video/BV1tK7S6PEhv,http://i0.hdslb.com/bfs/archive/2910679aceb9faf572a1831f8d456934bce41ebd.jpg
2026-06-12,2026-06-12 06:16:17,84,BV1dSEu6vEko,116714159281874,那个从乡港来的大学老师,戏很多的金兑,日常,生活,21,84,1332855,682,2076,134467,1415,9255,1513,1780917065,https://www.bilibili.com/video/BV1dSEu6vEko,http://i2.hdslb.com/bfs/archive/2e41839af37abfb1536fddf65c661d36417e3319.jpg
2026-06-12,2026-06-12 06:16:17,85,BV1FZEM63Eh4,116712515045317,“我儿子可能是个gay...”,碧天蓝钻,鬼畜调教,鬼畜,22,127,2621262,868,3414,107665,2724,9122,8506,1780891928,https://www.bilibili.com/video/BV1FZEM63Eh4,http://i1.hdslb.com/bfs/archive/64e87e852d00ac160c8820b4729e9adf4aa126a7.jpg
2026-06-12,2026-06-12 06:16:17,86,BV1xCEQ66EtY,116723823020129,兄弟们，良子因为身体原因被迫退出，等明年身体允许，接着来战！,健身华哥,运动综合,运动,238,87,2249345,1555,22837,86514,1638,3945,9062,1781064358,https://www.bilibili.com/video/BV1xCEQ66EtY,http://i0.hdslb.com/bfs/archive/4725c70383dc42a3d78e0735042ddbead22b5fd7.jpg
2026-06-12,2026-06-12 06:16:17,87,BV1AFEo6LExQ,116725584567259,家人们觉得我面试能通过吗？,王老师贵姓,翻唱,音乐,31,48,1317273,142,960,113377,1794,13397,1042,1781091360,https://www.bilibili.com/video/BV1AFEo6LExQ,http://i1.hdslb.com/bfs/archive/aa0640192c0d5fabbcf5ca71e4d6313e475c31e5.jpg
2026-06-12,2026-06-12 06:16:17,88,BV1vBE26BEtK,116720652064255,我在mc用千万方块还原了『召唤师峡谷』！！,橘不扒皮,单机游戏,游戏,17,67,609729,594,2104,112771,43390,9293,2249,1781064000,https://www.bilibili.com/video/BV1vBE26BEtK,http://i2.hdslb.com/bfs/archive/90f11ea10b3d9aca78493af57d1b04da64673ef7.jpg
2026-06-12,2026-06-12 06:16:17,89,BV1dKEE6dEEn,116719729316107,小别胜新家,累渠_,搞笑,娱乐,138,69,2378789,295,1551,117840,1395,3606,1962,1781001832,https://www.bilibili.com/video/BV1dKEE6dEEn,http://i2.hdslb.com/bfs/archive/cb40ffa3b947829cb8dc08fbe142d75b3e8bd1e6.jpg
2026-06-12,2026-06-12 06:16:17,90,BV1zDEm6EEpy,116720199008964,“直到今天我们仍然不知道，洛佩的上限到底有多高”,wrizedm,影视剪辑,影视,183,198,1317456,287,985,71020,875,6158,333,1781009198,https://www.bilibili.com/video/BV1zDEm6EEpy,http://i2.hdslb.com/bfs/archive/d57af3d36993263e999ffada85c2a8e39d66848b.jpg
2026-06-12,2026-06-12 06:16:17,91,BV1UCE967Eb3,116724594646300,我很臭吗,东洋雪莲,翻唱,音乐,31,67,977943,188,1264,88525,2159,20377,5771,1781076363,https://www.bilibili.com/video/BV1UCE967Eb3,http://i1.hdslb.com/bfs/archive/8f453069aed71836114e4ee8304d763c7ce9c43a.jpg
2026-06-12,2026-06-12 06:16:17,92,BV1dEE46SEEr,116707834267247,爽到头皮发麻！目前无差评，这剧太敢拍了！让韩国教师联名抵制的剧爆了，万字细嗦《铁拳教育》（上）,不善言辞的秃秃,影视杂谈,影视,182,3410,2703105,5935,4507,78727,19215,51970,9209,1780822847,https://www.bilibili.com/video/BV1dEE46SEEr,http://i0.hdslb.com/bfs/archive/df989b4e9c59120bd78012366b094e8c75762615.jpg
2026-06-12,2026-06-12 06:16:17,93,BV1siEo6SEk8,116727060896268,你是谁，请支持羞羞獭【听伊莫不emo 01】,伊莫,综合,综合,27,105,1145059,412,858,54132,10489,32985,10612,1781157600,https://www.bilibili.com/video/BV1siEo6SEk8,http://i1.hdslb.com/bfs/archive/3b50f9aea4fc684227737055006c12d08f25332e.jpg
2026-06-12,2026-06-12 06:16:17,94,BV1QxES6VEQy,116721239199172,抛开冠军标签，听王濛讲自在随性的“溜达生活” | 人微阎轻 EP02,阎鹤祥,亲子,生活,254,2435,775655,9043,4429,33329,11280,11595,4115,1781064000,https://www.bilibili.com/video/BV1QxES6VEQy,http://i2.hdslb.com/bfs/archive/1ae1ca6da9e5a940fc447eb0ce650e095ea5601d.jpg
2026-06-12,2026-06-12 06:16:17,95,BV1vGER6bEF6,116724544504564,《大鱼海棠》到底讲了一个什么样的故事？,道草日记,人文历史,知识,228,900,597434,4634,3062,51995,8117,10620,2437,1781075460,https://www.bilibili.com/video/BV1vGER6bEF6,http://i1.hdslb.com/bfs/archive/0e4d29be2449c9d7bbd573c19a32ede38942918e.jpg
2026-06-12,2026-06-12 06:16:17,96,BV1LWEM6eEo4,116713219689119,三刀六洞怎么扎？洪门、袍哥与青帮   《古惑仔》番外,食影双修,影视杂谈,影视,182,1599,1740019,2444,1590,54224,11051,12211,1025,1780912800,https://www.bilibili.com/video/BV1LWEM6eEo4,http://i1.hdslb.com/bfs/archive/5174e3d611d5b50fa4d2f2b589300945cb79c7e5.jpg
2026-06-12,2026-06-12 06:16:17,97,BV1xaEo6pEyd,116727111222499,特厨探店|开在家里手慢无？！好吃的—耀兴饭店,特厨隋坡,美食侦探,美食,212,207,737491,642,2071,61849,4046,5469,3044,1781148600,https://www.bilibili.com/video/BV1xaEo6pEyd,http://i0.hdslb.com/bfs/archive/59a95d174756b90ca7fbe6e2a302f1576e4cb8a3.jpg
2026-06-12,2026-06-12 06:16:17,98,BV1v9ER68Ehn,116726037550411,当90后家长上门道歉,粤知一二,搞笑,娱乐,138,326,900726,464,441,66644,1663,4014,635,1781150400,https://www.bilibili.com/video/BV1v9ER68Ehn,http://i1.hdslb.com/bfs/archive/e85511614700f27bd0e2fcd34c7c665e61351380.jpg
2026-06-12,2026-06-12 06:16:17,99,BV1g6Eg6hE4e,116713806890774,当我打开异环的相机Ⅱ...  【安魂曲摄影】,语堂天天啃土,手机游戏,游戏,172,195,659421,196,967,68882,4062,14205,1907,1780912219,https://www.bilibili.com/video/BV1g6Eg6hE4e,http://i1.hdslb.com/bfs/archive/83766e2111da1de672eac39ea383e4d8bd472d7f.jpg
2026-06-12,2026-06-12 06:16:17,100,BV1vSEX6sEhX,116725249022908,黄 紫 之 拳！！！,我没魔芋爽,综合,综合,27,84,825194,1278,1654,81248,2700,15803,7968,1781086185,https://www.bilibili.com/video/BV1vSEX6sEhX,http://i0.hdslb.com/bfs/archive/bc04262324132fea2074aad57bc34fdf091eb153.jpg
2026-06-12,2026-06-12 09:41:26,1,BV18VED63EBi,116722866586138,认为自己旅游运差时可以看看我.,风景旅行收藏家,日常,生活,21,163,2519957,2290,7132,330546,11098,104495,10867,1781064000,https://www.bilibili.com/video/BV18VED63EBi,http://i0.hdslb.com/bfs/archive/45526dcb51d3f4a21d85270926d87f0374679047.jpg
2026-06-12,2026-06-12 09:41:26,2,BV1T4E36FEUh,116715249797275,新三国up锐评老三国01：这才叫真正的三国！,吃蛋挞的折棒,影视杂谈,影视,182,1406,2581165,24061,13961,217528,203117,48161,10444,1780970400,https://www.bilibili.com/video/BV1T4E36FEUh,http://i2.hdslb.com/bfs/archive/f970ea0af673a4fb40a103bd7530328c2d4550b8.jpg
2026-06-12,2026-06-12 09:41:26,3,BV1zzEu6GEHW,116714209545674,《别替我吹了》,伤心欲茄222,搞笑,娱乐,138,119,4142711,3976,16771,328382,9829,19834,3598,1780977600,https://www.bilibili.com/video/BV1zzEu6GEHW,http://i2.hdslb.com/bfs/archive/a53f0df5bb61b89094597f7f5d9ca61c0dd0b6c8.jpg
2026-06-12,2026-06-12 09:41:26,4,BV1UzE765Ewm,116719964133557,还能再来一次吗…,小潮院长,搞笑,娱乐,138,2527,2107120,23445,4052,175562,81734,55548,3147,1781064000,https://www.bilibili.com/video/BV1UzE765Ewm,http://i0.hdslb.com/bfs/archive/9b5e5be127a42713d37a48dde42b730f8af8a834.jpg
2026-06-12,2026-06-12 09:41:26,5,BV1wEEg62EDP,116714109014293,Blender原创动画 |工程展示|Lan library,Lan_er2,野生技能协会,野生技能协会,122,281,1523527,441,2089,206154,28390,46024,4246,1780916150,https://www.bilibili.com/video/BV1wEEg62EDP,http://i1.hdslb.com/bfs/archive/e5fa56ef7c04180134210420e575b9913adab385.jpg
2026-06-12,2026-06-12 09:41:26,6,BV1BcEE6FE5L,116719527926628,高考结束后回校的高二生,阿君AI小剧场,影视剪辑,影视,183,56,6508820,16067,12773,286016,2436,21099,10321,1780998789,https://www.bilibili.com/video/BV1BcEE6FE5L,http://i1.hdslb.com/bfs/archive/1c4746ea93e44d9e7b9ab226a2ccbf8055ce9a2a.jpg
2026-06-12,2026-06-12 09:41:26,7,BV1w5EM6rEEd,116713253378153,羊把自己放进冰箱,霉冥_,网络游戏,游戏,65,147,1899112,3780,5068,202905,7872,56289,12967,1780903112,https://www.bilibili.com/video/BV1w5EM6rEEd,http://i2.hdslb.com/bfs/archive/966afa69b6bdcc8d7001e6a83adb30c1a08a28e8.jpg
2026-06-12,2026-06-12 09:41:26,8,BV1XGEE6QEcw,116719662208227,2026新一卷数学！难出天际？？？！,一数,校园学习,知识,208,5377,2612981,10635,17959,95399,12748,51064,18943,1781001140,https://www.bilibili.com/video/BV1XGEE6QEcw,http://i2.hdslb.com/bfs/archive/76e388cafc01c667f41f914a76d4e41c7f2cc262.jpg
2026-06-12,2026-06-12 09:41:26,9,BV1W4EE6GECF,116719444036187,【某幻】《盛世天下》再返深宫，活下来！,某幻君,影视剪辑,影视,183,33005,4405927,60744,7775,66629,40969,38773,9822,1780998850,https://www.bilibili.com/video/BV1W4EE6GECF,http://i2.hdslb.com/bfs/archive/f47d9615812e7adcf174b811036e3e4cddc602d0.jpg
2026-06-12,2026-06-12 09:41:26,10,BV1ytEu6SESN,116714595420698,我以为我们大了 会看些成熟的东西,车瓶人虹泽RC,改装玩车,改装玩车,246,79,3314277,1370,7610,249715,8380,36139,17910,1780923684,https://www.bilibili.com/video/BV1ytEu6SESN,http://i0.hdslb.com/bfs/archive/f2085858e4d1c4dc4e66debafb61d62e325f47cc.jpg
2026-06-12,2026-06-12 09:41:26,11,BV13CE26NEmn,116720668772175,瓜摊监狱兔,Raymondsese,MV,MV,193,123,2325753,2139,3988,179359,37146,47265,22373,1781016173,https://www.bilibili.com/video/BV13CE26NEmn,http://i0.hdslb.com/bfs/archive/91c44571ac7cd0990de538435c03d3e6b1d4071c.jpg
2026-06-12,2026-06-12 09:41:26,12,BV1aMEj62EdA,116718873614328,🐱躲在超市后门哈气的二人🐱,初小晓Dawn,人力VOCALOID,人力VOCALOID,126,109,1485831,310,3951,163233,10130,47050,19488,1780996200,https://www.bilibili.com/video/BV1aMEj62EdA,http://i2.hdslb.com/bfs/archive/25787049eaa7ba31fe709a2bd6cd951400dcd93c.jpg
2026-06-12,2026-06-12 09:41:26,13,BV1keEu61EfE,116714528315531,末世先杀圣母,云篆写空山,日常,生活,21,121,4104591,2271,4904,190033,6934,22508,5417,1780922683,https://www.bilibili.com/video/BV1keEu61EfE,http://i0.hdslb.com/bfs/archive/7cb98523c111dda7c15042c1205dbd53c610e1c0.jpg
2026-06-12,2026-06-12 09:41:26,14,BV1JaE56pEKE,116717783095009,12 个脑洞大开的美食制作方式，有手就会！,胡仔一人食,美食制作,美食,76,382,1767368,984,1329,88197,4449,45140,6620,1780977600,https://www.bilibili.com/video/BV1JaE56pEKE,http://i2.hdslb.com/bfs/archive/25fa607c0d502c0e3cfbf8f24c5fb5e1ca698cc4.jpg
2026-06-12,2026-06-12 09:41:26,15,BV1sJEZ6nEjb,116726591198647,18岁｜替身使者，会相互吸引。jojo黑帮摇敬上！,悠哈酱Yo,宅舞,舞蹈,20,48,1885633,936,3003,210844,12947,40011,4598,1781106772,https://www.bilibili.com/video/BV1sJEZ6nEjb,http://i0.hdslb.com/bfs/archive/b9799045e8e31d3e2632dee2755f381c7639ef20.jpg
2026-06-12,2026-06-12 09:41:26,16,BV1GLER6sEVa,116724578124362,今年最恶毒烂梗出炉，一个梗骂几亿中国人，我没见过这么恶心的营销手段！,王小七Fire,社科·法律·心理,知识,124,501,1779999,5097,13356,87989,31312,17330,4576,1781085600,https://www.bilibili.com/video/BV1GLER6sEVa,http://i1.hdslb.com/bfs/archive/1aa00193c3352015575ed146f2d1d16ff8fe8851.jpg
2026-06-12,2026-06-12 09:41:26,17,BV1KkEK6CELv,116712112397979,星际超级荒诞动画喜剧！《外星小偷里贝》第03话：上岸星球【UP动画】,梦游牛油果官方频道,小剧场,娱乐,85,828,1652651,1321,2912,99877,13187,23460,6810,1781172001,https://www.bilibili.com/video/BV1KkEK6CELv,http://i2.hdslb.com/bfs/archive/bf2234cfac7b170ad622d34b94e81a6ca8687ce9.jpg
2026-06-12,2026-06-12 09:41:26,18,BV1GCE26NE6S,116720668777445,9月10日发售《东方红魔乡：新典　～ the Embodiment of Scarlet Devil.》第一弹预告片,上海爱丽丝幻乐团,单机游戏,游戏,17,67,903087,3260,21191,106206,32774,30344,53987,1781016359,https://www.bilibili.com/video/BV1GCE26NE6S,http://i2.hdslb.com/bfs/archive/f6e59c096c0b36085b2b96527ad16724f0eea0a6.jpg
2026-06-12,2026-06-12 09:41:26,19,BV1ALEg6UEeN,116714075461800,《高考固定NPC 2026》,嘞是唐孃孃,搞笑,娱乐,138,79,4263334,350,4035,300740,4047,20364,3940,1780915783,https://www.bilibili.com/video/BV1ALEg6UEeN,http://i1.hdslb.com/bfs/archive/609a023ae422249567553ffc4b214b75b2eb952d.jpg
2026-06-12,2026-06-12 09:41:26,20,BV16MEs6UEVu,116706911457428,兄弟，这搁谁谁不焦虑失眠？,猫村猫村,人文历史,知识,228,396,2022295,1651,2217,90377,1557,23436,2569,1781062200,https://www.bilibili.com/video/BV16MEs6UEVu,http://i0.hdslb.com/bfs/archive/b3843f85e8d447de48da4fc356323163da490e1b.jpg
2026-06-12,2026-06-12 09:41:26,21,BV1iwEE6bEYj,116719712470567,虎哥摩根时代请勿模仿虎哥已经来到哔哩哔哩入驻,虎哥二次元教父,鬼畜调教,鬼畜,22,32,6847581,2692,2793,341266,8388,26531,4690,1781001620,https://www.bilibili.com/video/BV1iwEE6bEYj,http://i0.hdslb.com/bfs/archive/1814c6696820d0b663e9e13a0a62785f3e2122c9.jpg
2026-06-12,2026-06-12 09:41:26,22,BV16ZEh6zEN5,116711021940487,《垫底牢大重制版》：丁真帮助科比高考逆袭清北,村村狗熊,赛车,赛车,245,735,2240109,3844,4232,122853,19105,25417,14494,1780885800,https://www.bilibili.com/video/BV16ZEh6zEN5,http://i1.hdslb.com/bfs/archive/8d7c30025ee6b66fd8aafe7e64fe6b4890bbdf89.jpg
2026-06-12,2026-06-12 09:41:26,23,BV1c1Em6XENw,116720182299931,“撕裂挡在我前面的一切”【Scar face】【剧情反转の小曲】,早睡起大王,鬼畜调教,鬼畜,22,141,1613518,464,1390,119377,757,20473,1204,1781010000,https://www.bilibili.com/video/BV1c1Em6XENw,http://i1.hdslb.com/bfs/archive/4ca95418fe3e3eccdc3c093fab7c9a1ef292d3dc.jpg
2026-06-12,2026-06-12 09:41:26,24,BV1UsE368E7H,116715199400872,《长路归航》百人合唱 | 我们踏上的，从一开始就是一条归航长路,帷幕VMovie,手机游戏,游戏,172,190,1030897,1979,3874,64951,26362,21172,2763,1781082000,https://www.bilibili.com/video/BV1UsE368E7H,http://i0.hdslb.com/bfs/archive/bbc1fd0fa8df7c862d2424c544a181e1f885c85b.jpg
2026-06-12,2026-06-12 09:41:26,25,BV1ztEG67EXX,116714847147818,如何用串子画罗马卷,煤气灯下-,绘画,绘画,162,34,2514188,734,1289,165477,2044,38736,5954,1780927287,https://www.bilibili.com/video/BV1ztEG67EXX,http://i0.hdslb.com/bfs/archive/a580465de080f04719e5c542dfe4425647207ea9.jpg
2026-06-12,2026-06-12 09:41:26,26,BV1dhEd6PEZe,116725903262322,【高考TV】横杠单词选选选,大乾乾是顾乾宇,小剧场,娱乐,85,146,1271679,743,3115,115630,4097,14665,9714,1781096417,https://www.bilibili.com/video/BV1dhEd6PEZe,http://i1.hdslb.com/bfs/archive/b817657d2cddad89686dacd283134cb89a278a22.jpg
2026-06-12,2026-06-12 09:41:26,27,BV1gnEu6xEKs,116714410941055,【囧的呼唤】红警2中隐藏的行业绝唱,敖厂长,单机游戏,游戏,17,925,815398,13593,13141,48509,40933,12169,13889,1781006400,https://www.bilibili.com/video/BV1gnEu6xEKs,http://i1.hdslb.com/bfs/archive/b417399556b94c9962ebad133bcf05b59e2e6f02.jpg
2026-06-12,2026-06-12 09:41:26,28,BV1vUEu6KEyw,116714175989459,和日本女友去她丈母娘家里,我不是黄毛-,搞笑,娱乐,138,276,2347419,2158,1954,142426,1986,10579,1414,1780917899,https://www.bilibili.com/video/BV1vUEu6KEyw,http://i0.hdslb.com/bfs/archive/0ff11df121432a1b7599f76c12954dfc8beb57a9.jpg
2026-06-12,2026-06-12 09:41:26,29,BV1Q5EE6nEcs,116719309887553,🐧现在的小孩vs以前的我🐧,吃撑的皮卡丘y,同人·手书,动画,47,15,1319798,2143,8735,162341,2057,19441,8163,1780995516,https://www.bilibili.com/video/BV1Q5EE6nEcs,http://i0.hdslb.com/bfs/archive/a98a8dbbb6359d74e26db2fdfbed12925218d3ad.jpg
2026-06-12,2026-06-12 09:41:26,30,BV1vKEX69EoQ,116723571234827,超大型硬核开放世界生存游戏《危机曙光》实机PV,危机曙光,单机游戏,游戏,17,287,4058357,1587,2433,78007,16991,20299,2232,1781146800,https://www.bilibili.com/video/BV1vKEX69EoQ,http://i0.hdslb.com/bfs/archive/428d862d45f7f97b197990d2ae514ecc01835b74.jpg
2026-06-12,2026-06-12 09:41:26,31,BV1XbES63EMD,116721272757118,跟资本对赌！开出100万血亏 开出5块全场起立《一掷千金》,沫子瞪片,影视杂谈,影视,182,892,2078049,8365,2515,77874,7918,10860,2643,1781060400,https://www.bilibili.com/video/BV1XbES63EMD,http://i0.hdslb.com/bfs/archive/7d1b0386bbad306698801972bb796133bf31ff87.jpg
2026-06-12,2026-06-12 09:41:26,32,BV1WpE56bErE,116717816647941,《鸣潮》×《赛博朋克：边缘行者》联动过场动画,鸣潮,手机游戏,游戏,172,1822,871222,3196,8222,53425,29482,13135,7083,1780974000,https://www.bilibili.com/video/BV1WpE56bErE,http://i1.hdslb.com/bfs/archive/265dd8c7414f3172b47ccd1ea89290771c44782f.jpg
2026-06-12,2026-06-12 09:41:26,33,BV1K2EM6UEXH,116712968032376,如何设计火焰,Foudo-,绘画,绘画,162,21,1524521,219,1361,141589,3378,73371,3850,1780898711,https://www.bilibili.com/video/BV1K2EM6UEXH,http://i2.hdslb.com/bfs/archive/23aab7e07575c16ae9df0f8fd5f1005461141aa4.jpg
2026-06-12,2026-06-12 09:41:26,34,BV1EsEg6rEaq,116714041777001,有人职场内耗你 有人教你放宽心,花仙贝贝,搞笑,娱乐,138,101,2217373,638,2265,156694,2971,9516,1368,1780915103,https://www.bilibili.com/video/BV1EsEg6rEaq,http://i2.hdslb.com/bfs/archive/c12d51f998939aef25908f2b96760c6895a28804.jpg
2026-06-12,2026-06-12 09:41:26,35,BV152EE6bEmh,116718957496105,现实里得体，拍照又上镜的妆容。(含发型),姜乘澜,美妆护肤,美妆护肤,157,769,527508,417,884,59509,8371,31003,2153,1780990053,https://www.bilibili.com/video/BV152EE6bEmh,http://i2.hdslb.com/bfs/archive/f396d917eac034f578e9b458af81932cc83da637.jpg
2026-06-12,2026-06-12 09:41:26,36,BV1ebEh6bEU3,116709461592046,【警惕】银狐木马最新变种，给你的微信好友发送诈骗信息！现场测试+硬核解析！,SYSTEM-RAMOS-ZDY,计算机技术,计算机技术,231,319,863655,580,3817,41523,11899,25461,6439,1780977600,https://www.bilibili.com/video/BV1ebEh6bEU3,http://i0.hdslb.com/bfs/archive/f8aa2141fed6333e224799edd06472d52652bc0b.jpg
2026-06-12,2026-06-12 09:41:26,37,BV1RjEm6rEfe,116720501000100,歌剧老师锐评《乘风破浪的姐姐2026》四公（上）,铁豆钢蛋,乐评盘点,音乐,243,4260,1066595,43589,16782,40542,32691,8475,1812,1781015489,https://www.bilibili.com/video/BV1RjEm6rEfe,http://i1.hdslb.com/bfs/archive/0d0d635724fe6349587750bf942f5600a3a536a7.jpg
2026-06-12,2026-06-12 09:41:26,38,BV1y8Eu6EE4X,116714645751736,【鸣潮x赛博朋克】《I Really Want to Stay at Your House》声优翻唱~张琦,汐汐不想睡大街,综合,综合,27,247,911027,552,3614,86131,24694,20217,7710,1780926564,https://www.bilibili.com/video/BV1y8Eu6EE4X,http://i1.hdslb.com/bfs/archive/6a690f1b267651bf707335164246bd9e4e3a2e6d.jpg
2026-06-12,2026-06-12 09:41:26,39,BV1ZvEt6oEWR,116709209935672,锐评2026年数学高考，我雷霆大怒,聊城市茬平一中王立本,日常,生活,21,739,4644633,7388,33972,207659,35859,55689,30953,1780841328,https://www.bilibili.com/video/BV1ZvEt6oEWR,http://i0.hdslb.com/bfs/archive/6d19a0c156e6b82f71035cacec0f450bd19fb6c6.jpg
2026-06-12,2026-06-12 09:41:26,40,BV1TnEt6MEHn,116709042165737,《原神》角色预告-「洛恩：『杰作』」,原神,手机游戏,游戏,172,729,2701134,13703,12225,284256,88096,71631,39864,1780891200,https://www.bilibili.com/video/BV1TnEt6MEHn,http://i1.hdslb.com/bfs/archive/338dd06fe0b8324ca26ec3f146f610f500448221.jpg
2026-06-12,2026-06-12 09:41:26,41,BV1UhEm6wECk,116720148677346,高考注意事项,无敌灏克,日常,生活,21,43,1578198,271,2474,139167,1055,22283,1692,1781008459,https://www.bilibili.com/video/BV1UhEm6wECk,http://i0.hdslb.com/bfs/archive/aff522e2c6195631840ff274b0bd230947badef4.jpg
2026-06-12,2026-06-12 09:41:26,42,BV1xfEq6AEWd,116730902874019,有什么比精神小妹爱上纯情男大的故事更狗血,马哥巨离谱,搞笑,娱乐,138,490,1429598,2882,3890,61271,29851,7996,3080,1781172690,https://www.bilibili.com/video/BV1xfEq6AEWd,http://i1.hdslb.com/bfs/archive/100cd065a4f0f62b6980cc2c06947eff9d51b1bd.jpg
2026-06-12,2026-06-12 09:41:26,43,BV1obEd6vE91,116725920046427,别稀里糊涂就毕业了 这几件学校没说的毕业常识一定要去做！,小五只会一点点,日常,生活,21,253,601411,74,290,45071,1028,37283,810,1781096665,https://www.bilibili.com/video/BV1obEd6vE91,http://i0.hdslb.com/bfs/archive/150bb64182d22592d29aca0cfbceaaf1da056a96.jpg
2026-06-12,2026-06-12 09:41:26,44,BV1kcEo6CEca,116725567723718,轻伤不下火线,陈林夕07,篮球,运动,235,99,1285523,619,1921,115201,5797,14551,10651,1781091334,https://www.bilibili.com/video/BV1kcEo6CEca,http://i1.hdslb.com/bfs/archive/cb35f16d5c26ac3cc1f63c5bf3eadebbd9bdc50c.jpg
2026-06-12,2026-06-12 09:41:26,45,BV187EX6jERG,116723655120969,真正的完美犯罪，为邪恶丈夫量身定制！《致命女人》三线重叠，收网,正经的瓜皮酱,影视杂谈,影视,182,2615,1810337,2369,904,46892,17131,12973,668,1781085600,https://www.bilibili.com/video/BV187EX6jERG,http://i1.hdslb.com/bfs/archive/098c0350e22cff580af5929042c255a0318789bd.jpg
2026-06-12,2026-06-12 09:41:26,46,BV1JBET6KEau,116713387595904,逆天特性 3,清蒸鬼神_MC,日常,生活,21,207,492315,378,2436,80288,10713,22642,2156,1780912800,https://www.bilibili.com/video/BV1JBET6KEau,http://i0.hdslb.com/bfs/archive/a1ce429e9b7b172d621cfbb01b0c4159ea44ac2a.jpg
2026-06-12,2026-06-12 09:41:26,47,BV1jEE76fEZX,116718034813968,初中生斗胆跳一段blood on the dance floor,特崮斯,篮球,运动,235,24,1137418,400,3165,163718,13594,7857,1594,1780975915,https://www.bilibili.com/video/BV1jEE76fEZX,http://i0.hdslb.com/bfs/archive/5100db603972b271316d9501b965f7e5ca9e70ec.jpg
2026-06-12,2026-06-12 09:41:26,48,BV1ZcEE6FEyQ,116719527990523,咕嘎西行记-初出茅庐,造梦者77,日常,生活,21,128,659365,193,1092,78966,14855,21890,3657,1780998932,https://www.bilibili.com/video/BV1ZcEE6FEyQ,http://i0.hdslb.com/bfs/archive/4c3e58285e52ae4919d51f0b25d986be1876bfb2.jpg
2026-06-12,2026-06-12 09:41:26,49,BV1xJEj6uEkV,116718420625320,这期神的没边,沐风-mf,综合,综合,27,330,594767,566,1768,72348,11355,14045,6867,1780981951,https://www.bilibili.com/video/BV1xJEj6uEkV,http://i1.hdslb.com/bfs/archive/0d78b5cb247198ae7f64afb6477b0b62622f0a30.jpg
2026-06-12,2026-06-12 09:41:26,50,BV1uvEK6EEJZ,116712196278177,海上六十秒成功撤离,Z贤者,单机游戏,游戏,17,1075,4797329,3974,1118,157802,7947,63425,2658,1780887036,https://www.bilibili.com/video/BV1uvEK6EEJZ,http://i1.hdslb.com/bfs/archive/93075bc98f14fac02640d2f20812a5cb5026fc5c.jpg
2026-06-12,2026-06-12 09:41:26,51,BV1vBE26BEtK,116720652064255,我在mc用千万方块还原了『召唤师峡谷』！！,橘不扒皮,单机游戏,游戏,17,67,771658,789,2534,143030,54361,11557,2779,1781064000,https://www.bilibili.com/video/BV1vBE26BEtK,http://i2.hdslb.com/bfs/archive/90f11ea10b3d9aca78493af57d1b04da64673ef7.jpg
2026-06-12,2026-06-12 09:41:26,52,BV1wXE76iECR,116719611875730,《安宁大厦生存手册》8-9合集,Fel探险记,短片,动画,256,358,605159,553,703,72376,5015,16388,1626,1781000158,https://www.bilibili.com/video/BV1wXE76iECR,http://i2.hdslb.com/bfs/archive/7172b0b7f8251e490f649087a6be1ddf76989d45.jpg
2026-06-12,2026-06-12 09:41:26,53,BV1zdE76YEW3,116719511144002,摔麦喷媒体，空降看球赛，特朗普还有多少活要整？,麻薯波比呀,社科·法律·心理,知识,124,1007,1261338,2562,1542,72037,7125,7234,872,1780999241,https://www.bilibili.com/video/BV1zdE76YEW3,http://i1.hdslb.com/bfs/archive/7aca9d4f00ea8932a3a13ef650d5fc03db050259.jpg
2026-06-12,2026-06-12 09:41:26,54,BV159ER68E1d,116726037486293,四川妹子在芬兰市中心开私房川菜馆创业卖中餐！开张第一天各国老外瞳孔地震疯狂炫饭！爱到立马订票去中国！,雨琪在芬兰,美食记录,美食,215,2696,973376,9925,2193,53104,38640,8695,675,1781099485,https://www.bilibili.com/video/BV159ER68E1d,http://i1.hdslb.com/bfs/archive/7cb63b114d914c4cd4d6654a71153e8f897141dc.jpg
2026-06-12,2026-06-12 09:41:26,55,BV1FnE96PEQw,116724913411437,我和我的鼠鼠兄弟,杨齐家_,单机游戏,游戏,17,952,1332813,11958,2783,78898,9904,13637,1259,1781081012,https://www.bilibili.com/video/BV1FnE96PEQw,http://i1.hdslb.com/bfs/archive/8111e8d75675b14ca4cce82357c3acf5571b7ddb.jpg
2026-06-12,2026-06-12 09:41:26,56,BV1fMV268E7X,116684027335970,《追逐卡蕾多》首次测试招募PV & 实机演示,追逐卡蕾多,手机游戏,游戏,172,1438,3594356,1793,4241,97662,4008,31111,10832,1780891200,https://www.bilibili.com/video/BV1fMV268E7X,http://i0.hdslb.com/bfs/archive/1db97203934b38058a9ba67943a3579393f4b222.jpg
2026-06-12,2026-06-12 09:41:26,57,BV16oEJ66Epg,116703220468273,脚滑了吗？不，那是月球漫步！,MichaelJacksonCJ,日常,生活,21,61,1901757,543,3294,229112,3710,21266,2635,1780788600,https://www.bilibili.com/video/BV16oEJ66Epg,http://i1.hdslb.com/bfs/archive/59179a5e7c251570b9625bb5d2cc043d2a1b8eb3.jpg
2026-06-12,2026-06-12 09:41:26,58,BV126E76CETY,116720014461041,“爷爷做给爸爸小时候用的，现在传给我儿子了！”木匠爷爷做的学步车传了三代，网友：买不到的“传家宝”！,人民日报,日常,生活,21,15,2074580,292,2471,126624,1848,13240,2237,1781006217,https://www.bilibili.com/video/BV126E76CETY,http://i2.hdslb.com/bfs/archive/ad421250a42af53010ea7c2ba624e34be42200d5.jpg
2026-06-12,2026-06-12 09:41:26,59,BV1JiEE6KEcx,116719410482564,震惊！183冯律师不搞抽象改走颜值路线了？,183的冯予希律师,社科·法律·心理,知识,124,414,1195452,3726,4273,75041,2788,5281,895,1780997239,https://www.bilibili.com/video/BV1JiEE6KEcx,http://i1.hdslb.com/bfs/archive/797bcd4b9371545ca5d8ec14cbe0438f8b4757aa.jpg
2026-06-12,2026-06-12 09:41:26,60,BV1mUEd6QEFH,116725433501398,低山臭水遇知音 穷山恶水双子星,樱梨梨Eriri,仿妆cos,时尚,252,12,779116,74,703,117756,1570,28692,1936,1781089028,https://www.bilibili.com/video/BV1mUEd6QEFH,http://i2.hdslb.com/bfs/archive/31d48a02b8ecd4372df2574ad902f9f4cdeb4bfc.jpg
2026-06-12,2026-06-12 09:41:26,61,BV1N4EE6VEJu,116719444165160,鬼兵手中的武器，正是最新式的反舰步枪！【DogCraft78】,DarkCarrot,电子竞技,游戏,171,741,704430,2917,2434,54059,28843,9678,1651,1780997621,https://www.bilibili.com/video/BV1N4EE6VEJu,http://i0.hdslb.com/bfs/archive/fb46f97a9a8d5c3f88adcdb673760825896131ed.jpg
2026-06-12,2026-06-12 09:41:26,62,BV1VaE96dEbH,116725047691258,哦，这得要不少地爆天星！,无我漂佩MY,日常,生活,21,184,1299201,500,1108,75694,7558,17792,1631,1781083229,https://www.bilibili.com/video/BV1VaE96dEbH,http://i2.hdslb.com/bfs/archive/5984f0ed11f39c86eb1ce2a491175a79ee97d668.jpg
2026-06-12,2026-06-12 09:41:26,63,BV1x3Eg6nE5e,116713857226298,成本最高！票房最烂！万字赤石《变形金刚5》！,BuriedAlien,影视杂谈,影视,182,3156,988551,7987,2458,47081,17929,12786,1382,1780999200,https://www.bilibili.com/video/BV1x3Eg6nE5e,http://i2.hdslb.com/bfs/archive/7e41eec5169b62dee1ffc90b2818948d7bd9f993.jpg
2026-06-12,2026-06-12 09:41:26,64,BV1abEb6DEgd,116708287188581,jojo在哪里？jojo在开罗大街井盖里！！,猫店,鬼畜调教,鬼畜,22,73,1175545,2234,3940,154737,19791,43971,29330,1780827415,https://www.bilibili.com/video/BV1abEb6DEgd,http://i2.hdslb.com/bfs/archive/3d6493fce12e763f9dbe0553a5cce0fc6d934eaf.jpg
2026-06-12,2026-06-12 09:41:26,65,BV1CUEQ6KE49,116724040993531,《高考回战》合集,混吃等死小小猪,同人·手书,动画,47,77,1268907,235,1652,113197,1822,14936,4925,1781067847,https://www.bilibili.com/video/BV1CUEQ6KE49,http://i1.hdslb.com/bfs/archive/bb9d14e353f49f98713b929b9c023d279f55f3b5.jpg
2026-06-12,2026-06-12 09:41:26,66,BV1bDE56gEPV,116717581831582,深蓝：炸撤离点就是这个下场！,古霜羊,网络游戏,游戏,65,107,1531681,252,727,79661,8908,13137,1366,1780977600,https://www.bilibili.com/video/BV1bDE56gEPV,http://i1.hdslb.com/bfs/archive/5b31650d981e60e32afa1befcce68f60dae1aade.jpg
2026-06-12,2026-06-12 09:41:26,67,BV1CSE76qE3c,116719578258044,申请再审被驳回，法律层面就完完全全结束了，能走到最后这一步，挺不容易的，没有什么遗憾，也是别有一番滋味在心头啊！！,追风小叶QQQQ,社科·法律·心理,知识,124,68,662935,483,4351,128208,33340,4684,2544,1780999581,https://www.bilibili.com/video/BV1CSE76qE3c,http://i2.hdslb.com/bfs/archive/e67c9e08d4450e9f3b49d93f2ae2c6bad14ead6f.jpg
2026-06-12,2026-06-12 09:41:26,68,BV1v9ER68Ehn,116726037550411,当90后家长上门道歉,粤知一二,搞笑,娱乐,138,326,1125100,515,513,81454,1940,5007,752,1781150400,https://www.bilibili.com/video/BV1v9ER68Ehn,http://i1.hdslb.com/bfs/archive/e85511614700f27bd0e2fcd34c7c665e61351380.jpg
2026-06-12,2026-06-12 09:41:26,69,BV1CeE36WEaW,116715434282326,有人管准高三的死活吗,cn南鹤,日常,生活,21,23,2425018,1744,3862,155821,506,4751,1228,1780936371,https://www.bilibili.com/video/BV1CeE36WEaW,http://i0.hdslb.com/bfs/archive/76ac101eaf064171c90d8bd9082820f48f627eb0.jpg
2026-06-12,2026-06-12 09:41:26,70,BV1JqEE6vE2p,116719393708063,多 动 症 3.0（完结篇）,岩罗Crv,鬼畜剧场,鬼畜剧场,216,283,1140473,1607,1212,42137,10128,11057,4660,1780996667,https://www.bilibili.com/video/BV1JqEE6vE2p,http://i1.hdslb.com/bfs/archive/8219e04439ba02647d92802a4d39e2b2b9957367.jpg
2026-06-12,2026-06-12 09:41:26,71,BV1L9ER68EK8,116726037485222,小时候以为的事,西维西师傅,搞笑,娱乐,138,30,1769990,186,1629,140314,1036,6981,796,1781098345,https://www.bilibili.com/video/BV1L9ER68EK8,http://i0.hdslb.com/bfs/archive/47a951a2b7e9463a6a6e8516f82aafbd9a8a9c41.jpg
2026-06-12,2026-06-12 09:41:26,72,BV1X7E36NE4T,116715283284500,忧郁这一块,Menasor1986,单机游戏,游戏,17,28,973326,117,1651,118602,1433,24173,10457,1780934400,https://www.bilibili.com/video/BV1X7E36NE4T,http://i1.hdslb.com/bfs/archive/44ec879964681fd0e31211bbd0bbd74e4bb1dcb0.jpg
2026-06-12,2026-06-12 09:41:26,73,BV1quVd6DEA2,116673742901624,大海为什么是蓝色的？两个诺奖得主吵起来了……,毕的二阶导,科学科普,知识,201,200,1960830,1363,2596,79827,4885,14628,1508,1781062200,https://www.bilibili.com/video/BV1quVd6DEA2,http://i0.hdslb.com/bfs/archive/3f7970375e3968843c67201c96e7b2dc3e9d38c8.jpg
2026-06-12,2026-06-12 09:41:26,74,BV1AFEo6LExQ,116725584567259,家人们觉得我面试能通过吗？,王老师贵姓,翻唱,音乐,31,48,1432674,149,1211,122007,1969,14488,1135,1781091360,https://www.bilibili.com/video/BV1AFEo6LExQ,http://i1.hdslb.com/bfs/archive/aa0640192c0d5fabbcf5ca71e4d6313e475c31e5.jpg
2026-06-12,2026-06-12 09:41:26,75,BV1t4Eu6HE3Q,116714612330975,当名人参加高考，会发生什么？,央视新闻,日常,生活,21,130,1063776,720,1398,108426,3184,7431,2546,1780959600,https://www.bilibili.com/video/BV1t4Eu6HE3Q,http://i0.hdslb.com/bfs/archive/eda5a3692cb94e100e0bdb87ea61ad6887ed9d5f.jpg
2026-06-12,2026-06-12 09:41:26,76,BV17YEv6VEUx,116730416469936,动态视频｜吸进身体的二手烟，到底有多脏？,亿点点不一样,科学科普,知识,201,147,573111,853,3683,79774,15772,10390,11750,1781168400,https://www.bilibili.com/video/BV17YEv6VEUx,http://i0.hdslb.com/bfs/archive/aad0b8823127354b6857ac449fe2ff4268b2b832.jpg
2026-06-12,2026-06-12 09:41:26,77,BV1s3E96gEqb,116724947031487,老板称“如果死了就埋了”，河北保定一残障老人被水泥店老板控制，无薪扛水泥20年？官方通报！,大象新闻,社会,社会,205,31,2366750,963,2576,127085,2894,5252,5860,1781081609,https://www.bilibili.com/video/BV1s3E96gEqb,http://i1.hdslb.com/bfs/archive/54b5d730c6122798ad9452603c5193cfaf428b94.jpg
2026-06-12,2026-06-12 09:41:26,78,BV183ED6kEQt,116722950472928,《光与夜之恋》全新活动PV：万有引力和我爱你,光与夜之恋,手机游戏,游戏,172,251,1438991,1435,2291,45581,7774,7753,3024,1781053200,https://www.bilibili.com/video/BV183ED6kEQt,http://i1.hdslb.com/bfs/archive/951ec812cb5d0268598c68ef235405c713215b64.jpg
2026-06-12,2026-06-12 09:41:26,79,BV185EE6nEtU,116719309818490,亲眼目睹事故被吓惨！应该怎么自救，才不留下阴影？,皮肤科教授孙广政,科学科普,知识,201,46,2072853,1506,11567,97935,925,12801,961,1780999200,https://www.bilibili.com/video/BV185EE6nEtU,http://i0.hdslb.com/bfs/archive/b2773f33591fe2489df7d582cf7486e225baf621.jpg
2026-06-12,2026-06-12 09:41:26,80,BV1niET6qEZB,116713404371214,杀！杀！杀！昔年洛水盟誓在，今朝洛阳血成河【八王之乱中】,渤海小吏,人文历史,知识,228,3402,918611,4076,2078,33091,15988,11902,911,1780974000,https://www.bilibili.com/video/BV1niET6qEZB,http://i2.hdslb.com/bfs/archive/9aaf6dec5a91a9c08376b7e3c0326c2f3f7f311f.jpg
2026-06-12,2026-06-12 09:41:26,81,BV1YMEE6sEtF,116719645361349,我要跟应星比划比划，然后把他的支离剑给融了！,我要吃蛋炒饭饭,手机游戏,游戏,172,121,735653,331,1131,71491,1190,18327,997,1781000672,https://www.bilibili.com/video/BV1YMEE6sEtF,http://i0.hdslb.com/bfs/archive/d478aec9b031931148e5eb0352122375459ac469.jpg
2026-06-12,2026-06-12 09:41:26,82,BV1vGER6bEF6,116724544504564,《大鱼海棠》到底讲了一个什么样的故事？,道草日记,人文历史,知识,228,900,634266,4873,3238,54610,8587,11270,2588,1781075460,https://www.bilibili.com/video/BV1vGER6bEF6,http://i1.hdslb.com/bfs/archive/0e4d29be2449c9d7bbd573c19a32ede38942918e.jpg
2026-06-12,2026-06-12 09:41:26,83,BV1siEo6SEk8,116727060896268,你是谁，请支持羞羞獭【听伊莫不emo 01】,伊莫,综合,综合,27,105,1253544,416,904,56083,10540,33297,10656,1781157600,https://www.bilibili.com/video/BV1siEo6SEk8,http://i1.hdslb.com/bfs/archive/3b50f9aea4fc684227737055006c12d08f25332e.jpg
2026-06-12,2026-06-12 09:41:26,84,BV1tK7S6PEhv,116701341485217,猜猜谁点的外卖 #搞笑 #内容过于真实#搞笑小剧场,吾不易,亲子,生活,254,34,2862593,373,1965,225665,4044,18624,7346,1780721332,https://www.bilibili.com/video/BV1tK7S6PEhv,http://i0.hdslb.com/bfs/archive/2910679aceb9faf572a1831f8d456934bce41ebd.jpg
2026-06-12,2026-06-12 09:41:26,85,BV1UCE967Eb3,116724594646300,我很臭吗,东洋雪莲,翻唱,音乐,31,67,1009201,195,1302,90474,2221,20924,5912,1781076363,https://www.bilibili.com/video/BV1UCE967Eb3,http://i1.hdslb.com/bfs/archive/8f453069aed71836114e4ee8304d763c7ce9c43a.jpg
2026-06-12,2026-06-12 09:41:26,86,BV1xCEQ66EtY,116723823020129,兄弟们，良子因为身体原因被迫退出，等明年身体允许，接着来战！,健身华哥,运动综合,运动,238,87,2280397,1579,23148,87365,1670,4008,9130,1781064358,https://www.bilibili.com/video/BV1xCEQ66EtY,http://i0.hdslb.com/bfs/archive/4725c70383dc42a3d78e0735042ddbead22b5fd7.jpg
2026-06-12,2026-06-12 09:41:26,87,BV1zDEm6EEpy,116720199008964,“直到今天我们仍然不知道，洛佩的上限到底有多高”,wrizedm,影视剪辑,影视,183,198,1350066,295,1003,72782,912,6334,381,1781009198,https://www.bilibili.com/video/BV1zDEm6EEpy,http://i2.hdslb.com/bfs/archive/d57af3d36993263e999ffada85c2a8e39d66848b.jpg
2026-06-12,2026-06-12 09:41:26,88,BV1T4E36FEim,116715249798467,来个爻光摇一摇,贝儿酱Miki,仿妆cos,时尚,252,16,1555334,193,696,103515,1818,22373,1582,1780933472,https://www.bilibili.com/video/BV1T4E36FEim,http://i1.hdslb.com/bfs/archive/4c1fe4c51292c6a2b1db772c51c439b6ae319c8b.jpg
2026-06-12,2026-06-12 09:41:26,89,BV1dKEE6dEEn,116719729316107,小别胜新家,累渠_,搞笑,娱乐,138,69,2387726,296,1568,118429,1405,3630,1975,1781001832,https://www.bilibili.com/video/BV1dKEE6dEEn,http://i2.hdslb.com/bfs/archive/cb40ffa3b947829cb8dc08fbe142d75b3e8bd1e6.jpg
2026-06-12,2026-06-12 09:41:26,90,BV1QxES6VEQy,116721239199172,抛开冠军标签，听王濛讲自在随性的“溜达生活” | 人微阎轻 EP02,阎鹤祥,亲子,生活,254,2435,806507,9166,4602,34019,11484,11968,4185,1781064000,https://www.bilibili.com/video/BV1QxES6VEQy,http://i2.hdslb.com/bfs/archive/1ae1ca6da9e5a940fc447eb0ce650e095ea5601d.jpg
2026-06-12,2026-06-12 09:41:26,91,BV1xaEo6pEyd,116727111222499,特厨探店|开在家里手慢无？！好吃的—耀兴饭店,特厨隋坡,美食侦探,美食,212,207,755968,646,2116,63141,4197,5580,3121,1781148600,https://www.bilibili.com/video/BV1xaEo6pEyd,http://i0.hdslb.com/bfs/archive/59a95d174756b90ca7fbe6e2a302f1576e4cb8a3.jpg
2026-06-12,2026-06-12 09:41:26,92,BV1MyEg6ZEFt,116713823669040,德国的耻辱,燕三嘤嘤嘤,人文历史,知识,228,1108,2251805,12630,4255,129301,40669,18188,1869,1780912624,https://www.bilibili.com/video/BV1MyEg6ZEFt,http://i2.hdslb.com/bfs/archive/636366ae88e9b99461ee93fa2da8ff7f284c23a1.jpg
2026-06-12,2026-06-12 09:41:26,93,BV1vSEX6sEhX,116725249022908,黄 紫 之 拳！！！,我没魔芋爽,综合,综合,27,84,859254,1318,1703,83848,2827,16468,8238,1781086185,https://www.bilibili.com/video/BV1vSEX6sEhX,http://i0.hdslb.com/bfs/archive/bc04262324132fea2074aad57bc34fdf091eb153.jpg
2026-06-12,2026-06-12 09:41:26,94,BV1aCEv6vE1z,116729963353713,全新爽搜图！新式免保！新式房卡！多结局解密！核电站它来了！「三角洲S9赛季」,Key725,网络游戏,游戏,65,664,933053,1437,2889,38094,1501,14359,6833,1781158258,https://www.bilibili.com/video/BV1aCEv6vE1z,http://i0.hdslb.com/bfs/archive/fff65170b6ce508b349a641611efa9bc0063b599.jpg
2026-06-12,2026-06-12 09:41:26,95,BV11cEK6rELU,116712364116494,地牢酒馆-13集 《碎骨大帐篷》,粘土工厂,单机游戏,游戏,17,257,1520545,1622,3380,196075,28296,24065,2386,1780891200,https://www.bilibili.com/video/BV11cEK6rELU,http://i1.hdslb.com/bfs/archive/436f2a6d53b97fddf0f85b258c997b4f911e2a32.jpg
2026-06-12,2026-06-12 09:41:26,96,BV1fHE96aEPh,116724896630633,什么样动漫的片尾曲，才能让弹幕全是问号？前奏一响夯爆了,音乐Wu哥,乐评盘点,音乐,243,157,1062047,433,2230,68358,1678,31101,1210,1781080758,https://www.bilibili.com/video/BV1fHE96aEPh,http://i1.hdslb.com/bfs/archive/bfef36bf8180cae0cdb43f52f69efe89f64dc572.jpg
2026-06-12,2026-06-12 09:41:26,97,BV157Ei6GELV,116729929795808,一枪秒杀？三角洲S10新赛季爆料！打头算马枪？,哈夫豆火箭兵,网络游戏,游戏,65,63,1605336,767,2395,96137,495,14634,24407,1781157687,https://www.bilibili.com/video/BV157Ei6GELV,http://i0.hdslb.com/bfs/archive/6d57fc21836a1ce8f052cdb1f6be0fef5a760cf6.jpg
2026-06-12,2026-06-12 09:41:26,98,BV1FZEM63Eh4,116712515045317,“我儿子可能是个gay...”,碧天蓝钻,鬼畜调教,鬼畜,22,127,2643973,875,3461,108232,2743,9183,8613,1780891928,https://www.bilibili.com/video/BV1FZEM63Eh4,http://i1.hdslb.com/bfs/archive/64e87e852d00ac160c8820b4729e9adf4aa126a7.jpg
2026-06-12,2026-06-12 09:41:26,99,BV1sCE76kEp1,116719913930219,没课的哥哥和不登校妹妹的同一时间线vlog＃2,赚到钱了就买两个鸡腿,日常,生活,21,203,762713,432,871,54872,1687,8016,696,1781004873,https://www.bilibili.com/video/BV1sCE76kEp1,http://i0.hdslb.com/bfs/archive/923e857a8f4bc61f0c2a21b79762bdd1a0013d4d.jpg
2026-06-12,2026-06-12 09:41:26,100,BV1YMEE6sEg7,116719645362318,我用一切，换来了加里奥1v5,直面泰山,网络游戏,游戏,65,410,856955,844,1182,56422,9881,3004,1515,1781001153,https://www.bilibili.com/video/BV1YMEE6sEg7,http://i1.hdslb.com/bfs/archive/6ec40e9aca2f8d3a672700072257965f6fb530f8.jpg
2026-06-12,2026-06-12 14:56:07,1,BV18VED63EBi,116722866586138,认为自己旅游运差时可以看看我.,风景旅行收藏家,日常,生活,21,163,2962427,2650,8068,386181,13868,121349,12986,1781064000,https://www.bilibili.com/video/BV18VED63EBi,http://i0.hdslb.com/bfs/archive/45526dcb51d3f4a21d85270926d87f0374679047.jpg
2026-06-12,2026-06-12 14:56:07,2,BV1zzEu6GEHW,116714209545674,《别替我吹了》,伤心欲茄222,搞笑,娱乐,138,119,4225181,4027,17201,334044,10209,20224,3683,1780977600,https://www.bilibili.com/video/BV1zzEu6GEHW,http://i2.hdslb.com/bfs/archive/a53f0df5bb61b89094597f7f5d9ca61c0dd0b6c8.jpg
2026-06-12,2026-06-12 14:56:07,3,BV1T4E36FEUh,116715249797275,新三国up锐评老三国01：这才叫真正的三国！,吃蛋挞的折棒,影视杂谈,影视,182,1406,2675201,24440,14171,220955,205440,49021,10604,1780970400,https://www.bilibili.com/video/BV1T4E36FEUh,http://i2.hdslb.com/bfs/archive/f970ea0af673a4fb40a103bd7530328c2d4550b8.jpg
2026-06-12,2026-06-12 14:56:07,4,BV1UzE765Ewm,116719964133557,还能再来一次吗…,小潮院长,搞笑,娱乐,138,2527,2256818,24075,4162,183353,85155,57599,3275,1781064000,https://www.bilibili.com/video/BV1UzE765Ewm,http://i0.hdslb.com/bfs/archive/9b5e5be127a42713d37a48dde42b730f8af8a834.jpg
2026-06-12,2026-06-12 14:56:07,5,BV1wEEg62EDP,116714109014293,Blender原创动画 |工程展示|Lan library,Lan_er2,野生技能协会,野生技能协会,122,281,1561446,459,2159,214905,30229,48016,4386,1780916150,https://www.bilibili.com/video/BV1wEEg62EDP,http://i1.hdslb.com/bfs/archive/e5fa56ef7c04180134210420e575b9913adab385.jpg
2026-06-12,2026-06-12 14:56:07,6,BV1KkEK6CELv,116712112397979,星际超级荒诞动画喜剧！《外星小偷里贝》第03话：上岸星球【UP动画】,梦游牛油果官方频道,小剧场,娱乐,85,828,2260984,2331,4434,140429,22648,34134,12301,1781172001,https://www.bilibili.com/video/BV1KkEK6CELv,http://i2.hdslb.com/bfs/archive/bf2234cfac7b170ad622d34b94e81a6ca8687ce9.jpg
2026-06-12,2026-06-12 14:56:07,7,BV1W4EE6GECF,116719444036187,【某幻】《盛世天下》再返深宫，活下来！,某幻君,影视剪辑,影视,183,37365,5114951,67320,8556,69779,42770,40593,10423,1780998850,https://www.bilibili.com/video/BV1W4EE6GECF,http://i2.hdslb.com/bfs/archive/f47d9615812e7adcf174b811036e3e4cddc602d0.jpg
2026-06-12,2026-06-12 14:56:07,8,BV1BcEE6FE5L,116719527926628,高考结束后回校的高二生,阿君AI小剧场,影视剪辑,影视,183,56,6714829,16605,12938,292105,2517,21622,10543,1780998789,https://www.bilibili.com/video/BV1BcEE6FE5L,http://i1.hdslb.com/bfs/archive/1c4746ea93e44d9e7b9ab226a2ccbf8055ce9a2a.jpg
2026-06-12,2026-06-12 14:56:07,9,BV1XGEE6QEcw,116719662208227,2026新一卷数学！难出天际？？？！,一数,校园学习,知识,208,5377,2672952,10816,18202,96826,12975,51940,19213,1781001140,https://www.bilibili.com/video/BV1XGEE6QEcw,http://i2.hdslb.com/bfs/archive/76e388cafc01c667f41f914a76d4e41c7f2cc262.jpg
2026-06-12,2026-06-12 14:56:07,10,BV1sJEZ6nEjb,116726591198647,18岁｜替身使者，会相互吸引。jojo黑帮摇敬上！,悠哈酱Yo,宅舞,舞蹈,20,48,2268568,1070,3661,265778,16460,49120,5652,1781106772,https://www.bilibili.com/video/BV1sJEZ6nEjb,http://i0.hdslb.com/bfs/archive/b9799045e8e31d3e2632dee2755f381c7639ef20.jpg
2026-06-12,2026-06-12 14:56:07,11,BV13CE26NEmn,116720668772175,瓜摊监狱兔,Raymondsese,MV,MV,193,123,2557067,2290,4125,187842,38822,50943,23319,1781016173,https://www.bilibili.com/video/BV13CE26NEmn,http://i0.hdslb.com/bfs/archive/91c44571ac7cd0990de538435c03d3e6b1d4071c.jpg
2026-06-12,2026-06-12 14:56:07,12,BV1w5EM6rEEd,116713253378153,羊把自己放进冰箱,霉冥_,网络游戏,游戏,65,147,1935574,3942,5149,206787,8064,57386,13223,1780903112,https://www.bilibili.com/video/BV1w5EM6rEEd,http://i2.hdslb.com/bfs/archive/966afa69b6bdcc8d7001e6a83adb30c1a08a28e8.jpg
2026-06-12,2026-06-12 14:56:07,13,BV1ytEu6SESN,116714595420698,我以为我们大了 会看些成熟的东西,车瓶人虹泽RC,改装玩车,改装玩车,246,79,3352920,1419,7862,254234,8619,36910,18373,1780923684,https://www.bilibili.com/video/BV1ytEu6SESN,http://i0.hdslb.com/bfs/archive/f2085858e4d1c4dc4e66debafb61d62e325f47cc.jpg
2026-06-12,2026-06-12 14:56:07,14,BV1aMEj62EdA,116718873614328,🐱躲在超市后门哈气的二人🐱,初小晓Dawn,人力VOCALOID,人力VOCALOID,126,109,1573030,325,4148,169856,11024,49250,20480,1780996200,https://www.bilibili.com/video/BV1aMEj62EdA,http://i2.hdslb.com/bfs/archive/25787049eaa7ba31fe709a2bd6cd951400dcd93c.jpg
2026-06-12,2026-06-12 14:56:07,15,BV1keEu61EfE,116714528315531,末世先杀圣母,云篆写空山,日常,生活,21,121,4344086,2425,5288,200040,7586,23757,5930,1780922683,https://www.bilibili.com/video/BV1keEu61EfE,http://i0.hdslb.com/bfs/archive/7cb98523c111dda7c15042c1205dbd53c610e1c0.jpg
2026-06-12,2026-06-12 14:56:07,16,BV1GLER6sEVa,116724578124362,今年最恶毒烂梗出炉，一个梗骂几亿中国人，我没见过这么恶心的营销手段！,王小七Fire,社科·法律·心理,知识,124,501,1968183,5615,14941,96819,35076,19078,5175,1781085600,https://www.bilibili.com/video/BV1GLER6sEVa,http://i1.hdslb.com/bfs/archive/1aa00193c3352015575ed146f2d1d16ff8fe8851.jpg
2026-06-12,2026-06-12 14:56:07,17,BV1vBE26BEtK,116720652064255,我在mc用千万方块还原了『召唤师峡谷』！！,橘不扒皮,单机游戏,游戏,17,67,1162070,1314,3498,214104,80802,17601,4430,1781064000,https://www.bilibili.com/video/BV1vBE26BEtK,http://i2.hdslb.com/bfs/archive/90f11ea10b3d9aca78493af57d1b04da64673ef7.jpg
2026-06-12,2026-06-12 14:56:07,18,BV1JaE56pEKE,116717783095009,12 个脑洞大开的美食制作方式，有手就会！,胡仔一人食,美食制作,美食,76,382,1799201,996,1353,89672,4497,45854,6726,1780977600,https://www.bilibili.com/video/BV1JaE56pEKE,http://i2.hdslb.com/bfs/archive/25fa607c0d502c0e3cfbf8f24c5fb5e1ca698cc4.jpg
2026-06-12,2026-06-12 14:56:07,19,BV1GCE26NE6S,116720668777445,9月10日发售《东方红魔乡：新典　～ the Embodiment of Scarlet Devil.》第一弹预告片,上海爱丽丝幻乐团,单机游戏,游戏,17,67,925195,3307,21611,109177,33281,31121,54979,1781016359,https://www.bilibili.com/video/BV1GCE26NE6S,http://i2.hdslb.com/bfs/archive/f6e59c096c0b36085b2b96527ad16724f0eea0a6.jpg
2026-06-12,2026-06-12 14:56:07,20,BV1xfEq6AEWd,116730902874019,有什么比精神小妹爱上纯情男大的故事更狗血,马哥巨离谱,搞笑,娱乐,138,490,2221556,3911,5751,91173,38348,12184,4969,1781172690,https://www.bilibili.com/video/BV1xfEq6AEWd,http://i1.hdslb.com/bfs/archive/100cd065a4f0f62b6980cc2c06947eff9d51b1bd.jpg
2026-06-12,2026-06-12 14:56:07,21,BV1iwEE6bEYj,116719712470567,虎哥摩根时代请勿模仿虎哥已经来到哔哩哔哩入驻,虎哥二次元教父,鬼畜调教,鬼畜,22,32,7198057,2981,2890,354852,8970,27878,4998,1781001620,https://www.bilibili.com/video/BV1iwEE6bEYj,http://i0.hdslb.com/bfs/archive/1814c6696820d0b663e9e13a0a62785f3e2122c9.jpg
2026-06-12,2026-06-12 14:56:07,22,BV17YEv6VEUx,116730416469936,动态视频｜吸进身体的二手烟，到底有多脏？,亿点点不一样,科学科普,知识,201,147,989435,1174,6215,129617,22689,16646,18418,1781168400,https://www.bilibili.com/video/BV17YEv6VEUx,http://i0.hdslb.com/bfs/archive/aad0b8823127354b6857ac449fe2ff4268b2b832.jpg
2026-06-12,2026-06-12 14:56:07,23,BV16MEs6UEVu,116706911457428,兄弟，这搁谁谁不焦虑失眠？,猫村猫村,人文历史,知识,228,396,2162767,1777,2372,95931,1703,24946,2736,1781062200,https://www.bilibili.com/video/BV16MEs6UEVu,http://i0.hdslb.com/bfs/archive/b3843f85e8d447de48da4fc356323163da490e1b.jpg
2026-06-12,2026-06-12 14:56:07,24,BV1UsE368E7H,116715199400872,《长路归航》百人合唱 | 我们踏上的，从一开始就是一条归航长路,帷幕VMovie,手机游戏,游戏,172,190,1067677,2064,3944,68711,27263,22427,2853,1781082000,https://www.bilibili.com/video/BV1UsE368E7H,http://i0.hdslb.com/bfs/archive/bbc1fd0fa8df7c862d2424c544a181e1f885c85b.jpg
2026-06-12,2026-06-12 14:56:07,25,BV1c1Em6XENw,116720182299931,“撕裂挡在我前面的一切”【Scar face】【剧情反转の小曲】,早睡起大王,鬼畜调教,鬼畜,22,141,1634908,471,1410,121118,766,20904,1224,1781010000,https://www.bilibili.com/video/BV1c1Em6XENw,http://i1.hdslb.com/bfs/archive/4ca95418fe3e3eccdc3c093fab7c9a1ef292d3dc.jpg
2026-06-12,2026-06-12 14:56:07,26,BV1dhEd6PEZe,116725903262322,【高考TV】横杠单词选选选,大乾乾是顾乾宇,小剧场,娱乐,85,146,1328411,776,3299,122790,4426,15634,10462,1781096417,https://www.bilibili.com/video/BV1dhEd6PEZe,http://i1.hdslb.com/bfs/archive/b817657d2cddad89686dacd283134cb89a278a22.jpg
2026-06-12,2026-06-12 14:56:07,27,BV1otE96tE36,116725097960466,懒人为了“顺手”俩字，到底能做多少收纳？,海边二狗哥,家居房产,家居房产,239,580,1400636,1661,2359,64833,5133,30604,6773,1781083688,https://www.bilibili.com/video/BV1otE96tE36,http://i0.hdslb.com/bfs/archive/78553b00560ed356b43f06f4c094db857587023c.jpg
2026-06-12,2026-06-12 14:56:07,28,BV1gnEu6xEKs,116714410941055,【囧的呼唤】红警2中隐藏的行业绝唱,敖厂长,单机游戏,游戏,17,925,840989,13881,13287,49250,41630,12355,14080,1781006400,https://www.bilibili.com/video/BV1gnEu6xEKs,http://i1.hdslb.com/bfs/archive/b417399556b94c9962ebad133bcf05b59e2e6f02.jpg
2026-06-12,2026-06-12 14:56:07,29,BV1XbES63EMD,116721272757118,跟资本对赌！开出100万血亏 开出5块全场起立《一掷千金》,沫子瞪片,影视杂谈,影视,182,892,2199672,8693,2641,80370,8146,11276,2807,1781060400,https://www.bilibili.com/video/BV1XbES63EMD,http://i0.hdslb.com/bfs/archive/7d1b0386bbad306698801972bb796133bf31ff87.jpg
2026-06-12,2026-06-12 14:56:07,30,BV1Q5EE6nEcs,116719309887553,🐧现在的小孩vs以前的我🐧,吃撑的皮卡丘y,同人·手书,动画,47,15,1336521,2206,8821,164508,2112,19793,8307,1780995516,https://www.bilibili.com/video/BV1Q5EE6nEcs,http://i0.hdslb.com/bfs/archive/a98a8dbbb6359d74e26db2fdfbed12925218d3ad.jpg
2026-06-12,2026-06-12 14:56:07,31,BV1ztEG67EXX,116714847147818,如何用串子画罗马卷,煤气灯下-,绘画,绘画,162,34,2562411,755,1296,168750,2109,39552,6047,1780927287,https://www.bilibili.com/video/BV1ztEG67EXX,http://i0.hdslb.com/bfs/archive/a580465de080f04719e5c542dfe4425647207ea9.jpg
2026-06-12,2026-06-12 14:56:07,32,BV1vKEX69EoQ,116723571234827,超大型硬核开放世界生存游戏《危机曙光》实机PV,危机曙光,单机游戏,游戏,17,287,4070400,1618,2518,78155,17006,20339,2307,1781146800,https://www.bilibili.com/video/BV1vKEX69EoQ,http://i0.hdslb.com/bfs/archive/428d862d45f7f97b197990d2ae514ecc01835b74.jpg
2026-06-12,2026-06-12 14:56:07,33,BV16ZEh6zEN5,116711021940487,《垫底牢大重制版》：丁真帮助科比高考逆袭清北,村村狗熊,赛车,赛车,245,735,2300289,3942,4327,126282,19829,26192,14999,1780885800,https://www.bilibili.com/video/BV16ZEh6zEN5,http://i1.hdslb.com/bfs/archive/8d7c30025ee6b66fd8aafe7e64fe6b4890bbdf89.jpg
2026-06-12,2026-06-12 14:56:07,34,BV1v9ER68Ehn,116726037550411,当90后家长上门道歉,粤知一二,搞笑,娱乐,138,326,1510404,635,700,108682,2363,6929,1037,1781150400,https://www.bilibili.com/video/BV1v9ER68Ehn,http://i1.hdslb.com/bfs/archive/e85511614700f27bd0e2fcd34c7c665e61351380.jpg
2026-06-12,2026-06-12 14:56:07,35,BV1GnEe6aEng,116729057385249,《鸣潮》共鸣者「洛瑟菈」PV | 课后辅导,鸣潮,手机游戏,游戏,172,1106,1627109,6630,8137,58889,25366,12174,9703,1781146800,https://www.bilibili.com/video/BV1GnEe6aEng,http://i2.hdslb.com/bfs/archive/34364e3998a07f1c4d8e5388aed0db18d1faa52a.jpg
2026-06-12,2026-06-12 14:56:07,36,BV1obEd6vE91,116725920046427,别稀里糊涂就毕业了 这几件学校没说的毕业常识一定要去做！,小五只会一点点,日常,生活,21,253,669546,81,319,49465,1153,40768,898,1781096665,https://www.bilibili.com/video/BV1obEd6vE91,http://i0.hdslb.com/bfs/archive/150bb64182d22592d29aca0cfbceaaf1da056a96.jpg
2026-06-12,2026-06-12 14:56:07,37,BV1kcEo6CEca,116725567723718,轻伤不下火线,陈林夕07,篮球,运动,235,99,1382011,667,2113,124358,6451,15831,11726,1781091334,https://www.bilibili.com/video/BV1kcEo6CEca,http://i1.hdslb.com/bfs/archive/cb35f16d5c26ac3cc1f63c5bf3eadebbd9bdc50c.jpg
2026-06-12,2026-06-12 14:56:07,38,BV152EE6bEmh,116718957496105,现实里得体，拍照又上镜的妆容。(含发型),姜乘澜,美妆护肤,美妆护肤,157,769,535789,420,900,60473,8504,31521,2175,1780990053,https://www.bilibili.com/video/BV152EE6bEmh,http://i2.hdslb.com/bfs/archive/f396d917eac034f578e9b458af81932cc83da637.jpg
2026-06-12,2026-06-12 14:56:07,39,BV187EX6jERG,116723655120969,真正的完美犯罪，为邪恶丈夫量身定制！《致命女人》三线重叠，收网,正经的瓜皮酱,影视杂谈,影视,182,2615,2007662,2508,914,49706,18164,14200,731,1781085600,https://www.bilibili.com/video/BV187EX6jERG,http://i1.hdslb.com/bfs/archive/098c0350e22cff580af5929042c255a0318789bd.jpg
2026-06-12,2026-06-12 14:56:07,40,BV1RjEm6rEfe,116720501000100,歌剧老师锐评《乘风破浪的姐姐2026》四公（上）,铁豆钢蛋,乐评盘点,音乐,243,4260,1089513,43855,16807,41066,33081,8573,1839,1781015489,https://www.bilibili.com/video/BV1RjEm6rEfe,http://i1.hdslb.com/bfs/archive/0d0d635724fe6349587750bf942f5600a3a536a7.jpg
2026-06-12,2026-06-12 14:56:07,41,BV1UhEm6wECk,116720148677346,高考注意事项,无敌灏克,日常,生活,21,43,1592802,271,2495,140851,1077,22670,1715,1781008459,https://www.bilibili.com/video/BV1UhEm6wECk,http://i0.hdslb.com/bfs/archive/aff522e2c6195631840ff274b0bd230947badef4.jpg
2026-06-12,2026-06-12 14:56:07,42,BV1ebEh6bEU3,116709461592046,【警惕】银狐木马最新变种，给你的微信好友发送诈骗信息！现场测试+硬核解析！,SYSTEM-RAMOS-ZDY,计算机技术,计算机技术,231,319,941853,598,4010,43826,12594,26877,6924,1780977600,https://www.bilibili.com/video/BV1ebEh6bEU3,http://i0.hdslb.com/bfs/archive/f8aa2141fed6333e224799edd06472d52652bc0b.jpg
2026-06-12,2026-06-12 14:56:07,43,BV1aCEv6vE1z,116729963353713,全新爽搜图！新式免保！新式房卡！多结局解密！核电站它来了！「三角洲S9赛季」,Key725,网络游戏,游戏,65,664,1402873,1769,3339,58495,2602,26319,8473,1781158258,https://www.bilibili.com/video/BV1aCEv6vE1z,http://i0.hdslb.com/bfs/archive/fff65170b6ce508b349a641611efa9bc0063b599.jpg
2026-06-12,2026-06-12 14:56:07,44,BV1K2EM6UEXH,116712968032376,如何设计火焰,Foudo-,绘画,绘画,162,21,1545541,225,1371,143641,3451,74495,3895,1780898711,https://www.bilibili.com/video/BV1K2EM6UEXH,http://i2.hdslb.com/bfs/archive/23aab7e07575c16ae9df0f8fd5f1005461141aa4.jpg
2026-06-12,2026-06-12 14:56:07,45,BV1ZcEE6FEyQ,116719527990523,咕嘎西行记-初出茅庐,造梦者77,日常,生活,21,128,671759,197,1104,79862,15077,22161,3708,1780998932,https://www.bilibili.com/video/BV1ZcEE6FEyQ,http://i0.hdslb.com/bfs/archive/4c3e58285e52ae4919d51f0b25d986be1876bfb2.jpg
2026-06-12,2026-06-12 14:56:07,46,BV1AFEo6LExQ,116725584567259,家人们觉得我面试能通过吗？,王老师贵姓,翻唱,音乐,31,48,1709342,183,1352,145083,2501,17379,1336,1781091360,https://www.bilibili.com/video/BV1AFEo6LExQ,http://i1.hdslb.com/bfs/archive/aa0640192c0d5fabbcf5ca71e4d6313e475c31e5.jpg
2026-06-12,2026-06-12 14:56:07,47,BV159ER68E1d,116726037486293,四川妹子在芬兰市中心开私房川菜馆创业卖中餐！开张第一天各国老外瞳孔地震疯狂炫饭！爱到立马订票去中国！,雨琪在芬兰,美食记录,美食,215,2696,1059444,10261,2282,56298,41230,9230,725,1781099485,https://www.bilibili.com/video/BV159ER68E1d,http://i1.hdslb.com/bfs/archive/7cb63b114d914c4cd4d6654a71153e8f897141dc.jpg
2026-06-12,2026-06-12 14:56:07,48,BV1wXE76iECR,116719611875730,《安宁大厦生存手册》8-9合集,Fel探险记,短片,动画,256,358,622941,568,719,74164,5129,16726,1672,1781000158,https://www.bilibili.com/video/BV1wXE76iECR,http://i2.hdslb.com/bfs/archive/7172b0b7f8251e490f649087a6be1ddf76989d45.jpg
2026-06-12,2026-06-12 14:56:07,49,BV157Ei6GELV,116729929795808,一枪秒杀？三角洲S10新赛季爆料！打头算马枪？,哈夫豆火箭兵,网络游戏,游戏,65,63,2139391,928,3153,124703,698,19254,30600,1781157687,https://www.bilibili.com/video/BV157Ei6GELV,http://i0.hdslb.com/bfs/archive/6d57fc21836a1ce8f052cdb1f6be0fef5a760cf6.jpg
2026-06-12,2026-06-12 14:56:07,50,BV1mUEd6QEFH,116725433501398,低山臭水遇知音 穷山恶水双子星,樱梨梨Eriri,仿妆cos,时尚,252,12,829063,79,746,124619,1692,30472,2089,1781089028,https://www.bilibili.com/video/BV1mUEd6QEFH,http://i2.hdslb.com/bfs/archive/31d48a02b8ecd4372df2574ad902f9f4cdeb4bfc.jpg
2026-06-12,2026-06-12 14:56:07,51,BV1zdE76YEW3,116719511144002,摔麦喷媒体，空降看球赛，特朗普还有多少活要整？,麻薯波比呀,社科·法律·心理,知识,124,1007,1288483,2600,1562,73012,7227,7260,879,1780999241,https://www.bilibili.com/video/BV1zdE76YEW3,http://i1.hdslb.com/bfs/archive/7aca9d4f00ea8932a3a13ef650d5fc03db050259.jpg
2026-06-12,2026-06-12 14:56:07,52,BV1ALEg6UEeN,116714075461800,《高考固定NPC 2026》,嘞是唐孃孃,搞笑,娱乐,138,79,4318827,353,4084,304238,4088,20694,3973,1780915783,https://www.bilibili.com/video/BV1ALEg6UEeN,http://i1.hdslb.com/bfs/archive/609a023ae422249567553ffc4b214b75b2eb952d.jpg
2026-06-12,2026-06-12 14:56:07,53,BV1EsEg6rEaq,116714041777001,有人职场内耗你 有人教你放宽心,花仙贝贝,搞笑,娱乐,138,101,2256978,651,2323,159429,3067,9673,1399,1780915103,https://www.bilibili.com/video/BV1EsEg6rEaq,http://i2.hdslb.com/bfs/archive/c12d51f998939aef25908f2b96760c6895a28804.jpg
2026-06-12,2026-06-12 14:56:07,54,BV126E76CETY,116720014461041,“爷爷做给爸爸小时候用的，现在传给我儿子了！”木匠爷爷做的学步车传了三代，网友：买不到的“传家宝”！,人民日报,日常,生活,21,15,2138606,295,2521,130420,1924,13683,2310,1781006217,https://www.bilibili.com/video/BV126E76CETY,http://i2.hdslb.com/bfs/archive/ad421250a42af53010ea7c2ba624e34be42200d5.jpg
2026-06-12,2026-06-12 14:56:07,55,BV1xJEj6uEkV,116718420625320,这期神的没边,沐风-mf,综合,综合,27,330,608573,571,1808,74187,11669,14466,7038,1780981951,https://www.bilibili.com/video/BV1xJEj6uEkV,http://i1.hdslb.com/bfs/archive/0d78b5cb247198ae7f64afb6477b0b62622f0a30.jpg
2026-06-12,2026-06-12 14:56:07,56,BV1siEo6SEk8,116727060896268,你是谁，请支持羞羞獭【听伊莫不emo 01】,伊莫,综合,综合,27,105,1657205,439,975,80844,10671,34372,10798,1781157600,https://www.bilibili.com/video/BV1siEo6SEk8,http://i1.hdslb.com/bfs/archive/3b50f9aea4fc684227737055006c12d08f25332e.jpg
2026-06-12,2026-06-12 14:56:07,57,BV1JiEE6KEcx,116719410482564,震惊！183冯律师不搞抽象改走颜值路线了？,183的冯予希律师,社科·法律·心理,知识,124,414,1215963,3784,4321,76333,2829,5401,911,1780997239,https://www.bilibili.com/video/BV1JiEE6KEcx,http://i1.hdslb.com/bfs/archive/797bcd4b9371545ca5d8ec14cbe0438f8b4757aa.jpg
2026-06-12,2026-06-12 14:56:07,58,BV1N4EE6VEJu,116719444165160,鬼兵手中的武器，正是最新式的反舰步枪！【DogCraft78】,DarkCarrot,电子竞技,游戏,171,741,718729,2957,2463,54782,29191,9831,1665,1780997621,https://www.bilibili.com/video/BV1N4EE6VEJu,http://i0.hdslb.com/bfs/archive/fb46f97a9a8d5c3f88adcdb673760825896131ed.jpg
2026-06-12,2026-06-12 14:56:07,59,BV1vGER6bEF6,116724544504564,《大鱼海棠》到底讲了一个什么样的故事？,道草日记,人文历史,知识,228,900,716785,5495,3686,61164,10098,12649,3070,1781075460,https://www.bilibili.com/video/BV1vGER6bEF6,http://i1.hdslb.com/bfs/archive/0e4d29be2449c9d7bbd573c19a32ede38942918e.jpg
2026-06-12,2026-06-12 14:56:07,60,BV1FnE96PEQw,116724913411437,我和我的鼠鼠兄弟,杨齐家_,单机游戏,游戏,17,952,1598840,12442,2878,83562,10355,15713,1315,1781081012,https://www.bilibili.com/video/BV1FnE96PEQw,http://i1.hdslb.com/bfs/archive/8111e8d75675b14ca4cce82357c3acf5571b7ddb.jpg
2026-06-12,2026-06-12 14:56:07,61,BV1VaE96dEbH,116725047691258,哦，这得要不少地爆天星！,无我漂佩MY,日常,生活,21,184,1516189,506,1142,80621,8019,19817,1719,1781083229,https://www.bilibili.com/video/BV1VaE96dEbH,http://i2.hdslb.com/bfs/archive/5984f0ed11f39c86eb1ce2a491175a79ee97d668.jpg
2026-06-12,2026-06-12 14:56:07,62,BV1x3Eg6nE5e,116713857226298,成本最高！票房最烂！万字赤石《变形金刚5》！,BuriedAlien,影视杂谈,影视,182,3156,1027882,8159,2492,48274,18416,12997,1420,1780999200,https://www.bilibili.com/video/BV1x3Eg6nE5e,http://i2.hdslb.com/bfs/archive/7e41eec5169b62dee1ffc90b2818948d7bd9f993.jpg
2026-06-12,2026-06-12 14:56:07,63,BV1CUEQ6KE49,116724040993531,《高考回战》合集,混吃等死小小猪,同人·手书,动画,47,77,1312127,242,1734,116800,1921,15595,5121,1781067847,https://www.bilibili.com/video/BV1CUEQ6KE49,http://i1.hdslb.com/bfs/archive/bb9d14e353f49f98713b929b9c023d279f55f3b5.jpg
2026-06-12,2026-06-12 14:56:07,64,BV1FAEi6DEiT,116729812618614,瑞斯拜考前50分系列 四六级必考词汇 26年新版,我是瑞斯拜,校园学习,知识,208,3112,476929,9626,3000,29100,8344,38949,5583,1781155806,https://www.bilibili.com/video/BV1FAEi6DEiT,http://i0.hdslb.com/bfs/archive/7a738e32686f5231598afea4d598efd8410899fb.jpg
2026-06-12,2026-06-12 14:56:07,65,BV16oEJ66Epg,116703220468273,脚滑了吗？不，那是月球漫步！,MichaelJacksonCJ,日常,生活,21,61,1994503,571,3458,240228,3976,22686,2827,1780788600,https://www.bilibili.com/video/BV16oEJ66Epg,http://i1.hdslb.com/bfs/archive/59179a5e7c251570b9625bb5d2cc043d2a1b8eb3.jpg
2026-06-12,2026-06-12 14:56:07,66,BV1L9ER68EK8,116726037485222,小时候以为的事,西维西师傅,搞笑,娱乐,138,30,1885187,202,1781,150177,1110,7494,858,1781098345,https://www.bilibili.com/video/BV1L9ER68EK8,http://i0.hdslb.com/bfs/archive/47a951a2b7e9463a6a6e8516f82aafbd9a8a9c41.jpg
2026-06-12,2026-06-12 14:56:07,67,BV1CSE76qE3c,116719578258044,申请再审被驳回，法律层面就完完全全结束了，能走到最后这一步，挺不容易的，没有什么遗憾，也是别有一番滋味在心头啊！！,追风小叶QQQQ,社科·法律·心理,知识,124,68,678232,494,4490,131639,34240,4798,2616,1780999581,https://www.bilibili.com/video/BV1CSE76qE3c,http://i2.hdslb.com/bfs/archive/e67c9e08d4450e9f3b49d93f2ae2c6bad14ead6f.jpg
2026-06-12,2026-06-12 14:56:07,68,BV1jEE76fEZX,116718034813968,初中生斗胆跳一段blood on the dance floor,特崮斯,篮球,运动,235,24,1152437,403,3190,165349,13901,7958,1613,1780975915,https://www.bilibili.com/video/BV1jEE76fEZX,http://i0.hdslb.com/bfs/archive/5100db603972b271316d9501b965f7e5ca9e70ec.jpg
2026-06-12,2026-06-12 14:56:07,69,BV1GfEe6iE3x,116730718391604,在上海吃到了玫瑰腐乳肉，长江这一路的酸甜苦辣咸脆鲜香咱也尝遍了！,食贫道,日常,生活,21,3090,762858,5926,1568,49706,28418,12085,2832,1781172032,https://www.bilibili.com/video/BV1GfEe6iE3x,http://i2.hdslb.com/bfs/archive/4a9c83dc2fe0b8e2f2b219b00fcb3d86f5886915.jpg
2026-06-12,2026-06-12 14:56:07,70,BV1KNE965Eyg,116725282505851,我有两科考完！,萨鏝鷵,颜值·网红舞,颜值·网红舞,255,27,819605,370,2498,122094,3107,19733,11185,1781086644,https://www.bilibili.com/video/BV1KNE965Eyg,http://i2.hdslb.com/bfs/archive/27208d1aeaab887e17a49c514d56ea2951c8939d.jpg
2026-06-12,2026-06-12 14:56:07,71,BV1JqEE6vE2p,116719393708063,多 动 症 3.0（完结篇）,岩罗Crv,鬼畜剧场,鬼畜剧场,216,283,1210446,1667,1251,43837,10517,11560,4964,1780996667,https://www.bilibili.com/video/BV1JqEE6vE2p,http://i1.hdslb.com/bfs/archive/8219e04439ba02647d92802a4d39e2b2b9957367.jpg
2026-06-12,2026-06-12 14:56:07,72,BV1s3E96gEqb,116724947031487,老板称“如果死了就埋了”，河北保定一残障老人被水泥店老板控制，无薪扛水泥20年？官方通报！,大象新闻,社会,社会,205,31,2453168,1008,2674,132564,3074,5524,6109,1781081609,https://www.bilibili.com/video/BV1s3E96gEqb,http://i1.hdslb.com/bfs/archive/54b5d730c6122798ad9452603c5193cfaf428b94.jpg
2026-06-12,2026-06-12 14:56:07,73,BV1CeE36WEaW,116715434282326,有人管准高三的死活吗,cn南鹤,日常,生活,21,23,2470909,1811,3891,158659,527,4820,1243,1780936371,https://www.bilibili.com/video/BV1CeE36WEaW,http://i0.hdslb.com/bfs/archive/76ac101eaf064171c90d8bd9082820f48f627eb0.jpg
2026-06-12,2026-06-12 14:56:07,74,BV183ED6kEQt,116722950472928,《光与夜之恋》全新活动PV：万有引力和我爱你,光与夜之恋,手机游戏,游戏,172,251,1517399,1495,2389,47480,7937,7970,3066,1781053200,https://www.bilibili.com/video/BV183ED6kEQt,http://i1.hdslb.com/bfs/archive/951ec812cb5d0268598c68ef235405c713215b64.jpg
2026-06-12,2026-06-12 14:56:07,75,BV1JBET6KEau,116713387595904,逆天特性 3,清蒸鬼神_MC,日常,生活,21,207,498595,380,2477,81273,10870,22956,2201,1780912800,https://www.bilibili.com/video/BV1JBET6KEau,http://i0.hdslb.com/bfs/archive/a1ce429e9b7b172d621cfbb01b0c4159ea44ac2a.jpg
2026-06-12,2026-06-12 14:56:07,76,BV1vUEu6KEyw,116714175989459,和日本女友去她丈母娘家里,我不是黄毛-,搞笑,娱乐,138,276,2394974,2184,1979,145250,2026,10877,1445,1780917899,https://www.bilibili.com/video/BV1vUEu6KEyw,http://i0.hdslb.com/bfs/archive/0ff11df121432a1b7599f76c12954dfc8beb57a9.jpg
2026-06-12,2026-06-12 14:56:07,77,BV1X7E36NE4T,116715283284500,忧郁这一块,Menasor1986,单机游戏,游戏,17,28,1005492,121,1701,122025,1498,24925,10737,1780934400,https://www.bilibili.com/video/BV1X7E36NE4T,http://i1.hdslb.com/bfs/archive/44ec879964681fd0e31211bbd0bbd74e4bb1dcb0.jpg
2026-06-12,2026-06-12 14:56:07,78,BV185EE6nEtU,116719309818490,亲眼目睹事故被吓惨！应该怎么自救，才不留下阴影？,皮肤科教授孙广政,科学科普,知识,201,46,2110045,1518,11639,99661,957,13096,970,1780999200,https://www.bilibili.com/video/BV185EE6nEtU,http://i0.hdslb.com/bfs/archive/b2773f33591fe2489df7d582cf7486e225baf621.jpg
2026-06-12,2026-06-12 14:56:07,79,BV1YMEE6sEtF,116719645361349,我要跟应星比划比划，然后把他的支离剑给融了！,我要吃蛋炒饭饭,手机游戏,游戏,172,121,759870,340,1163,73607,1236,18996,1030,1781000672,https://www.bilibili.com/video/BV1YMEE6sEtF,http://i0.hdslb.com/bfs/archive/d478aec9b031931148e5eb0352122375459ac469.jpg
2026-06-12,2026-06-12 14:56:07,80,BV1fHE96aEPh,116724896630633,什么样动漫的片尾曲，才能让弹幕全是问号？前奏一响夯爆了,音乐Wu哥,乐评盘点,音乐,243,157,1211499,488,2585,74924,1969,35377,1415,1781080758,https://www.bilibili.com/video/BV1fHE96aEPh,http://i1.hdslb.com/bfs/archive/bfef36bf8180cae0cdb43f52f69efe89f64dc572.jpg
2026-06-12,2026-06-12 14:56:07,81,BV1UCE967Eb3,116724594646300,我很臭吗,东洋雪莲,翻唱,音乐,31,67,1068417,202,1409,94730,2385,22154,6208,1781076363,https://www.bilibili.com/video/BV1UCE967Eb3,http://i1.hdslb.com/bfs/archive/8f453069aed71836114e4ee8304d763c7ce9c43a.jpg
2026-06-12,2026-06-12 14:56:07,82,BV1y8Eu6EE4X,116714645751736,【鸣潮x赛博朋克】《I Really Want to Stay at Your House》声优翻唱~张琦,汐汐不想睡大街,综合,综合,27,247,920298,555,3656,86798,24930,20479,7762,1780926564,https://www.bilibili.com/video/BV1y8Eu6EE4X,http://i1.hdslb.com/bfs/archive/6a690f1b267651bf707335164246bd9e4e3a2e6d.jpg
2026-06-12,2026-06-12 14:56:07,83,BV1gAEd6WENo,116726138150290,大型海岛合集适合建筑生存,毛球MOMO,单机游戏,游戏,17,19,437506,147,976,72339,2684,85575,5725,1781099690,https://www.bilibili.com/video/BV1gAEd6WENo,http://i0.hdslb.com/bfs/archive/e82e81788761594cb6c76c856db6c7221e9b085d.jpg
2026-06-12,2026-06-12 14:56:07,84,BV1bDE56gEPV,116717581831582,深蓝：炸撤离点就是这个下场！,古霜羊,网络游戏,游戏,65,107,1560716,253,735,81130,9145,13426,1401,1780977600,https://www.bilibili.com/video/BV1bDE56gEPV,http://i1.hdslb.com/bfs/archive/5b31650d981e60e32afa1befcce68f60dae1aade.jpg
2026-06-12,2026-06-12 14:56:07,85,BV1zDEm6EEpy,116720199008964,“直到今天我们仍然不知道，洛佩的上限到底有多高”,wrizedm,影视剪辑,影视,183,198,1429540,308,1042,76514,1029,6847,489,1781009198,https://www.bilibili.com/video/BV1zDEm6EEpy,http://i2.hdslb.com/bfs/archive/d57af3d36993263e999ffada85c2a8e39d66848b.jpg
2026-06-12,2026-06-12 14:56:07,86,BV1QxES6VEQy,116721239199172,抛开冠军标签，听王濛讲自在随性的“溜达生活” | 人微阎轻 EP02,阎鹤祥,亲子,生活,254,2435,849417,9443,4961,35164,11880,12570,4486,1781064000,https://www.bilibili.com/video/BV1QxES6VEQy,http://i2.hdslb.com/bfs/archive/1ae1ca6da9e5a940fc447eb0ce650e095ea5601d.jpg
2026-06-12,2026-06-12 14:56:07,87,BV1xCEQ66EtY,116723823020129,兄弟们，良子因为身体原因被迫退出，等明年身体允许，接着来战！,健身华哥,运动综合,运动,238,87,2358107,1599,23963,89669,1743,4113,9287,1781064358,https://www.bilibili.com/video/BV1xCEQ66EtY,http://i0.hdslb.com/bfs/archive/4725c70383dc42a3d78e0735042ddbead22b5fd7.jpg
2026-06-12,2026-06-12 14:56:07,88,BV1ZvEt6oEWR,116709209935672,锐评2026年数学高考，我雷霆大怒,聊城市茬平一中王立本,日常,生活,21,739,4668648,7418,34083,208646,36072,56032,31054,1780841328,https://www.bilibili.com/video/BV1ZvEt6oEWR,http://i0.hdslb.com/bfs/archive/6d19a0c156e6b82f71035cacec0f450bd19fb6c6.jpg
2026-06-12,2026-06-12 14:56:07,89,BV1xaEo6pEyd,116727111222499,特厨探店|开在家里手慢无？！好吃的—耀兴饭店,特厨隋坡,美食侦探,美食,212,207,819439,678,2259,67968,4411,5929,3313,1781148600,https://www.bilibili.com/video/BV1xaEo6pEyd,http://i0.hdslb.com/bfs/archive/59a95d174756b90ca7fbe6e2a302f1576e4cb8a3.jpg
2026-06-12,2026-06-12 14:56:07,90,BV1TnEt6MEHn,116709042165737,《原神》角色预告-「洛恩：『杰作』」,原神,手机游戏,游戏,172,729,2725308,13842,12289,286464,88695,72489,40128,1780891200,https://www.bilibili.com/video/BV1TnEt6MEHn,http://i1.hdslb.com/bfs/archive/338dd06fe0b8324ca26ec3f146f610f500448221.jpg
2026-06-12,2026-06-12 14:56:07,91,BV1vSEX6sEhX,116725249022908,黄 紫 之 拳！！！,我没魔芋爽,综合,综合,27,84,934123,1417,1830,89993,3124,18079,9012,1781086185,https://www.bilibili.com/video/BV1vSEX6sEhX,http://i0.hdslb.com/bfs/archive/bc04262324132fea2074aad57bc34fdf091eb153.jpg
2026-06-12,2026-06-12 14:56:07,92,BV1tK7S6PEhv,116701341485217,猜猜谁点的外卖 #搞笑 #内容过于真实#搞笑小剧场,吾不易,亲子,生活,254,34,2986925,382,2025,233386,4232,19400,7560,1780721332,https://www.bilibili.com/video/BV1tK7S6PEhv,http://i0.hdslb.com/bfs/archive/2910679aceb9faf572a1831f8d456934bce41ebd.jpg
2026-06-12,2026-06-12 14:56:07,93,BV1sCE76kEp1,116719913930219,没课的哥哥和不登校妹妹的同一时间线vlog＃2,赚到钱了就买两个鸡腿,日常,生活,21,203,830236,444,934,60181,1786,8715,746,1781004873,https://www.bilibili.com/video/BV1sCE76kEp1,http://i0.hdslb.com/bfs/archive/923e857a8f4bc61f0c2a21b79762bdd1a0013d4d.jpg
2026-06-12,2026-06-12 14:56:07,94,BV1dKEE6dEEn,116719729316107,小别胜新家,累渠_,搞笑,娱乐,138,69,2412259,298,1596,120335,1430,3692,2017,1781001832,https://www.bilibili.com/video/BV1dKEE6dEEn,http://i2.hdslb.com/bfs/archive/cb40ffa3b947829cb8dc08fbe142d75b3e8bd1e6.jpg
2026-06-12,2026-06-12 14:56:07,95,BV1quVd6DEA2,116673742901624,大海为什么是蓝色的？两个诺奖得主吵起来了……,毕的二阶导,科学科普,知识,201,200,2718693,1392,2681,85219,5300,17230,1581,1781062200,https://www.bilibili.com/video/BV1quVd6DEA2,http://i0.hdslb.com/bfs/archive/3f7970375e3968843c67201c96e7b2dc3e9d38c8.jpg
2026-06-12,2026-06-12 14:56:07,96,BV1xHEE61Eh9,116719225933103,【四六级考前急救】四六级各题型做题技巧,晓艳教英语,校园学习,知识,208,1600,349939,1157,1934,34706,6814,32062,5531,1781002800,https://www.bilibili.com/video/BV1xHEE61Eh9,http://i0.hdslb.com/bfs/archive/3434e6659c35f1323bde3b4b39b300707dbe6239.jpg
2026-06-12,2026-06-12 14:56:07,97,BV11GEv6dEvW,116730298895024,《弧光猎人》弧光测试PV&国服事件预告｜星火燎原,弧光猎人_ARCRaiders,单机游戏,游戏,17,175,974016,1104,1580,25896,26486,19981,3331,1781229600,https://www.bilibili.com/video/BV11GEv6dEvW,http://i0.hdslb.com/bfs/archive/a8c4284d82a7291fb37cad37789d97562b629eed.jpg
2026-06-12,2026-06-12 14:56:07,98,BV1t4Eu6HE3Q,116714612330975,当名人参加高考，会发生什么？,央视新闻,日常,生活,21,130,1083796,728,1418,110249,3293,7594,2605,1780959600,https://www.bilibili.com/video/BV1t4Eu6HE3Q,http://i0.hdslb.com/bfs/archive/eda5a3692cb94e100e0bdb87ea61ad6887ed9d5f.jpg
2026-06-12,2026-06-12 14:56:07,99,BV1eqEv6zEsy,116730030458484,温 柔 的 洛 恩,鼎芸,同人·手书,动画,47,255,330827,355,619,66439,9204,16387,3265,1781159833,https://www.bilibili.com/video/BV1eqEv6zEsy,http://i0.hdslb.com/bfs/archive/e8bc00ca4ab1f2019f1e32af218a9b7a182e2675.jpg
2026-06-12,2026-06-12 14:56:07,100,BV1E2ER6NEcf,116726389808488,广西一男子深夜入室盗窃，被屋主持刀反击身亡，检方：系正当防卫,star星视频,综合,综合,206,32,1605568,589,3081,131040,875,3326,716,1781103553,https://www.bilibili.com/video/BV1E2ER6NEcf,http://i1.hdslb.com/bfs/archive/68ab988c9dbf84f826cf482fb82cae8f408aa927.jpg
