rank_date,snapshot_time,rank_position,bvid,aid,title,author,category,main_category,tid,duration,view_count,danmaku_count,reply_count,like_count,coin_count,favorite_count,share_count,pubdate,video_url,cover_url
2026-06-24,2026-06-24 00:06:48,1,BV1oTjk6xEea,116778281796886,我发誓这是我看过最震撼的漫展爬台变装演唱！！,夏旬Natsuki,翻唱,音乐,31,84,5851016,1663,6106,678472,52794,75410,9557,1781947800,https://www.bilibili.com/video/BV1oTjk6xEea,http://i0.hdslb.com/bfs/archive/c937405b0e26e4652af142f494911c0cf97d0f26.jpg
2026-06-24,2026-06-24 00:06:48,2,BV1fJjE6FEqW,116780630609640,《崩坏：因缘精灵》进化PV：直至遇见它,崩坏因缘精灵,手机游戏,游戏,172,351,2480106,22185,29148,182914,71443,38205,50048,1782100800,https://www.bilibili.com/video/BV1fJjE6FEqW,http://i2.hdslb.com/bfs/archive/29e4ee8844cb4d82aefa07d1011ad4438da2c9c3.jpg
2026-06-24,2026-06-24 00:06:48,3,BV1X37c6vEcB,116790311001648,“终有一天，我会成为MAJOR冠军！”——NIKO圆梦科隆Major！,AYCS2,网络游戏,游戏,65,298,2978352,1910,14692,171315,77495,40251,10669,1782078868,https://www.bilibili.com/video/BV1X37c6vEcB,http://i2.hdslb.com/bfs/archive/1bdd25e9721279f6870ec585223314be1d06890f.jpg
2026-06-24,2026-06-24 00:06:48,4,BV1xXjn6LEwc,116783247787866,人，停下！,幸仁儿鲨,绘画,绘画,162,475,1329170,11080,9856,163897,54686,68243,5471,1781971350,https://www.bilibili.com/video/BV1xXjn6LEwc,http://i2.hdslb.com/bfs/archive/cfe6b10df7f5630e9cb80f9edffe4b9a15c6024a.jpg
2026-06-24,2026-06-24 00:06:48,5,BV1g7jJ6nE1E,116782207602137,“入室抢劫般的队友”,胡胡不胡o,日常,生活,21,363,3728715,2023,4692,243196,13538,31266,10479,1781955576,https://www.bilibili.com/video/BV1g7jJ6nE1E,http://i2.hdslb.com/bfs/archive/9b3e18bf8311f44867bcc78534904eb86d1072c4.jpg
2026-06-24,2026-06-24 00:06:48,6,BV1JKjH6iE6y,116782895470334,多少年了，人们还记得你真实的样子吗？,何大爷课堂,人文历史,知识,228,218,4390905,639,3922,278635,9060,18240,1728,1781965957,https://www.bilibili.com/video/BV1JKjH6iE6y,http://i1.hdslb.com/bfs/archive/ce0fa067f5c90abd4ceb01108697be8f556ecd57.jpg
2026-06-24,2026-06-24 00:06:48,7,BV19Kjf6cEh8,116789337921082,【泰拉瑞亚】32位计算机电路 RISC-V CPU 348KHz,混乱沉睡,单机游戏,游戏,17,639,1912883,1427,3909,162131,50062,45779,20453,1782063994,https://www.bilibili.com/video/BV19Kjf6cEh8,http://i0.hdslb.com/bfs/archive/751337b64ce9f1f12d3979dbe8e54d4c29c91459.jpg
2026-06-24,2026-06-24 00:06:48,8,BV1Cvjk6TEB3,116778046915958,🎨要看看这样的视频才有力气讨生活【三角洲】,牧牧川,单机游戏,游戏,17,192,4414026,761,2356,320651,12937,49930,2678,1781926200,https://www.bilibili.com/video/BV1Cvjk6TEB3,http://i1.hdslb.com/bfs/archive/9c3b114670250931e6264389d05a263039d091d9.jpg
2026-06-24,2026-06-24 00:06:48,9,BV1wE7P6bESL,116792357950508,真开上机甲了？影视飓风1600万粉丝Q&A！,影视飓风,数码,科技,95,1032,1527383,26693,7604,158849,68771,24704,9416,1782118800,https://www.bilibili.com/video/BV1wE7P6bESL,http://i0.hdslb.com/bfs/archive/1557911f2cecfc9aab972adad15e9a6c51ecd954.jpg
2026-06-24,2026-06-24 00:06:48,10,BV1WFjW6EEMQ,116783734328117,《独家记忆》,王濛,明星综合,明星综合,137,320,1768501,20161,26557,88380,84871,24768,10108,1781978557,https://www.bilibili.com/video/BV1WFjW6EEMQ,http://i1.hdslb.com/bfs/archive/7d952ec82a9aaf29c190029494576c283ac9ffd5.jpg
2026-06-24,2026-06-24 00:06:48,11,BV1Bq7c6mEr6,116790025783520,佩洛伊斯什么时候逃离原生家庭？,鼎芸,同人·手书,动画,47,282,1256846,516,1572,169097,14398,33629,3296,1782086400,https://www.bilibili.com/video/BV1Bq7c6mEr6,http://i2.hdslb.com/bfs/archive/a0094b395427b8157e591144aef2bf0f73071d6b.jpg
2026-06-24,2026-06-24 00:06:48,12,BV1Z27A6JEjM,116792911534635,今年干的最牛的事！你们的导航软件还有广告吗？,销冠李老板,日常,生活,21,45,1878890,13082,14480,287469,61216,13764,7283,1782118587,https://www.bilibili.com/video/BV1Z27A6JEjM,http://i1.hdslb.com/bfs/archive/26ab151e43194f7ee490c739829559cb8b40b254.jpg
2026-06-24,2026-06-24 00:06:48,13,BV1K3jn65ECR,116781352032938,躲在超市后门智斗的二人,沃滋基-尼,综合,综合,27,92,2138856,4704,6488,237432,17722,59711,29314,1781942609,https://www.bilibili.com/video/BV1K3jn65ECR,http://i0.hdslb.com/bfs/archive/bdab827cde03d4f1eddf9ceb001b20129cc95c54.jpg
2026-06-24,2026-06-24 00:06:48,14,BV1xX7P6NEsJ,116792190114788,外星人来地球了！但迟到了那么一小会......,张拉灯,同人·手书,动画,47,183,1121614,884,3620,151087,36838,32861,10267,1782107634,https://www.bilibili.com/video/BV1xX7P6NEsJ,http://i0.hdslb.com/bfs/archive/865ebc3a306d1ad3441c8514ae8f78cb14caa1a8.jpg
2026-06-24,2026-06-24 00:06:48,15,BV1usjH6WEoz,116782694139715,曾沛慈｜《怎么说我不爱你》舞台,曾沛慈_TsengPets,明星综合,明星综合,137,279,2318799,23926,28365,101335,81864,37829,16096,1781962856,https://www.bilibili.com/video/BV1usjH6WEoz,http://i0.hdslb.com/bfs/archive/bb4c91ef35acc1e06800c178e2600fd8d5509e78.jpg
2026-06-24,2026-06-24 00:06:48,16,BV17BjB6UEeP,116776536902641,一坨泥巴也来跳迈克尔·杰克逊《顫栗》？,宅叔飞飞,手工,生活,161,67,3990134,460,1691,440710,101266,28005,2845,1781868799,https://www.bilibili.com/video/BV17BjB6UEeP,http://i0.hdslb.com/bfs/archive/8c7d6784a5fe4aa117f1c0c53696dadb050b0d1d.jpg
2026-06-24,2026-06-24 00:06:48,17,BV12t7A6YEvx,116792844558250,《阴阳师》毗沙门天CG丨金砂福威（CV：福西胜也）,网易阴阳师手游,手机游戏,游戏,172,210,1380151,1596,3413,74483,63740,53556,26858,1782117740,https://www.bilibili.com/video/BV12t7A6YEvx,http://i1.hdslb.com/bfs/archive/0da370078c072e00ce00a245313679b7eda4c1a4.jpg
2026-06-24,2026-06-24 00:06:48,18,BV1DKjp6sESX,116782442483852,新金蝉脱壳,Y的生存手记,综合,综合,27,534,1369460,3152,5643,139240,3072,39324,1040,1781958906,https://www.bilibili.com/video/BV1DKjp6sESX,http://i1.hdslb.com/bfs/archive/f7b66f77c006bb86c17cf6ef1501dfcc4cf5cb8d.png
2026-06-24,2026-06-24 00:06:48,19,BV1zb7K6bEiA,116793079304242,有能的阿伟,神威-狗剩,影视剪辑,影视,183,137,2384347,2048,3224,158978,6593,24301,15351,1782121085,https://www.bilibili.com/video/BV1zb7K6bEiA,http://i1.hdslb.com/bfs/archive/536a424c8dd8c9f5672ffd9f7bd0669c4b6598e5.jpg
2026-06-24,2026-06-24 00:06:48,20,BV1aqjE6mEid,116780160782699,你cos我憋笑挑战,我是易拉爆,日常,生活,21,73,3496568,885,2096,217413,3292,35062,6955,1781923956,https://www.bilibili.com/video/BV1aqjE6mEid,http://i0.hdslb.com/bfs/archive/57352c8c5bc8fe7b8ba2d61d6d5c028d1d3d9bc7.jpg
2026-06-24,2026-06-24 00:06:48,21,BV1Qg7c6KE9V,116790126447382,《后悔の保安》,伤心欲茄222,搞笑,娱乐,138,95,4301031,1640,6828,315565,9775,17654,8687,1782100800,https://www.bilibili.com/video/BV1Qg7c6KE9V,http://i0.hdslb.com/bfs/archive/212c2d91a9cd193c0394ddb4757b5b9fa498c675.jpg
2026-06-24,2026-06-24 00:06:48,22,BV1PyjZ6jEc1,116789774131069,来自Major冠军的信息：中国粉丝们，你们是这成功的一部分,IEM成都,电子竞技,游戏,171,35,2638840,6829,13929,308703,47459,28534,16571,1782070680,https://www.bilibili.com/video/BV1PyjZ6jEc1,http://i0.hdslb.com/bfs/archive/b8bcc4897c74fb3389c187ade722f33aa86faad3.jpg
2026-06-24,2026-06-24 00:06:48,23,BV1JK7N6xEtw,116793918165295,秦始皇：你说徭役徭是吧？,清风最梦,明星综合,明星综合,137,70,1846961,4953,7870,237193,23802,69437,57116,1782133852,https://www.bilibili.com/video/BV1JK7N6xEtw,http://i1.hdslb.com/bfs/archive/96932ddc2788a5657b0b9ed1f62f4960eb835b2a.jpg
2026-06-24,2026-06-24 00:06:48,24,BV199jJ6REJR,116781536511840,【干货】为什么不建议你今年考高考状元？,闪电侠-flash,校园学习,知识,208,149,2696520,3580,4687,255053,3058,17696,8552,1781949600,https://www.bilibili.com/video/BV199jJ6REJR,http://i1.hdslb.com/bfs/archive/e9e898756d4f16f348bd9866f5f50d18f0a74c2a.jpg
2026-06-24,2026-06-24 00:06:48,25,BV1tg7K6rEjD,116793549003302,你 哦 齁 不 过 我 你 信 吗,萌花Moeka,同人·手书,动画,47,152,1492386,644,3572,97658,5416,54860,18725,1782128182,https://www.bilibili.com/video/BV1tg7K6rEjD,http://i2.hdslb.com/bfs/archive/2ed268196dd608abe07e74e9a688121285443505.jpg
2026-06-24,2026-06-24 00:06:48,26,BV1vSjb6JEjz,116788499062621,他的麦田要一株株手拔！整整20年！农村老人自己搞育种！【主播说三农】,央视农业,三农,生活,251,182,1048459,1590,2833,147646,14918,7174,1627,1782051197,https://www.bilibili.com/video/BV1vSjb6JEjz,http://i2.hdslb.com/bfs/archive/e57c7e322be6be3edc3ae557f0d07d5b579378dd.jpg
2026-06-24,2026-06-24 00:06:48,27,BV1rvjb6fEKU,116786838112232,什么叫人类最强的去当魔王是为了平衡战力？,Mr-Ferret,绘画,绘画,162,133,1931296,606,1402,146769,2211,20178,4835,1782026099,https://www.bilibili.com/video/BV1rvjb6fEKU,http://i2.hdslb.com/bfs/archive/8042679d5e89cf7eb377c7a1f277dc696d63f7ca.jpg
2026-06-24,2026-06-24 00:06:48,28,BV1bdj46qEwz,116785781149073,同性恋不能生孩子，为什么没有被自然选择淘汰？,李论科学,科学科普,知识,201,316,1364762,1433,7083,102368,6747,19682,7984,1782009804,https://www.bilibili.com/video/BV1bdj46qEwz,http://i0.hdslb.com/bfs/archive/3d99731ee829b980c39b3c8f69e740d5583cb1f3.jpg
2026-06-24,2026-06-24 00:06:48,29,BV19Q7c6MEGd,116791821015845,为什么要有女朋友,叶玲秋雨,手机游戏,游戏,172,107,1104761,787,4386,129806,25006,32393,7464,1782124200,https://www.bilibili.com/video/BV19Q7c6MEGd,http://i1.hdslb.com/bfs/archive/bc8cea1d92987e28da5f6565f67bee6348114e25.jpg
2026-06-24,2026-06-24 00:06:48,30,BV1USjC61EFe,116779573582726,治沙人,沙漠里的四妹,三农,生活,251,14,889390,2348,2483,318121,27311,6490,215,1781915068,https://www.bilibili.com/video/BV1USjC61EFe,http://i1.hdslb.com/bfs/archive/0ac158a54177ad00bc812a809b0e9dab9edbd46a.jpg
2026-06-24,2026-06-24 00:06:48,31,BV1UWLf6REiz,116769154928275,鲁豫对话蔡磊 段睿：只要不放弃，四面八方都是前方 | 陈鲁豫·慢谈EP20【视频播客】,陈鲁豫-慢谈,人文历史,知识,228,7111,3546352,3778,2177,46016,22387,19890,13471,1782014400,https://www.bilibili.com/video/BV1UWLf6REiz,http://i2.hdslb.com/bfs/archive/900fae2889a18a54362f333d8db2c33ce5d12328.jpg
2026-06-24,2026-06-24 00:06:48,32,BV1iZjc6gEJr,116769893128777,来赣州包个鱼塘，帮少年减轻家庭重担，鱼多鱼少不重要，得让孩子安心完成学业,李维刚的日常,三农,生活,251,635,1203927,4615,5211,152907,115505,8127,1733,1781946000,https://www.bilibili.com/video/BV1iZjc6gEJr,http://i0.hdslb.com/bfs/archive/68345d040fbae81a977a9631c9d78df717416345.jpg
2026-06-24,2026-06-24 00:06:48,33,BV1uHjJ6mEpe,116781888833434,地牢酒馆-15集 《一支欢快的舞》,粘土工厂,单机游戏,游戏,17,265,1785255,5552,3536,203559,23975,22293,2202,1781951423,https://www.bilibili.com/video/BV1uHjJ6mEpe,http://i0.hdslb.com/bfs/archive/6b4c38e45f3f0de7eaf9b7ec420a773be89a3de3.jpg
2026-06-24,2026-06-24 00:06:48,34,BV1RSj76SEXn,116780747985261,你看不起的工作，可能是别人考不进去的门槛,如见未来AI,影视剪辑,影视,183,44,3081926,885,5593,219977,1776,28971,3144,1781932918,https://www.bilibili.com/video/BV1RSj76SEXn,http://i1.hdslb.com/bfs/archive/8c63f016f8287b11fb8f15f4852c38974dfd487e.jpg
2026-06-24,2026-06-24 00:06:48,35,BV1RGjh6pEbo,116787928637352,看看假货最多的地方#食品安全#假货,陈大成bili,美食记录,美食,215,153,1538161,1312,4117,105305,9566,20820,14967,1782043550,https://www.bilibili.com/video/BV1RGjh6pEbo,http://i0.hdslb.com/bfs/archive/75cc77cd07b6561a7faabcdecf6d091ab267d77a.jpg
2026-06-24,2026-06-24 00:06:48,36,BV1adjJ6sE1D,116781721193950,大学禁止和课本谈恋爱！！！,快乐的台长,日常,生活,21,335,1658546,1803,1953,180451,6400,47539,5883,1781948457,https://www.bilibili.com/video/BV1adjJ6sE1D,http://i1.hdslb.com/bfs/archive/a6efce7bf64d83e1007d6f491da2e923dc3d746c.jpg
2026-06-24,2026-06-24 00:06:48,37,BV1617N6ZEua,116793817436382,⚡对 对 子 战 神（特别篇）⚡,洛温阿特金森,鬼畜剧场,鬼畜剧场,216,160,908504,2227,2772,108310,26446,22127,4482,1782181800,https://www.bilibili.com/video/BV1617N6ZEua,http://i2.hdslb.com/bfs/archive/ceeb9b9f2efed76ba9b7175a5fc336140a78d90b.jpg
2026-06-24,2026-06-24 00:06:48,38,BV1EHjE6fEhG,116780664226179,咱兄弟俩真是这个👍（端午大合集）,亿本満足,日常,生活,21,7632,1356034,2991,2160,100010,10281,50635,1972,1781932103,https://www.bilibili.com/video/BV1EHjE6fEhG,http://i1.hdslb.com/bfs/archive/6379f6d8484e6bdf5dc21d458a1bf7343d06a6e3.jpg
2026-06-24,2026-06-24 00:06:48,39,BV12Gjn6kEP6,116781335187792,一个环艺老学长的填志愿忏悔录！,是莫叔叔吗,搞笑,娱乐,138,361,1741313,767,3789,212771,1244,19824,1669,1781942826,https://www.bilibili.com/video/BV12Gjn6kEP6,http://i0.hdslb.com/bfs/archive/814cbb7312342c2b6cc7179ae6a82b9e23ee79af.jpg
2026-06-24,2026-06-24 00:06:48,40,BV15Qj66mE5z,116776956336801,快乐 童年,榴莲阿呀,搞笑,娱乐,138,538,5980545,10920,12434,343022,86460,145326,5624,1781875232,https://www.bilibili.com/video/BV15Qj66mE5z,http://i1.hdslb.com/bfs/archive/fd70d470e4de0758969faf57cfd3f789c6e5e222.jpg
2026-06-24,2026-06-24 00:06:48,41,BV1HyjH66EWe,116782744539240,🥕躲在超市后门吃萝卜的越狱兔🥕,天鹅绒寝室长,日常,生活,21,163,759734,568,1626,99652,19463,18971,7448,1782012600,https://www.bilibili.com/video/BV1HyjH66EWe,http://i0.hdslb.com/bfs/archive/09fc4d6424dd8439d4afdd0aba7821c59f3f1f7b.jpg
2026-06-24,2026-06-24 00:06:48,42,BV1ArjW6nE1V,116783616887594,《明日方舟》危机合约新赛季「涤墨作战」宣传PV,明日方舟,手机游戏,游戏,172,108,1397174,10164,16986,101332,24869,15362,49430,1782010800,https://www.bilibili.com/video/BV1ArjW6nE1V,http://i0.hdslb.com/bfs/archive/5ecd97f01f442270285e760493ad7840c33033df.jpg
2026-06-24,2026-06-24 00:06:48,43,BV1Dejq6aEVp,116774892738063,循环歌单|【像个白痴一样】|“【不会哄人の小曲】”,蛋某人音乐,乐评盘点,音乐,243,2993,3255118,471,5328,215432,6967,115815,3569,1781913600,https://www.bilibili.com/video/BV1Dejq6aEVp,http://i0.hdslb.com/bfs/archive/76d35bc1f4f338083694865437ba95ae366e46db.jpg
2026-06-24,2026-06-24 00:06:48,44,BV1RSj76SEhJ,116780747985960,【究极佐菲格斗】第四集 奥特兄弟暗杀计划！佐菲机器人 雷欧 泰罗 爱迪 黑暗星人巴巴尔 登场,Dennis飞昊,特摄,动画,86,1034,1475053,3783,4578,97741,77207,44197,10410,1781932942,https://www.bilibili.com/video/BV1RSj76SEhJ,http://i1.hdslb.com/bfs/archive/8609ad0d770e88507e1b65a46221b41d8ea40af4.jpg
2026-06-24,2026-06-24 00:06:48,45,BV1ZEjz6nER3,116775899368374,按到音乐键了,黄沙大圣圣,汪星人,汪星人,219,13,3977229,730,7725,338785,8595,61246,39555,1781859015,https://www.bilibili.com/video/BV1ZEjz6nER3,http://i2.hdslb.com/bfs/archive/948d86110fd0a8045495af7a2c5fdac595ce5df6.jpg
2026-06-24,2026-06-24 00:06:48,46,BV1dMjJ64Emt,116782241286100,新番时光机！十年前的观众都在看什么神片？「2016年4月篇」泛式,泛式,动漫杂谈,动画,253,1104,1238407,15090,8850,121730,61662,27217,10093,1781955914,https://www.bilibili.com/video/BV1dMjJ64Emt,http://i2.hdslb.com/bfs/archive/81e6a2baf73a0864c80081301e66022a9641d9f3.jpg
2026-06-24,2026-06-24 00:06:48,47,BV1FX7F6UE8f,116790512322760,原来男生也可以收到惊喜和花,特工001k,搞笑,娱乐,138,246,709242,4522,7501,93862,9436,12119,8294,1782082060,https://www.bilibili.com/video/BV1FX7F6UE8f,http://i0.hdslb.com/bfs/archive/14a3bd87a8f978d732e2e7b0f76e39a30509a52b.jpg
2026-06-24,2026-06-24 00:06:48,48,BV1fLjt69ERX,116787442223218,【Reaction】穷人永远接触不到的场景,沙雕网友咸叽叽,乐评盘点,音乐,243,172,1779206,2113,6649,112070,1532,6572,982,1782035106,https://www.bilibili.com/video/BV1fLjt69ERX,http://i1.hdslb.com/bfs/archive/1a8dcea2f814b644570e01fcba31c46109631c89.jpg
2026-06-24,2026-06-24 00:06:48,49,BV1Pujz6tEMM,116775932927915,没有赶不上的早八,张河清教授,日常,生活,21,25,5319742,2465,2231,613533,7576,34044,2445,1781859604,https://www.bilibili.com/video/BV1Pujz6tEMM,http://i2.hdslb.com/bfs/archive/a277e56a98fc32a94e934d36101d44508170e860.jpg
2026-06-24,2026-06-24 00:06:48,50,BV1o5jv6qExG,116774473303913,巴啦啦小魔仙—芮闪的帽子,-蒋-丞-_,搞笑,娱乐,138,187,1856322,3992,9427,119935,10677,14689,32768,1781837618,https://www.bilibili.com/video/BV1o5jv6qExG,http://i0.hdslb.com/bfs/archive/1081baa744ad129c3d34a1108a6eee3ea0287965.jpg
2026-06-24,2026-06-24 00:06:48,51,BV1QdjJ6WEXe,116781721063124,评论区摄影大赛梦核篇开启，今天是善良人格，欢迎投稿好的作品会让更多人看到。,摄影恩哥,日常,生活,21,108,2357788,1291,4960,141682,1696,11638,424,1781948068,https://www.bilibili.com/video/BV1QdjJ6WEXe,http://i0.hdslb.com/bfs/archive/4ed53967ff14e4b0ff9827f165ead7dbd344d674.jpg
2026-06-24,2026-06-24 00:06:48,52,BV1XE7N6jECG,116794052320231,【速凌宇宙】第二十一集：六人小队前往速凌宇宙！你小子吃这么好？？,高司令-速凌电竞,单机游戏,游戏,17,586,657745,6506,1761,66723,13889,36497,785,1782136099,https://www.bilibili.com/video/BV1XE7N6jECG,http://i1.hdslb.com/bfs/archive/3c0c32500f911efd2932bb20552c86b95fc9f4a1.jpg
2026-06-24,2026-06-24 00:06:48,53,BV1imjh6bErF,116772174827175,一个跟头十万八千里2.0,孤鹜AH,搞笑,娱乐,138,151,2798353,752,1627,196199,6254,47083,12192,1781863200,https://www.bilibili.com/video/BV1imjh6bErF,http://i1.hdslb.com/bfs/archive/63af2fba214108093162b7977e0bfa42a5f0a242.jpg
2026-06-24,2026-06-24 00:06:48,54,BV1kGjt6dECk,116787408605658,萧敬腾首次公开的秘密:我曾讨厌自己的声音。丨HOPICOx萧敬腾 对谈50分,HOPICO,乐评盘点,音乐,243,2952,2987897,1868,1714,55258,5450,10025,1364,1782120600,https://www.bilibili.com/video/BV1kGjt6dECk,http://i1.hdslb.com/bfs/archive/cefd9b1202147b34dad1ac9b56f937c441981a30.jpg
2026-06-24,2026-06-24 00:06:48,55,BV1fFjb6XEg1,116786888449719,桑葚与桑树活在地球是屈才了,小时好食禄,科学科普,知识,201,315,1880081,1891,5352,81412,7140,41441,5597,1782034200,https://www.bilibili.com/video/BV1fFjb6XEg1,http://i0.hdslb.com/bfs/archive/0ea9d26a19b0ab1267f1aba35320f97f4f0d6b6c.jpg
2026-06-24,2026-06-24 00:06:48,56,BV1HL7P68EQ6,116792324262652,甄嬛多动症版,泰裤辣C总,影视杂谈,影视,182,186,1809162,944,1343,68518,8051,13376,17643,1782109865,https://www.bilibili.com/video/BV1HL7P68EQ6,http://i1.hdslb.com/bfs/archive/a4ae243f9a5a083559afb430928f693d5674eab1.jpg
2026-06-24,2026-06-24 00:06:48,57,BV1tbjk63EN2,116778113964904,原来死刑犯还有这种用处,拧不动啊真拧不动,单机游戏,游戏,17,1746,4283441,3880,1080,117385,13729,81063,2526,1781920800,https://www.bilibili.com/video/BV1tbjk63EN2,http://i1.hdslb.com/bfs/archive/bcd97f6d5485a81d662f3f5a137c07bb02625217.jpg
2026-06-24,2026-06-24 00:06:48,58,BV1cf7P6cE4X,116792122937064,抽象新闻：6月人类迷惑行为大赏（中）,我是M菌,搞笑,娱乐,138,686,1549756,6432,6111,75703,2412,9998,12143,1782122400,https://www.bilibili.com/video/BV1cf7P6cE4X,http://i1.hdslb.com/bfs/archive/1e73ebff0890cf6b29774a230e8178553e826572.jpg
2026-06-24,2026-06-24 00:06:48,59,BV1BPjJ6FEGP,116782090226507,嘻嘻。,小酥猫饼,美食记录,美食,215,217,1457357,1256,3552,99595,4002,8518,865,1781953425,https://www.bilibili.com/video/BV1BPjJ6FEGP,http://i0.hdslb.com/bfs/archive/851c2cfda81099df21795340f9af0b9a951c065c.jpg
2026-06-24,2026-06-24 00:06:48,60,BV1Bbjp6zEcd,116784338308431,特厨探店|新疆最好的烤全羊？！—尉犁烤羊,特厨隋坡,美食侦探,美食,212,234,1109280,1291,3174,85750,5829,7516,6204,1782012600,https://www.bilibili.com/video/BV1Bbjp6zEcd,http://i0.hdslb.com/bfs/archive/a02d6ae871de5eee0fb2f0d2a8504524c84d2c3c.jpg
2026-06-24,2026-06-24 00:06:48,61,BV1wjjr6hEAR,116778835378560,#手工制作绘本 我的第三本《拥有神笔的马户》 #改编 #寓言故事 #原创绘画 #爱是什么,XS王棕棕,绘画,绘画,162,205,702589,426,1333,93385,11236,14932,2489,1781903756,https://www.bilibili.com/video/BV1wjjr6hEAR,http://i1.hdslb.com/bfs/archive/5b6cd6fe529e649ea4a3ff642bddca6e43a945dc.jpg
2026-06-24,2026-06-24 00:06:48,62,BV1eejn6tENU,116783180679398,新三国up锐评神探狄仁杰02：我们也有自己的孙乾,吃蛋挞的折棒,影视剪辑,影视,183,2021,864812,13376,5328,54887,35701,8586,881,1782007200,https://www.bilibili.com/video/BV1eejn6tENU,http://i1.hdslb.com/bfs/archive/35f91d598d941bb588f548e0643f15fd8afe1a54.jpg
2026-06-24,2026-06-24 00:06:48,63,BV1Esj86xEJP,116788448728633,竟然还是PVZ大佬，钻套史蒂夫恐怖如斯【我是僵尸】,磊哥游戏,单机游戏,游戏,17,339,1085519,1656,2173,97334,8343,8301,1064,1782090000,https://www.bilibili.com/video/BV1Esj86xEJP,http://i0.hdslb.com/bfs/archive/be35d77876fe36466d7b41471927e743b5d5e6b2.jpg
2026-06-24,2026-06-24 00:06:48,64,BV1oZjx6jEEb,116786083139031,诈骗警察这一块,源小仔,亲子,生活,254,19,1625744,90,863,169549,467,10918,710,1782014927,https://www.bilibili.com/video/BV1oZjx6jEEb,http://i1.hdslb.com/bfs/archive/aae9b4708046ce24059bb46a599fff2bce5456ee.jpg
2026-06-24,2026-06-24 00:06:48,65,BV1NMjt68EuL,116787526113006,《这最后几天是关键》,嘞是唐孃孃,搞笑,娱乐,138,81,2167876,1815,5386,156059,1701,6841,3136,1782036578,https://www.bilibili.com/video/BV1NMjt68EuL,http://i1.hdslb.com/bfs/archive/dc7e16c7acf08bccc36bd768ad05da4e2d8b93b8.jpg
2026-06-24,2026-06-24 00:06:48,66,BV1MJj46AEX8,116785915433448,勃然大怒：以色列大使怒斥“闭嘴”“滚粗”，副球长病遁跑路,小Q不是导盲犬,社科·法律·心理,知识,124,1046,1510788,11253,5108,64817,9741,11582,3561,1782012063,https://www.bilibili.com/video/BV1MJj46AEX8,http://i1.hdslb.com/bfs/archive/5944656bc047407b9fce3d737d9e9070d35b84a1.jpg
2026-06-24,2026-06-24 00:06:48,67,BV1h5jb65ESM,116787006016491,【TF家族练习生】《四一有意思》11:古今雅集,TF家族,明星综合,明星综合,137,2911,1103333,450759,4882,51227,5651,22366,1169,1782038461,https://www.bilibili.com/video/BV1h5jb65ESM,http://i0.hdslb.com/bfs/archive/debf343586d1c9161d42b71d9d05a271b37b9fe4.jpg
2026-06-24,2026-06-24 00:06:48,68,BV1HM7F6UE5q,116788918488583,【IEM科隆Major】FURIA vs Falcons  6月21日 总决赛,CSGO官方赛事,电子竞技,游戏,171,26533,1533119,6448,17155,34539,14290,13068,2169,1782057533,https://www.bilibili.com/video/BV1HM7F6UE5q,http://i0.hdslb.com/bfs/archive/05d78af3ff5fe3d933470ea2b430ee7ddcec81d4.jpg
2026-06-24,2026-06-24 00:06:48,69,BV1rZjr6aErt,116778717938040,末日高架桥，我们被困了100天！,马里奥红叔,单机游戏,游戏,17,1463,1371138,3819,2021,149795,55637,56860,2263,1781924400,https://www.bilibili.com/video/BV1rZjr6aErt,http://i0.hdslb.com/bfs/archive/112ae27cde1480e5ed760c9b5927159b8764e1e4.jpg
2026-06-24,2026-06-24 00:06:48,70,BV1bwj863E1t,116788633279136,王老菊教你断剑奇侠·S3-ep01：小本买卖堂堂正正,怕上火暴王老菊,单机游戏,游戏,17,4592,764783,6605,4310,43351,34222,11906,1260,1782053692,https://www.bilibili.com/video/BV1bwj863E1t,http://i0.hdslb.com/bfs/archive/fd1f1da8d94bf5e90b57498f98bf7409929e6215.jpg
2026-06-24,2026-06-24 00:06:48,71,BV1dTjh6dE12,116787710528262,这个骗子估计晚上睡觉都会想起那几个字，作为一个销冠必须拿的住一切,一只鱼雨鱼,喵星人,喵星人,218,182,786253,927,2394,61238,4677,16229,17584,1782039061,https://www.bilibili.com/video/BV1dTjh6dE12,http://i1.hdslb.com/bfs/archive/1055879dbcbf0390a858ca2e6557cf42cbb7f806.jpg
2026-06-24,2026-06-24 00:06:48,72,BV1Wej66FEnX,116777426096188,我来到了mc虚空的最深处？！,Super橘星,单机游戏,游戏,17,1217,613860,1998,1149,79788,6097,26566,638,1781882664,https://www.bilibili.com/video/BV1Wej66FEnX,http://i2.hdslb.com/bfs/archive/42570f2c3101c029882b69fb03c35e7e4e462b70.jpg
2026-06-24,2026-06-24 00:06:48,73,BV1bWjk6yEuu,116778097182096,❤️【可能是你听过的最好听的一版翻唱】像笨蛋一样❤️バカみたいに,翼灵Official,翻唱,音乐,31,132,351483,930,1090,106144,8047,38281,1172,1781930100,https://www.bilibili.com/video/BV1bWjk6yEuu,http://i2.hdslb.com/bfs/archive/6a5a523bf2cc6c3031412d9c4c0888d40513e148.jpg
2026-06-24,2026-06-24 00:06:48,74,BV1137P6AEmk,116792643099638,当我被逼替家人还债。#还债#内容过于真实#一定要看到最后#反转,暴走黄老板,搞笑,娱乐,138,82,845015,103,1080,86469,1432,39106,481,1782125460,https://www.bilibili.com/video/BV1137P6AEmk,http://i1.hdslb.com/bfs/archive/a4b77c076722723b689afeaa25c3d13b0426ce03.jpg
2026-06-24,2026-06-24 00:06:48,75,BV1uyja6nEZY,116771621175583,送你个机器人女友#AI,90后的日常,影视剪辑,影视,183,206,1625321,5885,18500,164748,15892,31244,12474,1781793601,https://www.bilibili.com/video/BV1uyja6nEZY,http://i2.hdslb.com/bfs/archive/a8408ab240cbc1f57b155cb91d2a631688d5a0d2.jpg
2026-06-24,2026-06-24 00:06:48,76,BV1KMjC6yEoF,116780026562717,和我弟玩cosplay,卡迪那-猫meme版,搞笑,娱乐,138,90,1455124,688,2506,127266,1312,14170,4567,1781936494,https://www.bilibili.com/video/BV1KMjC6yEoF,http://i1.hdslb.com/bfs/archive/0ef8758b4ab101727170661e8f0685c4c758f6aa.jpg
2026-06-24,2026-06-24 00:06:48,77,BV1YNjP6VEr6,116770648098260,我 伪 装,阴间滴贰哈鸽鸽,单机游戏,游戏,17,560,4075442,2395,2088,163666,5132,31191,17894,1781779073,https://www.bilibili.com/video/BV1YNjP6VEr6,http://i1.hdslb.com/bfs/archive/aad734a51fb0edd1446ad186f77bf3c9a7eb5c35.jpg
2026-06-24,2026-06-24 00:06:48,78,BV1LNj46kEJu,116786267754544,假如踢足球没有规则,阿君AI小剧场,足球,足球,249,173,980978,506,656,89036,736,6537,2362,1782025200,https://www.bilibili.com/video/BV1LNj46kEJu,http://i1.hdslb.com/bfs/archive/412542add5f182c307bcd31f38b9325b5ec3f06b.jpg
2026-06-24,2026-06-24 00:06:48,79,BV1Tkjt6KEUd,116787358211683,当初我说假小子好 跟害你们似得,擦擦玩游戏,娱乐杂谈,娱乐杂谈,241,47,1546217,241,2138,95348,655,33469,4172,1782037800,https://www.bilibili.com/video/BV1Tkjt6KEUd,http://i1.hdslb.com/bfs/archive/e27a77e767aad466f77fd9eb5e40c492c2df80f0.jpg
2026-06-24,2026-06-24 00:06:48,80,BV1Rujb62EVn,116787123329993,假如你让太空死灵怀孕了！会发生什么？,爱冒险的柯基,鬼畜调教,鬼畜,22,511,700141,2205,3762,43358,6165,20473,3320,1782030295,https://www.bilibili.com/video/BV1Rujb62EVn,http://i2.hdslb.com/bfs/archive/7ed6dcbcb8086368725049e7ab5162518cf032f9.jpg
2026-06-24,2026-06-24 00:06:48,81,BV1P2jt6YEn9,116787374984615,蒜苔不就是食品版的拼豆吗,周大爷不服老,搞笑,娱乐,138,30,1491968,196,518,153266,922,10473,3163,1782034356,https://www.bilibili.com/video/BV1P2jt6YEn9,http://i0.hdslb.com/bfs/archive/7e029d35b87c4857651e3d9277b041f42ab1d866.jpg
2026-06-24,2026-06-24 00:06:48,82,BV1czjJ6KETp,116781905611355,欢迎来到男子汉的世界……,隔壁小贾-暗区突围,网络游戏,游戏,65,22,1221433,129,1047,124223,2181,29480,2753,1781950586,https://www.bilibili.com/video/BV1czjJ6KETp,http://i0.hdslb.com/bfs/archive/ae4f08c7a54e48b8866e4e773102010d2a67c6ac.jpg
2026-06-24,2026-06-24 00:06:48,83,BV1vhjn68EUr,116781402295077,NiKo科隆电影感混剪短片——《应无所住，而生其心》,CS2芬了个黎,网络游戏,游戏,65,278,549361,1654,12006,39269,22888,16749,3802,1781943472,https://www.bilibili.com/video/BV1vhjn68EUr,http://i0.hdslb.com/bfs/archive/1cba7feea4d47ff3eaade9473e705dc80f4dca7d.jpg
2026-06-24,2026-06-24 00:06:48,84,BV16bjs6EEtn,116785244474725,🐲🦐“猎鹰战胜绿龙！看哭100亿鹰美！”🦐🐲,Chamri_Channel,电子竞技,游戏,171,248,1136055,825,3839,63357,8558,7236,9195,1782003600,https://www.bilibili.com/video/BV16bjs6EEtn,http://i2.hdslb.com/bfs/archive/3c5a64e5ea6db98edfb5da7910807719a36d6150.jpg
2026-06-24,2026-06-24 00:06:48,85,BV1XGjb6yE4x,116787022667386,如果爱昴天团看到了死归全过程【4】,生锈的包子,综合,综合,27,356,815929,1700,3027,49992,10912,13080,1030,1782028719,https://www.bilibili.com/video/BV1XGjb6yE4x,http://i1.hdslb.com/bfs/archive/9ed4171a3dc15fde30421516d3366a0239feeda6.jpg
2026-06-24,2026-06-24 00:06:48,86,BV1yN7F6DEo6,116788885001914,戒社也巧哥： 也巧，妈妈在年底去世了，保险受益人是我【网络狠人102】,喵喵即正义,日常,生活,21,453,1744971,1466,2326,62955,1475,7134,1434,1782057428,https://www.bilibili.com/video/BV1yN7F6DEo6,http://i0.hdslb.com/bfs/archive/9576ea066f66457f5872da64b901e286c54a7266.jpg
2026-06-24,2026-06-24 00:06:48,87,BV1wijJ6MEoy,116782006273890,云璃：让你入赘就算便宜你了，你还想逃婚？,我要吃蛋炒饭饭,手机游戏,游戏,172,167,690178,934,2353,68109,4661,21190,2614,1781952160,https://www.bilibili.com/video/BV1wijJ6MEoy,http://i0.hdslb.com/bfs/archive/73c0e3e74a781d9d62773ff71df48d3fb9c98d61.jpg
2026-06-24,2026-06-24 00:06:48,88,BV1wLjz6WEw5,116775865815369,《红脸的关公战长沙》,龙馍馍,动物二创,动物二创,220,90,1721670,601,1609,158403,29355,26893,19435,1781913600,https://www.bilibili.com/video/BV1wLjz6WEw5,http://i0.hdslb.com/bfs/archive/f8766e70c711a7a264a42b0464ef54fe915949c2.jpg
2026-06-24,2026-06-24 00:06:48,89,BV1L87w6GETp,116791669952675,NiKo是Major冠军！,DANK1NGcsgo,电子竞技,游戏,171,205,760023,469,3360,87611,2533,4566,972,1782099793,https://www.bilibili.com/video/BV1L87w6GETp,http://i1.hdslb.com/bfs/archive/745fc0ef9451d0ab76f17e34b0cc57a843da1b8f.jpg
2026-06-24,2026-06-24 00:06:48,90,BV1d8jC6bEBv,116779858791895,“那是我等待了一生的巨浪”【Changes-Remix】【不屈の小曲】,早睡起大王,音乐综合,音乐,130,163,984117,185,1078,81742,1252,16628,509,1781920800,https://www.bilibili.com/video/BV1d8jC6bEBv,http://i1.hdslb.com/bfs/archive/73e76ff035bf2f87e78755842d288667e7426dae.jpg
2026-06-24,2026-06-24 00:06:48,91,BV1NX7P6NEvm,116792190049813,“被WPS背刺了” 冲上热搜，偷偷占满C盘 批量清缓存还要收费，微博CEO王高飞：金山早已今非昔比，你把WPS当朋友 而它只是一家公司,大象新闻,社会,社会,205,34,2405704,755,5822,83691,1095,24291,7586,1782107553,https://www.bilibili.com/video/BV1NX7P6NEvm,http://i1.hdslb.com/bfs/archive/13721af1a8506e8ae8533322bd7e3b78fac0bbdd.jpg
2026-06-24,2026-06-24 00:06:48,92,BV1MNjC62EVv,116780127227543,美国要给伊朗赔款,燕三嘤嘤嘤,人文历史,知识,228,1122,2975465,9758,6477,136383,28650,20288,3434,1781927400,https://www.bilibili.com/video/BV1MNjC62EVv,http://i2.hdslb.com/bfs/archive/787956eaf6b9381b36339aaf595081152abadcf0.jpg
2026-06-24,2026-06-24 00:06:48,93,BV1oDjh64E1y,116772208447972,当我在MC中放下地球仪,摆烂中的小宜zzz,单机游戏,游戏,17,53,714873,726,1125,157369,28795,40601,3611,1781841600,https://www.bilibili.com/video/BV1oDjh64E1y,http://i1.hdslb.com/bfs/archive/37c8db579ef68a83a6a3958b8bf682163f4417a0.jpg
2026-06-24,2026-06-24 00:06:48,94,BV1XRj76jE7i,116780898981058,⚡女士也要电量满满⚡,我没魔芋爽,日常,生活,21,32,1423723,1937,2650,141876,2270,17265,14376,1781949600,https://www.bilibili.com/video/BV1XRj76jE7i,http://i1.hdslb.com/bfs/archive/78a8b243a8590c7ff7b4119b5ba91b99a9dcdab1.jpg
2026-06-24,2026-06-24 00:06:48,95,BV1jbja6hE3o,116771990277534,炒菜好不好吃不是放多少调料而是掌握食材时间、火候、和烹饪技巧,灶台阿连,日常,生活,21,627,2634926,4714,8583,194350,23750,72171,8731,1781799497,https://www.bilibili.com/video/BV1jbja6hE3o,http://i1.hdslb.com/bfs/archive/ab2d3085ec3329c0de7ed86cda1263841a4753e4.jpg
2026-06-24,2026-06-24 00:06:48,96,BV1EFjb69E6W,116786888515150,你给水里加东西了？,技能多娇,搞笑,娱乐,138,112,2059480,594,1359,112333,935,12007,1107,1782026761,https://www.bilibili.com/video/BV1EFjb69E6W,http://i0.hdslb.com/bfs/archive/64d5baf00ab9150322065ea0d8e45c481827925a.jpg
2026-06-24,2026-06-24 00:06:48,97,BV1cXjt6bE87,116787307875692,坏人绞尽脑汁，不如蠢人灵机一动！,没脸鉴车,汽车生活,汽车,176,378,1482384,6222,3226,65615,586,5447,725,1782036000,https://www.bilibili.com/video/BV1cXjt6bE87,http://i0.hdslb.com/bfs/archive/33e74ffe6af8e03fe49b8719ed6b0a1b835105c1.jpg
2026-06-24,2026-06-24 00:06:48,98,BV1udjB6TEQr,116776352351491,我体内有寄生蜂的卵，寄生在寄生蜂卵上的…,-维C动物园-,野生动物,野生动物,221,635,970757,5733,1296,76783,4140,11709,2493,1781949600,https://www.bilibili.com/video/BV1udjB6TEQr,http://i1.hdslb.com/bfs/archive/2be4aa04f1d10a77669d0a1af52bef28ee4e0ea2.jpg
2026-06-24,2026-06-24 00:06:48,99,BV1GDjB66EE9,116776134246683,花37天，破解上海最贵汉堡，成本只要。。。,绵羊料理,美食制作,美食,76,408,2377330,8942,2455,163557,64283,33279,5731,1781862487,https://www.bilibili.com/video/BV1GDjB66EE9,http://i0.hdslb.com/bfs/archive/b7f0e83cb8a595492fe7c45b2e56bc59b662e664.jpg
2026-06-24,2026-06-24 00:06:48,100,BV1MC7w6YEqD,116791183413442,【每日CS】八年，足够让少年将胡须长满脸庞，也足够让故事从波士顿写到科隆。【NiKo圆梦MAJOR】,每日CS2,电子竞技,游戏,171,106,945545,1876,4713,86394,10634,9377,1699,1782092448,https://www.bilibili.com/video/BV1MC7w6YEqD,http://i0.hdslb.com/bfs/archive/2ff084e8080bb6dd94697f28199df58cadd11b35.jpg
2026-06-24,2026-06-24 02:15:04,1,BV1oTjk6xEea,116778281796886,我发誓这是我看过最震撼的漫展爬台变装演唱！！,夏旬Natsuki,翻唱,音乐,31,84,5893320,1677,6154,683518,53519,76139,9697,1781947800,https://www.bilibili.com/video/BV1oTjk6xEea,http://i0.hdslb.com/bfs/archive/c937405b0e26e4652af142f494911c0cf97d0f26.jpg
2026-06-24,2026-06-24 02:15:04,2,BV1fJjE6FEqW,116780630609640,《崩坏：因缘精灵》进化PV：直至遇见它,崩坏因缘精灵,手机游戏,游戏,172,351,2513542,22513,29418,185990,72056,38600,50343,1782100800,https://www.bilibili.com/video/BV1fJjE6FEqW,http://i2.hdslb.com/bfs/archive/29e4ee8844cb4d82aefa07d1011ad4438da2c9c3.jpg
2026-06-24,2026-06-24 02:15:04,3,BV1X37c6vEcB,116790311001648,“终有一天，我会成为MAJOR冠军！”——NIKO圆梦科隆Major！,AYCS2,网络游戏,游戏,65,298,3020529,1927,14817,173454,78694,40838,10805,1782078868,https://www.bilibili.com/video/BV1X37c6vEcB,http://i2.hdslb.com/bfs/archive/1bdd25e9721279f6870ec585223314be1d06890f.jpg
2026-06-24,2026-06-24 02:15:04,4,BV1g7jJ6nE1E,116782207602137,“入室抢劫般的队友”,胡胡不胡o,日常,生活,21,363,3777142,2048,4744,245810,13833,31741,10646,1781955576,https://www.bilibili.com/video/BV1g7jJ6nE1E,http://i2.hdslb.com/bfs/archive/9b3e18bf8311f44867bcc78534904eb86d1072c4.jpg
2026-06-24,2026-06-24 02:15:04,5,BV1JKjH6iE6y,116782895470334,多少年了，人们还记得你真实的样子吗？,何大爷课堂,人文历史,知识,228,218,4442764,651,3954,281510,9238,18472,1784,1781965957,https://www.bilibili.com/video/BV1JKjH6iE6y,http://i1.hdslb.com/bfs/archive/ce0fa067f5c90abd4ceb01108697be8f556ecd57.jpg
2026-06-24,2026-06-24 02:15:04,6,BV1xXjn6LEwc,116783247787866,人，停下！,幸仁儿鲨,绘画,绘画,162,475,1369719,11322,10076,168938,56522,70347,5684,1781971350,https://www.bilibili.com/video/BV1xXjn6LEwc,http://i2.hdslb.com/bfs/archive/cfe6b10df7f5630e9cb80f9edffe4b9a15c6024a.jpg
2026-06-24,2026-06-24 02:15:04,7,BV19Kjf6cEh8,116789337921082,【泰拉瑞亚】32位计算机电路 RISC-V CPU 348KHz,混乱沉睡,单机游戏,游戏,17,639,1953648,1471,4008,166118,51652,47034,20942,1782063994,https://www.bilibili.com/video/BV19Kjf6cEh8,http://i0.hdslb.com/bfs/archive/751337b64ce9f1f12d3979dbe8e54d4c29c91459.jpg
2026-06-24,2026-06-24 02:15:04,8,BV1wE7P6bESL,116792357950508,真开上机甲了？影视飓风1600万粉丝Q&A！,影视飓风,数码,科技,95,1032,1594886,27394,7775,163104,70174,25206,9653,1782118800,https://www.bilibili.com/video/BV1wE7P6bESL,http://i0.hdslb.com/bfs/archive/1557911f2cecfc9aab972adad15e9a6c51ecd954.jpg
2026-06-24,2026-06-24 02:15:04,9,BV1xX7P6NEsJ,116792190114788,外星人来地球了！但迟到了那么一小会......,张拉灯,同人·手书,动画,47,183,1251937,943,3842,166065,40178,36348,11026,1782107634,https://www.bilibili.com/video/BV1xX7P6NEsJ,http://i0.hdslb.com/bfs/archive/865ebc3a306d1ad3441c8514ae8f78cb14caa1a8.jpg
2026-06-24,2026-06-24 02:15:04,10,BV1WFjW6EEMQ,116783734328117,《独家记忆》,王濛,明星综合,明星综合,137,320,1811384,21052,27601,89572,85862,25128,10465,1781978557,https://www.bilibili.com/video/BV1WFjW6EEMQ,http://i1.hdslb.com/bfs/archive/7d952ec82a9aaf29c190029494576c283ac9ffd5.jpg
2026-06-24,2026-06-24 02:15:04,11,BV1Z27A6JEjM,116792911534635,今年干的最牛的事！你们的导航软件还有广告吗？,销冠李老板,日常,生活,21,45,1930881,13331,14902,294367,62921,14164,7489,1782118587,https://www.bilibili.com/video/BV1Z27A6JEjM,http://i1.hdslb.com/bfs/archive/26ab151e43194f7ee490c739829559cb8b40b254.jpg
2026-06-24,2026-06-24 02:15:04,12,BV1Bq7c6mEr6,116790025783520,佩洛伊斯什么时候逃离原生家庭？,鼎芸,同人·手书,动画,47,282,1271743,522,1595,171229,14638,34096,3332,1782086400,https://www.bilibili.com/video/BV1Bq7c6mEr6,http://i2.hdslb.com/bfs/archive/a0094b395427b8157e591144aef2bf0f73071d6b.jpg
2026-06-24,2026-06-24 02:15:04,13,BV1Cvjk6TEB3,116778046915958,🎨要看看这样的视频才有力气讨生活【三角洲】,牧牧川,单机游戏,游戏,17,192,4434492,763,2363,322197,13092,50173,2699,1781926200,https://www.bilibili.com/video/BV1Cvjk6TEB3,http://i1.hdslb.com/bfs/archive/9c3b114670250931e6264389d05a263039d091d9.jpg
2026-06-24,2026-06-24 02:15:04,14,BV1K3jn65ECR,116781352032938,躲在超市后门智斗的二人,沃滋基-尼,综合,综合,27,92,2149020,4762,6541,238507,17840,60074,29501,1781942609,https://www.bilibili.com/video/BV1K3jn65ECR,http://i0.hdslb.com/bfs/archive/bdab827cde03d4f1eddf9ceb001b20129cc95c54.jpg
2026-06-24,2026-06-24 02:15:04,15,BV12t7A6YEvx,116792844558250,《阴阳师》毗沙门天CG丨金砂福威（CV：福西胜也）,网易阴阳师手游,手机游戏,游戏,172,210,1382034,1602,3440,74575,63809,53573,26892,1782117740,https://www.bilibili.com/video/BV12t7A6YEvx,http://i1.hdslb.com/bfs/archive/0da370078c072e00ce00a245313679b7eda4c1a4.jpg
2026-06-24,2026-06-24 02:15:04,16,BV1DKjp6sESX,116782442483852,新金蝉脱壳,Y的生存手记,综合,综合,27,534,1370467,3153,5645,139303,3076,39321,1042,1781958906,https://www.bilibili.com/video/BV1DKjp6sESX,http://i1.hdslb.com/bfs/archive/f7b66f77c006bb86c17cf6ef1501dfcc4cf5cb8d.png
2026-06-24,2026-06-24 02:15:04,17,BV1usjH6WEoz,116782694139715,曾沛慈｜《怎么说我不爱你》舞台,曾沛慈_TsengPets,明星综合,明星综合,137,279,2356985,24247,28717,102280,82474,38170,16449,1781962856,https://www.bilibili.com/video/BV1usjH6WEoz,http://i0.hdslb.com/bfs/archive/bb4c91ef35acc1e06800c178e2600fd8d5509e78.jpg
2026-06-24,2026-06-24 02:15:04,18,BV1zb7K6bEiA,116793079304242,有能的阿伟,神威-狗剩,影视剪辑,影视,183,137,2515135,2128,3405,166518,7071,25705,16136,1782121085,https://www.bilibili.com/video/BV1zb7K6bEiA,http://i1.hdslb.com/bfs/archive/536a424c8dd8c9f5672ffd9f7bd0669c4b6598e5.jpg
2026-06-24,2026-06-24 02:15:04,19,BV17BjB6UEeP,116776536902641,一坨泥巴也来跳迈克尔·杰克逊《顫栗》？,宅叔飞飞,手工,生活,161,67,3997959,461,1693,441867,101704,28105,2862,1781868799,https://www.bilibili.com/video/BV17BjB6UEeP,http://i0.hdslb.com/bfs/archive/8c7d6784a5fe4aa117f1c0c53696dadb050b0d1d.jpg
2026-06-24,2026-06-24 02:15:04,20,BV1617N6ZEua,116793817436382,⚡对 对 子 战 神（特别篇）⚡,洛温阿特金森,鬼畜剧场,鬼畜剧场,216,160,1040125,2413,3083,122644,30305,24857,5132,1782181800,https://www.bilibili.com/video/BV1617N6ZEua,http://i2.hdslb.com/bfs/archive/ceeb9b9f2efed76ba9b7175a5fc336140a78d90b.jpg
2026-06-24,2026-06-24 02:15:04,21,BV1Qg7c6KE9V,116790126447382,《后悔の保安》,伤心欲茄222,搞笑,娱乐,138,95,4360194,1663,6890,318837,9962,17882,8808,1782100800,https://www.bilibili.com/video/BV1Qg7c6KE9V,http://i0.hdslb.com/bfs/archive/212c2d91a9cd193c0394ddb4757b5b9fa498c675.jpg
2026-06-24,2026-06-24 02:15:04,22,BV1PyjZ6jEc1,116789774131069,来自Major冠军的信息：中国粉丝们，你们是这成功的一部分,IEM成都,电子竞技,游戏,171,35,2658701,6868,13995,310763,47713,28708,16602,1782070680,https://www.bilibili.com/video/BV1PyjZ6jEc1,http://i0.hdslb.com/bfs/archive/b8bcc4897c74fb3389c187ade722f33aa86faad3.jpg
2026-06-24,2026-06-24 02:15:04,23,BV1JK7N6xEtw,116793918165295,秦始皇：你说徭役徭是吧？,清风最梦,明星综合,明星综合,137,70,2002589,5400,8420,253713,26112,73972,60401,1782133852,https://www.bilibili.com/video/BV1JK7N6xEtw,http://i1.hdslb.com/bfs/archive/96932ddc2788a5657b0b9ed1f62f4960eb835b2a.jpg
2026-06-24,2026-06-24 02:15:04,24,BV1aqjE6mEid,116780160782699,你cos我憋笑挑战,我是易拉爆,日常,生活,21,73,3509001,888,2115,218430,3319,35226,6999,1781923956,https://www.bilibili.com/video/BV1aqjE6mEid,http://i0.hdslb.com/bfs/archive/57352c8c5bc8fe7b8ba2d61d6d5c028d1d3d9bc7.jpg
2026-06-24,2026-06-24 02:15:04,25,BV199jJ6REJR,116781536511840,【干货】为什么不建议你今年考高考状元？,闪电侠-flash,校园学习,知识,208,149,2701007,3597,4690,255445,3068,17714,8575,1781949600,https://www.bilibili.com/video/BV199jJ6REJR,http://i1.hdslb.com/bfs/archive/e9e898756d4f16f348bd9866f5f50d18f0a74c2a.jpg
2026-06-24,2026-06-24 02:15:04,26,BV1vSjb6JEjz,116788499062621,他的麦田要一株株手拔！整整20年！农村老人自己搞育种！【主播说三农】,央视农业,三农,生活,251,182,1056573,1606,2874,149158,15086,7270,1646,1782051197,https://www.bilibili.com/video/BV1vSjb6JEjz,http://i2.hdslb.com/bfs/archive/e57c7e322be6be3edc3ae557f0d07d5b579378dd.jpg
2026-06-24,2026-06-24 02:15:04,27,BV1bdj46qEwz,116785781149073,同性恋不能生孩子，为什么没有被自然选择淘汰？,李论科学,科学科普,知识,201,316,1408359,1463,7278,105796,7060,20477,8288,1782009804,https://www.bilibili.com/video/BV1bdj46qEwz,http://i0.hdslb.com/bfs/archive/3d99731ee829b980c39b3c8f69e740d5583cb1f3.jpg
2026-06-24,2026-06-24 02:15:04,28,BV19Q7c6MEGd,116791821015845,为什么要有女朋友,叶玲秋雨,手机游戏,游戏,172,107,1133775,793,4531,133073,25680,33204,7674,1782124200,https://www.bilibili.com/video/BV19Q7c6MEGd,http://i1.hdslb.com/bfs/archive/bc8cea1d92987e28da5f6565f67bee6348114e25.jpg
2026-06-24,2026-06-24 02:15:04,29,BV1rvjb6fEKU,116786838112232,什么叫人类最强的去当魔王是为了平衡战力？,Mr-Ferret,绘画,绘画,162,133,1943666,608,1416,147872,2230,20343,4874,1782026099,https://www.bilibili.com/video/BV1rvjb6fEKU,http://i2.hdslb.com/bfs/archive/8042679d5e89cf7eb377c7a1f277dc696d63f7ca.jpg
2026-06-24,2026-06-24 02:15:04,30,BV1UWLf6REiz,116769154928275,鲁豫对话蔡磊 段睿：只要不放弃，四面八方都是前方 | 陈鲁豫·慢谈EP20【视频播客】,陈鲁豫-慢谈,人文历史,知识,228,7111,3555548,3815,2197,46370,22648,20063,13586,1782014400,https://www.bilibili.com/video/BV1UWLf6REiz,http://i2.hdslb.com/bfs/archive/900fae2889a18a54362f333d8db2c33ce5d12328.jpg
2026-06-24,2026-06-24 02:15:04,31,BV1USjC61EFe,116779573582726,治沙人,沙漠里的四妹,三农,生活,251,14,894735,2382,2502,320159,27603,6560,221,1781915068,https://www.bilibili.com/video/BV1USjC61EFe,http://i1.hdslb.com/bfs/archive/0ac158a54177ad00bc812a809b0e9dab9edbd46a.jpg
2026-06-24,2026-06-24 02:15:04,32,BV1RGjh6pEbo,116787928637352,看看假货最多的地方#食品安全#假货,陈大成bili,美食记录,美食,215,153,1559006,1329,4155,106808,9729,21193,15084,1782043550,https://www.bilibili.com/video/BV1RGjh6pEbo,http://i0.hdslb.com/bfs/archive/75cc77cd07b6561a7faabcdecf6d091ab267d77a.jpg
2026-06-24,2026-06-24 02:15:04,33,BV1adjJ6sE1D,116781721193950,大学禁止和课本谈恋爱！！！,快乐的台长,日常,生活,21,335,1660768,1808,1960,180928,6428,47669,5908,1781948457,https://www.bilibili.com/video/BV1adjJ6sE1D,http://i1.hdslb.com/bfs/archive/a6efce7bf64d83e1007d6f491da2e923dc3d746c.jpg
2026-06-24,2026-06-24 02:15:04,34,BV1HyjH66EWe,116782744539240,🥕躲在超市后门吃萝卜的越狱兔🥕,天鹅绒寝室长,日常,生活,21,163,801013,584,1677,102789,20233,19657,7694,1782012600,https://www.bilibili.com/video/BV1HyjH66EWe,http://i0.hdslb.com/bfs/archive/09fc4d6424dd8439d4afdd0aba7821c59f3f1f7b.jpg
2026-06-24,2026-06-24 02:15:04,35,BV1EHjE6fEhG,116780664226179,咱兄弟俩真是这个👍（端午大合集）,亿本満足,日常,生活,21,7632,1367194,3012,2170,101323,10414,51132,2000,1781932103,https://www.bilibili.com/video/BV1EHjE6fEhG,http://i1.hdslb.com/bfs/archive/6379f6d8484e6bdf5dc21d458a1bf7343d06a6e3.jpg
2026-06-24,2026-06-24 02:15:04,36,BV12Gjn6kEP6,116781335187792,一个环艺老学长的填志愿忏悔录！,是莫叔叔吗,搞笑,娱乐,138,361,1743202,768,3809,212880,1260,19833,1672,1781942826,https://www.bilibili.com/video/BV12Gjn6kEP6,http://i0.hdslb.com/bfs/archive/814cbb7312342c2b6cc7179ae6a82b9e23ee79af.jpg
2026-06-24,2026-06-24 02:15:04,37,BV1iZjc6gEJr,116769893128777,来赣州包个鱼塘，帮少年减轻家庭重担，鱼多鱼少不重要，得让孩子安心完成学业,李维刚的日常,三农,生活,251,635,1210181,4633,5224,153700,116162,8169,1747,1781946000,https://www.bilibili.com/video/BV1iZjc6gEJr,http://i0.hdslb.com/bfs/archive/68345d040fbae81a977a9631c9d78df717416345.jpg
2026-06-24,2026-06-24 02:15:04,38,BV1ArjW6nE1V,116783616887594,《明日方舟》危机合约新赛季「涤墨作战」宣传PV,明日方舟,手机游戏,游戏,172,108,1404547,10194,17040,101607,24947,15413,49475,1782010800,https://www.bilibili.com/video/BV1ArjW6nE1V,http://i0.hdslb.com/bfs/archive/5ecd97f01f442270285e760493ad7840c33033df.jpg
2026-06-24,2026-06-24 02:15:04,39,BV1FX7F6UE8f,116790512322760,原来男生也可以收到惊喜和花,特工001k,搞笑,娱乐,138,246,721907,4591,7672,95541,9659,12355,8438,1782082060,https://www.bilibili.com/video/BV1FX7F6UE8f,http://i0.hdslb.com/bfs/archive/14a3bd87a8f978d732e2e7b0f76e39a30509a52b.jpg
2026-06-24,2026-06-24 02:15:04,40,BV1RSj76SEXn,116780747985261,你看不起的工作，可能是别人考不进去的门槛,如见未来AI,影视剪辑,影视,183,44,3093734,888,5617,220970,1780,29103,3162,1781932918,https://www.bilibili.com/video/BV1RSj76SEXn,http://i1.hdslb.com/bfs/archive/8c63f016f8287b11fb8f15f4852c38974dfd487e.jpg
2026-06-24,2026-06-24 02:15:04,41,BV1fLjt69ERX,116787442223218,【Reaction】穷人永远接触不到的场景,沙雕网友咸叽叽,乐评盘点,音乐,243,172,1827397,2182,6811,114716,1589,6749,1055,1782035106,https://www.bilibili.com/video/BV1fLjt69ERX,http://i1.hdslb.com/bfs/archive/1a8dcea2f814b644570e01fcba31c46109631c89.jpg
2026-06-24,2026-06-24 02:15:04,42,BV1QSjm6wEBT,116800310222810,【NiKo】谢谢你们❤️,FLC_NiKo,电子竞技,游戏,171,178,371233,2570,7724,96611,59785,16158,9311,1782231642,https://www.bilibili.com/video/BV1QSjm6wEBT,http://i1.hdslb.com/bfs/archive/5eba21c7f44eca57653f834c2e5f479dcd041341.jpg
2026-06-24,2026-06-24 02:15:04,43,BV1uHjJ6mEpe,116781888833434,地牢酒馆-15集 《一支欢快的舞》,粘土工厂,单机游戏,游戏,17,265,1795781,5575,3548,204757,24077,22419,2217,1781951423,https://www.bilibili.com/video/BV1uHjJ6mEpe,http://i0.hdslb.com/bfs/archive/6b4c38e45f3f0de7eaf9b7ec420a773be89a3de3.jpg
2026-06-24,2026-06-24 02:15:04,44,BV15Qj66mE5z,116776956336801,快乐 童年,榴莲阿呀,搞笑,娱乐,138,538,6007716,10957,12531,345177,87138,145770,5776,1781875232,https://www.bilibili.com/video/BV15Qj66mE5z,http://i1.hdslb.com/bfs/archive/fd70d470e4de0758969faf57cfd3f789c6e5e222.jpg
2026-06-24,2026-06-24 02:15:04,45,BV1Zkj76sE9E,116780764764913,循环歌单|【Amazon】|“上课用网名点名这一块”,蛋某人音乐,乐评盘点,音乐,243,3085,3662568,140,1006,108852,719,31235,560,1782000000,https://www.bilibili.com/video/BV1Zkj76sE9E,http://i2.hdslb.com/bfs/archive/5e883c171ad4285a070c54a5855de584777d2ae0.jpg
2026-06-24,2026-06-24 02:15:04,46,BV1HL7P68EQ6,116792324262652,甄嬛多动症版,泰裤辣C总,影视杂谈,影视,182,186,1932324,1073,1418,73674,8895,14664,18668,1782109865,https://www.bilibili.com/video/BV1HL7P68EQ6,http://i1.hdslb.com/bfs/archive/a4ae243f9a5a083559afb430928f693d5674eab1.jpg
2026-06-24,2026-06-24 02:15:04,47,BV1RSj76SEhJ,116780747985960,【究极佐菲格斗】第四集 奥特兄弟暗杀计划！佐菲机器人 雷欧 泰罗 爱迪 黑暗星人巴巴尔 登场,Dennis飞昊,特摄,动画,86,1034,1488754,3798,4586,98205,77531,44408,10452,1781932942,https://www.bilibili.com/video/BV1RSj76SEhJ,http://i1.hdslb.com/bfs/archive/8609ad0d770e88507e1b65a46221b41d8ea40af4.jpg
2026-06-24,2026-06-24 02:15:04,48,BV1ZEjz6nER3,116775899368374,按到音乐键了,黄沙大圣圣,汪星人,汪星人,219,13,4001971,730,7777,340248,8696,61630,39812,1781859015,https://www.bilibili.com/video/BV1ZEjz6nER3,http://i2.hdslb.com/bfs/archive/948d86110fd0a8045495af7a2c5fdac595ce5df6.jpg
2026-06-24,2026-06-24 02:15:04,49,BV1XE7N6jECG,116794052320231,【速凌宇宙】第二十一集：六人小队前往速凌宇宙！你小子吃这么好？？,高司令-速凌电竞,单机游戏,游戏,17,586,678629,6558,1788,67916,14126,36859,790,1782136099,https://www.bilibili.com/video/BV1XE7N6jECG,http://i1.hdslb.com/bfs/archive/3c0c32500f911efd2932bb20552c86b95fc9f4a1.jpg
2026-06-24,2026-06-24 02:15:04,50,BV1o5jv6qExG,116774473303913,巴啦啦小魔仙—芮闪的帽子,-蒋-丞-_,搞笑,娱乐,138,187,1874854,4022,9523,121359,10890,14889,33078,1781837618,https://www.bilibili.com/video/BV1o5jv6qExG,http://i0.hdslb.com/bfs/archive/1081baa744ad129c3d34a1108a6eee3ea0287965.jpg
2026-06-24,2026-06-24 02:15:04,51,BV1kGjt6dECk,116787408605658,萧敬腾首次公开的秘密:我曾讨厌自己的声音。丨HOPICOx萧敬腾 对谈50分,HOPICO,乐评盘点,音乐,243,2952,3094355,1890,1749,55740,5589,10165,1387,1782120600,https://www.bilibili.com/video/BV1kGjt6dECk,http://i1.hdslb.com/bfs/archive/cefd9b1202147b34dad1ac9b56f937c441981a30.jpg
2026-06-24,2026-06-24 02:15:04,52,BV1fFjb6XEg1,116786888449719,桑葚与桑树活在地球是屈才了,小时好食禄,科学科普,知识,201,315,1908360,1927,5446,83173,7282,42221,5694,1782034200,https://www.bilibili.com/video/BV1fFjb6XEg1,http://i0.hdslb.com/bfs/archive/0ea9d26a19b0ab1267f1aba35320f97f4f0d6b6c.jpg
2026-06-24,2026-06-24 02:15:04,53,BV1cf7P6cE4X,116792122937064,抽象新闻：6月人类迷惑行为大赏（中）,我是M菌,搞笑,娱乐,138,686,1592912,6639,6343,78066,2479,10350,12537,1782122400,https://www.bilibili.com/video/BV1cf7P6cE4X,http://i1.hdslb.com/bfs/archive/1e73ebff0890cf6b29774a230e8178553e826572.jpg
2026-06-24,2026-06-24 02:15:04,54,BV1QdjJ6WEXe,116781721063124,评论区摄影大赛梦核篇开启，今天是善良人格，欢迎投稿好的作品会让更多人看到。,摄影恩哥,日常,生活,21,108,2359512,1292,4963,141803,1701,11645,426,1781948068,https://www.bilibili.com/video/BV1QdjJ6WEXe,http://i0.hdslb.com/bfs/archive/4ed53967ff14e4b0ff9827f165ead7dbd344d674.jpg
2026-06-24,2026-06-24 02:15:04,55,BV1Bbjp6zEcd,116784338308431,特厨探店|新疆最好的烤全羊？！—尉犁烤羊,特厨隋坡,美食侦探,美食,212,234,1120205,1294,3206,86599,5880,7610,6283,1782012600,https://www.bilibili.com/video/BV1Bbjp6zEcd,http://i0.hdslb.com/bfs/archive/a02d6ae871de5eee0fb2f0d2a8504524c84d2c3c.jpg
2026-06-24,2026-06-24 02:15:04,56,BV1dMjJ64Emt,116782241286100,新番时光机！十年前的观众都在看什么神片？「2016年4月篇」泛式,泛式,动漫杂谈,动画,253,1104,1245566,15165,8807,122241,61865,27324,10137,1781955914,https://www.bilibili.com/video/BV1dMjJ64Emt,http://i2.hdslb.com/bfs/archive/81e6a2baf73a0864c80081301e66022a9641d9f3.jpg
2026-06-24,2026-06-24 02:15:04,57,BV1Esj86xEJP,116788448728633,竟然还是PVZ大佬，钻套史蒂夫恐怖如斯【我是僵尸】,磊哥游戏,单机游戏,游戏,17,339,1096530,1666,2185,98349,8422,8367,1078,1782090000,https://www.bilibili.com/video/BV1Esj86xEJP,http://i0.hdslb.com/bfs/archive/be35d77876fe36466d7b41471927e743b5d5e6b2.jpg
2026-06-24,2026-06-24 02:15:04,58,BV1imjh6bErF,116772174827175,一个跟头十万八千里2.0,孤鹜AH,搞笑,娱乐,138,151,2843678,764,1647,199307,6390,47741,12414,1781863200,https://www.bilibili.com/video/BV1imjh6bErF,http://i1.hdslb.com/bfs/archive/63af2fba214108093162b7977e0bfa42a5f0a242.jpg
2026-06-24,2026-06-24 02:15:04,59,BV1eejn6tENU,116783180679398,新三国up锐评神探狄仁杰02：我们也有自己的孙乾,吃蛋挞的折棒,影视剪辑,影视,183,2021,871789,13418,5354,55157,35872,8634,889,1782007200,https://www.bilibili.com/video/BV1eejn6tENU,http://i1.hdslb.com/bfs/archive/35f91d598d941bb588f548e0643f15fd8afe1a54.jpg
2026-06-24,2026-06-24 02:15:04,60,BV1oZjx6jEEb,116786083139031,诈骗警察这一块,源小仔,亲子,生活,254,19,1635273,91,856,170519,473,10981,717,1782014927,https://www.bilibili.com/video/BV1oZjx6jEEb,http://i1.hdslb.com/bfs/archive/aae9b4708046ce24059bb46a599fff2bce5456ee.jpg
2026-06-24,2026-06-24 02:15:04,61,BV1BPjJ6FEGP,116782090226507,嘻嘻。,小酥猫饼,美食记录,美食,215,217,1469567,1264,3584,100887,4061,8634,878,1781953425,https://www.bilibili.com/video/BV1BPjJ6FEGP,http://i0.hdslb.com/bfs/archive/851c2cfda81099df21795340f9af0b9a951c065c.jpg
2026-06-24,2026-06-24 02:15:04,62,BV1NMjt68EuL,116787526113006,《这最后几天是关键》,嘞是唐孃孃,搞笑,娱乐,138,81,2190463,1842,5470,157463,1718,6909,3168,1782036578,https://www.bilibili.com/video/BV1NMjt68EuL,http://i1.hdslb.com/bfs/archive/dc7e16c7acf08bccc36bd768ad05da4e2d8b93b8.jpg
2026-06-24,2026-06-24 02:15:04,63,BV1tbjk63EN2,116778113964904,原来死刑犯还有这种用处,拧不动啊真拧不动,单机游戏,游戏,17,1746,4316390,3903,1086,118509,13895,81582,2586,1781920800,https://www.bilibili.com/video/BV1tbjk63EN2,http://i1.hdslb.com/bfs/archive/bcd97f6d5485a81d662f3f5a137c07bb02625217.jpg
2026-06-24,2026-06-24 02:15:04,64,BV1wjjr6hEAR,116778835378560,#手工制作绘本 我的第三本《拥有神笔的马户》 #改编 #寓言故事 #原创绘画 #爱是什么,XS王棕棕,绘画,绘画,162,205,705884,427,1338,94016,11326,15029,2507,1781903756,https://www.bilibili.com/video/BV1wjjr6hEAR,http://i1.hdslb.com/bfs/archive/5b6cd6fe529e649ea4a3ff642bddca6e43a945dc.jpg
2026-06-24,2026-06-24 02:15:04,65,BV1MJj46AEX8,116785915433448,勃然大怒：以色列大使怒斥“闭嘴”“滚粗”，副球长病遁跑路,小Q不是导盲犬,社科·法律·心理,知识,124,1046,1523169,11310,5120,65263,9800,11656,3578,1782012063,https://www.bilibili.com/video/BV1MJj46AEX8,http://i1.hdslb.com/bfs/archive/5944656bc047407b9fce3d737d9e9070d35b84a1.jpg
2026-06-24,2026-06-24 02:15:04,66,BV1h5jb65ESM,116787006016491,【TF家族练习生】《四一有意思》11:古今雅集,TF家族,明星综合,明星综合,137,2911,1110842,453771,4885,51395,5670,22428,1172,1782038461,https://www.bilibili.com/video/BV1h5jb65ESM,http://i0.hdslb.com/bfs/archive/debf343586d1c9161d42b71d9d05a271b37b9fe4.jpg
2026-06-24,2026-06-24 02:15:04,67,BV1dTjh6dE12,116787710528262,这个骗子估计晚上睡觉都会想起那几个字，作为一个销冠必须拿的住一切,一只鱼雨鱼,喵星人,喵星人,218,182,799608,937,2432,62385,4808,16558,17884,1782039061,https://www.bilibili.com/video/BV1dTjh6dE12,http://i1.hdslb.com/bfs/archive/1055879dbcbf0390a858ca2e6557cf42cbb7f806.jpg
2026-06-24,2026-06-24 02:15:04,68,BV1HM7F6UE5q,116788918488583,【IEM科隆Major】FURIA vs Falcons  6月21日 总决赛,CSGO官方赛事,电子竞技,游戏,171,26533,1549067,6550,17283,34918,14422,13205,2191,1782057533,https://www.bilibili.com/video/BV1HM7F6UE5q,http://i0.hdslb.com/bfs/archive/05d78af3ff5fe3d933470ea2b430ee7ddcec81d4.jpg
2026-06-24,2026-06-24 02:15:04,69,BV1137P6AEmk,116792643099638,当我被逼替家人还债。#还债#内容过于真实#一定要看到最后#反转,暴走黄老板,搞笑,娱乐,138,82,881925,106,1103,89801,1508,40572,502,1782125460,https://www.bilibili.com/video/BV1137P6AEmk,http://i1.hdslb.com/bfs/archive/a4b77c076722723b689afeaa25c3d13b0426ce03.jpg
2026-06-24,2026-06-24 02:15:04,70,BV1bwj863E1t,116788633279136,王老菊教你断剑奇侠·S3-ep01：小本买卖堂堂正正,怕上火暴王老菊,单机游戏,游戏,17,4592,778868,6669,4334,43712,34670,12019,1271,1782053692,https://www.bilibili.com/video/BV1bwj863E1t,http://i0.hdslb.com/bfs/archive/fd1f1da8d94bf5e90b57498f98bf7409929e6215.jpg
2026-06-24,2026-06-24 02:15:04,71,BV1Pujz6tEMM,116775932927915,没有赶不上的早八,张河清教授,日常,生活,21,25,5337418,2476,2237,615684,7616,34154,2462,1781859604,https://www.bilibili.com/video/BV1Pujz6tEMM,http://i2.hdslb.com/bfs/archive/a277e56a98fc32a94e934d36101d44508170e860.jpg
2026-06-24,2026-06-24 02:15:04,72,BV1Wej66FEnX,116777426096188,我来到了mc虚空的最深处？！,Super橘星,单机游戏,游戏,17,1217,620343,2017,1158,80817,6179,26922,651,1781882664,https://www.bilibili.com/video/BV1Wej66FEnX,http://i2.hdslb.com/bfs/archive/42570f2c3101c029882b69fb03c35e7e4e462b70.jpg
2026-06-24,2026-06-24 02:15:04,73,BV1LNj46kEJu,116786267754544,假如踢足球没有规则,阿君AI小剧场,足球,足球,249,173,981184,508,656,89039,736,6538,2362,1782025200,https://www.bilibili.com/video/BV1LNj46kEJu,http://i1.hdslb.com/bfs/archive/412542add5f182c307bcd31f38b9325b5ec3f06b.jpg
2026-06-24,2026-06-24 02:15:04,74,BV1Tkjt6KEUd,116787358211683,当初我说假小子好 跟害你们似得,擦擦玩游戏,娱乐杂谈,娱乐杂谈,241,47,1558295,242,2159,95997,660,33713,4190,1782037800,https://www.bilibili.com/video/BV1Tkjt6KEUd,http://i1.hdslb.com/bfs/archive/e27a77e767aad466f77fd9eb5e40c492c2df80f0.jpg
2026-06-24,2026-06-24 02:15:04,75,BV1Rujb62EVn,116787123329993,假如你让太空死灵怀孕了！会发生什么？,爱冒险的柯基,鬼畜调教,鬼畜,22,511,707672,2230,3840,43838,6239,20684,3344,1782030295,https://www.bilibili.com/video/BV1Rujb62EVn,http://i2.hdslb.com/bfs/archive/7ed6dcbcb8086368725049e7ab5162518cf032f9.jpg
2026-06-24,2026-06-24 02:15:04,76,BV1P2jt6YEn9,116787374984615,蒜苔不就是食品版的拼豆吗,周大爷不服老,搞笑,娱乐,138,30,1506063,196,526,154737,937,10584,3192,1782034356,https://www.bilibili.com/video/BV1P2jt6YEn9,http://i0.hdslb.com/bfs/archive/7e029d35b87c4857651e3d9277b041f42ab1d866.jpg
2026-06-24,2026-06-24 02:15:04,77,BV1KMjC6yEoF,116780026562717,和我弟玩cosplay,卡迪那-猫meme版,搞笑,娱乐,138,90,1458212,688,2519,127563,1324,14223,4581,1781936494,https://www.bilibili.com/video/BV1KMjC6yEoF,http://i1.hdslb.com/bfs/archive/0ef8758b4ab101727170661e8f0685c4c758f6aa.jpg
2026-06-24,2026-06-24 02:15:04,78,BV1yN7F6DEo6,116788885001914,戒社也巧哥： 也巧，妈妈在年底去世了，保险受益人是我【网络狠人102】,喵喵即正义,日常,生活,21,453,1776321,1489,2271,64386,1499,7292,1455,1782057428,https://www.bilibili.com/video/BV1yN7F6DEo6,http://i0.hdslb.com/bfs/archive/9576ea066f66457f5872da64b901e286c54a7266.jpg
2026-06-24,2026-06-24 02:15:04,79,BV1L87w6GETp,116791669952675,NiKo是Major冠军！,DANK1NGcsgo,电子竞技,游戏,171,205,778431,475,3421,89548,2583,4664,986,1782099793,https://www.bilibili.com/video/BV1L87w6GETp,http://i1.hdslb.com/bfs/archive/745fc0ef9451d0ab76f17e34b0cc57a843da1b8f.jpg
2026-06-24,2026-06-24 02:15:04,80,BV1czjJ6KETp,116781905611355,欢迎来到男子汉的世界……,隔壁小贾-暗区突围,网络游戏,游戏,65,22,1228949,131,1052,124971,2220,29676,2774,1781950586,https://www.bilibili.com/video/BV1czjJ6KETp,http://i0.hdslb.com/bfs/archive/ae4f08c7a54e48b8866e4e773102010d2a67c6ac.jpg
2026-06-24,2026-06-24 02:15:04,81,BV1XGjb6yE4x,116787022667386,如果爱昴天团看到了死归全过程【4】,生锈的包子,综合,综合,27,356,825064,1717,3034,50386,10988,13092,1034,1782028719,https://www.bilibili.com/video/BV1XGjb6yE4x,http://i1.hdslb.com/bfs/archive/9ed4171a3dc15fde30421516d3366a0239feeda6.jpg
2026-06-24,2026-06-24 02:15:04,82,BV16bjs6EEtn,116785244474725,🐲🦐“猎鹰战胜绿龙！看哭100亿鹰美！”🦐🐲,Chamri_Channel,电子竞技,游戏,171,248,1140531,826,3849,63637,8583,7261,9204,1782003600,https://www.bilibili.com/video/BV16bjs6EEtn,http://i2.hdslb.com/bfs/archive/3c5a64e5ea6db98edfb5da7910807719a36d6150.jpg
2026-06-24,2026-06-24 02:15:04,83,BV1vhjn68EUr,116781402295077,NiKo科隆电影感混剪短片——《应无所住，而生其心》,CS2芬了个黎,网络游戏,游戏,65,278,551471,1656,12024,39512,23011,16856,3819,1781943472,https://www.bilibili.com/video/BV1vhjn68EUr,http://i0.hdslb.com/bfs/archive/1cba7feea4d47ff3eaade9473e705dc80f4dca7d.jpg
2026-06-24,2026-06-24 02:15:04,84,BV1NX7P6NEvm,116792190049813,“被WPS背刺了” 冲上热搜，偷偷占满C盘 批量清缓存还要收费，微博CEO王高飞：金山早已今非昔比，你把WPS当朋友 而它只是一家公司,大象新闻,社会,社会,205,34,2462946,762,5918,86013,1139,25276,7712,1782107553,https://www.bilibili.com/video/BV1NX7P6NEvm,http://i1.hdslb.com/bfs/archive/13721af1a8506e8ae8533322bd7e3b78fac0bbdd.jpg
2026-06-24,2026-06-24 02:15:04,85,BV1YNjP6VEr6,116770648098260,我 伪 装,阴间滴贰哈鸽鸽,单机游戏,游戏,17,560,4110555,2408,2119,164929,5195,31514,18110,1781779073,https://www.bilibili.com/video/BV1YNjP6VEr6,http://i1.hdslb.com/bfs/archive/aad734a51fb0edd1446ad186f77bf3c9a7eb5c35.jpg
2026-06-24,2026-06-24 02:15:04,86,BV1d8jC6bEBv,116779858791895,“那是我等待了一生的巨浪”【Changes-Remix】【不屈の小曲】,早睡起大王,音乐综合,音乐,130,163,1019635,190,1124,84455,1301,17076,525,1781920800,https://www.bilibili.com/video/BV1d8jC6bEBv,http://i1.hdslb.com/bfs/archive/73e76ff035bf2f87e78755842d288667e7426dae.jpg
2026-06-24,2026-06-24 02:15:04,87,BV1bWjk6yEuu,116778097182096,❤️【可能是你听过的最好听的一版翻唱】像笨蛋一样❤️バカみたいに,翼灵Official,翻唱,音乐,31,132,353100,938,1093,106602,8104,38462,1180,1781930100,https://www.bilibili.com/video/BV1bWjk6yEuu,http://i2.hdslb.com/bfs/archive/6a5a523bf2cc6c3031412d9c4c0888d40513e148.jpg
2026-06-24,2026-06-24 02:15:04,88,BV1rZjr6aErt,116778717938040,末日高架桥，我们被困了100天！,马里奥红叔,单机游戏,游戏,17,1463,1378408,3825,2025,150434,55865,57119,2290,1781924400,https://www.bilibili.com/video/BV1rZjr6aErt,http://i0.hdslb.com/bfs/archive/112ae27cde1480e5ed760c9b5927159b8764e1e4.jpg
2026-06-24,2026-06-24 02:15:04,89,BV1pL7P68EU9,116792324267633,“法不能向不法让步.”,我爱吃派大星,音乐综合,音乐,130,304,660232,92,819,78247,2001,12532,370,1782174000,https://www.bilibili.com/video/BV1pL7P68EU9,http://i0.hdslb.com/bfs/archive/ebf1c45647b877bd74f9da8bce93bb3bad4ae03d.jpg
2026-06-24,2026-06-24 02:15:04,90,BV1DG7g6dEAZ,116797273612065,真正的艺术！,_离咕咕,网络游戏,游戏,65,118,1341593,271,581,103332,980,10437,4827,1782185063,https://www.bilibili.com/video/BV1DG7g6dEAZ,http://i0.hdslb.com/bfs/archive/ebcdeede639e208ff67e74920adda2d151d982e4.jpg
2026-06-24,2026-06-24 02:15:04,91,BV1wijJ6MEoy,116782006273890,云璃：让你入赘就算便宜你了，你还想逃婚？,我要吃蛋炒饭饭,手机游戏,游戏,172,167,693224,940,2368,68420,4697,21301,2625,1781952160,https://www.bilibili.com/video/BV1wijJ6MEoy,http://i0.hdslb.com/bfs/archive/73c0e3e74a781d9d62773ff71df48d3fb9c98d61.jpg
2026-06-24,2026-06-24 02:15:04,92,BV1EFjb69E6W,116786888515150,你给水里加东西了？,技能多娇,搞笑,娱乐,138,112,2085509,599,1393,114400,948,12212,1141,1782026761,https://www.bilibili.com/video/BV1EFjb69E6W,http://i0.hdslb.com/bfs/archive/64d5baf00ab9150322065ea0d8e45c481827925a.jpg
2026-06-24,2026-06-24 02:15:04,93,BV1c7j86wE3f,116788264306688,240天，我们用3D打印装修了一整套房子...,-LKs-,财经商业,知识,207,1054,761004,1678,5463,51115,16904,8309,2728,1782100800,https://www.bilibili.com/video/BV1c7j86wE3f,http://i2.hdslb.com/bfs/archive/ff53974d744de26472b9b4a5880fba0da618dbef.jpg
2026-06-24,2026-06-24 02:15:04,94,BV1cXjt6bE87,116787307875692,坏人绞尽脑汁，不如蠢人灵机一动！,没脸鉴车,汽车生活,汽车,176,378,1502464,6281,3248,66243,589,5527,745,1782036000,https://www.bilibili.com/video/BV1cXjt6bE87,http://i0.hdslb.com/bfs/archive/33e74ffe6af8e03fe49b8719ed6b0a1b835105c1.jpg
2026-06-24,2026-06-24 02:15:04,95,BV1uyja6nEZY,116771621175583,送你个机器人女友#AI,90后的日常,影视剪辑,影视,183,206,1640784,5930,17776,166300,16146,31594,12573,1781793601,https://www.bilibili.com/video/BV1uyja6nEZY,http://i2.hdslb.com/bfs/archive/a8408ab240cbc1f57b155cb91d2a631688d5a0d2.jpg
2026-06-24,2026-06-24 02:15:04,96,BV1jtj86WEkW,116788348064850,“一个亿和成为大发明家你选择哪个”,听海看山的故事,科学科普,知识,201,56,851138,224,1080,113277,2097,22532,402,1782066780,https://www.bilibili.com/video/BV1jtj86WEkW,http://i2.hdslb.com/bfs/archive/a398a44c5d4fe94bca7cfaccb80538d8cc717dc4.jpg
2026-06-24,2026-06-24 02:15:04,97,BV1JLjt69EEa,116787442091412,你 叫 不 过 我 你 信 吗,萝太永不破防,手机游戏,游戏,172,427,1546352,1551,1627,54737,3131,7549,6208,1782035250,https://www.bilibili.com/video/BV1JLjt69EEa,http://i1.hdslb.com/bfs/archive/2234ba26398df66e905125ae277c21023a81127b.jpg
2026-06-24,2026-06-24 02:15:04,98,BV1MC7w6YEqD,116791183413442,【每日CS】八年，足够让少年将胡须长满脸庞，也足够让故事从波士顿写到科隆。【NiKo圆梦MAJOR】,每日CS2,电子竞技,游戏,171,106,954480,1897,4735,87336,10717,9478,1710,1782092448,https://www.bilibili.com/video/BV1MC7w6YEqD,http://i0.hdslb.com/bfs/archive/2ff084e8080bb6dd94697f28199df58cadd11b35.jpg
2026-06-24,2026-06-24 02:15:04,99,BV1oDjh64E1y,116772208447972,当我在MC中放下地球仪,摆烂中的小宜zzz,单机游戏,游戏,17,53,726861,739,1147,159772,29559,41228,3677,1781841600,https://www.bilibili.com/video/BV1oDjh64E1y,http://i1.hdslb.com/bfs/archive/37c8db579ef68a83a6a3958b8bf682163f4417a0.jpg
2026-06-24,2026-06-24 02:15:04,100,BV1XRj76jE7i,116780898981058,⚡女士也要电量满满⚡,我没魔芋爽,日常,生活,21,32,1430570,1952,2652,142481,2283,17369,14441,1781949600,https://www.bilibili.com/video/BV1XRj76jE7i,http://i1.hdslb.com/bfs/archive/78a8b243a8590c7ff7b4119b5ba91b99a9dcdab1.jpg
2026-06-24,2026-06-24 12:36:51,1,BV1QSjm6wEBT,116800310222810,【NiKo】谢谢你们❤️,FLC_NiKo,电子竞技,游戏,171,178,1349784,6918,14435,272879,128825,38370,15939,1782231642,https://www.bilibili.com/video/BV1QSjm6wEBT,http://i1.hdslb.com/bfs/archive/5eba21c7f44eca57653f834c2e5f479dcd041341.jpg
2026-06-24,2026-06-24 12:36:51,2,BV1fJjE6FEqW,116780630609640,《崩坏：因缘精灵》进化PV：直至遇见它,崩坏因缘精灵,手机游戏,游戏,172,351,2596897,23169,29954,192432,73721,39579,51168,1782100800,https://www.bilibili.com/video/BV1fJjE6FEqW,http://i2.hdslb.com/bfs/archive/29e4ee8844cb4d82aefa07d1011ad4438da2c9c3.jpg
2026-06-24,2026-06-24 12:36:51,3,BV1oTjk6xEea,116778281796886,我发誓这是我看过最震撼的漫展爬台变装演唱！！,夏旬Natsuki,翻唱,音乐,31,84,5995999,1693,6219,692529,54624,77498,10173,1781947800,https://www.bilibili.com/video/BV1oTjk6xEea,http://i0.hdslb.com/bfs/archive/c937405b0e26e4652af142f494911c0cf97d0f26.jpg
2026-06-24,2026-06-24 12:36:51,4,BV1X37c6vEcB,116790311001648,“终有一天，我会成为MAJOR冠军！”——NIKO圆梦科隆Major！,AYCS2,网络游戏,游戏,65,298,3132575,1945,15091,178299,80592,42020,11147,1782078868,https://www.bilibili.com/video/BV1X37c6vEcB,http://i2.hdslb.com/bfs/archive/1bdd25e9721279f6870ec585223314be1d06890f.jpg
2026-06-24,2026-06-24 12:36:51,5,BV1g7jJ6nE1E,116782207602137,“入室抢劫般的队友”,胡胡不胡o,日常,生活,21,363,3925326,2136,4911,253147,14460,32939,11128,1781955576,https://www.bilibili.com/video/BV1g7jJ6nE1E,http://i2.hdslb.com/bfs/archive/9b3e18bf8311f44867bcc78534904eb86d1072c4.jpg
2026-06-24,2026-06-24 12:36:51,6,BV1xXjn6LEwc,116783247787866,人，停下！,幸仁儿鲨,绘画,绘画,162,475,1405211,11566,10364,173594,58210,72495,5889,1781971350,https://www.bilibili.com/video/BV1xXjn6LEwc,http://i2.hdslb.com/bfs/archive/cfe6b10df7f5630e9cb80f9edffe4b9a15c6024a.jpg
2026-06-24,2026-06-24 12:36:51,7,BV1xX7P6NEsJ,116792190114788,外星人来地球了！但迟到了那么一小会......,张拉灯,同人·手书,动画,47,183,1489375,1136,4447,195564,46256,43220,13084,1782107634,https://www.bilibili.com/video/BV1xX7P6NEsJ,http://i0.hdslb.com/bfs/archive/865ebc3a306d1ad3441c8514ae8f78cb14caa1a8.jpg
2026-06-24,2026-06-24 12:36:51,8,BV19Kjf6cEh8,116789337921082,【泰拉瑞亚】32位计算机电路 RISC-V CPU 348KHz,混乱沉睡,单机游戏,游戏,17,639,2095804,1720,4160,177119,55385,50399,22344,1782063994,https://www.bilibili.com/video/BV19Kjf6cEh8,http://i0.hdslb.com/bfs/archive/751337b64ce9f1f12d3979dbe8e54d4c29c91459.jpg
2026-06-24,2026-06-24 12:36:51,9,BV1wE7P6bESL,116792357950508,真开上机甲了？影视飓风1600万粉丝Q&A！,影视飓风,数码,科技,95,1032,1708639,29180,8143,171072,73327,26252,10209,1782118800,https://www.bilibili.com/video/BV1wE7P6bESL,http://i0.hdslb.com/bfs/archive/1557911f2cecfc9aab972adad15e9a6c51ecd954.jpg
2026-06-24,2026-06-24 12:36:51,10,BV1JKjH6iE6y,116782895470334,多少年了，人们还记得你真实的样子吗？,何大爷课堂,人文历史,知识,228,218,4549120,665,4179,286805,9571,18973,1979,1781965957,https://www.bilibili.com/video/BV1JKjH6iE6y,http://i1.hdslb.com/bfs/archive/ce0fa067f5c90abd4ceb01108697be8f556ecd57.jpg
2026-06-24,2026-06-24 12:36:51,11,BV1Z27A6JEjM,116792911534635,今年干的最牛的事！你们的导航软件还有广告吗？,销冠李老板,日常,生活,21,45,2056205,14095,15967,313490,67202,15115,8093,1782118587,https://www.bilibili.com/video/BV1Z27A6JEjM,http://i1.hdslb.com/bfs/archive/26ab151e43194f7ee490c739829559cb8b40b254.jpg
2026-06-24,2026-06-24 12:36:51,12,BV1Bq7c6mEr6,116790025783520,佩洛伊斯什么时候逃离原生家庭？,鼎芸,同人·手书,动画,47,282,1309024,580,1631,176085,15061,35238,3427,1782086400,https://www.bilibili.com/video/BV1Bq7c6mEr6,http://i2.hdslb.com/bfs/archive/a0094b395427b8157e591144aef2bf0f73071d6b.jpg
2026-06-24,2026-06-24 12:36:51,13,BV1617N6ZEua,116793817436382,⚡对 对 子 战 神（特别篇）⚡,洛温阿特金森,鬼畜剧场,鬼畜剧场,216,160,1545006,3334,4203,175589,41115,35149,7479,1782181800,https://www.bilibili.com/video/BV1617N6ZEua,http://i2.hdslb.com/bfs/archive/ceeb9b9f2efed76ba9b7175a5fc336140a78d90b.jpg
2026-06-24,2026-06-24 12:36:51,14,BV1zb7K6bEiA,116793079304242,有能的阿伟,神威-狗剩,影视剪辑,影视,183,137,2878501,2358,3823,183615,8153,28823,17873,1782121085,https://www.bilibili.com/video/BV1zb7K6bEiA,http://i1.hdslb.com/bfs/archive/536a424c8dd8c9f5672ffd9f7bd0669c4b6598e5.jpg
2026-06-24,2026-06-24 12:36:51,15,BV12t7A6YEvx,116792844558250,《阴阳师》毗沙门天CG丨金砂福威（CV：福西胜也）,网易阴阳师手游,手机游戏,游戏,172,210,1387218,1634,3499,74753,63933,53614,26993,1782117740,https://www.bilibili.com/video/BV12t7A6YEvx,http://i1.hdslb.com/bfs/archive/0da370078c072e00ce00a245313679b7eda4c1a4.jpg
2026-06-24,2026-06-24 12:36:51,16,BV1K3jn65ECR,116781352032938,躲在超市后门智斗的二人,沃滋基-尼,综合,综合,27,92,2174667,4862,6624,240242,18121,60698,29877,1781942609,https://www.bilibili.com/video/BV1K3jn65ECR,http://i0.hdslb.com/bfs/archive/bdab827cde03d4f1eddf9ceb001b20129cc95c54.jpg
2026-06-24,2026-06-24 12:36:51,17,BV1WFjW6EEMQ,116783734328117,《独家记忆》,王濛,明星综合,明星综合,137,320,1912236,22265,29214,92092,87983,25939,11445,1781978557,https://www.bilibili.com/video/BV1WFjW6EEMQ,http://i1.hdslb.com/bfs/archive/7d952ec82a9aaf29c190029494576c283ac9ffd5.jpg
2026-06-24,2026-06-24 12:36:51,18,BV1DKjp6sESX,116782442483852,新金蝉脱壳,Y的生存手记,综合,综合,27,534,1374238,3160,5651,139588,3087,39358,1050,1781958906,https://www.bilibili.com/video/BV1DKjp6sESX,http://i1.hdslb.com/bfs/archive/f7b66f77c006bb86c17cf6ef1501dfcc4cf5cb8d.png
2026-06-24,2026-06-24 12:36:51,19,BV19Q7c6MEGd,116791821015845,为什么要有女朋友,叶玲秋雨,手机游戏,游戏,172,107,1248528,842,4907,143029,27108,35890,8374,1782124200,https://www.bilibili.com/video/BV19Q7c6MEGd,http://i1.hdslb.com/bfs/archive/bc8cea1d92987e28da5f6565f67bee6348114e25.jpg
2026-06-24,2026-06-24 12:36:51,20,BV1vSjb6JEjz,116788499062621,他的麦田要一株株手拔！整整20年！农村老人自己搞育种！【主播说三农】,央视农业,三农,生活,251,182,1094595,1695,3038,154210,15683,7599,1713,1782051197,https://www.bilibili.com/video/BV1vSjb6JEjz,http://i2.hdslb.com/bfs/archive/e57c7e322be6be3edc3ae557f0d07d5b579378dd.jpg
2026-06-24,2026-06-24 12:36:51,21,BV1Qg7c6KE9V,116790126447382,《后悔の保安》,伤心欲茄222,搞笑,娱乐,138,95,4547072,1704,7108,328113,10418,18501,9104,1782100800,https://www.bilibili.com/video/BV1Qg7c6KE9V,http://i0.hdslb.com/bfs/archive/212c2d91a9cd193c0394ddb4757b5b9fa498c675.jpg
2026-06-24,2026-06-24 12:36:51,22,BV1PyjZ6jEc1,116789774131069,来自Major冠军的信息：中国粉丝们，你们是这成功的一部分,IEM成都,电子竞技,游戏,171,35,2680354,6910,14052,313026,47900,28914,16623,1782070680,https://www.bilibili.com/video/BV1PyjZ6jEc1,http://i0.hdslb.com/bfs/archive/b8bcc4897c74fb3389c187ade722f33aa86faad3.jpg
2026-06-24,2026-06-24 12:36:51,23,BV1JK7N6xEtw,116793918165295,秦始皇：你说徭役徭是吧？,清风最梦,明星综合,明星综合,137,70,2595512,7126,10139,304991,32808,93846,70619,1782133852,https://www.bilibili.com/video/BV1JK7N6xEtw,http://i1.hdslb.com/bfs/archive/96932ddc2788a5657b0b9ed1f62f4960eb835b2a.jpg
2026-06-24,2026-06-24 12:36:51,24,BV1usjH6WEoz,116782694139715,曾沛慈｜《怎么说我不爱你》舞台,曾沛慈_TsengPets,明星综合,明星综合,137,279,2444563,25047,29810,103954,83691,38954,17515,1781962856,https://www.bilibili.com/video/BV1usjH6WEoz,http://i0.hdslb.com/bfs/archive/bb4c91ef35acc1e06800c178e2600fd8d5509e78.jpg
2026-06-24,2026-06-24 12:36:51,25,BV1rvjb6fEKU,116786838112232,什么叫人类最强的去当魔王是为了平衡战力？,Mr-Ferret,绘画,绘画,162,133,1997204,614,1447,151553,2311,20948,4992,1782026099,https://www.bilibili.com/video/BV1rvjb6fEKU,http://i2.hdslb.com/bfs/archive/8042679d5e89cf7eb377c7a1f277dc696d63f7ca.jpg
2026-06-24,2026-06-24 12:36:51,26,BV1HyjH66EWe,116782744539240,🥕躲在超市后门吃萝卜的越狱兔🥕,天鹅绒寝室长,日常,生活,21,163,1131750,655,1899,113691,22864,22257,8927,1782012600,https://www.bilibili.com/video/BV1HyjH66EWe,http://i0.hdslb.com/bfs/archive/09fc4d6424dd8439d4afdd0aba7821c59f3f1f7b.jpg
2026-06-24,2026-06-24 12:36:51,27,BV1bdj46qEwz,116785781149073,同性恋不能生孩子，为什么没有被自然选择淘汰？,李论科学,科学科普,知识,201,316,1468376,1502,7616,110305,7502,21554,8991,1782009804,https://www.bilibili.com/video/BV1bdj46qEwz,http://i0.hdslb.com/bfs/archive/3d99731ee829b980c39b3c8f69e740d5583cb1f3.jpg
2026-06-24,2026-06-24 12:36:51,28,BV1UWLf6REiz,116769154928275,鲁豫对话蔡磊 段睿：只要不放弃，四面八方都是前方 | 陈鲁豫·慢谈EP20【视频播客】,陈鲁豫-慢谈,人文历史,知识,228,7111,3591203,3909,2235,47231,23240,20513,14155,1782014400,https://www.bilibili.com/video/BV1UWLf6REiz,http://i2.hdslb.com/bfs/archive/900fae2889a18a54362f333d8db2c33ce5d12328.jpg
2026-06-24,2026-06-24 12:36:51,29,BV1RGjh6pEbo,116787928637352,看看假货最多的地方#食品安全#假货,陈大成bili,美食记录,美食,215,153,1616318,1367,4282,110690,10139,22245,15711,1782043550,https://www.bilibili.com/video/BV1RGjh6pEbo,http://i0.hdslb.com/bfs/archive/75cc77cd07b6561a7faabcdecf6d091ab267d77a.jpg
2026-06-24,2026-06-24 12:36:51,30,BV1Cvjk6TEB3,116778046915958,🎨要看看这样的视频才有力气讨生活【三角洲】,牧牧川,单机游戏,游戏,17,192,4511351,769,2413,327234,13399,50991,2773,1781926200,https://www.bilibili.com/video/BV1Cvjk6TEB3,http://i1.hdslb.com/bfs/archive/9c3b114670250931e6264389d05a263039d091d9.jpg
2026-06-24,2026-06-24 12:36:51,31,BV1aqjE6mEid,116780160782699,你cos我憋笑挑战,我是易拉爆,日常,生活,21,73,3517437,888,2140,219427,3342,35491,7048,1781923956,https://www.bilibili.com/video/BV1aqjE6mEid,http://i0.hdslb.com/bfs/archive/57352c8c5bc8fe7b8ba2d61d6d5c028d1d3d9bc7.jpg
2026-06-24,2026-06-24 12:36:51,32,BV1HL7P68EQ6,116792324262652,甄嬛多动症版,泰裤辣C总,影视杂谈,影视,182,186,2202187,1207,1581,83300,10451,17064,21457,1782109865,https://www.bilibili.com/video/BV1HL7P68EQ6,http://i1.hdslb.com/bfs/archive/a4ae243f9a5a083559afb430928f693d5674eab1.jpg
2026-06-24,2026-06-24 12:36:51,33,BV1FX7F6UE8f,116790512322760,原来男生也可以收到惊喜和花,特工001k,搞笑,娱乐,138,246,753891,4755,7937,98493,10050,12866,8723,1782082060,https://www.bilibili.com/video/BV1FX7F6UE8f,http://i0.hdslb.com/bfs/archive/14a3bd87a8f978d732e2e7b0f76e39a30509a52b.jpg
2026-06-24,2026-06-24 12:36:51,34,BV199jJ6REJR,116781536511840,【干货】为什么不建议你今年考高考状元？,闪电侠-flash,校园学习,知识,208,149,2718339,3646,4708,256493,3109,17859,8691,1781949600,https://www.bilibili.com/video/BV199jJ6REJR,http://i1.hdslb.com/bfs/archive/e9e898756d4f16f348bd9866f5f50d18f0a74c2a.jpg
2026-06-24,2026-06-24 12:36:51,35,BV1fLjt69ERX,116787442223218,【Reaction】穷人永远接触不到的场景,沙雕网友咸叽叽,乐评盘点,音乐,243,172,1921740,2306,7041,118779,1687,7027,1217,1782035106,https://www.bilibili.com/video/BV1fLjt69ERX,http://i1.hdslb.com/bfs/archive/1a8dcea2f814b644570e01fcba31c46109631c89.jpg
2026-06-24,2026-06-24 12:36:51,36,BV1adjJ6sE1D,116781721193950,大学禁止和课本谈恋爱！！！,快乐的台长,日常,生活,21,335,1671583,1823,1999,183177,6518,48376,5982,1781948457,https://www.bilibili.com/video/BV1adjJ6sE1D,http://i1.hdslb.com/bfs/archive/a6efce7bf64d83e1007d6f491da2e923dc3d746c.jpg
2026-06-24,2026-06-24 12:36:51,37,BV12Gjn6kEP6,116781335187792,一个环艺老学长的填志愿忏悔录！,是莫叔叔吗,搞笑,娱乐,138,361,1812453,782,3934,213892,1285,20003,1741,1781942826,https://www.bilibili.com/video/BV12Gjn6kEP6,http://i0.hdslb.com/bfs/archive/814cbb7312342c2b6cc7179ae6a82b9e23ee79af.jpg
2026-06-24,2026-06-24 12:36:51,38,BV1kGjt6dECk,116787408605658,萧敬腾首次公开的秘密:我曾讨厌自己的声音。丨HOPICOx萧敬腾 对谈50分,HOPICO,乐评盘点,音乐,243,2952,3790207,1985,1856,59212,5974,10890,1524,1782120600,https://www.bilibili.com/video/BV1kGjt6dECk,http://i1.hdslb.com/bfs/archive/cefd9b1202147b34dad1ac9b56f937c441981a30.jpg
2026-06-24,2026-06-24 12:36:51,39,BV17BjB6UEeP,116776536902641,一坨泥巴也来跳迈克尔·杰克逊《顫栗》？,宅叔飞飞,手工,生活,161,67,4027925,465,1705,445772,103070,28390,2889,1781868799,https://www.bilibili.com/video/BV17BjB6UEeP,http://i0.hdslb.com/bfs/archive/8c7d6784a5fe4aa117f1c0c53696dadb050b0d1d.jpg
2026-06-24,2026-06-24 12:36:51,40,BV1cf7P6cE4X,116792122937064,抽象新闻：6月人类迷惑行为大赏（中）,我是M菌,搞笑,娱乐,138,686,1800980,7094,6860,85627,2791,11299,13627,1782122400,https://www.bilibili.com/video/BV1cf7P6cE4X,http://i1.hdslb.com/bfs/archive/1e73ebff0890cf6b29774a230e8178553e826572.jpg
2026-06-24,2026-06-24 12:36:51,41,BV1fFjb6XEg1,116786888449719,桑葚与桑树活在地球是屈才了,小时好食禄,科学科普,知识,201,315,1986977,1987,5604,86034,7580,44069,5904,1782034200,https://www.bilibili.com/video/BV1fFjb6XEg1,http://i0.hdslb.com/bfs/archive/0ea9d26a19b0ab1267f1aba35320f97f4f0d6b6c.jpg
2026-06-24,2026-06-24 12:36:51,42,BV1Zkj76sE9E,116780764764913,循环歌单|【Amazon】|“上课用网名点名这一块”,蛋某人音乐,乐评盘点,音乐,243,3085,3722776,144,1011,110539,744,31658,585,1782000000,https://www.bilibili.com/video/BV1Zkj76sE9E,http://i2.hdslb.com/bfs/archive/5e883c171ad4285a070c54a5855de584777d2ae0.jpg
2026-06-24,2026-06-24 12:36:51,43,BV1DG7g6dEAZ,116797273612065,真正的艺术！,_离咕咕,网络游戏,游戏,65,118,1817977,359,768,131460,1397,13488,6175,1782185063,https://www.bilibili.com/video/BV1DG7g6dEAZ,http://i0.hdslb.com/bfs/archive/ebcdeede639e208ff67e74920adda2d151d982e4.jpg
2026-06-24,2026-06-24 12:36:51,44,BV1ArjW6nE1V,116783616887594,《明日方舟》危机合约新赛季「涤墨作战」宣传PV,明日方舟,手机游戏,游戏,172,108,1424204,10272,17180,102335,25127,15546,49599,1782010800,https://www.bilibili.com/video/BV1ArjW6nE1V,http://i0.hdslb.com/bfs/archive/5ecd97f01f442270285e760493ad7840c33033df.jpg
2026-06-24,2026-06-24 12:36:51,45,BV1pL7P68EU9,116792324267633,“法不能向不法让步.”,我爱吃派大星,音乐综合,音乐,130,304,829107,112,1000,95308,2690,15508,887,1782174000,https://www.bilibili.com/video/BV1pL7P68EU9,http://i0.hdslb.com/bfs/archive/ebf1c45647b877bd74f9da8bce93bb3bad4ae03d.jpg
2026-06-24,2026-06-24 12:36:51,46,BV1137P6AEmk,116792643099638,当我被逼替家人还债。#还债#内容过于真实#一定要看到最后#反转,暴走黄老板,搞笑,娱乐,138,82,990286,119,1243,100633,1808,45489,572,1782125460,https://www.bilibili.com/video/BV1137P6AEmk,http://i1.hdslb.com/bfs/archive/a4b77c076722723b689afeaa25c3d13b0426ce03.jpg
2026-06-24,2026-06-24 12:36:51,47,BV1XE7N6jECG,116794052320231,【速凌宇宙】第二十一集：六人小队前往速凌宇宙！你小子吃这么好？？,高司令-速凌电竞,单机游戏,游戏,17,586,1094929,6801,1844,77689,15304,45973,826,1782136099,https://www.bilibili.com/video/BV1XE7N6jECG,http://i1.hdslb.com/bfs/archive/3c0c32500f911efd2932bb20552c86b95fc9f4a1.jpg
2026-06-24,2026-06-24 12:36:51,48,BV1Bbjp6zEcd,116784338308431,特厨探店|新疆最好的烤全羊？！—尉犁烤羊,特厨隋坡,美食侦探,美食,212,234,1139012,1303,3237,87781,5949,7715,6371,1782012600,https://www.bilibili.com/video/BV1Bbjp6zEcd,http://i0.hdslb.com/bfs/archive/a02d6ae871de5eee0fb2f0d2a8504524c84d2c3c.jpg
2026-06-24,2026-06-24 12:36:51,49,BV1Esj86xEJP,116788448728633,竟然还是PVZ大佬，钻套史蒂夫恐怖如斯【我是僵尸】,磊哥游戏,单机游戏,游戏,17,339,1137230,1695,2219,100865,8567,8546,1095,1782090000,https://www.bilibili.com/video/BV1Esj86xEJP,http://i0.hdslb.com/bfs/archive/be35d77876fe36466d7b41471927e743b5d5e6b2.jpg
2026-06-24,2026-06-24 12:36:51,50,BV1NMjt68EuL,116787526113006,《这最后几天是关键》,嘞是唐孃孃,搞笑,娱乐,138,81,2275455,1910,5674,162190,1797,7207,3276,1782036578,https://www.bilibili.com/video/BV1NMjt68EuL,http://i1.hdslb.com/bfs/archive/dc7e16c7acf08bccc36bd768ad05da4e2d8b93b8.jpg
2026-06-24,2026-06-24 12:36:51,51,BV1oZjx6jEEb,116786083139031,诈骗警察这一块,源小仔,亲子,生活,254,19,1667773,91,879,174189,490,11271,731,1782014927,https://www.bilibili.com/video/BV1oZjx6jEEb,http://i1.hdslb.com/bfs/archive/aae9b4708046ce24059bb46a599fff2bce5456ee.jpg
2026-06-24,2026-06-24 12:36:51,52,BV1iZjc6gEJr,116769893128777,来赣州包个鱼塘，帮少年减轻家庭重担，鱼多鱼少不重要，得让孩子安心完成学业,李维刚的日常,三农,生活,251,635,1220675,4669,5263,154892,117196,8250,1767,1781946000,https://www.bilibili.com/video/BV1iZjc6gEJr,http://i0.hdslb.com/bfs/archive/68345d040fbae81a977a9631c9d78df717416345.jpg
2026-06-24,2026-06-24 12:36:51,53,BV1dTjh6dE12,116787710528262,这个骗子估计晚上睡觉都会想起那几个字，作为一个销冠必须拿的住一切,一只鱼雨鱼,喵星人,喵星人,218,182,820385,968,2500,63890,4972,17023,18376,1782039061,https://www.bilibili.com/video/BV1dTjh6dE12,http://i1.hdslb.com/bfs/archive/1055879dbcbf0390a858ca2e6557cf42cbb7f806.jpg
2026-06-24,2026-06-24 12:36:51,54,BV16Sj26VEaP,116799085545461,锦衣卫们 这次真的需要你了,的鹅德-重八,搞笑,娱乐,138,72,741794,654,1692,154061,121800,10357,1110,1782213138,https://www.bilibili.com/video/BV16Sj26VEaP,http://i0.hdslb.com/bfs/archive/d708ee181281e844e239d7ce765dc3cf6d57ff2d.jpg
2026-06-24,2026-06-24 12:36:51,55,BV1EHjE6fEhG,116780664226179,咱兄弟俩真是这个👍（端午大合集）,亿本満足,日常,生活,21,7632,1391084,3037,2202,103099,10657,52224,2035,1781932103,https://www.bilibili.com/video/BV1EHjE6fEhG,http://i1.hdslb.com/bfs/archive/6379f6d8484e6bdf5dc21d458a1bf7343d06a6e3.jpg
2026-06-24,2026-06-24 12:36:51,56,BV1MJj46AEX8,116785915433448,勃然大怒：以色列大使怒斥“闭嘴”“滚粗”，副球长病遁跑路,小Q不是导盲犬,社科·法律·心理,知识,124,1046,1552686,11454,5172,66134,9936,11825,3637,1782012063,https://www.bilibili.com/video/BV1MJj46AEX8,http://i1.hdslb.com/bfs/archive/5944656bc047407b9fce3d737d9e9070d35b84a1.jpg
2026-06-24,2026-06-24 12:36:51,57,BV1HM7F6UE5q,116788918488583,【IEM科隆Major】FURIA vs Falcons  6月21日 总决赛,CSGO官方赛事,电子竞技,游戏,171,26533,1584899,6706,17512,35657,14629,13462,2230,1782057533,https://www.bilibili.com/video/BV1HM7F6UE5q,http://i0.hdslb.com/bfs/archive/05d78af3ff5fe3d933470ea2b430ee7ddcec81d4.jpg
2026-06-24,2026-06-24 12:36:51,58,BV1o5jv6qExG,116774473303913,巴啦啦小魔仙—芮闪的帽子,-蒋-丞-_,搞笑,娱乐,138,187,1906149,4090,9676,123319,11112,15173,33530,1781837618,https://www.bilibili.com/video/BV1o5jv6qExG,http://i0.hdslb.com/bfs/archive/1081baa744ad129c3d34a1108a6eee3ea0287965.jpg
2026-06-24,2026-06-24 12:36:51,59,BV1h5jb65ESM,116787006016491,【TF家族练习生】《四一有意思》11:古今雅集,TF家族,明星综合,明星综合,137,2911,1145712,458838,4892,52012,5737,22761,1197,1782038461,https://www.bilibili.com/video/BV1h5jb65ESM,http://i0.hdslb.com/bfs/archive/debf343586d1c9161d42b71d9d05a271b37b9fe4.jpg
2026-06-24,2026-06-24 12:36:51,60,BV1bwj863E1t,116788633279136,王老菊教你断剑奇侠·S3-ep01：小本买卖堂堂正正,怕上火暴王老菊,单机游戏,游戏,17,4592,803627,6801,4363,44185,35276,12142,1283,1782053692,https://www.bilibili.com/video/BV1bwj863E1t,http://i0.hdslb.com/bfs/archive/fd1f1da8d94bf5e90b57498f98bf7409929e6215.jpg
2026-06-24,2026-06-24 12:36:51,61,BV15Qj66mE5z,116776956336801,快乐 童年,榴莲阿呀,搞笑,娱乐,138,538,6141085,11120,12791,352952,89195,148891,6276,1781875232,https://www.bilibili.com/video/BV15Qj66mE5z,http://i1.hdslb.com/bfs/archive/fd70d470e4de0758969faf57cfd3f789c6e5e222.jpg
2026-06-24,2026-06-24 12:36:51,62,BV1NX7P6NEvm,116792190049813,“被WPS背刺了” 冲上热搜，偷偷占满C盘 批量清缓存还要收费，微博CEO王高飞：金山早已今非昔比，你把WPS当朋友 而它只是一家公司,大象新闻,社会,社会,205,34,2640476,796,6499,92250,1267,27772,8276,1782107553,https://www.bilibili.com/video/BV1NX7P6NEvm,http://i1.hdslb.com/bfs/archive/13721af1a8506e8ae8533322bd7e3b78fac0bbdd.jpg
2026-06-24,2026-06-24 12:36:51,63,BV1L87w6GETp,116791669952675,NiKo是Major冠军！,DANK1NGcsgo,电子竞技,游戏,171,205,810222,487,3534,92717,2662,4843,1001,1782099793,https://www.bilibili.com/video/BV1L87w6GETp,http://i1.hdslb.com/bfs/archive/745fc0ef9451d0ab76f17e34b0cc57a843da1b8f.jpg
2026-06-24,2026-06-24 12:36:51,64,BV1Rujb62EVn,116787123329993,假如你让太空死灵怀孕了！会发生什么？,爱冒险的柯基,鬼畜调教,鬼畜,22,511,723077,2283,3928,44533,6371,21060,3406,1782030295,https://www.bilibili.com/video/BV1Rujb62EVn,http://i2.hdslb.com/bfs/archive/7ed6dcbcb8086368725049e7ab5162518cf032f9.jpg
2026-06-24,2026-06-24 12:36:51,65,BV1yN7F6DEo6,116788885001914,戒社也巧哥： 也巧，妈妈在年底去世了，保险受益人是我【网络狠人102】,喵喵即正义,日常,生活,21,453,1853995,1514,2316,66989,1556,7536,1496,1782057428,https://www.bilibili.com/video/BV1yN7F6DEo6,http://i0.hdslb.com/bfs/archive/9576ea066f66457f5872da64b901e286c54a7266.jpg
2026-06-24,2026-06-24 12:36:51,66,BV1Tkjt6KEUd,116787358211683,当初我说假小子好 跟害你们似得,擦擦玩游戏,娱乐杂谈,娱乐杂谈,241,47,1595368,248,2187,97666,679,34352,4256,1782037800,https://www.bilibili.com/video/BV1Tkjt6KEUd,http://i1.hdslb.com/bfs/archive/e27a77e767aad466f77fd9eb5e40c492c2df80f0.jpg
2026-06-24,2026-06-24 12:36:51,67,BV1P2jt6YEn9,116787374984615,蒜苔不就是食品版的拼豆吗,周大爷不服老,搞笑,娱乐,138,30,1536691,200,534,158080,984,10821,3257,1782034356,https://www.bilibili.com/video/BV1P2jt6YEn9,http://i0.hdslb.com/bfs/archive/7e029d35b87c4857651e3d9277b041f42ab1d866.jpg
2026-06-24,2026-06-24 12:36:51,68,BV1iv7K6sE7F,116793280633853,当你穿越回高考出分前一天...,王维诗里的MBTI,同人·手书,动画,47,1627,779576,2789,2054,70220,4755,16354,1623,1782125276,https://www.bilibili.com/video/BV1iv7K6sE7F,http://i1.hdslb.com/bfs/archive/840a8afbe2b0b351de6994c97a45b22c11280760.jpg
2026-06-24,2026-06-24 12:36:51,69,BV1LNj46kEJu,116786267754544,假如踢足球没有规则,阿君AI小剧场,足球,足球,249,173,981877,508,656,89045,739,6539,2364,1782025200,https://www.bilibili.com/video/BV1LNj46kEJu,http://i1.hdslb.com/bfs/archive/412542add5f182c307bcd31f38b9325b5ec3f06b.jpg
2026-06-24,2026-06-24 12:36:51,70,BV1QW7T6DEy9,116794891180777,用高坚果玩多米诺骨牌！！？,咸威化,单机游戏,游戏,17,167,1527727,599,904,88163,3345,7885,1109,1782183600,https://www.bilibili.com/video/BV1QW7T6DEy9,http://i2.hdslb.com/bfs/archive/ec56dd0558e9f234f7badd5c93a10a7b2d8402ae.jpg
2026-06-24,2026-06-24 12:36:51,71,BV1uHjJ6mEpe,116781888833434,地牢酒馆-15集 《一支欢快的舞》,粘土工厂,单机游戏,游戏,17,265,1819575,5623,3578,206980,24245,22685,2246,1781951423,https://www.bilibili.com/video/BV1uHjJ6mEpe,http://i0.hdslb.com/bfs/archive/6b4c38e45f3f0de7eaf9b7ec420a773be89a3de3.jpg
2026-06-24,2026-06-24 12:36:51,72,BV1RSj76SEXn,116780747985261,你看不起的工作，可能是别人考不进去的门槛,如见未来AI,影视剪辑,影视,183,44,3128747,906,5764,223747,1820,29511,3204,1781932918,https://www.bilibili.com/video/BV1RSj76SEXn,http://i1.hdslb.com/bfs/archive/8c63f016f8287b11fb8f15f4852c38974dfd487e.jpg
2026-06-24,2026-06-24 12:36:51,73,BV1XGjb6yE4x,116787022667386,如果爱昴天团看到了死归全过程【4】,生锈的包子,综合,综合,27,356,841920,1758,3045,51121,11097,13108,1053,1782028719,https://www.bilibili.com/video/BV1XGjb6yE4x,http://i1.hdslb.com/bfs/archive/9ed4171a3dc15fde30421516d3366a0239feeda6.jpg
2026-06-24,2026-06-24 12:36:51,74,BV1wjjr6hEAR,116778835378560,#手工制作绘本 我的第三本《拥有神笔的马户》 #改编 #寓言故事 #原创绘画 #爱是什么,XS王棕棕,绘画,绘画,162,205,731252,437,1367,96417,11629,15392,2591,1781903756,https://www.bilibili.com/video/BV1wjjr6hEAR,http://i1.hdslb.com/bfs/archive/5b6cd6fe529e649ea4a3ff642bddca6e43a945dc.jpg
2026-06-24,2026-06-24 12:36:51,75,BV1c7j86wE3f,116788264306688,240天，我们用3D打印装修了一整套房子...,-LKs-,财经商业,知识,207,1054,847688,1733,5863,58038,17874,9068,2955,1782100800,https://www.bilibili.com/video/BV1c7j86wE3f,http://i2.hdslb.com/bfs/archive/ff53974d744de26472b9b4a5880fba0da618dbef.jpg
2026-06-24,2026-06-24 12:36:51,76,BV1d8jC6bEBv,116779858791895,“那是我等待了一生的巨浪”【Changes-Remix】【不屈の小曲】,早睡起大王,音乐综合,音乐,130,163,1300288,215,1250,100695,1532,19330,624,1781920800,https://www.bilibili.com/video/BV1d8jC6bEBv,http://i1.hdslb.com/bfs/archive/73e76ff035bf2f87e78755842d288667e7426dae.jpg
2026-06-24,2026-06-24 12:36:51,77,BV1EFjb69E6W,116786888515150,你给水里加东西了？,技能多娇,搞笑,娱乐,138,112,2171890,629,1496,118385,997,12714,1192,1782026761,https://www.bilibili.com/video/BV1EFjb69E6W,http://i0.hdslb.com/bfs/archive/64d5baf00ab9150322065ea0d8e45c481827925a.jpg
2026-06-24,2026-06-24 12:36:51,78,BV1jtj86WEkW,116788348064850,“一个亿和成为大发明家你选择哪个”,听海看山的故事,科学科普,知识,201,56,902637,235,1137,120140,2277,23671,429,1782066780,https://www.bilibili.com/video/BV1jtj86WEkW,http://i2.hdslb.com/bfs/archive/a398a44c5d4fe94bca7cfaccb80538d8cc717dc4.jpg
2026-06-24,2026-06-24 12:36:51,79,BV1tN7P6TEgM,116792710137115,月薪超5w的秘密：我采访了10位高收入粉丝！他们如何做到的？,王小七Fire,社科·法律·心理,知识,124,1270,899475,641,2718,39037,1307,21487,1037,1782118800,https://www.bilibili.com/video/BV1tN7P6TEgM,http://i1.hdslb.com/bfs/archive/f2cf84e2446980e8f6b7ab08d83104c0ddae2ced.jpg
2026-06-24,2026-06-24 12:36:51,80,BV1Wej66FEnX,116777426096188,我来到了mc虚空的最深处？！,Super橘星,单机游戏,游戏,17,1217,642112,2079,1169,83990,6390,28088,676,1781882664,https://www.bilibili.com/video/BV1Wej66FEnX,http://i2.hdslb.com/bfs/archive/42570f2c3101c029882b69fb03c35e7e4e462b70.jpg
2026-06-24,2026-06-24 12:36:51,81,BV1USjC61EFe,116779573582726,治沙人,沙漠里的四妹,三农,生活,251,14,907770,2456,2548,324863,28299,6701,227,1781915068,https://www.bilibili.com/video/BV1USjC61EFe,http://i1.hdslb.com/bfs/archive/0ac158a54177ad00bc812a809b0e9dab9edbd46a.jpg
2026-06-24,2026-06-24 12:36:51,82,BV1cXjt6bE87,116787307875692,坏人绞尽脑汁，不如蠢人灵机一动！,没脸鉴车,汽车生活,汽车,176,378,1567720,6502,3402,67961,619,5762,783,1782036000,https://www.bilibili.com/video/BV1cXjt6bE87,http://i0.hdslb.com/bfs/archive/33e74ffe6af8e03fe49b8719ed6b0a1b835105c1.jpg
2026-06-24,2026-06-24 12:36:51,83,BV1BPjJ6FEGP,116782090226507,嘻嘻。,小酥猫饼,美食记录,美食,215,217,1486291,1277,3627,102471,4146,8769,891,1781953425,https://www.bilibili.com/video/BV1BPjJ6FEGP,http://i0.hdslb.com/bfs/archive/851c2cfda81099df21795340f9af0b9a951c065c.jpg
2026-06-24,2026-06-24 12:36:51,84,BV1JLjt69EEa,116787442091412,你 叫 不 过 我 你 信 吗,萝太永不破防,手机游戏,游戏,172,427,1634834,1583,1671,56619,3263,7860,6502,1782035250,https://www.bilibili.com/video/BV1JLjt69EEa,http://i1.hdslb.com/bfs/archive/2234ba26398df66e905125ae277c21023a81127b.jpg
2026-06-24,2026-06-24 12:36:51,85,BV1ZEjz6nER3,116775899368374,按到音乐键了,黄沙大圣圣,汪星人,汪星人,219,13,4123136,739,7986,347896,8984,63279,40965,1781859015,https://www.bilibili.com/video/BV1ZEjz6nER3,http://i2.hdslb.com/bfs/archive/948d86110fd0a8045495af7a2c5fdac595ce5df6.jpg
2026-06-24,2026-06-24 12:36:51,86,BV1MC7w6YEqD,116791183413442,【每日CS】八年，足够让少年将胡须长满脸庞，也足够让故事从波士顿写到科隆。【NiKo圆梦MAJOR】,每日CS2,电子竞技,游戏,171,106,971159,1932,4773,88982,10870,9647,1731,1782092448,https://www.bilibili.com/video/BV1MC7w6YEqD,http://i0.hdslb.com/bfs/archive/2ff084e8080bb6dd94697f28199df58cadd11b35.jpg
2026-06-24,2026-06-24 12:36:51,87,BV1RSj76SEhJ,116780747985960,【究极佐菲格斗】第四集 奥特兄弟暗杀计划！佐菲机器人 雷欧 泰罗 爱迪 黑暗星人巴巴尔 登场,Dennis飞昊,特摄,动画,86,1034,1528206,3855,4623,99481,78326,45185,10564,1781932942,https://www.bilibili.com/video/BV1RSj76SEhJ,http://i1.hdslb.com/bfs/archive/8609ad0d770e88507e1b65a46221b41d8ea40af4.jpg
2026-06-24,2026-06-24 12:36:51,88,BV1jJ7F63Eyn,116790680094049,🏆🦅“猎鹰夺冠！看哭100亿鹰美”🦅🏆,Chamri_Channel,电子竞技,游戏,171,211,614955,1308,2902,57841,16316,9992,4529,1782084900,https://www.bilibili.com/video/BV1jJ7F63Eyn,http://i0.hdslb.com/bfs/archive/0b6d6c05c3f1294ab0ea25c1c059076dc52bb3f1.jpg
2026-06-24,2026-06-24 12:36:51,89,BV19ujb62EDf,116787123330784,第2集丨“天才在左，蜂子在右”,是DollDoll,影视剪辑,影视,183,100,1300974,104,395,87473,2724,20402,795,1782037500,https://www.bilibili.com/video/BV19ujb62EDf,http://i0.hdslb.com/bfs/archive/28c8cd83f04922479a48cc20d050804b62b2e792.jpg
2026-06-24,2026-06-24 12:36:51,90,BV1imjh6bErF,116772174827175,一个跟头十万八千里2.0,孤鹜AH,搞笑,娱乐,138,151,2987018,786,1717,206484,6727,49403,12817,1781863200,https://www.bilibili.com/video/BV1imjh6bErF,http://i1.hdslb.com/bfs/archive/63af2fba214108093162b7977e0bfa42a5f0a242.jpg
2026-06-24,2026-06-24 12:36:51,91,BV1tbjk63EN2,116778113964904,原来死刑犯还有这种用处,拧不动啊真拧不动,单机游戏,游戏,17,1746,4417551,3973,1113,121090,14262,83146,2710,1781920800,https://www.bilibili.com/video/BV1tbjk63EN2,http://i1.hdslb.com/bfs/archive/bcd97f6d5485a81d662f3f5a137c07bb02625217.jpg
2026-06-24,2026-06-24 12:36:51,92,BV1LR7N6XE4J,116793381362656,烽火地带新地图【AZ3】实录｜6月26日，直面抉择！,三角洲行动,GMV,GMV,121,214,1234152,908,2677,72030,2523,16998,2188,1782127800,https://www.bilibili.com/video/BV1LR7N6XE4J,http://i1.hdslb.com/bfs/archive/c630408f9370df52fbbde0d944cb4021935d44d5.jpg
2026-06-24,2026-06-24 12:36:51,93,BV1oDjH6vEGL,116782408927320,很多朋友好奇我的心理健康问题，说画的太压抑了，是不是抑郁了？有没有一种可能是画面里的内容过于真实了呢？,光光的小展厅,绘画,绘画,162,60,2013090,634,2746,141106,1997,10564,856,1781958374,https://www.bilibili.com/video/BV1oDjH6vEGL,http://i2.hdslb.com/bfs/archive/7c3805038944d1c94ae741d6b67a9e9dc72e1cdd.jpg
2026-06-24,2026-06-24 12:36:51,94,BV1Lv7K6sE8y,116793280569314,肉包铁面对重卡为何不避？因为不怕吗,大山车改,改装玩车,改装玩车,246,415,2110494,4667,4591,80228,544,7894,2163,1782124386,https://www.bilibili.com/video/BV1Lv7K6sE8y,http://i1.hdslb.com/bfs/archive/a537985322b8c2b11004f2c504d1cce1f8c5f581.jpg
2026-06-24,2026-06-24 12:36:51,95,BV1uu7K6VEAz,116793565910251,【科隆Major  数据雷达图】破除决赛魔咒！Niko终终终于圆梦了!,神秘猫头鹰,电子竞技,游戏,171,397,767701,6261,5576,39351,18331,10088,3097,1782128652,https://www.bilibili.com/video/BV1uu7K6VEAz,http://i0.hdslb.com/bfs/archive/4ebb1a4435cf6438ddd9e2d66125f692143431ad.jpg
2026-06-24,2026-06-24 12:36:51,96,BV1w37w6xEkp,116791871409819,“先把你的事办完再过来，孩子在这里安全得很！”孩子意外走失，民警妥善看护，宽慰母亲完成工作再前来。为暖心民警点赞！,人民日报,日常,生活,21,47,2004345,262,3859,140271,1877,3379,832,1782102733,https://www.bilibili.com/video/BV1w37w6xEkp,http://i2.hdslb.com/bfs/archive/312722b70957153834dbc9eeec2869efbb2ad1ac.jpg
2026-06-24,2026-06-24 12:36:51,97,BV1CvLo6zEBt,116766386688462,大 周 礼 时 代(2),诸葛皮皮9527,小剧场,娱乐,85,69,1365368,499,3154,105750,3621,13730,4028,1782032400,https://www.bilibili.com/video/BV1CvLo6zEBt,http://i0.hdslb.com/bfs/archive/b380d30508b4a84e8f5ba2490b3ff35d1367616a.jpg
2026-06-24,2026-06-24 12:36:51,98,BV1g3j46BEJ9,116786200645113,理想型,邱木十三,搞笑,娱乐,138,220,892153,2534,3824,43326,860,13092,5474,1782016411,https://www.bilibili.com/video/BV1g3j46BEJ9,http://i1.hdslb.com/bfs/archive/39a85bfa0d88bfc6676c4cd7d220f4c6d48746b2.jpg
2026-06-24,2026-06-24 12:36:51,99,BV1eejn6tENU,116783180679398,新三国up锐评神探狄仁杰02：我们也有自己的孙乾,吃蛋挞的折棒,影视剪辑,影视,183,2021,890784,13519,5422,55753,36243,8729,898,1782007200,https://www.bilibili.com/video/BV1eejn6tENU,http://i1.hdslb.com/bfs/archive/35f91d598d941bb588f548e0643f15fd8afe1a54.jpg
2026-06-24,2026-06-24 12:36:51,100,BV1sH7g6SEJs,116797239987021,【IGN】《释放阿凡达》实机预告,IGN中国,单机游戏,游戏,17,290,1464392,4127,6955,58089,1360,4766,35366,1782185107,https://www.bilibili.com/video/BV1sH7g6SEJs,http://i0.hdslb.com/bfs/archive/366aa179c7c47ffffd547c0c8a09d9b1ef68d6b6.jpg
2026-06-24,2026-06-24 16:33:38,1,BV1QSjm6wEBT,116800310222810,【NiKo】谢谢你们❤️,FLC_NiKo,电子竞技,游戏,171,178,1625561,8077,15683,310276,145409,43458,17364,1782231642,https://www.bilibili.com/video/BV1QSjm6wEBT,http://i1.hdslb.com/bfs/archive/5eba21c7f44eca57653f834c2e5f479dcd041341.jpg
2026-06-24,2026-06-24 16:33:38,2,BV1fJjE6FEqW,116780630609640,《崩坏：因缘精灵》进化PV：直至遇见它,崩坏因缘精灵,手机游戏,游戏,172,351,2623051,23380,30096,193734,74333,39901,51425,1782100800,https://www.bilibili.com/video/BV1fJjE6FEqW,http://i2.hdslb.com/bfs/archive/29e4ee8844cb4d82aefa07d1011ad4438da2c9c3.jpg
2026-06-24,2026-06-24 16:33:38,3,BV1X37c6vEcB,116790311001648,“终有一天，我会成为MAJOR冠军！”——NIKO圆梦科隆Major！,AYCS2,网络游戏,游戏,65,298,3239007,1979,15379,184166,82228,43079,11339,1782078868,https://www.bilibili.com/video/BV1X37c6vEcB,http://i2.hdslb.com/bfs/archive/1bdd25e9721279f6870ec585223314be1d06890f.jpg
2026-06-24,2026-06-24 16:33:38,4,BV1xX7P6NEsJ,116792190114788,外星人来地球了！但迟到了那么一小会......,张拉灯,同人·手书,动画,47,183,1657806,1219,4795,216297,50073,47463,14326,1782107634,https://www.bilibili.com/video/BV1xX7P6NEsJ,http://i0.hdslb.com/bfs/archive/865ebc3a306d1ad3441c8514ae8f78cb14caa1a8.jpg
2026-06-24,2026-06-24 16:33:38,5,BV19Kjf6cEh8,116789337921082,【泰拉瑞亚】32位计算机电路 RISC-V CPU 348KHz,混乱沉睡,单机游戏,游戏,17,639,2181771,1810,4330,184070,57757,52596,23361,1782063994,https://www.bilibili.com/video/BV19Kjf6cEh8,http://i0.hdslb.com/bfs/archive/751337b64ce9f1f12d3979dbe8e54d4c29c91459.jpg
2026-06-24,2026-06-24 16:33:38,6,BV1g7jJ6nE1E,116782207602137,“入室抢劫般的队友”,胡胡不胡o,日常,生活,21,363,4023323,2168,5004,258739,14905,33818,11486,1781955576,https://www.bilibili.com/video/BV1g7jJ6nE1E,http://i2.hdslb.com/bfs/archive/9b3e18bf8311f44867bcc78534904eb86d1072c4.jpg
2026-06-24,2026-06-24 16:33:38,7,BV1617N6ZEua,116793817436382,⚡对 对 子 战 神（特别篇）⚡,洛温阿特金森,鬼畜剧场,鬼畜剧场,216,160,1830035,4162,5178,208700,48319,41546,8866,1782181800,https://www.bilibili.com/video/BV1617N6ZEua,http://i2.hdslb.com/bfs/archive/ceeb9b9f2efed76ba9b7175a5fc336140a78d90b.jpg
2026-06-24,2026-06-24 16:33:38,8,BV1wE7P6bESL,116792357950508,真开上机甲了？影视飓风1600万粉丝Q&A！,影视飓风,数码,科技,95,1032,1758993,30305,8381,175539,75339,26831,10529,1782118800,https://www.bilibili.com/video/BV1wE7P6bESL,http://i0.hdslb.com/bfs/archive/1557911f2cecfc9aab972adad15e9a6c51ecd954.jpg
2026-06-24,2026-06-24 16:33:38,9,BV1xXjn6LEwc,116783247787866,人，停下！,幸仁儿鲨,绘画,绘画,162,475,1432108,11770,10567,176920,59307,73851,6020,1781971350,https://www.bilibili.com/video/BV1xXjn6LEwc,http://i2.hdslb.com/bfs/archive/cfe6b10df7f5630e9cb80f9edffe4b9a15c6024a.jpg
2026-06-24,2026-06-24 16:33:38,10,BV1Z27A6JEjM,116792911534635,今年干的最牛的事！你们的导航软件还有广告吗？,销冠李老板,日常,生活,21,45,2119994,14461,16495,322569,69088,15572,8371,1782118587,https://www.bilibili.com/video/BV1Z27A6JEjM,http://i1.hdslb.com/bfs/archive/26ab151e43194f7ee490c739829559cb8b40b254.jpg
2026-06-24,2026-06-24 16:33:38,11,BV1Bq7c6mEr6,116790025783520,佩洛伊斯什么时候逃离原生家庭？,鼎芸,同人·手书,动画,47,282,1332348,590,1659,179586,15362,36009,3485,1782086400,https://www.bilibili.com/video/BV1Bq7c6mEr6,http://i2.hdslb.com/bfs/archive/a0094b395427b8157e591144aef2bf0f73071d6b.jpg
2026-06-24,2026-06-24 16:33:38,12,BV1zb7K6bEiA,116793079304242,有能的阿伟,神威-狗剩,影视剪辑,影视,183,137,3006126,2470,4021,191342,8587,30067,18734,1782121085,https://www.bilibili.com/video/BV1zb7K6bEiA,http://i1.hdslb.com/bfs/archive/536a424c8dd8c9f5672ffd9f7bd0669c4b6598e5.jpg
2026-06-24,2026-06-24 16:33:38,13,BV1oTjk6xEea,116778281796886,我发誓这是我看过最震撼的漫展爬台变装演唱！！,夏旬Natsuki,翻唱,音乐,31,84,6100431,1702,6275,699717,55363,79016,10329,1781947800,https://www.bilibili.com/video/BV1oTjk6xEea,http://i0.hdslb.com/bfs/archive/c937405b0e26e4652af142f494911c0cf97d0f26.jpg
2026-06-24,2026-06-24 16:33:38,14,BV12t7A6YEvx,116792844558250,《阴阳师》毗沙门天CG丨金砂福威（CV：福西胜也）,网易阴阳师手游,手机游戏,游戏,172,210,1390074,1650,3534,74866,64003,53636,27047,1782117740,https://www.bilibili.com/video/BV12t7A6YEvx,http://i1.hdslb.com/bfs/archive/0da370078c072e00ce00a245313679b7eda4c1a4.jpg
2026-06-24,2026-06-24 16:33:38,15,BV19Q7c6MEGd,116791821015845,为什么要有女朋友,叶玲秋雨,手机游戏,游戏,172,107,1302926,855,5045,147946,27766,37189,8650,1782124200,https://www.bilibili.com/video/BV19Q7c6MEGd,http://i1.hdslb.com/bfs/archive/bc8cea1d92987e28da5f6565f67bee6348114e25.jpg
2026-06-24,2026-06-24 16:33:38,16,BV1vSjb6JEjz,116788499062621,他的麦田要一株株手拔！整整20年！农村老人自己搞育种！【主播说三农】,央视农业,三农,生活,251,182,1120926,1753,3186,157974,16175,7817,1766,1782051197,https://www.bilibili.com/video/BV1vSjb6JEjz,http://i2.hdslb.com/bfs/archive/e57c7e322be6be3edc3ae557f0d07d5b579378dd.jpg
2026-06-24,2026-06-24 16:33:38,17,BV1JKjH6iE6y,116782895470334,多少年了，人们还记得你真实的样子吗？,何大爷课堂,人文历史,知识,228,218,4611699,672,4225,289544,9705,19280,2030,1781965957,https://www.bilibili.com/video/BV1JKjH6iE6y,http://i1.hdslb.com/bfs/archive/ce0fa067f5c90abd4ceb01108697be8f556ecd57.jpg
2026-06-24,2026-06-24 16:33:38,18,BV1WFjW6EEMQ,116783734328117,《独家记忆》,王濛,明星综合,明星综合,137,320,1972538,23294,30585,93883,89580,26484,11844,1781978557,https://www.bilibili.com/video/BV1WFjW6EEMQ,http://i1.hdslb.com/bfs/archive/7d952ec82a9aaf29c190029494576c283ac9ffd5.jpg
2026-06-24,2026-06-24 16:33:38,19,BV1bdj46qEwz,116785781149073,同性恋不能生孩子，为什么没有被自然选择淘汰？,李论科学,科学科普,知识,201,316,1498307,1522,7686,112609,7675,22160,9247,1782009804,https://www.bilibili.com/video/BV1bdj46qEwz,http://i0.hdslb.com/bfs/archive/3d99731ee829b980c39b3c8f69e740d5583cb1f3.jpg
2026-06-24,2026-06-24 16:33:38,20,BV1HyjH66EWe,116782744539240,🥕躲在超市后门吃萝卜的越狱兔🥕,天鹅绒寝室长,日常,生活,21,163,1244337,678,1965,118563,23907,23348,9400,1782012600,https://www.bilibili.com/video/BV1HyjH66EWe,http://i0.hdslb.com/bfs/archive/09fc4d6424dd8439d4afdd0aba7821c59f3f1f7b.jpg
2026-06-24,2026-06-24 16:33:38,21,BV1Qg7c6KE9V,116790126447382,《后悔の保安》,伤心欲茄222,搞笑,娱乐,138,95,4653074,1722,7193,334697,10712,18932,9340,1782100800,https://www.bilibili.com/video/BV1Qg7c6KE9V,http://i0.hdslb.com/bfs/archive/212c2d91a9cd193c0394ddb4757b5b9fa498c675.jpg
2026-06-24,2026-06-24 16:33:38,22,BV1JK7N6xEtw,116793918165295,秦始皇：你说徭役徭是吧？,清风最梦,明星综合,明星综合,137,70,2953561,8324,11314,338328,37363,109211,77476,1782133852,https://www.bilibili.com/video/BV1JK7N6xEtw,http://i1.hdslb.com/bfs/archive/96932ddc2788a5657b0b9ed1f62f4960eb835b2a.jpg
2026-06-24,2026-06-24 16:33:38,23,BV1PyjZ6jEc1,116789774131069,来自Major冠军的信息：中国粉丝们，你们是这成功的一部分,IEM成都,电子竞技,游戏,171,35,2691384,6926,14100,314414,47998,29012,16635,1782070680,https://www.bilibili.com/video/BV1PyjZ6jEc1,http://i0.hdslb.com/bfs/archive/b8bcc4897c74fb3389c187ade722f33aa86faad3.jpg
2026-06-24,2026-06-24 16:33:38,24,BV16Sj26VEaP,116799085545461,锦衣卫们 这次真的需要你了,的鹅德-重八,搞笑,娱乐,138,72,918434,858,2140,188905,151344,13005,1399,1782213138,https://www.bilibili.com/video/BV16Sj26VEaP,http://i0.hdslb.com/bfs/archive/d708ee181281e844e239d7ce765dc3cf6d57ff2d.jpg
2026-06-24,2026-06-24 16:33:38,25,BV1RGjh6pEbo,116787928637352,看看假货最多的地方#食品安全#假货,陈大成bili,美食记录,美食,215,153,1652162,1390,4311,113244,10401,22873,16113,1782043550,https://www.bilibili.com/video/BV1RGjh6pEbo,http://i0.hdslb.com/bfs/archive/75cc77cd07b6561a7faabcdecf6d091ab267d77a.jpg
2026-06-24,2026-06-24 16:33:38,26,BV1HL7P68EQ6,116792324262652,甄嬛多动症版,泰裤辣C总,影视杂谈,影视,182,186,2344914,1291,1717,89799,11526,18578,23615,1782109865,https://www.bilibili.com/video/BV1HL7P68EQ6,http://i1.hdslb.com/bfs/archive/a4ae243f9a5a083559afb430928f693d5674eab1.jpg
2026-06-24,2026-06-24 16:33:38,27,BV1rvjb6fEKU,116786838112232,什么叫人类最强的去当魔王是为了平衡战力？,Mr-Ferret,绘画,绘画,162,133,2055374,627,1473,155420,2384,21416,5105,1782026099,https://www.bilibili.com/video/BV1rvjb6fEKU,http://i2.hdslb.com/bfs/archive/8042679d5e89cf7eb377c7a1f277dc696d63f7ca.jpg
2026-06-24,2026-06-24 16:33:38,28,BV1K3jn65ECR,116781352032938,躲在超市后门智斗的二人,沃滋基-尼,综合,综合,27,92,2197733,4954,6685,241689,18395,61231,30187,1781942609,https://www.bilibili.com/video/BV1K3jn65ECR,http://i0.hdslb.com/bfs/archive/bdab827cde03d4f1eddf9ceb001b20129cc95c54.jpg
2026-06-24,2026-06-24 16:33:38,29,BV1DG7g6dEAZ,116797273612065,真正的艺术！,_离咕咕,网络游戏,游戏,65,118,2225332,414,916,153024,1690,15963,7390,1782185063,https://www.bilibili.com/video/BV1DG7g6dEAZ,http://i0.hdslb.com/bfs/archive/ebcdeede639e208ff67e74920adda2d151d982e4.jpg
2026-06-24,2026-06-24 16:33:38,30,BV1FX7F6UE8f,116790512322760,原来男生也可以收到惊喜和花,特工001k,搞笑,娱乐,138,246,778467,4877,8091,101031,10440,13241,8987,1782082060,https://www.bilibili.com/video/BV1FX7F6UE8f,http://i0.hdslb.com/bfs/archive/14a3bd87a8f978d732e2e7b0f76e39a30509a52b.jpg
2026-06-24,2026-06-24 16:33:38,31,BV1fLjt69ERX,116787442223218,【Reaction】穷人永远接触不到的场景,沙雕网友咸叽叽,乐评盘点,音乐,243,172,1981314,2389,7152,121601,1734,7216,1260,1782035106,https://www.bilibili.com/video/BV1fLjt69ERX,http://i1.hdslb.com/bfs/archive/1a8dcea2f814b644570e01fcba31c46109631c89.jpg
2026-06-24,2026-06-24 16:33:38,32,BV1kGjt6dECk,116787408605658,萧敬腾首次公开的秘密:我曾讨厌自己的声音。丨HOPICOx萧敬腾 对谈50分,HOPICO,乐评盘点,音乐,243,2952,4044066,2067,1918,62383,6266,11503,1589,1782120600,https://www.bilibili.com/video/BV1kGjt6dECk,http://i1.hdslb.com/bfs/archive/cefd9b1202147b34dad1ac9b56f937c441981a30.jpg
2026-06-24,2026-06-24 16:33:38,33,BV1UWLf6REiz,116769154928275,鲁豫对话蔡磊 段睿：只要不放弃，四面八方都是前方 | 陈鲁豫·慢谈EP20【视频播客】,陈鲁豫-慢谈,人文历史,知识,228,7111,3799769,4058,2293,48002,23739,20938,14531,1782014400,https://www.bilibili.com/video/BV1UWLf6REiz,http://i2.hdslb.com/bfs/archive/900fae2889a18a54362f333d8db2c33ce5d12328.jpg
2026-06-24,2026-06-24 16:33:38,34,BV1cf7P6cE4X,116792122937064,抽象新闻：6月人类迷惑行为大赏（中）,我是M菌,搞笑,娱乐,138,686,1951742,7372,7182,91348,2934,12056,14424,1782122400,https://www.bilibili.com/video/BV1cf7P6cE4X,http://i1.hdslb.com/bfs/archive/1e73ebff0890cf6b29774a230e8178553e826572.jpg
2026-06-24,2026-06-24 16:33:38,35,BV1usjH6WEoz,116782694139715,曾沛慈｜《怎么说我不爱你》舞台,曾沛慈_TsengPets,明星综合,明星综合,137,279,2500342,25681,30383,105294,84609,39523,18136,1781962856,https://www.bilibili.com/video/BV1usjH6WEoz,http://i0.hdslb.com/bfs/archive/bb4c91ef35acc1e06800c178e2600fd8d5509e78.jpg
2026-06-24,2026-06-24 16:33:38,36,BV1pL7P68EU9,116792324267633,“法不能向不法让步.”,我爱吃派大星,音乐综合,音乐,130,304,918695,126,1081,103616,3146,17623,1007,1782174000,https://www.bilibili.com/video/BV1pL7P68EU9,http://i0.hdslb.com/bfs/archive/ebf1c45647b877bd74f9da8bce93bb3bad4ae03d.jpg
2026-06-24,2026-06-24 16:33:38,37,BV1DKjp6sESX,116782442483852,新金蝉脱壳,Y的生存手记,综合,综合,27,534,1376411,3164,5654,139765,3102,39378,1056,1781958906,https://www.bilibili.com/video/BV1DKjp6sESX,http://i1.hdslb.com/bfs/archive/f7b66f77c006bb86c17cf6ef1501dfcc4cf5cb8d.png
2026-06-24,2026-06-24 16:33:38,38,BV1QW7T6DEy9,116794891180777,用高坚果玩多米诺骨牌！！？,咸威化,单机游戏,游戏,17,167,1747196,669,1042,102092,4048,9141,1328,1782183600,https://www.bilibili.com/video/BV1QW7T6DEy9,http://i2.hdslb.com/bfs/archive/ec56dd0558e9f234f7badd5c93a10a7b2d8402ae.jpg
2026-06-24,2026-06-24 16:33:38,39,BV1fFjb6XEg1,116786888449719,桑葚与桑树活在地球是屈才了,小时好食禄,科学科普,知识,201,315,2063717,2036,5688,88630,7815,45591,6066,1782034200,https://www.bilibili.com/video/BV1fFjb6XEg1,http://i0.hdslb.com/bfs/archive/0ea9d26a19b0ab1267f1aba35320f97f4f0d6b6c.jpg
2026-06-24,2026-06-24 16:33:38,40,BV1137P6AEmk,116792643099638,当我被逼替家人还债。#还债#内容过于真实#一定要看到最后#反转,暴走黄老板,搞笑,娱乐,138,82,1058316,126,1307,106525,1934,48643,619,1782125460,https://www.bilibili.com/video/BV1137P6AEmk,http://i1.hdslb.com/bfs/archive/a4b77c076722723b689afeaa25c3d13b0426ce03.jpg
2026-06-24,2026-06-24 16:33:38,41,BV1aqjE6mEid,116780160782699,你cos我憋笑挑战,我是易拉爆,日常,生活,21,73,3526721,895,2178,220562,3369,35733,7113,1781923956,https://www.bilibili.com/video/BV1aqjE6mEid,http://i0.hdslb.com/bfs/archive/57352c8c5bc8fe7b8ba2d61d6d5c028d1d3d9bc7.jpg
2026-06-24,2026-06-24 16:33:38,42,BV1Esj86xEJP,116788448728633,竟然还是PVZ大佬，钻套史蒂夫恐怖如斯【我是僵尸】,磊哥游戏,单机游戏,游戏,17,339,1168204,1713,2228,102956,8663,8640,1114,1782090000,https://www.bilibili.com/video/BV1Esj86xEJP,http://i0.hdslb.com/bfs/archive/be35d77876fe36466d7b41471927e743b5d5e6b2.jpg
2026-06-24,2026-06-24 16:33:38,43,BV1NMjt68EuL,116787526113006,《这最后几天是关键》,嘞是唐孃孃,搞笑,娱乐,138,81,2318795,1938,5750,164367,1828,7334,3312,1782036578,https://www.bilibili.com/video/BV1NMjt68EuL,http://i1.hdslb.com/bfs/archive/dc7e16c7acf08bccc36bd768ad05da4e2d8b93b8.jpg
2026-06-24,2026-06-24 16:33:38,44,BV1dTjh6dE12,116787710528262,这个骗子估计晚上睡觉都会想起那几个字，作为一个销冠必须拿的住一切,一只鱼雨鱼,喵星人,喵星人,218,182,838140,980,2540,65189,5110,17406,18824,1782039061,https://www.bilibili.com/video/BV1dTjh6dE12,http://i1.hdslb.com/bfs/archive/1055879dbcbf0390a858ca2e6557cf42cbb7f806.jpg
2026-06-24,2026-06-24 16:33:38,45,BV1c7j86wE3f,116788264306688,240天，我们用3D打印装修了一整套房子...,-LKs-,财经商业,知识,207,1054,934653,1791,6128,64536,18607,9746,3085,1782100800,https://www.bilibili.com/video/BV1c7j86wE3f,http://i2.hdslb.com/bfs/archive/ff53974d744de26472b9b4a5880fba0da618dbef.jpg
2026-06-24,2026-06-24 16:33:38,46,BV1HM7F6UE5q,116788918488583,【IEM科隆Major】FURIA vs Falcons  6月21日 总决赛,CSGO官方赛事,电子竞技,游戏,171,26533,1610486,6798,17669,36212,14797,13648,2255,1782057533,https://www.bilibili.com/video/BV1HM7F6UE5q,http://i0.hdslb.com/bfs/archive/05d78af3ff5fe3d933470ea2b430ee7ddcec81d4.jpg
2026-06-24,2026-06-24 16:33:38,47,BV1h5jb65ESM,116787006016491,【TF家族练习生】《四一有意思》11:古今雅集,TF家族,明星综合,明星综合,137,2911,1172450,463589,4904,52610,5813,23040,1215,1782038461,https://www.bilibili.com/video/BV1h5jb65ESM,http://i0.hdslb.com/bfs/archive/debf343586d1c9161d42b71d9d05a271b37b9fe4.jpg
2026-06-24,2026-06-24 16:33:38,48,BV1bwj863E1t,116788633279136,王老菊教你断剑奇侠·S3-ep01：小本买卖堂堂正正,怕上火暴王老菊,单机游戏,游戏,17,4592,814779,6889,4385,44446,35579,12213,1286,1782053692,https://www.bilibili.com/video/BV1bwj863E1t,http://i0.hdslb.com/bfs/archive/fd1f1da8d94bf5e90b57498f98bf7409929e6215.jpg
2026-06-24,2026-06-24 16:33:38,49,BV1Zkj76sE9E,116780764764913,循环歌单|【Amazon】|“上课用网名点名这一块”,蛋某人音乐,乐评盘点,音乐,243,3085,3778319,145,1025,112208,758,32002,614,1782000000,https://www.bilibili.com/video/BV1Zkj76sE9E,http://i2.hdslb.com/bfs/archive/5e883c171ad4285a070c54a5855de584777d2ae0.jpg
2026-06-24,2026-06-24 16:33:38,50,BV1iv7K6sE7F,116793280633853,当你穿越回高考出分前一天...,王维诗里的MBTI,同人·手书,动画,47,1627,864691,2887,2163,73661,5029,17456,1720,1782125276,https://www.bilibili.com/video/BV1iv7K6sE7F,http://i1.hdslb.com/bfs/archive/840a8afbe2b0b351de6994c97a45b22c11280760.jpg
2026-06-24,2026-06-24 16:33:38,51,BV1XE7N6jECG,116794052320231,【速凌宇宙】第二十一集：六人小队前往速凌宇宙！你小子吃这么好？？,高司令-速凌电竞,单机游戏,游戏,17,586,1280081,6919,1887,82038,15798,49833,849,1782136099,https://www.bilibili.com/video/BV1XE7N6jECG,http://i1.hdslb.com/bfs/archive/3c0c32500f911efd2932bb20552c86b95fc9f4a1.jpg
2026-06-24,2026-06-24 16:33:38,52,BV1NX7P6NEvm,116792190049813,“被WPS背刺了” 冲上热搜，偷偷占满C盘 批量清缓存还要收费，微博CEO王高飞：金山早已今非昔比，你把WPS当朋友 而它只是一家公司,大象新闻,社会,社会,205,34,2698976,820,6697,94653,1307,28612,8497,1782107553,https://www.bilibili.com/video/BV1NX7P6NEvm,http://i1.hdslb.com/bfs/archive/13721af1a8506e8ae8533322bd7e3b78fac0bbdd.jpg
2026-06-24,2026-06-24 16:33:38,53,BV1tN7P6TEgM,116792710137115,月薪超5w的秘密：我采访了10位高收入粉丝！他们如何做到的？,王小七Fire,社科·法律·心理,知识,124,1270,964272,704,3053,42184,1395,23835,1133,1782118800,https://www.bilibili.com/video/BV1tN7P6TEgM,http://i1.hdslb.com/bfs/archive/f2cf84e2446980e8f6b7ab08d83104c0ddae2ced.jpg
2026-06-24,2026-06-24 16:33:38,54,BV1L87w6GETp,116791669952675,NiKo是Major冠军！,DANK1NGcsgo,电子竞技,游戏,171,205,827184,494,3579,94485,2707,4945,1006,1782099793,https://www.bilibili.com/video/BV1L87w6GETp,http://i1.hdslb.com/bfs/archive/745fc0ef9451d0ab76f17e34b0cc57a843da1b8f.jpg
2026-06-24,2026-06-24 16:33:38,55,BV1Cvjk6TEB3,116778046915958,🎨要看看这样的视频才有力气讨生活【三角洲】,牧牧川,单机游戏,游戏,17,192,4553653,776,2423,330164,13585,51452,2807,1781926200,https://www.bilibili.com/video/BV1Cvjk6TEB3,http://i1.hdslb.com/bfs/archive/9c3b114670250931e6264389d05a263039d091d9.jpg
2026-06-24,2026-06-24 16:33:38,56,BV1yN7F6DEo6,116788885001914,戒社也巧哥： 也巧，妈妈在年底去世了，保险受益人是我【网络狠人102】,喵喵即正义,日常,生活,21,453,1898601,1539,2371,68497,1596,7695,1529,1782057428,https://www.bilibili.com/video/BV1yN7F6DEo6,http://i0.hdslb.com/bfs/archive/9576ea066f66457f5872da64b901e286c54a7266.jpg
2026-06-24,2026-06-24 16:33:38,57,BV1P2jt6YEn9,116787374984615,蒜苔不就是食品版的拼豆吗,周大爷不服老,搞笑,娱乐,138,30,1565616,201,552,161069,1010,11030,3346,1782034356,https://www.bilibili.com/video/BV1P2jt6YEn9,http://i0.hdslb.com/bfs/archive/7e029d35b87c4857651e3d9277b041f42ab1d866.jpg
2026-06-24,2026-06-24 16:33:38,58,BV1xo7K6gEu4,116795126127347,京剧《黑袍纠察队》适合年轻人的传统艺术,今晚不吃范,影视剪辑,影视,183,224,845153,2171,2697,53618,11864,15962,18117,1782180000,https://www.bilibili.com/video/BV1xo7K6gEu4,http://i0.hdslb.com/bfs/archive/2d21449f5bd3a08cef39bb87a9a8dbaca5fef9c9.jpg
2026-06-24,2026-06-24 16:33:38,59,BV1Rujb62EVn,116787123329993,假如你让太空死灵怀孕了！会发生什么？,爱冒险的柯基,鬼畜调教,鬼畜,22,511,731355,2310,3996,44949,6454,21261,3435,1782030295,https://www.bilibili.com/video/BV1Rujb62EVn,http://i2.hdslb.com/bfs/archive/7ed6dcbcb8086368725049e7ab5162518cf032f9.jpg
2026-06-24,2026-06-24 16:33:38,60,BV1oZjx6jEEb,116786083139031,诈骗警察这一块,源小仔,亲子,生活,254,19,1695955,92,890,177296,511,11481,741,1782014927,https://www.bilibili.com/video/BV1oZjx6jEEb,http://i1.hdslb.com/bfs/archive/aae9b4708046ce24059bb46a599fff2bce5456ee.jpg
2026-06-24,2026-06-24 16:33:38,61,BV1Tkjt6KEUd,116787358211683,当初我说假小子好 跟害你们似得,擦擦玩游戏,娱乐杂谈,娱乐杂谈,241,47,1614374,250,2208,98638,689,34719,4294,1782037800,https://www.bilibili.com/video/BV1Tkjt6KEUd,http://i1.hdslb.com/bfs/archive/e27a77e767aad466f77fd9eb5e40c492c2df80f0.jpg
2026-06-24,2026-06-24 16:33:38,62,BV1jtj86WEkW,116788348064850,“一个亿和成为大发明家你选择哪个”,听海看山的故事,科学科普,知识,201,56,943087,238,1170,125323,2433,24527,447,1782066780,https://www.bilibili.com/video/BV1jtj86WEkW,http://i2.hdslb.com/bfs/archive/a398a44c5d4fe94bca7cfaccb80538d8cc717dc4.jpg
2026-06-24,2026-06-24 16:33:38,63,BV1o5jv6qExG,116774473303913,巴啦啦小魔仙—芮闪的帽子,-蒋-丞-_,搞笑,娱乐,138,187,1932011,4151,9757,124785,11325,15374,34033,1781837618,https://www.bilibili.com/video/BV1o5jv6qExG,http://i0.hdslb.com/bfs/archive/1081baa744ad129c3d34a1108a6eee3ea0287965.jpg
2026-06-24,2026-06-24 16:33:38,64,BV15fj26TEfG,116798783491565,对喷高市早苗，惹怒梅洛尼，万税爷G7峰会大显魅力,麻薯波比呀,社科·法律·心理,知识,124,1004,1111135,6293,2553,67033,8912,8365,1134,1782208425,https://www.bilibili.com/video/BV15fj26TEfG,http://i0.hdslb.com/bfs/archive/ecd4f68082a94dfd301727dfb3a82c7e3c85b6d4.jpg
2026-06-24,2026-06-24 16:33:38,65,BV1adjJ6sE1D,116781721193950,大学禁止和课本谈恋爱！！！,快乐的台长,日常,生活,21,335,1798443,1875,2055,186165,6691,49361,6214,1781948457,https://www.bilibili.com/video/BV1adjJ6sE1D,http://i1.hdslb.com/bfs/archive/a6efce7bf64d83e1007d6f491da2e923dc3d746c.jpg
2026-06-24,2026-06-24 16:33:38,66,BV1JLjt69EEa,116787442091412,你 叫 不 过 我 你 信 吗,萝太永不破防,手机游戏,游戏,172,427,1689899,1617,1719,58101,3371,8126,6713,1782035250,https://www.bilibili.com/video/BV1JLjt69EEa,http://i1.hdslb.com/bfs/archive/2234ba26398df66e905125ae277c21023a81127b.jpg
2026-06-24,2026-06-24 16:33:38,67,BV1cXjt6bE87,116787307875692,坏人绞尽脑汁，不如蠢人灵机一动！,没脸鉴车,汽车生活,汽车,176,378,1601764,6641,3467,68810,638,5851,803,1782036000,https://www.bilibili.com/video/BV1cXjt6bE87,http://i0.hdslb.com/bfs/archive/33e74ffe6af8e03fe49b8719ed6b0a1b835105c1.jpg
2026-06-24,2026-06-24 16:33:38,68,BV12Gjn6kEP6,116781335187792,一个环艺老学长的填志愿忏悔录！,是莫叔叔吗,搞笑,娱乐,138,361,1818315,786,3969,214200,1310,20065,1750,1781942826,https://www.bilibili.com/video/BV12Gjn6kEP6,http://i0.hdslb.com/bfs/archive/814cbb7312342c2b6cc7179ae6a82b9e23ee79af.jpg
2026-06-24,2026-06-24 16:33:38,69,BV1MC7w6YEqD,116791183413442,【每日CS】八年，足够让少年将胡须长满脸庞，也足够让故事从波士顿写到科隆。【NiKo圆梦MAJOR】,每日CS2,电子竞技,游戏,171,106,992221,1953,4806,90756,10955,9774,1749,1782092448,https://www.bilibili.com/video/BV1MC7w6YEqD,http://i0.hdslb.com/bfs/archive/2ff084e8080bb6dd94697f28199df58cadd11b35.jpg
2026-06-24,2026-06-24 16:33:38,70,BV1Lv7K6sE8y,116793280569314,肉包铁面对重卡为何不避？因为不怕吗,大山车改,改装玩车,改装玩车,246,415,2302750,5119,5056,85774,606,8921,2367,1782124386,https://www.bilibili.com/video/BV1Lv7K6sE8y,http://i1.hdslb.com/bfs/archive/a537985322b8c2b11004f2c504d1cce1f8c5f581.jpg
2026-06-24,2026-06-24 16:33:38,71,BV19L7N6EE2p,116793884548835,我16岁开发的神人游戏火了？,何物治愈你白发,单机游戏,游戏,17,140,461307,443,682,88406,3518,19666,697,1782133488,https://www.bilibili.com/video/BV19L7N6EE2p,http://i2.hdslb.com/bfs/archive/959e8cd67e41c4925c6bd3ebf4d56ac33a7fecd7.jpg
2026-06-24,2026-06-24 16:33:38,72,BV1Tm7P6BEwp,116791971939765,不会只有我高考被骗了吧！,马统君-,搞笑,娱乐,138,250,936059,1168,789,110065,459,8725,246,1782105355,https://www.bilibili.com/video/BV1Tm7P6BEwp,http://i2.hdslb.com/bfs/archive/81851834783a838d4260d7be7c40b7874cd1cf78.jpg
2026-06-24,2026-06-24 16:33:38,73,BV1jJ7F63Eyn,116790680094049,🏆🦅“猎鹰夺冠！看哭100亿鹰美”🦅🏆,Chamri_Channel,电子竞技,游戏,171,211,626176,1315,2918,58543,16491,10133,4560,1782084900,https://www.bilibili.com/video/BV1jJ7F63Eyn,http://i0.hdslb.com/bfs/archive/0b6d6c05c3f1294ab0ea25c1c059076dc52bb3f1.jpg
2026-06-24,2026-06-24 16:33:38,74,BV1LNj46kEJu,116786267754544,假如踢足球没有规则,阿君AI小剧场,足球,足球,249,173,982952,508,661,89072,745,6537,2364,1782025200,https://www.bilibili.com/video/BV1LNj46kEJu,http://i1.hdslb.com/bfs/archive/412542add5f182c307bcd31f38b9325b5ec3f06b.jpg
2026-06-24,2026-06-24 16:33:38,75,BV19ujb62EDf,116787123330784,第2集丨“天才在左，蜂子在右”,是DollDoll,影视剪辑,影视,183,100,1333494,104,400,88926,2787,20804,812,1782037500,https://www.bilibili.com/video/BV19ujb62EDf,http://i0.hdslb.com/bfs/archive/28c8cd83f04922479a48cc20d050804b62b2e792.jpg
2026-06-24,2026-06-24 16:33:38,76,BV1d8jC6bEBv,116779858791895,“那是我等待了一生的巨浪”【Changes-Remix】【不屈の小曲】,早睡起大王,音乐综合,音乐,130,163,1348091,224,1213,104409,1614,20118,643,1781920800,https://www.bilibili.com/video/BV1d8jC6bEBv,http://i1.hdslb.com/bfs/archive/73e76ff035bf2f87e78755842d288667e7426dae.jpg
2026-06-24,2026-06-24 16:33:38,77,BV1uu7K6VEAz,116793565910251,【科隆Major  数据雷达图】破除决赛魔咒！Niko终终终于圆梦了!,神秘猫头鹰,电子竞技,游戏,171,397,799311,6505,5734,40505,18835,10381,3169,1782128652,https://www.bilibili.com/video/BV1uu7K6VEAz,http://i0.hdslb.com/bfs/archive/4ebb1a4435cf6438ddd9e2d66125f692143431ad.jpg
2026-06-24,2026-06-24 16:33:38,78,BV1EFjb69E6W,116786888515150,你给水里加东西了？,技能多娇,搞笑,娱乐,138,112,2237534,641,1546,121286,1035,13119,1235,1782026761,https://www.bilibili.com/video/BV1EFjb69E6W,http://i0.hdslb.com/bfs/archive/64d5baf00ab9150322065ea0d8e45c481827925a.jpg
2026-06-24,2026-06-24 16:33:38,79,BV1uPjr6zEck,116777090552204,老游戏的BOSS战设计，现在重玩依旧震撼...《战神3》,一口深井GameWell,单机游戏,游戏,17,459,1643940,1114,1322,56452,958,7234,678,1782122400,https://www.bilibili.com/video/BV1uPjr6zEck,http://i2.hdslb.com/bfs/archive/6c02efc613fd29448198019076ab38700d748306.jpg
2026-06-24,2026-06-24 16:33:38,80,BV1XGjb6yE4x,116787022667386,如果爱昴天团看到了死归全过程【4】,生锈的包子,综合,综合,27,356,848769,1774,3055,51447,11146,13146,1054,1782028719,https://www.bilibili.com/video/BV1XGjb6yE4x,http://i1.hdslb.com/bfs/archive/9ed4171a3dc15fde30421516d3366a0239feeda6.jpg
2026-06-24,2026-06-24 16:33:38,81,BV15Qj66mE5z,116776956336801,快乐 童年,榴莲阿呀,搞笑,娱乐,138,538,6252753,11204,12914,358570,90415,151675,6372,1781875232,https://www.bilibili.com/video/BV15Qj66mE5z,http://i1.hdslb.com/bfs/archive/fd70d470e4de0758969faf57cfd3f789c6e5e222.jpg
2026-06-24,2026-06-24 16:33:38,82,BV1LR7N6XE4J,116793381362656,烽火地带新地图【AZ3】实录｜6月26日，直面抉择！,三角洲行动,GMV,GMV,121,214,1241386,913,2696,72377,2543,17171,2202,1782127800,https://www.bilibili.com/video/BV1LR7N6XE4J,http://i1.hdslb.com/bfs/archive/c630408f9370df52fbbde0d944cb4021935d44d5.jpg
2026-06-24,2026-06-24 16:33:38,83,BV1w37w6xEkp,116791871409819,“先把你的事办完再过来，孩子在这里安全得很！”孩子意外走失，民警妥善看护，宽慰母亲完成工作再前来。为暖心民警点赞！,人民日报,日常,生活,21,47,2049052,265,3971,143383,1922,3484,857,1782102733,https://www.bilibili.com/video/BV1w37w6xEkp,http://i2.hdslb.com/bfs/archive/312722b70957153834dbc9eeec2869efbb2ad1ac.jpg
2026-06-24,2026-06-24 16:33:38,84,BV1sH7g6SEJs,116797239987021,【IGN】《释放阿凡达》实机预告,IGN中国,单机游戏,游戏,17,290,1520801,4268,7252,60152,1437,4944,36370,1782185107,https://www.bilibili.com/video/BV1sH7g6SEJs,http://i0.hdslb.com/bfs/archive/366aa179c7c47ffffd547c0c8a09d9b1ef68d6b6.jpg
2026-06-24,2026-06-24 16:33:38,85,BV1CvLo6zEBt,116766386688462,大 周 礼 时 代(2),诸葛皮皮9527,小剧场,娱乐,85,69,1406079,589,3239,108489,3718,14159,4161,1782032400,https://www.bilibili.com/video/BV1CvLo6zEBt,http://i0.hdslb.com/bfs/archive/b380d30508b4a84e8f5ba2490b3ff35d1367616a.jpg
2026-06-24,2026-06-24 16:33:38,86,BV1By7A6DEou,116792928243824,吃了3年的饺子馆要关门，最后去吃一顿，结果没想到...,盗月社食遇记,美食侦探,美食,212,993,814796,2153,1665,47587,36801,7737,1344,1782118881,https://www.bilibili.com/video/BV1By7A6DEou,http://i2.hdslb.com/bfs/archive/437a52c58717d2ecbae4e796e590e5fd9315a4b9.jpg
2026-06-24,2026-06-24 16:33:38,87,BV1wjjr6hEAR,116778835378560,#手工制作绘本 我的第三本《拥有神笔的马户》 #改编 #寓言故事 #原创绘画 #爱是什么,XS王棕棕,绘画,绘画,162,205,751295,442,1352,98718,11932,15724,2672,1781903756,https://www.bilibili.com/video/BV1wjjr6hEAR,http://i1.hdslb.com/bfs/archive/5b6cd6fe529e649ea4a3ff642bddca6e43a945dc.jpg
2026-06-24,2026-06-24 16:33:38,88,BV1oDjH6vEGL,116782408927320,很多朋友好奇我的心理健康问题，说画的太压抑了，是不是抑郁了？有没有一种可能是画面里的内容过于真实了呢？,光光的小展厅,绘画,绘画,162,60,2070648,647,2849,145327,2080,10910,885,1781958374,https://www.bilibili.com/video/BV1oDjH6vEGL,http://i2.hdslb.com/bfs/archive/7c3805038944d1c94ae741d6b67a9e9dc72e1cdd.jpg
2026-06-24,2026-06-24 16:33:38,89,BV1qZ7u6KECb,116795360943963,恭喜你，你的手术结束了！,小强人不错,搞笑,娱乐,138,176,430023,507,1089,69691,3765,15039,2902,1782155948,https://www.bilibili.com/video/BV1qZ7u6KECb,http://i2.hdslb.com/bfs/archive/12f7304923ad83211bfbcd438ed0e189de9d0f44.jpg
2026-06-24,2026-06-24 16:33:38,90,BV18q7w6qEYQ,116791250585021,4年前接住女童男子又跳海救人 ：脚底被缝了十几针，手机彻底报废,九派新闻,社会,社会,205,35,737852,952,4466,148459,4908,3050,396,1782093346,https://www.bilibili.com/video/BV18q7w6qEYQ,http://i1.hdslb.com/bfs/archive/f6bb34b8dcd2d891122a19c46f224d3651a74c2c.jpg
2026-06-24,2026-06-24 16:33:38,91,BV1N1jt6PE4a,116787391761068,【STN快报第8.5季10】ff7重制版制作人：主播毁掉了rpg游戏！,STN工作室,单机游戏,游戏,17,1491,697202,9091,2369,46531,22411,8380,1305,1782034990,https://www.bilibili.com/video/BV1N1jt6PE4a,http://i1.hdslb.com/bfs/archive/ca0c5c94fae0d16bbb08e1464f9362b2eb0e81b7.jpg
2026-06-24,2026-06-24 16:33:38,92,BV1FFjh6aEnj,116787794414443,报告！今天没有丢失妙脆角,待到春来冬夏去,绘画,绘画,162,18,557687,211,1257,106305,3257,26879,3817,1782040450,https://www.bilibili.com/video/BV1FFjh6aEnj,http://i0.hdslb.com/bfs/archive/8c9e707156f2046f16fead52461fcef93037b9c6.jpg
2026-06-24,2026-06-24 16:33:38,93,BV1XX7c6qEKk,116791804239418,一碗潮汕猪脚饭，差点给我吃破产#日常vlog,演员王宁,美食记录,美食,215,338,1331183,2325,1933,65148,1775,3071,2249,1782117000,https://www.bilibili.com/video/BV1XX7c6qEKk,http://i2.hdslb.com/bfs/archive/6ebf37f9769e679fa36da9b75eb075f2ce2c3217.jpg
2026-06-24,2026-06-24 16:33:38,94,BV1Wej66FEnX,116777426096188,我来到了mc虚空的最深处？！,Super橘星,单机游戏,游戏,17,1217,656291,2120,1187,85689,6515,28676,693,1781882664,https://www.bilibili.com/video/BV1Wej66FEnX,http://i2.hdslb.com/bfs/archive/42570f2c3101c029882b69fb03c35e7e4e462b70.jpg
2026-06-24,2026-06-24 16:33:38,95,BV1MD7K65EDz,116794924734203,🦐父亲节快乐，NIKO🦐,一袋鸽,鬼畜剧场,鬼畜剧场,216,131,1285575,695,2148,74838,3343,6850,12820,1782149505,https://www.bilibili.com/video/BV1MD7K65EDz,http://i0.hdslb.com/bfs/archive/c1d7a6704110dd423ead05bed8b99ce3ecec1c24.jpg
2026-06-24,2026-06-24 16:33:38,96,BV1ad7c6vEwF,116791703507259,这职业选手有力气——科隆Major特别篇final,CSGO国服,电子竞技,游戏,171,215,664990,896,1953,63229,3590,9037,2464,1782100059,https://www.bilibili.com/video/BV1ad7c6vEwF,http://i2.hdslb.com/bfs/archive/babf15ac684cf3a24c9e37216df1afce61a2a935.jpg
2026-06-24,2026-06-24 16:33:38,97,BV1Hkjy6gEcm,116798397615623,🦐坦坦荡荡见自己🦐,SauceSoy,电子竞技,游戏,171,143,758536,306,1782,71886,6610,9002,3483,1782202314,https://www.bilibili.com/video/BV1Hkjy6gEcm,http://i2.hdslb.com/bfs/archive/61ff0098cc6142d6a7fa7b8a55ebad4b1a0238c0.jpg
2026-06-24,2026-06-24 16:33:38,98,BV1tc7w6wEEx,116791921608066,最吃公式化打法的游戏来了,Toaster_ok,单机游戏,游戏,17,96,829985,221,1983,72916,1133,20552,16864,1782103542,https://www.bilibili.com/video/BV1tc7w6wEEx,http://i0.hdslb.com/bfs/archive/554a19e87a033c94858a89cf025405db1109dd5a.jpg
2026-06-24,2026-06-24 16:33:38,99,BV1ZC7A6HEkx,116793012192528,在中国最复杂的山系徒步2天1夜，终于明白横断山脉为什么这么特殊…,超Carry的柴西,出行,生活,250,1645,876990,2816,1338,34952,18536,11685,3135,1782123412,https://www.bilibili.com/video/BV1ZC7A6HEkx,http://i1.hdslb.com/bfs/archive/c97c2766bf0b54d1bfadae5443a2394873528b9c.jpg
2026-06-24,2026-06-24 16:33:38,100,BV1MJj46AEX8,116785915433448,勃然大怒：以色列大使怒斥“闭嘴”“滚粗”，副球长病遁跑路,小Q不是导盲犬,社科·法律·心理,知识,124,1046,1568445,11564,5192,66629,10025,11916,3666,1782012063,https://www.bilibili.com/video/BV1MJj46AEX8,http://i1.hdslb.com/bfs/archive/5944656bc047407b9fce3d737d9e9070d35b84a1.jpg
2026-06-24,2026-06-24 20:01:43,1,BV1QSjm6wEBT,116800310222810,【NiKo】谢谢你们❤️,FLC_NiKo,电子竞技,游戏,171,178,1812157,8865,16696,332276,155768,46749,18220,1782231642,https://www.bilibili.com/video/BV1QSjm6wEBT,http://i1.hdslb.com/bfs/archive/5eba21c7f44eca57653f834c2e5f479dcd041341.jpg
2026-06-24,2026-06-24 20:01:43,2,BV1fJjE6FEqW,116780630609640,《崩坏：因缘精灵》进化PV：直至遇见它,崩坏因缘精灵,手机游戏,游戏,172,351,2645249,23585,30225,195088,74849,40220,51660,1782100800,https://www.bilibili.com/video/BV1fJjE6FEqW,http://i2.hdslb.com/bfs/archive/29e4ee8844cb4d82aefa07d1011ad4438da2c9c3.jpg
2026-06-24,2026-06-24 20:01:43,3,BV1X37c6vEcB,116790311001648,“终有一天，我会成为MAJOR冠军！”——NIKO圆梦科隆Major！,AYCS2,网络游戏,游戏,65,298,3291003,1992,15485,186232,83216,43684,11459,1782078868,https://www.bilibili.com/video/BV1X37c6vEcB,http://i2.hdslb.com/bfs/archive/1bdd25e9721279f6870ec585223314be1d06890f.jpg
2026-06-24,2026-06-24 20:01:43,4,BV1xX7P6NEsJ,116792190114788,外星人来地球了！但迟到了那么一小会......,张拉灯,同人·手书,动画,47,183,1737304,1270,4976,225740,52108,49542,15021,1782107634,https://www.bilibili.com/video/BV1xX7P6NEsJ,http://i0.hdslb.com/bfs/archive/865ebc3a306d1ad3441c8514ae8f78cb14caa1a8.jpg
2026-06-24,2026-06-24 20:01:43,5,BV19Kjf6cEh8,116789337921082,【泰拉瑞亚】32位计算机电路 RISC-V CPU 348KHz,混乱沉睡,单机游戏,游戏,17,639,2263821,1895,4464,190650,59816,54654,24240,1782063994,https://www.bilibili.com/video/BV19Kjf6cEh8,http://i0.hdslb.com/bfs/archive/751337b64ce9f1f12d3979dbe8e54d4c29c91459.jpg
2026-06-24,2026-06-24 20:01:43,6,BV1617N6ZEua,116793817436382,⚡对 对 子 战 神（特别篇）⚡,洛温阿特金森,鬼畜剧场,鬼畜剧场,216,160,1971020,4756,5665,223889,52072,45295,9578,1782181800,https://www.bilibili.com/video/BV1617N6ZEua,http://i2.hdslb.com/bfs/archive/ceeb9b9f2efed76ba9b7175a5fc336140a78d90b.jpg
2026-06-24,2026-06-24 20:01:43,7,BV1g7jJ6nE1E,116782207602137,“入室抢劫般的队友”,胡胡不胡o,日常,生活,21,363,4115910,2235,5119,263610,15249,34620,11817,1781955576,https://www.bilibili.com/video/BV1g7jJ6nE1E,http://i2.hdslb.com/bfs/archive/9b3e18bf8311f44867bcc78534904eb86d1072c4.jpg
2026-06-24,2026-06-24 20:01:43,8,BV1wE7P6bESL,116792357950508,真开上机甲了？影视飓风1600万粉丝Q&A！,影视飓风,数码,科技,95,1032,1812894,31462,8580,179560,77229,27386,10796,1782118800,https://www.bilibili.com/video/BV1wE7P6bESL,http://i0.hdslb.com/bfs/archive/1557911f2cecfc9aab972adad15e9a6c51ecd954.jpg
2026-06-24,2026-06-24 20:01:43,9,BV1Z27A6JEjM,116792911534635,今年干的最牛的事！你们的导航软件还有广告吗？,销冠李老板,日常,生活,21,45,2155599,14766,16761,328058,70258,15856,8526,1782118587,https://www.bilibili.com/video/BV1Z27A6JEjM,http://i1.hdslb.com/bfs/archive/26ab151e43194f7ee490c739829559cb8b40b254.jpg
2026-06-24,2026-06-24 20:01:43,10,BV1Bq7c6mEr6,116790025783520,佩洛伊斯什么时候逃离原生家庭？,鼎芸,同人·手书,动画,47,282,1355347,593,1672,183052,15658,36835,3551,1782086400,https://www.bilibili.com/video/BV1Bq7c6mEr6,http://i2.hdslb.com/bfs/archive/a0094b395427b8157e591144aef2bf0f73071d6b.jpg
2026-06-24,2026-06-24 20:01:43,11,BV1xXjn6LEwc,116783247787866,人，停下！,幸仁儿鲨,绘画,绘画,162,475,1459264,11980,10746,180335,60428,75346,6175,1781971350,https://www.bilibili.com/video/BV1xXjn6LEwc,http://i2.hdslb.com/bfs/archive/cfe6b10df7f5630e9cb80f9edffe4b9a15c6024a.jpg
2026-06-24,2026-06-24 20:01:43,12,BV1zb7K6bEiA,116793079304242,有能的阿伟,神威-狗剩,影视剪辑,影视,183,137,3027888,2506,4124,193339,8762,30528,19044,1782121085,https://www.bilibili.com/video/BV1zb7K6bEiA,http://i1.hdslb.com/bfs/archive/536a424c8dd8c9f5672ffd9f7bd0669c4b6598e5.jpg
2026-06-24,2026-06-24 20:01:43,13,BV12t7A6YEvx,116792844558250,《阴阳师》毗沙门天CG丨金砂福威（CV：福西胜也）,网易阴阳师手游,手机游戏,游戏,172,210,1392487,1663,3554,74955,64047,53659,27081,1782117740,https://www.bilibili.com/video/BV12t7A6YEvx,http://i1.hdslb.com/bfs/archive/0da370078c072e00ce00a245313679b7eda4c1a4.jpg
2026-06-24,2026-06-24 20:01:43,14,BV19Q7c6MEGd,116791821015845,为什么要有女朋友,叶玲秋雨,手机游戏,游戏,172,107,1347175,872,5150,152240,28360,38417,8913,1782124200,https://www.bilibili.com/video/BV19Q7c6MEGd,http://i1.hdslb.com/bfs/archive/bc8cea1d92987e28da5f6565f67bee6348114e25.jpg
2026-06-24,2026-06-24 20:01:43,15,BV1vSjb6JEjz,116788499062621,他的麦田要一株株手拔！整整20年！农村老人自己搞育种！【主播说三农】,央视农业,三农,生活,251,182,1148370,1802,3284,161760,16659,7995,1808,1782051197,https://www.bilibili.com/video/BV1vSjb6JEjz,http://i2.hdslb.com/bfs/archive/e57c7e322be6be3edc3ae557f0d07d5b579378dd.jpg
2026-06-24,2026-06-24 20:01:43,16,BV16Sj26VEaP,116799085545461,锦衣卫们 这次真的需要你了,的鹅德-重八,搞笑,娱乐,138,72,1064280,1067,2722,217664,175687,15728,1640,1782213138,https://www.bilibili.com/video/BV16Sj26VEaP,http://i0.hdslb.com/bfs/archive/d708ee181281e844e239d7ce765dc3cf6d57ff2d.jpg
2026-06-24,2026-06-24 20:01:43,17,BV1oTjk6xEea,116778281796886,我发誓这是我看过最震撼的漫展爬台变装演唱！！,夏旬Natsuki,翻唱,音乐,31,84,6199687,1725,6342,708255,56225,80785,10496,1781947800,https://www.bilibili.com/video/BV1oTjk6xEea,http://i0.hdslb.com/bfs/archive/c937405b0e26e4652af142f494911c0cf97d0f26.jpg
2026-06-24,2026-06-24 20:01:43,18,BV1DG7g6dEAZ,116797273612065,真正的艺术！,_离咕咕,网络游戏,游戏,65,118,2627998,452,1075,173150,2045,18738,8617,1782185063,https://www.bilibili.com/video/BV1DG7g6dEAZ,http://i0.hdslb.com/bfs/archive/ebcdeede639e208ff67e74920adda2d151d982e4.jpg
2026-06-24,2026-06-24 20:01:43,19,BV1HL7P68EQ6,116792324262652,甄嬛多动症版,泰裤辣C总,影视杂谈,影视,182,186,2465021,1369,1824,95206,12369,19650,25307,1782109865,https://www.bilibili.com/video/BV1HL7P68EQ6,http://i1.hdslb.com/bfs/archive/a4ae243f9a5a083559afb430928f693d5674eab1.jpg
2026-06-24,2026-06-24 20:01:43,20,BV1HyjH66EWe,116782744539240,🥕躲在超市后门吃萝卜的越狱兔🥕,天鹅绒寝室长,日常,生活,21,163,1314906,696,2034,122028,24669,24194,9696,1782012600,https://www.bilibili.com/video/BV1HyjH66EWe,http://i0.hdslb.com/bfs/archive/09fc4d6424dd8439d4afdd0aba7821c59f3f1f7b.jpg
2026-06-24,2026-06-24 20:01:43,21,BV1JK7N6xEtw,116793918165295,秦始皇：你说徭役徭是吧？,清风最梦,明星综合,明星综合,137,70,3356296,9439,12095,372470,41927,133243,82662,1782133852,https://www.bilibili.com/video/BV1JK7N6xEtw,http://i1.hdslb.com/bfs/archive/96932ddc2788a5657b0b9ed1f62f4960eb835b2a.jpg
2026-06-24,2026-06-24 20:01:43,22,BV1Qg7c6KE9V,116790126447382,《后悔の保安》,伤心欲茄222,搞笑,娱乐,138,95,4768881,1743,7332,342216,11032,19413,9585,1782100800,https://www.bilibili.com/video/BV1Qg7c6KE9V,http://i0.hdslb.com/bfs/archive/212c2d91a9cd193c0394ddb4757b5b9fa498c675.jpg
2026-06-24,2026-06-24 20:01:43,23,BV1PyjZ6jEc1,116789774131069,来自Major冠军的信息：中国粉丝们，你们是这成功的一部分,IEM成都,电子竞技,游戏,171,35,2703292,6947,14155,315808,48091,29130,16646,1782070680,https://www.bilibili.com/video/BV1PyjZ6jEc1,http://i0.hdslb.com/bfs/archive/b8bcc4897c74fb3389c187ade722f33aa86faad3.jpg
2026-06-24,2026-06-24 20:01:43,24,BV1RGjh6pEbo,116787928637352,看看假货最多的地方#食品安全#假货,陈大成bili,美食记录,美食,215,153,1690163,1424,4387,116198,10679,23474,16592,1782043550,https://www.bilibili.com/video/BV1RGjh6pEbo,http://i0.hdslb.com/bfs/archive/75cc77cd07b6561a7faabcdecf6d091ab267d77a.jpg
2026-06-24,2026-06-24 20:01:43,25,BV1rvjb6fEKU,116786838112232,什么叫人类最强的去当魔王是为了平衡战力？,Mr-Ferret,绘画,绘画,162,133,2195385,646,1518,163877,2516,22477,5301,1782026099,https://www.bilibili.com/video/BV1rvjb6fEKU,http://i2.hdslb.com/bfs/archive/8042679d5e89cf7eb377c7a1f277dc696d63f7ca.jpg
2026-06-24,2026-06-24 20:01:43,26,BV1bdj46qEwz,116785781149073,同性恋不能生孩子，为什么没有被自然选择淘汰？,李论科学,科学科普,知识,201,316,1529305,1566,7895,115532,7869,22839,9516,1782009804,https://www.bilibili.com/video/BV1bdj46qEwz,http://i0.hdslb.com/bfs/archive/3d99731ee829b980c39b3c8f69e740d5583cb1f3.jpg
2026-06-24,2026-06-24 20:01:43,27,BV1FX7F6UE8f,116790512322760,原来男生也可以收到惊喜和花,特工001k,搞笑,娱乐,138,246,808515,5023,8298,104317,11001,13770,9290,1782082060,https://www.bilibili.com/video/BV1FX7F6UE8f,http://i0.hdslb.com/bfs/archive/14a3bd87a8f978d732e2e7b0f76e39a30509a52b.jpg
2026-06-24,2026-06-24 20:01:43,28,BV1WFjW6EEMQ,116783734328117,《独家记忆》,王濛,明星综合,明星综合,137,320,2032981,24413,32629,95527,91220,27032,12243,1781978557,https://www.bilibili.com/video/BV1WFjW6EEMQ,http://i1.hdslb.com/bfs/archive/7d952ec82a9aaf29c190029494576c283ac9ffd5.jpg
2026-06-24,2026-06-24 20:01:43,29,BV1kGjt6dECk,116787408605658,萧敬腾首次公开的秘密:我曾讨厌自己的声音。丨HOPICOx萧敬腾 对谈50分,HOPICO,乐评盘点,音乐,243,2952,4229147,2113,1967,63081,6488,11681,1646,1782120600,https://www.bilibili.com/video/BV1kGjt6dECk,http://i1.hdslb.com/bfs/archive/cefd9b1202147b34dad1ac9b56f937c441981a30.jpg
2026-06-24,2026-06-24 20:01:43,30,BV1UWLf6REiz,116769154928275,鲁豫对话蔡磊 段睿：只要不放弃，四面八方都是前方 | 陈鲁豫·慢谈EP20【视频播客】,陈鲁豫-慢谈,人文历史,知识,228,7111,4372688,4183,2356,49091,24378,21549,14951,1782014400,https://www.bilibili.com/video/BV1UWLf6REiz,http://i2.hdslb.com/bfs/archive/900fae2889a18a54362f333d8db2c33ce5d12328.jpg
2026-06-24,2026-06-24 20:01:43,31,BV1pL7P68EU9,116792324267633,“法不能向不法让步.”,我爱吃派大星,音乐综合,音乐,130,304,1007175,140,1127,112913,3712,20626,1091,1782174000,https://www.bilibili.com/video/BV1pL7P68EU9,http://i0.hdslb.com/bfs/archive/ebf1c45647b877bd74f9da8bce93bb3bad4ae03d.jpg
2026-06-24,2026-06-24 20:01:43,32,BV1cf7P6cE4X,116792122937064,抽象新闻：6月人类迷惑行为大赏（中）,我是M菌,搞笑,娱乐,138,686,2006527,7553,7320,94014,3023,12422,14899,1782122400,https://www.bilibili.com/video/BV1cf7P6cE4X,http://i1.hdslb.com/bfs/archive/1e73ebff0890cf6b29774a230e8178553e826572.jpg
2026-06-24,2026-06-24 20:01:43,33,BV1JKjH6iE6y,116782895470334,多少年了，人们还记得你真实的样子吗？,何大爷课堂,人文历史,知识,228,218,4671738,677,4283,292010,9806,19636,2048,1781965957,https://www.bilibili.com/video/BV1JKjH6iE6y,http://i1.hdslb.com/bfs/archive/ce0fa067f5c90abd4ceb01108697be8f556ecd57.jpg
2026-06-24,2026-06-24 20:01:43,34,BV1fLjt69ERX,116787442223218,【Reaction】穷人永远接触不到的场景,沙雕网友咸叽叽,乐评盘点,音乐,243,172,2054932,2506,7333,125116,1765,7441,1306,1782035106,https://www.bilibili.com/video/BV1fLjt69ERX,http://i1.hdslb.com/bfs/archive/1a8dcea2f814b644570e01fcba31c46109631c89.jpg
2026-06-24,2026-06-24 20:01:43,35,BV1QW7T6DEy9,116794891180777,用高坚果玩多米诺骨牌！！？,咸威化,单机游戏,游戏,17,167,1815826,694,1081,106893,4285,9665,1379,1782183600,https://www.bilibili.com/video/BV1QW7T6DEy9,http://i2.hdslb.com/bfs/archive/ec56dd0558e9f234f7badd5c93a10a7b2d8402ae.jpg
2026-06-24,2026-06-24 20:01:43,36,BV1137P6AEmk,116792643099638,当我被逼替家人还债。#还债#内容过于真实#一定要看到最后#反转,暴走黄老板,搞笑,娱乐,138,82,1147463,135,1371,113182,2068,51870,664,1782125460,https://www.bilibili.com/video/BV1137P6AEmk,http://i1.hdslb.com/bfs/archive/a4b77c076722723b689afeaa25c3d13b0426ce03.jpg
2026-06-24,2026-06-24 20:01:43,37,BV1K3jn65ECR,116781352032938,躲在超市后门智斗的二人,沃滋基-尼,综合,综合,27,92,2219116,5093,6776,243385,18659,61827,30514,1781942609,https://www.bilibili.com/video/BV1K3jn65ECR,http://i0.hdslb.com/bfs/archive/bdab827cde03d4f1eddf9ceb001b20129cc95c54.jpg
2026-06-24,2026-06-24 20:01:43,38,BV1c7j86wE3f,116788264306688,240天，我们用3D打印装修了一整套房子...,-LKs-,财经商业,知识,207,1054,1028779,1855,6394,71184,19295,10662,3241,1782100800,https://www.bilibili.com/video/BV1c7j86wE3f,http://i2.hdslb.com/bfs/archive/ff53974d744de26472b9b4a5880fba0da618dbef.jpg
2026-06-24,2026-06-24 20:01:43,39,BV1Esj86xEJP,116788448728633,竟然还是PVZ大佬，钻套史蒂夫恐怖如斯【我是僵尸】,磊哥游戏,单机游戏,游戏,17,339,1199700,1722,2245,104807,8764,8796,1140,1782090000,https://www.bilibili.com/video/BV1Esj86xEJP,http://i0.hdslb.com/bfs/archive/be35d77876fe36466d7b41471927e743b5d5e6b2.jpg
2026-06-24,2026-06-24 20:01:43,40,BV1iv7K6sE7F,116793280633853,当你穿越回高考出分前一天...,王维诗里的MBTI,同人·手书,动画,47,1627,954725,3264,2256,80714,5390,19713,1846,1782125276,https://www.bilibili.com/video/BV1iv7K6sE7F,http://i1.hdslb.com/bfs/archive/840a8afbe2b0b351de6994c97a45b22c11280760.jpg
2026-06-24,2026-06-24 20:01:43,41,BV1xo7K6gEu4,116795126127347,京剧《黑袍纠察队》适合年轻人的传统艺术,今晚不吃范,影视剪辑,影视,183,224,949076,2428,3081,60459,13395,17935,20387,1782180000,https://www.bilibili.com/video/BV1xo7K6gEu4,http://i0.hdslb.com/bfs/archive/2d21449f5bd3a08cef39bb87a9a8dbaca5fef9c9.jpg
2026-06-24,2026-06-24 20:01:43,42,BV1usjH6WEoz,116782694139715,曾沛慈｜《怎么说我不爱你》舞台,曾沛慈_TsengPets,明星综合,明星综合,137,279,2558593,26268,31125,106706,85572,40152,18670,1781962856,https://www.bilibili.com/video/BV1usjH6WEoz,http://i0.hdslb.com/bfs/archive/bb4c91ef35acc1e06800c178e2600fd8d5509e78.jpg
2026-06-24,2026-06-24 20:01:43,43,BV1fFjb6XEg1,116786888449719,桑葚与桑树活在地球是屈才了,小时好食禄,科学科普,知识,201,315,2196959,2067,5745,91615,8041,48188,6175,1782034200,https://www.bilibili.com/video/BV1fFjb6XEg1,http://i0.hdslb.com/bfs/archive/0ea9d26a19b0ab1267f1aba35320f97f4f0d6b6c.jpg
2026-06-24,2026-06-24 20:01:43,44,BV1tN7P6TEgM,116792710137115,月薪超5w的秘密：我采访了10位高收入粉丝！他们如何做到的？,王小七Fire,社科·法律·心理,知识,124,1270,1044346,754,3356,44629,1479,25672,1237,1782118800,https://www.bilibili.com/video/BV1tN7P6TEgM,http://i1.hdslb.com/bfs/archive/f2cf84e2446980e8f6b7ab08d83104c0ddae2ced.jpg
2026-06-24,2026-06-24 20:01:43,45,BV1HM7F6UE5q,116788918488583,【IEM科隆Major】FURIA vs Falcons  6月21日 总决赛,CSGO官方赛事,电子竞技,游戏,171,26533,1635706,6881,17799,36722,14962,13809,2289,1782057533,https://www.bilibili.com/video/BV1HM7F6UE5q,http://i0.hdslb.com/bfs/archive/05d78af3ff5fe3d933470ea2b430ee7ddcec81d4.jpg
2026-06-24,2026-06-24 20:01:43,46,BV1bwj863E1t,116788633279136,王老菊教你断剑奇侠·S3-ep01：小本买卖堂堂正正,怕上火暴王老菊,单机游戏,游戏,17,4592,826273,6992,4389,44679,35831,12253,1290,1782053692,https://www.bilibili.com/video/BV1bwj863E1t,http://i0.hdslb.com/bfs/archive/fd1f1da8d94bf5e90b57498f98bf7409929e6215.jpg
2026-06-24,2026-06-24 20:01:43,47,BV1NX7P6NEvm,116792190049813,“被WPS背刺了” 冲上热搜，偷偷占满C盘 批量清缓存还要收费，微博CEO王高飞：金山早已今非昔比，你把WPS当朋友 而它只是一家公司,大象新闻,社会,社会,205,34,2744348,837,6857,96563,1335,29230,8691,1782107553,https://www.bilibili.com/video/BV1NX7P6NEvm,http://i1.hdslb.com/bfs/archive/13721af1a8506e8ae8533322bd7e3b78fac0bbdd.jpg
2026-06-24,2026-06-24 20:01:43,48,BV1L87w6GETp,116791669952675,NiKo是Major冠军！,DANK1NGcsgo,电子竞技,游戏,171,205,843682,499,3619,96324,2776,5059,1021,1782099793,https://www.bilibili.com/video/BV1L87w6GETp,http://i1.hdslb.com/bfs/archive/745fc0ef9451d0ab76f17e34b0cc57a843da1b8f.jpg
2026-06-24,2026-06-24 20:01:43,49,BV1jFjm6iE3W,116798699607638,一个房间十几个容器？新图外围必搜的最肥隐藏区域合集！,小普-三角洲重生版,网络游戏,游戏,65,80,1099857,101,344,101531,6387,136427,3544,1782206837,https://www.bilibili.com/video/BV1jFjm6iE3W,http://i0.hdslb.com/bfs/archive/d41e61d427e5ff03207432ff024836430a2df2d9.jpg
2026-06-24,2026-06-24 20:01:43,50,BV1yN7F6DEo6,116788885001914,戒社也巧哥： 也巧，妈妈在年底去世了，保险受益人是我【网络狠人102】,喵喵即正义,日常,生活,21,453,1943371,1576,2419,70000,1629,7858,1570,1782057428,https://www.bilibili.com/video/BV1yN7F6DEo6,http://i0.hdslb.com/bfs/archive/9576ea066f66457f5872da64b901e286c54a7266.jpg
2026-06-24,2026-06-24 20:01:43,51,BV1dTjh6dE12,116787710528262,这个骗子估计晚上睡觉都会想起那几个字，作为一个销冠必须拿的住一切,一只鱼雨鱼,喵星人,喵星人,218,182,854352,990,2577,66427,5227,17763,19198,1782039061,https://www.bilibili.com/video/BV1dTjh6dE12,http://i1.hdslb.com/bfs/archive/1055879dbcbf0390a858ca2e6557cf42cbb7f806.jpg
2026-06-24,2026-06-24 20:01:43,52,BV1XE7N6jECG,116794052320231,【速凌宇宙】第二十一集：六人小队前往速凌宇宙！你小子吃这么好？？,高司令-速凌电竞,单机游戏,游戏,17,586,1654148,7184,1937,90048,16612,58108,873,1782136099,https://www.bilibili.com/video/BV1XE7N6jECG,http://i1.hdslb.com/bfs/archive/3c0c32500f911efd2932bb20552c86b95fc9f4a1.jpg
2026-06-24,2026-06-24 20:01:43,53,BV1jtj86WEkW,116788348064850,“一个亿和成为大发明家你选择哪个”,听海看山的故事,科学科普,知识,201,56,987454,247,1220,130899,2641,25917,482,1782066780,https://www.bilibili.com/video/BV1jtj86WEkW,http://i2.hdslb.com/bfs/archive/a398a44c5d4fe94bca7cfaccb80538d8cc717dc4.jpg
2026-06-24,2026-06-24 20:01:43,54,BV15fj26TEfG,116798783491565,对喷高市早苗，惹怒梅洛尼，万税爷G7峰会大显魅力,麻薯波比呀,社科·法律·心理,知识,124,1004,1216919,6758,2684,71850,9570,8603,1228,1782208425,https://www.bilibili.com/video/BV15fj26TEfG,http://i0.hdslb.com/bfs/archive/ecd4f68082a94dfd301727dfb3a82c7e3c85b6d4.jpg
2026-06-24,2026-06-24 20:01:43,55,BV1NMjt68EuL,116787526113006,《这最后几天是关键》,嘞是唐孃孃,搞笑,娱乐,138,81,2375528,1958,5797,166511,1859,7498,3359,1782036578,https://www.bilibili.com/video/BV1NMjt68EuL,http://i1.hdslb.com/bfs/archive/dc7e16c7acf08bccc36bd768ad05da4e2d8b93b8.jpg
2026-06-24,2026-06-24 20:01:43,56,BV19L7N6EE2p,116793884548835,我16岁开发的神人游戏火了？,何物治愈你白发,单机游戏,游戏,17,140,501154,496,733,95641,3942,21698,760,1782133488,https://www.bilibili.com/video/BV19L7N6EE2p,http://i2.hdslb.com/bfs/archive/959e8cd67e41c4925c6bd3ebf4d56ac33a7fecd7.jpg
2026-06-24,2026-06-24 20:01:43,57,BV1oZjx6jEEb,116786083139031,诈骗警察这一块,源小仔,亲子,生活,254,19,1737138,95,908,181013,518,11757,758,1782014927,https://www.bilibili.com/video/BV1oZjx6jEEb,http://i1.hdslb.com/bfs/archive/aae9b4708046ce24059bb46a599fff2bce5456ee.jpg
2026-06-24,2026-06-24 20:01:43,58,BV1dg7N6QEAi,116793867766370,你 蠢 不 过 我 你 信 吗,萝太永不破防,手机游戏,游戏,172,1109,1435773,2765,1968,52792,5362,12529,19012,1782133233,https://www.bilibili.com/video/BV1dg7N6QEAi,http://i0.hdslb.com/bfs/archive/39251708cae1cad832e248085e10d472acb375f8.jpg
2026-06-24,2026-06-24 20:01:43,59,BV1Tm7P6BEwp,116791971939765,不会只有我高考被骗了吧！,马统君-,搞笑,娱乐,138,250,1137829,1200,861,113408,517,9244,266,1782105355,https://www.bilibili.com/video/BV1Tm7P6BEwp,http://i2.hdslb.com/bfs/archive/81851834783a838d4260d7be7c40b7874cd1cf78.jpg
2026-06-24,2026-06-24 20:01:43,60,BV1Zkj76sE9E,116780764764913,循环歌单|【Amazon】|“上课用网名点名这一块”,蛋某人音乐,乐评盘点,音乐,243,3085,3869866,146,1031,114278,771,32719,628,1782000000,https://www.bilibili.com/video/BV1Zkj76sE9E,http://i2.hdslb.com/bfs/archive/5e883c171ad4285a070c54a5855de584777d2ae0.jpg
2026-06-24,2026-06-24 20:01:43,61,BV1P2jt6YEn9,116787374984615,蒜苔不就是食品版的拼豆吗,周大爷不服老,搞笑,娱乐,138,30,1607603,202,565,164998,1041,11386,3447,1782034356,https://www.bilibili.com/video/BV1P2jt6YEn9,http://i0.hdslb.com/bfs/archive/7e029d35b87c4857651e3d9277b041f42ab1d866.jpg
2026-06-24,2026-06-24 20:01:43,62,BV1aqjE6mEid,116780160782699,你cos我憋笑挑战,我是易拉爆,日常,生活,21,73,3536457,900,2206,221847,3406,36061,7186,1781923956,https://www.bilibili.com/video/BV1aqjE6mEid,http://i0.hdslb.com/bfs/archive/57352c8c5bc8fe7b8ba2d61d6d5c028d1d3d9bc7.jpg
2026-06-24,2026-06-24 20:01:43,63,BV1DKjp6sESX,116782442483852,新金蝉脱壳,Y的生存手记,综合,综合,27,534,1379266,3170,5659,139941,3113,39407,1066,1781958906,https://www.bilibili.com/video/BV1DKjp6sESX,http://i1.hdslb.com/bfs/archive/f7b66f77c006bb86c17cf6ef1501dfcc4cf5cb8d.png
2026-06-24,2026-06-24 20:01:43,64,BV1Rujb62EVn,116787123329993,假如你让太空死灵怀孕了！会发生什么？,爱冒险的柯基,鬼畜调教,鬼畜,22,511,739479,2337,4043,45381,6537,21495,3468,1782030295,https://www.bilibili.com/video/BV1Rujb62EVn,http://i2.hdslb.com/bfs/archive/7ed6dcbcb8086368725049e7ab5162518cf032f9.jpg
2026-06-24,2026-06-24 20:01:43,65,BV1Hkjy6gEcm,116798397615623,🦐坦坦荡荡见自己🦐,SauceSoy,电子竞技,游戏,171,143,891007,351,2008,83519,7825,10425,4117,1782202314,https://www.bilibili.com/video/BV1Hkjy6gEcm,http://i2.hdslb.com/bfs/archive/61ff0098cc6142d6a7fa7b8a55ebad4b1a0238c0.jpg
2026-06-24,2026-06-24 20:01:43,66,BV1Tkjt6KEUd,116787358211683,当初我说假小子好 跟害你们似得,擦擦玩游戏,娱乐杂谈,娱乐杂谈,241,47,1631151,252,2242,99998,694,35301,4353,1782037800,https://www.bilibili.com/video/BV1Tkjt6KEUd,http://i1.hdslb.com/bfs/archive/e27a77e767aad466f77fd9eb5e40c492c2df80f0.jpg
2026-06-24,2026-06-24 20:01:43,67,BV1MC7w6YEqD,116791183413442,【每日CS】八年，足够让少年将胡须长满脸庞，也足够让故事从波士顿写到科隆。【NiKo圆梦MAJOR】,每日CS2,电子竞技,游戏,171,106,998691,1975,4839,91335,11008,9832,1758,1782092448,https://www.bilibili.com/video/BV1MC7w6YEqD,http://i0.hdslb.com/bfs/archive/2ff084e8080bb6dd94697f28199df58cadd11b35.jpg
2026-06-24,2026-06-24 20:01:43,68,BV1uPjr6zEck,116777090552204,老游戏的BOSS战设计，现在重玩依旧震撼...《战神3》,一口深井GameWell,单机游戏,游戏,17,459,1710908,1178,1415,58785,1018,7613,710,1782122400,https://www.bilibili.com/video/BV1uPjr6zEck,http://i2.hdslb.com/bfs/archive/6c02efc613fd29448198019076ab38700d748306.jpg
2026-06-24,2026-06-24 20:01:43,69,BV1uu7K6VEAz,116793565910251,【科隆Major  数据雷达图】破除决赛魔咒！Niko终终终于圆梦了!,神秘猫头鹰,电子竞技,游戏,171,397,829526,6711,5865,41510,19271,10658,3241,1782128652,https://www.bilibili.com/video/BV1uu7K6VEAz,http://i0.hdslb.com/bfs/archive/4ebb1a4435cf6438ddd9e2d66125f692143431ad.jpg
2026-06-24,2026-06-24 20:01:43,70,BV1jJ7F63Eyn,116790680094049,🏆🦅“猎鹰夺冠！看哭100亿鹰美”🦅🏆,Chamri_Channel,电子竞技,游戏,171,211,635458,1324,2936,59119,16630,10271,4596,1782084900,https://www.bilibili.com/video/BV1jJ7F63Eyn,http://i0.hdslb.com/bfs/archive/0b6d6c05c3f1294ab0ea25c1c059076dc52bb3f1.jpg
2026-06-24,2026-06-24 20:01:43,71,BV1LNj46kEJu,116786267754544,假如踢足球没有规则,阿君AI小剧场,足球,足球,249,173,983408,508,664,89077,745,6533,2364,1782025200,https://www.bilibili.com/video/BV1LNj46kEJu,http://i1.hdslb.com/bfs/archive/412542add5f182c307bcd31f38b9325b5ec3f06b.jpg
2026-06-24,2026-06-24 20:01:43,72,BV1sH7g6SEJs,116797239987021,【IGN】《释放阿凡达》实机预告,IGN中国,单机游戏,游戏,17,290,1583681,4464,7588,62548,1519,5135,37540,1782185107,https://www.bilibili.com/video/BV1sH7g6SEJs,http://i0.hdslb.com/bfs/archive/366aa179c7c47ffffd547c0c8a09d9b1ef68d6b6.jpg
2026-06-24,2026-06-24 20:01:43,73,BV1By7A6DEou,116792928243824,吃了3年的饺子馆要关门，最后去吃一顿，结果没想到...,盗月社食遇记,美食侦探,美食,212,993,859733,2234,1705,49519,38466,8058,1385,1782118881,https://www.bilibili.com/video/BV1By7A6DEou,http://i2.hdslb.com/bfs/archive/437a52c58717d2ecbae4e796e590e5fd9315a4b9.jpg
2026-06-24,2026-06-24 20:01:43,74,BV1w37w6xEkp,116791871409819,“先把你的事办完再过来，孩子在这里安全得很！”孩子意外走失，民警妥善看护，宽慰母亲完成工作再前来。为暖心民警点赞！,人民日报,日常,生活,21,47,2116862,271,4108,147549,2019,3615,880,1782102733,https://www.bilibili.com/video/BV1w37w6xEkp,http://i2.hdslb.com/bfs/archive/312722b70957153834dbc9eeec2869efbb2ad1ac.jpg
2026-06-24,2026-06-24 20:01:43,75,BV1h5jb65ESM,116787006016491,【TF家族练习生】《四一有意思》11:古今雅集,TF家族,明星综合,明星综合,137,2911,1206627,469126,4932,53495,5896,23542,1235,1782038461,https://www.bilibili.com/video/BV1h5jb65ESM,http://i0.hdslb.com/bfs/archive/debf343586d1c9161d42b71d9d05a271b37b9fe4.jpg
2026-06-24,2026-06-24 20:01:43,76,BV1o5jv6qExG,116774473303913,巴啦啦小魔仙—芮闪的帽子,-蒋-丞-_,搞笑,娱乐,138,187,1956736,4197,9884,126223,11490,15554,34507,1781837618,https://www.bilibili.com/video/BV1o5jv6qExG,http://i0.hdslb.com/bfs/archive/1081baa744ad129c3d34a1108a6eee3ea0287965.jpg
2026-06-24,2026-06-24 20:01:43,77,BV1Bt7K6FEqD,116793096079974,学生时代最重要的三次选择是什么？,孙熙然,同人·手书,动画,47,457,627814,386,848,79201,1564,24094,626,1782122400,https://www.bilibili.com/video/BV1Bt7K6FEqD,http://i0.hdslb.com/bfs/archive/82c7236b507d2cec0b59601d3f5e2a20c8187655.jpg
2026-06-24,2026-06-24 20:01:43,78,BV1EFjb69E6W,116786888515150,你给水里加东西了？,技能多娇,搞笑,娱乐,138,112,2321110,654,1568,123891,1060,13654,1260,1782026761,https://www.bilibili.com/video/BV1EFjb69E6W,http://i0.hdslb.com/bfs/archive/64d5baf00ab9150322065ea0d8e45c481827925a.jpg
2026-06-24,2026-06-24 20:01:43,79,BV1qZ7u6KECb,116795360943963,恭喜你，你的手术结束了！,小强人不错,搞笑,娱乐,138,176,457122,538,1137,74322,3984,16105,3061,1782155948,https://www.bilibili.com/video/BV1qZ7u6KECb,http://i2.hdslb.com/bfs/archive/12f7304923ad83211bfbcd438ed0e189de9d0f44.jpg
2026-06-24,2026-06-24 20:01:43,80,BV1LR7N6XE4J,116793381362656,烽火地带新地图【AZ3】实录｜6月26日，直面抉择！,三角洲行动,GMV,GMV,121,214,1251658,916,2707,72771,2599,17466,2222,1782127800,https://www.bilibili.com/video/BV1LR7N6XE4J,http://i1.hdslb.com/bfs/archive/c630408f9370df52fbbde0d944cb4021935d44d5.jpg
2026-06-24,2026-06-24 20:01:43,81,BV1d8jC6bEBv,116779858791895,“那是我等待了一生的巨浪”【Changes-Remix】【不屈の小曲】,早睡起大王,音乐综合,音乐,130,163,1383668,227,1248,107447,1681,20926,678,1781920800,https://www.bilibili.com/video/BV1d8jC6bEBv,http://i1.hdslb.com/bfs/archive/73e76ff035bf2f87e78755842d288667e7426dae.jpg
2026-06-24,2026-06-24 20:01:43,82,BV12Gjn6kEP6,116781335187792,一个环艺老学长的填志愿忏悔录！,是莫叔叔吗,搞笑,娱乐,138,361,1821499,788,3984,214338,1320,20079,1755,1781942826,https://www.bilibili.com/video/BV12Gjn6kEP6,http://i0.hdslb.com/bfs/archive/814cbb7312342c2b6cc7179ae6a82b9e23ee79af.jpg
2026-06-24,2026-06-24 20:01:43,83,BV1Cvjk6TEB3,116778046915958,🎨要看看这样的视频才有力气讨生活【三角洲】,牧牧川,单机游戏,游戏,17,192,4595100,778,2441,332938,13768,51976,2847,1781926200,https://www.bilibili.com/video/BV1Cvjk6TEB3,http://i1.hdslb.com/bfs/archive/9c3b114670250931e6264389d05a263039d091d9.jpg
2026-06-24,2026-06-24 20:01:43,84,BV1tc7w6wEEx,116791921608066,最吃公式化打法的游戏来了,Toaster_ok,单机游戏,游戏,17,96,953533,244,2176,80598,1332,23218,18845,1782103542,https://www.bilibili.com/video/BV1tc7w6wEEx,http://i0.hdslb.com/bfs/archive/554a19e87a033c94858a89cf025405db1109dd5a.jpg
2026-06-24,2026-06-24 20:01:43,85,BV1oLj26iEPd,116799253318457,长臂者之臂，到底多长，才算长？,陈汉煜Art,绘画,绘画,162,309,601570,982,624,63859,4707,19274,848,1782215253,https://www.bilibili.com/video/BV1oLj26iEPd,http://i2.hdslb.com/bfs/archive/bb2fec0585bb6489c00ae4360e834eec2b750456.jpg
2026-06-24,2026-06-24 20:01:43,86,BV1cXjt6bE87,116787307875692,坏人绞尽脑汁，不如蠢人灵机一动！,没脸鉴车,汽车生活,汽车,176,378,1635649,6750,3533,69791,652,5950,834,1782036000,https://www.bilibili.com/video/BV1cXjt6bE87,http://i0.hdslb.com/bfs/archive/33e74ffe6af8e03fe49b8719ed6b0a1b835105c1.jpg
2026-06-24,2026-06-24 20:01:43,87,BV18q7w6qEYQ,116791250585021,4年前接住女童男子又跳海救人 ：脚底被缝了十几针，手机彻底报废,九派新闻,社会,社会,205,35,766694,991,4612,153202,5175,3149,404,1782093346,https://www.bilibili.com/video/BV18q7w6qEYQ,http://i1.hdslb.com/bfs/archive/f6bb34b8dcd2d891122a19c46f224d3651a74c2c.jpg
2026-06-24,2026-06-24 20:01:43,88,BV1XX7c6qEKk,116791804239418,一碗潮汕猪脚饭，差点给我吃破产#日常vlog,演员王宁,美食记录,美食,215,338,1421381,2467,2030,69314,1878,3314,2382,1782117000,https://www.bilibili.com/video/BV1XX7c6qEKk,http://i2.hdslb.com/bfs/archive/6ebf37f9769e679fa36da9b75eb075f2ce2c3217.jpg
2026-06-24,2026-06-24 20:01:43,89,BV1oDjH6vEGL,116782408927320,很多朋友好奇我的心理健康问题，说画的太压抑了，是不是抑郁了？有没有一种可能是画面里的内容过于真实了呢？,光光的小展厅,绘画,绘画,162,60,2117409,664,2935,149029,2112,11235,904,1781958374,https://www.bilibili.com/video/BV1oDjH6vEGL,http://i2.hdslb.com/bfs/archive/7c3805038944d1c94ae741d6b67a9e9dc72e1cdd.jpg
2026-06-24,2026-06-24 20:01:43,90,BV1MD7K65EDz,116794924734203,🦐父亲节快乐，NIKO🦐,一袋鸽,鬼畜剧场,鬼畜剧场,216,131,1310949,715,2297,77194,3589,7189,13336,1782149505,https://www.bilibili.com/video/BV1MD7K65EDz,http://i0.hdslb.com/bfs/archive/c1d7a6704110dd423ead05bed8b99ce3ecec1c24.jpg
2026-06-24,2026-06-24 20:01:43,91,BV1ZC7A6HEkx,116793012192528,在中国最复杂的山系徒步2天1夜，终于明白横断山脉为什么这么特殊…,超Carry的柴西,出行,生活,250,1645,929903,2897,1379,36364,19267,12129,3280,1782123412,https://www.bilibili.com/video/BV1ZC7A6HEkx,http://i1.hdslb.com/bfs/archive/c97c2766bf0b54d1bfadae5443a2394873528b9c.jpg
2026-06-24,2026-06-24 20:01:43,92,BV1ad7c6vEwF,116791703507259,这职业选手有力气——科隆Major特别篇final,CSGO国服,电子竞技,游戏,171,215,685905,912,1985,64812,3655,9331,2534,1782100059,https://www.bilibili.com/video/BV1ad7c6vEwF,http://i2.hdslb.com/bfs/archive/babf15ac684cf3a24c9e37216df1afce61a2a935.jpg
2026-06-24,2026-06-24 20:01:43,93,BV15Qj66mE5z,116776956336801,快乐 童年,榴莲阿呀,搞笑,娱乐,138,538,6432602,11347,13097,366989,92083,156650,6493,1781875232,https://www.bilibili.com/video/BV15Qj66mE5z,http://i1.hdslb.com/bfs/archive/fd70d470e4de0758969faf57cfd3f789c6e5e222.jpg
2026-06-24,2026-06-24 20:01:43,94,BV19ujb62EDf,116787123330784,第2集丨“天才在左，蜂子在右”,是DollDoll,影视剪辑,影视,183,100,1405374,104,403,90609,2856,21645,821,1782037500,https://www.bilibili.com/video/BV19ujb62EDf,http://i0.hdslb.com/bfs/archive/28c8cd83f04922479a48cc20d050804b62b2e792.jpg
2026-06-24,2026-06-24 20:01:43,95,BV1CvLo6zEBt,116766386688462,大 周 礼 时 代(2),诸葛皮皮9527,小剧场,娱乐,85,69,1437995,601,3317,110982,3795,14496,4275,1782032400,https://www.bilibili.com/video/BV1CvLo6zEBt,http://i0.hdslb.com/bfs/archive/b380d30508b4a84e8f5ba2490b3ff35d1367616a.jpg
2026-06-24,2026-06-24 20:01:43,96,BV1wjjr6hEAR,116778835378560,#手工制作绘本 我的第三本《拥有神笔的马户》 #改编 #寓言故事 #原创绘画 #爱是什么,XS王棕棕,绘画,绘画,162,205,762177,447,1368,100588,12165,16053,2721,1781903756,https://www.bilibili.com/video/BV1wjjr6hEAR,http://i1.hdslb.com/bfs/archive/5b6cd6fe529e649ea4a3ff642bddca6e43a945dc.jpg
2026-06-24,2026-06-24 20:01:43,97,BV1sXj86TEzV,116788079696682,AI都能写代码了，学计算机还有出路吗？【TOM杂谈07】,改BUG的TOM学长,软件应用,软件应用,230,450,848846,250,1475,56801,693,9901,312,1782045104,https://www.bilibili.com/video/BV1sXj86TEzV,http://i1.hdslb.com/bfs/archive/b392650d123a5874082e236e1679717da649cc50.jpg
2026-06-24,2026-06-24 20:01:43,98,BV1PFjW6JEwD,116783734459350,"""请选择你的动漫姐妹花2.0""",ikemen咲夜,综合,综合,27,34,890264,457,2986,93127,780,30029,704,1782014400,https://www.bilibili.com/video/BV1PFjW6JEwD,http://i2.hdslb.com/bfs/archive/1af38263bbc0b1f4a6d6f59621342249a4196638.jpg
2026-06-24,2026-06-24 20:01:43,99,BV1Vk7M6tEgx,116796183020898,释放阿凡达Unleash The Avatar - 实机演示预告,UnleashTheAvatar,单机游戏,游戏,17,292,1375888,4646,9697,41675,4890,6479,38586,1782183600,https://www.bilibili.com/video/BV1Vk7M6tEgx,http://i2.hdslb.com/bfs/archive/a94463a44062379b3aa9dbb20bec0ba7cc3f5747.jpg
2026-06-24,2026-06-24 23:07:32,1,BV1QSjm6wEBT,116800310222810,【NiKo】谢谢你们❤️,FLC_NiKo,电子竞技,游戏,171,178,1947763,9647,17427,348888,164150,49736,18820,1782231642,https://www.bilibili.com/video/BV1QSjm6wEBT,http://i1.hdslb.com/bfs/archive/5eba21c7f44eca57653f834c2e5f479dcd041341.jpg
2026-06-24,2026-06-24 23:07:32,2,BV1fJjE6FEqW,116780630609640,《崩坏：因缘精灵》进化PV：直至遇见它,崩坏因缘精灵,手机游戏,游戏,172,351,2665058,23839,30332,196352,75313,40545,51852,1782100800,https://www.bilibili.com/video/BV1fJjE6FEqW,http://i2.hdslb.com/bfs/archive/29e4ee8844cb4d82aefa07d1011ad4438da2c9c3.jpg
2026-06-24,2026-06-24 23:07:32,3,BV1X37c6vEcB,116790311001648,“终有一天，我会成为MAJOR冠军！”——NIKO圆梦科隆Major！,AYCS2,网络游戏,游戏,65,298,3337101,2001,15569,188030,84006,44254,11554,1782078868,https://www.bilibili.com/video/BV1X37c6vEcB,http://i2.hdslb.com/bfs/archive/1bdd25e9721279f6870ec585223314be1d06890f.jpg
2026-06-24,2026-06-24 23:07:32,4,BV1xX7P6NEsJ,116792190114788,外星人来地球了！但迟到了那么一小会......,张拉灯,同人·手书,动画,47,183,1813573,1317,5129,234995,54501,51640,15766,1782107634,https://www.bilibili.com/video/BV1xX7P6NEsJ,http://i0.hdslb.com/bfs/archive/865ebc3a306d1ad3441c8514ae8f78cb14caa1a8.jpg
2026-06-24,2026-06-24 23:07:32,5,BV1617N6ZEua,116793817436382,⚡对 对 子 战 神（特别篇）⚡,洛温阿特金森,鬼畜剧场,鬼畜剧场,216,160,2127764,5385,6049,239767,56546,49544,10344,1782181800,https://www.bilibili.com/video/BV1617N6ZEua,http://i2.hdslb.com/bfs/archive/ceeb9b9f2efed76ba9b7175a5fc336140a78d90b.jpg
2026-06-24,2026-06-24 23:07:32,6,BV19Kjf6cEh8,116789337921082,【泰拉瑞亚】32位计算机电路 RISC-V CPU 348KHz,混乱沉睡,单机游戏,游戏,17,639,2335736,2005,4630,196480,61836,56666,24951,1782063994,https://www.bilibili.com/video/BV19Kjf6cEh8,http://i0.hdslb.com/bfs/archive/751337b64ce9f1f12d3979dbe8e54d4c29c91459.jpg
2026-06-24,2026-06-24 23:07:32,7,BV1wE7P6bESL,116792357950508,真开上机甲了？影视飓风1600万粉丝Q&A！,影视飓风,数码,科技,95,1032,1911473,32698,8769,184392,79132,28100,11109,1782118800,https://www.bilibili.com/video/BV1wE7P6bESL,http://i0.hdslb.com/bfs/archive/1557911f2cecfc9aab972adad15e9a6c51ecd954.jpg
2026-06-24,2026-06-24 23:07:32,8,BV1g7jJ6nE1E,116782207602137,“入室抢劫般的队友”,胡胡不胡o,日常,生活,21,363,4207459,2274,5213,268151,15686,35441,12097,1781955576,https://www.bilibili.com/video/BV1g7jJ6nE1E,http://i2.hdslb.com/bfs/archive/9b3e18bf8311f44867bcc78534904eb86d1072c4.jpg
2026-06-24,2026-06-24 23:07:32,9,BV1Z27A6JEjM,116792911534635,今年干的最牛的事！你们的导航软件还有广告吗？,销冠李老板,日常,生活,21,45,2187503,14993,16903,333446,71497,16129,8652,1782118587,https://www.bilibili.com/video/BV1Z27A6JEjM,http://i1.hdslb.com/bfs/archive/26ab151e43194f7ee490c739829559cb8b40b254.jpg
2026-06-24,2026-06-24 23:07:32,10,BV1Bq7c6mEr6,116790025783520,佩洛伊斯什么时候逃离原生家庭？,鼎芸,同人·手书,动画,47,282,1377300,600,1697,186237,16013,37672,3605,1782086400,https://www.bilibili.com/video/BV1Bq7c6mEr6,http://i2.hdslb.com/bfs/archive/a0094b395427b8157e591144aef2bf0f73071d6b.jpg
2026-06-24,2026-06-24 23:07:32,11,BV1zb7K6bEiA,116793079304242,有能的阿伟,神威-狗剩,影视剪辑,影视,183,137,3043062,2537,4193,194970,8922,30926,19325,1782121085,https://www.bilibili.com/video/BV1zb7K6bEiA,http://i1.hdslb.com/bfs/archive/536a424c8dd8c9f5672ffd9f7bd0669c4b6598e5.jpg
2026-06-24,2026-06-24 23:07:32,12,BV1xXjn6LEwc,116783247787866,人，停下！,幸仁儿鲨,绘画,绘画,162,475,1493887,12285,10981,184614,61999,77358,6369,1781971350,https://www.bilibili.com/video/BV1xXjn6LEwc,http://i2.hdslb.com/bfs/archive/cfe6b10df7f5630e9cb80f9edffe4b9a15c6024a.jpg
2026-06-24,2026-06-24 23:07:32,13,BV16Sj26VEaP,116799085545461,锦衣卫们 这次真的需要你了,的鹅德-重八,搞笑,娱乐,138,72,1233455,1326,3467,253165,204518,19115,1900,1782213138,https://www.bilibili.com/video/BV16Sj26VEaP,http://i0.hdslb.com/bfs/archive/d708ee181281e844e239d7ce765dc3cf6d57ff2d.jpg
2026-06-24,2026-06-24 23:07:32,14,BV12t7A6YEvx,116792844558250,《阴阳师》毗沙门天CG丨金砂福威（CV：福西胜也）,网易阴阳师手游,手机游戏,游戏,172,210,1394907,1674,3577,75026,64094,53679,27119,1782117740,https://www.bilibili.com/video/BV12t7A6YEvx,http://i1.hdslb.com/bfs/archive/0da370078c072e00ce00a245313679b7eda4c1a4.jpg
2026-06-24,2026-06-24 23:07:32,15,BV19Q7c6MEGd,116791821015845,为什么要有女朋友,叶玲秋雨,手机游戏,游戏,172,107,1394582,900,5279,157080,29090,39940,9167,1782124200,https://www.bilibili.com/video/BV19Q7c6MEGd,http://i1.hdslb.com/bfs/archive/bc8cea1d92987e28da5f6565f67bee6348114e25.jpg
2026-06-24,2026-06-24 23:07:32,16,BV1DG7g6dEAZ,116797273612065,真正的艺术！,_离咕咕,网络游戏,游戏,65,118,2843535,484,1157,184951,2307,20711,9261,1782185063,https://www.bilibili.com/video/BV1DG7g6dEAZ,http://i0.hdslb.com/bfs/archive/ebcdeede639e208ff67e74920adda2d151d982e4.jpg
2026-06-24,2026-06-24 23:07:32,17,BV1HL7P68EQ6,116792324262652,甄嬛多动症版,泰裤辣C总,影视杂谈,影视,182,186,2591942,1459,1922,100632,13471,20887,27259,1782109865,https://www.bilibili.com/video/BV1HL7P68EQ6,http://i1.hdslb.com/bfs/archive/a4ae243f9a5a083559afb430928f693d5674eab1.jpg
2026-06-24,2026-06-24 23:07:32,18,BV1vSjb6JEjz,116788499062621,他的麦田要一株株手拔！整整20年！农村老人自己搞育种！【主播说三农】,央视农业,三农,生活,251,182,1171698,1845,3383,165206,17167,8184,1848,1782051197,https://www.bilibili.com/video/BV1vSjb6JEjz,http://i2.hdslb.com/bfs/archive/e57c7e322be6be3edc3ae557f0d07d5b579378dd.jpg
2026-06-24,2026-06-24 23:07:32,19,BV1HyjH66EWe,116782744539240,🥕躲在超市后门吃萝卜的越狱兔🥕,天鹅绒寝室长,日常,生活,21,163,1401565,720,2110,126155,25558,25327,10026,1782012600,https://www.bilibili.com/video/BV1HyjH66EWe,http://i0.hdslb.com/bfs/archive/09fc4d6424dd8439d4afdd0aba7821c59f3f1f7b.jpg
2026-06-24,2026-06-24 23:07:32,20,BV1FX7F6UE8f,116790512322760,原来男生也可以收到惊喜和花,特工001k,搞笑,娱乐,138,246,835761,5168,8457,107609,11593,14292,9624,1782082060,https://www.bilibili.com/video/BV1FX7F6UE8f,http://i0.hdslb.com/bfs/archive/14a3bd87a8f978d732e2e7b0f76e39a30509a52b.jpg
2026-06-24,2026-06-24 23:07:32,21,BV1JK7N6xEtw,116793918165295,秦始皇：你说徭役徭是吧？,清风最梦,明星综合,明星综合,137,70,3694000,10732,12910,405825,46643,155232,88149,1782133852,https://www.bilibili.com/video/BV1JK7N6xEtw,http://i1.hdslb.com/bfs/archive/96932ddc2788a5657b0b9ed1f62f4960eb835b2a.jpg
2026-06-24,2026-06-24 23:07:32,22,BV1Qg7c6KE9V,116790126447382,《后悔の保安》,伤心欲茄222,搞笑,娱乐,138,95,4866533,1772,7418,347583,11334,19785,9803,1782100800,https://www.bilibili.com/video/BV1Qg7c6KE9V,http://i0.hdslb.com/bfs/archive/212c2d91a9cd193c0394ddb4757b5b9fa498c675.jpg
2026-06-24,2026-06-24 23:07:32,23,BV1PyjZ6jEc1,116789774131069,来自Major冠军的信息：中国粉丝们，你们是这成功的一部分,IEM成都,电子竞技,游戏,171,35,2712201,6969,14191,317102,48180,29253,16653,1782070680,https://www.bilibili.com/video/BV1PyjZ6jEc1,http://i0.hdslb.com/bfs/archive/b8bcc4897c74fb3389c187ade722f33aa86faad3.jpg
2026-06-24,2026-06-24 23:07:32,24,BV1bdj46qEwz,116785781149073,同性恋不能生孩子，为什么没有被自然选择淘汰？,李论科学,科学科普,知识,201,316,1564375,1621,8146,118931,8093,23585,9799,1782009804,https://www.bilibili.com/video/BV1bdj46qEwz,http://i0.hdslb.com/bfs/archive/3d99731ee829b980c39b3c8f69e740d5583cb1f3.jpg
2026-06-24,2026-06-24 23:07:32,25,BV1rvjb6fEKU,116786838112232,什么叫人类最强的去当魔王是为了平衡战力？,Mr-Ferret,绘画,绘画,162,133,2271120,666,1558,169391,2631,23444,5494,1782026099,https://www.bilibili.com/video/BV1rvjb6fEKU,http://i2.hdslb.com/bfs/archive/8042679d5e89cf7eb377c7a1f277dc696d63f7ca.jpg
2026-06-24,2026-06-24 23:07:32,26,BV1oTjk6xEea,116778281796886,我发誓这是我看过最震撼的漫展爬台变装演唱！！,夏旬Natsuki,翻唱,音乐,31,84,6308771,1749,6407,717023,57210,82486,10667,1781947800,https://www.bilibili.com/video/BV1oTjk6xEea,http://i0.hdslb.com/bfs/archive/c937405b0e26e4652af142f494911c0cf97d0f26.jpg
2026-06-24,2026-06-24 23:07:32,27,BV1pL7P68EU9,116792324267633,“法不能向不法让步.”,我爱吃派大星,音乐综合,音乐,130,304,1092082,150,1197,122873,4306,23812,1178,1782174000,https://www.bilibili.com/video/BV1pL7P68EU9,http://i0.hdslb.com/bfs/archive/ebf1c45647b877bd74f9da8bce93bb3bad4ae03d.jpg
2026-06-24,2026-06-24 23:07:32,28,BV1RGjh6pEbo,116787928637352,看看假货最多的地方#食品安全#假货,陈大成bili,美食记录,美食,215,153,1742910,1456,4468,119742,11056,24275,17158,1782043550,https://www.bilibili.com/video/BV1RGjh6pEbo,http://i0.hdslb.com/bfs/archive/75cc77cd07b6561a7faabcdecf6d091ab267d77a.jpg
2026-06-24,2026-06-24 23:07:32,29,BV1kGjt6dECk,116787408605658,萧敬腾首次公开的秘密:我曾讨厌自己的声音。丨HOPICOx萧敬腾 对谈50分,HOPICO,乐评盘点,音乐,243,2952,4456352,2164,2009,63937,6680,11905,1709,1782120600,https://www.bilibili.com/video/BV1kGjt6dECk,http://i1.hdslb.com/bfs/archive/cefd9b1202147b34dad1ac9b56f937c441981a30.jpg
2026-06-24,2026-06-24 23:07:32,30,BV1cf7P6cE4X,116792122937064,抽象新闻：6月人类迷惑行为大赏（中）,我是M菌,搞笑,娱乐,138,686,2047542,7716,7526,96290,3099,12759,15244,1782122400,https://www.bilibili.com/video/BV1cf7P6cE4X,http://i1.hdslb.com/bfs/archive/1e73ebff0890cf6b29774a230e8178553e826572.jpg
2026-06-24,2026-06-24 23:07:32,31,BV1UWLf6REiz,116769154928275,鲁豫对话蔡磊 段睿：只要不放弃，四面八方都是前方 | 陈鲁豫·慢谈EP20【视频播客】,陈鲁豫-慢谈,人文历史,知识,228,7111,4742155,4318,2424,50389,25129,22282,15443,1782014400,https://www.bilibili.com/video/BV1UWLf6REiz,http://i2.hdslb.com/bfs/archive/900fae2889a18a54362f333d8db2c33ce5d12328.jpg
2026-06-24,2026-06-24 23:07:32,32,BV1WFjW6EEMQ,116783734328117,《独家记忆》,王濛,明星综合,明星综合,137,320,2099448,24971,33447,97589,92931,27588,12558,1781978557,https://www.bilibili.com/video/BV1WFjW6EEMQ,http://i1.hdslb.com/bfs/archive/7d952ec82a9aaf29c190029494576c283ac9ffd5.jpg
2026-06-24,2026-06-24 23:07:32,33,BV1QW7T6DEy9,116794891180777,用高坚果玩多米诺骨牌！！？,咸威化,单机游戏,游戏,17,167,1850815,703,1092,109402,4396,9991,1399,1782183600,https://www.bilibili.com/video/BV1QW7T6DEy9,http://i2.hdslb.com/bfs/archive/ec56dd0558e9f234f7badd5c93a10a7b2d8402ae.jpg
2026-06-24,2026-06-24 23:07:32,34,BV1oLj26iEPd,116799253318457,长臂者之臂，到底多长，才算长？,陈汉煜Art,绘画,绘画,162,309,862767,1775,794,84269,6058,26174,1082,1782215253,https://www.bilibili.com/video/BV1oLj26iEPd,http://i2.hdslb.com/bfs/archive/bb2fec0585bb6489c00ae4360e834eec2b750456.jpg
2026-06-24,2026-06-24 23:07:32,35,BV1fLjt69ERX,116787442223218,【Reaction】穷人永远接触不到的场景,沙雕网友咸叽叽,乐评盘点,音乐,243,172,2145469,2750,7684,131030,1822,7901,1375,1782035106,https://www.bilibili.com/video/BV1fLjt69ERX,http://i1.hdslb.com/bfs/archive/1a8dcea2f814b644570e01fcba31c46109631c89.jpg
2026-06-24,2026-06-24 23:07:32,36,BV1jFjm6iE3W,116798699607638,一个房间十几个容器？新图外围必搜的最肥隐藏区域合集！,小普-三角洲重生版,网络游戏,游戏,65,80,1424501,122,400,131634,9066,180455,4066,1782206837,https://www.bilibili.com/video/BV1jFjm6iE3W,http://i0.hdslb.com/bfs/archive/d41e61d427e5ff03207432ff024836430a2df2d9.jpg
2026-06-24,2026-06-24 23:07:32,37,BV1137P6AEmk,116792643099638,当我被逼替家人还债。#还债#内容过于真实#一定要看到最后#反转,暴走黄老板,搞笑,娱乐,138,82,1210296,141,1403,118228,2150,54188,701,1782125460,https://www.bilibili.com/video/BV1137P6AEmk,http://i1.hdslb.com/bfs/archive/a4b77c076722723b689afeaa25c3d13b0426ce03.jpg
2026-06-24,2026-06-24 23:07:32,38,BV1xo7K6gEu4,116795126127347,京剧《黑袍纠察队》适合年轻人的传统艺术,今晚不吃范,影视剪辑,影视,183,224,1054043,2718,3400,68045,15200,20377,22629,1782180000,https://www.bilibili.com/video/BV1xo7K6gEu4,http://i0.hdslb.com/bfs/archive/2d21449f5bd3a08cef39bb87a9a8dbaca5fef9c9.jpg
2026-06-24,2026-06-24 23:07:32,39,BV1c7j86wE3f,116788264306688,240天，我们用3D打印装修了一整套房子...,-LKs-,财经商业,知识,207,1054,1053901,1872,6567,72340,19854,10844,3356,1782100800,https://www.bilibili.com/video/BV1c7j86wE3f,http://i2.hdslb.com/bfs/archive/ff53974d744de26472b9b4a5880fba0da618dbef.jpg
2026-06-24,2026-06-24 23:07:32,40,BV1iv7K6sE7F,116793280633853,当你穿越回高考出分前一天...,王维诗里的MBTI,同人·手书,动画,47,1627,978276,3433,2329,84756,5641,21191,1907,1782125276,https://www.bilibili.com/video/BV1iv7K6sE7F,http://i1.hdslb.com/bfs/archive/840a8afbe2b0b351de6994c97a45b22c11280760.jpg
2026-06-24,2026-06-24 23:07:32,41,BV1JKjH6iE6y,116782895470334,多少年了，人们还记得你真实的样子吗？,何大爷课堂,人文历史,知识,228,218,4740005,682,4346,295236,9945,20044,2072,1781965957,https://www.bilibili.com/video/BV1JKjH6iE6y,http://i1.hdslb.com/bfs/archive/ce0fa067f5c90abd4ceb01108697be8f556ecd57.jpg
2026-06-24,2026-06-24 23:07:32,42,BV1Esj86xEJP,116788448728633,竟然还是PVZ大佬，钻套史蒂夫恐怖如斯【我是僵尸】,磊哥游戏,单机游戏,游戏,17,339,1222558,1738,2259,106090,8835,8961,1152,1782090000,https://www.bilibili.com/video/BV1Esj86xEJP,http://i0.hdslb.com/bfs/archive/be35d77876fe36466d7b41471927e743b5d5e6b2.jpg
2026-06-24,2026-06-24 23:07:32,43,BV1tN7P6TEgM,116792710137115,月薪超5w的秘密：我采访了10位高收入粉丝！他们如何做到的？,王小七Fire,社科·法律·心理,知识,124,1270,1090599,782,3471,45942,1550,26620,1300,1782118800,https://www.bilibili.com/video/BV1tN7P6TEgM,http://i1.hdslb.com/bfs/archive/f2cf84e2446980e8f6b7ab08d83104c0ddae2ced.jpg
2026-06-24,2026-06-24 23:07:32,44,BV19L7N6EE2p,116793884548835,我16岁开发的神人游戏火了？,何物治愈你白发,单机游戏,游戏,17,140,552327,568,795,105192,4388,24359,847,1782133488,https://www.bilibili.com/video/BV19L7N6EE2p,http://i2.hdslb.com/bfs/archive/959e8cd67e41c4925c6bd3ebf4d56ac33a7fecd7.jpg
2026-06-24,2026-06-24 23:07:32,45,BV1HM7F6UE5q,116788918488583,【IEM科隆Major】FURIA vs Falcons  6月21日 总决赛,CSGO官方赛事,电子竞技,游戏,171,26533,1659655,6999,17911,37265,15134,14029,2315,1782057533,https://www.bilibili.com/video/BV1HM7F6UE5q,http://i0.hdslb.com/bfs/archive/05d78af3ff5fe3d933470ea2b430ee7ddcec81d4.jpg
2026-06-24,2026-06-24 23:07:32,46,BV1NX7P6NEvm,116792190049813,“被WPS背刺了” 冲上热搜，偷偷占满C盘 批量清缓存还要收费，微博CEO王高飞：金山早已今非昔比，你把WPS当朋友 而它只是一家公司,大象新闻,社会,社会,205,34,2788488,859,6985,98290,1366,29811,8835,1782107553,https://www.bilibili.com/video/BV1NX7P6NEvm,http://i1.hdslb.com/bfs/archive/13721af1a8506e8ae8533322bd7e3b78fac0bbdd.jpg
2026-06-24,2026-06-24 23:07:32,47,BV1fFjb6XEg1,116786888449719,桑葚与桑树活在地球是屈才了,小时好食禄,科学科普,知识,201,315,2339003,2121,5925,96660,8410,51634,6372,1782034200,https://www.bilibili.com/video/BV1fFjb6XEg1,http://i0.hdslb.com/bfs/archive/0ea9d26a19b0ab1267f1aba35320f97f4f0d6b6c.jpg
2026-06-24,2026-06-24 23:07:32,48,BV1jtj86WEkW,116788348064850,“一个亿和成为大发明家你选择哪个”,听海看山的故事,科学科普,知识,201,56,1044866,259,1296,138089,2906,27555,533,1782066780,https://www.bilibili.com/video/BV1jtj86WEkW,http://i2.hdslb.com/bfs/archive/a398a44c5d4fe94bca7cfaccb80538d8cc717dc4.jpg
2026-06-24,2026-06-24 23:07:32,49,BV1bwj863E1t,116788633279136,王老菊教你断剑奇侠·S3-ep01：小本买卖堂堂正正,怕上火暴王老菊,单机游戏,游戏,17,4592,838069,7093,4394,44958,36121,12334,1294,1782053692,https://www.bilibili.com/video/BV1bwj863E1t,http://i0.hdslb.com/bfs/archive/fd1f1da8d94bf5e90b57498f98bf7409929e6215.jpg
2026-06-24,2026-06-24 23:07:32,50,BV1L87w6GETp,116791669952675,NiKo是Major冠军！,DANK1NGcsgo,电子竞技,游戏,171,205,860318,506,3671,98082,2831,5191,1031,1782099793,https://www.bilibili.com/video/BV1L87w6GETp,http://i1.hdslb.com/bfs/archive/745fc0ef9451d0ab76f17e34b0cc57a843da1b8f.jpg
2026-06-24,2026-06-24 23:07:32,51,BV1dTjh6dE12,116787710528262,这个骗子估计晚上睡觉都会想起那几个字，作为一个销冠必须拿的住一切,一只鱼雨鱼,喵星人,喵星人,218,182,879499,1042,2609,68566,5412,18358,19839,1782039061,https://www.bilibili.com/video/BV1dTjh6dE12,http://i1.hdslb.com/bfs/archive/1055879dbcbf0390a858ca2e6557cf42cbb7f806.jpg
2026-06-24,2026-06-24 23:07:32,52,BV15fj26TEfG,116798783491565,对喷高市早苗，惹怒梅洛尼，万税爷G7峰会大显魅力,麻薯波比呀,社科·法律·心理,知识,124,1004,1288169,7002,2745,75079,10079,8787,1278,1782208425,https://www.bilibili.com/video/BV15fj26TEfG,http://i0.hdslb.com/bfs/archive/ecd4f68082a94dfd301727dfb3a82c7e3c85b6d4.jpg
2026-06-24,2026-06-24 23:07:32,53,BV1yN7F6DEo6,116788885001914,戒社也巧哥： 也巧，妈妈在年底去世了，保险受益人是我【网络狠人102】,喵喵即正义,日常,生活,21,453,1995522,1591,2464,71830,1651,8009,1597,1782057428,https://www.bilibili.com/video/BV1yN7F6DEo6,http://i0.hdslb.com/bfs/archive/9576ea066f66457f5872da64b901e286c54a7266.jpg
2026-06-24,2026-06-24 23:07:32,54,BV1Hkjy6gEcm,116798397615623,🦐坦坦荡荡见自己🦐,SauceSoy,电子竞技,游戏,171,143,990440,386,2161,92201,9075,11836,4626,1782202314,https://www.bilibili.com/video/BV1Hkjy6gEcm,http://i2.hdslb.com/bfs/archive/61ff0098cc6142d6a7fa7b8a55ebad4b1a0238c0.jpg
2026-06-24,2026-06-24 23:07:32,55,BV1XE7N6jECG,116794052320231,【速凌宇宙】第二十一集：六人小队前往速凌宇宙！你小子吃这么好？？,高司令-速凌电竞,单机游戏,游戏,17,586,1936550,7511,1984,96854,17374,64712,905,1782136099,https://www.bilibili.com/video/BV1XE7N6jECG,http://i1.hdslb.com/bfs/archive/3c0c32500f911efd2932bb20552c86b95fc9f4a1.jpg
2026-06-24,2026-06-24 23:07:32,56,BV1dg7N6QEAi,116793867766370,你 蠢 不 过 我 你 信 吗,萝太永不破防,手机游戏,游戏,172,1109,1531298,2857,2043,55762,5717,13360,20525,1782133233,https://www.bilibili.com/video/BV1dg7N6QEAi,http://i0.hdslb.com/bfs/archive/39251708cae1cad832e248085e10d472acb375f8.jpg
2026-06-24,2026-06-24 23:07:32,57,BV1K3jn65ECR,116781352032938,躲在超市后门智斗的二人,沃滋基-尼,综合,综合,27,92,2242313,5309,6897,245669,19035,62736,30961,1781942609,https://www.bilibili.com/video/BV1K3jn65ECR,http://i0.hdslb.com/bfs/archive/bdab827cde03d4f1eddf9ceb001b20129cc95c54.jpg
2026-06-24,2026-06-24 23:07:32,58,BV1usjH6WEoz,116782694139715,曾沛慈｜《怎么说我不爱你》舞台,曾沛慈_TsengPets,明星综合,明星综合,137,279,2641181,27248,32069,108462,86699,40867,19288,1781962856,https://www.bilibili.com/video/BV1usjH6WEoz,http://i0.hdslb.com/bfs/archive/bb4c91ef35acc1e06800c178e2600fd8d5509e78.jpg
2026-06-24,2026-06-24 23:07:32,59,BV1Bt7K6FEqD,116793096079974,学生时代最重要的三次选择是什么？,孙熙然,同人·手书,动画,47,457,645369,415,904,84375,1700,26359,683,1782122400,https://www.bilibili.com/video/BV1Bt7K6FEqD,http://i0.hdslb.com/bfs/archive/82c7236b507d2cec0b59601d3f5e2a20c8187655.jpg
2026-06-24,2026-06-24 23:07:32,60,BV1qZ7u6KECb,116795360943963,恭喜你，你的手术结束了！,小强人不错,搞笑,娱乐,138,176,485805,569,1182,79430,4334,17498,3247,1782155948,https://www.bilibili.com/video/BV1qZ7u6KECb,http://i2.hdslb.com/bfs/archive/12f7304923ad83211bfbcd438ed0e189de9d0f44.jpg
2026-06-24,2026-06-24 23:07:32,61,BV1Tm7P6BEwp,116791971939765,不会只有我高考被骗了吧！,马统君-,搞笑,娱乐,138,250,1143920,1202,871,113596,519,9266,267,1782105355,https://www.bilibili.com/video/BV1Tm7P6BEwp,http://i2.hdslb.com/bfs/archive/81851834783a838d4260d7be7c40b7874cd1cf78.jpg
2026-06-24,2026-06-24 23:07:32,62,BV1Lv7K6sE8y,116793280569314,肉包铁面对重卡为何不避？鹏哥变月月姐怎么办,大山车改,改装玩车,改装玩车,246,415,2680500,5770,5419,93746,701,10884,2624,1782124386,https://www.bilibili.com/video/BV1Lv7K6sE8y,http://i0.hdslb.com/bfs/archive/506957ff30fe9420fe27594d3e746ac77688fb00.jpg
2026-06-24,2026-06-24 23:07:32,63,BV1NMjt68EuL,116787526113006,《这最后几天是关键》,嘞是唐孃孃,搞笑,娱乐,138,81,2424964,1985,5857,168457,1885,7679,3401,1782036578,https://www.bilibili.com/video/BV1NMjt68EuL,http://i1.hdslb.com/bfs/archive/dc7e16c7acf08bccc36bd768ad05da4e2d8b93b8.jpg
2026-06-24,2026-06-24 23:07:32,64,BV1P2jt6YEn9,116787374984615,蒜苔不就是食品版的拼豆吗,周大爷不服老,搞笑,娱乐,138,30,1647740,206,588,168772,1067,11801,3556,1782034356,https://www.bilibili.com/video/BV1P2jt6YEn9,http://i0.hdslb.com/bfs/archive/7e029d35b87c4857651e3d9277b041f42ab1d866.jpg
2026-06-24,2026-06-24 23:07:32,65,BV1By7A6DEou,116792928243824,吃了3年的饺子馆要关门，最后去吃一顿，结果没想到...,盗月社食遇记,美食侦探,美食,212,993,907138,2293,1768,51392,40107,8384,1445,1782118881,https://www.bilibili.com/video/BV1By7A6DEou,http://i2.hdslb.com/bfs/archive/437a52c58717d2ecbae4e796e590e5fd9315a4b9.jpg
2026-06-24,2026-06-24 23:07:32,66,BV1HRjD6xEkV,116800696098424,这是一条求助视频（我最大的恐惧）,理查不会降落,美食记录,美食,215,205,712516,3037,4185,89544,9062,5098,1798,1782237679,https://www.bilibili.com/video/BV1HRjD6xEkV,http://i0.hdslb.com/bfs/archive/e55a594518dc3ea90146c52a809ea59237d4b486.jpg
2026-06-24,2026-06-24 23:07:32,67,BV1uPjr6zEck,116777090552204,老游戏的BOSS战设计，现在重玩依旧震撼...《战神3》,一口深井GameWell,单机游戏,游戏,17,459,1764520,1212,1454,60323,1072,7859,743,1782122400,https://www.bilibili.com/video/BV1uPjr6zEck,http://i2.hdslb.com/bfs/archive/6c02efc613fd29448198019076ab38700d748306.jpg
2026-06-24,2026-06-24 23:07:32,68,BV1tc7w6wEEx,116791921608066,最吃公式化打法的游戏来了,Toaster_ok,单机游戏,游戏,17,96,1043382,267,2333,86508,1546,25691,20233,1782103542,https://www.bilibili.com/video/BV1tc7w6wEEx,http://i0.hdslb.com/bfs/archive/554a19e87a033c94858a89cf025405db1109dd5a.jpg
2026-06-24,2026-06-24 23:07:32,69,BV1Tkjt6KEUd,116787358211683,当初我说假小子好 跟害你们似得,擦擦玩游戏,娱乐杂谈,娱乐杂谈,241,47,1658251,260,2291,101957,713,36035,4448,1782037800,https://www.bilibili.com/video/BV1Tkjt6KEUd,http://i1.hdslb.com/bfs/archive/e27a77e767aad466f77fd9eb5e40c492c2df80f0.jpg
2026-06-24,2026-06-24 23:07:32,70,BV1uu7K6VEAz,116793565910251,【科隆Major  数据雷达图】破除决赛魔咒！Niko终终终于圆梦了!,神秘猫头鹰,电子竞技,游戏,171,397,849913,6861,5775,42323,19603,10883,3297,1782128652,https://www.bilibili.com/video/BV1uu7K6VEAz,http://i0.hdslb.com/bfs/archive/4ebb1a4435cf6438ddd9e2d66125f692143431ad.jpg
2026-06-24,2026-06-24 23:07:32,71,BV1sH7g6SEJs,116797239987021,【IGN】《释放阿凡达》实机预告,IGN中国,单机游戏,游戏,17,290,1645847,4674,7838,64845,1603,5332,38527,1782185107,https://www.bilibili.com/video/BV1sH7g6SEJs,http://i0.hdslb.com/bfs/archive/366aa179c7c47ffffd547c0c8a09d9b1ef68d6b6.jpg
2026-06-24,2026-06-24 23:07:32,72,BV1MC7w6YEqD,116791183413442,【每日CS】八年，足够让少年将胡须长满脸庞，也足够让故事从波士顿写到科隆。【NiKo圆梦MAJOR】,每日CS2,电子竞技,游戏,171,106,1007439,1994,4859,92082,11091,9925,1771,1782092448,https://www.bilibili.com/video/BV1MC7w6YEqD,http://i0.hdslb.com/bfs/archive/2ff084e8080bb6dd94697f28199df58cadd11b35.jpg
2026-06-24,2026-06-24 23:07:32,73,BV1w37w6xEkp,116791871409819,“先把你的事办完再过来，孩子在这里安全得很！”孩子意外走失，民警妥善看护，宽慰母亲完成工作再前来。为暖心民警点赞！,人民日报,日常,生活,21,47,2171221,274,4243,151281,2097,3736,905,1782102733,https://www.bilibili.com/video/BV1w37w6xEkp,http://i2.hdslb.com/bfs/archive/312722b70957153834dbc9eeec2869efbb2ad1ac.jpg
2026-06-24,2026-06-24 23:07:32,74,BV1jJ7F63Eyn,116790680094049,🏆🦅“猎鹰夺冠！看哭100亿鹰美”🦅🏆,Chamri_Channel,电子竞技,游戏,171,211,644122,1328,2958,59736,16801,10412,4618,1782084900,https://www.bilibili.com/video/BV1jJ7F63Eyn,http://i0.hdslb.com/bfs/archive/0b6d6c05c3f1294ab0ea25c1c059076dc52bb3f1.jpg
2026-06-24,2026-06-24 23:07:32,75,BV1FSjy6iEs9,116798313861543,活着是折磨，死亡也不是终点！ 游戏 《Trench Face》剧情解说！,游点有趣,单机游戏,游戏,17,995,841733,333,253,60229,3211,40118,516,1782202430,https://www.bilibili.com/video/BV1FSjy6iEs9,http://i1.hdslb.com/bfs/archive/9266e4634020b8c107716afccd7b67248b5c6a47.jpg
2026-06-24,2026-06-24 23:07:32,76,BV1XX7c6qEKk,116791804239418,一碗潮汕猪脚饭，差点给我吃破产#日常vlog,演员王宁,美食记录,美食,215,338,1562119,2620,2162,75228,2058,3658,2595,1782117000,https://www.bilibili.com/video/BV1XX7c6qEKk,http://i2.hdslb.com/bfs/archive/6ebf37f9769e679fa36da9b75eb075f2ce2c3217.jpg
2026-06-24,2026-06-24 23:07:32,77,BV18q7w6qEYQ,116791250585021,4年前接住女童男子又跳海救人 ：脚底被缝了十几针，手机彻底报废,九派新闻,社会,社会,205,35,799290,1037,4794,159353,5526,3306,417,1782093346,https://www.bilibili.com/video/BV18q7w6qEYQ,http://i1.hdslb.com/bfs/archive/f6bb34b8dcd2d891122a19c46f224d3651a74c2c.jpg
2026-06-24,2026-06-24 23:07:32,78,BV1LR7N6XE4J,116793381362656,烽火地带新地图【AZ3】实录｜6月26日，直面抉择！,三角洲行动,GMV,GMV,121,214,1259710,920,2715,73084,2645,17707,2234,1782127800,https://www.bilibili.com/video/BV1LR7N6XE4J,http://i1.hdslb.com/bfs/archive/c630408f9370df52fbbde0d944cb4021935d44d5.jpg
2026-06-24,2026-06-24 23:07:32,79,BV1Rujb62EVn,116787123329993,假如你让太空死灵怀孕了！会发生什么？,爱冒险的柯基,鬼畜调教,鬼畜,22,511,748606,2363,4100,45955,6630,21814,3511,1782030295,https://www.bilibili.com/video/BV1Rujb62EVn,http://i2.hdslb.com/bfs/archive/7ed6dcbcb8086368725049e7ab5162518cf032f9.jpg
2026-06-24,2026-06-24 23:07:32,80,BV1ZC7A6HEkx,116793012192528,在中国最复杂的山系徒步2天1夜，终于明白横断山脉为什么这么特殊…,超Carry的柴西,出行,生活,250,1645,989620,2985,1415,37997,20220,12638,3455,1782123412,https://www.bilibili.com/video/BV1ZC7A6HEkx,http://i1.hdslb.com/bfs/archive/c97c2766bf0b54d1bfadae5443a2394873528b9c.jpg
2026-06-24,2026-06-24 23:07:32,81,BV1d8jC6bEBv,116779858791895,“那是我等待了一生的巨浪”【Changes-Remix】【不屈の小曲】,早睡起大王,音乐综合,音乐,130,163,1418937,233,1288,110620,1759,21873,717,1781920800,https://www.bilibili.com/video/BV1d8jC6bEBv,http://i1.hdslb.com/bfs/archive/73e76ff035bf2f87e78755842d288667e7426dae.jpg
2026-06-24,2026-06-24 23:07:32,82,BV1MD7K65EDz,116794924734203,🦐父亲节快乐，NIKO🦐,一袋鸽,鬼畜剧场,鬼畜剧场,216,131,1332129,727,2372,79334,3771,7512,13729,1782149505,https://www.bilibili.com/video/BV1MD7K65EDz,http://i0.hdslb.com/bfs/archive/c1d7a6704110dd423ead05bed8b99ce3ecec1c24.jpg
2026-06-24,2026-06-24 23:07:32,83,BV1ad7c6vEwF,116791703507259,这职业选手有力气——科隆Major特别篇final,CSGO国服,电子竞技,游戏,171,215,703702,925,2006,66377,3749,9621,2597,1782100059,https://www.bilibili.com/video/BV1ad7c6vEwF,http://i2.hdslb.com/bfs/archive/babf15ac684cf3a24c9e37216df1afce61a2a935.jpg
2026-06-24,2026-06-24 23:07:32,84,BV1cXjt6bE87,116787307875692,坏人绞尽脑汁，不如蠢人灵机一动！,没脸鉴车,汽车生活,汽车,176,378,1667432,6874,3597,70593,661,6037,857,1782036000,https://www.bilibili.com/video/BV1cXjt6bE87,http://i0.hdslb.com/bfs/archive/33e74ffe6af8e03fe49b8719ed6b0a1b835105c1.jpg
2026-06-24,2026-06-24 23:07:32,85,BV1PFjW6JEwD,116783734459350,"""请选择你的动漫姐妹花2.0""",ikemen咲夜,综合,综合,27,34,937490,474,3127,97835,833,31803,750,1782014400,https://www.bilibili.com/video/BV1PFjW6JEwD,http://i2.hdslb.com/bfs/archive/1af38263bbc0b1f4a6d6f59621342249a4196638.jpg
2026-06-24,2026-06-24 23:07:32,86,BV1oZjx6jEEb,116786083139031,诈骗警察这一块,源小仔,亲子,生活,254,19,1772313,100,921,183856,537,12041,787,1782014927,https://www.bilibili.com/video/BV1oZjx6jEEb,http://i1.hdslb.com/bfs/archive/aae9b4708046ce24059bb46a599fff2bce5456ee.jpg
2026-06-24,2026-06-24 23:07:32,87,BV1rB7A6REbE,116792995353753,🐧赛伊德：摸一颗海洋之泪？🐧,徐Toso,GMV,GMV,121,247,2151697,777,1669,93055,9888,27983,7230,1782120507,https://www.bilibili.com/video/BV1rB7A6REbE,http://i0.hdslb.com/bfs/archive/9d4bee5b77fcbe26ae913b8c70392a007842bd37.jpg
2026-06-24,2026-06-24 23:07:32,88,BV19ujb62EDf,116787123330784,第2集丨“天才在左，蜂子在右”,是DollDoll,影视剪辑,影视,183,100,1432848,108,408,92507,2903,22136,839,1782037500,https://www.bilibili.com/video/BV19ujb62EDf,http://i0.hdslb.com/bfs/archive/28c8cd83f04922479a48cc20d050804b62b2e792.jpg
2026-06-24,2026-06-24 23:07:32,89,BV1EFjb69E6W,116786888515150,你给水里加东西了？,技能多娇,搞笑,娱乐,138,112,2392452,669,1602,126458,1084,14308,1288,1782026761,https://www.bilibili.com/video/BV1EFjb69E6W,http://i0.hdslb.com/bfs/archive/64d5baf00ab9150322065ea0d8e45c481827925a.jpg
2026-06-24,2026-06-24 23:07:32,90,BV1Vk7M6tEgx,116796183020898,释放阿凡达Unleash The Avatar - 实机演示预告,UnleashTheAvatar,单机游戏,游戏,17,292,1430029,4752,9778,43146,5043,6704,39332,1782183600,https://www.bilibili.com/video/BV1Vk7M6tEgx,http://i2.hdslb.com/bfs/archive/a94463a44062379b3aa9dbb20bec0ba7cc3f5747.jpg
2026-06-24,2026-06-24 23:07:32,91,BV1CvLo6zEBt,116766386688462,大 周 礼 时 代(2),诸葛皮皮9527,小剧场,娱乐,85,69,1467209,608,3166,113395,3921,14912,4391,1782032400,https://www.bilibili.com/video/BV1CvLo6zEBt,http://i0.hdslb.com/bfs/archive/b380d30508b4a84e8f5ba2490b3ff35d1367616a.jpg
2026-06-24,2026-06-24 23:07:32,92,BV1A77P6FETG,116792307621765,南方医科大学陈晓光教授死磕20年：把蚊子工厂变成“男人国” ，把雌蚊变成雄蚊，后代将吸不了血，传不了代,极目新闻,社会,社会,205,31,1516400,839,7411,135355,1537,3522,2595,1782109348,https://www.bilibili.com/video/BV1A77P6FETG,http://i2.hdslb.com/bfs/archive/2b4b38128d16157339fd375df60eeccab7995728.jpg
2026-06-24,2026-06-24 23:07:32,93,BV15fjy6bE1X,116797877523624,当我学会向上叹气,顾笑笑笑,综合,综合,27,26,649554,497,3529,101390,5121,21233,9789,1782194357,https://www.bilibili.com/video/BV15fjy6bE1X,http://i1.hdslb.com/bfs/archive/69521d53431fd31e520bafb6dcee41a16882bb2a.jpg
2026-06-24,2026-06-24 23:07:32,94,BV1oDjH6vEGL,116782408927320,很多朋友好奇我的心理健康问题，说画的太压抑了，是不是抑郁了？有没有一种可能是画面里的内容过于真实了呢？,光光的小展厅,绘画,绘画,162,60,2168001,695,3050,152925,2196,11604,923,1781958374,https://www.bilibili.com/video/BV1oDjH6vEGL,http://i2.hdslb.com/bfs/archive/7c3805038944d1c94ae741d6b67a9e9dc72e1cdd.jpg
2026-06-24,2026-06-24 23:07:32,95,BV1nXj263EwP,116799119036683,爱丽丝飞吻小动画,明加壹喵,绘画,绘画,162,31,440212,51,1385,91781,6577,46780,4589,1782213145,https://www.bilibili.com/video/BV1nXj263EwP,http://i1.hdslb.com/bfs/archive/48171bc6ee4f64bcfd69496e326f65c009075c2e.jpg
2026-06-24,2026-06-24 23:07:32,96,BV1Zkj76sE9E,116780764764913,循环歌单|【Amazon】|“上课用网名点名这一块”,蛋某人音乐,乐评盘点,音乐,243,3085,3945079,148,1040,115970,790,33543,638,1782000000,https://www.bilibili.com/video/BV1Zkj76sE9E,http://i2.hdslb.com/bfs/archive/5e883c171ad4285a070c54a5855de584777d2ae0.jpg
2026-06-24,2026-06-24 23:07:32,97,BV1q67g6qE7R,116797038729972,不当火柴人就是好玩,三角洲-安澜,网络游戏,游戏,65,167,1875213,367,1524,67745,648,3605,429,1782181788,https://www.bilibili.com/video/BV1q67g6qE7R,http://i1.hdslb.com/bfs/archive/9a913f2842c80a9b631de079b520abac54672a03.jpg
2026-06-24,2026-06-24 23:07:32,98,BV1d27A6JEXW,116792911530110,乖巧小伙立正了,路西法Lusiferr,搞笑,娱乐,138,43,2809834,622,6129,99776,1605,7607,4368,1782129600,https://www.bilibili.com/video/BV1d27A6JEXW,http://i2.hdslb.com/bfs/archive/075484a028004bbfe3a01a714a9e2357ba02f293.jpg
2026-06-24,2026-06-24 23:07:32,99,BV1R5jc6zEXi,116770362887886,「西行封妖记」系列皮肤CG《一拜二拜三拜》——遇事拜一拜，好运马上来,王者荣耀,电子竞技,游戏,171,223,1391204,3974,8265,34691,4219,9678,16026,1782093600,https://www.bilibili.com/video/BV1R5jc6zEXi,http://i0.hdslb.com/bfs/archive/01d3f0d22ea4a782ebfca968df47357b657f3755.jpg
2026-06-24,2026-06-24 23:07:32,100,BV1FFjh6aEnj,116787794414443,报告！今天没有丢失妙脆角,待到春来冬夏去,绘画,绘画,162,18,608107,228,1339,113970,3629,29358,4125,1782040450,https://www.bilibili.com/video/BV1FFjh6aEnj,http://i0.hdslb.com/bfs/archive/8c9e707156f2046f16fead52461fcef93037b9c6.jpg
