rank_date,snapshot_time,rank_position,bvid,aid,title,author,category,main_category,tid,duration,view_count,danmaku_count,reply_count,like_count,coin_count,favorite_count,share_count,pubdate,video_url,cover_url
2026-06-20,2026-06-20 00:14:41,1,BV16Mjc6yEJd,116770430131075,《原神》至冬生态短片 - 凛寒的规约,原神,手机游戏,游戏,172,509,3273813,14785,16930,274048,69909,39376,37321,1781788200,https://www.bilibili.com/video/BV16Mjc6yEJd,http://i0.hdslb.com/bfs/archive/a55b011b2bb0d31974367c9a32c1f7257c6c2bc2.jpg
2026-06-20,2026-06-20 00:14:41,2,BV1B6LR6tEcD,116765229057404,不同价格的声音,李肆言哟,日常,生活,21,91,5471186,1942,4177,382359,7052,33600,5158,1781696260,https://www.bilibili.com/video/BV1B6LR6tEcD,http://i1.hdslb.com/bfs/archive/1fcb1aec42c67f54ac0e69e48af78efe6abb0e27.jpg
2026-06-20,2026-06-20 00:14:41,3,BV1Ftjw6DEmL,116769557711688,假如所有人被迫看着死亡回归,00kk君,MAD·AMV,MAD·AMV,24,4786,1763304,6960,8546,135310,46975,92197,7437,1781762186,https://www.bilibili.com/video/BV1Ftjw6DEmL,http://i2.hdslb.com/bfs/archive/9ab9adff76a9f537e7fae8a493c60fc0fa60feb5.jpg
2026-06-20,2026-06-20 00:14:41,4,BV1vwLX6yEM2,116765011221350,操 控 买 瓜,岩罗Crv,鬼畜剧场,鬼畜剧场,216,200,1955315,5724,3397,169637,57594,45712,14101,1781692838,https://www.bilibili.com/video/BV1vwLX6yEM2,http://i2.hdslb.com/bfs/archive/04e711636e551d2a581322fb9b21c4916ab63bfa.jpg
2026-06-20,2026-06-20 00:14:41,5,BV1eNLR6pERL,116765816392974,一扇没关的窗，闯进了一身防备的流浪猫妈妈暖暖，也打开了我温柔善良的另一人生。原来善良从来不是单向的付出，你温柔待众生，众生亦会温柔予你。,奇迹男孩1998,喵星人,喵星人,218,458,919455,2651,5258,172883,101444,16654,1950,1781705143,https://www.bilibili.com/video/BV1eNLR6pERL,http://i2.hdslb.com/bfs/archive/344ae88b1d159c4491e20618c3b67f5d9035ed95.jpg
2026-06-20,2026-06-20 00:14:41,6,BV14zLQ6aECD,116763115196878,【速凌】你永远都不知道挂机的哈基蜂到底在干嘛,高司令-速凌电竞,单机游戏,游戏,17,485,1918798,6957,3026,187821,60306,99302,2076,1781688600,https://www.bilibili.com/video/BV14zLQ6aECD,http://i2.hdslb.com/bfs/archive/76a66ddae84623b2abc9ddd8444f93d05cbd06e8.jpg
2026-06-20,2026-06-20 00:14:41,7,BV1pUJG6oEVS,116753787060825,没想到开水也能直接加进肉馅里？这样包子馅里的汤汁反而更多？,品诺美食开课啦,美食制作,美食,76,163,4682215,2120,6621,368526,28638,190871,29956,1781521614,https://www.bilibili.com/video/BV1pUJG6oEVS,http://i1.hdslb.com/bfs/archive/378a1b54cfa0920e77014bbb87854906953d94cc.jpg
2026-06-20,2026-06-20 00:14:41,8,BV1kLLd6eEhS,116767259169027,真捉真萌真实机——《伊莫》握爪测试定档7月2日,伊莫,单机游戏,游戏,17,481,3279234,1281,2814,121817,31197,56382,19464,1781740800,https://www.bilibili.com/video/BV1kLLd6eEhS,http://i0.hdslb.com/bfs/archive/811cd8aad6f533ad924daa80e490914feaf8f786.jpg
2026-06-20,2026-06-20 00:14:41,9,BV1Wzjg65EM6,116757746424408,在AI里抛硬币，概率是50%吗？,影视飓风,单机游戏,游戏,17,617,5359900,4681,4796,334974,48640,53804,9333,1781600400,https://www.bilibili.com/video/BV1Wzjg65EM6,http://i1.hdslb.com/bfs/archive/ba06201e7786575aaf3b77304c7f74e9c958eb05.jpg
2026-06-20,2026-06-20 00:14:41,10,BV1Skju6pETf,116758367178100,太硬核了！校运会开幕式上，马术系学生进行马术表演。网友：“鲜衣怒马少年时”具象化了！,人民日报,日常,生活,21,28,2859028,2158,11503,322605,5357,24999,6378,1781591444,https://www.bilibili.com/video/BV1Skju6pETf,http://i0.hdslb.com/bfs/archive/4313efdb415e08834f6bf5bbe63a1aaa24432663.jpg
2026-06-20,2026-06-20 00:14:41,11,BV1wmjA6dEDF,116770564284361,知更鸟爆改耀斑（完整版）,金咸鱼,手机游戏,游戏,172,190,1027790,810,3876,139252,9764,35774,23331,1781777799,https://www.bilibili.com/video/BV1wmjA6dEDF,http://i2.hdslb.com/bfs/archive/4d7ea8b39f8077d4875517dffd04c313f6261901.jpg
2026-06-20,2026-06-20 00:14:41,12,BV1wwE165EpD,116736741349278,《诡秘之主：愚者》首曝PV | 欢迎回来，愚者先生,诡秘之主愚者,GMV,GMV,121,157,2641306,4332,3606,121707,36418,41664,12264,1781658000,https://www.bilibili.com/video/BV1wwE165EpD,http://i1.hdslb.com/bfs/archive/190e57d8867c7683397960f926975cf3b0d88740.jpg
2026-06-20,2026-06-20 00:14:41,13,BV1Pqjc6REiP,116770111295217,“孩子的第一新声你希望是什么”【波西米亚狂想曲】【超级加倍の小曲】,早睡起大王,音乐综合,音乐,130,156,1954955,6288,5061,164667,3388,44128,19778,1781771400,https://www.bilibili.com/video/BV1Pqjc6REiP,http://i1.hdslb.com/bfs/archive/d691ffd8bb12633ac11c3ea944602fe0c037e31c.jpg
2026-06-20,2026-06-20 00:14:41,14,BV1ztj36rEjF,116759357163411,月薪三千去锯齿的正确方式、结尾带原理！,佛系小詹设计日常,设计·创意,设计·创意,229,47,3552489,128,1196,195037,6035,132185,1581,1781606612,https://www.bilibili.com/video/BV1ztj36rEjF,http://i1.hdslb.com/bfs/archive/25a4b941d05eb018db00872e5f6055f2dde2d455.jpg
2026-06-20,2026-06-20 00:14:41,15,BV1SKLD6NEdC,116763870105077,"【本家投稿】 TAK - 'numb numb' feat. Hatsune Miku, Kasane Teto",TAK_DRDR,MV,MV,193,176,647473,4127,2005,143766,54763,89220,6707,1781675534,https://www.bilibili.com/video/BV1SKLD6NEdC,http://i2.hdslb.com/bfs/archive/533d6c072b8ac980c2dfd607c9e7ce4ca7453347.jpg
2026-06-20,2026-06-20 00:14:41,16,BV1oZLQ6EEUE,116765061291679,要不说警方卧底都是人才！！！把我笑惨了！,谈苏阳,野生技能协会,野生技能协会,122,415,2375884,3894,2136,152001,10992,14220,2714,1781693713,https://www.bilibili.com/video/BV1oZLQ6EEUE,http://i2.hdslb.com/bfs/archive/1a23cbec593cbc43238681e184d312f37a0a910a.jpg
2026-06-20,2026-06-20 00:14:41,17,BV1aZLo69Emm,116768215404781,特朗普太好笑了！G7记者会现场，梦到哪句说哪句,小王Albert,人文历史,知识,228,525,1969939,6344,4625,131394,29133,16061,13251,1781741913,https://www.bilibili.com/video/BV1aZLo69Emm,http://i1.hdslb.com/bfs/archive/cf89405ea5fbec111da51bbc28c2b97d5762446d.jpg
2026-06-20,2026-06-20 00:14:41,18,BV1KSLd63EgS,116766554460639,倒反天罡，开局变僵尸，现在史蒂夫才是怪物【我是僵尸】,磊哥游戏,单机游戏,游戏,17,362,1887674,1528,3703,167422,13623,21955,3133,1781744400,https://www.bilibili.com/video/BV1KSLd63EgS,http://i0.hdslb.com/bfs/archive/a8074c1d277133be42cc5116f94bd564338abbdd.jpg
2026-06-20,2026-06-20 00:14:41,19,BV16Njg6qENt,116757914195122,请停留3秒，为“糖丸爷爷”顾方舟献花，他用一粒糖丸守护了中国几代孩子的健康,大象新闻,社会,社会,205,45,839344,9815,2473,445562,43093,13827,799,1781584607,https://www.bilibili.com/video/BV16Njg6qENt,http://i0.hdslb.com/bfs/archive/53b2e6d54a32e56d714f027d0354784983e1f85e.jpg
2026-06-20,2026-06-20 00:14:41,20,BV1dmJP6sEgd,116748384731561,迈克尔杰克逊的billiejean，斗胆跳一段。,特崮斯,篮球,运动,235,67,5791021,2980,13348,1007617,186452,113520,19607,1781439271,https://www.bilibili.com/video/BV1dmJP6sEgd,http://i2.hdslb.com/bfs/archive/d06b949e7976e0c255a0f4885cb8a3acf0165294.jpg
2026-06-20,2026-06-20 00:14:41,21,BV1BTjg6KEBB,116758098739712,泪…。,無無無鱼子,同人·手书,动画,47,17,1558979,285,3166,371882,8977,67749,5100,1781587312,https://www.bilibili.com/video/BV1BTjg6KEBB,http://i0.hdslb.com/bfs/archive/ad19127576eb3f2674730b84f05a4cea3025a63b.jpg
2026-06-20,2026-06-20 00:14:41,22,BV1mVjw6FEpX,116769524091628,《崩坏：星穹铁道》× 绿联联动小曲 | 爻光充能手势曲,帕姆的收藏夹,娱乐粉丝创作,娱乐,242,32,1854664,704,6385,266610,14043,53570,32842,1781776800,https://www.bilibili.com/video/BV1mVjw6FEpX,http://i0.hdslb.com/bfs/archive/bf2ccd843ca7fdf49f3738dd0a9dc8cfb6b5e61a.jpg
2026-06-20,2026-06-20 00:14:41,23,BV125jF6DELp,116768668456451,新娘农瘾有点重啊,浮世清欢落颜,搞笑,娱乐,138,18,3533416,1425,2819,279923,6552,12256,2309,1781748503,https://www.bilibili.com/video/BV125jF6DELp,http://i1.hdslb.com/bfs/archive/bd10735e3a5ebdab93f2115d56c192c5dcf2f2ab.jpg
2026-06-20,2026-06-20 00:14:41,24,BV1Zjj561EJo,116761873686110,“盛夏，蝉鸣，小小的傻龙~”,小陈的脚凑凑的,日常,生活,21,81,1451077,356,2369,185494,19394,60968,8525,1781651400,https://www.bilibili.com/video/BV1Zjj561EJo,http://i0.hdslb.com/bfs/archive/f0cbbb07ce381ffa8e92bd84fc2f77c47b6f7e4a.jpg
2026-06-20,2026-06-20 00:14:41,25,BV1TGj36QEpx,116759323483098,"几百只流浪猫猫搬到70,000平的林地，开启新生活。",五月妈院儿里的小流浪,喵星人,喵星人,218,391,1155235,2961,4437,129010,102394,20402,3985,1781606239,https://www.bilibili.com/video/BV1TGj36QEpx,http://i1.hdslb.com/bfs/archive/a3e630d8a1757bde0f399a4f08250b981511afff.jpg
2026-06-20,2026-06-20 00:14:41,26,BV1zqLR68EC3,116765195502036,游戏名称《Knuckle Jet》，需要大家来一波愿望单啊！上次是影游，这次是独立横版过关，每次都是不同的新尝试！离不开大家的支持！感谢！对它使用炎拳吧！,挪威老王,出行,生活,250,228,1342468,883,1616,142607,8593,12912,810,1781696131,https://www.bilibili.com/video/BV1zqLR68EC3,http://i0.hdslb.com/bfs/archive/1cacbbd68476837e12867c54e0312ca5fa8b532b.jpg
2026-06-20,2026-06-20 00:14:41,27,BV1LmjK6pEBk,116755783490540,不同人格打游戏,锤子game,搞笑,娱乐,138,86,4196037,1040,4937,260182,4651,21930,24079,1781582400,https://www.bilibili.com/video/BV1LmjK6pEBk,http://i1.hdslb.com/bfs/archive/d0d1e1b2fdab4bcdfadc7f0b05e997c96a918750.jpg
2026-06-20,2026-06-20 00:14:41,28,BV1T1jT6CEuh,116757494825615,我有勇气我都不怕！,张语潇与张师傅,演奏,演奏,59,38,1896020,371,3355,216152,33298,30805,8373,1781578139,https://www.bilibili.com/video/BV1T1jT6CEuh,http://i0.hdslb.com/bfs/archive/42fc13e203770c3098f01e07d612c0b3b7c02306.jpg
2026-06-20,2026-06-20 00:14:41,29,BV1bXLX6rE2h,116764457307659,我们要拍洛恩，不能只拍洛恩...【原神摄影】,语堂天天啃土,手机游戏,游戏,172,164,1273216,446,607,122437,7079,26151,2457,1781684487,https://www.bilibili.com/video/BV1bXLX6rE2h,http://i1.hdslb.com/bfs/archive/b1e013896c1f5b7a87106f6a5fabb9a5cdf9a517.jpg
2026-06-20,2026-06-20 00:14:41,30,BV1a4jG6cEFr,116760665658519,大 周 礼 时 代,诸葛皮皮9527,小剧场,娱乐,85,79,1940323,2107,9761,183862,5080,19924,4150,1781686800,https://www.bilibili.com/video/BV1a4jG6cEFr,http://i1.hdslb.com/bfs/archive/22bf7c025e6fb64222877fca92fdac69be641332.jpg
2026-06-20,2026-06-20 00:14:41,31,BV14VjF6HEGT,116768618060324,宇 宙 级 免 责 声 明,龙大人不喷火,鬼畜剧场,鬼畜剧场,216,92,2840186,1357,6578,189272,6749,14332,8567,1781780400,https://www.bilibili.com/video/BV14VjF6HEGT,http://i0.hdslb.com/bfs/archive/4089372d9471271137ac3ce69091a7ac0faf36f4.jpg
2026-06-20,2026-06-20 00:14:41,32,BV1PCLQ6fEzD,116764943850430,给日本人唱《Night Dancer》他们居然这反应！！,你哇哥233,翻唱,音乐,31,124,1646431,379,2255,172497,3900,25396,1945,1781692078,https://www.bilibili.com/video/BV1PCLQ6fEzD,http://i0.hdslb.com/bfs/archive/0ce4c855b026ac914a04d572a3fc70623b3db51b.jpg
2026-06-20,2026-06-20 00:14:41,33,BV1Qtjq6iEoF,116775228278653,祝大家端午節快樂,台灣館長,日常,生活,21,17,1323027,1539,6842,261202,6398,15524,17391,1781848904,https://www.bilibili.com/video/BV1Qtjq6iEoF,http://i1.hdslb.com/bfs/archive/bdd921fa27274787b2e615a36e2417695d23128d.jpg
2026-06-20,2026-06-20 00:14:41,34,BV1MqL96rEGB,116766185360102,【采访TV】亮马河站到了,大乾乾是顾乾宇,小剧场,娱乐,85,142,1957190,2261,3483,144127,4155,13783,9204,1781711180,https://www.bilibili.com/video/BV1MqL96rEGB,http://i0.hdslb.com/bfs/archive/890a8e1555cc67f2f169649e59db3518fb2058b3.jpg
2026-06-20,2026-06-20 00:14:41,35,BV1P1LQ6tEM1,116764927071967,那些美好的动物视频！,蒙哥马利愛学习,动物二创,动物二创,220,401,1442268,1468,1701,130982,1258,9338,1073,1781691731,https://www.bilibili.com/video/BV1P1LQ6tEM1,http://i0.hdslb.com/bfs/archive/4b9d7016a1a67c118033eeddbbe35b33ce4d84b4.jpg
2026-06-20,2026-06-20 00:14:41,36,BV1JNjg6BEZp,116757914327953,太行深山村医47年如一日，诠释医者仁心,油克东东,日常,生活,21,146,1018021,1218,2756,164654,70613,7196,438,1781584636,https://www.bilibili.com/video/BV1JNjg6BEZp,http://i0.hdslb.com/bfs/archive/b9ef0df589c79d9e895ea8603164faa376094f26.jpg
2026-06-20,2026-06-20 00:14:41,37,BV1PUL96PEts,116765732379597,【僵毁TV第二季】B42多人联机体验Be like:  S2E1,S4nya_,预告·资讯,影视,184,512,1218455,1645,1817,77511,30045,17904,3381,1781704402,https://www.bilibili.com/video/BV1PUL96PEts,http://i2.hdslb.com/bfs/archive/906c869efa27a1d76fcdcf04cc2d9842f894be50.jpg
2026-06-20,2026-06-20 00:14:41,38,BV1chJ36nECM,116752293893387,“明知故看”,刀月你好香,搞笑,娱乐,138,49,4080787,275,1318,228098,6614,39765,2743,1781498836,https://www.bilibili.com/video/BV1chJ36nECM,http://i1.hdslb.com/bfs/archive/e21aff48e6bb76122924820dd05c23ea48fcf005.jpg
2026-06-20,2026-06-20 00:14:41,39,BV1w2LQ6ZEoA,116764977594634,小猫meme,待到春来冬夏去,绘画,绘画,162,19,703591,321,2637,163279,7073,51021,7713,1781692216,https://www.bilibili.com/video/BV1w2LQ6ZEoA,http://i1.hdslb.com/bfs/archive/fd5bd223f1d24198a470c8bcce0952882843e3fb.jpg
2026-06-20,2026-06-20 00:14:41,40,BV1UrjT6LEyD,116757545091480,兔子：主公是内奸？,大丙搞笑配音,搞笑,娱乐,138,88,3345339,366,1696,224215,3110,63850,10315,1781578991,https://www.bilibili.com/video/BV1UrjT6LEyD,http://i1.hdslb.com/bfs/archive/93411e30f37b98188fbe034901430d25242da5df.jpg
2026-06-20,2026-06-20 00:14:41,41,BV17XjG6VEJG,116760313333805,“再见，徐霞客。”,王暖胃,日常,生活,21,216,766205,266,1676,76038,16797,25539,3944,1781621405,https://www.bilibili.com/video/BV17XjG6VEJG,http://i1.hdslb.com/bfs/archive/fcd40fce8c0af9dbc0872424785d435e1af6c125.jpg
2026-06-20,2026-06-20 00:14:41,42,BV1KTJN6kEuG,116748099586045,⚡️JOJO x 迈克尔杰克逊⚡️顶级智斗の【假死避雷】（同人）,Mr丶Ass,综合,综合,27,538,1074462,1783,1380,80566,13966,18146,5862,1781773200,https://www.bilibili.com/video/BV1KTJN6kEuG,http://i0.hdslb.com/bfs/archive/a526c48f6d7a7001202d512beb7f289dc455b206.jpg
2026-06-20,2026-06-20 00:14:41,43,BV1LHL96QEpS,116766017587955,我们成立团队了！,卡慕SaMa,单机游戏,游戏,17,278,954518,2052,10894,73017,9603,19022,4726,1781769600,https://www.bilibili.com/video/BV1LHL96QEpS,http://i2.hdslb.com/bfs/archive/dc223024e158e9a11516cd00465db416b3d5104d.jpg
2026-06-20,2026-06-20 00:14:41,44,BV1CWLX6hEZY,116764843181347,美国答应赔伊朗3000亿，但美国不出钱,麻薯波比呀,社科·法律·心理,知识,124,919,1489219,2936,4198,86750,14804,9091,1721,1781690326,https://www.bilibili.com/video/BV1CWLX6hEZY,http://i2.hdslb.com/bfs/archive/ce5e0131ca1678101e1a69867dd4da187a4f64b2.jpg
2026-06-20,2026-06-20 00:14:41,45,BV1EdLQ6DEnk,116765078133274,🍄2026最有深度的说唱🍄,纸片马力欧,日常,生活,21,56,1288888,446,2777,164953,4881,32026,20283,1781693849,https://www.bilibili.com/video/BV1EdLQ6DEnk,http://i1.hdslb.com/bfs/archive/1ddad6d7cacde25a39ba1e74002c5d18727efd01.jpg
2026-06-20,2026-06-20 00:14:41,46,BV1YmJ36BEpo,116754189653664,《言外之易》EP02丨向佐给易立竞说父亲花五亿扶不起他,易立竞丨言外之易,预告·资讯,影视,184,13897,1706975,29934,6970,48425,31273,24553,12009,1781582400,https://www.bilibili.com/video/BV1YmJ36BEpo,http://i2.hdslb.com/bfs/archive/c265a0afc7842ca9ac53b78fab63ce16ddb1e08f.jpg
2026-06-20,2026-06-20 00:14:41,47,BV1g8LQ6BEma,116763014471632,一个人自驾甘南秘境，风景鬼斧神工，天气阴晴不定,赖导AboutLai,出行,生活,250,4390,939680,9851,2826,63408,35425,20244,7574,1781690400,https://www.bilibili.com/video/BV1g8LQ6BEma,http://i0.hdslb.com/bfs/archive/f5e891c1e0c321cf911333f6b77c04c46771d058.jpg
2026-06-20,2026-06-20 00:14:41,48,BV1P8LR6KEhD,116765547895414,上海市中心，一百万能买到一室一厅一卫？,硬派东辰,汽车生活,汽车,176,486,2187926,2012,2331,96791,1970,6955,4403,1781701118,https://www.bilibili.com/video/BV1P8LR6KEhD,http://i1.hdslb.com/bfs/archive/179339e8aa4362b0b8710e966d69c486e5c234a7.jpg
2026-06-20,2026-06-20 00:14:41,49,BV17Qjg6KE2K,116759491254199,《锻刀大赛》长沙人·狗哥专场！up主与偶像双向奔赴的浪漫,沫子瞪片,影视杂谈,影视,182,1152,1817039,8777,2368,107972,31804,16353,1690,1781609078,https://www.bilibili.com/video/BV17Qjg6KE2K,http://i0.hdslb.com/bfs/archive/7fa2666efedfa2b47bcd77c03f4f2c6be5c47e16.jpg
2026-06-20,2026-06-20 00:14:41,50,BV1Acjc6JEA3,116770245445526,1234步职业厨师教你如何自助餐吃回本！,特厨隋坡,美食侦探,美食,212,321,1250184,2006,3191,99646,6818,7514,4387,1781772966,https://www.bilibili.com/video/BV1Acjc6JEA3,http://i2.hdslb.com/bfs/archive/8d7b8d169e2d7f977e27bd6c44566a73ae4cd8b0.jpg
2026-06-20,2026-06-20 00:14:41,51,BV1LAjP61EbF,116770732120927,［甲鱼meme］水宝宝,烫甲鱼,绘画,绘画,162,167,1324921,351,1330,88834,2854,19040,1832,1781780089,https://www.bilibili.com/video/BV1LAjP61EbF,http://i2.hdslb.com/bfs/archive/82e7bc476c47722f23af20e620bb6c13f4ee3c75.jpg
2026-06-20,2026-06-20 00:14:41,52,BV19kj36cEPS,116759004714843,识时务者为俊熊,抽象老祖Meme,电子竞技,游戏,171,15,1438067,785,6237,144005,2251,35421,29081,1781601140,https://www.bilibili.com/video/BV19kj36cEPS,http://i0.hdslb.com/bfs/archive/b605a95479bc225953025254ed3a7feed8720fc8.jpg
2026-06-20,2026-06-20 00:14:41,53,BV1USj36xEP1,116759189259299,大家好，我是铁蛋，今天小卖部正式关门了，聚是一团火，散是满天星，感谢大家并肩作战，说不伤心是假的，天下无不散的宴席，愿我们此去繁花似锦，江湖再见！,铁蛋儿小卖部B,搞笑,娱乐,138,205,1786066,502,3148,99242,4859,28522,10046,1781603991,https://www.bilibili.com/video/BV1USj36xEP1,http://i2.hdslb.com/bfs/archive/81aa20163cced34f187dfa32e5ba629dd4e01031.jpg
2026-06-20,2026-06-20 00:14:41,54,BV1Nyjq6dENe,116775043801036,挑战你们说我像谁我就模仿谁！事情发展到这一步，已经越来越离谱了。。。,李如儒也是李蠕蠕,小剧场,娱乐,85,151,1600747,3229,1944,130414,12538,5269,1058,1781846144,https://www.bilibili.com/video/BV1Nyjq6dENe,http://i1.hdslb.com/bfs/archive/0a51f7b766b553eeecb0f09765a9c38db7b7b6c6.jpg
2026-06-20,2026-06-20 00:14:41,55,BV1vMLR6nEbp,116765849948397,你以为的自然艺术，其实是一场视觉骗局！,艺术有毒,人文历史,知识,228,65,2605364,651,3558,138402,1451,16184,915,1781740800,https://www.bilibili.com/video/BV1vMLR6nEbp,http://i0.hdslb.com/bfs/archive/a2c5a1165ee05733a90621fe7bc8c0b472ceea59.jpg
2026-06-20,2026-06-20 00:14:41,56,BV1amLD6TEjs,116763752667959,【微纪录片】一朵蘑菇背后的十年,央视新闻,日常,生活,21,1396,2044220,1346,1084,83301,7222,6273,1108,1781673852,https://www.bilibili.com/video/BV1amLD6TEjs,http://i0.hdslb.com/bfs/archive/cd683ba30420e7d4f7f735b7e49bc7606e26fd04.jpg
2026-06-20,2026-06-20 00:14:41,57,BV1sCLQ6fEPJ,116764943915704,助眠的破防瞬间,-高泽宇,搞笑,娱乐,138,62,1893745,649,3052,144918,1682,16111,10786,1781702100,https://www.bilibili.com/video/BV1sCLQ6fEPJ,http://i2.hdslb.com/bfs/archive/a1705b747ac6c1830a59d0971c2b6e7ad39db000.jpg
2026-06-20,2026-06-20 00:14:41,58,BV1UkjT6yEPq,116757595422987,乘螺舟而至——《太吾绘卷》与中国独立游戏的八年,新华社,日常,生活,21,716,3478790,6549,8831,102610,20639,12966,17670,1781582100,https://www.bilibili.com/video/BV1UkjT6yEPq,http://i1.hdslb.com/bfs/archive/79c11095248e4800a41f3e8e4abea6fa13554783.jpg
2026-06-20,2026-06-20 00:14:41,59,BV16xLD6HESQ,116763920435357,“六耳”体验服实战强度！【王者峡谷农学奖】,奥特曼zz国一刘备凯,电子竞技,游戏,171,338,1162653,805,1284,83575,45954,11318,494,1781676416,https://www.bilibili.com/video/BV16xLD6HESQ,http://i2.hdslb.com/bfs/archive/017c4393dd768dd81e8c6941b92f143fa7130bb5.jpg
2026-06-20,2026-06-20 00:14:41,60,BV1qdjA6JExQ,116770547436927,当我忘记自己早已不再是18岁,CCCmlng小陈不憨,小剧场,娱乐,85,55,2585980,439,916,150262,1272,10189,2290,1781777440,https://www.bilibili.com/video/BV1qdjA6JExQ,http://i1.hdslb.com/bfs/archive/cd9fb4626c08ca1792780613e09573220c6b29e2.jpg
2026-06-20,2026-06-20 00:14:41,61,BV1HPLQ6xEXe,116763299678352,如果帅是一种天赋,柯洁,影视剪辑,影视,183,11,1727025,4288,8260,162164,3594,4957,3709,1781666721,https://www.bilibili.com/video/BV1HPLQ6xEXe,http://i1.hdslb.com/bfs/archive/42013129630134aa2f76f5e626341f4b40567d57.jpg
2026-06-20,2026-06-20 00:14:41,62,BV1BcJP6oEw5,116748552570821,《主任你说句话啊》,伤心欲茄222,搞笑,娱乐,138,179,4293027,1523,5198,368960,6816,19757,3551,1781509152,https://www.bilibili.com/video/BV1BcJP6oEw5,http://i2.hdslb.com/bfs/archive/8bd2d7dd01d2bb0e46134221396a5ebb1a79045a.jpg
2026-06-20,2026-06-20 00:14:41,63,BV1HXjj6fEwL,116761974278100,歌剧老师锐评《乘风破浪的姐姐2026》四公（下）,铁豆钢蛋,乐评盘点,音乐,243,4390,1050179,35105,8564,45524,31857,7137,1697,1781654400,https://www.bilibili.com/video/BV1HXjj6fEwL,http://i1.hdslb.com/bfs/archive/c7e643c4bb6aefe882ab51a7b4a3cc8dad52d978.jpg
2026-06-20,2026-06-20 00:14:41,64,BV1gNj364EK3,116759675799380,载物逆天头球破门，NiKo勇夺世界杯！,CSGO-QUQU,电子竞技,游戏,171,205,1899458,1264,2300,77080,10396,14237,29896,1781611437,https://www.bilibili.com/video/BV1gNj364EK3,http://i2.hdslb.com/bfs/archive/07f02584b19439cb7b3d0da4193aed158f37be1c.jpg
2026-06-20,2026-06-20 00:14:41,65,BV1MXj36sEhq,116759088666555,P1 谷中伊始【真必死难度+禁偷抢骗+纯净无模组】太吾绘卷天幕心帷全流程实况攻略,小米米沙,单机游戏,游戏,17,4532,473127,2710,2170,39843,40643,19960,1097,1781665200,https://www.bilibili.com/video/BV1MXj36sEhq,http://i2.hdslb.com/bfs/archive/10a7240d75e51e9a78f28832e4e399978fd28a8f.jpg
2026-06-20,2026-06-20 00:14:41,66,BV1BHjz6JEYR,116776067275498,游 龙,杨齐家_,单机游戏,游戏,17,1021,475109,5436,22433,58071,7719,6716,563,1781861701,https://www.bilibili.com/video/BV1BHjz6JEYR,http://i2.hdslb.com/bfs/archive/9cd16777210d57d4707e7989f160f598afd22677.jpg
2026-06-20,2026-06-20 00:14:41,67,BV1Rkjw6gEMV,116771352878826,《鸣潮》特别影像记录 | 玄方,鸣潮,手机游戏,游戏,172,108,1404419,3381,11858,79504,30096,10546,15165,1781838000,https://www.bilibili.com/video/BV1Rkjw6gEMV,http://i1.hdslb.com/bfs/archive/34afa8973c61fb8b7df7e22c67795c4a6a3be867.jpg
2026-06-20,2026-06-20 00:14:41,68,BV13XLX6kEHo,116764457440486,【加勒比海盗】谁发起了好莱坞史上最离谱的诉讼,小鹿绝招大飞脚,影视剪辑,影视,183,2097,4290240,5621,1808,118791,11365,35402,1431,1781684524,https://www.bilibili.com/video/BV13XLX6kEHo,http://i2.hdslb.com/bfs/archive/d3e8fed246fe5c136b81a35120cd5fe274be410e.jpg
2026-06-20,2026-06-20 00:14:41,69,BV1Qyj36fEj1,116759172487703,关羽玩家：苏打锋老师 我还记得你 闪电旋风劈 泰山陨石坠 藏兵术,Study苏打锋,电子竞技,游戏,171,179,1344837,432,1129,85276,4762,9455,3934,1781604188,https://www.bilibili.com/video/BV1Qyj36fEj1,http://i1.hdslb.com/bfs/archive/6b5e222226eba5c3c26e3f8e909296e1df0a2309.jpg
2026-06-20,2026-06-20 00:14:41,70,BV1mWLR6uExn,116765614936501,如果爱昴天团看到了死归全过程【2】,生锈的包子,综合,综合,27,387,968872,1118,3716,41923,12261,13744,1988,1781702200,https://www.bilibili.com/video/BV1mWLR6uExn,http://i1.hdslb.com/bfs/archive/3333903814e72ea1da627b1d61963aa90fd9f063.jpg
2026-06-20,2026-06-20 00:14:41,71,BV1gCju6XEMg,116758350470433,这是真拼豆！也是真炸鸡！,黑猫厨房,美食制作,美食,76,156,1688367,519,752,109536,20173,18801,5261,1781596800,https://www.bilibili.com/video/BV1gCju6XEMg,http://i0.hdslb.com/bfs/archive/6195e40b5cbe3941674e4fffaf3218408433d609.jpg
2026-06-20,2026-06-20 00:14:41,72,BV1hPjF6tEbJ,116769054267968,当我报错了志愿（读了很多书之后才发现，父母的三观跟我们不一样呜呜呜）,萧枭同学,搞笑,娱乐,138,170,1327797,419,673,77758,951,6661,328,1781775000,https://www.bilibili.com/video/BV1hPjF6tEbJ,http://i0.hdslb.com/bfs/archive/ef34e8badf7939aaffb3c6b435f1f3612000cfce.jpg
2026-06-20,2026-06-20 00:14:41,73,BV1caJw6ZEwT,116747445208084,你懂白鹿吗？——内娱嘉欣,玉玉__,娱乐粉丝创作,娱乐,242,710,6741545,14868,12172,370829,77480,96494,22344,1781425006,https://www.bilibili.com/video/BV1caJw6ZEwT,http://i1.hdslb.com/bfs/archive/b0e3f677673a83698198228b72e9ea8b69eb5cfa.jpg
2026-06-20,2026-06-20 00:14:41,74,BV1wULQ6xE1e,116764960626274,一个跟头十万八千里,云南交警,影视剪辑,影视,183,11,2178815,323,2651,120727,1228,12145,5152,1781692067,https://www.bilibili.com/video/BV1wULQ6xE1e,http://i0.hdslb.com/bfs/archive/2005343f22bfc6f5bacb1665403f34ffd775091c.jpg
2026-06-20,2026-06-20 00:14:41,75,BV1nsj36CEVi,116759457761166,广东最近的天气（2）（威尼斯篇）be like：,扬帆北冥号,家居房产,家居房产,239,62,1132960,425,2786,118643,1925,23487,7520,1781608168,https://www.bilibili.com/video/BV1nsj36CEVi,http://i0.hdslb.com/bfs/archive/e27e6048435de201fcc242b2ae1fb7d56634db98.jpg
2026-06-20,2026-06-20 00:14:41,76,BV1Fsj36CEo4,116759457694427,“墙那边根本就没有厕所2！！”,二三哥哥鸭,搞笑,娱乐,138,55,1659874,538,1171,131922,1600,21928,4209,1781608223,https://www.bilibili.com/video/BV1Fsj36CEo4,http://i0.hdslb.com/bfs/archive/f66f4afd7922201fc143f2f045ab29c8de3d5c49.jpg
2026-06-20,2026-06-20 00:14:41,77,BV1XGLR62EFQ,116765463944029,💖 致爱莉希雅～ 💖,河野华,仿妆cos,时尚,252,63,640125,796,1250,102973,16910,30536,2467,1781699852,https://www.bilibili.com/video/BV1XGLR62EFQ,http://i0.hdslb.com/bfs/archive/2215cf1aec0661393c875088a8cd6b91e5fb57b9.jpg
2026-06-20,2026-06-20 00:14:41,78,BV1e7jg6bEEk,116758048412874,在小溪里捞蚬子，在田野上抓小龙虾，用最简单的方法煮了个小龙虾煲，蚬子蒸着吃。没想到煮出来很美味，这些都是我在农村喜欢做的事。,少斌同学,田园美食,田园美食,214,208,1060570,890,1068,79333,8220,5489,467,1781586871,https://www.bilibili.com/video/BV1e7jg6bEEk,http://i1.hdslb.com/bfs/archive/c2587e530c5170bee5f0513af6449c663f541894.jpg
2026-06-20,2026-06-20 00:14:41,79,BV1TGj36QEWt,116759323483110,如何在亲戚家浪费一个下午,农民入门指南_Official,三农,生活,251,42,2204479,560,3443,136430,3070,13015,6003,1781606151,https://www.bilibili.com/video/BV1TGj36QEWt,http://i2.hdslb.com/bfs/archive/5a33cbc1087c86e0a67648de64a52aa9d4115486.jpg
2026-06-20,2026-06-20 00:14:41,80,BV1cNjc62Edi,116770262225952,故意带嘴硬男友去外面撸宠物蟑螂…他差点被双马尾吓哭！,是王小白呀,日常,生活,21,550,1326185,2720,1144,78169,2632,9134,2549,1781773506,https://www.bilibili.com/video/BV1cNjc62Edi,http://i1.hdslb.com/bfs/archive/ef9a657b0abdd65edac669ce3236abe6a14ca201.jpg
2026-06-20,2026-06-20 00:14:41,81,BV1zLL96dEjK,116764205711813,全剧血压最高的一集！熊家长PUA老师，24小时电话轰炸？韩剧《铁拳教育》第三期,小片片说大片,影视杂谈,影视,182,2099,1283896,5375,1365,50972,13289,11579,1311,1781690400,https://www.bilibili.com/video/BV1zLL96dEjK,http://i2.hdslb.com/bfs/archive/e8411b8808ad27f88832448e7e7379af8e2afccd.jpg
2026-06-20,2026-06-20 00:14:41,82,BV1E5L964E62,116764289535712,《绝了航天》亿！镜！到！底！（限定双人版！）,叶开叶师傅,单机游戏,游戏,17,297,1150426,345,472,62775,879,7487,435,1781690400,https://www.bilibili.com/video/BV1E5L964E62,http://i1.hdslb.com/bfs/archive/d16675651d2a7f12bbaed33ef45c705c1e24aecb.jpg
2026-06-20,2026-06-20 00:14:41,83,BV1T9jV6aEUv,116759910747559,我想应该是这样的,笔心无忧BX,绘画,绘画,162,91,1417576,1058,3046,104721,1650,12832,903,1781615089,https://www.bilibili.com/video/BV1T9jV6aEUv,http://i2.hdslb.com/bfs/archive/6a0f697a85bf2eed156ea84449e6ff42b721c2dc.jpg
2026-06-20,2026-06-20 00:14:41,84,BV1SjJV6qEWz,116753552120519,来杯好茶摇一摇,栗川芥,日常,生活,21,18,2016770,3514,6620,308068,7387,51773,14289,1781518053,https://www.bilibili.com/video/BV1SjJV6qEWz,http://i2.hdslb.com/bfs/archive/d58e1ac6b94f8fc2f1c3242df9764a8ef59b8c4f.jpg
2026-06-20,2026-06-20 00:14:41,85,BV1LPjL6CEsZ,116761353523631,"""人生没有白走的捷径 向下的不是自由.""",我爱吃派大星,音乐综合,音乐,130,337,2468533,818,3359,75144,2562,13588,1764,1781655600,https://www.bilibili.com/video/BV1LPjL6CEsZ,http://i1.hdslb.com/bfs/archive/a79ec1472eecca3acee329142fd843235e94a30f.jpg
2026-06-20,2026-06-20 00:14:41,86,BV1jnL96pEah,116764222424847,下场遇到恶意超速怎么办？,爱飙车的假司机,运动综合,运动,238,314,903315,443,4269,63555,660,6689,518,1781680931,https://www.bilibili.com/video/BV1jnL96pEah,http://i0.hdslb.com/bfs/archive/434bf65e38bf0811972b6a3693b2d3353da3876a.jpg
2026-06-20,2026-06-20 00:14:41,87,BV1EMjc6yExi,116770430060662,神奇的魔法王冠,路西法Lusiferr,搞笑,娱乐,138,15,2270658,325,3239,125992,885,6951,2552,1781784000,https://www.bilibili.com/video/BV1EMjc6yExi,http://i0.hdslb.com/bfs/archive/65097cf6e407553f76561bcf8641ce303dba3328.jpg
2026-06-20,2026-06-20 00:14:41,88,BV14Yjg6EEVp,116757813532059,讨厌让你孤身一人,Super小柴郡,MMD·3D,动画,25,21,477923,77,1322,135817,7274,46141,1944,1781583013,https://www.bilibili.com/video/BV14Yjg6EEVp,http://i2.hdslb.com/bfs/archive/239344241034b05bc366825d3ceb51bf634c5ba2.jpg
2026-06-20,2026-06-20 00:14:41,89,BV1NRjF6WEo5,116770312554363,史上最牛烤鱼店！整个楼层全倒闭！8年老店到底有多好吃？（江苏）@勇哥餐饮原创,勇哥餐饮避坑指南,日常,生活,21,1209,1001449,2081,4278,57643,2220,7617,5594,1781774030,https://www.bilibili.com/video/BV1NRjF6WEo5,http://i1.hdslb.com/bfs/archive/1ec68b4b2c3f30cd811e3fb34693cbc9ce03d001.jpg
2026-06-20,2026-06-20 00:14:41,90,BV1H4LD6QEgb,116763970903679,曼谷.戈登 厨子探店¥1500,真探唐仁杰,美食侦探,美食,212,350,1215326,947,1604,71233,1050,3041,502,1781686800,https://www.bilibili.com/video/BV1H4LD6QEgb,http://i0.hdslb.com/bfs/archive/1c5d8f42b778b3f7fe714237164f441fe1ffe00c.jpg
2026-06-20,2026-06-20 00:14:41,91,BV1aKjP6kE2F,116770631322253,有一个国家，半数人灵活就业，劳动法形同废纸,耳畔的猫头鹰,运动文化,运动文化,237,260,641950,12261,5277,50679,11817,10972,10905,1781778884,https://www.bilibili.com/video/BV1aKjP6kE2F,http://i2.hdslb.com/bfs/archive/01d96ea8ae2de2a0aad812aaf711fb4058dac8be.jpg
2026-06-20,2026-06-20 00:14:41,92,BV1fujG6kEJp,116758904112827,全球首张《西游记》全角色震撼大合影——它来了！,视觉暴徒,野生技能协会,野生技能协会,122,453,565517,1752,2686,61461,52163,18017,1375,1781599702,https://www.bilibili.com/video/BV1fujG6kEJp,http://i1.hdslb.com/bfs/archive/56c18524eb85841cd72fb7c4830bcff810f37f3f.jpg
2026-06-20,2026-06-20 00:14:41,93,BV1mpLo6mE7x,116766252469568,当bro得知EWC在法国🇫🇷举办#EWC电竞世俱杯##EWC2026#,Team_Spirit,日常,生活,21,31,1257895,219,1045,122413,1712,10863,2789,1781711700,https://www.bilibili.com/video/BV1mpLo6mE7x,http://i0.hdslb.com/bfs/archive/d2668147d4c2eee810b51532a4d60f896e2d675b.jpg
2026-06-20,2026-06-20 00:14:41,94,BV1PcLQ6bEhK,116763266255753,粽子实力排行,东方日出哇,特摄,动画,86,248,1239966,5817,8253,73714,1524,10113,1896,1781666211,https://www.bilibili.com/video/BV1PcLQ6bEhK,http://i2.hdslb.com/bfs/archive/59ba63889a64a88dfada940d0d56153f5cf3e737.jpg
2026-06-20,2026-06-20 00:14:41,95,BV1nCjg6rETZ,116759575136229,谁赢谁吃挑战古诗版！,三一八本人,搞笑,娱乐,138,606,1635523,3560,2207,60969,4246,5912,5928,1781610141,https://www.bilibili.com/video/BV1nCjg6rETZ,http://i0.hdslb.com/bfs/archive/5dc62016c5b8ccd0d32a84de76b8a3a7f53926b5.jpg
2026-06-20,2026-06-20 00:14:41,96,BV1C4LX6bEUN,116764742522472,吃不完的西瓜,军老弟弟,美食制作,美食,76,117,1944591,6878,4329,92483,2004,9775,6596,1781688722,https://www.bilibili.com/video/BV1C4LX6bEUN,http://i1.hdslb.com/bfs/archive/64ca8d2eb4f9ccf2e3bda851b9842422d53bf858.jpg
2026-06-20,2026-06-20 00:14:41,97,BV1X4L96EE99,116766034497155,你要出的忍者都这质量，骂声起码少一半,叶忍菌,手机游戏,游戏,172,334,1698822,406,2577,54982,610,4826,849,1781708753,https://www.bilibili.com/video/BV1X4L96EE99,http://i0.hdslb.com/bfs/archive/7698a13588a2339d56a09d700873a922baf45ad7.jpg
2026-06-20,2026-06-20 00:14:41,98,BV1UdjV6FEYF,116759893906951,👴👉🐺🍄再玩不到核电站我就要变身啦！！！【老年三角洲行动】,Lee唉咯,网络游戏,游戏,65,192,1223488,238,347,58011,2218,5635,610,1781689500,https://www.bilibili.com/video/BV1UdjV6FEYF,http://i1.hdslb.com/bfs/archive/b2c5ac6d3a44d3d5845c2e0edb212da59739aa0d.jpg
2026-06-20,2026-06-20 00:14:41,99,BV1iYja6ZEzZ,116772007121339,小时候开智之前,西维西师傅,搞笑,娱乐,138,43,2175484,356,1087,127955,856,4901,867,1781799781,https://www.bilibili.com/video/BV1iYja6ZEzZ,http://i0.hdslb.com/bfs/archive/7ad399f31462cf8f6d445897c904df38282369d8.jpg
2026-06-20,2026-06-20 00:14:41,100,BV1F4LD6QE2R,116763970833004,全网最尊重永雏塔菲的游戏出现了,尴尬的铁根er,网络游戏,游戏,65,176,983433,239,756,72256,495,5308,1565,1781694000,https://www.bilibili.com/video/BV1F4LD6QE2R,http://i2.hdslb.com/bfs/archive/766a1d37e501a60e73d3bf045c8ba3a186cc40f2.jpg
2026-06-20,2026-06-20 02:09:55,1,BV16Mjc6yEJd,116770430131075,《原神》至冬生态短片 - 凛寒的规约,原神,手机游戏,游戏,172,509,3329523,15043,17109,278627,70579,39874,37661,1781788200,https://www.bilibili.com/video/BV16Mjc6yEJd,http://i0.hdslb.com/bfs/archive/a55b011b2bb0d31974367c9a32c1f7257c6c2bc2.jpg
2026-06-20,2026-06-20 02:09:55,2,BV1B6LR6tEcD,116765229057404,不同价格的声音,李肆言哟,日常,生活,21,91,5615705,2134,4330,393293,7474,34766,5531,1781696260,https://www.bilibili.com/video/BV1B6LR6tEcD,http://i1.hdslb.com/bfs/archive/1fcb1aec42c67f54ac0e69e48af78efe6abb0e27.jpg
2026-06-20,2026-06-20 02:09:55,3,BV1Ftjw6DEmL,116769557711688,假如所有人被迫看着死亡回归,00kk君,MAD·AMV,MAD·AMV,24,4786,1819916,7330,8974,140053,49656,95673,7787,1781762186,https://www.bilibili.com/video/BV1Ftjw6DEmL,http://i2.hdslb.com/bfs/archive/9ab9adff76a9f537e7fae8a493c60fc0fa60feb5.jpg
2026-06-20,2026-06-20 02:09:55,4,BV1vwLX6yEM2,116765011221350,操 控 买 瓜,岩罗Crv,鬼畜剧场,鬼畜剧场,216,200,2008897,5988,3464,174449,59544,47184,14517,1781692838,https://www.bilibili.com/video/BV1vwLX6yEM2,http://i2.hdslb.com/bfs/archive/04e711636e551d2a581322fb9b21c4916ab63bfa.jpg
2026-06-20,2026-06-20 02:09:55,5,BV1eNLR6pERL,116765816392974,一扇没关的窗，闯进了一身防备的流浪猫妈妈暖暖，也打开了我温柔善良的另一人生。原来善良从来不是单向的付出，你温柔待众生，众生亦会温柔予你。,奇迹男孩1998,喵星人,喵星人,218,458,938036,2697,5339,177272,104816,17176,2004,1781705143,https://www.bilibili.com/video/BV1eNLR6pERL,http://i2.hdslb.com/bfs/archive/344ae88b1d159c4491e20618c3b67f5d9035ed95.jpg
2026-06-20,2026-06-20 02:09:55,6,BV14zLQ6aECD,116763115196878,【速凌】你永远都不知道挂机的哈基蜂到底在干嘛,高司令-速凌电竞,单机游戏,游戏,17,485,1928709,7017,3044,188747,60629,99616,2090,1781688600,https://www.bilibili.com/video/BV14zLQ6aECD,http://i2.hdslb.com/bfs/archive/76a66ddae84623b2abc9ddd8444f93d05cbd06e8.jpg
2026-06-20,2026-06-20 02:09:55,7,BV1kLLd6eEhS,116767259169027,真捉真萌真实机——《伊莫》握爪测试定档7月2日,伊莫,单机游戏,游戏,17,481,3281726,1283,2840,121842,31200,56387,19476,1781740800,https://www.bilibili.com/video/BV1kLLd6eEhS,http://i0.hdslb.com/bfs/archive/811cd8aad6f533ad924daa80e490914feaf8f786.jpg
2026-06-20,2026-06-20 02:09:55,8,BV1Skju6pETf,116758367178100,太硬核了！校运会开幕式上，马术系学生进行马术表演。网友：“鲜衣怒马少年时”具象化了！,人民日报,日常,生活,21,28,2870887,2168,11553,324471,5398,25133,6417,1781591444,https://www.bilibili.com/video/BV1Skju6pETf,http://i0.hdslb.com/bfs/archive/4313efdb415e08834f6bf5bbe63a1aaa24432663.jpg
2026-06-20,2026-06-20 02:09:55,9,BV1Pqjc6REiP,116770111295217,“孩子的第一新声你希望是什么”【波西米亚狂想曲】【超级加倍の小曲】,早睡起大王,音乐综合,音乐,130,156,2039295,6548,5314,172688,3588,45693,20829,1781771400,https://www.bilibili.com/video/BV1Pqjc6REiP,http://i1.hdslb.com/bfs/archive/d691ffd8bb12633ac11c3ea944602fe0c037e31c.jpg
2026-06-20,2026-06-20 02:09:55,10,BV1pUJG6oEVS,116753787060825,没想到开水也能直接加进肉馅里？这样包子馅里的汤汁反而更多？,品诺美食开课啦,美食制作,美食,76,163,4717287,2134,6693,371788,28960,192675,30125,1781521614,https://www.bilibili.com/video/BV1pUJG6oEVS,http://i1.hdslb.com/bfs/archive/378a1b54cfa0920e77014bbb87854906953d94cc.jpg
2026-06-20,2026-06-20 02:09:55,11,BV1wmjA6dEDF,116770564284361,知更鸟爆改耀斑（完整版）,金咸鱼,手机游戏,游戏,172,190,1052519,822,3959,142097,10073,36558,23746,1781777799,https://www.bilibili.com/video/BV1wmjA6dEDF,http://i2.hdslb.com/bfs/archive/4d7ea8b39f8077d4875517dffd04c313f6261901.jpg
2026-06-20,2026-06-20 02:09:55,12,BV1wwE165EpD,116736741349278,《诡秘之主：愚者》首曝PV | 欢迎回来，愚者先生,诡秘之主愚者,GMV,GMV,121,157,2644917,4344,3618,121894,36446,41694,12292,1781658000,https://www.bilibili.com/video/BV1wwE165EpD,http://i1.hdslb.com/bfs/archive/190e57d8867c7683397960f926975cf3b0d88740.jpg
2026-06-20,2026-06-20 02:09:55,13,BV1oZLQ6EEUE,116765061291679,要不说警方卧底都是人才！！！把我笑惨了！,谈苏阳,野生技能协会,野生技能协会,122,415,2424100,3973,2174,155283,11222,14493,2758,1781693713,https://www.bilibili.com/video/BV1oZLQ6EEUE,http://i2.hdslb.com/bfs/archive/1a23cbec593cbc43238681e184d312f37a0a910a.jpg
2026-06-20,2026-06-20 02:09:55,14,BV1SKLD6NEdC,116763870105077,"【本家投稿】 TAK - 'numb numb' feat. Hatsune Miku, Kasane Teto",TAK_DRDR,MV,MV,193,176,656660,4192,2034,145703,55536,90368,6822,1781675534,https://www.bilibili.com/video/BV1SKLD6NEdC,http://i2.hdslb.com/bfs/archive/533d6c072b8ac980c2dfd607c9e7ce4ca7453347.jpg
2026-06-20,2026-06-20 02:09:55,15,BV1aZLo69Emm,116768215404781,特朗普太好笑了！G7记者会现场，梦到哪句说哪句,小王Albert,人文历史,知识,228,525,2020553,6417,4684,133895,29640,16441,13505,1781741913,https://www.bilibili.com/video/BV1aZLo69Emm,http://i1.hdslb.com/bfs/archive/cf89405ea5fbec111da51bbc28c2b97d5762446d.jpg
2026-06-20,2026-06-20 02:09:55,16,BV1ztj36rEjF,116759357163411,月薪三千去锯齿的正确方式、结尾带原理！,佛系小詹设计日常,设计·创意,设计·创意,229,47,3574296,129,1199,196592,6076,133113,1594,1781606612,https://www.bilibili.com/video/BV1ztj36rEjF,http://i1.hdslb.com/bfs/archive/25a4b941d05eb018db00872e5f6055f2dde2d455.jpg
2026-06-20,2026-06-20 02:09:55,17,BV1Wzjg65EM6,116757746424408,在AI里抛硬币，概率是50%吗？,影视飓风,单机游戏,游戏,17,617,5368307,4693,4805,335337,48798,53888,9368,1781600400,https://www.bilibili.com/video/BV1Wzjg65EM6,http://i1.hdslb.com/bfs/archive/ba06201e7786575aaf3b77304c7f74e9c958eb05.jpg
2026-06-20,2026-06-20 02:09:55,18,BV1KSLd63EgS,116766554460639,倒反天罡，开局变僵尸，现在史蒂夫才是怪物【我是僵尸】,磊哥游戏,单机游戏,游戏,17,362,1907389,1534,3727,168925,13754,22197,3164,1781744400,https://www.bilibili.com/video/BV1KSLd63EgS,http://i0.hdslb.com/bfs/archive/a8074c1d277133be42cc5116f94bd564338abbdd.jpg
2026-06-20,2026-06-20 02:09:55,19,BV16Njg6qENt,116757914195122,请停留3秒，为“糖丸爷爷”顾方舟献花，他用一粒糖丸守护了中国几代孩子的健康,大象新闻,社会,社会,205,45,839785,9819,2474,445768,43119,13835,802,1781584607,https://www.bilibili.com/video/BV16Njg6qENt,http://i0.hdslb.com/bfs/archive/53b2e6d54a32e56d714f027d0354784983e1f85e.jpg
2026-06-20,2026-06-20 02:09:55,20,BV1Zjj561EJo,116761873686110,“盛夏，蝉鸣，小小的傻龙~”,小陈的脚凑凑的,日常,生活,21,81,1464171,357,2392,187127,19613,61483,8591,1781651400,https://www.bilibili.com/video/BV1Zjj561EJo,http://i0.hdslb.com/bfs/archive/f0cbbb07ce381ffa8e92bd84fc2f77c47b6f7e4a.jpg
2026-06-20,2026-06-20 02:09:55,21,BV1mVjw6FEpX,116769524091628,《崩坏：星穹铁道》× 绿联联动小曲 | 爻光充能手势曲,帕姆的收藏夹,娱乐粉丝创作,娱乐,242,32,1887825,717,6517,271104,14383,54420,33216,1781776800,https://www.bilibili.com/video/BV1mVjw6FEpX,http://i0.hdslb.com/bfs/archive/bf2ccd843ca7fdf49f3738dd0a9dc8cfb6b5e61a.jpg
2026-06-20,2026-06-20 02:09:55,22,BV1BTjg6KEBB,116758098739712,泪…。,無無無鱼子,同人·手书,动画,47,17,1563230,286,3167,373207,9023,68019,5110,1781587312,https://www.bilibili.com/video/BV1BTjg6KEBB,http://i0.hdslb.com/bfs/archive/ad19127576eb3f2674730b84f05a4cea3025a63b.jpg
2026-06-20,2026-06-20 02:09:55,23,BV125jF6DELp,116768668456451,新娘农瘾有点重啊,浮世清欢落颜,搞笑,娱乐,138,18,3602274,1451,2824,284608,6663,12459,2357,1781748503,https://www.bilibili.com/video/BV125jF6DELp,http://i1.hdslb.com/bfs/archive/bd10735e3a5ebdab93f2115d56c192c5dcf2f2ab.jpg
2026-06-20,2026-06-20 02:09:55,24,BV1Qtjq6iEoF,116775228278653,祝大家端午節快樂,台灣館長,日常,生活,21,17,1515247,2133,7569,297239,7364,17593,19458,1781848904,https://www.bilibili.com/video/BV1Qtjq6iEoF,http://i1.hdslb.com/bfs/archive/bdd921fa27274787b2e615a36e2417695d23128d.jpg
2026-06-20,2026-06-20 02:09:55,25,BV1dmJP6sEgd,116748384731561,迈克尔杰克逊的billiejean，斗胆跳一段。,特崮斯,篮球,运动,235,67,5839490,3008,13425,1016279,188304,114583,19816,1781439271,https://www.bilibili.com/video/BV1dmJP6sEgd,http://i2.hdslb.com/bfs/archive/d06b949e7976e0c255a0f4885cb8a3acf0165294.jpg
2026-06-20,2026-06-20 02:09:55,26,BV14VjF6HEGT,116768618060324,宇 宙 级 免 责 声 明,龙大人不喷火,鬼畜剧场,鬼畜剧场,216,92,3049119,1434,7028,201058,7359,15476,9135,1781780400,https://www.bilibili.com/video/BV14VjF6HEGT,http://i0.hdslb.com/bfs/archive/4089372d9471271137ac3ce69091a7ac0faf36f4.jpg
2026-06-20,2026-06-20 02:09:55,27,BV1zqLR68EC3,116765195502036,游戏名称《Knuckle Jet》，需要大家来一波愿望单啊！上次是影游，这次是独立横版过关，每次都是不同的新尝试！离不开大家的支持！感谢！对它使用炎拳吧！,挪威老王,出行,生活,250,228,1351891,894,1623,143732,8655,13008,822,1781696131,https://www.bilibili.com/video/BV1zqLR68EC3,http://i0.hdslb.com/bfs/archive/1cacbbd68476837e12867c54e0312ca5fa8b532b.jpg
2026-06-20,2026-06-20 02:09:55,28,BV1T1jT6CEuh,116757494825615,我有勇气我都不怕！,张语潇与张师傅,演奏,演奏,59,38,1935980,374,3430,220601,34133,31595,8546,1781578139,https://www.bilibili.com/video/BV1T1jT6CEuh,http://i0.hdslb.com/bfs/archive/42fc13e203770c3098f01e07d612c0b3b7c02306.jpg
2026-06-20,2026-06-20 02:09:55,29,BV1bXLX6rE2h,116764457307659,我们要拍洛恩，不能只拍洛恩...【原神摄影】,语堂天天啃土,手机游戏,游戏,172,164,1280693,452,613,123512,7140,26347,2471,1781684487,https://www.bilibili.com/video/BV1bXLX6rE2h,http://i1.hdslb.com/bfs/archive/b1e013896c1f5b7a87106f6a5fabb9a5cdf9a517.jpg
2026-06-20,2026-06-20 02:09:55,30,BV1a4jG6cEFr,116760665658519,大 周 礼 时 代,诸葛皮皮9527,小剧场,娱乐,85,79,1953922,2123,9839,185152,5129,20093,4196,1781686800,https://www.bilibili.com/video/BV1a4jG6cEFr,http://i1.hdslb.com/bfs/archive/22bf7c025e6fb64222877fca92fdac69be641332.jpg
2026-06-20,2026-06-20 02:09:55,31,BV1TGj36QEpx,116759323483098,"几百只流浪猫猫搬到70,000平的林地，开启新生活。",五月妈院儿里的小流浪,喵星人,喵星人,218,391,1164502,2987,4460,130442,103497,20573,4021,1781606239,https://www.bilibili.com/video/BV1TGj36QEpx,http://i1.hdslb.com/bfs/archive/a3e630d8a1757bde0f399a4f08250b981511afff.jpg
2026-06-20,2026-06-20 02:09:55,32,BV1PCLQ6fEzD,116764943850430,给日本人唱《Night Dancer》他们居然这反应！！,你哇哥233,翻唱,音乐,31,124,1667040,384,2302,174982,3958,25686,2018,1781692078,https://www.bilibili.com/video/BV1PCLQ6fEzD,http://i0.hdslb.com/bfs/archive/0ce4c855b026ac914a04d572a3fc70623b3db51b.jpg
2026-06-20,2026-06-20 02:09:55,33,BV1MqL96rEGB,116766185360102,【采访TV】亮马河站到了,大乾乾是顾乾宇,小剧场,娱乐,85,142,1965682,2297,3512,145293,4216,13915,9307,1781711180,https://www.bilibili.com/video/BV1MqL96rEGB,http://i0.hdslb.com/bfs/archive/890a8e1555cc67f2f169649e59db3518fb2058b3.jpg
2026-06-20,2026-06-20 02:09:55,34,BV1P1LQ6tEM1,116764927071967,那些美好的动物视频！,蒙哥马利愛学习,动物二创,动物二创,220,401,1454854,1479,1714,132270,1280,9415,1097,1781691731,https://www.bilibili.com/video/BV1P1LQ6tEM1,http://i0.hdslb.com/bfs/archive/4b9d7016a1a67c118033eeddbbe35b33ce4d84b4.jpg
2026-06-20,2026-06-20 02:09:55,35,BV1PUL96PEts,116765732379597,【僵毁TV第二季】B42多人联机体验Be like:  S2E1,S4nya_,预告·资讯,影视,184,512,1234276,1656,1830,78288,30298,18119,3415,1781704402,https://www.bilibili.com/video/BV1PUL96PEts,http://i2.hdslb.com/bfs/archive/906c869efa27a1d76fcdcf04cc2d9842f894be50.jpg
2026-06-20,2026-06-20 02:09:55,36,BV1LmjK6pEBk,116755783490540,不同人格打游戏,锤子game,搞笑,娱乐,138,86,4224106,1046,4969,262166,4702,22133,24212,1781582400,https://www.bilibili.com/video/BV1LmjK6pEBk,http://i1.hdslb.com/bfs/archive/d0d1e1b2fdab4bcdfadc7f0b05e997c96a918750.jpg
2026-06-20,2026-06-20 02:09:55,37,BV1w2LQ6ZEoA,116764977594634,小猫meme,待到春来冬夏去,绘画,绘画,162,19,725956,325,2709,168393,7364,52349,7955,1781692216,https://www.bilibili.com/video/BV1w2LQ6ZEoA,http://i1.hdslb.com/bfs/archive/fd5bd223f1d24198a470c8bcce0952882843e3fb.jpg
2026-06-20,2026-06-20 02:09:55,38,BV1Nyjq6dENe,116775043801036,挑战你们说我像谁我就模仿谁！事情发展到这一步，已经越来越离谱了。。。,李如儒也是李蠕蠕,小剧场,娱乐,85,151,1811107,3475,2123,145921,13904,6013,1197,1781846144,https://www.bilibili.com/video/BV1Nyjq6dENe,http://i1.hdslb.com/bfs/archive/0a51f7b766b553eeecb0f09765a9c38db7b7b6c6.jpg
2026-06-20,2026-06-20 02:09:55,39,BV1chJ36nECM,116752293893387,“明知故看”,刀月你好香,搞笑,娱乐,138,49,4220796,279,1345,236318,6812,40860,2907,1781498836,https://www.bilibili.com/video/BV1chJ36nECM,http://i1.hdslb.com/bfs/archive/e21aff48e6bb76122924820dd05c23ea48fcf005.jpg
2026-06-20,2026-06-20 02:09:55,40,BV1EdLQ6DEnk,116765078133274,🍄2026最有深度的说唱🍄,纸片马力欧,日常,生活,21,56,1428795,473,3005,179102,5473,35188,21839,1781693849,https://www.bilibili.com/video/BV1EdLQ6DEnk,http://i1.hdslb.com/bfs/archive/1ddad6d7cacde25a39ba1e74002c5d18727efd01.jpg
2026-06-20,2026-06-20 02:09:55,41,BV1LAjP61EbF,116770732120927,［甲鱼meme］水宝宝,烫甲鱼,绘画,绘画,162,167,1484159,378,1482,97668,3215,20982,2003,1781780089,https://www.bilibili.com/video/BV1LAjP61EbF,http://i2.hdslb.com/bfs/archive/82e7bc476c47722f23af20e620bb6c13f4ee3c75.jpg
2026-06-20,2026-06-20 02:09:55,42,BV1JNjg6BEZp,116757914327953,太行深山村医47年如一日，诠释医者仁心,油克东东,日常,生活,21,146,1025780,1224,2777,166213,71182,7268,444,1781584636,https://www.bilibili.com/video/BV1JNjg6BEZp,http://i0.hdslb.com/bfs/archive/b9ef0df589c79d9e895ea8603164faa376094f26.jpg
2026-06-20,2026-06-20 02:09:55,43,BV1KTJN6kEuG,116748099586045,⚡️JOJO x 迈克尔杰克逊⚡️顶级智斗の【假死避雷】（同人）,Mr丶Ass,综合,综合,27,538,1135918,1860,1477,84220,14944,19229,6224,1781773200,https://www.bilibili.com/video/BV1KTJN6kEuG,http://i0.hdslb.com/bfs/archive/a526c48f6d7a7001202d512beb7f289dc455b206.jpg
2026-06-20,2026-06-20 02:09:55,44,BV1UrjT6LEyD,116757545091480,兔子：主公是内奸？,大丙搞笑配音,搞笑,娱乐,138,88,3432719,376,1749,230717,3183,64750,10530,1781578991,https://www.bilibili.com/video/BV1UrjT6LEyD,http://i1.hdslb.com/bfs/archive/93411e30f37b98188fbe034901430d25242da5df.jpg
2026-06-20,2026-06-20 02:09:55,45,BV17XjG6VEJG,116760313333805,“再见，徐霞客。”,王暖胃,日常,生活,21,216,780458,272,1709,77783,17202,26271,4010,1781621405,https://www.bilibili.com/video/BV17XjG6VEJG,http://i1.hdslb.com/bfs/archive/fcd40fce8c0af9dbc0872424785d435e1af6c125.jpg
2026-06-20,2026-06-20 02:09:55,46,BV1LHL96QEpS,116766017587955,我们成立团队了！,卡慕SaMa,单机游戏,游戏,17,278,972773,2065,11050,73957,9698,19308,4793,1781769600,https://www.bilibili.com/video/BV1LHL96QEpS,http://i2.hdslb.com/bfs/archive/dc223024e158e9a11516cd00465db416b3d5104d.jpg
2026-06-20,2026-06-20 02:09:55,47,BV1YmJ36BEpo,116754189653664,《言外之易》EP02丨向佐给易立竞说父亲花五亿扶不起他,易立竞丨言外之易,预告·资讯,影视,184,13897,1753215,31102,7220,50837,33008,25934,12431,1781582400,https://www.bilibili.com/video/BV1YmJ36BEpo,http://i2.hdslb.com/bfs/archive/c265a0afc7842ca9ac53b78fab63ce16ddb1e08f.jpg
2026-06-20,2026-06-20 02:09:55,48,BV1P8LR6KEhD,116765547895414,上海市中心，一百万能买到一室一厅一卫？,硬派东辰,汽车生活,汽车,176,486,2251850,2079,2451,99090,2025,7131,4545,1781701118,https://www.bilibili.com/video/BV1P8LR6KEhD,http://i1.hdslb.com/bfs/archive/179339e8aa4362b0b8710e966d69c486e5c234a7.jpg
2026-06-20,2026-06-20 02:09:55,49,BV1CWLX6hEZY,116764843181347,美国答应赔伊朗3000亿，但美国不出钱,麻薯波比呀,社科·法律·心理,知识,124,919,1507216,2952,4269,87301,14884,9143,1736,1781690326,https://www.bilibili.com/video/BV1CWLX6hEZY,http://i2.hdslb.com/bfs/archive/ce5e0131ca1678101e1a69867dd4da187a4f64b2.jpg
2026-06-20,2026-06-20 02:09:55,50,BV1g8LQ6BEma,116763014471632,一个人自驾甘南秘境，风景鬼斧神工，天气阴晴不定,赖导AboutLai,出行,生活,250,4390,946490,9922,2843,63748,35757,20410,7626,1781690400,https://www.bilibili.com/video/BV1g8LQ6BEma,http://i0.hdslb.com/bfs/archive/f5e891c1e0c321cf911333f6b77c04c46771d058.jpg
2026-06-20,2026-06-20 02:09:55,51,BV1Acjc6JEA3,116770245445526,1234步职业厨师教你如何自助餐吃回本！,特厨隋坡,美食侦探,美食,212,321,1272625,2020,3251,101419,6904,7630,4479,1781772966,https://www.bilibili.com/video/BV1Acjc6JEA3,http://i2.hdslb.com/bfs/archive/8d7b8d169e2d7f977e27bd6c44566a73ae4cd8b0.jpg
2026-06-20,2026-06-20 02:09:55,52,BV1USj36xEP1,116759189259299,大家好，我是铁蛋，今天小卖部正式关门了，聚是一团火，散是满天星，感谢大家并肩作战，说不伤心是假的，天下无不散的宴席，愿我们此去繁花似锦，江湖再见！,铁蛋儿小卖部B,搞笑,娱乐,138,205,1821681,517,3190,101742,5005,29009,10188,1781603991,https://www.bilibili.com/video/BV1USj36xEP1,http://i2.hdslb.com/bfs/archive/81aa20163cced34f187dfa32e5ba629dd4e01031.jpg
2026-06-20,2026-06-20 02:09:55,53,BV19kj36cEPS,116759004714843,识时务者为俊熊,抽象老祖Meme,电子竞技,游戏,171,15,1444036,790,6261,144529,2259,35551,29183,1781601140,https://www.bilibili.com/video/BV19kj36cEPS,http://i0.hdslb.com/bfs/archive/b605a95479bc225953025254ed3a7feed8720fc8.jpg
2026-06-20,2026-06-20 02:09:55,54,BV1BHjz6JEYR,116776067275498,游 龙,杨齐家_,单机游戏,游戏,17,1021,558107,5782,24259,64490,8404,7187,664,1781861701,https://www.bilibili.com/video/BV1BHjz6JEYR,http://i2.hdslb.com/bfs/archive/9cd16777210d57d4707e7989f160f598afd22677.jpg
2026-06-20,2026-06-20 02:09:55,55,BV1amLD6TEjs,116763752667959,【微纪录片】一朵蘑菇背后的十年,央视新闻,日常,生活,21,1396,2093692,1370,1106,85399,7357,6404,1146,1781673852,https://www.bilibili.com/video/BV1amLD6TEjs,http://i0.hdslb.com/bfs/archive/cd683ba30420e7d4f7f735b7e49bc7606e26fd04.jpg
2026-06-20,2026-06-20 02:09:55,56,BV1vMLR6nEbp,116765849948397,你以为的自然艺术，其实是一场视觉骗局！,艺术有毒,人文历史,知识,228,65,2629748,657,3592,139959,1477,16439,936,1781740800,https://www.bilibili.com/video/BV1vMLR6nEbp,http://i0.hdslb.com/bfs/archive/a2c5a1165ee05733a90621fe7bc8c0b472ceea59.jpg
2026-06-20,2026-06-20 02:09:55,57,BV17Qjg6KE2K,116759491254199,《锻刀大赛》长沙人·狗哥专场！up主与偶像双向奔赴的浪漫,沫子瞪片,影视杂谈,影视,182,1152,1836931,8822,2371,108581,31934,16455,1698,1781609078,https://www.bilibili.com/video/BV17Qjg6KE2K,http://i0.hdslb.com/bfs/archive/7fa2666efedfa2b47bcd77c03f4f2c6be5c47e16.jpg
2026-06-20,2026-06-20 02:09:55,58,BV1sCLQ6fEPJ,116764943915704,助眠的破防瞬间,-高泽宇,搞笑,娱乐,138,62,1987980,657,3137,153073,1761,16838,11064,1781702100,https://www.bilibili.com/video/BV1sCLQ6fEPJ,http://i2.hdslb.com/bfs/archive/a1705b747ac6c1830a59d0971c2b6e7ad39db000.jpg
2026-06-20,2026-06-20 02:09:55,59,BV1qdjA6JExQ,116770547436927,当我忘记自己早已不再是18岁,CCCmlng小陈不憨,小剧场,娱乐,85,55,2658420,449,935,155085,1326,10551,2427,1781777440,https://www.bilibili.com/video/BV1qdjA6JExQ,http://i1.hdslb.com/bfs/archive/cd9fb4626c08ca1792780613e09573220c6b29e2.jpg
2026-06-20,2026-06-20 02:09:55,60,BV16xLD6HESQ,116763920435357,“六耳”体验服实战强度！【王者峡谷农学奖】,奥特曼zz国一刘备凯,电子竞技,游戏,171,338,1172498,808,1304,84483,46506,11396,503,1781676416,https://www.bilibili.com/video/BV16xLD6HESQ,http://i2.hdslb.com/bfs/archive/017c4393dd768dd81e8c6941b92f143fa7130bb5.jpg
2026-06-20,2026-06-20 02:09:55,61,BV1HPLQ6xEXe,116763299678352,如果帅是一种天赋,柯洁,影视剪辑,影视,183,11,1737797,4324,8298,163026,3621,4984,3725,1781666721,https://www.bilibili.com/video/BV1HPLQ6xEXe,http://i1.hdslb.com/bfs/archive/42013129630134aa2f76f5e626341f4b40567d57.jpg
2026-06-20,2026-06-20 02:09:55,62,BV1HXjj6fEwL,116761974278100,歌剧老师锐评《乘风破浪的姐姐2026》四公（下）,铁豆钢蛋,乐评盘点,音乐,243,4390,1058955,35189,8687,45650,31923,7149,1706,1781654400,https://www.bilibili.com/video/BV1HXjj6fEwL,http://i1.hdslb.com/bfs/archive/c7e643c4bb6aefe882ab51a7b4a3cc8dad52d978.jpg
2026-06-20,2026-06-20 02:09:55,63,BV1MXj36sEhq,116759088666555,P1 谷中伊始【真必死难度+禁偷抢骗+纯净无模组】太吾绘卷天幕心帷全流程实况攻略,小米米沙,单机游戏,游戏,17,4532,479772,2742,2180,40181,41103,20192,1112,1781665200,https://www.bilibili.com/video/BV1MXj36sEhq,http://i2.hdslb.com/bfs/archive/10a7240d75e51e9a78f28832e4e399978fd28a8f.jpg
2026-06-20,2026-06-20 02:09:55,64,BV13XLX6kEHo,116764457440486,【加勒比海盗】谁发起了好莱坞史上最离谱的诉讼,小鹿绝招大飞脚,影视剪辑,影视,183,2097,4352223,5759,1860,122172,11673,36009,1462,1781684524,https://www.bilibili.com/video/BV13XLX6kEHo,http://i2.hdslb.com/bfs/archive/d3e8fed246fe5c136b81a35120cd5fe274be410e.jpg
2026-06-20,2026-06-20 02:09:55,65,BV1Rkjw6gEMV,116771352878826,《鸣潮》特别影像记录 | 玄方,鸣潮,手机游戏,游戏,172,108,1423953,3437,12046,80494,30535,10713,15296,1781838000,https://www.bilibili.com/video/BV1Rkjw6gEMV,http://i1.hdslb.com/bfs/archive/34afa8973c61fb8b7df7e22c67795c4a6a3be867.jpg
2026-06-20,2026-06-20 02:09:55,66,BV1BcJP6oEw5,116748552570821,《主任你说句话啊》,伤心欲茄222,搞笑,娱乐,138,179,4310916,1526,5210,370372,6853,19850,3563,1781509152,https://www.bilibili.com/video/BV1BcJP6oEw5,http://i2.hdslb.com/bfs/archive/8bd2d7dd01d2bb0e46134221396a5ebb1a79045a.jpg
2026-06-20,2026-06-20 02:09:55,67,BV1mWLR6uExn,116765614936501,如果爱昴天团看到了死归全过程【2】,生锈的包子,综合,综合,27,387,992789,1134,3755,42637,12446,13911,2009,1781702200,https://www.bilibili.com/video/BV1mWLR6uExn,http://i1.hdslb.com/bfs/archive/3333903814e72ea1da627b1d61963aa90fd9f063.jpg
2026-06-20,2026-06-20 02:09:55,68,BV1hPjF6tEbJ,116769054267968,当我报错了志愿（读了很多书之后才发现，父母的三观跟我们不一样呜呜呜）,萧枭同学,搞笑,娱乐,138,170,1357050,431,711,79557,969,6777,341,1781775000,https://www.bilibili.com/video/BV1hPjF6tEbJ,http://i0.hdslb.com/bfs/archive/ef34e8badf7939aaffb3c6b435f1f3612000cfce.jpg
2026-06-20,2026-06-20 02:09:55,69,BV1Qyj36fEj1,116759172487703,关羽玩家：苏打锋老师 我还记得你 闪电旋风劈 泰山陨石坠 藏兵术,Study苏打锋,电子竞技,游戏,171,179,1363840,439,1142,86603,4850,9566,4009,1781604188,https://www.bilibili.com/video/BV1Qyj36fEj1,http://i1.hdslb.com/bfs/archive/6b5e222226eba5c3c26e3f8e909296e1df0a2309.jpg
2026-06-20,2026-06-20 02:09:55,70,BV1gNj364EK3,116759675799380,载物逆天头球破门，NiKo勇夺世界杯！,CSGO-QUQU,电子竞技,游戏,171,205,1910319,1267,2308,77493,10510,14337,30067,1781611437,https://www.bilibili.com/video/BV1gNj364EK3,http://i2.hdslb.com/bfs/archive/07f02584b19439cb7b3d0da4193aed158f37be1c.jpg
2026-06-20,2026-06-20 02:09:55,71,BV1wULQ6xE1e,116764960626274,一个跟头十万八千里,云南交警,影视剪辑,影视,183,11,2196942,324,2661,121637,1234,12221,5176,1781692067,https://www.bilibili.com/video/BV1wULQ6xE1e,http://i0.hdslb.com/bfs/archive/2005343f22bfc6f5bacb1665403f34ffd775091c.jpg
2026-06-20,2026-06-20 02:09:55,72,BV1UkjT6yEPq,116757595422987,乘螺舟而至——《太吾绘卷》与中国独立游戏的八年,新华社,日常,生活,21,716,3481991,6562,8851,102784,20693,12996,17692,1781582100,https://www.bilibili.com/video/BV1UkjT6yEPq,http://i1.hdslb.com/bfs/archive/79c11095248e4800a41f3e8e4abea6fa13554783.jpg
2026-06-20,2026-06-20 02:09:55,73,BV1fujG6kEJp,116758904112827,全球首张《西游记》全角色震撼大合影——它来了！,视觉暴徒,野生技能协会,野生技能协会,122,453,589722,1801,2769,64063,54569,18850,1510,1781599702,https://www.bilibili.com/video/BV1fujG6kEJp,http://i1.hdslb.com/bfs/archive/56c18524eb85841cd72fb7c4830bcff810f37f3f.jpg
2026-06-20,2026-06-20 02:09:55,74,BV1gCju6XEMg,116758350470433,这是真拼豆！也是真炸鸡！,黑猫厨房,美食制作,美食,76,156,1697972,521,756,110489,20368,18902,5300,1781596800,https://www.bilibili.com/video/BV1gCju6XEMg,http://i0.hdslb.com/bfs/archive/6195e40b5cbe3941674e4fffaf3218408433d609.jpg
2026-06-20,2026-06-20 02:09:55,75,BV1aKjP6kE2F,116770631322253,有一个国家，半数人灵活就业，劳动法形同废纸,耳畔的猫头鹰,运动文化,运动文化,237,260,668528,12741,5667,52996,12337,11542,11305,1781778884,https://www.bilibili.com/video/BV1aKjP6kE2F,http://i2.hdslb.com/bfs/archive/01d96ea8ae2de2a0aad812aaf711fb4058dac8be.jpg
2026-06-20,2026-06-20 02:09:55,76,BV1XGLR62EFQ,116765463944029,💖 致爱莉希雅～ 💖,河野华,仿妆cos,时尚,252,63,646061,799,1255,103880,17057,30781,2482,1781699852,https://www.bilibili.com/video/BV1XGLR62EFQ,http://i0.hdslb.com/bfs/archive/2215cf1aec0661393c875088a8cd6b91e5fb57b9.jpg
2026-06-20,2026-06-20 02:09:55,77,BV1nsj36CEVi,116759457761166,广东最近的天气（2）（威尼斯篇）be like：,扬帆北冥号,家居房产,家居房产,239,62,1134284,425,2788,118874,1927,23530,7530,1781608168,https://www.bilibili.com/video/BV1nsj36CEVi,http://i0.hdslb.com/bfs/archive/e27e6048435de201fcc242b2ae1fb7d56634db98.jpg
2026-06-20,2026-06-20 02:09:55,78,BV1EMjc6yExi,116770430060662,神奇的魔法王冠,路西法Lusiferr,搞笑,娱乐,138,15,2332380,333,3341,128997,915,7124,2632,1781784000,https://www.bilibili.com/video/BV1EMjc6yExi,http://i0.hdslb.com/bfs/archive/65097cf6e407553f76561bcf8641ce303dba3328.jpg
2026-06-20,2026-06-20 02:09:55,79,BV1NRjF6WEo5,116770312554363,史上最牛烤鱼店！整个楼层全倒闭！8年老店到底有多好吃？（江苏）@勇哥餐饮原创,勇哥餐饮避坑指南,日常,生活,21,1209,1045925,2186,4487,60452,2371,8098,5861,1781774030,https://www.bilibili.com/video/BV1NRjF6WEo5,http://i1.hdslb.com/bfs/archive/1ec68b4b2c3f30cd811e3fb34693cbc9ce03d001.jpg
2026-06-20,2026-06-20 02:09:55,80,BV1jnL96pEah,116764222424847,下场遇到恶意超速怎么办？,爱飙车的假司机,运动综合,运动,238,314,931483,450,4469,65526,678,6885,533,1781680931,https://www.bilibili.com/video/BV1jnL96pEah,http://i0.hdslb.com/bfs/archive/434bf65e38bf0811972b6a3693b2d3353da3876a.jpg
2026-06-20,2026-06-20 02:09:55,81,BV1E5L964E62,116764289535712,《绝了航天》亿！镜！到！底！（限定双人版！）,叶开叶师傅,单机游戏,游戏,17,297,1170474,347,486,63944,889,7611,446,1781690400,https://www.bilibili.com/video/BV1E5L964E62,http://i1.hdslb.com/bfs/archive/d16675651d2a7f12bbaed33ef45c705c1e24aecb.jpg
2026-06-20,2026-06-20 02:09:55,82,BV1cNjc62Edi,116770262225952,故意带嘴硬男友去外面撸宠物蟑螂…他差点被双马尾吓哭！,是王小白呀,日常,生活,21,550,1328488,2725,1148,78460,2635,9165,2553,1781773506,https://www.bilibili.com/video/BV1cNjc62Edi,http://i1.hdslb.com/bfs/archive/ef9a657b0abdd65edac669ce3236abe6a14ca201.jpg
2026-06-20,2026-06-20 02:09:55,83,BV1caJw6ZEwT,116747445208084,你懂白鹿吗？——内娱嘉欣,玉玉__,娱乐粉丝创作,娱乐,242,710,6780362,14953,12203,373402,78128,96997,22653,1781425006,https://www.bilibili.com/video/BV1caJw6ZEwT,http://i1.hdslb.com/bfs/archive/b0e3f677673a83698198228b72e9ea8b69eb5cfa.jpg
2026-06-20,2026-06-20 02:09:55,84,BV1Fsj36CEo4,116759457694427,“墙那边根本就没有厕所2！！”,二三哥哥鸭,搞笑,娱乐,138,55,1667099,540,1178,132379,1610,22022,4236,1781608223,https://www.bilibili.com/video/BV1Fsj36CEo4,http://i0.hdslb.com/bfs/archive/f66f4afd7922201fc143f2f045ab29c8de3d5c49.jpg
2026-06-20,2026-06-20 02:09:55,85,BV1T9jV6aEUv,116759910747559,我想应该是这样的,笔心无忧BX,绘画,绘画,162,91,1440350,1071,3072,106549,1681,13083,909,1781615089,https://www.bilibili.com/video/BV1T9jV6aEUv,http://i2.hdslb.com/bfs/archive/6a0f697a85bf2eed156ea84449e6ff42b721c2dc.jpg
2026-06-20,2026-06-20 02:09:55,86,BV1e7jg6bEEk,116758048412874,在小溪里捞蚬子，在田野上抓小龙虾，用最简单的方法煮了个小龙虾煲，蚬子蒸着吃。没想到煮出来很美味，这些都是我在农村喜欢做的事。,少斌同学,田园美食,田园美食,214,208,1070332,901,1075,80284,8351,5577,477,1781586871,https://www.bilibili.com/video/BV1e7jg6bEEk,http://i1.hdslb.com/bfs/archive/c2587e530c5170bee5f0513af6449c663f541894.jpg
2026-06-20,2026-06-20 02:09:55,87,BV1LPjL6CEsZ,116761353523631,"""人生没有白走的捷径 向下的不是自由.""",我爱吃派大星,音乐综合,音乐,130,337,2515824,826,3459,77088,2634,13936,1831,1781655600,https://www.bilibili.com/video/BV1LPjL6CEsZ,http://i1.hdslb.com/bfs/archive/a79ec1472eecca3acee329142fd843235e94a30f.jpg
2026-06-20,2026-06-20 02:09:55,88,BV1zLL96dEjK,116764205711813,全剧血压最高的一集！熊家长PUA老师，24小时电话轰炸？韩剧《铁拳教育》第三期,小片片说大片,影视杂谈,影视,182,2099,1295135,5437,1375,51405,13421,11654,1319,1781690400,https://www.bilibili.com/video/BV1zLL96dEjK,http://i2.hdslb.com/bfs/archive/e8411b8808ad27f88832448e7e7379af8e2afccd.jpg
2026-06-20,2026-06-20 02:09:55,89,BV1TGj36QEWt,116759323483110,如何在亲戚家浪费一个下午,农民入门指南_Official,三农,生活,251,42,2222057,561,3459,137903,3104,13190,6058,1781606151,https://www.bilibili.com/video/BV1TGj36QEWt,http://i2.hdslb.com/bfs/archive/5a33cbc1087c86e0a67648de64a52aa9d4115486.jpg
2026-06-20,2026-06-20 02:09:55,90,BV1rpjF6LEbx,116768853002130,有缘刷到这条视频的朋友，运势向好,你的八戒师叔,人文历史,知识,228,24,241315,48378,11035,88134,17959,9320,277,1781751486,https://www.bilibili.com/video/BV1rpjF6LEbx,http://i2.hdslb.com/bfs/archive/3ea1d99259e6dbc851f26a7b9a6dc7b6f656fc56.jpg
2026-06-20,2026-06-20 02:09:55,91,BV1C4LX6bEUN,116764742522472,吃不完的西瓜,军老弟弟,美食制作,美食,76,117,1991210,7018,4443,95141,2074,10043,6800,1781688722,https://www.bilibili.com/video/BV1C4LX6bEUN,http://i1.hdslb.com/bfs/archive/64ca8d2eb4f9ccf2e3bda851b9842422d53bf858.jpg
2026-06-20,2026-06-20 02:09:55,92,BV1PcLQ6bEhK,116763266255753,粽子实力排行,东方日出哇,特摄,动画,86,248,1258169,5936,8376,74615,1585,10273,2030,1781666211,https://www.bilibili.com/video/BV1PcLQ6bEhK,http://i2.hdslb.com/bfs/archive/59ba63889a64a88dfada940d0d56153f5cf3e737.jpg
2026-06-20,2026-06-20 02:09:55,93,BV1H4LD6QEgb,116763970903679,曼谷.戈登 厨子探店¥1500,真探唐仁杰,美食侦探,美食,212,350,1230526,960,1635,72062,1062,3070,516,1781686800,https://www.bilibili.com/video/BV1H4LD6QEgb,http://i0.hdslb.com/bfs/archive/1c5d8f42b778b3f7fe714237164f441fe1ffe00c.jpg
2026-06-20,2026-06-20 02:09:55,94,BV1iYja6ZEzZ,116772007121339,小时候开智之前,西维西师傅,搞笑,娱乐,138,43,2248249,366,1087,132654,883,5032,909,1781799781,https://www.bilibili.com/video/BV1iYja6ZEzZ,http://i0.hdslb.com/bfs/archive/7ad399f31462cf8f6d445897c904df38282369d8.jpg
2026-06-20,2026-06-20 02:09:55,95,BV1nCjg6rETZ,116759575136229,谁赢谁吃挑战古诗版！,三一八本人,搞笑,娱乐,138,606,1676486,3619,2256,62880,4400,6109,6142,1781610141,https://www.bilibili.com/video/BV1nCjg6rETZ,http://i0.hdslb.com/bfs/archive/5dc62016c5b8ccd0d32a84de76b8a3a7f53926b5.jpg
2026-06-20,2026-06-20 02:09:55,96,BV1mpLo6mE7x,116766252469568,当bro得知EWC在法国🇫🇷举办#EWC电竞世俱杯##EWC2026#,Team_Spirit,日常,生活,21,31,1263281,219,1051,123106,1719,10924,2794,1781711700,https://www.bilibili.com/video/BV1mpLo6mE7x,http://i0.hdslb.com/bfs/archive/d2668147d4c2eee810b51532a4d60f896e2d675b.jpg
2026-06-20,2026-06-20 02:09:55,97,BV1UdjV6FEYF,116759893906951,👴👉🐺🍄再玩不到核电站我就要变身啦！！！【老年三角洲行动】,Lee唉咯,网络游戏,游戏,65,192,1245145,240,349,59215,2254,5720,622,1781689500,https://www.bilibili.com/video/BV1UdjV6FEYF,http://i1.hdslb.com/bfs/archive/b2c5ac6d3a44d3d5845c2e0edb212da59739aa0d.jpg
2026-06-20,2026-06-20 02:09:55,98,BV1X4L96EE99,116766034497155,你要出的忍者都这质量，骂声起码少一半,叶忍菌,手机游戏,游戏,172,334,1714075,407,2612,55676,620,4884,865,1781708753,https://www.bilibili.com/video/BV1X4L96EE99,http://i0.hdslb.com/bfs/archive/7698a13588a2339d56a09d700873a922baf45ad7.jpg
2026-06-20,2026-06-20 02:09:55,99,BV12JLX6PEA4,116764625077719,“以前的小孩vs现在的小孩”,数码宝贝坤,搞笑,娱乐,138,11,1764718,220,3243,124036,471,8736,1519,1781755200,https://www.bilibili.com/video/BV12JLX6PEA4,http://i0.hdslb.com/bfs/archive/24846c832347f7613d6e863a3e323720e2bf2e4d.jpg
2026-06-20,2026-06-20 02:09:55,100,BV1Aoja6GEkx,116771755395620,新三国up锐评老三国03：这首播版内容还真多,吃蛋挞的折棒,影视剪辑,影视,183,1571,675880,8294,4970,46389,22704,7172,964,1781834400,https://www.bilibili.com/video/BV1Aoja6GEkx,http://i1.hdslb.com/bfs/archive/b8983523a2ddb812e209d85b0f9a09a8e482dd19.jpg
2026-06-20,2026-06-20 05:34:37,1,BV16Mjc6yEJd,116770430131075,《原神》至冬生态短片 - 凛寒的规约,原神,手机游戏,游戏,172,509,3354456,15126,17193,280504,70964,40113,37779,1781788200,https://www.bilibili.com/video/BV16Mjc6yEJd,http://i0.hdslb.com/bfs/archive/a55b011b2bb0d31974367c9a32c1f7257c6c2bc2.jpg
2026-06-20,2026-06-20 05:34:37,2,BV1B6LR6tEcD,116765229057404,不同价格的声音,李肆言哟,日常,生活,21,91,5687447,2203,4400,398211,7689,35427,5691,1781696260,https://www.bilibili.com/video/BV1B6LR6tEcD,http://i1.hdslb.com/bfs/archive/1fcb1aec42c67f54ac0e69e48af78efe6abb0e27.jpg
2026-06-20,2026-06-20 05:34:37,3,BV1Ftjw6DEmL,116769557711688,假如所有人被迫看着死亡回归,00kk君,MAD·AMV,MAD·AMV,24,4786,1876028,7636,9427,144110,51756,98818,8047,1781762186,https://www.bilibili.com/video/BV1Ftjw6DEmL,http://i2.hdslb.com/bfs/archive/9ab9adff76a9f537e7fae8a493c60fc0fa60feb5.jpg
2026-06-20,2026-06-20 05:34:37,4,BV1vwLX6yEM2,116765011221350,操 控 买 瓜,岩罗Crv,鬼畜剧场,鬼畜剧场,216,200,2044764,6117,3526,177408,60605,48139,14750,1781692838,https://www.bilibili.com/video/BV1vwLX6yEM2,http://i2.hdslb.com/bfs/archive/04e711636e551d2a581322fb9b21c4916ab63bfa.jpg
2026-06-20,2026-06-20 05:34:37,5,BV1eNLR6pERL,116765816392974,一扇没关的窗，闯进了一身防备的流浪猫妈妈暖暖，也打开了我温柔善良的另一人生。原来善良从来不是单向的付出，你温柔待众生，众生亦会温柔予你。,奇迹男孩1998,喵星人,喵星人,218,458,951519,2746,5412,180435,107167,17562,2034,1781705143,https://www.bilibili.com/video/BV1eNLR6pERL,http://i2.hdslb.com/bfs/archive/344ae88b1d159c4491e20618c3b67f5d9035ed95.jpg
2026-06-20,2026-06-20 05:34:37,6,BV14zLQ6aECD,116763115196878,【速凌】你永远都不知道挂机的哈基蜂到底在干嘛,高司令-速凌电竞,单机游戏,游戏,17,485,1935902,7041,3056,189298,60812,99726,2100,1781688600,https://www.bilibili.com/video/BV14zLQ6aECD,http://i2.hdslb.com/bfs/archive/76a66ddae84623b2abc9ddd8444f93d05cbd06e8.jpg
2026-06-20,2026-06-20 05:34:37,7,BV1Pqjc6REiP,116770111295217,“孩子的第一新声你希望是什么”【波西米亚狂想曲】【超级加倍の小曲】,早睡起大王,音乐综合,音乐,130,156,2078394,6696,5489,176060,3661,46378,21260,1781771400,https://www.bilibili.com/video/BV1Pqjc6REiP,http://i1.hdslb.com/bfs/archive/d691ffd8bb12633ac11c3ea944602fe0c037e31c.jpg
2026-06-20,2026-06-20 05:34:37,8,BV1kLLd6eEhS,116767259169027,真捉真萌真实机——《伊莫》握爪测试定档7月2日,伊莫,单机游戏,游戏,17,481,3283753,1285,2844,121860,31201,56393,19487,1781740800,https://www.bilibili.com/video/BV1kLLd6eEhS,http://i0.hdslb.com/bfs/archive/811cd8aad6f533ad924daa80e490914feaf8f786.jpg
2026-06-20,2026-06-20 05:34:37,9,BV1wmjA6dEDF,116770564284361,知更鸟爆改耀斑（完整版）,金咸鱼,手机游戏,游戏,172,190,1065604,832,3990,143528,10219,36997,23917,1781777799,https://www.bilibili.com/video/BV1wmjA6dEDF,http://i2.hdslb.com/bfs/archive/4d7ea8b39f8077d4875517dffd04c313f6261901.jpg
2026-06-20,2026-06-20 05:34:37,10,BV1Skju6pETf,116758367178100,太硬核了！校运会开幕式上，马术系学生进行马术表演。网友：“鲜衣怒马少年时”具象化了！,人民日报,日常,生活,21,28,2877515,2179,11586,325360,5408,25216,6428,1781591444,https://www.bilibili.com/video/BV1Skju6pETf,http://i0.hdslb.com/bfs/archive/4313efdb415e08834f6bf5bbe63a1aaa24432663.jpg
2026-06-20,2026-06-20 05:34:37,11,BV1oZLQ6EEUE,116765061291679,要不说警方卧底都是人才！！！把我笑惨了！,谈苏阳,野生技能协会,野生技能协会,122,415,2453359,4005,2213,157240,11355,14696,2792,1781693713,https://www.bilibili.com/video/BV1oZLQ6EEUE,http://i2.hdslb.com/bfs/archive/1a23cbec593cbc43238681e184d312f37a0a910a.jpg
2026-06-20,2026-06-20 05:34:37,12,BV1wwE165EpD,116736741349278,《诡秘之主：愚者》首曝PV | 欢迎回来，愚者先生,诡秘之主愚者,GMV,GMV,121,157,2646351,4351,3625,121949,36459,41703,12297,1781658000,https://www.bilibili.com/video/BV1wwE165EpD,http://i1.hdslb.com/bfs/archive/190e57d8867c7683397960f926975cf3b0d88740.jpg
2026-06-20,2026-06-20 05:34:37,13,BV1SKLD6NEdC,116763870105077,"【本家投稿】 TAK - 'numb numb' feat. Hatsune Miku, Kasane Teto",TAK_DRDR,MV,MV,193,176,662124,4217,2044,146899,56026,91039,6907,1781675534,https://www.bilibili.com/video/BV1SKLD6NEdC,http://i2.hdslb.com/bfs/archive/533d6c072b8ac980c2dfd607c9e7ce4ca7453347.jpg
2026-06-20,2026-06-20 05:34:37,14,BV1aZLo69Emm,116768215404781,特朗普太好笑了！G7记者会现场，梦到哪句说哪句,小王Albert,人文历史,知识,228,525,2052393,6484,4720,135226,29935,16677,13599,1781741913,https://www.bilibili.com/video/BV1aZLo69Emm,http://i1.hdslb.com/bfs/archive/cf89405ea5fbec111da51bbc28c2b97d5762446d.jpg
2026-06-20,2026-06-20 05:34:37,15,BV1KSLd63EgS,116766554460639,倒反天罡，开局变僵尸，现在史蒂夫才是怪物【我是僵尸】,磊哥游戏,单机游戏,游戏,17,362,1921008,1541,3741,169930,13830,22353,3186,1781744400,https://www.bilibili.com/video/BV1KSLd63EgS,http://i0.hdslb.com/bfs/archive/a8074c1d277133be42cc5116f94bd564338abbdd.jpg
2026-06-20,2026-06-20 05:34:37,16,BV1ztj36rEjF,116759357163411,月薪三千去锯齿的正确方式、结尾带原理！,佛系小詹设计日常,设计·创意,设计·创意,229,47,3586318,129,1200,197390,6103,133658,1600,1781606612,https://www.bilibili.com/video/BV1ztj36rEjF,http://i1.hdslb.com/bfs/archive/25a4b941d05eb018db00872e5f6055f2dde2d455.jpg
2026-06-20,2026-06-20 05:34:37,17,BV1pUJG6oEVS,116753787060825,没想到开水也能直接加进肉馅里？这样包子馅里的汤汁反而更多？,品诺美食开课啦,美食制作,美食,76,163,4737286,2136,6733,373871,29154,193752,30206,1781521614,https://www.bilibili.com/video/BV1pUJG6oEVS,http://i1.hdslb.com/bfs/archive/378a1b54cfa0920e77014bbb87854906953d94cc.jpg
2026-06-20,2026-06-20 05:34:37,18,BV14VjF6HEGT,116768618060324,宇 宙 级 免 责 声 明,龙大人不喷火,鬼畜剧场,鬼畜剧场,216,92,3175316,1493,7313,207912,7683,16106,9418,1781780400,https://www.bilibili.com/video/BV14VjF6HEGT,http://i0.hdslb.com/bfs/archive/4089372d9471271137ac3ce69091a7ac0faf36f4.jpg
2026-06-20,2026-06-20 05:34:37,19,BV1Wzjg65EM6,116757746424408,在AI里抛硬币，概率是50%吗？,影视飓风,单机游戏,游戏,17,617,5372090,4696,4808,335493,48854,53927,9380,1781600400,https://www.bilibili.com/video/BV1Wzjg65EM6,http://i1.hdslb.com/bfs/archive/ba06201e7786575aaf3b77304c7f74e9c958eb05.jpg
2026-06-20,2026-06-20 05:34:37,20,BV1Zjj561EJo,116761873686110,“盛夏，蝉鸣，小小的傻龙~”,小陈的脚凑凑的,日常,生活,21,81,1472542,360,2401,188053,19734,61820,8621,1781651400,https://www.bilibili.com/video/BV1Zjj561EJo,http://i0.hdslb.com/bfs/archive/f0cbbb07ce381ffa8e92bd84fc2f77c47b6f7e4a.jpg
2026-06-20,2026-06-20 05:34:37,21,BV1mVjw6FEpX,116769524091628,《崩坏：星穹铁道》× 绿联联动小曲 | 爻光充能手势曲,帕姆的收藏夹,娱乐粉丝创作,娱乐,242,32,1907174,722,6590,273653,14608,54975,33375,1781776800,https://www.bilibili.com/video/BV1mVjw6FEpX,http://i0.hdslb.com/bfs/archive/bf2ccd843ca7fdf49f3738dd0a9dc8cfb6b5e61a.jpg
2026-06-20,2026-06-20 05:34:37,22,BV1Qtjq6iEoF,116775228278653,祝大家端午節快樂,台灣館長,日常,生活,21,17,1635427,2494,7998,316283,7928,18771,20238,1781848904,https://www.bilibili.com/video/BV1Qtjq6iEoF,http://i1.hdslb.com/bfs/archive/bdd921fa27274787b2e615a36e2417695d23128d.jpg
2026-06-20,2026-06-20 05:34:37,23,BV125jF6DELp,116768668456451,新娘农瘾有点重啊,浮世清欢落颜,搞笑,娱乐,138,18,3639233,1459,2836,286694,6707,12565,2382,1781748503,https://www.bilibili.com/video/BV125jF6DELp,http://i1.hdslb.com/bfs/archive/bd10735e3a5ebdab93f2115d56c192c5dcf2f2ab.jpg
2026-06-20,2026-06-20 05:34:37,24,BV1BTjg6KEBB,116758098739712,泪…。,無無無鱼子,同人·手书,动画,47,17,1565572,286,3171,373922,9042,68175,5114,1781587312,https://www.bilibili.com/video/BV1BTjg6KEBB,http://i0.hdslb.com/bfs/archive/ad19127576eb3f2674730b84f05a4cea3025a63b.jpg
2026-06-20,2026-06-20 05:34:37,25,BV1dmJP6sEgd,116748384731561,迈克尔杰克逊的billiejean，斗胆跳一段。,特崮斯,篮球,运动,235,67,5864446,3016,13449,1020349,189202,115071,19902,1781439271,https://www.bilibili.com/video/BV1dmJP6sEgd,http://i2.hdslb.com/bfs/archive/d06b949e7976e0c255a0f4885cb8a3acf0165294.jpg
2026-06-20,2026-06-20 05:34:37,26,BV1zqLR68EC3,116765195502036,游戏名称《Knuckle Jet》，需要大家来一波愿望单啊！上次是影游，这次是独立横版过关，每次都是不同的新尝试！离不开大家的支持！感谢！对它使用炎拳吧！,挪威老王,出行,生活,250,228,1356797,896,1635,144283,8683,13077,827,1781696131,https://www.bilibili.com/video/BV1zqLR68EC3,http://i0.hdslb.com/bfs/archive/1cacbbd68476837e12867c54e0312ca5fa8b532b.jpg
2026-06-20,2026-06-20 05:34:37,27,BV16Njg6qENt,116757914195122,请停留3秒，为“糖丸爷爷”顾方舟献花，他用一粒糖丸守护了中国几代孩子的健康,大象新闻,社会,社会,205,45,839972,9821,2475,445854,43127,13836,803,1781584607,https://www.bilibili.com/video/BV16Njg6qENt,http://i0.hdslb.com/bfs/archive/53b2e6d54a32e56d714f027d0354784983e1f85e.jpg
2026-06-20,2026-06-20 05:34:37,28,BV1T1jT6CEuh,116757494825615,我有勇气我都不怕！,张语潇与张师傅,演奏,演奏,59,38,1957775,375,3473,222773,34543,32024,8634,1781578139,https://www.bilibili.com/video/BV1T1jT6CEuh,http://i0.hdslb.com/bfs/archive/42fc13e203770c3098f01e07d612c0b3b7c02306.jpg
2026-06-20,2026-06-20 05:34:37,29,BV1bXLX6rE2h,116764457307659,我们要拍洛恩，不能只拍洛恩...【原神摄影】,语堂天天啃土,手机游戏,游戏,172,164,1285128,453,616,124129,7179,26486,2479,1781684487,https://www.bilibili.com/video/BV1bXLX6rE2h,http://i1.hdslb.com/bfs/archive/b1e013896c1f5b7a87106f6a5fabb9a5cdf9a517.jpg
2026-06-20,2026-06-20 05:34:37,30,BV1a4jG6cEFr,116760665658519,大 周 礼 时 代,诸葛皮皮9527,小剧场,娱乐,85,79,1963379,2133,9908,185961,5156,20201,4220,1781686800,https://www.bilibili.com/video/BV1a4jG6cEFr,http://i1.hdslb.com/bfs/archive/22bf7c025e6fb64222877fca92fdac69be641332.jpg
2026-06-20,2026-06-20 05:34:37,31,BV1PCLQ6fEzD,116764943850430,给日本人唱《Night Dancer》他们居然这反应！！,你哇哥233,翻唱,音乐,31,124,1678965,387,2331,176309,3985,25857,2045,1781692078,https://www.bilibili.com/video/BV1PCLQ6fEzD,http://i0.hdslb.com/bfs/archive/0ce4c855b026ac914a04d572a3fc70623b3db51b.jpg
2026-06-20,2026-06-20 05:34:37,32,BV1Nyjq6dENe,116775043801036,挑战你们说我像谁我就模仿谁！事情发展到这一步，已经越来越离谱了。。。,李如儒也是李蠕蠕,小剧场,娱乐,85,151,1902878,3585,2232,152502,14487,6393,1329,1781846144,https://www.bilibili.com/video/BV1Nyjq6dENe,http://i1.hdslb.com/bfs/archive/0a51f7b766b553eeecb0f09765a9c38db7b7b6c6.jpg
2026-06-20,2026-06-20 05:34:37,33,BV1MqL96rEGB,116766185360102,【采访TV】亮马河站到了,大乾乾是顾乾宇,小剧场,娱乐,85,142,1970901,2317,3532,146040,4282,14023,9367,1781711180,https://www.bilibili.com/video/BV1MqL96rEGB,http://i0.hdslb.com/bfs/archive/890a8e1555cc67f2f169649e59db3518fb2058b3.jpg
2026-06-20,2026-06-20 05:34:37,34,BV1EdLQ6DEnk,116765078133274,🍄2026最有深度的说唱🍄,纸片马力欧,日常,生活,21,56,1539536,491,3154,187122,5976,37400,22693,1781693849,https://www.bilibili.com/video/BV1EdLQ6DEnk,http://i1.hdslb.com/bfs/archive/1ddad6d7cacde25a39ba1e74002c5d18727efd01.jpg
2026-06-20,2026-06-20 05:34:37,35,BV1TGj36QEpx,116759323483098,"几百只流浪猫猫搬到70,000平的林地，开启新生活。",五月妈院儿里的小流浪,喵星人,喵星人,218,391,1168817,2995,4476,131106,103954,20639,4034,1781606239,https://www.bilibili.com/video/BV1TGj36QEpx,http://i1.hdslb.com/bfs/archive/a3e630d8a1757bde0f399a4f08250b981511afff.jpg
2026-06-20,2026-06-20 05:34:37,36,BV1P1LQ6tEM1,116764927071967,那些美好的动物视频！,蒙哥马利愛学习,动物二创,动物二创,220,401,1470909,1489,1733,133535,1298,9503,1118,1781691731,https://www.bilibili.com/video/BV1P1LQ6tEM1,http://i0.hdslb.com/bfs/archive/4b9d7016a1a67c118033eeddbbe35b33ce4d84b4.jpg
2026-06-20,2026-06-20 05:34:37,37,BV1LAjP61EbF,116770732120927,［甲鱼meme］水宝宝,烫甲鱼,绘画,绘画,162,167,1548629,381,1562,100997,3377,21900,2084,1781780089,https://www.bilibili.com/video/BV1LAjP61EbF,http://i2.hdslb.com/bfs/archive/82e7bc476c47722f23af20e620bb6c13f4ee3c75.jpg
2026-06-20,2026-06-20 05:34:37,38,BV1PUL96PEts,116765732379597,【僵毁TV第二季】B42多人联机体验Be like:  S2E1,S4nya_,预告·资讯,影视,184,512,1246125,1665,1840,78841,30429,18288,3430,1781704402,https://www.bilibili.com/video/BV1PUL96PEts,http://i2.hdslb.com/bfs/archive/906c869efa27a1d76fcdcf04cc2d9842f894be50.jpg
2026-06-20,2026-06-20 05:34:37,39,BV1w2LQ6ZEoA,116764977594634,小猫meme,待到春来冬夏去,绘画,绘画,162,19,739151,332,2721,171334,7510,53141,8091,1781692216,https://www.bilibili.com/video/BV1w2LQ6ZEoA,http://i1.hdslb.com/bfs/archive/fd5bd223f1d24198a470c8bcce0952882843e3fb.jpg
2026-06-20,2026-06-20 05:34:37,40,BV1KTJN6kEuG,116748099586045,⚡️JOJO x 迈克尔杰克逊⚡️顶级智斗の【假死避雷】（同人）,Mr丶Ass,综合,综合,27,538,1172421,1932,1517,86448,15443,19924,6405,1781773200,https://www.bilibili.com/video/BV1KTJN6kEuG,http://i0.hdslb.com/bfs/archive/a526c48f6d7a7001202d512beb7f289dc455b206.jpg
2026-06-20,2026-06-20 05:34:37,41,BV1chJ36nECM,116752293893387,“明知故看”,刀月你好香,搞笑,娱乐,138,49,4300848,282,1356,240380,6975,41446,3013,1781498836,https://www.bilibili.com/video/BV1chJ36nECM,http://i1.hdslb.com/bfs/archive/e21aff48e6bb76122924820dd05c23ea48fcf005.jpg
2026-06-20,2026-06-20 05:34:37,42,BV17XjG6VEJG,116760313333805,“再见，徐霞客。”,王暖胃,日常,生活,21,216,786985,273,1720,78633,17400,26615,4054,1781621405,https://www.bilibili.com/video/BV17XjG6VEJG,http://i1.hdslb.com/bfs/archive/fcd40fce8c0af9dbc0872424785d435e1af6c125.jpg
2026-06-20,2026-06-20 05:34:37,43,BV1UrjT6LEyD,116757545091480,兔子：主公是内奸？,大丙搞笑配音,搞笑,娱乐,138,88,3478372,380,1766,233525,3221,65109,10625,1781578991,https://www.bilibili.com/video/BV1UrjT6LEyD,http://i1.hdslb.com/bfs/archive/93411e30f37b98188fbe034901430d25242da5df.jpg
2026-06-20,2026-06-20 05:34:37,44,BV1JNjg6BEZp,116757914327953,太行深山村医47年如一日，诠释医者仁心,油克东东,日常,生活,21,146,1027275,1227,2781,166528,71287,7283,444,1781584636,https://www.bilibili.com/video/BV1JNjg6BEZp,http://i0.hdslb.com/bfs/archive/b9ef0df589c79d9e895ea8603164faa376094f26.jpg
2026-06-20,2026-06-20 05:34:37,45,BV1LHL96QEpS,116766017587955,我们成立团队了！,卡慕SaMa,单机游戏,游戏,17,278,984186,2076,11168,74536,9777,19446,4829,1781769600,https://www.bilibili.com/video/BV1LHL96QEpS,http://i2.hdslb.com/bfs/archive/dc223024e158e9a11516cd00465db416b3d5104d.jpg
2026-06-20,2026-06-20 05:34:37,46,BV1BHjz6JEYR,116776067275498,游 龙,杨齐家_,单机游戏,游戏,17,1021,608111,6002,25334,67531,8769,7461,715,1781861701,https://www.bilibili.com/video/BV1BHjz6JEYR,http://i2.hdslb.com/bfs/archive/9cd16777210d57d4707e7989f160f598afd22677.jpg
2026-06-20,2026-06-20 05:34:37,47,BV1P8LR6KEhD,116765547895414,上海市中心，一百万能买到一室一厅一卫？,硬派东辰,汽车生活,汽车,176,486,2275913,2095,2477,99851,2048,7209,4580,1781701118,https://www.bilibili.com/video/BV1P8LR6KEhD,http://i1.hdslb.com/bfs/archive/179339e8aa4362b0b8710e966d69c486e5c234a7.jpg
2026-06-20,2026-06-20 05:34:37,48,BV1LmjK6pEBk,116755783490540,不同人格打游戏,锤子game,搞笑,娱乐,138,86,4242882,1051,4978,263430,4731,22293,24298,1781582400,https://www.bilibili.com/video/BV1LmjK6pEBk,http://i1.hdslb.com/bfs/archive/d0d1e1b2fdab4bcdfadc7f0b05e997c96a918750.jpg
2026-06-20,2026-06-20 05:34:37,49,BV1CWLX6hEZY,116764843181347,美国答应赔伊朗3000亿，但美国不出钱,麻薯波比呀,社科·法律·心理,知识,124,919,1519078,2958,4285,87610,14935,9174,1741,1781690326,https://www.bilibili.com/video/BV1CWLX6hEZY,http://i2.hdslb.com/bfs/archive/ce5e0131ca1678101e1a69867dd4da187a4f64b2.jpg
2026-06-20,2026-06-20 05:34:37,50,BV1Acjc6JEA3,116770245445526,1234步职业厨师教你如何自助餐吃回本！,特厨隋坡,美食侦探,美食,212,321,1286256,2037,3296,102554,6964,7737,4501,1781772966,https://www.bilibili.com/video/BV1Acjc6JEA3,http://i2.hdslb.com/bfs/archive/8d7b8d169e2d7f977e27bd6c44566a73ae4cd8b0.jpg
2026-06-20,2026-06-20 05:34:37,51,BV1YmJ36BEpo,116754189653664,《言外之易》EP02丨向佐给易立竞说父亲花五亿扶不起他,易立竞丨言外之易,预告·资讯,影视,184,13897,1782738,31979,7473,52279,34168,26775,12650,1781582400,https://www.bilibili.com/video/BV1YmJ36BEpo,http://i2.hdslb.com/bfs/archive/c265a0afc7842ca9ac53b78fab63ce16ddb1e08f.jpg
2026-06-20,2026-06-20 05:34:37,52,BV1g8LQ6BEma,116763014471632,一个人自驾甘南秘境，风景鬼斧神工，天气阴晴不定,赖导AboutLai,出行,生活,250,4390,949116,9936,2847,63891,35875,20484,7644,1781690400,https://www.bilibili.com/video/BV1g8LQ6BEma,http://i0.hdslb.com/bfs/archive/f5e891c1e0c321cf911333f6b77c04c46771d058.jpg
2026-06-20,2026-06-20 05:34:37,53,BV1USj36xEP1,116759189259299,大家好，我是铁蛋，今天小卖部正式关门了，聚是一团火，散是满天星，感谢大家并肩作战，说不伤心是假的，天下无不散的宴席，愿我们此去繁花似锦，江湖再见！,铁蛋儿小卖部B,搞笑,娱乐,138,205,1848202,540,3239,103410,5090,29302,10289,1781603991,https://www.bilibili.com/video/BV1USj36xEP1,http://i2.hdslb.com/bfs/archive/81aa20163cced34f187dfa32e5ba629dd4e01031.jpg
2026-06-20,2026-06-20 05:34:37,54,BV1sCLQ6fEPJ,116764943915704,助眠的破防瞬间,-高泽宇,搞笑,娱乐,138,62,2104414,687,3244,161793,1848,17737,11268,1781702100,https://www.bilibili.com/video/BV1sCLQ6fEPJ,http://i2.hdslb.com/bfs/archive/a1705b747ac6c1830a59d0971c2b6e7ad39db000.jpg
2026-06-20,2026-06-20 05:34:37,55,BV19kj36cEPS,116759004714843,识时务者为俊熊,抽象老祖Meme,电子竞技,游戏,171,15,1446186,797,6268,144714,2260,35587,29213,1781601140,https://www.bilibili.com/video/BV19kj36cEPS,http://i0.hdslb.com/bfs/archive/b605a95479bc225953025254ed3a7feed8720fc8.jpg
2026-06-20,2026-06-20 05:34:37,56,BV1amLD6TEjs,116763752667959,【微纪录片】一朵蘑菇背后的十年,央视新闻,日常,生活,21,1396,2126590,1382,1118,86625,7445,6493,1174,1781673852,https://www.bilibili.com/video/BV1amLD6TEjs,http://i0.hdslb.com/bfs/archive/cd683ba30420e7d4f7f735b7e49bc7606e26fd04.jpg
2026-06-20,2026-06-20 05:34:37,57,BV1vMLR6nEbp,116765849948397,你以为的自然艺术，其实是一场视觉骗局！,艺术有毒,人文历史,知识,228,65,2642093,661,3618,140777,1491,16584,941,1781740800,https://www.bilibili.com/video/BV1vMLR6nEbp,http://i0.hdslb.com/bfs/archive/a2c5a1165ee05733a90621fe7bc8c0b472ceea59.jpg
2026-06-20,2026-06-20 05:34:37,58,BV1qdjA6JExQ,116770547436927,当我忘记自己早已不再是18岁,CCCmlng小陈不憨,小剧场,娱乐,85,55,2687437,454,945,157148,1345,10761,2493,1781777440,https://www.bilibili.com/video/BV1qdjA6JExQ,http://i1.hdslb.com/bfs/archive/cd9fb4626c08ca1792780613e09573220c6b29e2.jpg
2026-06-20,2026-06-20 05:34:37,59,BV16xLD6HESQ,116763920435357,“六耳”体验服实战强度！【王者峡谷农学奖】,奥特曼zz国一刘备凯,电子竞技,游戏,171,338,1177319,809,1311,84944,46784,11441,507,1781676416,https://www.bilibili.com/video/BV16xLD6HESQ,http://i2.hdslb.com/bfs/archive/017c4393dd768dd81e8c6941b92f143fa7130bb5.jpg
2026-06-20,2026-06-20 05:34:37,60,BV17Qjg6KE2K,116759491254199,《锻刀大赛》长沙人·狗哥专场！up主与偶像双向奔赴的浪漫,沫子瞪片,影视杂谈,影视,182,1152,1849556,8848,2371,108968,32005,16535,1706,1781609078,https://www.bilibili.com/video/BV17Qjg6KE2K,http://i0.hdslb.com/bfs/archive/7fa2666efedfa2b47bcd77c03f4f2c6be5c47e16.jpg
2026-06-20,2026-06-20 05:34:37,61,BV13XLX6kEHo,116764457440486,【加勒比海盗】谁发起了好莱坞史上最离谱的诉讼,小鹿绝招大飞脚,影视剪辑,影视,183,2097,4388961,5888,1905,124233,11895,36387,1493,1781684524,https://www.bilibili.com/video/BV13XLX6kEHo,http://i2.hdslb.com/bfs/archive/d3e8fed246fe5c136b81a35120cd5fe274be410e.jpg
2026-06-20,2026-06-20 05:34:37,62,BV1HPLQ6xEXe,116763299678352,如果帅是一种天赋,柯洁,影视剪辑,影视,183,11,1743730,4335,8316,163488,3627,4994,3732,1781666721,https://www.bilibili.com/video/BV1HPLQ6xEXe,http://i1.hdslb.com/bfs/archive/42013129630134aa2f76f5e626341f4b40567d57.jpg
2026-06-20,2026-06-20 05:34:37,63,BV1MXj36sEhq,116759088666555,P1 谷中伊始【真必死难度+禁偷抢骗+纯净无模组】太吾绘卷天幕心帷全流程实况攻略,小米米沙,单机游戏,游戏,17,4532,484942,2748,2203,40444,41391,20326,1118,1781665200,https://www.bilibili.com/video/BV1MXj36sEhq,http://i2.hdslb.com/bfs/archive/10a7240d75e51e9a78f28832e4e399978fd28a8f.jpg
2026-06-20,2026-06-20 05:34:37,64,BV1HXjj6fEwL,116761974278100,歌剧老师锐评《乘风破浪的姐姐2026》四公（下）,铁豆钢蛋,乐评盘点,音乐,243,4390,1063858,35258,8755,45728,31955,7161,1711,1781654400,https://www.bilibili.com/video/BV1HXjj6fEwL,http://i1.hdslb.com/bfs/archive/c7e643c4bb6aefe882ab51a7b4a3cc8dad52d978.jpg
2026-06-20,2026-06-20 05:34:37,65,BV1Rkjw6gEMV,116771352878826,《鸣潮》特别影像记录 | 玄方,鸣潮,手机游戏,游戏,172,108,1435437,3456,12148,81093,30848,10814,15378,1781838000,https://www.bilibili.com/video/BV1Rkjw6gEMV,http://i1.hdslb.com/bfs/archive/34afa8973c61fb8b7df7e22c67795c4a6a3be867.jpg
2026-06-20,2026-06-20 05:34:37,66,BV1hPjF6tEbJ,116769054267968,当我报错了志愿（读了很多书之后才发现，父母的三观跟我们不一样呜呜呜）,萧枭同学,搞笑,娱乐,138,170,1380173,437,726,80743,982,6867,352,1781775000,https://www.bilibili.com/video/BV1hPjF6tEbJ,http://i0.hdslb.com/bfs/archive/ef34e8badf7939aaffb3c6b435f1f3612000cfce.jpg
2026-06-20,2026-06-20 05:34:37,67,BV1mWLR6uExn,116765614936501,如果爱昴天团看到了死归全过程【2】,生锈的包子,综合,综合,27,387,1011862,1155,3780,43255,12582,14066,2024,1781702200,https://www.bilibili.com/video/BV1mWLR6uExn,http://i1.hdslb.com/bfs/archive/3333903814e72ea1da627b1d61963aa90fd9f063.jpg
2026-06-20,2026-06-20 05:34:37,68,BV1Qyj36fEj1,116759172487703,关羽玩家：苏打锋老师 我还记得你 闪电旋风劈 泰山陨石坠 藏兵术,Study苏打锋,电子竞技,游戏,171,179,1373179,443,1152,87094,4880,9627,4025,1781604188,https://www.bilibili.com/video/BV1Qyj36fEj1,http://i1.hdslb.com/bfs/archive/6b5e222226eba5c3c26e3f8e909296e1df0a2309.jpg
2026-06-20,2026-06-20 05:34:37,69,BV1aKjP6kE2F,116770631322253,有一个国家，半数人灵活就业，劳动法形同废纸,耳畔的猫头鹰,运动文化,运动文化,237,260,682933,13007,5881,54146,12637,11900,11448,1781778884,https://www.bilibili.com/video/BV1aKjP6kE2F,http://i2.hdslb.com/bfs/archive/01d96ea8ae2de2a0aad812aaf711fb4058dac8be.jpg
2026-06-20,2026-06-20 05:34:37,70,BV1NRjF6WEo5,116770312554363,史上最牛烤鱼店！整个楼层全倒闭！8年老店到底有多好吃？（江苏）@勇哥餐饮原创,勇哥餐饮避坑指南,日常,生活,21,1209,1116523,2266,4696,64404,2539,8741,6077,1781774030,https://www.bilibili.com/video/BV1NRjF6WEo5,http://i1.hdslb.com/bfs/archive/1ec68b4b2c3f30cd811e3fb34693cbc9ce03d001.jpg
2026-06-20,2026-06-20 05:34:37,71,BV1fujG6kEJp,116758904112827,全球首张《西游记》全角色震撼大合影——它来了！,视觉暴徒,野生技能协会,野生技能协会,122,453,604545,1836,2834,65305,55644,19269,1590,1781599702,https://www.bilibili.com/video/BV1fujG6kEJp,http://i1.hdslb.com/bfs/archive/56c18524eb85841cd72fb7c4830bcff810f37f3f.jpg
2026-06-20,2026-06-20 05:34:37,72,BV1gLLR61ELo,116765497557486,《澳洲技师》,伤心欲茄222,搞笑,娱乐,138,121,1271555,768,1288,113159,2540,5145,2235,1781755200,https://www.bilibili.com/video/BV1gLLR61ELo,http://i0.hdslb.com/bfs/archive/6f6a3bec9369c54bf26785584949ff3e0fae2408.jpg
2026-06-20,2026-06-20 05:34:37,73,BV1hNjw6vEa6,116769876347422,“啊，是关中王来了！”,三木刃,鬼畜剧场,鬼畜剧场,216,337,724654,542,892,61990,7324,12531,1260,1781841300,https://www.bilibili.com/video/BV1hNjw6vEa6,http://i1.hdslb.com/bfs/archive/bfab94865def24138b661b7340eeed674179a6ea.jpg
2026-06-20,2026-06-20 05:34:37,74,BV1wULQ6xE1e,116764960626274,一个跟头十万八千里,云南交警,影视剪辑,影视,183,11,2208073,324,2666,122168,1244,12268,5185,1781692067,https://www.bilibili.com/video/BV1wULQ6xE1e,http://i0.hdslb.com/bfs/archive/2005343f22bfc6f5bacb1665403f34ffd775091c.jpg
2026-06-20,2026-06-20 05:34:37,75,BV1gNj364EK3,116759675799380,载物逆天头球破门，NiKo勇夺世界杯！,CSGO-QUQU,电子竞技,游戏,171,205,1917751,1270,2319,77859,10593,14431,30236,1781611437,https://www.bilibili.com/video/BV1gNj364EK3,http://i2.hdslb.com/bfs/archive/07f02584b19439cb7b3d0da4193aed158f37be1c.jpg
2026-06-20,2026-06-20 05:34:37,76,BV1jnL96pEah,116764222424847,下场遇到恶意超速怎么办？,爱飙车的假司机,运动综合,运动,238,314,973265,471,4621,68200,716,7138,554,1781680931,https://www.bilibili.com/video/BV1jnL96pEah,http://i0.hdslb.com/bfs/archive/434bf65e38bf0811972b6a3693b2d3353da3876a.jpg
2026-06-20,2026-06-20 05:34:37,77,BV1XGLR62EFQ,116765463944029,💖 致爱莉希雅～ 💖,河野华,仿妆cos,时尚,252,63,652355,799,1262,104792,17170,31045,2497,1781699852,https://www.bilibili.com/video/BV1XGLR62EFQ,http://i0.hdslb.com/bfs/archive/2215cf1aec0661393c875088a8cd6b91e5fb57b9.jpg
2026-06-20,2026-06-20 05:34:37,78,BV1EMjc6yExi,116770430060662,神奇的魔法王冠,路西法Lusiferr,搞笑,娱乐,138,15,2384356,343,3409,131742,955,7277,2676,1781784000,https://www.bilibili.com/video/BV1EMjc6yExi,http://i0.hdslb.com/bfs/archive/65097cf6e407553f76561bcf8641ce303dba3328.jpg
2026-06-20,2026-06-20 05:34:37,79,BV1E5L964E62,116764289535712,《绝了航天》亿！镜！到！底！（限定双人版！）,叶开叶师傅,单机游戏,游戏,17,297,1183137,351,496,64562,904,7686,453,1781690400,https://www.bilibili.com/video/BV1E5L964E62,http://i1.hdslb.com/bfs/archive/d16675651d2a7f12bbaed33ef45c705c1e24aecb.jpg
2026-06-20,2026-06-20 05:34:37,80,BV1LPjL6CEsZ,116761353523631,"""人生没有白走的捷径 向下的不是自由.""",我爱吃派大星,音乐综合,音乐,130,337,2549337,833,3533,78404,2689,14149,1879,1781655600,https://www.bilibili.com/video/BV1LPjL6CEsZ,http://i1.hdslb.com/bfs/archive/a79ec1472eecca3acee329142fd843235e94a30f.jpg
2026-06-20,2026-06-20 05:34:37,81,BV12JLX6PEA4,116764625077719,“以前的小孩vs现在的小孩”,数码宝贝坤,搞笑,娱乐,138,11,1873559,231,3391,131278,502,9204,1578,1781755200,https://www.bilibili.com/video/BV12JLX6PEA4,http://i0.hdslb.com/bfs/archive/24846c832347f7613d6e863a3e323720e2bf2e4d.jpg
2026-06-20,2026-06-20 05:34:37,82,BV1nsj36CEVi,116759457761166,广东最近的天气（2）（威尼斯篇）be like：,扬帆北冥号,家居房产,家居房产,239,62,1135111,425,2792,119037,1933,23572,7536,1781608168,https://www.bilibili.com/video/BV1nsj36CEVi,http://i0.hdslb.com/bfs/archive/e27e6048435de201fcc242b2ae1fb7d56634db98.jpg
2026-06-20,2026-06-20 05:34:37,83,BV1rpjF6LEbx,116768853002130,有缘刷到这条视频的朋友，运势向好,你的八戒师叔,人文历史,知识,228,24,244386,49010,11157,89289,18260,9467,279,1781751486,https://www.bilibili.com/video/BV1rpjF6LEbx,http://i2.hdslb.com/bfs/archive/3ea1d99259e6dbc851f26a7b9a6dc7b6f656fc56.jpg
2026-06-20,2026-06-20 05:34:37,84,BV1T9jV6aEUv,116759910747559,我想应该是这样的,笔心无忧BX,绘画,绘画,162,91,1451085,1080,3104,107489,1699,13214,913,1781615089,https://www.bilibili.com/video/BV1T9jV6aEUv,http://i2.hdslb.com/bfs/archive/6a0f697a85bf2eed156ea84449e6ff42b721c2dc.jpg
2026-06-20,2026-06-20 05:34:37,85,BV1gCju6XEMg,116758350470433,这是真拼豆！也是真炸鸡！,黑猫厨房,美食制作,美食,76,156,1701455,522,759,110849,20417,18951,5313,1781596800,https://www.bilibili.com/video/BV1gCju6XEMg,http://i0.hdslb.com/bfs/archive/6195e40b5cbe3941674e4fffaf3218408433d609.jpg
2026-06-20,2026-06-20 05:34:37,86,BV1jbja6hE3o,116771990277534,炒菜好不好吃不是放多少调料而是掌握食材时间、火候、和烹饪技巧,灶台阿连,日常,生活,21,627,645358,1250,2020,50149,5040,16038,1660,1781799497,https://www.bilibili.com/video/BV1jbja6hE3o,http://i1.hdslb.com/bfs/archive/ab2d3085ec3329c0de7ed86cda1263841a4753e4.jpg
2026-06-20,2026-06-20 05:34:37,87,BV1cNjc62Edi,116770262225952,故意带嘴硬男友去外面撸宠物蟑螂…他差点被双马尾吓哭！,是王小白呀,日常,生活,21,550,1329647,2726,1150,78600,2640,9185,2555,1781773506,https://www.bilibili.com/video/BV1cNjc62Edi,http://i1.hdslb.com/bfs/archive/ef9a657b0abdd65edac669ce3236abe6a14ca201.jpg
2026-06-20,2026-06-20 05:34:37,88,BV1zLL96dEjK,116764205711813,全剧血压最高的一集！熊家长PUA老师，24小时电话轰炸？韩剧《铁拳教育》第三期,小片片说大片,影视杂谈,影视,182,2099,1301282,5490,1377,51618,13484,11673,1325,1781690400,https://www.bilibili.com/video/BV1zLL96dEjK,http://i2.hdslb.com/bfs/archive/e8411b8808ad27f88832448e7e7379af8e2afccd.jpg
2026-06-20,2026-06-20 05:34:37,89,BV1iYja6ZEzZ,116772007121339,小时候开智之前,西维西师傅,搞笑,娱乐,138,43,2300152,377,1109,136041,912,5158,938,1781799781,https://www.bilibili.com/video/BV1iYja6ZEzZ,http://i0.hdslb.com/bfs/archive/7ad399f31462cf8f6d445897c904df38282369d8.jpg
2026-06-20,2026-06-20 05:34:37,90,BV1QLLo6pEJJ,116766269246386,虽说是个无所谓的夜晚 但我想成为你的恋人,鐘董_,综合,综合,27,35,468366,140,1946,94250,4664,44334,3431,1781712123,https://www.bilibili.com/video/BV1QLLo6pEJJ,http://i1.hdslb.com/bfs/archive/a942621bffb4f834dcf478074a033280f67e70c1.jpg
2026-06-20,2026-06-20 05:34:37,91,BV1C4LX6bEUN,116764742522472,吃不完的西瓜,军老弟弟,美食制作,美食,76,117,2012829,7111,4569,96484,2101,10207,6928,1781688722,https://www.bilibili.com/video/BV1C4LX6bEUN,http://i1.hdslb.com/bfs/archive/64ca8d2eb4f9ccf2e3bda851b9842422d53bf858.jpg
2026-06-20,2026-06-20 05:34:37,92,BV1Xnjc6vEVG,116770027341825,提前给我超有眼光的100万个粉丝剪个彩！,AL光,手机游戏,游戏,172,17,322105,118,709,191611,6889,32308,713,1781786100,https://www.bilibili.com/video/BV1Xnjc6vEVG,http://i1.hdslb.com/bfs/archive/ce7eb2c9d4f38c37a3ecd37a81801e0141969336.jpg
2026-06-20,2026-06-20 05:34:37,93,BV1PcLQ6bEhK,116763266255753,粽子实力排行,东方日出哇,特摄,动画,86,248,1267732,5982,8470,75144,1594,10371,2060,1781666211,https://www.bilibili.com/video/BV1PcLQ6bEhK,http://i2.hdslb.com/bfs/archive/59ba63889a64a88dfada940d0d56153f5cf3e737.jpg
2026-06-20,2026-06-20 05:34:37,94,BV1H4LD6QEgb,116763970903679,曼谷.戈登 厨子探店¥1500,真探唐仁杰,美食侦探,美食,212,350,1254262,971,1673,73119,1091,3119,527,1781686800,https://www.bilibili.com/video/BV1H4LD6QEgb,http://i0.hdslb.com/bfs/archive/1c5d8f42b778b3f7fe714237164f441fe1ffe00c.jpg
2026-06-20,2026-06-20 05:34:37,95,BV1TGj36QEWt,116759323483110,如何在亲戚家浪费一个下午,农民入门指南_Official,三农,生活,251,42,2228303,563,3463,138357,3117,13245,6071,1781606151,https://www.bilibili.com/video/BV1TGj36QEWt,http://i2.hdslb.com/bfs/archive/5a33cbc1087c86e0a67648de64a52aa9d4115486.jpg
2026-06-20,2026-06-20 05:34:37,96,BV1nCjg6rETZ,116759575136229,谁赢谁吃挑战古诗版！,三一八本人,搞笑,娱乐,138,606,1696921,3660,2283,63967,4483,6252,6226,1781610141,https://www.bilibili.com/video/BV1nCjg6rETZ,http://i0.hdslb.com/bfs/archive/5dc62016c5b8ccd0d32a84de76b8a3a7f53926b5.jpg
2026-06-20,2026-06-20 05:34:37,97,BV1Aoja6GEkx,116771755395620,新三国up锐评老三国03：这首播版内容还真多,吃蛋挞的折棒,影视剪辑,影视,183,1571,694354,8390,5029,47162,23092,7290,984,1781834400,https://www.bilibili.com/video/BV1Aoja6GEkx,http://i1.hdslb.com/bfs/archive/b8983523a2ddb812e209d85b0f9a09a8e482dd19.jpg
2026-06-20,2026-06-20 05:34:37,98,BV1Fsj36CEo4,116759457694427,“墙那边根本就没有厕所2！！”,二三哥哥鸭,搞笑,娱乐,138,55,1670991,541,1184,132619,1618,22079,4247,1781608223,https://www.bilibili.com/video/BV1Fsj36CEo4,http://i0.hdslb.com/bfs/archive/f66f4afd7922201fc143f2f045ab29c8de3d5c49.jpg
2026-06-20,2026-06-20 05:34:37,99,BV1UdjV6FEYF,116759893906951,👴👉🐺🍄再玩不到核电站我就要变身啦！！！【老年三角洲行动】,Lee唉咯,网络游戏,游戏,65,192,1257916,241,353,59868,2268,5770,626,1781689500,https://www.bilibili.com/video/BV1UdjV6FEYF,http://i1.hdslb.com/bfs/archive/b2c5ac6d3a44d3d5845c2e0edb212da59739aa0d.jpg
2026-06-20,2026-06-20 05:34:37,100,BV1UkjT6yEPq,116757595422987,乘螺舟而至——《太吾绘卷》与中国独立游戏的八年,新华社,日常,生活,21,716,3484139,6574,8859,102914,20733,13026,17701,1781582100,https://www.bilibili.com/video/BV1UkjT6yEPq,http://i1.hdslb.com/bfs/archive/79c11095248e4800a41f3e8e4abea6fa13554783.jpg
2026-06-20,2026-06-20 14:41:11,1,BV16Mjc6yEJd,116770430131075,《原神》至冬生态短片 - 凛寒的规约,原神,手机游戏,游戏,172,509,3431319,15556,17537,285298,72334,40771,38372,1781788200,https://www.bilibili.com/video/BV16Mjc6yEJd,http://i0.hdslb.com/bfs/archive/a55b011b2bb0d31974367c9a32c1f7257c6c2bc2.jpg
2026-06-20,2026-06-20 14:41:11,2,BV1B6LR6tEcD,116765229057404,不同价格的声音,李肆言哟,日常,生活,21,91,5992075,2509,4667,412967,8364,37486,6493,1781696260,https://www.bilibili.com/video/BV1B6LR6tEcD,http://i1.hdslb.com/bfs/archive/1fcb1aec42c67f54ac0e69e48af78efe6abb0e27.jpg
2026-06-20,2026-06-20 14:41:11,3,BV1Ftjw6DEmL,116769557711688,假如所有人被迫看着死亡回归,00kk君,MAD·AMV,MAD·AMV,24,4786,2235890,9154,10915,161228,59765,111540,9730,1781762186,https://www.bilibili.com/video/BV1Ftjw6DEmL,http://i2.hdslb.com/bfs/archive/9ab9adff76a9f537e7fae8a493c60fc0fa60feb5.jpg
2026-06-20,2026-06-20 14:41:11,4,BV1vwLX6yEM2,116765011221350,操 控 买 瓜,岩罗Crv,鬼畜剧场,鬼畜剧场,216,200,2252788,7149,3807,192538,66221,52932,16035,1781692838,https://www.bilibili.com/video/BV1vwLX6yEM2,http://i2.hdslb.com/bfs/archive/04e711636e551d2a581322fb9b21c4916ab63bfa.jpg
2026-06-20,2026-06-20 14:41:11,5,BV1eNLR6pERL,116765816392974,一扇没关的窗，闯进了一身防备的流浪猫妈妈暖暖，也打开了我温柔善良的另一人生。原来善良从来不是单向的付出，你温柔待众生，众生亦会温柔予你。,奇迹男孩1998,喵星人,喵星人,218,458,1040687,2908,5725,197191,118460,20265,2206,1781705143,https://www.bilibili.com/video/BV1eNLR6pERL,http://i2.hdslb.com/bfs/archive/344ae88b1d159c4491e20618c3b67f5d9035ed95.jpg
2026-06-20,2026-06-20 14:41:11,6,BV14zLQ6aECD,116763115196878,【速凌】你永远都不知道挂机的哈基蜂到底在干嘛,高司令-速凌电竞,单机游戏,游戏,17,485,2317382,7525,3195,208457,65133,113947,2214,1781688600,https://www.bilibili.com/video/BV14zLQ6aECD,http://i2.hdslb.com/bfs/archive/76a66ddae84623b2abc9ddd8444f93d05cbd06e8.jpg
2026-06-20,2026-06-20 14:41:11,7,BV1Pqjc6REiP,116770111295217,“孩子的第一新声你希望是什么”【波西米亚狂想曲】【超级加倍の小曲】,早睡起大王,音乐综合,音乐,130,156,2544344,8054,6256,201802,4507,59083,23589,1781771400,https://www.bilibili.com/video/BV1Pqjc6REiP,http://i1.hdslb.com/bfs/archive/d691ffd8bb12633ac11c3ea944602fe0c037e31c.jpg
2026-06-20,2026-06-20 14:41:11,8,BV1wmjA6dEDF,116770564284361,知更鸟爆改耀斑（完整版）,金咸鱼,手机游戏,游戏,172,190,1164861,931,4372,155931,11473,41224,25900,1781777799,https://www.bilibili.com/video/BV1wmjA6dEDF,http://i2.hdslb.com/bfs/archive/4d7ea8b39f8077d4875517dffd04c313f6261901.jpg
2026-06-20,2026-06-20 14:41:11,9,BV1kLLd6eEhS,116767259169027,真捉真萌真实机——《伊莫》握爪测试定档7月2日,伊莫,单机游戏,游戏,17,481,3448911,1317,2979,122357,31227,56562,19643,1781740800,https://www.bilibili.com/video/BV1kLLd6eEhS,http://i0.hdslb.com/bfs/archive/811cd8aad6f533ad924daa80e490914feaf8f786.jpg
2026-06-20,2026-06-20 14:41:11,10,BV1oZLQ6EEUE,116765061291679,要不说警方卧底都是人才！！！把我笑惨了！,谈苏阳,野生技能协会,野生技能协会,122,415,2694867,4350,2372,170900,12703,16344,3172,1781693713,https://www.bilibili.com/video/BV1oZLQ6EEUE,http://i2.hdslb.com/bfs/archive/1a23cbec593cbc43238681e184d312f37a0a910a.jpg
2026-06-20,2026-06-20 14:41:11,11,BV14VjF6HEGT,116768618060324,宇 宙 级 免 责 声 明,龙大人不喷火,鬼畜剧场,鬼畜剧场,216,92,3772740,1743,8782,241075,9516,19409,11328,1781780400,https://www.bilibili.com/video/BV14VjF6HEGT,http://i0.hdslb.com/bfs/archive/4089372d9471271137ac3ce69091a7ac0faf36f4.jpg
2026-06-20,2026-06-20 14:41:11,12,BV1aZLo69Emm,116768215404781,特朗普太好笑了！G7记者会现场，梦到哪句说哪句,小王Albert,人文历史,知识,228,525,2235446,6804,4955,143497,31665,17808,14652,1781741913,https://www.bilibili.com/video/BV1aZLo69Emm,http://i1.hdslb.com/bfs/archive/cf89405ea5fbec111da51bbc28c2b97d5762446d.jpg
2026-06-20,2026-06-20 14:41:11,13,BV1KSLd63EgS,116766554460639,倒反天罡，开局变僵尸，现在史蒂夫才是怪物【我是僵尸】,磊哥游戏,单机游戏,游戏,17,362,2120289,1609,3871,178893,14887,24367,3408,1781744400,https://www.bilibili.com/video/BV1KSLd63EgS,http://i0.hdslb.com/bfs/archive/a8074c1d277133be42cc5116f94bd564338abbdd.jpg
2026-06-20,2026-06-20 14:41:11,14,BV1SKLD6NEdC,116763870105077,"【本家投稿】 TAK - 'numb numb' feat. Hatsune Miku, Kasane Teto",TAK_DRDR,MV,MV,193,176,744297,5034,2190,160448,61037,100804,7566,1781675534,https://www.bilibili.com/video/BV1SKLD6NEdC,http://i2.hdslb.com/bfs/archive/533d6c072b8ac980c2dfd607c9e7ce4ca7453347.jpg
2026-06-20,2026-06-20 14:41:11,15,BV1LAjP61EbF,116770732120927,［甲鱼meme］水宝宝,烫甲鱼,绘画,绘画,162,167,2237823,508,1926,138559,5223,30698,2990,1781780089,https://www.bilibili.com/video/BV1LAjP61EbF,http://i2.hdslb.com/bfs/archive/82e7bc476c47722f23af20e620bb6c13f4ee3c75.jpg
2026-06-20,2026-06-20 14:41:11,16,BV1Skju6pETf,116758367178100,太硬核了！校运会开幕式上，马术系学生进行马术表演。网友：“鲜衣怒马少年时”具象化了！,人民日报,日常,生活,21,28,2972663,2290,11851,337395,5712,26382,6653,1781591444,https://www.bilibili.com/video/BV1Skju6pETf,http://i0.hdslb.com/bfs/archive/4313efdb415e08834f6bf5bbe63a1aaa24432663.jpg
2026-06-20,2026-06-20 14:41:11,17,BV1Nyjq6dENe,116775043801036,挑战你们说我像谁我就模仿谁！事情发展到这一步，已经越来越离谱了。。。,李如儒也是李蠕蠕,小剧场,娱乐,85,151,2307078,4485,2942,184390,17416,8735,1770,1781846144,https://www.bilibili.com/video/BV1Nyjq6dENe,http://i1.hdslb.com/bfs/archive/0a51f7b766b553eeecb0f09765a9c38db7b7b6c6.jpg
2026-06-20,2026-06-20 14:41:11,18,BV1EdLQ6DEnk,116765078133274,🍄2026最有深度的说唱🍄,纸片马力欧,日常,生活,21,56,2101397,629,3863,224718,7827,46383,27215,1781693849,https://www.bilibili.com/video/BV1EdLQ6DEnk,http://i1.hdslb.com/bfs/archive/1ddad6d7cacde25a39ba1e74002c5d18727efd01.jpg
2026-06-20,2026-06-20 14:41:11,19,BV1zqLR68EC3,116765195502036,游戏名称《Knuckle Jet》，需要大家来一波愿望单啊！上次是影游，这次是独立横版过关，每次都是不同的新尝试！离不开大家的支持！感谢！对它使用炎拳吧！,挪威老王,出行,生活,250,228,1415286,940,1711,150544,9102,13673,878,1781696131,https://www.bilibili.com/video/BV1zqLR68EC3,http://i0.hdslb.com/bfs/archive/1cacbbd68476837e12867c54e0312ca5fa8b532b.jpg
2026-06-20,2026-06-20 14:41:11,20,BV1yqjc69ESj,116770111227815,一盆面粉直接倒进开水里，面点老师傅教你炸糖糕的详细做法~,品诺美食开课啦,美食制作,美食,76,199,1269759,754,1781,124899,6015,22010,2102,1781777400,https://www.bilibili.com/video/BV1yqjc69ESj,http://i1.hdslb.com/bfs/archive/05a9fa11eca447aaff06fcef3c36ba849c2c578a.jpg
2026-06-20,2026-06-20 14:41:11,21,BV1Qtjq6iEoF,116775228278653,祝大家端午節快樂,台灣館長,日常,生活,21,17,2330167,5886,10474,419419,11441,26545,26057,1781848904,https://www.bilibili.com/video/BV1Qtjq6iEoF,http://i1.hdslb.com/bfs/archive/bdd921fa27274787b2e615a36e2417695d23128d.jpg
2026-06-20,2026-06-20 14:41:11,22,BV1mVjw6FEpX,116769524091628,《崩坏：星穹铁道》× 绿联联动小曲 | 爻光充能手势曲,帕姆的收藏夹,娱乐粉丝创作,娱乐,242,32,2070899,767,6967,293187,16337,60012,35352,1781776800,https://www.bilibili.com/video/BV1mVjw6FEpX,http://i0.hdslb.com/bfs/archive/bf2ccd843ca7fdf49f3738dd0a9dc8cfb6b5e61a.jpg
2026-06-20,2026-06-20 14:41:11,23,BV125jF6DELp,116768668456451,新娘农瘾有点重啊,浮世清欢落颜,搞笑,娱乐,138,18,3857709,1566,2926,300240,7101,13518,2490,1781748503,https://www.bilibili.com/video/BV125jF6DELp,http://i1.hdslb.com/bfs/archive/bd10735e3a5ebdab93f2115d56c192c5dcf2f2ab.jpg
2026-06-20,2026-06-20 14:41:11,24,BV1hNjw6vEa6,116769876347422,“啊，是关中王来了！”,三木刃,鬼畜剧场,鬼畜剧场,216,337,1665611,964,1563,113128,12870,22288,2785,1781841300,https://www.bilibili.com/video/BV1hNjw6vEa6,http://i1.hdslb.com/bfs/archive/bfab94865def24138b661b7340eeed674179a6ea.jpg
2026-06-20,2026-06-20 14:41:11,25,BV1P1LQ6tEM1,116764927071967,那些美好的动物视频！,蒙哥马利愛学习,动物二创,动物二创,220,401,1688261,1625,1896,147174,1519,10769,1379,1781691731,https://www.bilibili.com/video/BV1P1LQ6tEM1,http://i0.hdslb.com/bfs/archive/4b9d7016a1a67c118033eeddbbe35b33ce4d84b4.jpg
2026-06-20,2026-06-20 14:41:11,26,BV1a4jG6cEFr,116760665658519,大 周 礼 时 代,诸葛皮皮9527,小剧场,娱乐,85,79,2027198,2202,10248,191455,5406,20929,4420,1781686800,https://www.bilibili.com/video/BV1a4jG6cEFr,http://i1.hdslb.com/bfs/archive/22bf7c025e6fb64222877fca92fdac69be641332.jpg
2026-06-20,2026-06-20 14:41:11,27,BV1bXLX6rE2h,116764457307659,我们要拍洛恩，不能只拍洛恩...【原神摄影】,语堂天天啃土,手机游戏,游戏,172,164,1315398,468,629,127704,7425,27657,2544,1781684487,https://www.bilibili.com/video/BV1bXLX6rE2h,http://i1.hdslb.com/bfs/archive/b1e013896c1f5b7a87106f6a5fabb9a5cdf9a517.jpg
2026-06-20,2026-06-20 14:41:11,28,BV1KTJN6kEuG,116748099586045,⚡️JOJO x 迈克尔杰克逊⚡️顶级智斗の【假死避雷】（同人）,Mr丶Ass,综合,综合,27,538,1344888,2301,1774,98408,18262,23107,7587,1781773200,https://www.bilibili.com/video/BV1KTJN6kEuG,http://i0.hdslb.com/bfs/archive/a526c48f6d7a7001202d512beb7f289dc455b206.jpg
2026-06-20,2026-06-20 14:41:11,29,BV1PCLQ6fEzD,116764943850430,给日本人唱《Night Dancer》他们居然这反应！！,你哇哥233,翻唱,音乐,31,124,1841586,405,2412,185913,4409,30564,2111,1781692078,https://www.bilibili.com/video/BV1PCLQ6fEzD,http://i0.hdslb.com/bfs/archive/0ce4c855b026ac914a04d572a3fc70623b3db51b.jpg
2026-06-20,2026-06-20 14:41:11,30,BV1BHjz6JEYR,116776067275498,游 龙,杨齐家_,单机游戏,游戏,17,1021,1033147,7981,28438,89474,10869,10729,931,1781861701,https://www.bilibili.com/video/BV1BHjz6JEYR,http://i2.hdslb.com/bfs/archive/9cd16777210d57d4707e7989f160f598afd22677.jpg
2026-06-20,2026-06-20 14:41:11,31,BV1MqL96rEGB,116766185360102,【采访TV】亮马河站到了,大乾乾是顾乾宇,小剧场,娱乐,85,142,2015071,2427,3650,150965,4529,14700,9764,1781711180,https://www.bilibili.com/video/BV1MqL96rEGB,http://i0.hdslb.com/bfs/archive/890a8e1555cc67f2f169649e59db3518fb2058b3.jpg
2026-06-20,2026-06-20 14:41:11,32,BV1w2LQ6ZEoA,116764977594634,小猫meme,待到春来冬夏去,绘画,绘画,162,19,811272,364,2910,184105,8341,57606,8726,1781692216,https://www.bilibili.com/video/BV1w2LQ6ZEoA,http://i1.hdslb.com/bfs/archive/fd5bd223f1d24198a470c8bcce0952882843e3fb.jpg
2026-06-20,2026-06-20 14:41:11,33,BV1T1jT6CEuh,116757494825615,我有勇气我都不怕！,张语潇与张师傅,演奏,演奏,59,38,2112759,396,3737,233944,36883,33931,9176,1781578139,https://www.bilibili.com/video/BV1T1jT6CEuh,http://i0.hdslb.com/bfs/archive/42fc13e203770c3098f01e07d612c0b3b7c02306.jpg
2026-06-20,2026-06-20 14:41:11,34,BV1Zjj561EJo,116761873686110,“盛夏，蝉鸣，小小的傻龙~”,小陈的脚凑凑的,日常,生活,21,81,1552432,374,2479,197637,20784,65304,9022,1781651400,https://www.bilibili.com/video/BV1Zjj561EJo,http://i0.hdslb.com/bfs/archive/f0cbbb07ce381ffa8e92bd84fc2f77c47b6f7e4a.jpg
2026-06-20,2026-06-20 14:41:11,35,BV1sCLQ6fEPJ,116764943915704,助眠的破防瞬间,-高泽宇,搞笑,娱乐,138,62,2891814,785,3547,202990,2360,21513,12918,1781702100,https://www.bilibili.com/video/BV1sCLQ6fEPJ,http://i2.hdslb.com/bfs/archive/a1705b747ac6c1830a59d0971c2b6e7ad39db000.jpg
2026-06-20,2026-06-20 14:41:11,36,BV1PUL96PEts,116765732379597,【僵毁TV第二季】B42多人联机体验Be like:  S2E1,S4nya_,预告·资讯,影视,184,512,1318840,1702,1894,81943,31106,19093,3550,1781704402,https://www.bilibili.com/video/BV1PUL96PEts,http://i2.hdslb.com/bfs/archive/906c869efa27a1d76fcdcf04cc2d9842f894be50.jpg
2026-06-20,2026-06-20 14:41:11,37,BV1dmJP6sEgd,116748384731561,迈克尔杰克逊的billiejean，斗胆跳一段。,特崮斯,篮球,运动,235,67,6013041,3074,13627,1044238,193501,118570,20364,1781439271,https://www.bilibili.com/video/BV1dmJP6sEgd,http://i2.hdslb.com/bfs/archive/d06b949e7976e0c255a0f4885cb8a3acf0165294.jpg
2026-06-20,2026-06-20 14:41:11,38,BV1jbja6hE3o,116771990277534,炒菜好不好吃不是放多少调料而是掌握食材时间、火候、和烹饪技巧,灶台阿连,日常,生活,21,627,1222244,2278,3631,80649,7936,25409,2629,1781799497,https://www.bilibili.com/video/BV1jbja6hE3o,http://i1.hdslb.com/bfs/archive/ab2d3085ec3329c0de7ed86cda1263841a4753e4.jpg
2026-06-20,2026-06-20 14:41:11,39,BV12JLX6PEA4,116764625077719,“以前的小孩vs现在的小孩”,数码宝贝坤,搞笑,娱乐,138,11,3026573,335,4796,199127,1038,14212,2462,1781755200,https://www.bilibili.com/video/BV12JLX6PEA4,http://i0.hdslb.com/bfs/archive/24846c832347f7613d6e863a3e323720e2bf2e4d.jpg
2026-06-20,2026-06-20 14:41:11,40,BV1LHL96QEpS,116766017587955,我们成立团队了！,卡慕SaMa,单机游戏,游戏,17,278,1067011,2172,11702,79832,10399,21297,5141,1781769600,https://www.bilibili.com/video/BV1LHL96QEpS,http://i2.hdslb.com/bfs/archive/dc223024e158e9a11516cd00465db416b3d5104d.jpg
2026-06-20,2026-06-20 14:41:11,41,BV1wwE165EpD,116736741349278,《诡秘之主：愚者》首曝PV | 欢迎回来，愚者先生,诡秘之主愚者,GMV,GMV,121,157,2657330,4477,3659,122538,36578,41909,12377,1781658000,https://www.bilibili.com/video/BV1wwE165EpD,http://i1.hdslb.com/bfs/archive/190e57d8867c7683397960f926975cf3b0d88740.jpg
2026-06-20,2026-06-20 14:41:11,42,BV17XjG6VEJG,116760313333805,“再见，徐霞客。”,王暖胃,日常,生活,21,216,830905,281,1796,84077,18627,28309,4285,1781621405,https://www.bilibili.com/video/BV17XjG6VEJG,http://i1.hdslb.com/bfs/archive/fcd40fce8c0af9dbc0872424785d435e1af6c125.jpg
2026-06-20,2026-06-20 14:41:11,43,BV1A2LQ6oE6W,116764977402266,运城17岁少年被打，报警后又遭假警察诱殴，三重疑问待官方明答，官方须尽快出具详实透明通报,大象新闻,社会,社会,205,67,1624472,2903,3691,192891,22884,8990,4934,1781692347,https://www.bilibili.com/video/BV1A2LQ6oE6W,http://i2.hdslb.com/bfs/archive/08377245ed3167f1afc106e31fd0cd7c5168927e.jpg
2026-06-20,2026-06-20 14:41:11,44,BV1ztj36rEjF,116759357163411,月薪三千去锯齿的正确方式、结尾带原理！,佛系小詹设计日常,设计·创意,设计·创意,229,47,3741361,131,1223,204649,6346,138207,1670,1781606612,https://www.bilibili.com/video/BV1ztj36rEjF,http://i1.hdslb.com/bfs/archive/25a4b941d05eb018db00872e5f6055f2dde2d455.jpg
2026-06-20,2026-06-20 14:41:11,45,BV1chJ36nECM,116752293893387,“明知故看”,刀月你好香,搞笑,娱乐,138,49,4696480,338,1451,258633,7765,44939,3394,1781498836,https://www.bilibili.com/video/BV1chJ36nECM,http://i1.hdslb.com/bfs/archive/e21aff48e6bb76122924820dd05c23ea48fcf005.jpg
2026-06-20,2026-06-20 14:41:11,46,BV1CWLX6hEZY,116764843181347,美国答应赔伊朗3000亿，但美国不出钱,麻薯波比呀,社科·法律·心理,知识,124,919,1607586,5760,4463,90470,15361,9393,1836,1781690326,https://www.bilibili.com/video/BV1CWLX6hEZY,http://i2.hdslb.com/bfs/archive/ce5e0131ca1678101e1a69867dd4da187a4f64b2.jpg
2026-06-20,2026-06-20 14:41:11,47,BV1Acjc6JEA3,116770245445526,1234步职业厨师教你如何自助餐吃回本！,特厨隋坡,美食侦探,美食,212,321,1353254,2109,3473,107196,7293,8064,4718,1781772966,https://www.bilibili.com/video/BV1Acjc6JEA3,http://i2.hdslb.com/bfs/archive/8d7b8d169e2d7f977e27bd6c44566a73ae4cd8b0.jpg
2026-06-20,2026-06-20 14:41:11,48,BV1P8LR6KEhD,116765547895414,上海市中心，一百万能买到一室一厅一卫？,硬派东辰,汽车生活,汽车,176,486,2422361,2192,2604,102560,2142,7575,4776,1781701118,https://www.bilibili.com/video/BV1P8LR6KEhD,http://i1.hdslb.com/bfs/archive/179339e8aa4362b0b8710e966d69c486e5c234a7.jpg
2026-06-20,2026-06-20 14:41:11,49,BV1Wzjg65EM6,116757746424408,在AI里抛硬币，概率是50%吗？,影视飓风,单机游戏,游戏,17,617,5425254,4749,4846,337348,49664,54379,9493,1781600400,https://www.bilibili.com/video/BV1Wzjg65EM6,http://i1.hdslb.com/bfs/archive/ba06201e7786575aaf3b77304c7f74e9c958eb05.jpg
2026-06-20,2026-06-20 14:41:11,50,BV1g8LQ6BEma,116763014471632,一个人自驾甘南秘境，风景鬼斧神工，天气阴晴不定,赖导AboutLai,出行,生活,250,4390,986590,10293,2915,65313,37165,21035,7918,1781690400,https://www.bilibili.com/video/BV1g8LQ6BEma,http://i0.hdslb.com/bfs/archive/f5e891c1e0c321cf911333f6b77c04c46771d058.jpg
2026-06-20,2026-06-20 14:41:11,51,BV1wULQ64EB9,116764960825221,《绝区零》先导演示丨蕾米埃尔,哔哩哔哩游戏中心,手机游戏,游戏,172,91,956959,3227,14122,92558,44198,20055,67909,1781920800,https://www.bilibili.com/video/BV1wULQ64EB9,http://i2.hdslb.com/bfs/archive/4373a99ec734fa760ccab2161d38ef6294815f24.jpg
2026-06-20,2026-06-20 14:41:11,52,BV1Ndje6DEkS,116774674631565,【特效向】剧⚡终 但是成龙🐉,豪言の经理,鬼畜剧场,鬼畜剧场,216,131,751994,739,1396,100534,24207,22562,5030,1781840398,https://www.bilibili.com/video/BV1Ndje6DEkS,http://i0.hdslb.com/bfs/archive/9472cf3932257bbb43d2ed7c875116b0016e129d.jpg
2026-06-20,2026-06-20 14:41:11,53,BV1UrjT6LEyD,116757545091480,兔子：主公是内奸？,大丙搞笑配音,搞笑,娱乐,138,88,3868093,408,1906,256528,3504,69355,11445,1781578991,https://www.bilibili.com/video/BV1UrjT6LEyD,http://i1.hdslb.com/bfs/archive/93411e30f37b98188fbe034901430d25242da5df.jpg
2026-06-20,2026-06-20 14:41:11,54,BV1U6jz6KErp,116777744867001,王老菊教你断剑奇侠·S3-ep00：包氏创业记,怕上火暴王老菊,单机游戏,游戏,17,4658,568628,9845,5003,51311,49317,18096,5997,1781887258,https://www.bilibili.com/video/BV1U6jz6KErp,http://i1.hdslb.com/bfs/archive/554ab808c05612b25535d00af53cccaff6bee7ae.jpg
2026-06-20,2026-06-20 14:41:11,55,BV1YmJ36BEpo,116754189653664,《言外之易》EP02丨向佐给易立竞说父亲花五亿扶不起他,易立竞丨言外之易,预告·资讯,影视,184,13897,2018693,35333,8176,59129,38720,30518,14946,1781582400,https://www.bilibili.com/video/BV1YmJ36BEpo,http://i2.hdslb.com/bfs/archive/c265a0afc7842ca9ac53b78fab63ce16ddb1e08f.jpg
2026-06-20,2026-06-20 14:41:11,56,BV1RJjv6PEQN,116774490087302,今天教大家如何跟女生说话,其实我是超级小孩,单机游戏,游戏,17,52,1098112,288,1974,152929,2730,35239,8605,1781837467,https://www.bilibili.com/video/BV1RJjv6PEQN,http://i2.hdslb.com/bfs/archive/2518c2fb18de178908b9c3b67ad646cefc88f7f0.jpg
2026-06-20,2026-06-20 14:41:11,57,BV1aKjP6kE2F,116770631322253,有一个国家，半数人灵活就业，劳动法形同废纸,耳畔的猫头鹰,运动文化,运动文化,237,260,855356,16475,6938,67095,15812,14625,14431,1781778884,https://www.bilibili.com/video/BV1aKjP6kE2F,http://i2.hdslb.com/bfs/archive/01d96ea8ae2de2a0aad812aaf711fb4058dac8be.jpg
2026-06-20,2026-06-20 14:41:11,58,BV1NRjF6WEo5,116770312554363,史上最牛烤鱼店！整个楼层全倒闭！8年老店到底有多好吃？（江苏）@勇哥餐饮原创,勇哥餐饮避坑指南,日常,生活,21,1209,1513065,2788,6126,81547,3330,11349,8023,1781774030,https://www.bilibili.com/video/BV1NRjF6WEo5,http://i1.hdslb.com/bfs/archive/1ec68b4b2c3f30cd811e3fb34693cbc9ce03d001.jpg
2026-06-20,2026-06-20 14:41:11,59,BV13XLX6kEHo,116764457440486,【加勒比海盗】谁发起了好莱坞史上最离谱的诉讼,小鹿绝招大飞脚,影视剪辑,影视,183,2097,5090031,6487,2160,139221,13330,40533,1709,1781684524,https://www.bilibili.com/video/BV13XLX6kEHo,http://i2.hdslb.com/bfs/archive/d3e8fed246fe5c136b81a35120cd5fe274be410e.jpg
2026-06-20,2026-06-20 14:41:11,60,BV1qdjA6JExQ,116770547436927,当我忘记自己早已不再是18岁,CCCmlng小陈不憨,小剧场,娱乐,85,55,3030514,492,1021,168163,1510,12530,2695,1781777440,https://www.bilibili.com/video/BV1qdjA6JExQ,http://i1.hdslb.com/bfs/archive/cd9fb4626c08ca1792780613e09573220c6b29e2.jpg
2026-06-20,2026-06-20 14:41:11,61,BV1vMLR6nEbp,116765849948397,你以为的自然艺术，其实是一场视觉骗局！,艺术有毒,人文历史,知识,228,65,2720773,671,3668,143697,1574,17110,973,1781740800,https://www.bilibili.com/video/BV1vMLR6nEbp,http://i0.hdslb.com/bfs/archive/a2c5a1165ee05733a90621fe7bc8c0b472ceea59.jpg
2026-06-20,2026-06-20 14:41:11,62,BV15Qj66mE5z,116776956336801,快乐 童年,榴莲阿呀,搞笑,娱乐,138,538,1084859,3854,4574,72092,20430,12040,1252,1781875232,https://www.bilibili.com/video/BV15Qj66mE5z,http://i1.hdslb.com/bfs/archive/fd70d470e4de0758969faf57cfd3f789c6e5e222.jpg
2026-06-20,2026-06-20 14:41:11,63,BV1Sijq6cEqp,116774808850573,【plolt】我为什么突然开始做故事版了,plolt,同人·手书,动画,47,562,608315,344,882,96505,9505,13791,362,1781843400,https://www.bilibili.com/video/BV1Sijq6cEqp,http://i1.hdslb.com/bfs/archive/a45b8941d12ba649dd855eac13e6822cb21defa3.jpg
2026-06-20,2026-06-20 14:41:11,64,BV1Tdjw6hEnT,116771470180736,瑞平cosIP从夯到拉,陈年老叶_YE,仿妆cos,时尚,252,327,771329,1667,3717,80775,7248,13074,8533,1781791402,https://www.bilibili.com/video/BV1Tdjw6hEnT,http://i1.hdslb.com/bfs/archive/657e5add279286c07b3dcf420eb59456da8b281b.jpg
2026-06-20,2026-06-20 14:41:11,65,BV1BTjg6KEBB,116758098739712,泪…。,無無無鱼子,同人·手书,动画,47,17,1583517,289,3199,378747,9159,69139,5157,1781587312,https://www.bilibili.com/video/BV1BTjg6KEBB,http://i0.hdslb.com/bfs/archive/ad19127576eb3f2674730b84f05a4cea3025a63b.jpg
2026-06-20,2026-06-20 14:41:11,66,BV1amLD6TEjs,116763752667959,【微纪录片】一朵蘑菇背后的十年,央视新闻,日常,生活,21,1396,2321376,1468,1209,92951,7985,7001,1303,1781673852,https://www.bilibili.com/video/BV1amLD6TEjs,http://i0.hdslb.com/bfs/archive/cd683ba30420e7d4f7f735b7e49bc7606e26fd04.jpg
2026-06-20,2026-06-20 14:41:11,67,BV1QLLo6pEJJ,116766269246386,虽说是个无所谓的夜晚 但我想成为你的恋人,鐘董_,综合,综合,27,35,618082,167,2346,121832,6058,55707,4053,1781712123,https://www.bilibili.com/video/BV1QLLo6pEJJ,http://i1.hdslb.com/bfs/archive/a942621bffb4f834dcf478074a033280f67e70c1.jpg
2026-06-20,2026-06-20 14:41:11,68,BV1USj36xEP1,116759189259299,大家好，我是铁蛋，今天小卖部正式关门了，聚是一团火，散是满天星，感谢大家并肩作战，说不伤心是假的，天下无不散的宴席，愿我们此去繁花似锦，江湖再见！,铁蛋儿小卖部B,搞笑,娱乐,138,205,2091339,599,3456,113387,5920,34156,10804,1781603991,https://www.bilibili.com/video/BV1USj36xEP1,http://i2.hdslb.com/bfs/archive/81aa20163cced34f187dfa32e5ba629dd4e01031.jpg
2026-06-20,2026-06-20 14:41:11,69,BV1cNjc62Edi,116770262225952,故意带嘴硬男友去外面撸宠物蟑螂…他差点被双马尾吓哭！,是王小白呀,日常,生活,21,550,2498699,3057,1599,98217,2829,12070,3266,1781773506,https://www.bilibili.com/video/BV1cNjc62Edi,http://i1.hdslb.com/bfs/archive/ef9a657b0abdd65edac669ce3236abe6a14ca201.jpg
2026-06-20,2026-06-20 14:41:11,70,BV1Xnjc6vEVG,116770027341825,提前给我超有眼光的100万个粉丝剪个彩！,AL光,手机游戏,游戏,172,17,384673,139,798,225173,8368,38825,888,1781786100,https://www.bilibili.com/video/BV1Xnjc6vEVG,http://i1.hdslb.com/bfs/archive/ce7eb2c9d4f38c37a3ecd37a81801e0141969336.jpg
2026-06-20,2026-06-20 14:41:11,71,BV1hPjF6tEbJ,116769054267968,当我报错了志愿（读了很多书之后才发现，父母的三观跟我们不一样呜呜呜）,萧枭同学,搞笑,娱乐,138,170,1521974,482,777,86026,1073,7441,388,1781775000,https://www.bilibili.com/video/BV1hPjF6tEbJ,http://i0.hdslb.com/bfs/archive/ef34e8badf7939aaffb3c6b435f1f3612000cfce.jpg
2026-06-20,2026-06-20 14:41:11,72,BV1Rkjw6gEMV,116771352878826,《鸣潮》特别影像记录 | 玄方,鸣潮,手机游戏,游戏,172,108,1503084,3636,12519,84182,31945,11340,15822,1781838000,https://www.bilibili.com/video/BV1Rkjw6gEMV,http://i1.hdslb.com/bfs/archive/34afa8973c61fb8b7df7e22c67795c4a6a3be867.jpg
2026-06-20,2026-06-20 14:41:11,73,BV1EMjc6yExi,116770430060662,神奇的魔法王冠,路西法Lusiferr,搞笑,娱乐,138,15,2659856,401,4186,146622,1118,8406,3125,1781784000,https://www.bilibili.com/video/BV1EMjc6yExi,http://i0.hdslb.com/bfs/archive/65097cf6e407553f76561bcf8641ce303dba3328.jpg
2026-06-20,2026-06-20 14:41:11,74,BV1mWLR6uExn,116765614936501,如果爱昴天团看到了死归全过程【2】,生锈的包子,综合,综合,27,387,1086929,1236,3861,45829,13150,14649,2104,1781702200,https://www.bilibili.com/video/BV1mWLR6uExn,http://i1.hdslb.com/bfs/archive/3333903814e72ea1da627b1d61963aa90fd9f063.jpg
2026-06-20,2026-06-20 14:41:11,75,BV1Pujz6tEMM,116775932927915,没有赶不上的早八,张河清教授,日常,生活,21,25,1451948,202,493,190683,1577,8537,533,1781859604,https://www.bilibili.com/video/BV1Pujz6tEMM,http://i2.hdslb.com/bfs/archive/a277e56a98fc32a94e934d36101d44508170e860.jpg
2026-06-20,2026-06-20 14:41:11,76,BV16xLD6HESQ,116763920435357,“六耳”体验服实战强度！【王者峡谷农学奖】,奥特曼zz国一刘备凯,电子竞技,游戏,171,338,1235785,828,1380,87955,48493,12199,525,1781676416,https://www.bilibili.com/video/BV16xLD6HESQ,http://i2.hdslb.com/bfs/archive/017c4393dd768dd81e8c6941b92f143fa7130bb5.jpg
2026-06-20,2026-06-20 14:41:11,77,BV1fujG6kEJp,116758904112827,全球首张《西游记》全角色震撼大合影——它来了！,视觉暴徒,野生技能协会,野生技能协会,122,453,819384,2030,3187,81548,65609,29511,2077,1781599702,https://www.bilibili.com/video/BV1fujG6kEJp,http://i1.hdslb.com/bfs/archive/56c18524eb85841cd72fb7c4830bcff810f37f3f.jpg
2026-06-20,2026-06-20 14:41:11,78,BV1L2jB6VEtj,116776251692569,【潘宏爱玩狗】最新视频来袭，快来看看吧！,潘宏爱玩狗,汪星人,汪星人,219,248,701620,1367,1511,98306,5888,6525,1092,1781865081,https://www.bilibili.com/video/BV1L2jB6VEtj,http://i1.hdslb.com/bfs/archive/40496da5f89a0e49899b18803e8a64319fd0f3a9.jpg
2026-06-20,2026-06-20 14:41:11,79,BV1gLLR61ELo,116765497557486,《澳洲技师》,伤心欲茄222,搞笑,娱乐,138,121,1353225,796,1329,118598,2798,5471,2369,1781755200,https://www.bilibili.com/video/BV1gLLR61ELo,http://i0.hdslb.com/bfs/archive/6f6a3bec9369c54bf26785584949ff3e0fae2408.jpg
2026-06-20,2026-06-20 14:41:11,80,BV1nHja6KEA3,116771872835698,做律师没料到要去村里抓猪抵债。法官：我也没料到～,戴律请回答,社科·法律·心理,知识,124,972,615838,1267,2158,72149,38819,6739,1236,1781835600,https://www.bilibili.com/video/BV1nHja6KEA3,http://i1.hdslb.com/bfs/archive/4d8f84e7426f13b922911fd6eaa5c8d849a2b1af.jpg
2026-06-20,2026-06-20 14:41:11,81,BV1Lnjv6eE76,116774406262942,这恐怖的细节还是三角洲吗？核工作者带你感受核电站的种种还原！,Key725,网络游戏,游戏,65,1559,1040588,2529,2340,59004,3022,14415,2446,1781870466,https://www.bilibili.com/video/BV1Lnjv6eE76,http://i1.hdslb.com/bfs/archive/0b500acd1480b98bfb94a76ca22399ff785a228e.jpg
2026-06-20,2026-06-20 14:41:11,82,BV1iYja6ZEzZ,116772007121339,小时候开智之前,西维西师傅,搞笑,娱乐,138,43,2513211,418,1283,150987,1004,5873,1048,1781799781,https://www.bilibili.com/video/BV1iYja6ZEzZ,http://i0.hdslb.com/bfs/archive/7ad399f31462cf8f6d445897c904df38282369d8.jpg
2026-06-20,2026-06-20 14:41:11,83,BV1jnL96pEah,116764222424847,下场遇到恶意超速怎么办？,爱飙车的假司机,运动综合,运动,238,314,1027247,506,4936,71531,776,7560,587,1781680931,https://www.bilibili.com/video/BV1jnL96pEah,http://i0.hdslb.com/bfs/archive/434bf65e38bf0811972b6a3693b2d3353da3876a.jpg
2026-06-20,2026-06-20 14:41:11,84,BV1rpjF6LEbx,116768853002130,有缘刷到这条视频的朋友，运势向好,你的八戒师叔,人文历史,知识,228,24,254190,51152,11826,93311,19240,10001,294,1781751486,https://www.bilibili.com/video/BV1rpjF6LEbx,http://i2.hdslb.com/bfs/archive/3ea1d99259e6dbc851f26a7b9a6dc7b6f656fc56.jpg
2026-06-20,2026-06-20 14:41:11,85,BV1Aoja6GEkx,116771755395620,新三国up锐评老三国03：这首播版内容还真多,吃蛋挞的折棒,影视剪辑,影视,183,1571,826514,9131,5574,52279,25203,7945,1074,1781834400,https://www.bilibili.com/video/BV1Aoja6GEkx,http://i1.hdslb.com/bfs/archive/b8983523a2ddb812e209d85b0f9a09a8e482dd19.jpg
2026-06-20,2026-06-20 14:41:11,86,BV1Fgjv63EPc,116774255206106,12岁男孩偷开邻居车辆，独自在高速路行驶6小时后，被收费站工作人员发现并报警。交警提醒：未成年人无证驾驶，监护人需承担相应法律责任。请家长务必履行监护职责！,快看,亲子,生活,254,57,2775179,0,3987,145624,549,4670,3725,1781834002,https://www.bilibili.com/video/BV1Fgjv63EPc,http://i2.hdslb.com/bfs/archive/b90144bed856a020b20d07949d5e246569be7bba.jpg
2026-06-20,2026-06-20 14:41:11,87,BV1wULQ6xE1e,116764960626274,一个跟头十万八千里,云南交警,影视剪辑,影视,183,11,2261552,327,2704,124378,1292,12529,5247,1781692067,https://www.bilibili.com/video/BV1wULQ6xE1e,http://i0.hdslb.com/bfs/archive/2005343f22bfc6f5bacb1665403f34ffd775091c.jpg
2026-06-20,2026-06-20 14:41:11,88,BV1XGLR62EFQ,116765463944029,💖 致爱莉希雅～ 💖,河野华,仿妆cos,时尚,252,63,672446,818,1298,108530,17598,32131,2544,1781699852,https://www.bilibili.com/video/BV1XGLR62EFQ,http://i0.hdslb.com/bfs/archive/2215cf1aec0661393c875088a8cd6b91e5fb57b9.jpg
2026-06-20,2026-06-20 14:41:11,89,BV19kj36cEPS,116759004714843,识时务者为俊熊,抽象老祖Meme,电子竞技,游戏,171,15,1497847,914,6430,149441,2400,37463,30050,1781601140,https://www.bilibili.com/video/BV19kj36cEPS,http://i0.hdslb.com/bfs/archive/b605a95479bc225953025254ed3a7feed8720fc8.jpg
2026-06-20,2026-06-20 14:41:11,90,BV1E5L964E62,116764289535712,《绝了航天》亿！镜！到！底！（限定双人版！）,叶开叶师傅,单机游戏,游戏,17,297,1265374,371,498,68101,974,8301,495,1781690400,https://www.bilibili.com/video/BV1E5L964E62,http://i1.hdslb.com/bfs/archive/d16675651d2a7f12bbaed33ef45c705c1e24aecb.jpg
2026-06-20,2026-06-20 14:41:11,91,BV1w7ju66EMd,116758635611213,审核了十年的鬼畜视频¿,潮汕好男人,人力VOCALOID,人力VOCALOID,126,106,400112,1415,1415,88251,10618,29858,4208,1781775000,https://www.bilibili.com/video/BV1w7ju66EMd,http://i2.hdslb.com/bfs/archive/f5ef9097d820a271d60954ea23d09550fc0dcbcf.jpg
2026-06-20,2026-06-20 14:41:11,92,BV1Hxje63EyA,116772862693830,只有渡渡没办法在黄框里按下完美的暂停,天国的9-9,配音,配音,257,40,1144916,1855,6295,152584,1046,6240,959,1781812816,https://www.bilibili.com/video/BV1Hxje63EyA,http://i0.hdslb.com/bfs/archive/9936bcd2ee256526692a4b4727f34c210c6d49cf.jpg
2026-06-20,2026-06-20 14:41:11,93,BV1TGj36QEpx,116759323483098,"几百只流浪猫猫搬到70,000平的林地，开启新生活。",五月妈院儿里的小流浪,喵星人,喵星人,218,391,1317945,3106,4563,139959,108622,24959,4185,1781606239,https://www.bilibili.com/video/BV1TGj36QEpx,http://i1.hdslb.com/bfs/archive/a3e630d8a1757bde0f399a4f08250b981511afff.jpg
2026-06-20,2026-06-20 14:41:11,94,BV1WHjw69Egs,116769624686867,Special for 小阮,刺妮酱,同人·手书,动画,47,134,1260920,650,788,106363,7751,34505,2199,1781780400,https://www.bilibili.com/video/BV1WHjw69Egs,http://i1.hdslb.com/bfs/archive/cd60362632e43ed79a04e3b2d034194135ab01c9.jpg
2026-06-20,2026-06-20 14:41:11,95,BV1GDjB66EE9,116776134246683,花37天，破解上海最贵汉堡，成本只要。。。,绵羊料理,美食制作,美食,76,408,788819,3788,1203,67609,25661,11369,1794,1781862487,https://www.bilibili.com/video/BV1GDjB66EE9,http://i0.hdslb.com/bfs/archive/b7f0e83cb8a595492fe7c45b2e56bc59b662e664.jpg
2026-06-20,2026-06-20 14:41:11,96,BV1H4LD6QEgb,116763970903679,曼谷.戈登 厨子探店¥1500,真探唐仁杰,美食侦探,美食,212,350,1346894,1107,1760,76826,1171,3268,568,1781686800,https://www.bilibili.com/video/BV1H4LD6QEgb,http://i0.hdslb.com/bfs/archive/1c5d8f42b778b3f7fe714237164f441fe1ffe00c.jpg
2026-06-20,2026-06-20 14:41:11,97,BV1C4LX6bEUN,116764742522472,吃不完的西瓜,军老弟弟,美食制作,美食,76,117,2306910,7691,4867,103257,2323,11551,7415,1781688722,https://www.bilibili.com/video/BV1C4LX6bEUN,http://i1.hdslb.com/bfs/archive/64ca8d2eb4f9ccf2e3bda851b9842422d53bf858.jpg
2026-06-20,2026-06-20 14:41:11,98,BV1zLL96dEjK,116764205711813,全剧血压最高的一集！熊家长PUA老师，24小时电话轰炸？韩剧《铁拳教育》第三期,小片片说大片,影视杂谈,影视,182,2099,1360964,5735,1429,53196,13923,12188,1391,1781690400,https://www.bilibili.com/video/BV1zLL96dEjK,http://i2.hdslb.com/bfs/archive/e8411b8808ad27f88832448e7e7379af8e2afccd.jpg
2026-06-20,2026-06-20 14:41:11,99,BV1HPLQ6xEXe,116763299678352,如果帅是一种天赋,柯洁,影视剪辑,影视,183,11,1774667,4446,8430,166270,3690,5090,3777,1781666721,https://www.bilibili.com/video/BV1HPLQ6xEXe,http://i1.hdslb.com/bfs/archive/42013129630134aa2f76f5e626341f4b40567d57.jpg
2026-06-20,2026-06-20 14:41:11,100,BV1zUjY6iEzs,116772996912175,中文互联网最好的瞄准教学,时停tt,网络游戏,游戏,65,779,576330,203,1297,27464,7713,27769,3131,1781814589,https://www.bilibili.com/video/BV1zUjY6iEzs,http://i2.hdslb.com/bfs/archive/2074e6b62c1df3075ed8bba8c0a4d752b1891103.jpg
