rank_date,rank_position,bvid,aid,title,author,category,duration,view_count,danmaku_count,reply_count,like_count,coin_count,favorite_count,share_count,pubdate,video_url,cover_url
2026-06-05,1,BV1RvVo6QEqo,116674682426936,不儿，你俩来真的啊？！,主持人yoyo酱,搞笑,265,4073897,12474,10680,527845,423890,83834,12004,1780314627,https://www.bilibili.com/video/BV1RvVo6QEqo,http://i1.hdslb.com/bfs/archive/e8bde3297455f3796e516de2362d5eb1085d9abf.jpg
2026-06-05,2,BV15wVB6YECT,116678608359768,一顿饭只要三块钱，客人吃着吃着，人就“没了”,瞎通不设计了,美食侦探,187,1700272,2086,5362,221149,129589,18253,1975,1780390800,https://www.bilibili.com/video/BV15wVB6YECT,http://i1.hdslb.com/bfs/archive/fd898a754bc3cf4317349a2b3c4394e104417434.jpg
2026-06-05,3,BV1jwV663EjR,116679380112598,我的世界杯主题曲！IShowSpeed - World Cup (Champions),ishowspeedsui,竞技体育,299,3611297,2063,8405,188870,33944,30717,12000,1780386563,https://www.bilibili.com/video/BV1jwV663EjR,http://i2.hdslb.com/bfs/archive/2807f6a9b9342740dfa8764e7bcc6e231196c94f.jpg
2026-06-05,4,BV1QzVR63E3L,116671930963542,回忆永远都是加分项,央视新闻,日常,184,3164428,24154,22369,548310,219027,160810,55533,1780286400,https://www.bilibili.com/video/BV1QzVR63E3L,http://i2.hdslb.com/bfs/archive/f4dc3fe8ea88a450877315e867b4995121d5dbf6.jpg
2026-06-05,5,BV16BVy6wEfx,116682534162276,《你来真的啊》,伤心欲茄222,搞笑,116,2545077,1103,4493,249501,4801,15077,3050,1780459200,https://www.bilibili.com/video/BV16BVy6wEfx,http://i1.hdslb.com/bfs/archive/f16abe0150882e397bf053e6d7a1e4dced090de1.jpg
2026-06-05,6,BV1kCVU65ERM,116669112386149,初中生斗胆跳一段jam,特崮斯,篮球,45,5034195,3348,15510,957420,154785,94995,14920,1780229707,https://www.bilibili.com/video/BV1kCVU65ERM,http://i1.hdslb.com/bfs/archive/5871a66dc8e356ff71da4a6d99d5922b4a6a3fce.jpg
2026-06-05,7,BV1oqVB6BECd,116680034425733,《原神》洛恩角色PV——「标准化考核」,原神,手机游戏,702,1632402,6740,5817,134663,33987,25419,10774,1780459200,https://www.bilibili.com/video/BV1oqVB6BECd,http://i2.hdslb.com/bfs/archive/f040c8f664a034a919aee60209ef17c155dbe2df.jpg
2026-06-05,8,BV1vkVB6NEuR,116680252462308,“超微距”下的瑞士长什么样？,影视飓风,娱乐粉丝创作,1369,2744427,6844,2726,123218,40423,22833,4882,1780477200,https://www.bilibili.com/video/BV1vkVB6NEuR,http://i1.hdslb.com/bfs/archive/5b0c10c80ad8bf4789b41860cadc70e8c144245b.jpg
2026-06-05,9,BV1W6VZ6MEbd,116674313328609,🍄欠揍气球🍄,纸片马力欧,日常,40,2133579,586,6229,283193,18170,128325,50258,1780309043,https://www.bilibili.com/video/BV1W6VZ6MEbd,http://i0.hdslb.com/bfs/archive/3d18bae01c4fc365d9e7e0ede5efb926e32115ad.jpg
2026-06-05,10,BV1XQ7Z6eEki,116689412819066,特朗普的愤怒,燕三嘤嘤嘤,人文历史,1133,2157616,9233,4183,114900,27074,17941,2018,1780545020,https://www.bilibili.com/video/BV1XQ7Z6eEki,http://i0.hdslb.com/bfs/archive/d106118a7a33e310838a2e387ce511583c5a7a62.jpg
2026-06-05,11,BV16kV26TES7,116685470175022,当父母说出了正确答案：,进击的金厂长,搞笑,129,2356137,1331,1584,204016,85146,74019,1693,1780479155,https://www.bilibili.com/video/BV16kV26TES7,http://i0.hdslb.com/bfs/archive/982b25c4ef21fb08f77ae933c89f4b99d5b0c86a.jpg
2026-06-05,12,BV1jqVS6MECE,116668592292557,【野餐】你醒啦 现在是2012年的5月份呀,野餐slu2pcekry,宅舞,182,1235760,1301,7590,235722,15619,47379,4588,1780221916,https://www.bilibili.com/video/BV1jqVS6MECE,http://i2.hdslb.com/bfs/archive/e9673e0b6ccc8de75e114c6f2ea5484907789e23.jpg
2026-06-05,13,BV1Qi7f6eE59,116690805395451,致敬每一个心中有花，努力奔跑的人,爱画画的子衿,亲子,313,954664,2013,1991,131665,66414,7982,1819,1780561800,https://www.bilibili.com/video/BV1Qi7f6eE59,http://i1.hdslb.com/bfs/archive/2c9cc3dd70d264a8473e46b8bebaad7db4d6ef2c.jpg
2026-06-05,14,BV1ogV26FEhB,116683943643894,兄弟们！今天给良子做一个入营测试，这身体身体素质，跟我想的不太一样啊!,健身华哥,运动综合,246,2198479,4308,49673,108130,3183,6024,12720,1780455998,https://www.bilibili.com/video/BV1ogV26FEhB,http://i1.hdslb.com/bfs/archive/0ef39901811fd5680c39a67445609ba38a9560c2.jpg
2026-06-05,15,BV1B75w6zEG1,116676158823299,二次元老资历童年都在听什么？！老番串烧34首大连唱！,鹿火CAVY,仿妆cos,462,1489188,3011,3573,103381,42307,36388,7294,1780337109,https://www.bilibili.com/video/BV1B75w6zEG1,http://i1.hdslb.com/bfs/archive/a1759f48c315c61aff7325cc0d6c931ad115a8d4.jpg
2026-06-05,16,BV1MG7961Efg,116685688276783,下 一 个 抓 谁 ！！！,啊吗粽,搞笑,586,1125364,3984,2124,106457,52008,19332,2694,1780482465,https://www.bilibili.com/video/BV1MG7961Efg,http://i2.hdslb.com/bfs/archive/55e9b58ea3d6a84a655b0d2607bb6ff7e31c6d34.jpg
2026-06-05,17,BV1XEV26XEsz,116683641455201,冠以破碎之名：第一集 冰潮寒雨之夏,Xavier_白昼,综合,1106,979144,1370,1943,74446,15892,45054,2487,1780451269,https://www.bilibili.com/video/BV1XEV26XEsz,http://i0.hdslb.com/bfs/archive/edb3c2a03146bbc3390581aa30c41b8e3c3ab846.jpg
2026-06-05,18,BV1xuVC6AEbg,116681426868021,今天把我关于《丧尸清道夫》的创作思路分享给大家，如果能帮到你，我会很开心。,Mx-Shell,影视剪辑,2573,853774,755,1679,56096,24089,60022,8363,1780452000,https://www.bilibili.com/video/BV1xuVC6AEbg,http://i0.hdslb.com/bfs/archive/4a766d587664347016b0288147deb324a2964232.jpg
2026-06-05,19,BV16DVz6UE77,116679229180052,如何拍出电影感大片,喜欢拍照的皮皮,日常,60,2338088,230,1343,200224,5918,61518,4975,1780384052,https://www.bilibili.com/video/BV16DVz6UE77,http://i1.hdslb.com/bfs/archive/82ba23d6fb45244f769f8f127cfbe2f51afe67c8.jpg
2026-06-05,20,BV1cmVz6DEmi,116679329712224,初代跑男团战力排行,东方日出哇,特摄,600,1691003,3801,3062,130603,5652,16564,3250,1780385423,https://www.bilibili.com/video/BV1cmVz6DEmi,http://i0.hdslb.com/bfs/archive/ee051686685860fea8d8721ddf5c5d7f35a85e5f.jpg
2026-06-05,21,BV1mhV26yETL,116683775678542,科比的哲学启示录第十四期,蟹不肉丨,影视剪辑,74,3897309,1031,5819,246891,10947,58428,12447,1780453236,https://www.bilibili.com/video/BV1mhV26yETL,http://i0.hdslb.com/bfs/archive/738134aa027bf05aa3f3843c528db81f3d78307d.jpg
2026-06-05,22,BV1sKVr64EXg,116680621561843,演员魏宗万于6月1日去世，享年89岁,中国电影报道,预告·资讯,26,1137882,17319,5593,278142,20839,12646,7256,1780406134,https://www.bilibili.com/video/BV1sKVr64EXg,http://i0.hdslb.com/bfs/archive/1148ab18f92299926855421cea80f91871e7f32a.jpg
2026-06-05,23,BV1VWVz6TELx,116679598147712,星际穿越的我，试图提醒过去的自己....,考研英语大雁,校园学习,33,1970083,491,1986,252007,5142,29738,4973,1780389685,https://www.bilibili.com/video/BV1VWVz6TELx,http://i0.hdslb.com/bfs/archive/5822709cbd5c2a8a09fabc50bcfdcfc29859f9a1.jpg
2026-06-05,24,BV1F9Vz62ExS,116679262606457,一辈子一定要体验一次的游戏，绝对不能被剧透的神作,易铭小疯子,网络游戏,537,913092,4507,7356,50940,6557,55949,3606,1780403895,https://www.bilibili.com/video/BV1F9Vz62ExS,http://i2.hdslb.com/bfs/archive/d453d6bbde6ccd80f0fd714edde7b754c3e5255e.jpg
2026-06-05,25,BV1jBVS6qEPK,116668508406277,竹丝镶嵌,归乡人山白,手工,577,744980,2732,1331,107570,50839,10996,1791,1780410000,https://www.bilibili.com/video/BV1jBVS6qEPK,http://i2.hdslb.com/bfs/archive/1e293d2f3fac4fc22d32427cb5a045e65e22e361.jpg
2026-06-05,26,BV1gzVC6kE1S,116683507243907,【低成本在家实现牛排自由‼️ 】,村驴,美食制作,329,738235,486,2053,69015,6729,52341,7634,1780449310,https://www.bilibili.com/video/BV1gzVC6kE1S,http://i0.hdslb.com/bfs/archive/005d3e68934a884c17ab0f89f1daac2ae9982f39.jpg
2026-06-05,27,BV1T2V161E6J,116684195106574,地牢酒馆-12集 《蜕皮的蜥蜴人与神奇薄荷》,粘土工厂,单机游戏,212,797556,1169,1810,117201,18600,13913,1641,1780459574,https://www.bilibili.com/video/BV1T2V161E6J,http://i0.hdslb.com/bfs/archive/f5c43e682c7ce44c1f2733c2cbb5889650fd5a05.jpg
2026-06-05,28,BV1izVB6TE7i,116680084691098,小时候以为的事情,西维西师傅,搞笑,38,3302251,267,2495,203544,1826,12746,1836,1780397022,https://www.bilibili.com/video/BV1izVB6TE7i,http://i0.hdslb.com/bfs/archive/4790a1728175bce1a38157464666e2fac5ef28c8.jpg
2026-06-05,29,BV13s7z63EjV,116695016477738,《绝区零》3.0新地块实机演示,绝区零,手机游戏,599,581836,5488,9731,71512,37102,12881,16709,1780624803,https://www.bilibili.com/video/BV13s7z63EjV,http://i0.hdslb.com/bfs/archive/ac132a13aed30f0b83ff50dfb56d83e2e518206a.jpg
2026-06-05,30,BV1sC7R6VEF3,116687181451048,【侯绿萝】视频加载中，速速查收惊喜！,侯绿萝,小剧场,233,1166083,927,1014,112869,6570,8620,1175,1780538400,https://www.bilibili.com/video/BV1sC7R6VEF3,http://i0.hdslb.com/bfs/archive/e40df1469a3bc68659f30a77b0e0801ae88938bb.jpg
2026-06-05,31,BV17GEP6xEDW,116692348832614,新三国up锐评楚汉传奇01：是不是我打开的方式不太对？,吃蛋挞的折棒,影视杂谈,1348,475388,10735,5752,61705,63596,13230,5605,1780624800,https://www.bilibili.com/video/BV17GEP6xEDW,http://i2.hdslb.com/bfs/archive/4e5cd47c8551d2b66643e2800041b7ec2d3bf729.jpg
2026-06-05,32,BV1iCV66GEMq,116680873220187,【大鸣王潮1566】谁才是护,寞桀緣才,同人·手书,222,743752,2185,2532,73857,29184,14306,3805,1780408996,https://www.bilibili.com/video/BV1iCV66GEMq,http://i2.hdslb.com/bfs/archive/1d370920ae8ab79a4f49b2447feddc63687b6e34.jpg
2026-06-05,33,BV1kzVy6hEGb,116682517385619,手绘2000多张沙画，历时3年制作,胡雪朗,绘画,54,703487,646,1290,156723,38403,20991,3331,1780457400,https://www.bilibili.com/video/BV1kzVy6hEGb,http://i0.hdslb.com/bfs/archive/959cf6a92144f70d7339865fe00cd198c4c8da9e.jpg
2026-06-05,34,BV1hAVm6XEE2,116685570836474,【传奇耐熬王】经典排骨💀60天仍然有5人存活💪到最后拼的就是谁身体好！🤦‍♂️,-超级小能猫-,搞笑,2617,1345107,11064,2255,58592,13201,26750,2621,1780481719,https://www.bilibili.com/video/BV1hAVm6XEE2,http://i0.hdslb.com/bfs/archive/dc3782f8b522707e818c2537030e1b8893332367.jpg
2026-06-05,35,BV1pnVm6GEQG,116685386483651,“当bro以为自己很有影响力时…”,林宇辉,社科·法律·心理,16,646477,337,1567,184331,6926,20632,895,1780478075,https://www.bilibili.com/video/BV1pnVm6GEQG,http://i1.hdslb.com/bfs/archive/02329b4beff89227f0f34b10ef7ca21a2b920c65.jpg
2026-06-05,36,BV1BqVS6MEL8,116668592363308,欢迎来到304班娃娃店,蟹上皇呀,日常,114,2125501,1100,3728,221740,11688,83532,13669,1780221495,https://www.bilibili.com/video/BV1BqVS6MEL8,http://i1.hdslb.com/bfs/archive/9efeef607e818a1f01d4a5f1009a80d45ffcb333.jpg
2026-06-05,37,BV1w6EF6QEjZ,116690033778619,不看后悔！史上最神人店家！,转生成为毛毛,美食侦探,186,1689000,2396,5037,77683,1944,11635,7030,1780563600,https://www.bilibili.com/video/BV1w6EF6QEjZ,http://i1.hdslb.com/bfs/archive/07cb98d8f59285212c90c7646739a87803bf06c0.jpg
2026-06-05,38,BV1pAVz6DEDB,116679816252276,马尔代夫潜水事故，5人洞穴潜水6人遇难,神秘园,影视杂谈,812,1457648,6867,4869,70569,9018,12354,5832,1780398000,https://www.bilibili.com/video/BV1pAVz6DEDB,http://i1.hdslb.com/bfs/archive/141ade135f39736a342786a14b07bd965e1ba300.jpg
2026-06-05,39,BV1xWG16qEBn,116644936422865,我打孔子，真的假的？,自动鬼畜中的WZ,鬼畜调教,281,3092395,2526,6362,140996,6469,26636,6226,1780286400,https://www.bilibili.com/video/BV1xWG16qEBn,http://i2.hdslb.com/bfs/archive/5395cba11bd2f2864886c0fa2c3962deef4570e3.jpg
2026-06-05,40,BV1uAVo6yE5n,116673222806359,阳寿伏妖  青州篇【一口气看完八小时合集】,七夜不起夜z,综合,31228,926731,10571,1498,52550,31228,60411,2850,1780292399,https://www.bilibili.com/video/BV1uAVo6yE5n,http://i2.hdslb.com/bfs/archive/1d5f24afd7637434849f1321276448ab358b1094.jpg
2026-06-05,41,BV1YcVf69ECW,116674011403376,此树扎根之时 便是沧海化桑田之始,芳斯塔芙,科学科普,895,2750625,3913,1677,48473,12257,10020,1812,1780452000,https://www.bilibili.com/video/BV1YcVf69ECW,http://i0.hdslb.com/bfs/archive/ed8be5ac08d0dc86021a749410e52d4f9079b7c9.jpg
2026-06-05,42,BV12QVi6nEQ1,116679044565103,给我净身出户！听懂了吗！,ENX叉叉酱,同人·手书,73,1218396,857,6454,127139,4037,20481,4852,1780398000,https://www.bilibili.com/video/BV12QVi6nEQ1,http://i2.hdslb.com/bfs/archive/5ecc74e1bff1b7b7d05b294d84194894e22e3077.jpg
2026-06-05,43,BV1WgVC6YERr,116681410283485,理财PK两个月，6位UP主已经彻底疯狂...【理财王5月战绩汇报】,-LKs-,财经商业,779,1577195,4054,4614,58927,11844,11299,7612,1780459200,https://www.bilibili.com/video/BV1WgVC6YERr,http://i0.hdslb.com/bfs/archive/64ee687bda302bd6feee386ca990737e67920669.jpg
2026-06-05,44,BV18qVr6KEk8,116680554519472,一个投了3万元必火的视频,奥利奥利奥是1,日常,46,583873,957,5934,146415,12595,14344,2552,1780405200,https://www.bilibili.com/video/BV18qVr6KEk8,http://i0.hdslb.com/bfs/archive/0c023b00bd1d3a694bdd40c9d19039f1436532b1.jpg
2026-06-05,45,BV1G1VB6PEro,116680286144492,今天的员工够燥的~#异宠 #爬宠 #慢宠时钟 #萌宠,慢宠日记啊,日常,79,3131883,483,3039,119037,1513,8139,5778,1780400126,https://www.bilibili.com/video/BV1G1VB6PEro,http://i0.hdslb.com/bfs/archive/816ee56ee784d2ccfe8c14d2289cfa7fa2839d73.jpg
2026-06-05,46,BV1nsVf6ME6Q,116675974335267,起初我一直以为“霸总”只是大家对王心凌站哥站姐的爱称…,王心凌FM,音乐现场,42,3129183,502,2878,193648,2094,6778,1697,1780334311,https://www.bilibili.com/video/BV1nsVf6ME6Q,http://i1.hdslb.com/bfs/archive/577514b0c4adb075d9561dda563e0b33c2cc9b1e.jpg
2026-06-05,47,BV1r6V26BE9i,116685486949496,《上海奥特曼4：沪特曼集结！》,册那队长,小剧场,53,2501176,863,4890,116060,8807,15903,27532,1780479544,https://www.bilibili.com/video/BV1r6V26BE9i,http://i0.hdslb.com/bfs/archive/a062cb9d7991230d0d7287d7d8fd5bead9ec6788.jpg
2026-06-05,48,BV1WBVZ6zEZF,116674262997815,朋克的扑满完整版！六一变身巴啦啦小魔丸！,辉泰廊大王,音乐现场,87,989359,274,1854,116351,19981,26062,5444,1780309712,https://www.bilibili.com/video/BV1WBVZ6zEZF,http://i1.hdslb.com/bfs/archive/7b6177df7c5730719e6e85670d645595c6ff940e.jpg
2026-06-05,49,BV11DVo6rEo7,116674850196476,🐱穷鬼气球,竹内有虫,综合,40,1023852,530,3718,129170,7779,37870,21388,1780317192,https://www.bilibili.com/video/BV11DVo6rEo7,http://i0.hdslb.com/bfs/archive/c914f8432580c402c9749aca8e6fa9efa26eedbb.jpg
2026-06-05,50,BV1YmV666EoR,116681091515032,坏了，这下特朗普都反犹了,波士顿圆脸,社科·法律·心理,915,1326065,2888,2779,70877,5963,7170,2061,1780412433,https://www.bilibili.com/video/BV1YmV666EoR,http://i0.hdslb.com/bfs/archive/52eddb4b47addf6fcebb5bcb20458336c2d0d4ea.jpg
2026-06-05,51,BV1f3VU6KEqy,116684832644044,"从""健身芭比""到""女企业家""，帕梅拉有多会""赚""？",小Lin说,财经商业,1745,1641252,1541,1320,46297,7979,14000,2712,1780479000,https://www.bilibili.com/video/BV1f3VU6KEqy,http://i0.hdslb.com/bfs/archive/ad9df863f29ccc8f07472fc5234c04740f6ee4b3.jpg
2026-06-05,52,BV1LVVv6tEPa,116677970756336,【鹿野/小动画】wonderland [儿童节24h产物],民用核武器,同人·手书,37,460616,85,565,146271,12787,23791,1922,1780395093,https://www.bilibili.com/video/BV1LVVv6tEPa,http://i1.hdslb.com/bfs/archive/2ef288272c38b705f82c7e23150d7ae538b17ce8.jpg
2026-06-05,53,BV1aFVm6REvY,116685537281059,蜘蛛糸モノポリー,苏酥鱼鱼喵,MMD·3D,113,466144,120,930,89602,3389,32551,2656,1780480166,https://www.bilibili.com/video/BV1aFVm6REvY,http://i0.hdslb.com/bfs/archive/43aeddbc4a47c5117090dc56e61b94bb7a858ec0.jpg
2026-06-05,54,BV1LCV66VE45,116680873346829,剥蒜的情谊147.0,NinthA-,网络游戏,147,1125075,618,634,87214,1085,12496,1187,1780455600,https://www.bilibili.com/video/BV1LCV66VE45,http://i1.hdslb.com/bfs/archive/21d74a2ecc26d0c95ecd1e1af6e84bf567bf37c9.jpg
2026-06-05,55,BV1yiEF6WErx,116690419585062,奶香馒头,夏叔厨房,美食制作,76,975856,499,4278,131091,4124,9774,674,1780554601,https://www.bilibili.com/video/BV1yiEF6WErx,http://i1.hdslb.com/bfs/archive/82992eb9cddf1a5a5e5e77e481db8626c6005de9.jpg
2026-06-05,56,BV1CYVy6vETT,116682852929454,【IGN】《战神：劳菲（God of War Laufey）》深度玩法演示 |  State of Play,IGN中国,单机游戏,1425,1574379,12695,14908,34647,10543,10350,42252,1780440137,https://www.bilibili.com/video/BV1CYVy6vETT,http://i1.hdslb.com/bfs/archive/a78c73d63af672d1dcaa84b7a8dabdb7c59cd0ab.jpg
2026-06-05,57,BV1jLVU6eEXE,116684782377667,可不可以买三十块烧腊？,食深烧腊,美食测评,99,860162,595,1819,94963,55602,4136,450,1780468779,https://www.bilibili.com/video/BV1jLVU6eEXE,http://i1.hdslb.com/bfs/archive/62b6a42513640bcbd689b2a89fb9b999a1205332.jpg
2026-06-05,58,BV1NoVm62EFd,116684715197497,金库测金，海峡测雷，万税爷进军测评赛道？,麻薯波比呀,社科·法律·心理,1010,1100256,2255,2422,66843,6949,7112,745,1780479745,https://www.bilibili.com/video/BV1NoVm62EFd,http://i2.hdslb.com/bfs/archive/d200d3f215d8a9d6eb13923af38007a3d0ff34b4.jpg
2026-06-05,59,BV11BVU6mEUe,116669431157836,做了一把千机伞，能变十三个形态的那种｜最强的武器一定是自制的,o小庄o,仿妆cos,172,3236073,1408,3876,158317,56790,48080,12239,1780234512,https://www.bilibili.com/video/BV11BVU6mEUe,http://i0.hdslb.com/bfs/archive/b0de098d43f32c720b593ef44a69ca1be9cccb90.jpg
2026-06-05,60,BV16NVZ6wEZw,116674430768725,“少女暴君”翻《荣耀向我俯首》法语完整版！,芋泥脑袋邹十八,翻唱,159,1170735,249,934,105813,13190,34823,2369,1780310639,https://www.bilibili.com/video/BV16NVZ6wEZw,http://i2.hdslb.com/bfs/archive/60aebd868808697e36d33ea7c801ce8f7fafcec3.jpg
2026-06-05,61,BV1ypV66dEru,116681359754958,G胖为上架R18游戏硬刚V社法务 玩家至上 不做干预,Will游戏堂,数码,51,1073330,651,3161,123042,2057,15994,9382,1780444800,https://www.bilibili.com/video/BV1ypV66dEru,http://i1.hdslb.com/bfs/archive/e3e911d6f451bd85e0fb10b15ba13e2f9b6b96cc.jpg
2026-06-05,62,BV1dFV66rEwZ,116679463929983,"""这一刻，他简直正的发邪""",wrizedm,影视剪辑,115,1225944,264,602,91529,4036,16531,1340,1780387590,https://www.bilibili.com/video/BV1dFV66rEwZ,http://i1.hdslb.com/bfs/archive/0d76efe5941248b388135046493c78dbb702e210.jpg
2026-06-05,63,BV1uE7d6JEAp,116688674624635,啥龙：医生说我只剩几天了……,小陈的脚凑凑的,日常,181,795987,707,1279,56638,4771,13402,2790,1780528049,https://www.bilibili.com/video/BV1uE7d6JEAp,http://i1.hdslb.com/bfs/archive/e92886e4f49270b6f1a24481e0b0851d64e70fc4.jpg
2026-06-05,64,BV1s7Vm6VEUw,116685352737659,《鸣潮》开发组特别对谈——鸣潮演出&PV制作揭秘,鸣潮,动漫杂谈,1452,541653,7611,7858,45717,24883,8111,5122,1780480800,https://www.bilibili.com/video/BV1s7Vm6VEUw,http://i0.hdslb.com/bfs/archive/afd215be2fdf7777d4d6b82dd63b5b3d31f2b871.jpg
2026-06-05,65,BV1aUVB6cE4P,116680185353959,说个事儿,麦片是只小金毛,社科·法律·心理,411,486709,3022,3794,61704,22918,7940,5671,1780398768,https://www.bilibili.com/video/BV1aUVB6cE4P,http://i1.hdslb.com/bfs/archive/6d8fa2c40f1dd5d4be4980602da4f1c6fd72ca5b.jpg
2026-06-05,66,BV17pVC6WECy,116681544304592,带良子和花胖在华哥训练营偷吃，闷子、板面、大肠都安排上,俞涛不光会做九转大肠,美食记录,247,1412865,873,2274,67488,1613,3955,2486,1780455600,https://www.bilibili.com/video/BV17pVC6WECy,http://i1.hdslb.com/bfs/archive/ecf1293c7f3c2f89f52a51e5ad0ce5201f1be340.jpg
2026-06-05,67,BV1REV56YEjz,116663122926337,50秒一片肉，火力全开，快到起飞,左手刀鹏哥,日常,59,6599604,1528,7806,266483,6535,13054,5624,1780138201,https://www.bilibili.com/video/BV1REV56YEjz,http://i1.hdslb.com/bfs/archive/4d7ccd61eaa71d221ff926561ee7efac7b5c1b1f.jpg
2026-06-05,68,BV15tVr6GE6V,116680319571440,《马老师啊》,嘞是唐孃孃,搞笑,85,1381516,389,1576,127340,1122,5079,1771,1780400685,https://www.bilibili.com/video/BV15tVr6GE6V,http://i2.hdslb.com/bfs/archive/0b7663a0e374c8d521bbf783e3cfd44d3fb635d6.jpg
2026-06-05,69,BV1TL796CE52,116685721830606,歌剧老师锐评韩娱BLACKPINK  JYP & MAMAOO Red Velvet TWICE,铁豆钢蛋,乐评盘点,3086,766361,20550,9950,40904,17936,6867,2360,1780483444,https://www.bilibili.com/video/BV1TL796CE52,http://i1.hdslb.com/bfs/archive/ab6356296c8f9523a858fc15dd4a808fbc51b773.jpg
2026-06-05,70,BV12SVo6GE6E,116674799864807,杀人热浪如何卡死印度发展命脉？,世界见闻录,人文历史,884,1154283,5196,4526,53848,4623,6498,965,1780394700,https://www.bilibili.com/video/BV12SVo6GE6E,http://i0.hdslb.com/bfs/archive/bca8168108de85cd8db3fc2b5647ee07388ed6bc.jpg
2026-06-05,71,BV1gWVd6GEna,116673323603460,期末到了，你们寝室准备好应对之策了吗,灵霖七,日常,200,1737248,1207,1950,80710,13491,13326,6066,1780293767,https://www.bilibili.com/video/BV1gWVd6GEna,http://i0.hdslb.com/bfs/archive/d0a8e406e4231a2cad0caefda83bab3276dc8059.jpg
2026-06-05,72,BV14FVE6AEze,116667149517318,不止抽象！内娱唯一的硬汉！盘点嘎子谢孟伟职业生涯高光演技,文西与阿漆,影视杂谈,1050,2378838,15959,6429,163251,34660,15097,4279,1780304700,https://www.bilibili.com/video/BV14FVE6AEze,http://i0.hdslb.com/bfs/archive/2105e724eb0f4af98e4443b568807fe1d19d5160.jpg
2026-06-05,73,BV1bwV161Er2,116684413209270,【aespa】LEMONNNN,aespa,音乐综合,11,4008965,5031,11655,69497,14871,7256,3013,1780475400,https://www.bilibili.com/video/BV1bwV161Er2,http://i1.hdslb.com/bfs/archive/1e63fbee388c793dc0403c872eefb52a8d7d8615.jpg
2026-06-05,74,BV1Nk7X6TEnq,116686023955827,半个小孩，全部的妈妈,超级猫猫兽,同人·手书,483,484372,1274,3892,65811,11204,16970,3135,1780487705,https://www.bilibili.com/video/BV1Nk7X6TEnq,http://i0.hdslb.com/bfs/archive/25cb3d6f6dd951590c71a8ea993463455554b0c6.jpg
2026-06-05,75,BV1rMVz67EMs,116679967312875,开关灯木头人挑战！,酱油白米饭原创,小剧场,99,1976437,347,548,81254,1436,18389,2483,1780395433,https://www.bilibili.com/video/BV1rMVz67EMs,http://i0.hdslb.com/bfs/archive/b909eaaf95648e5156635c9c1afd57ac6da69f64.jpg
2026-06-05,76,BV16iV96sEtP,116672686000149,APP窗口乱跳转的“传送门”该关上了！,人民日报,日常,41,2492850,13364,15684,341077,29042,14132,13775,1780283954,https://www.bilibili.com/video/BV16iV96sEtP,http://i1.hdslb.com/bfs/archive/cdd5978f6eebaf8db0e8c97dbf9c2cdedabd92b9.jpg
2026-06-05,77,BV1wEEc6REms,116692097238799,城市大富翁（5）,雨哥到处跑,日常,3847,319341,14197,2877,47676,38793,13858,2270,1780628700,https://www.bilibili.com/video/BV1wEEc6REms,http://i1.hdslb.com/bfs/archive/8628e50dc2e56aec5815c8e3f665d304cfe23d80.jpg
2026-06-05,78,BV1Qt7X61Enn,116686241993999,百万英镑，但素质过低,青时晚,影视剪辑,174,774279,894,966,50820,3298,12126,4989,1780490956,https://www.bilibili.com/video/BV1Qt7X61Enn,http://i0.hdslb.com/bfs/archive/1573985b4950f4d1001b3a21a50adab722b0a0f1.jpg
2026-06-05,79,BV1ps796qErr,116685822560107,谁在等谁的出现,为了我活下去,综合,36,424675,225,1315,126522,6361,19158,1548,1780484521,https://www.bilibili.com/video/BV1ps796qErr,http://i1.hdslb.com/bfs/archive/49a476c711b1d61ec7ffa37684a398ddb857435a.jpg
2026-06-05,80,BV1NCVz6WESh,116679312937393,除了它以外，你见过的紫色都是假的…？,毕的二阶导,科学科普,206,1489935,1353,1537,67857,3255,13803,1008,1780390800,https://www.bilibili.com/video/BV1NCVz6WESh,http://i0.hdslb.com/bfs/archive/ea889a90891a5cbf88d298eb0ce3f69285accd7b.jpg
2026-06-05,81,BV1JKEw6QEw9,116691509970719,我读了你们的评论 把阎王召唤出来了T_T,汤木檀泽,日常,959,936790,1050,1193,63154,3649,4126,324,1780571268,https://www.bilibili.com/video/BV1JKEw6QEw9,http://i1.hdslb.com/bfs/archive/0b6c7ccb214b6211a4cf9a8741eb473536e42587.jpg
2026-06-05,82,BV1dCV66GEgM,116680873280095,《明日方舟：终末地》干员叙事 [弭弗：煞星],明日方舟终末地,手机游戏,637,1026188,3729,8018,42480,10035,6208,4914,1780457400,https://www.bilibili.com/video/BV1dCV66GEgM,http://i1.hdslb.com/bfs/archive/033ff148a9ed8d3736243342bbb59dbe14cbc0ee.jpg
2026-06-05,83,BV12R7Q6MEJX,116686543914174,你说你有点难追～,未知艺术家_611,搞笑,30,1226408,93,936,121618,1177,9417,1440,1780495648,https://www.bilibili.com/video/BV12R7Q6MEJX,http://i2.hdslb.com/bfs/archive/aeaf33a25e079b26433a425ee56ac24f566861d7.jpg
2026-06-05,84,BV1MqVr6KEf6,116680554449914,突围吧少年！微光汇聚，用爱照亮向新的路,暗区突围,短片,350,405553,1962,2422,51993,24871,12890,2318,1780404296,https://www.bilibili.com/video/BV1MqVr6KEf6,http://i2.hdslb.com/bfs/archive/0c7b730014db6386c174f304fbac32bdd71c4447.jpg
2026-06-05,85,BV1oDVv6wENJ,116677836540042,探访世界上最大的活死人墓，几万人抢着住，直接在坟头做饭，拿棺材当床,小钟Johnny,出行,620,1222578,4056,3649,40308,6868,6877,3434,1780393500,https://www.bilibili.com/video/BV1oDVv6wENJ,http://i1.hdslb.com/bfs/archive/38bf96ab2a3483e3ef16fbe9c25f882f1693ab5e.jpg
2026-06-05,86,BV1edV26tEsB,116685654722666,复仇整蛊！蛋黄派伪装摄影师突袭周深，几秒就被识破？,记录生活的蛋黄派,美食测评,556,1101577,5760,2386,58427,22727,17405,3052,1780565400,https://www.bilibili.com/video/BV1edV26tEsB,http://i2.hdslb.com/bfs/archive/a16b60bc03719059e3218dee538877f554f3f9b4.jpg
2026-06-05,87,BV1iQV26cEfX,116685436618474,东北下岗三十年后，我看见了普通人的生活,十七岁歌手想打中单,出行,3132,862081,2591,3938,33469,8871,12561,3152,1780479467,https://www.bilibili.com/video/BV1iQV26cEfX,http://i2.hdslb.com/bfs/archive/336087b59dbbf943701843cf5d3dfee77ef315e9.jpg
2026-06-05,88,BV1idV26bE2E,116685654921483,宗元舞2.0紧绷之人3,是柳宗元,电子竞技,51,961983,284,717,107715,2221,12629,2031,1780481914,https://www.bilibili.com/video/BV1idV26bE2E,http://i2.hdslb.com/bfs/archive/395efa2aefe284345f5e64ce17985d0467cd2247.jpg
2026-06-05,89,BV1y8Vk6fEwn,116682047625847,【速凌宇宙】第十九集：哈基蜂化身哈夫克安保队长？？准备摇人？,高司令-速凌电竞,单机游戏,582,1510979,3890,1253,82305,12133,62929,840,1780459200,https://www.bilibili.com/video/BV1y8Vk6fEwn,http://i0.hdslb.com/bfs/archive/2e5bf49a8947806e05fb8970a421bd94a8a6e7b6.jpg
2026-06-05,90,BV1DyVm6REs8,116685117982770,Oi，今天跟老舅争锋相对！！,花小龙oy,健身,218,882495,633,1316,63840,2675,2437,1166,1780473800,https://www.bilibili.com/video/BV1DyVm6REs8,http://i0.hdslb.com/bfs/archive/56fe0a9ea6c893cba847452a26b23804912df627.jpg
2026-06-05,91,BV17SVZ6wEy1,116673877116037,除草届来了个无关紧要的人,菜鸡罢了呀,搞笑,347,1529820,1777,3917,45632,866,3407,367,1780388700,https://www.bilibili.com/video/BV17SVZ6wEy1,http://i1.hdslb.com/bfs/archive/b8d02a39fcb647a1cbae31ad3eafc1999cc2cbea.jpg
2026-06-05,92,BV15iEc6VEfH,116691577216788,路边一块，也能变废为宝，雕刻出大家想要的题材我不知道什么时候天才会亮，但我知道，跑着跑着，天就亮了。,小梨家的和田玉,手工,220,1483359,756,3627,51043,1275,3294,708,1780572193,https://www.bilibili.com/video/BV15iEc6VEfH,http://i2.hdslb.com/bfs/archive/c1597efe82d66a7f728f8bdd84505eff4b7f5ac9.jpg
2026-06-05,93,BV1bL796CEpe,116685721899286,如果我来挑战拍华语地区的经典MV风格？这一期是粉丝投稿哦！,李如儒也是李蠕蠕,小剧场,159,925978,928,746,62356,5749,3349,699,1780483280,https://www.bilibili.com/video/BV1bL796CEpe,http://i2.hdslb.com/bfs/archive/6305a2e9ddc370f1b9e15ba5265e209ff8ea0438.jpg
2026-06-05,94,BV1L7Ew65ETv,116691124098703,我养护的石拱桥，已经被国家收录为不可移动文物！,抓紧长长长呀,三农,604,799237,677,1369,60736,3655,3005,246,1780565746,https://www.bilibili.com/video/BV1L7Ew65ETv,http://i1.hdslb.com/bfs/archive/56f52737bc566db19c5316ccdcc3b87cc81709e0.jpg
2026-06-05,95,BV1Y4Vz6NECv,116679497554901,当两个老板点到对方熟悉的护航,小小蜂鸽鸽,网络游戏,300,766229,241,634,57390,1228,6976,658,1780394700,https://www.bilibili.com/video/BV1Y4Vz6NECv,http://i2.hdslb.com/bfs/archive/8973d59a6694728de4c334dd9b1f5789bdc8b69f.jpg
2026-06-05,96,BV1Ak5F61ECk,116675118761554,当你看到这条视频的时候我相信你成为我的粉丝不远了,刮蜡皮小能手,日常,67,2615628,1076,1795,95440,1453,9204,926,1780321656,https://www.bilibili.com/video/BV1Ak5F61ECk,http://i2.hdslb.com/bfs/archive/f7bf232f5a59db32b59fbb4a77062a34cf7ecd52.jpg
2026-06-05,97,BV1aaVr6zEm1,116680336415311,日本人为了让你少吃就流水素面有多拼,在日本摸鱼的小超人,美食侦探,222,1116614,1434,2145,49456,1445,3274,1227,1780400834,https://www.bilibili.com/video/BV1aaVr6zEm1,http://i2.hdslb.com/bfs/archive/97bf0f19b1340535ab465acb423440224374274f.jpg
2026-06-05,98,BV1eoVZ64EDP,116674061731801,卡 布 达 买 瓜,增殖的发呆,搞笑,165,1682642,1505,2187,65271,11243,13728,14763,1780308455,https://www.bilibili.com/video/BV1eoVZ64EDP,http://i2.hdslb.com/bfs/archive/bcaa08f9e57589009ab30ea12b77de7989966acf.jpg
2026-06-05,99,BV1SsVZ6EE1A,116674145616912,高考别忘了到考场啊！,太阳星sunstar,人文历史,435,1463201,2172,4488,59145,2716,10853,3223,1780395300,https://www.bilibili.com/video/BV1SsVZ6EE1A,http://i2.hdslb.com/bfs/archive/f1b9c9405023623692ca421b1543e42a1cfbf491.jpg
2026-06-05,100,BV1N7Vm65E9z,116685352867257,10倍差价，凭什么赢？ 领克如何跑赢保时捷？,所长Wy,汽车生活,567,1036690,1213,763,32501,4519,6866,251,1780478871,https://www.bilibili.com/video/BV1N7Vm65E9z,http://i1.hdslb.com/bfs/archive/0aca9e0d0ab44279445ddeabd54d20aeedc220cc.jpg
2026-06-05,1,BV1RvVo6QEqo,116674682426936,不儿，你俩来真的啊？！,主持人yoyo酱,搞笑,娱乐,138,265,4105459,12567,10715,531491,426182,84626,12054,1780314627,https://www.bilibili.com/video/BV1RvVo6QEqo,http://i1.hdslb.com/bfs/archive/e8bde3297455f3796e516de2362d5eb1085d9abf.jpg
2026-06-05,2,BV15wVB6YECT,116678608359768,一顿饭只要三块钱，客人吃着吃着，人就“没了”,瞎通不设计了,美食侦探,美食,212,187,1710656,2106,5384,222777,130440,18386,1981,1780390800,https://www.bilibili.com/video/BV15wVB6YECT,http://i1.hdslb.com/bfs/archive/fd898a754bc3cf4317349a2b3c4394e104417434.jpg
2026-06-05,3,BV1jwV663EjR,116679380112598,我的世界杯主题曲！IShowSpeed - World Cup (Champions),ishowspeedsui,竞技体育,运动,236,299,3627297,2066,8442,190224,34184,30980,12071,1780386563,https://www.bilibili.com/video/BV1jwV663EjR,http://i2.hdslb.com/bfs/archive/2807f6a9b9342740dfa8764e7bcc6e231196c94f.jpg
2026-06-05,4,BV1QzVR63E3L,116671930963542,回忆永远都是加分项,央视新闻,日常,生活,21,184,3173065,24258,22418,550007,219646,161519,55629,1780286400,https://www.bilibili.com/video/BV1QzVR63E3L,http://i2.hdslb.com/bfs/archive/f4dc3fe8ea88a450877315e867b4995121d5dbf6.jpg
2026-06-05,5,BV16BVy6wEfx,116682534162276,《你来真的啊》,伤心欲茄222,搞笑,娱乐,138,116,2554247,1104,4511,250694,4821,15172,3056,1780459200,https://www.bilibili.com/video/BV16BVy6wEfx,http://i1.hdslb.com/bfs/archive/f16abe0150882e397bf053e6d7a1e4dced090de1.jpg
2026-06-05,6,BV1kCVU65ERM,116669112386149,初中生斗胆跳一段jam,特崮斯,篮球,运动,235,45,5057672,3361,15571,963347,155666,95771,14992,1780229707,https://www.bilibili.com/video/BV1kCVU65ERM,http://i1.hdslb.com/bfs/archive/5871a66dc8e356ff71da4a6d99d5922b4a6a3fce.jpg
2026-06-05,7,BV1oqVB6BECd,116680034425733,《原神》洛恩角色PV——「标准化考核」,原神,手机游戏,游戏,172,702,1635367,6784,5825,134999,34087,25576,10797,1780459200,https://www.bilibili.com/video/BV1oqVB6BECd,http://i2.hdslb.com/bfs/archive/f040c8f664a034a919aee60209ef17c155dbe2df.jpg
2026-06-05,8,BV1vkVB6NEuR,116680252462308,“超微距”下的瑞士长什么样？,影视飓风,娱乐粉丝创作,娱乐,242,1369,2755761,6862,2736,123790,40612,22918,4913,1780477200,https://www.bilibili.com/video/BV1vkVB6NEuR,http://i1.hdslb.com/bfs/archive/5b0c10c80ad8bf4789b41860cadc70e8c144245b.jpg
2026-06-05,9,BV1W6VZ6MEbd,116674313328609,🍄欠揍气球🍄,纸片马力欧,日常,生活,21,40,2165180,593,6295,285873,18398,129587,50708,1780309043,https://www.bilibili.com/video/BV1W6VZ6MEbd,http://i0.hdslb.com/bfs/archive/3d18bae01c4fc365d9e7e0ede5efb926e32115ad.jpg
2026-06-05,10,BV1XQ7Z6eEki,116689412819066,特朗普的愤怒,燕三嘤嘤嘤,人文历史,知识,228,1133,2171479,9290,4205,115486,27207,18030,2026,1780545020,https://www.bilibili.com/video/BV1XQ7Z6eEki,http://i0.hdslb.com/bfs/archive/d106118a7a33e310838a2e387ce511583c5a7a62.jpg
2026-06-05,11,BV16kV26TES7,116685470175022,当父母说出了正确答案：,进击的金厂长,搞笑,娱乐,138,129,2394244,1346,1595,206563,85977,75491,1711,1780479155,https://www.bilibili.com/video/BV16kV26TES7,http://i0.hdslb.com/bfs/archive/982b25c4ef21fb08f77ae933c89f4b99d5b0c86a.jpg
2026-06-05,12,BV1jqVS6MECE,116668592292557,【野餐】你醒啦 现在是2012年的5月份呀,野餐slu2pcekry,宅舞,舞蹈,20,182,1241818,1341,7626,237452,15782,47706,4617,1780221916,https://www.bilibili.com/video/BV1jqVS6MECE,http://i2.hdslb.com/bfs/archive/e9673e0b6ccc8de75e114c6f2ea5484907789e23.jpg
2026-06-05,13,BV1Qi7f6eE59,116690805395451,致敬每一个心中有花，努力奔跑的人,爱画画的子衿,亲子,生活,254,313,978162,2059,2030,134582,67428,8146,1856,1780561800,https://www.bilibili.com/video/BV1Qi7f6eE59,http://i1.hdslb.com/bfs/archive/2c9cc3dd70d264a8473e46b8bebaad7db4d6ef2c.jpg
2026-06-05,14,BV1ogV26FEhB,116683943643894,兄弟们！今天给良子做一个入营测试，这身体身体素质，跟我想的不太一样啊!,健身华哥,运动综合,运动,238,246,2213480,4330,50087,108869,3207,6073,12820,1780455998,https://www.bilibili.com/video/BV1ogV26FEhB,http://i1.hdslb.com/bfs/archive/0ef39901811fd5680c39a67445609ba38a9560c2.jpg
2026-06-05,15,BV1B75w6zEG1,116676158823299,二次元老资历童年都在听什么？！老番串烧34首大连唱！,鹿火CAVY,仿妆cos,时尚,252,462,1493831,3018,3578,103649,42419,36488,7308,1780337109,https://www.bilibili.com/video/BV1B75w6zEG1,http://i1.hdslb.com/bfs/archive/a1759f48c315c61aff7325cc0d6c931ad115a8d4.jpg
2026-06-05,16,BV1MG7961Efg,116685688276783,下 一 个 抓 谁 ！！！,啊吗粽,搞笑,娱乐,138,586,1130422,3994,2124,106795,52134,19399,2699,1780482465,https://www.bilibili.com/video/BV1MG7961Efg,http://i2.hdslb.com/bfs/archive/55e9b58ea3d6a84a655b0d2607bb6ff7e31c6d34.jpg
2026-06-05,17,BV1XEV26XEsz,116683641455201,冠以破碎之名：第一集 冰潮寒雨之夏,Xavier_白昼,综合,综合,27,1106,1001226,1393,1979,76099,16146,46099,2546,1780451269,https://www.bilibili.com/video/BV1XEV26XEsz,http://i0.hdslb.com/bfs/archive/edb3c2a03146bbc3390581aa30c41b8e3c3ab846.jpg
2026-06-05,18,BV1xuVC6AEbg,116681426868021,今天把我关于《丧尸清道夫》的创作思路分享给大家，如果能帮到你，我会很开心。,Mx-Shell,影视剪辑,影视,183,2573,869364,764,1695,56659,24263,60493,8429,1780452000,https://www.bilibili.com/video/BV1xuVC6AEbg,http://i0.hdslb.com/bfs/archive/4a766d587664347016b0288147deb324a2964232.jpg
2026-06-05,19,BV16DVz6UE77,116679229180052,如何拍出电影感大片,喜欢拍照的皮皮,日常,生活,21,60,2380643,235,1376,204132,6028,62532,5076,1780384052,https://www.bilibili.com/video/BV16DVz6UE77,http://i1.hdslb.com/bfs/archive/82ba23d6fb45244f769f8f127cfbe2f51afe67c8.jpg
2026-06-05,20,BV1cmVz6DEmi,116679329712224,初代跑男团战力排行,东方日出哇,特摄,动画,86,600,1699354,3825,3072,131524,5683,16693,3269,1780385423,https://www.bilibili.com/video/BV1cmVz6DEmi,http://i0.hdslb.com/bfs/archive/ee051686685860fea8d8721ddf5c5d7f35a85e5f.jpg
2026-06-05,21,BV1mhV26yETL,116683775678542,科比的哲学启示录第十四期,蟹不肉丨,影视剪辑,影视,183,74,3918408,1034,5850,248323,11014,58843,12505,1780453236,https://www.bilibili.com/video/BV1mhV26yETL,http://i0.hdslb.com/bfs/archive/738134aa027bf05aa3f3843c528db81f3d78307d.jpg
2026-06-05,22,BV1sKVr64EXg,116680621561843,演员魏宗万于6月1日去世，享年89岁,中国电影报道,预告·资讯,影视,184,26,1140460,17397,5597,278963,20902,12718,7265,1780406134,https://www.bilibili.com/video/BV1sKVr64EXg,http://i0.hdslb.com/bfs/archive/1148ab18f92299926855421cea80f91871e7f32a.jpg
2026-06-05,23,BV1VWVz6TELx,116679598147712,星际穿越的我，试图提醒过去的自己....,考研英语大雁,校园学习,知识,208,33,1982978,493,1995,254079,5177,29976,5003,1780389685,https://www.bilibili.com/video/BV1VWVz6TELx,http://i0.hdslb.com/bfs/archive/5822709cbd5c2a8a09fabc50bcfdcfc29859f9a1.jpg
2026-06-05,24,BV1F9Vz62ExS,116679262606457,一辈子一定要体验一次的游戏，绝对不能被剧透的神作,易铭小疯子,网络游戏,游戏,65,537,915178,4516,7368,51073,6577,56071,3608,1780403895,https://www.bilibili.com/video/BV1F9Vz62ExS,http://i2.hdslb.com/bfs/archive/d453d6bbde6ccd80f0fd714edde7b754c3e5255e.jpg
2026-06-05,25,BV1jBVS6qEPK,116668508406277,竹丝镶嵌,归乡人山白,手工,生活,161,577,747472,2736,1334,108033,51039,11043,1794,1780410000,https://www.bilibili.com/video/BV1jBVS6qEPK,http://i2.hdslb.com/bfs/archive/1e293d2f3fac4fc22d32427cb5a045e65e22e361.jpg
2026-06-05,26,BV1gzVC6kE1S,116683507243907,【低成本在家实现牛排自由‼️ 】,村驴,美食制作,美食,76,329,740216,486,2061,69235,6747,52521,7650,1780449310,https://www.bilibili.com/video/BV1gzVC6kE1S,http://i0.hdslb.com/bfs/archive/005d3e68934a884c17ab0f89f1daac2ae9982f39.jpg
2026-06-05,27,BV1T2V161E6J,116684195106574,地牢酒馆-12集 《蜕皮的蜥蜴人与神奇薄荷》,粘土工厂,单机游戏,游戏,17,212,801572,1173,1813,117889,18647,14013,1648,1780459574,https://www.bilibili.com/video/BV1T2V161E6J,http://i0.hdslb.com/bfs/archive/f5c43e682c7ce44c1f2733c2cbb5889650fd5a05.jpg
2026-06-05,28,BV1izVB6TE7i,116680084691098,小时候以为的事情,西维西师傅,搞笑,娱乐,138,38,3326753,270,2506,205240,1842,12871,1847,1780397022,https://www.bilibili.com/video/BV1izVB6TE7i,http://i0.hdslb.com/bfs/archive/4790a1728175bce1a38157464666e2fac5ef28c8.jpg
2026-06-05,29,BV13s7z63EjV,116695016477738,《绝区零》3.0新地块实机演示,绝区零,手机游戏,游戏,172,599,609922,5651,10034,74090,38197,13334,17161,1780624803,https://www.bilibili.com/video/BV13s7z63EjV,http://i0.hdslb.com/bfs/archive/ac132a13aed30f0b83ff50dfb56d83e2e518206a.jpg
2026-06-05,30,BV1sC7R6VEF3,116687181451048,【侯绿萝】视频加载中，速速查收惊喜！,侯绿萝,小剧场,娱乐,85,233,1176642,930,1028,114039,6633,8693,1193,1780538400,https://www.bilibili.com/video/BV1sC7R6VEF3,http://i0.hdslb.com/bfs/archive/e40df1469a3bc68659f30a77b0e0801ae88938bb.jpg
2026-06-05,31,BV17GEP6xEDW,116692348832614,新三国up锐评楚汉传奇01：是不是我打开的方式不太对？,吃蛋挞的折棒,影视杂谈,影视,182,1348,502769,11104,5970,64193,65945,13714,5793,1780624800,https://www.bilibili.com/video/BV17GEP6xEDW,http://i2.hdslb.com/bfs/archive/4e5cd47c8551d2b66643e2800041b7ec2d3bf729.jpg
2026-06-05,32,BV1iCV66GEMq,116680873220187,【大鸣王潮1566】谁才是护,寞桀緣才,同人·手书,动画,47,222,745326,2191,2535,74029,29245,14350,3809,1780408996,https://www.bilibili.com/video/BV1iCV66GEMq,http://i2.hdslb.com/bfs/archive/1d370920ae8ab79a4f49b2447feddc63687b6e34.jpg
2026-06-05,33,BV1kzVy6hEGb,116682517385619,手绘2000多张沙画，历时3年制作,胡雪朗,绘画,绘画,162,54,707630,652,1298,157851,38674,21194,3352,1780457400,https://www.bilibili.com/video/BV1kzVy6hEGb,http://i0.hdslb.com/bfs/archive/959cf6a92144f70d7339865fe00cd198c4c8da9e.jpg
2026-06-05,34,BV1hAVm6XEE2,116685570836474,【传奇耐熬王】经典排骨💀60天仍然有5人存活💪到最后拼的就是谁身体好！🤦‍♂️,-超级小能猫-,搞笑,娱乐,138,2617,1360689,11129,2268,59102,13301,27076,2650,1780481719,https://www.bilibili.com/video/BV1hAVm6XEE2,http://i0.hdslb.com/bfs/archive/dc3782f8b522707e818c2537030e1b8893332367.jpg
2026-06-05,35,BV1pnVm6GEQG,116685386483651,“当bro以为自己很有影响力时…”,林宇辉,社科·法律·心理,知识,124,16,652391,339,1574,186101,7001,20908,904,1780478075,https://www.bilibili.com/video/BV1pnVm6GEQG,http://i1.hdslb.com/bfs/archive/02329b4beff89227f0f34b10ef7ca21a2b920c65.jpg
2026-06-05,36,BV1BqVS6MEL8,116668592363308,欢迎来到304班娃娃店,蟹上皇呀,日常,生活,21,114,2131797,1105,3754,222958,11775,83965,13782,1780221495,https://www.bilibili.com/video/BV1BqVS6MEL8,http://i1.hdslb.com/bfs/archive/9efeef607e818a1f01d4a5f1009a80d45ffcb333.jpg
2026-06-05,37,BV1w6EF6QEjZ,116690033778619,不看后悔！史上最神人店家！,转生成为毛毛,美食侦探,美食,212,186,1724777,2424,5149,80531,1969,12060,7179,1780563600,https://www.bilibili.com/video/BV1w6EF6QEjZ,http://i1.hdslb.com/bfs/archive/07cb98d8f59285212c90c7646739a87803bf06c0.jpg
2026-06-05,38,BV1pAVz6DEDB,116679816252276,马尔代夫潜水事故，5人洞穴潜水6人遇难,神秘园,影视杂谈,影视,182,812,1470235,6873,4875,70759,9033,12434,5838,1780398000,https://www.bilibili.com/video/BV1pAVz6DEDB,http://i1.hdslb.com/bfs/archive/141ade135f39736a342786a14b07bd965e1ba300.jpg
2026-06-05,39,BV1xWG16qEBn,116644936422865,我打孔子，真的假的？,自动鬼畜中的WZ,鬼畜调教,鬼畜,22,281,3106851,2533,6369,141832,6511,26855,6261,1780286400,https://www.bilibili.com/video/BV1xWG16qEBn,http://i2.hdslb.com/bfs/archive/5395cba11bd2f2864886c0fa2c3962deef4570e3.jpg
2026-06-05,40,BV1uAVo6yE5n,116673222806359,阳寿伏妖  青州篇【一口气看完八小时合集】,七夜不起夜z,综合,综合,27,31228,931519,10623,1498,52810,31372,60742,2874,1780292399,https://www.bilibili.com/video/BV1uAVo6yE5n,http://i2.hdslb.com/bfs/archive/1d5f24afd7637434849f1321276448ab358b1094.jpg
2026-06-05,41,BV1YcVf69ECW,116674011403376,此树扎根之时 便是沧海化桑田之始,芳斯塔芙,科学科普,知识,201,895,2752164,3927,1683,48631,12312,10068,1819,1780452000,https://www.bilibili.com/video/BV1YcVf69ECW,http://i0.hdslb.com/bfs/archive/ed8be5ac08d0dc86021a749410e52d4f9079b7c9.jpg
2026-06-05,42,BV12QVi6nEQ1,116679044565103,给我净身出户！听懂了吗！,ENX叉叉酱,同人·手书,动画,47,73,1222075,859,6158,127656,4050,20584,4862,1780398000,https://www.bilibili.com/video/BV12QVi6nEQ1,http://i2.hdslb.com/bfs/archive/5ecc74e1bff1b7b7d05b294d84194894e22e3077.jpg
2026-06-05,43,BV1WgVC6YERr,116681410283485,理财PK两个月，6位UP主已经彻底疯狂...【理财王5月战绩汇报】,-LKs-,财经商业,知识,207,779,1582904,4063,4627,59069,11868,11331,7631,1780459200,https://www.bilibili.com/video/BV1WgVC6YERr,http://i0.hdslb.com/bfs/archive/64ee687bda302bd6feee386ca990737e67920669.jpg
2026-06-05,44,BV18qVr6KEk8,116680554519472,一个投了3万元必火的视频,奥利奥利奥是1,日常,生活,21,46,594981,975,5968,148640,12800,14564,2565,1780405200,https://www.bilibili.com/video/BV18qVr6KEk8,http://i0.hdslb.com/bfs/archive/0c023b00bd1d3a694bdd40c9d19039f1436532b1.jpg
2026-06-05,45,BV1G1VB6PEro,116680286144492,今天的员工够燥的~#异宠 #爬宠 #慢宠时钟 #萌宠,慢宠日记啊,日常,生活,21,79,3161849,488,3067,120456,1528,8272,5833,1780400126,https://www.bilibili.com/video/BV1G1VB6PEro,http://i0.hdslb.com/bfs/archive/816ee56ee784d2ccfe8c14d2289cfa7fa2839d73.jpg
2026-06-05,46,BV1nsVf6ME6Q,116675974335267,起初我一直以为“霸总”只是大家对王心凌站哥站姐的爱称…,王心凌FM,音乐现场,音乐,29,42,3139201,502,2878,194565,2094,6797,1701,1780334311,https://www.bilibili.com/video/BV1nsVf6ME6Q,http://i1.hdslb.com/bfs/archive/577514b0c4adb075d9561dda563e0b33c2cc9b1e.jpg
2026-06-05,47,BV1r6V26BE9i,116685486949496,《上海奥特曼4：沪特曼集结！》,册那队长,小剧场,娱乐,85,53,2513628,864,4908,116712,8843,15994,27639,1780479544,https://www.bilibili.com/video/BV1r6V26BE9i,http://i0.hdslb.com/bfs/archive/a062cb9d7991230d0d7287d7d8fd5bead9ec6788.jpg
2026-06-05,48,BV1WBVZ6zEZF,116674262997815,朋克的扑满完整版！六一变身巴啦啦小魔丸！,辉泰廊大王,音乐现场,音乐,29,87,990027,274,1855,116455,19993,26082,5449,1780309712,https://www.bilibili.com/video/BV1WBVZ6zEZF,http://i1.hdslb.com/bfs/archive/7b6177df7c5730719e6e85670d645595c6ff940e.jpg
2026-06-05,49,BV11DVo6rEo7,116674850196476,🐱穷鬼气球,竹内有虫,综合,综合,27,40,1028717,533,3731,129724,7817,38035,21475,1780317192,https://www.bilibili.com/video/BV11DVo6rEo7,http://i0.hdslb.com/bfs/archive/c914f8432580c402c9749aca8e6fa9efa26eedbb.jpg
2026-06-05,50,BV1YmV666EoR,116681091515032,坏了，这下特朗普都反犹了,波士顿圆脸,社科·法律·心理,知识,124,915,1327473,2888,2780,70945,5974,7179,2063,1780412433,https://www.bilibili.com/video/BV1YmV666EoR,http://i0.hdslb.com/bfs/archive/52eddb4b47addf6fcebb5bcb20458336c2d0d4ea.jpg
2026-06-05,51,BV1f3VU6KEqy,116684832644044,"从""健身芭比""到""女企业家""，帕梅拉有多会""赚""？",小Lin说,财经商业,知识,207,1745,1648612,1545,1322,46558,8017,14084,2724,1780479000,https://www.bilibili.com/video/BV1f3VU6KEqy,http://i0.hdslb.com/bfs/archive/ad9df863f29ccc8f07472fc5234c04740f6ee4b3.jpg
2026-06-05,52,BV1LVVv6tEPa,116677970756336,【鹿野/小动画】wonderland [儿童节24h产物],民用核武器,同人·手书,动画,47,37,462531,85,567,147129,12854,23965,1933,1780395093,https://www.bilibili.com/video/BV1LVVv6tEPa,http://i1.hdslb.com/bfs/archive/2ef288272c38b705f82c7e23150d7ae538b17ce8.jpg
2026-06-05,53,BV1aFVm6REvY,116685537281059,蜘蛛糸モノポリー,苏酥鱼鱼喵,MMD·3D,动画,25,113,474304,122,955,91264,3433,33162,2700,1780480166,https://www.bilibili.com/video/BV1aFVm6REvY,http://i0.hdslb.com/bfs/archive/43aeddbc4a47c5117090dc56e61b94bb7a858ec0.jpg
2026-06-05,54,BV1LCV66VE45,116680873346829,剥蒜的情谊147.0,NinthA-,网络游戏,游戏,65,147,1137506,622,640,88193,1099,12647,1196,1780455600,https://www.bilibili.com/video/BV1LCV66VE45,http://i1.hdslb.com/bfs/archive/21d74a2ecc26d0c95ecd1e1af6e84bf567bf37c9.jpg
2026-06-05,55,BV1yiEF6WErx,116690419585062,奶香馒头,夏叔厨房,美食制作,美食,76,76,991026,626,4388,133566,4211,10034,684,1780554601,https://www.bilibili.com/video/BV1yiEF6WErx,http://i1.hdslb.com/bfs/archive/82992eb9cddf1a5a5e5e77e481db8626c6005de9.jpg
2026-06-05,56,BV1CYVy6vETT,116682852929454,【IGN】《战神：劳菲（God of War Laufey）》深度玩法演示 |  State of Play,IGN中国,单机游戏,游戏,17,1425,1578323,12717,14937,34719,10562,10366,42300,1780440137,https://www.bilibili.com/video/BV1CYVy6vETT,http://i1.hdslb.com/bfs/archive/a78c73d63af672d1dcaa84b7a8dabdb7c59cd0ab.jpg
2026-06-05,57,BV1jLVU6eEXE,116684782377667,可不可以买三十块烧腊？,食深烧腊,美食测评,美食,213,99,862230,597,1823,95310,55734,4145,451,1780468779,https://www.bilibili.com/video/BV1jLVU6eEXE,http://i1.hdslb.com/bfs/archive/62b6a42513640bcbd689b2a89fb9b999a1205332.jpg
2026-06-05,58,BV1NoVm62EFd,116684715197497,金库测金，海峡测雷，万税爷进军测评赛道？,麻薯波比呀,社科·法律·心理,知识,124,1010,1103392,2261,2424,66995,6966,7120,746,1780479745,https://www.bilibili.com/video/BV1NoVm62EFd,http://i2.hdslb.com/bfs/archive/d200d3f215d8a9d6eb13923af38007a3d0ff34b4.jpg
2026-06-05,59,BV11BVU6mEUe,116669431157836,做了一把千机伞，能变十三个形态的那种｜最强的武器一定是自制的,o小庄o,仿妆cos,时尚,252,172,3246251,1409,3880,158829,56919,48339,12269,1780234512,https://www.bilibili.com/video/BV11BVU6mEUe,http://i0.hdslb.com/bfs/archive/b0de098d43f32c720b593ef44a69ca1be9cccb90.jpg
2026-06-05,60,BV16NVZ6wEZw,116674430768725,“少女暴君”翻《荣耀向我俯首》法语完整版！,芋泥脑袋邹十八,翻唱,音乐,31,159,1178957,250,943,106710,13230,35170,2387,1780310639,https://www.bilibili.com/video/BV16NVZ6wEZw,http://i2.hdslb.com/bfs/archive/60aebd868808697e36d33ea7c801ce8f7fafcec3.jpg
2026-06-05,61,BV1ypV66dEru,116681359754958,G胖为上架R18游戏硬刚V社法务 玩家至上 不做干预,Will游戏堂,数码,科技,95,51,1077997,651,3167,123836,2085,16151,9431,1780444800,https://www.bilibili.com/video/BV1ypV66dEru,http://i1.hdslb.com/bfs/archive/e3e911d6f451bd85e0fb10b15ba13e2f9b6b96cc.jpg
2026-06-05,62,BV1dFV66rEwZ,116679463929983,"""这一刻，他简直正的发邪""",wrizedm,影视剪辑,影视,183,115,1232084,265,604,91970,4067,16631,1348,1780387590,https://www.bilibili.com/video/BV1dFV66rEwZ,http://i1.hdslb.com/bfs/archive/0d76efe5941248b388135046493c78dbb702e210.jpg
2026-06-05,63,BV1uE7d6JEAp,116688674624635,啥龙：医生说我只剩几天了……,小陈的脚凑凑的,日常,生活,21,181,803289,735,1296,57123,4804,13530,2816,1780528049,https://www.bilibili.com/video/BV1uE7d6JEAp,http://i1.hdslb.com/bfs/archive/e92886e4f49270b6f1a24481e0b0851d64e70fc4.jpg
2026-06-05,64,BV1s7Vm6VEUw,116685352737659,《鸣潮》开发组特别对谈——鸣潮演出&PV制作揭秘,鸣潮,动漫杂谈,动画,253,1452,542759,7617,7863,45791,24926,8131,5127,1780480800,https://www.bilibili.com/video/BV1s7Vm6VEUw,http://i0.hdslb.com/bfs/archive/afd215be2fdf7777d4d6b82dd63b5b3d31f2b871.jpg
2026-06-05,65,BV1aUVB6cE4P,116680185353959,说个事儿,麦片是只小金毛,社科·法律·心理,知识,124,411,487904,3029,3810,61919,22970,7967,5687,1780398768,https://www.bilibili.com/video/BV1aUVB6cE4P,http://i1.hdslb.com/bfs/archive/6d8fa2c40f1dd5d4be4980602da4f1c6fd72ca5b.jpg
2026-06-05,66,BV17pVC6WECy,116681544304592,带良子和花胖在华哥训练营偷吃，闷子、板面、大肠都安排上,俞涛不光会做九转大肠,美食记录,美食,215,247,1419971,875,2278,67838,1623,3978,2496,1780455600,https://www.bilibili.com/video/BV17pVC6WECy,http://i1.hdslb.com/bfs/archive/ecf1293c7f3c2f89f52a51e5ad0ce5201f1be340.jpg
2026-06-05,67,BV1REV56YEjz,116663122926337,50秒一片肉，火力全开，快到起飞,左手刀鹏哥,日常,生活,21,59,6618637,1531,7823,267557,6580,13122,5636,1780138201,https://www.bilibili.com/video/BV1REV56YEjz,http://i1.hdslb.com/bfs/archive/4d7ccd61eaa71d221ff926561ee7efac7b5c1b1f.jpg
2026-06-05,68,BV15tVr6GE6V,116680319571440,《马老师啊》,嘞是唐孃孃,搞笑,娱乐,138,85,1385253,390,1580,127867,1125,5099,1776,1780400685,https://www.bilibili.com/video/BV15tVr6GE6V,http://i2.hdslb.com/bfs/archive/0b7663a0e374c8d521bbf783e3cfd44d3fb635d6.jpg
2026-06-05,69,BV1TL796CE52,116685721830606,歌剧老师锐评韩娱BLACKPINK  JYP & MAMAOO Red Velvet TWICE,铁豆钢蛋,乐评盘点,音乐,243,3086,769751,20576,9982,41012,17974,6890,2366,1780483444,https://www.bilibili.com/video/BV1TL796CE52,http://i1.hdslb.com/bfs/archive/ab6356296c8f9523a858fc15dd4a808fbc51b773.jpg
2026-06-05,70,BV12SVo6GE6E,116674799864807,杀人热浪如何卡死印度发展命脉？,世界见闻录,人文历史,知识,228,884,1156488,5199,4527,53948,4642,6502,968,1780394700,https://www.bilibili.com/video/BV12SVo6GE6E,http://i0.hdslb.com/bfs/archive/bca8168108de85cd8db3fc2b5647ee07388ed6bc.jpg
2026-06-05,71,BV1gWVd6GEna,116673323603460,期末到了，你们寝室准备好应对之策了吗,灵霖七,日常,生活,21,200,1743470,1211,1957,81041,13528,13427,6084,1780293767,https://www.bilibili.com/video/BV1gWVd6GEna,http://i0.hdslb.com/bfs/archive/d0a8e406e4231a2cad0caefda83bab3276dc8059.jpg
2026-06-05,72,BV14FVE6AEze,116667149517318,不止抽象！内娱唯一的硬汉！盘点嘎子谢孟伟职业生涯高光演技,文西与阿漆,影视杂谈,影视,182,1050,2383205,15973,6435,163554,34710,15141,4283,1780304700,https://www.bilibili.com/video/BV14FVE6AEze,http://i0.hdslb.com/bfs/archive/2105e724eb0f4af98e4443b568807fe1d19d5160.jpg
2026-06-05,73,BV1bwV161Er2,116684413209270,【aespa】LEMONNNN,aespa,音乐综合,音乐,130,11,4070988,5182,11973,71251,15276,7483,3104,1780475400,https://www.bilibili.com/video/BV1bwV161Er2,http://i1.hdslb.com/bfs/archive/1e63fbee388c793dc0403c872eefb52a8d7d8615.jpg
2026-06-05,74,BV1Nk7X6TEnq,116686023955827,半个小孩，全部的妈妈,超级猫猫兽,同人·手书,动画,47,483,496444,1283,3928,66809,11374,17541,3173,1780487705,https://www.bilibili.com/video/BV1Nk7X6TEnq,http://i0.hdslb.com/bfs/archive/25cb3d6f6dd951590c71a8ea993463455554b0c6.jpg
2026-06-05,75,BV1rMVz67EMs,116679967312875,开关灯木头人挑战！,酱油白米饭原创,小剧场,娱乐,85,99,1999549,346,554,82339,1459,18593,2509,1780395433,https://www.bilibili.com/video/BV1rMVz67EMs,http://i0.hdslb.com/bfs/archive/b909eaaf95648e5156635c9c1afd57ac6da69f64.jpg
2026-06-05,76,BV16iV96sEtP,116672686000149,APP窗口乱跳转的“传送门”该关上了！,人民日报,日常,生活,21,41,2500194,13409,15711,342392,29148,14186,13822,1780283954,https://www.bilibili.com/video/BV16iV96sEtP,http://i1.hdslb.com/bfs/archive/cdd5978f6eebaf8db0e8c97dbf9c2cdedabd92b9.jpg
2026-06-05,77,BV1wEEc6REms,116692097238799,城市大富翁（5）,雨哥到处跑,日常,生活,21,3847,345989,14754,3007,50168,40654,14527,2356,1780628700,https://www.bilibili.com/video/BV1wEEc6REms,http://i1.hdslb.com/bfs/archive/8628e50dc2e56aec5815c8e3f665d304cfe23d80.jpg
2026-06-05,78,BV1Qt7X61Enn,116686241993999,百万英镑，但素质过低,青时晚,影视剪辑,影视,183,174,810214,918,1005,52813,3394,12583,5162,1780490956,https://www.bilibili.com/video/BV1Qt7X61Enn,http://i0.hdslb.com/bfs/archive/1573985b4950f4d1001b3a21a50adab722b0a0f1.jpg
2026-06-05,79,BV1ps796qErr,116685822560107,谁在等谁的出现,为了我活下去,综合,综合,27,36,428192,228,1329,127767,6446,19363,1563,1780484521,https://www.bilibili.com/video/BV1ps796qErr,http://i1.hdslb.com/bfs/archive/49a476c711b1d61ec7ffa37684a398ddb857435a.jpg
2026-06-05,80,BV1NCVz6WESh,116679312937393,除了它以外，你见过的紫色都是假的…？,毕的二阶导,科学科普,知识,201,206,1530264,1357,1547,68382,3309,14051,1014,1780390800,https://www.bilibili.com/video/BV1NCVz6WESh,http://i0.hdslb.com/bfs/archive/ea889a90891a5cbf88d298eb0ce3f69285accd7b.jpg
2026-06-05,81,BV1JKEw6QEw9,116691509970719,我读了你们的评论 把阎王召唤出来了T_T,汤木檀泽,日常,生活,21,959,945964,1062,1212,63947,3701,4256,328,1780571268,https://www.bilibili.com/video/BV1JKEw6QEw9,http://i1.hdslb.com/bfs/archive/0b6c7ccb214b6211a4cf9a8741eb473536e42587.jpg
2026-06-05,82,BV1dCV66GEgM,116680873280095,《明日方舟：终末地》干员叙事 [弭弗：煞星],明日方舟终末地,手机游戏,游戏,172,637,1027306,3733,8026,42526,10044,6221,4920,1780457400,https://www.bilibili.com/video/BV1dCV66GEgM,http://i1.hdslb.com/bfs/archive/033ff148a9ed8d3736243342bbb59dbe14cbc0ee.jpg
2026-06-05,83,BV12R7Q6MEJX,116686543914174,你说你有点难追～,未知艺术家_611,搞笑,娱乐,138,30,1261011,94,956,125761,1223,9824,1537,1780495648,https://www.bilibili.com/video/BV12R7Q6MEJX,http://i2.hdslb.com/bfs/archive/aeaf33a25e079b26433a425ee56ac24f566861d7.jpg
2026-06-05,84,BV1MqVr6KEf6,116680554449914,突围吧少年！微光汇聚，用爱照亮向新的路,暗区突围,短片,动画,256,350,411422,2044,2447,53261,25370,13466,2352,1780404296,https://www.bilibili.com/video/BV1MqVr6KEf6,http://i2.hdslb.com/bfs/archive/0c7b730014db6386c174f304fbac32bdd71c4447.jpg
2026-06-05,85,BV1oDVv6wENJ,116677836540042,探访世界上最大的活死人墓，几万人抢着住，直接在坟头做饭，拿棺材当床,小钟Johnny,出行,生活,250,620,1227455,4068,3658,40412,6885,6899,3446,1780393500,https://www.bilibili.com/video/BV1oDVv6wENJ,http://i1.hdslb.com/bfs/archive/38bf96ab2a3483e3ef16fbe9c25f882f1693ab5e.jpg
2026-06-05,86,BV1edV26tEsB,116685654722666,复仇整蛊！蛋黄派伪装摄影师突袭周深，几秒就被识破？,记录生活的蛋黄派,美食测评,美食,213,556,1129411,5784,2396,59314,22907,17845,3076,1780565400,https://www.bilibili.com/video/BV1edV26tEsB,http://i2.hdslb.com/bfs/archive/a16b60bc03719059e3218dee538877f554f3f9b4.jpg
2026-06-05,87,BV1iQV26cEfX,116685436618474,东北下岗三十年后，我看见了普通人的生活,十七岁歌手想打中单,出行,生活,250,3132,873951,2621,4000,33909,8942,12680,3177,1780479467,https://www.bilibili.com/video/BV1iQV26cEfX,http://i2.hdslb.com/bfs/archive/336087b59dbbf943701843cf5d3dfee77ef315e9.jpg
2026-06-05,88,BV1idV26bE2E,116685654921483,宗元舞2.0紧绷之人3,是柳宗元,电子竞技,游戏,171,51,970620,284,724,109038,2245,12817,2067,1780481914,https://www.bilibili.com/video/BV1idV26bE2E,http://i2.hdslb.com/bfs/archive/395efa2aefe284345f5e64ce17985d0467cd2247.jpg
2026-06-05,89,BV1y8Vk6fEwn,116682047625847,【速凌宇宙】第十九集：哈基蜂化身哈夫克安保队长？？准备摇人？,高司令-速凌电竞,单机游戏,游戏,17,582,1530735,3940,1256,83232,12244,63774,848,1780459200,https://www.bilibili.com/video/BV1y8Vk6fEwn,http://i0.hdslb.com/bfs/archive/2e5bf49a8947806e05fb8970a421bd94a8a6e7b6.jpg
2026-06-05,90,BV1DyVm6REs8,116685117982770,Oi，今天跟老舅争锋相对！！,花小龙oy,健身,运动,164,218,885701,633,1321,64086,2684,2455,1175,1780473800,https://www.bilibili.com/video/BV1DyVm6REs8,http://i0.hdslb.com/bfs/archive/56fe0a9ea6c893cba847452a26b23804912df627.jpg
2026-06-05,91,BV17SVZ6wEy1,116673877116037,除草届来了个无关紧要的人,菜鸡罢了呀,搞笑,娱乐,138,347,1537296,1793,3957,45878,868,3423,370,1780388700,https://www.bilibili.com/video/BV17SVZ6wEy1,http://i1.hdslb.com/bfs/archive/b8d02a39fcb647a1cbae31ad3eafc1999cc2cbea.jpg
2026-06-05,92,BV15iEc6VEfH,116691577216788,路边一块，也能变废为宝，雕刻出大家想要的题材我不知道什么时候天才会亮，但我知道，跑着跑着，天就亮了。,小梨家的和田玉,手工,生活,161,220,1645245,818,3920,57919,1395,3837,794,1780572193,https://www.bilibili.com/video/BV15iEc6VEfH,http://i2.hdslb.com/bfs/archive/c1597efe82d66a7f728f8bdd84505eff4b7f5ac9.jpg
2026-06-05,93,BV1bL796CEpe,116685721899286,如果我来挑战拍华语地区的经典MV风格？这一期是粉丝投稿哦！,李如儒也是李蠕蠕,小剧场,娱乐,85,159,929562,931,751,62649,5771,3369,702,1780483280,https://www.bilibili.com/video/BV1bL796CEpe,http://i2.hdslb.com/bfs/archive/6305a2e9ddc370f1b9e15ba5265e209ff8ea0438.jpg
2026-06-05,94,BV1L7Ew65ETv,116691124098703,我养护的石拱桥，已经被国家收录为不可移动文物！,抓紧长长长呀,三农,生活,251,604,815092,687,1393,61983,3715,3111,256,1780565746,https://www.bilibili.com/video/BV1L7Ew65ETv,http://i1.hdslb.com/bfs/archive/56f52737bc566db19c5316ccdcc3b87cc81709e0.jpg
2026-06-05,95,BV1Y4Vz6NECv,116679497554901,当两个老板点到对方熟悉的护航,小小蜂鸽鸽,网络游戏,游戏,65,300,769150,242,637,57559,1231,7015,661,1780394700,https://www.bilibili.com/video/BV1Y4Vz6NECv,http://i2.hdslb.com/bfs/archive/8973d59a6694728de4c334dd9b1f5789bdc8b69f.jpg
2026-06-05,96,BV1Ak5F61ECk,116675118761554,当你看到这条视频的时候我相信你成为我的粉丝不远了,刮蜡皮小能手,日常,生活,21,67,2626219,1077,1800,95851,1462,9239,928,1780321656,https://www.bilibili.com/video/BV1Ak5F61ECk,http://i2.hdslb.com/bfs/archive/f7bf232f5a59db32b59fbb4a77062a34cf7ecd52.jpg
2026-06-05,97,BV1aaVr6zEm1,116680336415311,日本人为了让你少吃就流水素面有多拼,在日本摸鱼的小超人,美食侦探,美食,212,222,1123867,1453,2167,49736,1454,3302,1239,1780400834,https://www.bilibili.com/video/BV1aaVr6zEm1,http://i2.hdslb.com/bfs/archive/97bf0f19b1340535ab465acb423440224374274f.jpg
2026-06-05,98,BV1eoVZ64EDP,116674061731801,卡 布 达 买 瓜,增殖的发呆,搞笑,娱乐,138,165,1686561,1506,2190,65352,11271,13753,14787,1780308455,https://www.bilibili.com/video/BV1eoVZ64EDP,http://i2.hdslb.com/bfs/archive/bcaa08f9e57589009ab30ea12b77de7989966acf.jpg
2026-06-05,99,BV1SsVZ6EE1A,116674145616912,高考别忘了到考场啊！,太阳星sunstar,人文历史,知识,228,435,1505397,2180,4508,59752,2752,11064,3247,1780395300,https://www.bilibili.com/video/BV1SsVZ6EE1A,http://i2.hdslb.com/bfs/archive/f1b9c9405023623692ca421b1543e42a1cfbf491.jpg
2026-06-05,100,BV1N7Vm65E9z,116685352867257,10倍差价，凭什么赢？ 领克如何跑赢保时捷？,所长Wy,汽车生活,汽车,176,567,1036814,1213,763,32503,4520,6865,252,1780478871,https://www.bilibili.com/video/BV1N7Vm65E9z,http://i1.hdslb.com/bfs/archive/0aca9e0d0ab44279445ddeabd54d20aeedc220cc.jpg
2026-06-05,2026-06-05 21:28:37,1,BV15wVB6YECT,116678608359768,一顿饭只要三块钱，客人吃着吃着，人就“没了”,瞎通不设计了,美食侦探,美食,212,187,1854828,2211,5677,241134,140600,20371,2125,1780390800,https://www.bilibili.com/video/BV15wVB6YECT,http://i1.hdslb.com/bfs/archive/fd898a754bc3cf4317349a2b3c4394e104417434.jpg
2026-06-05,2026-06-05 21:28:37,2,BV1jwV663EjR,116679380112598,我的世界杯主题曲！IShowSpeed - World Cup (Champions),ishowspeedsui,竞技体育,运动,236,299,3819340,2144,8773,207799,36855,35149,12663,1780386563,https://www.bilibili.com/video/BV1jwV663EjR,http://i2.hdslb.com/bfs/archive/2807f6a9b9342740dfa8764e7bcc6e231196c94f.jpg
2026-06-05,2026-06-05 21:28:37,3,BV1RvVo6QEqo,116674682426936,不儿，你俩来真的啊？！,主持人yoyo酱,搞笑,娱乐,138,265,4704910,13540,11193,577181,451285,98964,12561,1780314627,https://www.bilibili.com/video/BV1RvVo6QEqo,http://i1.hdslb.com/bfs/archive/e8bde3297455f3796e516de2362d5eb1085d9abf.jpg
2026-06-05,2026-06-05 21:28:37,4,BV1QzVR63E3L,116671930963542,回忆永远都是加分项,央视新闻,日常,生活,21,184,3281389,25547,22870,571178,226221,170362,56579,1780286400,https://www.bilibili.com/video/BV1QzVR63E3L,http://i2.hdslb.com/bfs/archive/f4dc3fe8ea88a450877315e867b4995121d5dbf6.jpg
2026-06-05,2026-06-05 21:28:37,5,BV16BVy6wEfx,116682534162276,《你来真的啊》,伤心欲茄222,搞笑,娱乐,138,116,2667302,1128,4636,264402,4999,16413,3185,1780459200,https://www.bilibili.com/video/BV16BVy6wEfx,http://i1.hdslb.com/bfs/archive/f16abe0150882e397bf053e6d7a1e4dced090de1.jpg
2026-06-05,2026-06-05 21:28:37,6,BV1kCVU65ERM,116669112386149,初中生斗胆跳一段jam,特崮斯,篮球,运动,235,45,5348355,3691,16341,1034843,167140,106017,15865,1780229707,https://www.bilibili.com/video/BV1kCVU65ERM,http://i1.hdslb.com/bfs/archive/5871a66dc8e356ff71da4a6d99d5922b4a6a3fce.jpg
2026-06-05,2026-06-05 21:28:37,7,BV1oqVB6BECd,116680034425733,《原神》洛恩角色PV——「标准化考核」,原神,手机游戏,游戏,172,702,1674318,7201,5882,139114,34983,27810,11064,1780459200,https://www.bilibili.com/video/BV1oqVB6BECd,http://i2.hdslb.com/bfs/archive/f040c8f664a034a919aee60209ef17c155dbe2df.jpg
2026-06-05,2026-06-05 21:28:37,8,BV1vkVB6NEuR,116680252462308,“超微距”下的瑞士长什么样？,影视飓风,娱乐粉丝创作,娱乐,242,1369,2923787,7199,2835,131603,42791,24112,5152,1780477200,https://www.bilibili.com/video/BV1vkVB6NEuR,http://i1.hdslb.com/bfs/archive/5b0c10c80ad8bf4789b41860cadc70e8c144245b.jpg
2026-06-05,2026-06-05 21:28:37,9,BV1Qi7f6eE59,116690805395451,致敬每一个心中有花，努力奔跑的人,爱画画的子衿,亲子,生活,254,313,1201321,2478,2481,165442,80590,9937,2341,1780561800,https://www.bilibili.com/video/BV1Qi7f6eE59,http://i1.hdslb.com/bfs/archive/2c9cc3dd70d264a8473e46b8bebaad7db4d6ef2c.jpg
2026-06-05,2026-06-05 21:28:37,10,BV1W6VZ6MEbd,116674313328609,🍄欠揍气球🍄,纸片马力欧,日常,生活,21,40,2499212,651,6946,321050,21717,150718,55952,1780309043,https://www.bilibili.com/video/BV1W6VZ6MEbd,http://i0.hdslb.com/bfs/archive/3d18bae01c4fc365d9e7e0ede5efb926e32115ad.jpg
2026-06-05,2026-06-05 21:28:37,11,BV1XQ7Z6eEki,116689412819066,特朗普的愤怒,燕三嘤嘤嘤,人文历史,知识,228,1133,2346073,9769,4397,122939,28881,18747,2183,1780545020,https://www.bilibili.com/video/BV1XQ7Z6eEki,http://i0.hdslb.com/bfs/archive/d106118a7a33e310838a2e387ce511583c5a7a62.jpg
2026-06-05,2026-06-05 21:28:37,12,BV16kV26TES7,116685470175022,当父母说出了正确答案：,进击的金厂长,搞笑,娱乐,138,129,3179414,1575,1775,247993,97393,103297,1861,1780479155,https://www.bilibili.com/video/BV16kV26TES7,http://i0.hdslb.com/bfs/archive/982b25c4ef21fb08f77ae933c89f4b99d5b0c86a.jpg
2026-06-05,2026-06-05 21:28:37,13,BV16DVz6UE77,116679229180052,如何拍出电影感大片,喜欢拍照的皮皮,日常,生活,21,60,2752578,267,1594,242366,7194,72249,5887,1780384052,https://www.bilibili.com/video/BV16DVz6UE77,http://i1.hdslb.com/bfs/archive/82ba23d6fb45244f769f8f127cfbe2f51afe67c8.jpg
2026-06-05,2026-06-05 21:28:37,14,BV1XEV26XEsz,116683641455201,冠以破碎之名：第一集 冰潮寒雨之夏,Xavier_白昼,综合,综合,27,1106,1158485,1546,2119,86279,17838,52797,2859,1780451269,https://www.bilibili.com/video/BV1XEV26XEsz,http://i0.hdslb.com/bfs/archive/edb3c2a03146bbc3390581aa30c41b8e3c3ab846.jpg
2026-06-05,2026-06-05 21:28:37,15,BV13s7z63EjV,116695016477738,《绝区零》3.0新地块实机演示,绝区零,手机游戏,游戏,172,599,869056,7309,11166,94796,46654,17065,20500,1780624803,https://www.bilibili.com/video/BV13s7z63EjV,http://i0.hdslb.com/bfs/archive/ac132a13aed30f0b83ff50dfb56d83e2e518206a.jpg
2026-06-05,2026-06-05 21:28:37,16,BV17GEP6xEDW,116692348832614,新三国up锐评楚汉传奇01：是不是我打开的方式不太对？,吃蛋挞的折棒,影视杂谈,影视,182,1348,752364,13984,7664,86429,87417,18017,7205,1780624800,https://www.bilibili.com/video/BV17GEP6xEDW,http://i2.hdslb.com/bfs/archive/4e5cd47c8551d2b66643e2800041b7ec2d3bf729.jpg
2026-06-05,2026-06-05 21:28:37,17,BV1ogV26FEhB,116683943643894,兄弟们！今天给良子做一个入营测试，这身体身体素质，跟我想的不太一样啊!,健身华哥,运动综合,运动,238,246,2341581,4475,52865,113932,3319,6467,13264,1780455998,https://www.bilibili.com/video/BV1ogV26FEhB,http://i1.hdslb.com/bfs/archive/0ef39901811fd5680c39a67445609ba38a9560c2.jpg
2026-06-05,2026-06-05 21:28:37,18,BV1xuVC6AEbg,116681426868021,今天把我关于《丧尸清道夫》的创作思路分享给大家，如果能帮到你，我会很开心。,Mx-Shell,影视剪辑,影视,183,2573,971921,801,1794,61017,25477,64099,8897,1780452000,https://www.bilibili.com/video/BV1xuVC6AEbg,http://i0.hdslb.com/bfs/archive/4a766d587664347016b0288147deb324a2964232.jpg
2026-06-05,2026-06-05 21:28:37,19,BV1MG7961Efg,116685688276783,下 一 个 抓 谁 ！！！,啊吗粽,搞笑,娱乐,138,586,1190675,4065,2153,110795,53885,20330,2765,1780482465,https://www.bilibili.com/video/BV1MG7961Efg,http://i2.hdslb.com/bfs/archive/55e9b58ea3d6a84a655b0d2607bb6ff7e31c6d34.jpg
2026-06-05,2026-06-05 21:28:37,20,BV1cmVz6DEmi,116679329712224,初代跑男团战力排行,东方日出哇,特摄,动画,86,600,1796571,4128,3174,141155,6138,18188,3439,1780385423,https://www.bilibili.com/video/BV1cmVz6DEmi,http://i0.hdslb.com/bfs/archive/ee051686685860fea8d8721ddf5c5d7f35a85e5f.jpg
2026-06-05,2026-06-05 21:28:37,21,BV1mhV26yETL,116683775678542,科比的哲学启示录第十四期,蟹不肉丨,影视剪辑,影视,183,74,4358553,1072,6118,266515,12144,66310,13077,1780453236,https://www.bilibili.com/video/BV1mhV26yETL,http://i0.hdslb.com/bfs/archive/738134aa027bf05aa3f3843c528db81f3d78307d.jpg
2026-06-05,2026-06-05 21:28:37,22,BV1sKVr64EXg,116680621561843,演员魏宗万于6月1日去世，享年89岁,中国电影报道,预告·资讯,影视,184,26,1173013,18285,5721,290643,21844,13748,7442,1780406134,https://www.bilibili.com/video/BV1sKVr64EXg,http://i0.hdslb.com/bfs/archive/1148ab18f92299926855421cea80f91871e7f32a.jpg
2026-06-05,2026-06-05 21:28:37,23,BV1VWVz6TELx,116679598147712,星际穿越的我，试图提醒过去的自己....,考研英语大雁,校园学习,知识,208,33,2172111,528,2103,281241,5822,34532,5348,1780389685,https://www.bilibili.com/video/BV1VWVz6TELx,http://i0.hdslb.com/bfs/archive/5822709cbd5c2a8a09fabc50bcfdcfc29859f9a1.jpg
2026-06-05,2026-06-05 21:28:37,24,BV1jqVS6MECE,116668592292557,【野餐】你醒啦 现在是2012年的5月份呀,野餐slu2pcekry,宅舞,舞蹈,20,182,1312402,1751,7943,255896,17328,51955,4838,1780221916,https://www.bilibili.com/video/BV1jqVS6MECE,http://i2.hdslb.com/bfs/archive/e9673e0b6ccc8de75e114c6f2ea5484907789e23.jpg
2026-06-05,2026-06-05 21:28:37,25,BV1F9Vz62ExS,116679262606457,一辈子一定要体验一次的游戏，绝对不能被剧透的神作,易铭小疯子,网络游戏,游戏,65,537,945101,4649,7612,53104,6828,58213,3694,1780403895,https://www.bilibili.com/video/BV1F9Vz62ExS,http://i2.hdslb.com/bfs/archive/d453d6bbde6ccd80f0fd714edde7b754c3e5255e.jpg
2026-06-05,2026-06-05 21:28:37,26,BV1jBVS6qEPK,116668508406277,竹丝镶嵌,归乡人山白,手工,生活,161,577,777222,2824,1391,113401,53406,11691,1866,1780410000,https://www.bilibili.com/video/BV1jBVS6qEPK,http://i2.hdslb.com/bfs/archive/1e293d2f3fac4fc22d32427cb5a045e65e22e361.jpg
2026-06-05,2026-06-05 21:28:37,27,BV1gzVC6kE1S,116683507243907,【低成本在家实现牛排自由‼️ 】,村驴,美食制作,美食,76,329,781489,506,2127,73654,7085,55769,8095,1780449310,https://www.bilibili.com/video/BV1gzVC6kE1S,http://i0.hdslb.com/bfs/archive/005d3e68934a884c17ab0f89f1daac2ae9982f39.jpg
2026-06-05,2026-06-05 21:28:37,28,BV1B75w6zEG1,116676158823299,二次元老资历童年都在听什么？！老番串烧34首大连唱！,鹿火CAVY,仿妆cos,时尚,252,462,1547388,3096,3664,107527,43888,37957,7544,1780337109,https://www.bilibili.com/video/BV1B75w6zEG1,http://i1.hdslb.com/bfs/archive/a1759f48c315c61aff7325cc0d6c931ad115a8d4.jpg
2026-06-05,2026-06-05 21:28:37,29,BV1w6EF6QEjZ,116690033778619,不看后悔！史上最神人店家！,转生成为毛毛,美食侦探,美食,212,186,2068888,2820,5956,107092,2401,16816,8819,1780563600,https://www.bilibili.com/video/BV1w6EF6QEjZ,http://i1.hdslb.com/bfs/archive/07cb98d8f59285212c90c7646739a87803bf06c0.jpg
2026-06-05,2026-06-05 21:28:37,30,BV1T2V161E6J,116684195106574,地牢酒馆-12集 《蜕皮的蜥蜴人与神奇薄荷》,粘土工厂,单机游戏,游戏,17,212,845912,1197,1852,124026,19223,14894,1704,1780459574,https://www.bilibili.com/video/BV1T2V161E6J,http://i0.hdslb.com/bfs/archive/f5c43e682c7ce44c1f2733c2cbb5889650fd5a05.jpg
2026-06-05,2026-06-05 21:28:37,31,BV1sC7R6VEF3,116687181451048,【侯绿萝】视频加载中，速速查收惊喜！,侯绿萝,小剧场,娱乐,85,233,1318006,1095,1128,127114,7340,10025,1315,1780538400,https://www.bilibili.com/video/BV1sC7R6VEF3,http://i0.hdslb.com/bfs/archive/e40df1469a3bc68659f30a77b0e0801ae88938bb.jpg
2026-06-05,2026-06-05 21:28:37,32,BV15iEc6VEfH,116691577216788,路边一块，也能变废为宝，雕刻出大家想要的题材我不知道什么时候天才会亮，但我知道，跑着跑着，天就亮了。,小梨家的和田玉,手工,生活,161,220,2972256,1392,6215,110187,2781,8891,1627,1780572193,https://www.bilibili.com/video/BV15iEc6VEfH,http://i2.hdslb.com/bfs/archive/c1597efe82d66a7f728f8bdd84505eff4b7f5ac9.jpg
2026-06-05,2026-06-05 21:28:37,33,BV1pnVm6GEQG,116685386483651,“当bro以为自己很有影响力时…”,林宇辉,社科·法律·心理,知识,124,16,719225,384,1729,206930,7913,24750,1014,1780478075,https://www.bilibili.com/video/BV1pnVm6GEQG,http://i1.hdslb.com/bfs/archive/02329b4beff89227f0f34b10ef7ca21a2b920c65.jpg
2026-06-05,2026-06-05 21:28:37,34,BV1wEEc6REms,116692097238799,城市大富翁（5）,雨哥到处跑,日常,生活,21,3846,639621,9856,3922,77569,63672,22252,3186,1780628700,https://www.bilibili.com/video/BV1wEEc6REms,http://i1.hdslb.com/bfs/archive/8628e50dc2e56aec5815c8e3f665d304cfe23d80.jpg
2026-06-05,2026-06-05 21:28:37,35,BV1izVB6TE7i,116680084691098,小时候以为的事情,西维西师傅,搞笑,娱乐,138,38,3738822,281,2605,222982,1943,15159,1966,1780397022,https://www.bilibili.com/video/BV1izVB6TE7i,http://i0.hdslb.com/bfs/archive/4790a1728175bce1a38157464666e2fac5ef28c8.jpg
2026-06-05,2026-06-05 21:28:37,36,BV1kzVy6hEGb,116682517385619,手绘2000多张沙画，历时3年制作,胡雪朗,绘画,绘画,162,54,749284,708,1367,167569,40896,23087,3533,1780457400,https://www.bilibili.com/video/BV1kzVy6hEGb,http://i0.hdslb.com/bfs/archive/959cf6a92144f70d7339865fe00cd198c4c8da9e.jpg
2026-06-05,2026-06-05 21:28:37,37,BV1hAVm6XEE2,116685570836474,【传奇耐熬王】经典排骨💀60天仍然有5人存活💪到最后拼的就是谁身体好！🤦‍♂️,-超级小能猫-,搞笑,娱乐,138,2617,1576339,11878,2378,65673,14510,31152,2888,1780481719,https://www.bilibili.com/video/BV1hAVm6XEE2,http://i0.hdslb.com/bfs/archive/dc3782f8b522707e818c2537030e1b8893332367.jpg
2026-06-05,2026-06-05 21:28:37,38,BV1iCV66GEMq,116680873220187,【大鸣王潮1566】谁才是护,寞桀緣才,同人·手书,动画,47,222,760147,2236,2555,75573,29715,14760,3859,1780408996,https://www.bilibili.com/video/BV1iCV66GEMq,http://i2.hdslb.com/bfs/archive/1d370920ae8ab79a4f49b2447feddc63687b6e34.jpg
2026-06-05,2026-06-05 21:28:37,39,BV18qVr6KEk8,116680554519472,一个投了3万元必火的视频,奥利奥利奥是1,日常,生活,21,46,711164,1217,6620,176581,15683,18352,2999,1780405200,https://www.bilibili.com/video/BV18qVr6KEk8,http://i0.hdslb.com/bfs/archive/0c023b00bd1d3a694bdd40c9d19039f1436532b1.jpg
2026-06-05,2026-06-05 21:28:37,40,BV1BqVS6MEL8,116668592363308,欢迎来到304班娃娃店,蟹上皇呀,日常,生活,21,114,2263106,1207,4044,239991,13055,94260,14878,1780221495,https://www.bilibili.com/video/BV1BqVS6MEL8,http://i1.hdslb.com/bfs/archive/9efeef607e818a1f01d4a5f1009a80d45ffcb333.jpg
2026-06-05,2026-06-05 21:28:37,41,BV1YcVf69ECW,116674011403376,此树扎根之时 便是沧海化桑田之始,芳斯塔芙,科学科普,知识,201,895,2779398,4195,1719,51180,12917,10705,1882,1780452000,https://www.bilibili.com/video/BV1YcVf69ECW,http://i0.hdslb.com/bfs/archive/ed8be5ac08d0dc86021a749410e52d4f9079b7c9.jpg
2026-06-05,2026-06-05 21:28:37,42,BV1yiEF6WErx,116690419585062,奶香馒头,夏叔厨房,美食制作,美食,76,76,1192950,735,5418,160205,5077,12866,833,1780554601,https://www.bilibili.com/video/BV1yiEF6WErx,http://i1.hdslb.com/bfs/archive/82992eb9cddf1a5a5e5e77e481db8626c6005de9.jpg
2026-06-05,2026-06-05 21:28:37,43,BV1aFVm6REvY,116685537281059,蜘蛛糸モノポリー,苏酥鱼鱼喵,MMD·3D,动画,25,113,530097,154,1143,103426,3917,37860,2992,1780480166,https://www.bilibili.com/video/BV1aFVm6REvY,http://i0.hdslb.com/bfs/archive/43aeddbc4a47c5117090dc56e61b94bb7a858ec0.jpg
2026-06-05,2026-06-05 21:28:37,44,BV1LLVU6eE1t,116684782373820,你到底娶不娶我…,ENX叉叉酱,同人·手书,动画,47,77,771320,1012,6298,142579,8199,13896,4238,1780484400,https://www.bilibili.com/video/BV1LLVU6eE1t,http://i0.hdslb.com/bfs/archive/cffaf3db4947fd6d7956bd49b83dcea884c3307b.jpg
2026-06-05,2026-06-05 21:28:37,45,BV1Qt7X61Enn,116686241993999,百万英镑，但素质过低,青时晚,影视剪辑,影视,183,174,1240791,1221,1366,74936,4784,17757,7214,1780490956,https://www.bilibili.com/video/BV1Qt7X61Enn,http://i0.hdslb.com/bfs/archive/1573985b4950f4d1001b3a21a50adab722b0a0f1.jpg
2026-06-05,2026-06-05 21:28:37,46,BV1yo7B68EHX,116695117207554,《鸣潮》×《赛博朋克：边缘行者》共鸣者战斗演示 | 露西,鸣潮,单机游戏,游戏,17,283,1921252,1833,7502,67658,20371,11710,12551,1780628400,https://www.bilibili.com/video/BV1yo7B68EHX,http://i2.hdslb.com/bfs/archive/61426f2876187b9326f1b732fdea7044e08d7ea3.jpg
2026-06-05,2026-06-05 21:28:37,47,BV1WgVC6YERr,116681410283485,理财PK两个月，6位UP主已经彻底疯狂...【理财王5月战绩汇报】,-LKs-,财经商业,知识,207,779,1641150,4131,4721,60567,12181,11632,7873,1780459200,https://www.bilibili.com/video/BV1WgVC6YERr,http://i0.hdslb.com/bfs/archive/64ee687bda302bd6feee386ca990737e67920669.jpg
2026-06-05,2026-06-05 21:28:37,48,BV1r6V26BE9i,116685486949496,《上海奥特曼4：沪特曼集结！》,册那队长,小剧场,娱乐,85,53,2633371,901,5025,122607,9106,17077,28572,1780479544,https://www.bilibili.com/video/BV1r6V26BE9i,http://i0.hdslb.com/bfs/archive/a062cb9d7991230d0d7287d7d8fd5bead9ec6788.jpg
2026-06-05,2026-06-05 21:28:37,49,BV1uAVo6yE5n,116673222806359,阳寿伏妖  青州篇【一口气看完八小时合集】,七夜不起夜z,综合,综合,27,31228,985829,11102,1543,55877,32962,64421,3039,1780292399,https://www.bilibili.com/video/BV1uAVo6yE5n,http://i2.hdslb.com/bfs/archive/1d5f24afd7637434849f1321276448ab358b1094.jpg
2026-06-05,2026-06-05 21:28:37,50,BV19ZEF6MEBV,116690117464228,人在干坏事的时候是不怕苦不怕累的,我是易拉爆,日常,生活,21,309,1029099,591,1513,90872,5181,11756,6428,1780550100,https://www.bilibili.com/video/BV19ZEF6MEBV,http://i2.hdslb.com/bfs/archive/5a3e59dd5183e87d69b1ad3224466b821bf05e23.jpg
2026-06-05,2026-06-05 21:28:37,51,BV1LCV66VE45,116680873346829,剥蒜的情谊147.0,NinthA-,网络游戏,游戏,65,147,1280495,654,684,98303,1214,14914,1299,1780455600,https://www.bilibili.com/video/BV1LCV66VE45,http://i1.hdslb.com/bfs/archive/21d74a2ecc26d0c95ecd1e1af6e84bf567bf37c9.jpg
2026-06-05,2026-06-05 21:28:37,52,BV1gWEw6gE4X,116691056987748,“这种没流量的画画最狠了”,像风如你o_O,日常,生活,21,25,1190936,354,2128,177926,4173,14030,609,1780564358,https://www.bilibili.com/video/BV1gWEw6gE4X,http://i0.hdslb.com/bfs/archive/96621cf035234fbf3c3d6f498d6f4d5eae388c12.jpg
2026-06-05,2026-06-05 21:28:37,53,BV1f3VU6KEqy,116684832644044,"从""健身芭比""到""女企业家""，帕梅拉有多会""赚""？",小Lin说,财经商业,知识,207,1745,1737457,1586,1370,49182,8538,15538,2869,1780479000,https://www.bilibili.com/video/BV1f3VU6KEqy,http://i0.hdslb.com/bfs/archive/ad9df863f29ccc8f07472fc5234c04740f6ee4b3.jpg
2026-06-05,2026-06-05 21:28:37,54,BV1G1VB6PEro,116680286144492,今天的员工够燥的~#异宠 #爬宠 #慢宠时钟 #萌宠,慢宠日记啊,日常,生活,21,79,3272413,591,3253,127026,1607,8956,6101,1780400126,https://www.bilibili.com/video/BV1G1VB6PEro,http://i0.hdslb.com/bfs/archive/816ee56ee784d2ccfe8c14d2289cfa7fa2839d73.jpg
2026-06-05,2026-06-05 21:28:37,55,BV11DVo6rEo7,116674850196476,🐱穷鬼气球,竹内有虫,综合,综合,27,40,1083025,559,3932,136783,8332,40370,22464,1780317192,https://www.bilibili.com/video/BV11DVo6rEo7,http://i0.hdslb.com/bfs/archive/c914f8432580c402c9749aca8e6fa9efa26eedbb.jpg
2026-06-05,2026-06-05 21:28:37,56,BV1jLVU6eEXE,116684782377667,可不可以买三十块烧腊？,食深烧腊,美食测评,美食,213,99,919910,660,1923,103993,60774,4520,484,1780468779,https://www.bilibili.com/video/BV1jLVU6eEXE,http://i1.hdslb.com/bfs/archive/62b6a42513640bcbd689b2a89fb9b999a1205332.jpg
2026-06-05,2026-06-05 21:28:37,57,BV1bwV161Er2,116684413209270,【aespa】LEMONNNN,aespa,音乐综合,音乐,130,11,4711350,6248,14620,87134,18225,9201,4027,1780475400,https://www.bilibili.com/video/BV1bwV161Er2,http://i1.hdslb.com/bfs/archive/1e63fbee388c793dc0403c872eefb52a8d7d8615.jpg
2026-06-05,2026-06-05 21:28:37,58,BV1xWG16qEBn,116644936422865,我打孔子，真的假的？,自动鬼畜中的WZ,鬼畜调教,鬼畜,22,281,3248675,2634,6510,150769,6946,29085,6598,1780286400,https://www.bilibili.com/video/BV1xWG16qEBn,http://i2.hdslb.com/bfs/archive/5395cba11bd2f2864886c0fa2c3962deef4570e3.jpg
2026-06-05,2026-06-05 21:28:37,59,BV12R7Q6MEJX,116686543914174,你说你有点难追～,未知艺术家_611,搞笑,娱乐,138,30,1584755,133,1331,158866,1616,14223,2149,1780495648,https://www.bilibili.com/video/BV12R7Q6MEJX,http://i2.hdslb.com/bfs/archive/aeaf33a25e079b26433a425ee56ac24f566861d7.jpg
2026-06-05,2026-06-05 21:28:37,60,BV1YmV666EoR,116681091515032,坏了，这下特朗普都反犹了,波士顿圆脸,社科·法律·心理,知识,124,915,1342911,2902,2798,71667,6030,7208,2075,1780412433,https://www.bilibili.com/video/BV1YmV666EoR,http://i0.hdslb.com/bfs/archive/52eddb4b47addf6fcebb5bcb20458336c2d0d4ea.jpg
2026-06-05,2026-06-05 21:28:37,61,BV1jeEc6yE75,116691593992011,《你说谁错谁就错，因为你开迈巴赫》,嘞是唐孃孃,搞笑,娱乐,138,34,2131731,140,1620,162876,1718,9210,858,1780572588,https://www.bilibili.com/video/BV1jeEc6yE75,http://i0.hdslb.com/bfs/archive/cc74080d84744d7622f9f9dd492a1583e00aaed7.jpg
2026-06-05,2026-06-05 21:28:37,62,BV1GHEw6rEo4,116691140875979,无能的杰哥,神威-狗剩,影视剪辑,影视,183,154,1483841,1080,2121,80996,3581,13538,16435,1780565876,https://www.bilibili.com/video/BV1GHEw6rEo4,http://i2.hdslb.com/bfs/archive/0814d03bdf68a6a83cba4b8ba18fa6d58d6de912.jpg
2026-06-05,2026-06-05 21:28:37,63,BV1ypV66dEru,116681359754958,G胖为上架R18游戏硬刚V社法务 玩家至上 不做干预,Will游戏堂,数码,科技,95,51,1132149,671,3240,132067,2278,17759,9948,1780444800,https://www.bilibili.com/video/BV1ypV66dEru,http://i1.hdslb.com/bfs/archive/e3e911d6f451bd85e0fb10b15ba13e2f9b6b96cc.jpg
2026-06-05,2026-06-05 21:28:37,64,BV1uE7d6JEAp,116688674624635,啥龙：医生说我只剩几天了……,小陈的脚凑凑的,日常,生活,21,181,857189,853,1417,61165,5165,14606,3029,1780528049,https://www.bilibili.com/video/BV1uE7d6JEAp,http://i1.hdslb.com/bfs/archive/e92886e4f49270b6f1a24481e0b0851d64e70fc4.jpg
2026-06-05,2026-06-05 21:28:37,65,BV1WBVZ6zEZF,116674262997815,朋克的扑满完整版！六一变身巴啦啦小魔丸！,辉泰廊大王,音乐现场,音乐,29,87,999115,280,1880,118198,20342,26568,5522,1780309712,https://www.bilibili.com/video/BV1WBVZ6zEZF,http://i1.hdslb.com/bfs/archive/7b6177df7c5730719e6e85670d645595c6ff940e.jpg
2026-06-05,2026-06-05 21:28:37,66,BV1MqVr6KEf6,116680554449914,突围吧少年！微光汇聚，用爱照亮向新的路,暗区突围,短片,动画,256,350,491523,2660,2700,67548,30648,21184,2691,1780404296,https://www.bilibili.com/video/BV1MqVr6KEf6,http://i2.hdslb.com/bfs/archive/0c7b730014db6386c174f304fbac32bdd71c4447.jpg
2026-06-05,2026-06-05 21:28:37,67,BV1NoVm62EFd,116684715197497,金库测金，海峡测雷，万税爷进军测评赛道？,麻薯波比呀,社科·法律·心理,知识,124,1010,1146115,2316,2474,69096,7174,7223,764,1780479745,https://www.bilibili.com/video/BV1NoVm62EFd,http://i2.hdslb.com/bfs/archive/d200d3f215d8a9d6eb13923af38007a3d0ff34b4.jpg
2026-06-05,2026-06-05 21:28:37,68,BV1CYVy6vETT,116682852929454,【IGN】《战神：劳菲（God of War Laufey）》深度玩法演示 |  State of Play,IGN中国,单机游戏,游戏,17,1425,1618076,12906,15195,35440,10787,10567,42763,1780440137,https://www.bilibili.com/video/BV1CYVy6vETT,http://i1.hdslb.com/bfs/archive/a78c73d63af672d1dcaa84b7a8dabdb7c59cd0ab.jpg
2026-06-05,2026-06-05 21:28:37,69,BV1nsVf6ME6Q,116675974335267,起初我一直以为“霸总”只是大家对王心凌站哥站姐的爱称…,王心凌FM,音乐现场,音乐,29,42,3279947,519,2960,204581,2140,7204,1749,1780334311,https://www.bilibili.com/video/BV1nsVf6ME6Q,http://i1.hdslb.com/bfs/archive/577514b0c4adb075d9561dda563e0b33c2cc9b1e.jpg
2026-06-05,2026-06-05 21:28:37,70,BV1LVVv6tEPa,116677970756336,【鹿野/小动画】wonderland [儿童节24h产物],民用核武器,同人·手书,动画,47,37,480200,90,581,154532,13580,25741,2047,1780395093,https://www.bilibili.com/video/BV1LVVv6tEPa,http://i1.hdslb.com/bfs/archive/2ef288272c38b705f82c7e23150d7ae538b17ce8.jpg
2026-06-05,2026-06-05 21:28:37,71,BV1dFV66rEwZ,116679463929983,"""这一刻，他简直正的发邪""",wrizedm,影视剪辑,影视,183,115,1322120,280,629,98020,4394,18480,1414,1780387590,https://www.bilibili.com/video/BV1dFV66rEwZ,http://i1.hdslb.com/bfs/archive/0d76efe5941248b388135046493c78dbb702e210.jpg
2026-06-05,2026-06-05 21:28:37,72,BV1pAVz6DEDB,116679816252276,马尔代夫潜水事故，5人洞穴潜水6人遇难,神秘园,影视杂谈,影视,182,812,1609528,7099,4951,73313,9216,13452,5969,1780398000,https://www.bilibili.com/video/BV1pAVz6DEDB,http://i1.hdslb.com/bfs/archive/141ade135f39736a342786a14b07bd965e1ba300.jpg
2026-06-05,2026-06-05 21:28:37,73,BV17pVC6WECy,116681544304592,带良子和花胖在华哥训练营偷吃，闷子、板面、大肠都安排上,俞涛不光会做九转大肠,美食记录,美食,215,247,1517078,908,2369,71846,1717,4365,2663,1780455600,https://www.bilibili.com/video/BV17pVC6WECy,http://i1.hdslb.com/bfs/archive/ecf1293c7f3c2f89f52a51e5ad0ce5201f1be340.jpg
2026-06-05,2026-06-05 21:28:37,74,BV1Nk7X6TEnq,116686023955827,半个小孩，全部的妈妈,超级猫猫兽,同人·手书,动画,47,483,782307,1398,4180,85083,13672,30256,3489,1780487705,https://www.bilibili.com/video/BV1Nk7X6TEnq,http://i0.hdslb.com/bfs/archive/25cb3d6f6dd951590c71a8ea993463455554b0c6.jpg
2026-06-05,2026-06-05 21:28:37,75,BV1ps796qErr,116685822560107,谁在等谁的出现,为了我活下去,综合,综合,27,36,470073,245,1404,141259,7148,21941,1728,1780484521,https://www.bilibili.com/video/BV1ps796qErr,http://i1.hdslb.com/bfs/archive/49a476c711b1d61ec7ffa37684a398ddb857435a.jpg
2026-06-05,2026-06-05 21:28:37,76,BV1JKEw6QEw9,116691509970719,我读了你们的评论 把阎王召唤出来了T_T,汤木檀泽,日常,生活,21,959,1179077,1154,1327,78167,4260,8701,370,1780571268,https://www.bilibili.com/video/BV1JKEw6QEw9,http://i1.hdslb.com/bfs/archive/0b6c7ccb214b6211a4cf9a8741eb473536e42587.jpg
2026-06-05,2026-06-05 21:28:37,77,BV11BVU6mEUe,116669431157836,做了一把千机伞，能变十三个形态的那种｜最强的武器一定是自制的,o小庄o,仿妆cos,时尚,252,172,3363037,1429,3954,166348,58794,52962,12615,1780234512,https://www.bilibili.com/video/BV11BVU6mEUe,http://i0.hdslb.com/bfs/archive/b0de098d43f32c720b593ef44a69ca1be9cccb90.jpg
2026-06-05,2026-06-05 21:28:37,78,BV1TL796CE52,116685721830606,歌剧老师锐评韩娱BLACKPINK  JYP & MAMAOO Red Velvet TWICE,铁豆钢蛋,乐评盘点,音乐,243,3086,813587,20984,10375,42456,18465,7309,2443,1780483444,https://www.bilibili.com/video/BV1TL796CE52,http://i1.hdslb.com/bfs/archive/ab6356296c8f9523a858fc15dd4a808fbc51b773.jpg
2026-06-05,2026-06-05 21:28:37,79,BV1edV26tEsB,116685654722666,复仇整蛊！蛋黄派伪装摄影师突袭周深，几秒就被识破？,记录生活的蛋黄派,美食测评,美食,213,556,1492038,6257,2548,71717,24892,25413,3316,1780565400,https://www.bilibili.com/video/BV1edV26tEsB,http://i2.hdslb.com/bfs/archive/a16b60bc03719059e3218dee538877f554f3f9b4.jpg
2026-06-05,2026-06-05 21:28:37,80,BV16NVZ6wEZw,116674430768725,“少女暴君”翻《荣耀向我俯首》法语完整版！,芋泥脑袋邹十八,翻唱,音乐,31,159,1311702,264,1026,118173,14262,42220,2545,1780310639,https://www.bilibili.com/video/BV16NVZ6wEZw,http://i2.hdslb.com/bfs/archive/60aebd868808697e36d33ea7c801ce8f7fafcec3.jpg
2026-06-05,2026-06-05 21:28:37,81,BV1L7Ew65ETv,116691124098703,我养护的石拱桥，已经被国家收录为不可移动文物！,抓紧长长长呀,三农,生活,251,604,953167,778,1556,74285,4251,4293,280,1780565746,https://www.bilibili.com/video/BV1L7Ew65ETv,http://i1.hdslb.com/bfs/archive/56f52737bc566db19c5316ccdcc3b87cc81709e0.jpg
2026-06-05,2026-06-05 21:28:37,82,BV1idV26bE2E,116685654921483,宗元舞2.0紧绷之人3,是柳宗元,电子竞技,游戏,171,51,1083593,349,838,122584,2588,15279,2373,1780481914,https://www.bilibili.com/video/BV1idV26bE2E,http://i2.hdslb.com/bfs/archive/395efa2aefe284345f5e64ce17985d0467cd2247.jpg
2026-06-05,2026-06-05 21:28:37,83,BV1y8Vk6fEwn,116682047625847,【速凌宇宙】第十九集：哈基蜂化身哈夫克安保队长？？准备摇人？,高司令-速凌电竞,单机游戏,游戏,17,582,1894789,4556,1308,96954,13530,78049,929,1780459200,https://www.bilibili.com/video/BV1y8Vk6fEwn,http://i0.hdslb.com/bfs/archive/2e5bf49a8947806e05fb8970a421bd94a8a6e7b6.jpg
2026-06-05,2026-06-05 21:28:37,84,BV1iQV26cEfX,116685436618474,东北下岗三十年后，我看见了普通人的生活,十七岁歌手想打中单,出行,生活,250,3132,911713,2798,4146,35542,9471,13317,3355,1780479467,https://www.bilibili.com/video/BV1iQV26cEfX,http://i2.hdslb.com/bfs/archive/336087b59dbbf943701843cf5d3dfee77ef315e9.jpg
2026-06-05,2026-06-05 21:28:37,85,BV1aUVB6cE4P,116680185353959,说个事儿,麦片是只小金毛,社科·法律·心理,知识,124,411,505764,3114,3917,64934,23840,8374,5907,1780398768,https://www.bilibili.com/video/BV1aUVB6cE4P,http://i1.hdslb.com/bfs/archive/6d8fa2c40f1dd5d4be4980602da4f1c6fd72ca5b.jpg
2026-06-05,2026-06-05 21:28:37,86,BV168796PEv1,116685839403735,如此仙音唯有挠臭,lulu和露爸,喵星人,喵星人,218,26,1014416,568,1253,150019,2382,30167,6355,1780484850,https://www.bilibili.com/video/BV168796PEv1,http://i1.hdslb.com/bfs/archive/87f3ce4876a2e50e34a2c1b24dfe10ae34700a55.jpg
2026-06-05,2026-06-05 21:28:37,87,BV1rMVz67EMs,116679967312875,开关灯木头人挑战！,酱油白米饭原创,小剧场,娱乐,85,99,2350739,378,618,93210,1656,22975,2751,1780395433,https://www.bilibili.com/video/BV1rMVz67EMs,http://i0.hdslb.com/bfs/archive/b909eaaf95648e5156635c9c1afd57ac6da69f64.jpg
2026-06-05,2026-06-05 21:28:37,88,BV1dCV66GEgM,116680873280095,《明日方舟：终末地》干员叙事 [弭弗：煞星],明日方舟终末地,手机游戏,游戏,172,637,1036530,3788,8090,43031,10168,6355,4959,1780457400,https://www.bilibili.com/video/BV1dCV66GEgM,http://i1.hdslb.com/bfs/archive/033ff148a9ed8d3736243342bbb59dbe14cbc0ee.jpg
2026-06-05,2026-06-05 21:28:37,89,BV1797X6ZEvW,116686158038804,真跳60分钟，天台暴晒也算时间哦,矮乐多Aliga,日常,生活,21,3639,701171,905,1250,42683,8387,14954,1532,1780490050,https://www.bilibili.com/video/BV1797X6ZEvW,http://i0.hdslb.com/bfs/archive/51a11a46ff9c8a78cf19a5444bd1f18bb0099c9d.jpg
2026-06-05,2026-06-05 21:28:37,90,BV1DyVm6REs8,116685117982770,Oi，今天跟老舅争锋相对！！,花小龙oy,健身,运动,164,218,928902,649,1370,67656,2786,2605,1222,1780473800,https://www.bilibili.com/video/BV1DyVm6REs8,http://i0.hdslb.com/bfs/archive/56fe0a9ea6c893cba847452a26b23804912df627.jpg
2026-06-05,2026-06-05 21:28:37,91,BV1gWVd6GEna,116673323603460,期末到了，你们寝室准备好应对之策了吗,灵霖七,日常,生活,21,200,1838094,1246,1990,85607,14062,16011,6266,1780293767,https://www.bilibili.com/video/BV1gWVd6GEna,http://i0.hdslb.com/bfs/archive/d0a8e406e4231a2cad0caefda83bab3276dc8059.jpg
2026-06-05,2026-06-05 21:28:37,92,BV1bL796CEpe,116685721899286,如果我来挑战拍华语地区的经典MV风格？这一期是粉丝投稿哦！,李如儒也是李蠕蠕,小剧场,娱乐,85,159,975184,959,776,66030,6058,3614,737,1780483280,https://www.bilibili.com/video/BV1bL796CEpe,http://i2.hdslb.com/bfs/archive/6305a2e9ddc370f1b9e15ba5265e209ff8ea0438.jpg
2026-06-05,2026-06-05 21:28:37,93,BV1pDV86oE6S,116657217344637,热烈欢迎薛凯琪！工作之余，Fiona会带哪些让自己感到快乐的东西呢～（录完这期脑海里都是Fifi的笑声,papi酱,短片,动画,256,2017,495245,6503,2653,60834,24228,7917,3605,1780632000,https://www.bilibili.com/video/BV1pDV86oE6S,http://i2.hdslb.com/bfs/archive/032f4048d6f94c465fc10972289999cf79f2572f.jpg
2026-06-05,2026-06-05 21:28:37,94,BV1XS796JETP,116687701545253,"""见过花开就好 何必在意花为谁开""19.0",我爱吃派大星,音乐综合,音乐,130,163,970890,469,847,55631,364,6196,206,1780532400,https://www.bilibili.com/video/BV1XS796JETP,http://i1.hdslb.com/bfs/archive/29288eae5b7e0f9e2243fa9682885eab8981887d.jpg
2026-06-05,2026-06-05 21:28:37,95,BV1aDV66qEyT,116680990661162,我去，还有第二….3456关,柒玖动漫柒柒游电竞,同人·手书,动画,47,138,1337948,319,489,74360,1813,32677,854,1780410708,https://www.bilibili.com/video/BV1aDV66qEyT,http://i2.hdslb.com/bfs/archive/b6087ce4f978b2d28e73bd505c619558334e107b.jpg
2026-06-05,2026-06-05 21:28:37,96,BV14FVE6AEze,116667149517318,不止抽象！内娱唯一的硬汉！盘点嘎子谢孟伟职业生涯高光演技,文西与阿漆,影视杂谈,影视,182,1050,2439452,16240,6512,167045,35339,15556,4359,1780304700,https://www.bilibili.com/video/BV14FVE6AEze,http://i0.hdslb.com/bfs/archive/2105e724eb0f4af98e4443b568807fe1d19d5160.jpg
2026-06-05,2026-06-05 21:28:37,97,BV1REV56YEjz,116663122926337,50秒一片肉，火力全开，快到起飞,左手刀鹏哥,日常,生活,21,59,6827229,1567,7995,278144,6901,13762,5777,1780138201,https://www.bilibili.com/video/BV1REV56YEjz,http://i1.hdslb.com/bfs/archive/4d7ccd61eaa71d221ff926561ee7efac7b5c1b1f.jpg
2026-06-05,2026-06-05 21:28:37,98,BV1xn796gEwT,116685872890580,别的嘉豪：黑客股票 我们班嘉豪：暗网共济会光明会，就很，你们懂吧？,一棵一棵,搞笑,娱乐,138,366,954131,2565,3623,40430,1876,6260,2190,1780485487,https://www.bilibili.com/video/BV1xn796gEwT,http://i0.hdslb.com/bfs/archive/31333f127ed869429907d909fda0340e558a32d1.jpg
2026-06-05,2026-06-05 21:28:37,99,BV17SVZ6wEy1,116673877116037,除草届来了个无关紧要的人,菜鸡罢了呀,搞笑,娱乐,138,347,1594192,1876,4152,47948,895,3591,381,1780388700,https://www.bilibili.com/video/BV17SVZ6wEy1,http://i1.hdslb.com/bfs/archive/b8d02a39fcb647a1cbae31ad3eafc1999cc2cbea.jpg
2026-06-05,2026-06-05 21:28:37,100,BV1g2Vm6WETv,116685101074131,千万级大场面的廉价拍摄方式！别人狠砸半个亿，你十几万就搞定了？,电影冷知识,影视杂谈,影视,182,233,1799096,526,495,74321,986,10708,234,1780473686,https://www.bilibili.com/video/BV1g2Vm6WETv,http://i1.hdslb.com/bfs/archive/bd09f94ce358a832099b4c95f00ad4c4ae832d4d.jpg
2026-06-05,2026-06-05 21:42:31,1,BV15wVB6YECT,116678608359768,一顿饭只要三块钱，客人吃着吃着，人就“没了”,瞎通不设计了,美食侦探,美食,212,187,1863326,2215,5690,241973,141093,20473,2129,1780390800,https://www.bilibili.com/video/BV15wVB6YECT,http://i1.hdslb.com/bfs/archive/fd898a754bc3cf4317349a2b3c4394e104417434.jpg
2026-06-05,2026-06-05 21:42:31,2,BV1jwV663EjR,116679380112598,我的世界杯主题曲！IShowSpeed - World Cup (Champions),ishowspeedsui,竞技体育,运动,236,299,3832005,2147,8790,208785,36999,35359,12693,1780386563,https://www.bilibili.com/video/BV1jwV663EjR,http://i2.hdslb.com/bfs/archive/2807f6a9b9342740dfa8764e7bcc6e231196c94f.jpg
2026-06-05,2026-06-05 21:42:31,3,BV1RvVo6QEqo,116674682426936,不儿，你俩来真的啊？！,主持人yoyo酱,搞笑,娱乐,138,265,4743206,13590,11218,579707,452629,99862,12590,1780314627,https://www.bilibili.com/video/BV1RvVo6QEqo,http://i1.hdslb.com/bfs/archive/e8bde3297455f3796e516de2362d5eb1085d9abf.jpg
2026-06-05,2026-06-05 21:42:31,4,BV1QzVR63E3L,116671930963542,回忆永远都是加分项,央视新闻,日常,生活,21,184,3287493,25626,22889,572336,226547,170802,56630,1780286400,https://www.bilibili.com/video/BV1QzVR63E3L,http://i2.hdslb.com/bfs/archive/f4dc3fe8ea88a450877315e867b4995121d5dbf6.jpg
2026-06-05,2026-06-05 21:42:31,5,BV16BVy6wEfx,116682534162276,《你来真的啊》,伤心欲茄222,搞笑,娱乐,138,116,2674774,1131,4641,265246,5016,16485,3193,1780459200,https://www.bilibili.com/video/BV16BVy6wEfx,http://i1.hdslb.com/bfs/archive/f16abe0150882e397bf053e6d7a1e4dced090de1.jpg
2026-06-05,2026-06-05 21:42:31,6,BV1kCVU65ERM,116669112386149,初中生斗胆跳一段jam,特崮斯,篮球,运动,235,45,5365165,3782,16386,1038378,167760,106542,15922,1780229707,https://www.bilibili.com/video/BV1kCVU65ERM,http://i1.hdslb.com/bfs/archive/5871a66dc8e356ff71da4a6d99d5922b4a6a3fce.jpg
2026-06-05,2026-06-05 21:42:31,7,BV1oqVB6BECd,116680034425733,《原神》洛恩角色PV——「标准化考核」,原神,手机游戏,游戏,172,702,1676673,7232,5884,139346,35036,27955,11074,1780459200,https://www.bilibili.com/video/BV1oqVB6BECd,http://i2.hdslb.com/bfs/archive/f040c8f664a034a919aee60209ef17c155dbe2df.jpg
2026-06-05,2026-06-05 21:42:31,8,BV1vkVB6NEuR,116680252462308,“超微距”下的瑞士长什么样？,影视飓风,娱乐粉丝创作,娱乐,242,1369,2929753,7217,2836,131857,42897,24156,5162,1780477200,https://www.bilibili.com/video/BV1vkVB6NEuR,http://i1.hdslb.com/bfs/archive/5b0c10c80ad8bf4789b41860cadc70e8c144245b.jpg
2026-06-05,2026-06-05 21:42:31,9,BV1Qi7f6eE59,116690805395451,致敬每一个心中有花，努力奔跑的人,爱画画的子衿,亲子,生活,254,313,1212394,2496,2508,167013,81297,10039,2367,1780561800,https://www.bilibili.com/video/BV1Qi7f6eE59,http://i1.hdslb.com/bfs/archive/2c9cc3dd70d264a8473e46b8bebaad7db4d6ef2c.jpg
2026-06-05,2026-06-05 21:42:31,10,BV1W6VZ6MEbd,116674313328609,🍄欠揍气球🍄,纸片马力欧,日常,生活,21,40,2515829,655,6980,323044,21947,152034,56228,1780309043,https://www.bilibili.com/video/BV1W6VZ6MEbd,http://i0.hdslb.com/bfs/archive/3d18bae01c4fc365d9e7e0ede5efb926e32115ad.jpg
2026-06-05,2026-06-05 21:42:31,11,BV1XQ7Z6eEki,116689412819066,特朗普的愤怒,燕三嘤嘤嘤,人文历史,知识,228,1133,2354593,9792,4404,123308,28960,18775,2197,1780545020,https://www.bilibili.com/video/BV1XQ7Z6eEki,http://i0.hdslb.com/bfs/archive/d106118a7a33e310838a2e387ce511583c5a7a62.jpg
2026-06-05,2026-06-05 21:42:31,12,BV16kV26TES7,116685470175022,当父母说出了正确答案：,进击的金厂长,搞笑,娱乐,138,129,3227031,1587,1781,250250,97998,104789,1867,1780479155,https://www.bilibili.com/video/BV16kV26TES7,http://i0.hdslb.com/bfs/archive/982b25c4ef21fb08f77ae933c89f4b99d5b0c86a.jpg
2026-06-05,2026-06-05 21:42:31,13,BV16DVz6UE77,116679229180052,如何拍出电影感大片,喜欢拍照的皮皮,日常,生活,21,60,2780539,271,1605,245165,7282,72889,5953,1780384052,https://www.bilibili.com/video/BV16DVz6UE77,http://i1.hdslb.com/bfs/archive/82ba23d6fb45244f769f8f127cfbe2f51afe67c8.jpg
2026-06-05,2026-06-05 21:42:31,14,BV17GEP6xEDW,116692348832614,新三国up锐评楚汉传奇01：是不是我打开的方式不太对？,吃蛋挞的折棒,影视杂谈,影视,182,1348,764205,14110,7744,87280,88228,18189,7257,1780624800,https://www.bilibili.com/video/BV17GEP6xEDW,http://i2.hdslb.com/bfs/archive/4e5cd47c8551d2b66643e2800041b7ec2d3bf729.jpg
2026-06-05,2026-06-05 21:42:31,15,BV13s7z63EjV,116695016477738,《绝区零》3.0新地块实机演示,绝区零,手机游戏,游戏,172,599,879816,7378,11223,95558,47005,17210,20614,1780624803,https://www.bilibili.com/video/BV13s7z63EjV,http://i0.hdslb.com/bfs/archive/ac132a13aed30f0b83ff50dfb56d83e2e518206a.jpg
2026-06-05,2026-06-05 21:42:31,16,BV1XEV26XEsz,116683641455201,冠以破碎之名：第一集 冰潮寒雨之夏,Xavier_白昼,综合,综合,27,1106,1166796,1557,2131,86865,17925,53151,2870,1780451269,https://www.bilibili.com/video/BV1XEV26XEsz,http://i0.hdslb.com/bfs/archive/edb3c2a03146bbc3390581aa30c41b8e3c3ab846.jpg
2026-06-05,2026-06-05 21:42:31,17,BV1ogV26FEhB,116683943643894,兄弟们！今天给良子做一个入营测试，这身体身体素质，跟我想的不太一样啊!,健身华哥,运动综合,运动,238,246,2348468,4483,52999,114215,3325,6480,13284,1780455998,https://www.bilibili.com/video/BV1ogV26FEhB,http://i1.hdslb.com/bfs/archive/0ef39901811fd5680c39a67445609ba38a9560c2.jpg
2026-06-05,2026-06-05 21:42:31,18,BV1xuVC6AEbg,116681426868021,今天把我关于《丧尸清道夫》的创作思路分享给大家，如果能帮到你，我会很开心。,Mx-Shell,影视剪辑,影视,183,2573,975790,802,1797,61208,25539,64263,8919,1780452000,https://www.bilibili.com/video/BV1xuVC6AEbg,http://i0.hdslb.com/bfs/archive/4a766d587664347016b0288147deb324a2964232.jpg
2026-06-05,2026-06-05 21:42:31,19,BV1MG7961Efg,116685688276783,下 一 个 抓 谁 ！！！,啊吗粽,搞笑,娱乐,138,586,1193812,4071,2155,110987,53961,20379,2772,1780482465,https://www.bilibili.com/video/BV1MG7961Efg,http://i2.hdslb.com/bfs/archive/55e9b58ea3d6a84a655b0d2607bb6ff7e31c6d34.jpg
2026-06-05,2026-06-05 21:42:31,20,BV1cmVz6DEmi,116679329712224,初代跑男团战力排行,东方日出哇,特摄,动画,86,600,1803417,4180,3179,141987,6173,18294,3449,1780385423,https://www.bilibili.com/video/BV1cmVz6DEmi,http://i0.hdslb.com/bfs/archive/ee051686685860fea8d8721ddf5c5d7f35a85e5f.jpg
2026-06-05,2026-06-05 21:42:31,21,BV1mhV26yETL,116683775678542,科比的哲学启示录第十四期,蟹不肉丨,影视剪辑,影视,183,74,4378134,1074,6131,267401,12199,66648,13107,1780453236,https://www.bilibili.com/video/BV1mhV26yETL,http://i0.hdslb.com/bfs/archive/738134aa027bf05aa3f3843c528db81f3d78307d.jpg
2026-06-05,2026-06-05 21:42:31,22,BV1VWVz6TELx,116679598147712,星际穿越的我，试图提醒过去的自己....,考研英语大雁,校园学习,知识,208,33,2185799,528,2110,283234,5858,34854,5373,1780389685,https://www.bilibili.com/video/BV1VWVz6TELx,http://i0.hdslb.com/bfs/archive/5822709cbd5c2a8a09fabc50bcfdcfc29859f9a1.jpg
2026-06-05,2026-06-05 21:42:31,23,BV1sKVr64EXg,116680621561843,演员魏宗万于6月1日去世，享年89岁,中国电影报道,预告·资讯,影视,184,26,1174914,18332,5724,291344,21899,13797,7444,1780406134,https://www.bilibili.com/video/BV1sKVr64EXg,http://i0.hdslb.com/bfs/archive/1148ab18f92299926855421cea80f91871e7f32a.jpg
2026-06-05,2026-06-05 21:42:31,24,BV1jBVS6qEPK,116668508406277,竹丝镶嵌,归乡人山白,手工,生活,161,577,778905,2825,1391,113641,53569,11728,1872,1780410000,https://www.bilibili.com/video/BV1jBVS6qEPK,http://i2.hdslb.com/bfs/archive/1e293d2f3fac4fc22d32427cb5a045e65e22e361.jpg
2026-06-05,2026-06-05 21:42:31,25,BV1gzVC6kE1S,116683507243907,【低成本在家实现牛排自由‼️ 】,村驴,美食制作,美食,76,329,785056,506,2129,73962,7103,55986,8128,1780449310,https://www.bilibili.com/video/BV1gzVC6kE1S,http://i0.hdslb.com/bfs/archive/005d3e68934a884c17ab0f89f1daac2ae9982f39.jpg
2026-06-05,2026-06-05 21:42:31,26,BV1w6EF6QEjZ,116690033778619,不看后悔！史上最神人店家！,转生成为毛毛,美食侦探,美食,212,186,2079575,2839,5997,107708,2417,16929,8877,1780563600,https://www.bilibili.com/video/BV1w6EF6QEjZ,http://i1.hdslb.com/bfs/archive/07cb98d8f59285212c90c7646739a87803bf06c0.jpg
2026-06-05,2026-06-05 21:42:31,27,BV1jqVS6MECE,116668592292557,【野餐】你醒啦 现在是2012年的5月份呀,野餐slu2pcekry,宅舞,舞蹈,20,182,1316871,1770,7962,256739,17382,52193,4850,1780221916,https://www.bilibili.com/video/BV1jqVS6MECE,http://i2.hdslb.com/bfs/archive/e9673e0b6ccc8de75e114c6f2ea5484907789e23.jpg
2026-06-05,2026-06-05 21:42:31,28,BV1T2V161E6J,116684195106574,地牢酒馆-12集 《蜕皮的蜥蜴人与神奇薄荷》,粘土工厂,单机游戏,游戏,17,212,848417,1198,1854,124352,19256,14948,1706,1780459574,https://www.bilibili.com/video/BV1T2V161E6J,http://i0.hdslb.com/bfs/archive/f5c43e682c7ce44c1f2733c2cbb5889650fd5a05.jpg
2026-06-05,2026-06-05 21:42:31,29,BV15iEc6VEfH,116691577216788,路边一块，也能变废为宝，雕刻出大家想要的题材我不知道什么时候天才会亮，但我知道，跑着跑着，天就亮了。,小梨家的和田玉,手工,生活,161,220,3039965,1422,6336,113629,2861,9293,1681,1780572193,https://www.bilibili.com/video/BV15iEc6VEfH,http://i2.hdslb.com/bfs/archive/c1597efe82d66a7f728f8bdd84505eff4b7f5ac9.jpg
2026-06-05,2026-06-05 21:42:31,30,BV1wEEc6REms,116692097238799,城市大富翁（5）,雨哥到处跑,日常,生活,21,3846,651368,22015,3962,78729,64677,22555,3216,1780628700,https://www.bilibili.com/video/BV1wEEc6REms,http://i1.hdslb.com/bfs/archive/8628e50dc2e56aec5815c8e3f665d304cfe23d80.jpg
2026-06-05,2026-06-05 21:42:31,31,BV1F9Vz62ExS,116679262606457,一辈子一定要体验一次的游戏，绝对不能被剧透的神作,易铭小疯子,网络游戏,游戏,65,537,947061,4656,7622,53225,6840,58362,3700,1780403895,https://www.bilibili.com/video/BV1F9Vz62ExS,http://i2.hdslb.com/bfs/archive/d453d6bbde6ccd80f0fd714edde7b754c3e5255e.jpg
2026-06-05,2026-06-05 21:42:31,32,BV1sC7R6VEF3,116687181451048,【侯绿萝】视频加载中，速速查收惊喜！,侯绿萝,小剧场,娱乐,85,233,1325093,1098,1135,127756,7373,10094,1318,1780538400,https://www.bilibili.com/video/BV1sC7R6VEF3,http://i0.hdslb.com/bfs/archive/e40df1469a3bc68659f30a77b0e0801ae88938bb.jpg
2026-06-05,2026-06-05 21:42:31,33,BV1B75w6zEG1,116676158823299,二次元老资历童年都在听什么？！老番串烧34首大连唱！,鹿火CAVY,仿妆cos,时尚,252,462,1551548,3107,3671,107821,44009,38071,7560,1780337109,https://www.bilibili.com/video/BV1B75w6zEG1,http://i1.hdslb.com/bfs/archive/a1759f48c315c61aff7325cc0d6c931ad115a8d4.jpg
2026-06-05,2026-06-05 21:42:31,34,BV1pnVm6GEQG,116685386483651,“当bro以为自己很有影响力时…”,林宇辉,社科·法律·心理,知识,124,16,723524,388,1737,208124,7969,24928,1022,1780478075,https://www.bilibili.com/video/BV1pnVm6GEQG,http://i1.hdslb.com/bfs/archive/02329b4beff89227f0f34b10ef7ca21a2b920c65.jpg
2026-06-05,2026-06-05 21:42:31,35,BV1kzVy6hEGb,116682517385619,手绘2000多张沙画，历时3年制作,胡雪朗,绘画,绘画,162,54,751149,710,1369,168050,41019,23160,3543,1780457400,https://www.bilibili.com/video/BV1kzVy6hEGb,http://i0.hdslb.com/bfs/archive/959cf6a92144f70d7339865fe00cd198c4c8da9e.jpg
2026-06-05,2026-06-05 21:42:31,36,BV1hAVm6XEE2,116685570836474,【传奇耐熬王】经典排骨💀60天仍然有5人存活💪到最后拼的就是谁身体好！🤦‍♂️,-超级小能猫-,搞笑,娱乐,138,2617,1589506,11930,2384,66066,14591,31389,2894,1780481719,https://www.bilibili.com/video/BV1hAVm6XEE2,http://i0.hdslb.com/bfs/archive/dc3782f8b522707e818c2537030e1b8893332367.jpg
2026-06-05,2026-06-05 21:42:31,37,BV1izVB6TE7i,116680084691098,小时候以为的事情,西维西师傅,搞笑,娱乐,138,38,3759894,281,2614,223809,1955,15286,1975,1780397022,https://www.bilibili.com/video/BV1izVB6TE7i,http://i0.hdslb.com/bfs/archive/4790a1728175bce1a38157464666e2fac5ef28c8.jpg
2026-06-05,2026-06-05 21:42:31,38,BV1iCV66GEMq,116680873220187,【大鸣王潮1566】谁才是护,寞桀緣才,同人·手书,动画,47,222,760902,2239,2556,75639,29733,14769,3860,1780408996,https://www.bilibili.com/video/BV1iCV66GEMq,http://i2.hdslb.com/bfs/archive/1d370920ae8ab79a4f49b2447feddc63687b6e34.jpg
2026-06-05,2026-06-05 21:42:31,39,BV18qVr6KEk8,116680554519472,一个投了3万元必火的视频,奥利奥利奥是1,日常,生活,21,46,718897,1239,6649,178050,15861,18463,3077,1780405200,https://www.bilibili.com/video/BV18qVr6KEk8,http://i0.hdslb.com/bfs/archive/0c023b00bd1d3a694bdd40c9d19039f1436532b1.jpg
2026-06-05,2026-06-05 21:42:31,40,BV19ZEF6MEBV,116690117464228,人在干坏事的时候是不怕苦不怕累的,我是易拉爆,日常,生活,21,309,1056702,609,1548,93904,5336,12191,6565,1780550100,https://www.bilibili.com/video/BV19ZEF6MEBV,http://i2.hdslb.com/bfs/archive/5a3e59dd5183e87d69b1ad3224466b821bf05e23.jpg
2026-06-05,2026-06-05 21:42:31,41,BV1BqVS6MEL8,116668592363308,欢迎来到304班娃娃店,蟹上皇呀,日常,生活,21,114,2272087,1212,4055,241180,13131,95017,14953,1780221495,https://www.bilibili.com/video/BV1BqVS6MEL8,http://i1.hdslb.com/bfs/archive/9efeef607e818a1f01d4a5f1009a80d45ffcb333.jpg
2026-06-05,2026-06-05 21:42:31,42,BV1yiEF6WErx,116690419585062,奶香馒头,夏叔厨房,美食制作,美食,76,76,1204738,742,5462,161584,5113,13017,839,1780554601,https://www.bilibili.com/video/BV1yiEF6WErx,http://i1.hdslb.com/bfs/archive/82992eb9cddf1a5a5e5e77e481db8626c6005de9.jpg
2026-06-05,2026-06-05 21:42:31,43,BV1YcVf69ECW,116674011403376,此树扎根之时 便是沧海化桑田之始,芳斯塔芙,科学科普,知识,201,895,2782135,4218,1722,51335,12958,10732,1888,1780452000,https://www.bilibili.com/video/BV1YcVf69ECW,http://i0.hdslb.com/bfs/archive/ed8be5ac08d0dc86021a749410e52d4f9079b7c9.jpg
2026-06-05,2026-06-05 21:42:31,44,BV1Qt7X61Enn,116686241993999,百万英镑，但素质过低,青时晚,影视剪辑,影视,183,174,1260185,1235,1381,76081,4868,18046,7330,1780490956,https://www.bilibili.com/video/BV1Qt7X61Enn,http://i0.hdslb.com/bfs/archive/1573985b4950f4d1001b3a21a50adab722b0a0f1.jpg
2026-06-05,2026-06-05 21:42:31,45,BV1aFVm6REvY,116685537281059,蜘蛛糸モノポリー,苏酥鱼鱼喵,MMD·3D,动画,25,113,531692,154,1148,103800,3929,38024,3005,1780480166,https://www.bilibili.com/video/BV1aFVm6REvY,http://i0.hdslb.com/bfs/archive/43aeddbc4a47c5117090dc56e61b94bb7a858ec0.jpg
2026-06-05,2026-06-05 21:42:31,46,BV1yo7B68EHX,116695117207554,《鸣潮》×《赛博朋克：边缘行者》共鸣者战斗演示 | 露西,鸣潮,单机游戏,游戏,17,283,1959173,1868,7577,68525,20532,11897,12697,1780628400,https://www.bilibili.com/video/BV1yo7B68EHX,http://i2.hdslb.com/bfs/archive/61426f2876187b9326f1b732fdea7044e08d7ea3.jpg
2026-06-05,2026-06-05 21:42:31,47,BV1LLVU6eE1t,116684782373820,你到底娶不娶我…,ENX叉叉酱,同人·手书,动画,47,77,772633,1013,6308,142833,8224,13927,4240,1780484400,https://www.bilibili.com/video/BV1LLVU6eE1t,http://i0.hdslb.com/bfs/archive/cffaf3db4947fd6d7956bd49b83dcea884c3307b.jpg
2026-06-05,2026-06-05 21:42:31,48,BV1gWEw6gE4X,116691056987748,“这种没流量的画画最狠了”,像风如你o_O,日常,生活,21,25,1215113,360,2151,180555,4237,14270,614,1780564358,https://www.bilibili.com/video/BV1gWEw6gE4X,http://i0.hdslb.com/bfs/archive/96621cf035234fbf3c3d6f498d6f4d5eae388c12.jpg
2026-06-05,2026-06-05 21:42:31,49,BV1WgVC6YERr,116681410283485,理财PK两个月，6位UP主已经彻底疯狂...【理财王5月战绩汇报】,-LKs-,财经商业,知识,207,779,1644216,4136,4725,60646,12188,11644,7881,1780459200,https://www.bilibili.com/video/BV1WgVC6YERr,http://i0.hdslb.com/bfs/archive/64ee687bda302bd6feee386ca990737e67920669.jpg
2026-06-05,2026-06-05 21:42:31,50,BV1r6V26BE9i,116685486949496,《上海奥特曼4：沪特曼集结！》,册那队长,小剧场,娱乐,85,53,2640720,903,5035,122935,9132,17147,28627,1780479544,https://www.bilibili.com/video/BV1r6V26BE9i,http://i0.hdslb.com/bfs/archive/a062cb9d7991230d0d7287d7d8fd5bead9ec6788.jpg
2026-06-05,2026-06-05 21:42:31,51,BV1GHEw6rEo4,116691140875979,无能的杰哥,神威-狗剩,影视剪辑,影视,183,154,1529513,1099,2158,83207,3677,13879,16762,1780565876,https://www.bilibili.com/video/BV1GHEw6rEo4,http://i2.hdslb.com/bfs/archive/0814d03bdf68a6a83cba4b8ba18fa6d58d6de912.jpg
2026-06-05,2026-06-05 21:42:31,52,BV1uAVo6yE5n,116673222806359,阳寿伏妖  青州篇【一口气看完八小时合集】,七夜不起夜z,综合,综合,27,31228,988684,11138,1545,56029,33053,64584,3050,1780292399,https://www.bilibili.com/video/BV1uAVo6yE5n,http://i2.hdslb.com/bfs/archive/1d5f24afd7637434849f1321276448ab358b1094.jpg
2026-06-05,2026-06-05 21:42:31,53,BV1LCV66VE45,116680873346829,剥蒜的情谊147.0,NinthA-,网络游戏,游戏,65,147,1288499,656,684,98822,1218,15045,1305,1780455600,https://www.bilibili.com/video/BV1LCV66VE45,http://i1.hdslb.com/bfs/archive/21d74a2ecc26d0c95ecd1e1af6e84bf567bf37c9.jpg
2026-06-05,2026-06-05 21:42:31,54,BV12R7Q6MEJX,116686543914174,你说你有点难追～,未知艺术家_611,搞笑,娱乐,138,30,1599977,136,1345,160293,1636,14415,2181,1780495648,https://www.bilibili.com/video/BV12R7Q6MEJX,http://i2.hdslb.com/bfs/archive/aeaf33a25e079b26433a425ee56ac24f566861d7.jpg
2026-06-05,2026-06-05 21:42:31,55,BV1jeEc6yE75,116691593992011,《你说谁错谁就错，因为你开迈巴赫》,嘞是唐孃孃,搞笑,娱乐,138,34,2149076,142,1635,164395,1736,9335,868,1780572588,https://www.bilibili.com/video/BV1jeEc6yE75,http://i0.hdslb.com/bfs/archive/cc74080d84744d7622f9f9dd492a1583e00aaed7.jpg
2026-06-05,2026-06-05 21:42:31,56,BV168796PEv1,116685839403735,如此仙音唯有挠臭,lulu和露爸,喵星人,喵星人,218,26,1081048,673,1286,157547,2539,31716,6747,1780484850,https://www.bilibili.com/video/BV168796PEv1,http://i1.hdslb.com/bfs/archive/87f3ce4876a2e50e34a2c1b24dfe10ae34700a55.jpg
2026-06-05,2026-06-05 21:42:31,57,BV1bwV161Er2,116684413209270,【aespa】LEMONNNN,aespa,音乐综合,音乐,130,11,4744477,6306,14739,87927,18352,9281,4078,1780475400,https://www.bilibili.com/video/BV1bwV161Er2,http://i1.hdslb.com/bfs/archive/1e63fbee388c793dc0403c872eefb52a8d7d8615.jpg
2026-06-05,2026-06-05 21:42:31,58,BV1f3VU6KEqy,116684832644044,"从""健身芭比""到""女企业家""，帕梅拉有多会""赚""？",小Lin说,财经商业,知识,207,1745,1742942,1587,1370,49333,8561,15591,2884,1780479000,https://www.bilibili.com/video/BV1f3VU6KEqy,http://i0.hdslb.com/bfs/archive/ad9df863f29ccc8f07472fc5234c04740f6ee4b3.jpg
2026-06-05,2026-06-05 21:42:31,59,BV1jLVU6eEXE,116684782377667,可不可以买三十块烧腊？,食深烧腊,美食测评,美食,213,99,923763,662,1930,104473,61054,4537,487,1780468779,https://www.bilibili.com/video/BV1jLVU6eEXE,http://i1.hdslb.com/bfs/archive/62b6a42513640bcbd689b2a89fb9b999a1205332.jpg
2026-06-05,2026-06-05 21:42:31,60,BV1G1VB6PEro,116680286144492,今天的员工够燥的~#异宠 #爬宠 #慢宠时钟 #萌宠,慢宠日记啊,日常,生活,21,79,3275838,593,3259,127330,1609,8995,6112,1780400126,https://www.bilibili.com/video/BV1G1VB6PEro,http://i0.hdslb.com/bfs/archive/816ee56ee784d2ccfe8c14d2289cfa7fa2839d73.jpg
2026-06-05,2026-06-05 21:42:31,61,BV1YmV666EoR,116681091515032,坏了，这下特朗普都反犹了,波士顿圆脸,社科·法律·心理,知识,124,915,1343667,2904,2798,71708,6034,7208,2076,1780412433,https://www.bilibili.com/video/BV1YmV666EoR,http://i0.hdslb.com/bfs/archive/52eddb4b47addf6fcebb5bcb20458336c2d0d4ea.jpg
2026-06-05,2026-06-05 21:42:31,62,BV11DVo6rEo7,116674850196476,🐱穷鬼气球,竹内有虫,综合,综合,27,40,1085694,559,3943,137086,8366,40471,22517,1780317192,https://www.bilibili.com/video/BV11DVo6rEo7,http://i0.hdslb.com/bfs/archive/c914f8432580c402c9749aca8e6fa9efa26eedbb.jpg
2026-06-05,2026-06-05 21:42:31,63,BV1uE7d6JEAp,116688674624635,啥龙：医生说我只剩几天了……,小陈的脚凑凑的,日常,生活,21,181,859747,862,1420,61373,5179,14654,3032,1780528049,https://www.bilibili.com/video/BV1uE7d6JEAp,http://i1.hdslb.com/bfs/archive/e92886e4f49270b6f1a24481e0b0851d64e70fc4.jpg
2026-06-05,2026-06-05 21:42:31,64,BV1ypV66dEru,116681359754958,G胖为上架R18游戏硬刚V社法务 玩家至上 不做干预,Will游戏堂,数码,科技,95,51,1135058,671,3252,132431,2284,17807,9977,1780444800,https://www.bilibili.com/video/BV1ypV66dEru,http://i1.hdslb.com/bfs/archive/e3e911d6f451bd85e0fb10b15ba13e2f9b6b96cc.jpg
2026-06-05,2026-06-05 21:42:31,65,BV1xWG16qEBn,116644936422865,我打孔子，真的假的？,自动鬼畜中的WZ,鬼畜调教,鬼畜,22,281,3257192,2638,6513,151351,6980,29201,6620,1780286400,https://www.bilibili.com/video/BV1xWG16qEBn,http://i2.hdslb.com/bfs/archive/5395cba11bd2f2864886c0fa2c3962deef4570e3.jpg
2026-06-05,2026-06-05 21:42:31,66,BV1WBVZ6zEZF,116674262997815,朋克的扑满完整版！六一变身巴啦啦小魔丸！,辉泰廊大王,音乐现场,音乐,29,87,999956,280,1880,118369,20368,26620,5531,1780309712,https://www.bilibili.com/video/BV1WBVZ6zEZF,http://i1.hdslb.com/bfs/archive/7b6177df7c5730719e6e85670d645595c6ff940e.jpg
2026-06-05,2026-06-05 21:42:31,67,BV1NoVm62EFd,116684715197497,金库测金，海峡测雷，万税爷进军测评赛道？,麻薯波比呀,社科·法律·心理,知识,124,1010,1148166,2319,2479,69198,7178,7232,765,1780479745,https://www.bilibili.com/video/BV1NoVm62EFd,http://i2.hdslb.com/bfs/archive/d200d3f215d8a9d6eb13923af38007a3d0ff34b4.jpg
2026-06-05,2026-06-05 21:42:31,68,BV1CYVy6vETT,116682852929454,【IGN】《战神：劳菲（God of War Laufey）》深度玩法演示 |  State of Play,IGN中国,单机游戏,游戏,17,1425,1620339,12912,15202,35475,10798,10586,42789,1780440137,https://www.bilibili.com/video/BV1CYVy6vETT,http://i1.hdslb.com/bfs/archive/a78c73d63af672d1dcaa84b7a8dabdb7c59cd0ab.jpg
2026-06-05,2026-06-05 21:42:31,69,BV1LVVv6tEPa,116677970756336,【鹿野/小动画】wonderland [儿童节24h产物],民用核武器,同人·手书,动画,47,37,481061,90,585,154875,13616,25824,2051,1780395093,https://www.bilibili.com/video/BV1LVVv6tEPa,http://i1.hdslb.com/bfs/archive/2ef288272c38b705f82c7e23150d7ae538b17ce8.jpg
2026-06-05,2026-06-05 21:42:31,70,BV1nsVf6ME6Q,116675974335267,起初我一直以为“霸总”只是大家对王心凌站哥站姐的爱称…,王心凌FM,音乐现场,音乐,29,42,3286033,519,2963,205078,2148,7220,1752,1780334311,https://www.bilibili.com/video/BV1nsVf6ME6Q,http://i1.hdslb.com/bfs/archive/577514b0c4adb075d9561dda563e0b33c2cc9b1e.jpg
2026-06-05,2026-06-05 21:42:31,71,BV1ps796qErr,116685822560107,谁在等谁的出现,为了我活下去,综合,综合,27,36,472125,245,1406,141916,7180,22041,1735,1780484521,https://www.bilibili.com/video/BV1ps796qErr,http://i1.hdslb.com/bfs/archive/49a476c711b1d61ec7ffa37684a398ddb857435a.jpg
2026-06-05,2026-06-05 21:42:31,72,BV1dFV66rEwZ,116679463929983,"""这一刻，他简直正的发邪""",wrizedm,影视剪辑,影视,183,115,1328269,280,631,98491,4416,18609,1417,1780387590,https://www.bilibili.com/video/BV1dFV66rEwZ,http://i1.hdslb.com/bfs/archive/0d76efe5941248b388135046493c78dbb702e210.jpg
2026-06-05,2026-06-05 21:42:31,73,BV1JKEw6QEw9,116691509970719,我读了你们的评论 把阎王召唤出来了T_T,汤木檀泽,日常,生活,21,959,1190662,1154,1333,78822,4291,8919,371,1780571268,https://www.bilibili.com/video/BV1JKEw6QEw9,http://i1.hdslb.com/bfs/archive/0b6c7ccb214b6211a4cf9a8741eb473536e42587.jpg
2026-06-05,2026-06-05 21:42:31,74,BV1Nk7X6TEnq,116686023955827,半个小孩，全部的妈妈,超级猫猫兽,同人·手书,动画,47,483,801170,1406,4206,86206,13826,31060,3507,1780487705,https://www.bilibili.com/video/BV1Nk7X6TEnq,http://i0.hdslb.com/bfs/archive/25cb3d6f6dd951590c71a8ea993463455554b0c6.jpg
2026-06-05,2026-06-05 21:42:31,75,BV17pVC6WECy,116681544304592,带良子和花胖在华哥训练营偷吃，闷子、板面、大肠都安排上,俞涛不光会做九转大肠,美食记录,美食,215,247,1522441,909,2374,72018,1723,4390,2673,1780455600,https://www.bilibili.com/video/BV17pVC6WECy,http://i1.hdslb.com/bfs/archive/ecf1293c7f3c2f89f52a51e5ad0ce5201f1be340.jpg
2026-06-05,2026-06-05 21:42:31,76,BV1MqVr6KEf6,116680554449914,突围吧少年！微光汇聚，用爱照亮向新的路,暗区突围,短片,动画,256,350,495655,2690,2720,68145,30872,21539,2704,1780404296,https://www.bilibili.com/video/BV1MqVr6KEf6,http://i2.hdslb.com/bfs/archive/0c7b730014db6386c174f304fbac32bdd71c4447.jpg
2026-06-05,2026-06-05 21:42:31,77,BV1edV26tEsB,116685654722666,复仇整蛊！蛋黄派伪装摄影师突袭周深，几秒就被识破？,记录生活的蛋黄派,美食测评,美食,213,556,1504582,6287,2553,72251,24997,25773,3329,1780565400,https://www.bilibili.com/video/BV1edV26tEsB,http://i2.hdslb.com/bfs/archive/a16b60bc03719059e3218dee538877f554f3f9b4.jpg
2026-06-05,2026-06-05 21:42:31,78,BV1TL796CE52,116685721830606,歌剧老师锐评韩娱BLACKPINK  JYP & MAMAOO Red Velvet TWICE,铁豆钢蛋,乐评盘点,音乐,243,3086,816232,21004,10394,42545,18498,7327,2450,1780483444,https://www.bilibili.com/video/BV1TL796CE52,http://i1.hdslb.com/bfs/archive/ab6356296c8f9523a858fc15dd4a808fbc51b773.jpg
2026-06-05,2026-06-05 21:42:31,79,BV1L7Ew65ETv,116691124098703,我养护的石拱桥，已经被国家收录为不可移动文物！,抓紧长长长呀,三农,生活,251,604,960727,783,1561,74928,4278,4370,280,1780565746,https://www.bilibili.com/video/BV1L7Ew65ETv,http://i1.hdslb.com/bfs/archive/56f52737bc566db19c5316ccdcc3b87cc81709e0.jpg
2026-06-05,2026-06-05 21:42:31,80,BV1idV26bE2E,116685654921483,宗元舞2.0紧绷之人3,是柳宗元,电子竞技,游戏,171,51,1091195,350,843,123360,2598,15419,2399,1780481914,https://www.bilibili.com/video/BV1idV26bE2E,http://i2.hdslb.com/bfs/archive/395efa2aefe284345f5e64ce17985d0467cd2247.jpg
2026-06-05,2026-06-05 21:42:31,81,BV1pAVz6DEDB,116679816252276,马尔代夫潜水事故，5人洞穴潜水6人遇难,神秘园,影视杂谈,影视,182,812,1613394,7111,4958,73446,9227,13470,5978,1780398000,https://www.bilibili.com/video/BV1pAVz6DEDB,http://i1.hdslb.com/bfs/archive/141ade135f39736a342786a14b07bd965e1ba300.jpg
2026-06-05,2026-06-05 21:42:31,82,BV11BVU6mEUe,116669431157836,做了一把千机伞，能变十三个形态的那种｜最强的武器一定是自制的,o小庄o,仿妆cos,时尚,252,172,3370253,1431,3959,166773,58875,53226,12629,1780234512,https://www.bilibili.com/video/BV11BVU6mEUe,http://i0.hdslb.com/bfs/archive/b0de098d43f32c720b593ef44a69ca1be9cccb90.jpg
2026-06-05,2026-06-05 21:42:31,83,BV1y8Vk6fEwn,116682047625847,【速凌宇宙】第十九集：哈基蜂化身哈夫克安保队长？？准备摇人？,高司令-速凌电竞,单机游戏,游戏,17,582,1915673,4583,1308,97680,13599,78839,934,1780459200,https://www.bilibili.com/video/BV1y8Vk6fEwn,http://i0.hdslb.com/bfs/archive/2e5bf49a8947806e05fb8970a421bd94a8a6e7b6.jpg
2026-06-05,2026-06-05 21:42:31,84,BV1797X6ZEvW,116686158038804,真跳60分钟，天台暴晒也算时间哦,矮乐多Aliga,日常,生活,21,3639,709589,907,1258,43039,8457,15111,1542,1780490050,https://www.bilibili.com/video/BV1797X6ZEvW,http://i0.hdslb.com/bfs/archive/51a11a46ff9c8a78cf19a5444bd1f18bb0099c9d.jpg
2026-06-05,2026-06-05 21:42:31,85,BV1rMVz67EMs,116679967312875,开关灯木头人挑战！,酱油白米饭原创,小剧场,娱乐,85,99,2373245,381,620,93849,1673,23235,2770,1780395433,https://www.bilibili.com/video/BV1rMVz67EMs,http://i0.hdslb.com/bfs/archive/b909eaaf95648e5156635c9c1afd57ac6da69f64.jpg
2026-06-05,2026-06-05 21:42:31,86,BV1iQV26cEfX,116685436618474,东北下岗三十年后，我看见了普通人的生活,十七岁歌手想打中单,出行,生活,250,3132,913670,2807,4149,35625,9503,13345,3362,1780479467,https://www.bilibili.com/video/BV1iQV26cEfX,http://i2.hdslb.com/bfs/archive/336087b59dbbf943701843cf5d3dfee77ef315e9.jpg
2026-06-05,2026-06-05 21:42:31,87,BV1pDV86oE6S,116657217344637,热烈欢迎薛凯琪！工作之余，Fiona会带哪些让自己感到快乐的东西呢～（录完这期脑海里都是Fifi的笑声,papi酱,短片,动画,256,2017,505879,6599,2683,61941,24679,8050,3667,1780632000,https://www.bilibili.com/video/BV1pDV86oE6S,http://i2.hdslb.com/bfs/archive/032f4048d6f94c465fc10972289999cf79f2572f.jpg
2026-06-05,2026-06-05 21:42:31,88,BV16NVZ6wEZw,116674430768725,“少女暴君”翻《荣耀向我俯首》法语完整版！,芋泥脑袋邹十八,翻唱,音乐,31,159,1323009,266,1031,119178,14346,42732,2558,1780310639,https://www.bilibili.com/video/BV16NVZ6wEZw,http://i2.hdslb.com/bfs/archive/60aebd868808697e36d33ea7c801ce8f7fafcec3.jpg
2026-06-05,2026-06-05 21:42:31,89,BV1dCV66GEgM,116680873280095,《明日方舟：终末地》干员叙事 [弭弗：煞星],明日方舟终末地,手机游戏,游戏,172,637,1036941,3790,8099,43057,10178,6362,4960,1780457400,https://www.bilibili.com/video/BV1dCV66GEgM,http://i1.hdslb.com/bfs/archive/033ff148a9ed8d3736243342bbb59dbe14cbc0ee.jpg
2026-06-05,2026-06-05 21:42:31,90,BV1DyVm6REs8,116685117982770,Oi，今天跟老舅争锋相对！！,花小龙oy,健身,运动,164,218,931288,650,1374,67830,2789,2613,1225,1780473800,https://www.bilibili.com/video/BV1DyVm6REs8,http://i0.hdslb.com/bfs/archive/56fe0a9ea6c893cba847452a26b23804912df627.jpg
2026-06-05,2026-06-05 21:42:31,91,BV1aUVB6cE4P,116680185353959,说个事儿,麦片是只小金毛,社科·法律·心理,知识,124,411,506884,3124,3926,65150,23899,8402,5914,1780398768,https://www.bilibili.com/video/BV1aUVB6cE4P,http://i1.hdslb.com/bfs/archive/6d8fa2c40f1dd5d4be4980602da4f1c6fd72ca5b.jpg
2026-06-05,2026-06-05 21:42:31,92,BV1bL796CEpe,116685721899286,如果我来挑战拍华语地区的经典MV风格？这一期是粉丝投稿哦！,李如儒也是李蠕蠕,小剧场,娱乐,85,159,978276,962,778,66230,6069,3632,738,1780483280,https://www.bilibili.com/video/BV1bL796CEpe,http://i2.hdslb.com/bfs/archive/6305a2e9ddc370f1b9e15ba5265e209ff8ea0438.jpg
2026-06-05,2026-06-05 21:42:31,93,BV1gWVd6GEna,116673323603460,期末到了，你们寝室准备好应对之策了吗,灵霖七,日常,生活,21,200,1844165,1248,1991,85893,14092,16201,6277,1780293767,https://www.bilibili.com/video/BV1gWVd6GEna,http://i0.hdslb.com/bfs/archive/d0a8e406e4231a2cad0caefda83bab3276dc8059.jpg
2026-06-05,2026-06-05 21:42:31,94,BV1XS796JETP,116687701545253,"""见过花开就好 何必在意花为谁开""19.0",我爱吃派大星,音乐综合,音乐,130,163,979861,476,855,55925,366,6240,207,1780532400,https://www.bilibili.com/video/BV1XS796JETP,http://i1.hdslb.com/bfs/archive/29288eae5b7e0f9e2243fa9682885eab8981887d.jpg
2026-06-05,2026-06-05 21:42:31,95,BV1aDV66qEyT,116680990661162,我去，还有第二….3456关,柒玖动漫柒柒游电竞,同人·手书,动画,47,138,1353864,320,489,74766,1822,32969,854,1780410708,https://www.bilibili.com/video/BV1aDV66qEyT,http://i2.hdslb.com/bfs/archive/b6087ce4f978b2d28e73bd505c619558334e107b.jpg
2026-06-05,2026-06-05 21:42:31,96,BV1nWVm6uEqb,116685285624503,我吃牛瘪火锅 结果买错牛胃了,张离谱Dreams,搞笑,娱乐,138,97,1076807,603,1509,64335,1004,18219,5283,1780476405,https://www.bilibili.com/video/BV1nWVm6uEqb,http://i0.hdslb.com/bfs/archive/6f4f02f224993a1933f3e515e84d84edb5ca3808.jpg
2026-06-05,2026-06-05 21:42:31,97,BV1xn796gEwT,116685872890580,别的嘉豪：黑客股票 我们班嘉豪：暗网共济会光明会，就很，你们懂吧？,一棵一棵,搞笑,娱乐,138,366,956537,2567,3632,40556,1881,6282,2194,1780485487,https://www.bilibili.com/video/BV1xn796gEwT,http://i0.hdslb.com/bfs/archive/31333f127ed869429907d909fda0340e558a32d1.jpg
2026-06-05,2026-06-05 21:42:31,98,BV17SVZ6wEy1,116673877116037,除草届来了个无关紧要的人,菜鸡罢了呀,搞笑,娱乐,138,347,1598298,1881,4160,48055,897,3600,381,1780388700,https://www.bilibili.com/video/BV17SVZ6wEy1,http://i1.hdslb.com/bfs/archive/b8d02a39fcb647a1cbae31ad3eafc1999cc2cbea.jpg
2026-06-05,2026-06-05 21:42:31,99,BV1Ak5F61ECk,116675118761554,当你看到这条视频的时候我相信你成为我的粉丝不远了,刮蜡皮小能手,日常,生活,21,67,2700690,1119,1843,98968,1532,9968,941,1780321656,https://www.bilibili.com/video/BV1Ak5F61ECk,http://i2.hdslb.com/bfs/archive/f7bf232f5a59db32b59fbb4a77062a34cf7ecd52.jpg
2026-06-05,2026-06-05 21:42:31,100,BV1g2Vm6WETv,116685101074131,千万级大场面的廉价拍摄方式！别人狠砸半个亿，你十几万就搞定了？,电影冷知识,影视杂谈,影视,182,233,1814676,529,495,74657,991,10811,236,1780473686,https://www.bilibili.com/video/BV1g2Vm6WETv,http://i1.hdslb.com/bfs/archive/bd09f94ce358a832099b4c95f00ad4c4ae832d4d.jpg
2026-06-05,2026-06-05 22:36:08,1,BV15wVB6YECT,116678608359768,一顿饭只要三块钱，客人吃着吃着，人就“没了”,瞎通不设计了,美食侦探,美食,212,187,1893404,2236,5736,244734,142902,20870,2162,1780390800,https://www.bilibili.com/video/BV15wVB6YECT,http://i1.hdslb.com/bfs/archive/fd898a754bc3cf4317349a2b3c4394e104417434.jpg
2026-06-05,2026-06-05 22:36:08,2,BV1jwV663EjR,116679380112598,我的世界杯主题曲！IShowSpeed - World Cup (Champions),ishowspeedsui,竞技体育,运动,236,299,3880260,2162,8846,212520,37602,36170,12793,1780386563,https://www.bilibili.com/video/BV1jwV663EjR,http://i2.hdslb.com/bfs/archive/2807f6a9b9342740dfa8764e7bcc6e231196c94f.jpg
2026-06-05,2026-06-05 22:36:08,3,BV16BVy6wEfx,116682534162276,《你来真的啊》,伤心欲茄222,搞笑,娱乐,138,116,2706239,1144,4692,268755,5058,16801,3229,1780459200,https://www.bilibili.com/video/BV16BVy6wEfx,http://i1.hdslb.com/bfs/archive/f16abe0150882e397bf053e6d7a1e4dced090de1.jpg
2026-06-05,2026-06-05 22:36:08,4,BV1RvVo6QEqo,116674682426936,不儿，你俩来真的啊？！,主持人yoyo酱,搞笑,娱乐,138,265,4865605,13758,11300,588644,457437,102740,12696,1780314627,https://www.bilibili.com/video/BV1RvVo6QEqo,http://i1.hdslb.com/bfs/archive/e8bde3297455f3796e516de2362d5eb1085d9abf.jpg
2026-06-05,2026-06-05 22:36:08,5,BV1QzVR63E3L,116671930963542,回忆永远都是加分项,央视新闻,日常,生活,21,184,3314117,25903,23030,577599,228108,172737,56873,1780286400,https://www.bilibili.com/video/BV1QzVR63E3L,http://i2.hdslb.com/bfs/archive/f4dc3fe8ea88a450877315e867b4995121d5dbf6.jpg
2026-06-05,2026-06-05 22:36:08,6,BV1Qi7f6eE59,116690805395451,致敬每一个心中有花，努力奔跑的人,爱画画的子衿,亲子,生活,254,313,1263404,2575,2616,173887,84474,10527,2497,1780561800,https://www.bilibili.com/video/BV1Qi7f6eE59,http://i1.hdslb.com/bfs/archive/2c9cc3dd70d264a8473e46b8bebaad7db4d6ef2c.jpg
2026-06-05,2026-06-05 22:36:08,7,BV1kCVU65ERM,116669112386149,初中生斗胆跳一段jam,特崮斯,篮球,运动,235,45,5433341,4070,16578,1052472,170162,108520,16151,1780229707,https://www.bilibili.com/video/BV1kCVU65ERM,http://i1.hdslb.com/bfs/archive/5871a66dc8e356ff71da4a6d99d5922b4a6a3fce.jpg
2026-06-05,2026-06-05 22:36:08,8,BV1oqVB6BECd,116680034425733,《原神》洛恩角色PV——「标准化考核」,原神,手机游戏,游戏,172,702,1685597,7309,5852,140146,35187,28364,11125,1780459200,https://www.bilibili.com/video/BV1oqVB6BECd,http://i2.hdslb.com/bfs/archive/f040c8f664a034a919aee60209ef17c155dbe2df.jpg
2026-06-05,2026-06-05 22:36:08,9,BV1vkVB6NEuR,116680252462308,“超微距”下的瑞士长什么样？,影视飓风,娱乐粉丝创作,娱乐,242,1369,2974834,7293,2853,133872,43386,24445,5214,1780477200,https://www.bilibili.com/video/BV1vkVB6NEuR,http://i1.hdslb.com/bfs/archive/5b0c10c80ad8bf4789b41860cadc70e8c144245b.jpg
2026-06-05,2026-06-05 22:36:08,10,BV1W6VZ6MEbd,116674313328609,🍄欠揍气球🍄,纸片马力欧,日常,生活,21,40,2580875,737,7105,330656,22662,156698,57304,1780309043,https://www.bilibili.com/video/BV1W6VZ6MEbd,http://i0.hdslb.com/bfs/archive/3d18bae01c4fc365d9e7e0ede5efb926e32115ad.jpg
2026-06-05,2026-06-05 22:36:08,11,BV1XQ7Z6eEki,116689412819066,特朗普的愤怒,燕三嘤嘤嘤,人文历史,知识,228,1133,2388311,9843,4432,124671,29286,18891,2230,1780545020,https://www.bilibili.com/video/BV1XQ7Z6eEki,http://i0.hdslb.com/bfs/archive/d106118a7a33e310838a2e387ce511583c5a7a62.jpg
2026-06-05,2026-06-05 22:36:08,12,BV16DVz6UE77,116679229180052,如何拍出电影感大片,喜欢拍照的皮皮,日常,生活,21,60,2879350,275,1671,254585,7557,75176,6169,1780384052,https://www.bilibili.com/video/BV16DVz6UE77,http://i1.hdslb.com/bfs/archive/82ba23d6fb45244f769f8f127cfbe2f51afe67c8.jpg
2026-06-05,2026-06-05 22:36:08,13,BV16kV26TES7,116685470175022,当父母说出了正确答案：,进击的金厂长,搞笑,娱乐,138,129,3381405,1631,1801,257497,100057,109353,1899,1780479155,https://www.bilibili.com/video/BV16kV26TES7,http://i0.hdslb.com/bfs/archive/982b25c4ef21fb08f77ae933c89f4b99d5b0c86a.jpg
2026-06-05,2026-06-05 22:36:08,14,BV17GEP6xEDW,116692348832614,新三国up锐评楚汉传奇01：是不是我打开的方式不太对？,吃蛋挞的折棒,影视杂谈,影视,182,1348,803944,14538,7977,90404,91090,18885,7441,1780624800,https://www.bilibili.com/video/BV17GEP6xEDW,http://i2.hdslb.com/bfs/archive/4e5cd47c8551d2b66643e2800041b7ec2d3bf729.jpg
2026-06-05,2026-06-05 22:36:08,15,BV13s7z63EjV,116695016477738,《绝区零》3.0新地块实机演示,绝区零,手机游戏,游戏,172,599,923314,7581,11429,98605,48303,17774,21051,1780624803,https://www.bilibili.com/video/BV13s7z63EjV,http://i0.hdslb.com/bfs/archive/ac132a13aed30f0b83ff50dfb56d83e2e518206a.jpg
2026-06-05,2026-06-05 22:36:08,16,BV1XEV26XEsz,116683641455201,冠以破碎之名：第一集 冰潮寒雨之夏,Xavier_白昼,综合,综合,27,1106,1192624,1585,2162,88774,18296,54364,2923,1780451269,https://www.bilibili.com/video/BV1XEV26XEsz,http://i0.hdslb.com/bfs/archive/edb3c2a03146bbc3390581aa30c41b8e3c3ab846.jpg
2026-06-05,2026-06-05 22:36:08,17,BV1ogV26FEhB,116683943643894,兄弟们！今天给良子做一个入营测试，这身体身体素质，跟我想的不太一样啊!,健身华哥,运动综合,运动,238,246,2370611,4504,53321,115065,3345,6545,13342,1780455998,https://www.bilibili.com/video/BV1ogV26FEhB,http://i1.hdslb.com/bfs/archive/0ef39901811fd5680c39a67445609ba38a9560c2.jpg
2026-06-05,2026-06-05 22:36:08,18,BV1xuVC6AEbg,116681426868021,今天把我关于《丧尸清道夫》的创作思路分享给大家，如果能帮到你，我会很开心。,Mx-Shell,影视剪辑,影视,183,2573,991876,802,1816,62045,25812,64946,9009,1780452000,https://www.bilibili.com/video/BV1xuVC6AEbg,http://i0.hdslb.com/bfs/archive/4a766d587664347016b0288147deb324a2964232.jpg
2026-06-05,2026-06-05 22:36:08,19,BV1MG7961Efg,116685688276783,下 一 个 抓 谁 ！！！,啊吗粽,搞笑,娱乐,138,586,1206278,4106,2158,111749,54295,20564,2785,1780482465,https://www.bilibili.com/video/BV1MG7961Efg,http://i2.hdslb.com/bfs/archive/55e9b58ea3d6a84a655b0d2607bb6ff7e31c6d34.jpg
2026-06-05,2026-06-05 22:36:08,20,BV15iEc6VEfH,116691577216788,路边一块，也能变废为宝，雕刻出大家想要的题材我不知道什么时候天才会亮，但我知道，跑着跑着，天就亮了。,小梨家的和田玉,手工,生活,161,220,3270842,1563,6664,124605,3139,10506,1869,1780572193,https://www.bilibili.com/video/BV15iEc6VEfH,http://i2.hdslb.com/bfs/archive/c1597efe82d66a7f728f8bdd84505eff4b7f5ac9.jpg
2026-06-05,2026-06-05 22:36:08,21,BV1mhV26yETL,116683775678542,科比的哲学启示录第十四期,蟹不肉丨,影视剪辑,影视,183,74,4442852,1078,6188,270862,12416,68043,13209,1780453236,https://www.bilibili.com/video/BV1mhV26yETL,http://i0.hdslb.com/bfs/archive/738134aa027bf05aa3f3843c528db81f3d78307d.jpg
2026-06-05,2026-06-05 22:36:08,22,BV1VWVz6TELx,116679598147712,星际穿越的我，试图提醒过去的自己....,考研英语大雁,校园学习,知识,208,33,2231655,535,2127,289277,5995,35870,5439,1780389685,https://www.bilibili.com/video/BV1VWVz6TELx,http://i0.hdslb.com/bfs/archive/5822709cbd5c2a8a09fabc50bcfdcfc29859f9a1.jpg
2026-06-05,2026-06-05 22:36:08,23,BV1sKVr64EXg,116680621561843,演员魏宗万于6月1日去世，享年89岁,中国电影报道,预告·资讯,影视,184,26,1183656,18539,5751,294345,22151,14047,7471,1780406134,https://www.bilibili.com/video/BV1sKVr64EXg,http://i0.hdslb.com/bfs/archive/1148ab18f92299926855421cea80f91871e7f32a.jpg
2026-06-05,2026-06-05 22:36:08,24,BV1cmVz6DEmi,116679329712224,初代跑男团战力排行,东方日出哇,特摄,动画,86,600,1829446,4261,3210,144451,6276,18639,3496,1780385423,https://www.bilibili.com/video/BV1cmVz6DEmi,http://i0.hdslb.com/bfs/archive/ee051686685860fea8d8721ddf5c5d7f35a85e5f.jpg
2026-06-05,2026-06-05 22:36:08,25,BV1w6EF6QEjZ,116690033778619,不看后悔！史上最神人店家！,转生成为毛毛,美食侦探,美食,212,186,2135462,2903,6138,111010,2487,17588,9225,1780563600,https://www.bilibili.com/video/BV1w6EF6QEjZ,http://i1.hdslb.com/bfs/archive/07cb98d8f59285212c90c7646739a87803bf06c0.jpg
2026-06-05,2026-06-05 22:36:08,26,BV1gzVC6kE1S,116683507243907,【低成本在家实现牛排自由‼️ 】,村驴,美食制作,美食,76,329,798346,514,2145,75056,7189,56832,8257,1780449310,https://www.bilibili.com/video/BV1gzVC6kE1S,http://i0.hdslb.com/bfs/archive/005d3e68934a884c17ab0f89f1daac2ae9982f39.jpg
2026-06-05,2026-06-05 22:36:08,27,BV1wEEc6REms,116692097238799,城市大富翁（5）,雨哥到处跑,日常,生活,21,3846,701457,23262,4068,83057,68454,23746,3368,1780628700,https://www.bilibili.com/video/BV1wEEc6REms,http://i1.hdslb.com/bfs/archive/8628e50dc2e56aec5815c8e3f665d304cfe23d80.jpg
2026-06-05,2026-06-05 22:36:08,28,BV1T2V161E6J,116684195106574,地牢酒馆-12集 《蜕皮的蜥蜴人与神奇薄荷》,粘土工厂,单机游戏,游戏,17,212,857891,1206,1859,125494,19383,15122,1711,1780459574,https://www.bilibili.com/video/BV1T2V161E6J,http://i0.hdslb.com/bfs/archive/f5c43e682c7ce44c1f2733c2cbb5889650fd5a05.jpg
2026-06-05,2026-06-05 22:36:08,29,BV1sC7R6VEF3,116687181451048,【侯绿萝】视频加载中，速速查收惊喜！,侯绿萝,小剧场,娱乐,85,233,1355178,1133,1159,130632,7489,10361,1352,1780538400,https://www.bilibili.com/video/BV1sC7R6VEF3,http://i0.hdslb.com/bfs/archive/e40df1469a3bc68659f30a77b0e0801ae88938bb.jpg
2026-06-05,2026-06-05 22:36:08,30,BV1jBVS6qEPK,116668508406277,竹丝镶嵌,归乡人山白,手工,生活,161,577,787963,2854,1404,115483,54370,11956,1896,1780410000,https://www.bilibili.com/video/BV1jBVS6qEPK,http://i2.hdslb.com/bfs/archive/1e293d2f3fac4fc22d32427cb5a045e65e22e361.jpg
2026-06-05,2026-06-05 22:36:08,31,BV1F9Vz62ExS,116679262606457,一辈子一定要体验一次的游戏，绝对不能被剧透的神作,易铭小疯子,网络游戏,游戏,65,537,955603,4689,7684,53791,6904,58984,3731,1780403895,https://www.bilibili.com/video/BV1F9Vz62ExS,http://i2.hdslb.com/bfs/archive/d453d6bbde6ccd80f0fd714edde7b754c3e5255e.jpg
2026-06-05,2026-06-05 22:36:08,32,BV1jqVS6MECE,116668592292557,【野餐】你醒啦 现在是2012年的5月份呀,野餐slu2pcekry,宅舞,舞蹈,20,182,1331916,1838,8009,259969,17650,53107,4896,1780221916,https://www.bilibili.com/video/BV1jqVS6MECE,http://i2.hdslb.com/bfs/archive/e9673e0b6ccc8de75e114c6f2ea5484907789e23.jpg
2026-06-05,2026-06-05 22:36:08,33,BV1pnVm6GEQG,116685386483651,“当bro以为自己很有影响力时…”,林宇辉,社科·法律·心理,知识,124,16,736755,396,1766,211779,8142,25561,1034,1780478075,https://www.bilibili.com/video/BV1pnVm6GEQG,http://i1.hdslb.com/bfs/archive/02329b4beff89227f0f34b10ef7ca21a2b920c65.jpg
2026-06-05,2026-06-05 22:36:08,34,BV1B75w6zEG1,116676158823299,二次元老资历童年都在听什么？！老番串烧34首大连唱！,鹿火CAVY,仿妆cos,时尚,252,462,1571845,3141,3702,109266,44506,38645,7642,1780337109,https://www.bilibili.com/video/BV1B75w6zEG1,http://i1.hdslb.com/bfs/archive/a1759f48c315c61aff7325cc0d6c931ad115a8d4.jpg
2026-06-05,2026-06-05 22:36:08,35,BV1hAVm6XEE2,116685570836474,【传奇耐熬王】经典排骨💀60天仍然有5人存活💪到最后拼的就是谁身体好！🤦‍♂️,-超级小能猫-,搞笑,娱乐,138,2617,1634646,12074,2410,67468,14824,32242,2954,1780481719,https://www.bilibili.com/video/BV1hAVm6XEE2,http://i0.hdslb.com/bfs/archive/dc3782f8b522707e818c2537030e1b8893332367.jpg
2026-06-05,2026-06-05 22:36:08,36,BV1kzVy6hEGb,116682517385619,手绘2000多张沙画，历时3年制作,胡雪朗,绘画,绘画,162,54,757991,722,1377,169871,41434,23513,3581,1780457400,https://www.bilibili.com/video/BV1kzVy6hEGb,http://i0.hdslb.com/bfs/archive/959cf6a92144f70d7339865fe00cd198c4c8da9e.jpg
2026-06-05,2026-06-05 22:36:08,37,BV168796PEv1,116685839403735,如此仙音唯有挠臭,lulu和露爸,喵星人,喵星人,218,26,1332332,1347,1572,187152,3261,37595,8041,1780484850,https://www.bilibili.com/video/BV168796PEv1,http://i1.hdslb.com/bfs/archive/87f3ce4876a2e50e34a2c1b24dfe10ae34700a55.jpg
2026-06-05,2026-06-05 22:36:08,38,BV19ZEF6MEBV,116690117464228,人在干坏事的时候是不怕苦不怕累的,我是易拉爆,日常,生活,21,309,1161832,672,1721,103914,6003,13646,7196,1780550100,https://www.bilibili.com/video/BV19ZEF6MEBV,http://i2.hdslb.com/bfs/archive/5a3e59dd5183e87d69b1ad3224466b821bf05e23.jpg
2026-06-05,2026-06-05 22:36:08,39,BV1izVB6TE7i,116680084691098,小时候以为的事情,西维西师傅,搞笑,娱乐,138,38,3839603,282,2626,226701,1983,15690,1995,1780397022,https://www.bilibili.com/video/BV1izVB6TE7i,http://i0.hdslb.com/bfs/archive/4790a1728175bce1a38157464666e2fac5ef28c8.jpg
2026-06-05,2026-06-05 22:36:08,40,BV18qVr6KEk8,116680554519472,一个投了3万元必火的视频,奥利奥利奥是1,日常,生活,21,46,745816,1292,6732,184515,16587,19295,3191,1780405200,https://www.bilibili.com/video/BV18qVr6KEk8,http://i0.hdslb.com/bfs/archive/0c023b00bd1d3a694bdd40c9d19039f1436532b1.jpg
2026-06-05,2026-06-05 22:36:08,41,BV1Qt7X61Enn,116686241993999,百万英镑，但素质过低,青时晚,影视剪辑,影视,183,174,1334811,1275,1454,80811,5174,19166,7715,1780490956,https://www.bilibili.com/video/BV1Qt7X61Enn,http://i0.hdslb.com/bfs/archive/1573985b4950f4d1001b3a21a50adab722b0a0f1.jpg
2026-06-05,2026-06-05 22:36:08,42,BV1yiEF6WErx,116690419585062,奶香馒头,夏叔厨房,美食制作,美食,76,76,1233828,763,5638,165504,5270,13448,855,1780554601,https://www.bilibili.com/video/BV1yiEF6WErx,http://i1.hdslb.com/bfs/archive/82992eb9cddf1a5a5e5e77e481db8626c6005de9.jpg
2026-06-05,2026-06-05 22:36:08,43,BV1gWEw6gE4X,116691056987748,“这种没流量的画画最狠了”,像风如你o_O,日常,生活,21,25,1307037,381,2267,191424,4489,15270,662,1780564358,https://www.bilibili.com/video/BV1gWEw6gE4X,http://i0.hdslb.com/bfs/archive/96621cf035234fbf3c3d6f498d6f4d5eae388c12.jpg
2026-06-05,2026-06-05 22:36:08,44,BV1yo7B68EHX,116695117207554,《鸣潮》×《赛博朋克：边缘行者》共鸣者战斗演示 | 露西,鸣潮,单机游戏,游戏,17,283,2043403,1954,7825,70912,21009,12459,13000,1780628400,https://www.bilibili.com/video/BV1yo7B68EHX,http://i2.hdslb.com/bfs/archive/61426f2876187b9326f1b732fdea7044e08d7ea3.jpg
2026-06-05,2026-06-05 22:36:08,45,BV1YcVf69ECW,116674011403376,此树扎根之时 便是沧海化桑田之始,芳斯塔芙,科学科普,知识,201,895,2791438,4267,1731,51797,13093,10836,1904,1780452000,https://www.bilibili.com/video/BV1YcVf69ECW,http://i0.hdslb.com/bfs/archive/ed8be5ac08d0dc86021a749410e52d4f9079b7c9.jpg
2026-06-05,2026-06-05 22:36:08,46,BV1GHEw6rEo4,116691140875979,无能的杰哥,神威-狗剩,影视剪辑,影视,183,154,1690917,1179,2300,90134,3995,15047,17851,1780565876,https://www.bilibili.com/video/BV1GHEw6rEo4,http://i2.hdslb.com/bfs/archive/0814d03bdf68a6a83cba4b8ba18fa6d58d6de912.jpg
2026-06-05,2026-06-05 22:36:08,47,BV1aFVm6REvY,116685537281059,蜘蛛糸モノポリー,苏酥鱼鱼喵,MMD·3D,动画,25,113,540168,155,1173,105570,4036,38741,3062,1780480166,https://www.bilibili.com/video/BV1aFVm6REvY,http://i0.hdslb.com/bfs/archive/43aeddbc4a47c5117090dc56e61b94bb7a858ec0.jpg
2026-06-05,2026-06-05 22:36:08,48,BV1BqVS6MEL8,116668592363308,欢迎来到304班娃娃店,蟹上皇呀,日常,生活,21,114,2302476,1231,4119,245111,13404,97395,15242,1780221495,https://www.bilibili.com/video/BV1BqVS6MEL8,http://i1.hdslb.com/bfs/archive/9efeef607e818a1f01d4a5f1009a80d45ffcb333.jpg
2026-06-05,2026-06-05 22:36:08,49,BV1iCV66GEMq,116680873220187,【大鸣王潮1566】谁才是护,寞桀緣才,同人·手书,动画,47,222,763992,2254,2558,75939,29824,14852,3869,1780408996,https://www.bilibili.com/video/BV1iCV66GEMq,http://i2.hdslb.com/bfs/archive/1d370920ae8ab79a4f49b2447feddc63687b6e34.jpg
2026-06-05,2026-06-05 22:36:08,50,BV1LLVU6eE1t,116684782373820,你到底娶不娶我…,ENX叉叉酱,同人·手书,动画,47,77,777843,1023,6333,143877,8285,14061,4257,1780484400,https://www.bilibili.com/video/BV1LLVU6eE1t,http://i0.hdslb.com/bfs/archive/cffaf3db4947fd6d7956bd49b83dcea884c3307b.jpg
2026-06-05,2026-06-05 22:36:08,51,BV1WgVC6YERr,116681410283485,理财PK两个月，6位UP主已经彻底疯狂...【理财王5月战绩汇报】,-LKs-,财经商业,知识,207,779,1656884,4174,4746,60963,12253,11715,7943,1780459200,https://www.bilibili.com/video/BV1WgVC6YERr,http://i0.hdslb.com/bfs/archive/64ee687bda302bd6feee386ca990737e67920669.jpg
2026-06-05,2026-06-05 22:36:08,52,BV12R7Q6MEJX,116686543914174,你说你有点难追～,未知艺术家_611,搞笑,娱乐,138,30,1671652,144,1415,166637,1708,15262,2321,1780495648,https://www.bilibili.com/video/BV12R7Q6MEJX,http://i2.hdslb.com/bfs/archive/aeaf33a25e079b26433a425ee56ac24f566861d7.jpg
2026-06-05,2026-06-05 22:36:08,53,BV1jeEc6yE75,116691593992011,《你说谁错谁就错，因为你开迈巴赫》,嘞是唐孃孃,搞笑,娱乐,138,34,2234193,143,1681,171312,1819,9920,910,1780572588,https://www.bilibili.com/video/BV1jeEc6yE75,http://i0.hdslb.com/bfs/archive/cc74080d84744d7622f9f9dd492a1583e00aaed7.jpg
2026-06-05,2026-06-05 22:36:08,54,BV1r6V26BE9i,116685486949496,《上海奥特曼4：沪特曼集结！》,册那队长,小剧场,娱乐,85,53,2667678,910,5071,124139,9198,17350,28828,1780479544,https://www.bilibili.com/video/BV1r6V26BE9i,http://i0.hdslb.com/bfs/archive/a062cb9d7991230d0d7287d7d8fd5bead9ec6788.jpg
2026-06-05,2026-06-05 22:36:08,55,BV1LCV66VE45,116680873346829,剥蒜的情谊147.0,NinthA-,网络游戏,游戏,65,147,1316141,663,696,100700,1235,15464,1326,1780455600,https://www.bilibili.com/video/BV1LCV66VE45,http://i1.hdslb.com/bfs/archive/21d74a2ecc26d0c95ecd1e1af6e84bf567bf37c9.jpg
2026-06-05,2026-06-05 22:36:08,56,BV1bwV161Er2,116684413209270,【aespa】LEMONNNN,aespa,音乐综合,音乐,130,11,4877541,6491,15251,91030,18913,9609,4258,1780475400,https://www.bilibili.com/video/BV1bwV161Er2,http://i1.hdslb.com/bfs/archive/1e63fbee388c793dc0403c872eefb52a8d7d8615.jpg
2026-06-05,2026-06-05 22:36:08,57,BV1jLVU6eEXE,116684782377667,可不可以买三十块烧腊？,食深烧腊,美食测评,美食,213,99,941525,678,1964,106771,62475,4653,493,1780468779,https://www.bilibili.com/video/BV1jLVU6eEXE,http://i1.hdslb.com/bfs/archive/62b6a42513640bcbd689b2a89fb9b999a1205332.jpg
2026-06-05,2026-06-05 22:36:08,58,BV1f3VU6KEqy,116684832644044,"从""健身芭比""到""女企业家""，帕梅拉有多会""赚""？",小Lin说,财经商业,知识,207,1745,1761804,1594,1382,49870,8666,15869,2910,1780479000,https://www.bilibili.com/video/BV1f3VU6KEqy,http://i0.hdslb.com/bfs/archive/ad9df863f29ccc8f07472fc5234c04740f6ee4b3.jpg
2026-06-05,2026-06-05 22:36:08,59,BV1uAVo6yE5n,116673222806359,阳寿伏妖  青州篇【一口气看完八小时合集】,七夜不起夜z,综合,综合,27,31228,1000687,11262,1558,56671,33436,65354,3087,1780292399,https://www.bilibili.com/video/BV1uAVo6yE5n,http://i2.hdslb.com/bfs/archive/1d5f24afd7637434849f1321276448ab358b1094.jpg
2026-06-05,2026-06-05 22:36:08,60,BV1G1VB6PEro,116680286144492,今天的员工够燥的~#异宠 #爬宠 #慢宠时钟 #萌宠,慢宠日记啊,日常,生活,21,79,3285976,595,3291,128002,1615,9059,6140,1780400126,https://www.bilibili.com/video/BV1G1VB6PEro,http://i0.hdslb.com/bfs/archive/816ee56ee784d2ccfe8c14d2289cfa7fa2839d73.jpg
2026-06-05,2026-06-05 22:36:08,61,BV1uE7d6JEAp,116688674624635,啥龙：医生说我只剩几天了……,小陈的脚凑凑的,日常,生活,21,181,868385,879,1430,62044,5228,14821,3066,1780528049,https://www.bilibili.com/video/BV1uE7d6JEAp,http://i1.hdslb.com/bfs/archive/e92886e4f49270b6f1a24481e0b0851d64e70fc4.jpg
2026-06-05,2026-06-05 22:36:08,62,BV1ypV66dEru,116681359754958,G胖为上架R18游戏硬刚V社法务 玩家至上 不做干预,Will游戏堂,数码,科技,95,51,1145506,677,3249,133578,2304,17978,10046,1780444800,https://www.bilibili.com/video/BV1ypV66dEru,http://i1.hdslb.com/bfs/archive/e3e911d6f451bd85e0fb10b15ba13e2f9b6b96cc.jpg
2026-06-05,2026-06-05 22:36:08,63,BV1YmV666EoR,116681091515032,坏了，这下特朗普都反犹了,波士顿圆脸,社科·法律·心理,知识,124,915,1346635,2907,2804,71841,6048,7222,2078,1780412433,https://www.bilibili.com/video/BV1YmV666EoR,http://i0.hdslb.com/bfs/archive/52eddb4b47addf6fcebb5bcb20458336c2d0d4ea.jpg
2026-06-05,2026-06-05 22:36:08,64,BV1LVVv6tEPa,116677970756336,【鹿野/小动画】wonderland [儿童节24h产物],民用核武器,同人·手书,动画,47,37,484545,92,591,156317,13789,26188,2075,1780395093,https://www.bilibili.com/video/BV1LVVv6tEPa,http://i1.hdslb.com/bfs/archive/2ef288272c38b705f82c7e23150d7ae538b17ce8.jpg
2026-06-05,2026-06-05 22:36:08,65,BV1NoVm62EFd,116684715197497,金库测金，海峡测雷，万税爷进军测评赛道？,麻薯波比呀,社科·法律·心理,知识,124,1010,1155904,2333,2487,69559,7224,7238,771,1780479745,https://www.bilibili.com/video/BV1NoVm62EFd,http://i2.hdslb.com/bfs/archive/d200d3f215d8a9d6eb13923af38007a3d0ff34b4.jpg
2026-06-05,2026-06-05 22:36:08,66,BV11DVo6rEo7,116674850196476,🐱穷鬼气球,竹内有虫,综合,综合,27,40,1099519,564,3982,138825,8490,41033,22746,1780317192,https://www.bilibili.com/video/BV11DVo6rEo7,http://i0.hdslb.com/bfs/archive/c914f8432580c402c9749aca8e6fa9efa26eedbb.jpg
2026-06-05,2026-06-05 22:36:08,67,BV1CYVy6vETT,116682852929454,【IGN】《战神：劳菲（God of War Laufey）》深度玩法演示 |  State of Play,IGN中国,单机游戏,游戏,17,1425,1629656,12954,15239,35639,10837,10630,42916,1780440137,https://www.bilibili.com/video/BV1CYVy6vETT,http://i1.hdslb.com/bfs/archive/a78c73d63af672d1dcaa84b7a8dabdb7c59cd0ab.jpg
2026-06-05,2026-06-05 22:36:08,68,BV1ps796qErr,116685822560107,谁在等谁的出现,为了我活下去,综合,综合,27,36,480519,246,1417,144607,7338,22565,1766,1780484521,https://www.bilibili.com/video/BV1ps796qErr,http://i1.hdslb.com/bfs/archive/49a476c711b1d61ec7ffa37684a398ddb857435a.jpg
2026-06-05,2026-06-05 22:36:08,69,BV1JKEw6QEw9,116691509970719,我读了你们的评论 把阎王召唤出来了T_T,汤木檀泽,日常,生活,21,959,1227052,1178,1354,81044,4408,9685,376,1780571268,https://www.bilibili.com/video/BV1JKEw6QEw9,http://i1.hdslb.com/bfs/archive/0b6c7ccb214b6211a4cf9a8741eb473536e42587.jpg
2026-06-05,2026-06-05 22:36:08,70,BV1WBVZ6zEZF,116674262997815,朋克的扑满完整版！六一变身巴啦啦小魔丸！,辉泰廊大王,音乐现场,音乐,29,87,1003412,281,1883,118981,20466,26792,5560,1780309712,https://www.bilibili.com/video/BV1WBVZ6zEZF,http://i1.hdslb.com/bfs/archive/7b6177df7c5730719e6e85670d645595c6ff940e.jpg
2026-06-05,2026-06-05 22:36:08,71,BV1xWG16qEBn,116644936422865,我打孔子，真的假的？,自动鬼畜中的WZ,鬼畜调教,鬼畜,22,281,3291612,2663,6541,153480,7091,29698,6686,1780286400,https://www.bilibili.com/video/BV1xWG16qEBn,http://i2.hdslb.com/bfs/archive/5395cba11bd2f2864886c0fa2c3962deef4570e3.jpg
2026-06-05,2026-06-05 22:36:08,72,BV1Nk7X6TEnq,116686023955827,半个小孩，全部的妈妈,超级猫猫兽,同人·手书,动画,47,483,865468,1426,4256,90233,14377,33766,3587,1780487705,https://www.bilibili.com/video/BV1Nk7X6TEnq,http://i0.hdslb.com/bfs/archive/25cb3d6f6dd951590c71a8ea993463455554b0c6.jpg
2026-06-05,2026-06-05 22:36:08,73,BV1dFV66rEwZ,116679463929983,"""这一刻，他简直正的发邪""",wrizedm,影视剪辑,影视,183,115,1350568,282,638,99825,4493,19022,1437,1780387590,https://www.bilibili.com/video/BV1dFV66rEwZ,http://i1.hdslb.com/bfs/archive/0d76efe5941248b388135046493c78dbb702e210.jpg
2026-06-05,2026-06-05 22:36:08,74,BV17pVC6WECy,116681544304592,带良子和花胖在华哥训练营偷吃，闷子、板面、大肠都安排上,俞涛不光会做九转大肠,美食记录,美食,215,247,1541806,917,2391,72774,1738,4470,2692,1780455600,https://www.bilibili.com/video/BV17pVC6WECy,http://i1.hdslb.com/bfs/archive/ecf1293c7f3c2f89f52a51e5ad0ce5201f1be340.jpg
2026-06-05,2026-06-05 22:36:08,75,BV1edV26tEsB,116685654722666,复仇整蛊！蛋黄派伪装摄影师突袭周深，几秒就被识破？,记录生活的蛋黄派,美食测评,美食,213,556,1551108,6444,2542,74224,25389,27092,3385,1780565400,https://www.bilibili.com/video/BV1edV26tEsB,http://i2.hdslb.com/bfs/archive/a16b60bc03719059e3218dee538877f554f3f9b4.jpg
2026-06-05,2026-06-05 22:36:08,76,BV1L7Ew65ETv,116691124098703,我养护的石拱桥，已经被国家收录为不可移动文物！,抓紧长长长呀,三农,生活,251,604,989402,811,1599,77209,4420,4603,291,1780565746,https://www.bilibili.com/video/BV1L7Ew65ETv,http://i1.hdslb.com/bfs/archive/56f52737bc566db19c5316ccdcc3b87cc81709e0.jpg
2026-06-05,2026-06-05 22:36:08,77,BV1pDV86oE6S,116657217344637,热烈欢迎薛凯琪！工作之余，Fiona会带哪些让自己感到快乐的东西呢～（录完这期脑海里都是Fifi的笑声,papi酱,短片,动画,256,2017,550030,6878,2784,66200,26471,8544,3907,1780632000,https://www.bilibili.com/video/BV1pDV86oE6S,http://i2.hdslb.com/bfs/archive/032f4048d6f94c465fc10972289999cf79f2572f.jpg
2026-06-05,2026-06-05 22:36:08,78,BV1TL796CE52,116685721830606,歌剧老师锐评韩娱BLACKPINK  JYP & MAMAOO Red Velvet TWICE,铁豆钢蛋,乐评盘点,音乐,243,3086,827130,21108,10521,42879,18613,7404,2464,1780483444,https://www.bilibili.com/video/BV1TL796CE52,http://i1.hdslb.com/bfs/archive/ab6356296c8f9523a858fc15dd4a808fbc51b773.jpg
2026-06-05,2026-06-05 22:36:08,79,BV1idV26bE2E,116685654921483,宗元舞2.0紧绷之人3,是柳宗元,电子竞技,游戏,171,51,1117279,354,860,126287,2652,15947,2485,1780481914,https://www.bilibili.com/video/BV1idV26bE2E,http://i2.hdslb.com/bfs/archive/395efa2aefe284345f5e64ce17985d0467cd2247.jpg
2026-06-05,2026-06-05 22:36:08,80,BV1nsVf6ME6Q,116675974335267,起初我一直以为“霸总”只是大家对王心凌站哥站姐的爱称…,王心凌FM,音乐现场,音乐,29,42,3313605,520,2977,207127,2163,7310,1760,1780334311,https://www.bilibili.com/video/BV1nsVf6ME6Q,http://i1.hdslb.com/bfs/archive/577514b0c4adb075d9561dda563e0b33c2cc9b1e.jpg
2026-06-05,2026-06-05 22:36:08,81,BV1797X6ZEvW,116686158038804,真跳60分钟，天台暴晒也算时间哦,矮乐多Aliga,日常,生活,21,3639,743598,918,1298,44590,8730,15717,1600,1780490050,https://www.bilibili.com/video/BV1797X6ZEvW,http://i0.hdslb.com/bfs/archive/51a11a46ff9c8a78cf19a5444bd1f18bb0099c9d.jpg
2026-06-05,2026-06-05 22:36:08,82,BV1y8Vk6fEwn,116682047625847,【速凌宇宙】第十九集：哈基蜂化身哈夫克安保队长？？准备摇人？,高司令-速凌电竞,单机游戏,游戏,17,582,1980777,4683,1325,100106,13814,81398,949,1780459200,https://www.bilibili.com/video/BV1y8Vk6fEwn,http://i0.hdslb.com/bfs/archive/2e5bf49a8947806e05fb8970a421bd94a8a6e7b6.jpg
2026-06-05,2026-06-05 22:36:08,83,BV1rMVz67EMs,116679967312875,开关灯木头人挑战！,酱油白米饭原创,小剧场,娱乐,85,99,2433512,388,624,95892,1702,23948,2814,1780395433,https://www.bilibili.com/video/BV1rMVz67EMs,http://i0.hdslb.com/bfs/archive/b909eaaf95648e5156635c9c1afd57ac6da69f64.jpg
2026-06-05,2026-06-05 22:36:08,84,BV11BVU6mEUe,116669431157836,做了一把千机伞，能变十三个形态的那种｜最强的武器一定是自制的,o小庄o,仿妆cos,时尚,252,172,3397055,1438,3966,168256,59256,54065,12699,1780234512,https://www.bilibili.com/video/BV11BVU6mEUe,http://i0.hdslb.com/bfs/archive/b0de098d43f32c720b593ef44a69ca1be9cccb90.jpg
2026-06-05,2026-06-05 22:36:08,85,BV1MqVr6KEf6,116680554449914,突围吧少年！微光汇聚，用爱照亮向新的路,暗区突围,短片,动画,256,350,508055,2778,2776,70193,31581,22613,2751,1780404296,https://www.bilibili.com/video/BV1MqVr6KEf6,http://i2.hdslb.com/bfs/archive/0c7b730014db6386c174f304fbac32bdd71c4447.jpg
2026-06-05,2026-06-05 22:36:08,86,BV1iQV26cEfX,116685436618474,东北下岗三十年后，我看见了普通人的生活,十七岁歌手想打中单,出行,生活,250,3132,920678,2810,4170,35901,9644,13470,3400,1780479467,https://www.bilibili.com/video/BV1iQV26cEfX,http://i2.hdslb.com/bfs/archive/336087b59dbbf943701843cf5d3dfee77ef315e9.jpg
2026-06-05,2026-06-05 22:36:08,87,BV1pAVz6DEDB,116679816252276,马尔代夫潜水事故，5人洞穴潜水6人遇难,神秘园,影视杂谈,影视,182,812,1626613,7150,4976,73892,9258,13573,6003,1780398000,https://www.bilibili.com/video/BV1pAVz6DEDB,http://i1.hdslb.com/bfs/archive/141ade135f39736a342786a14b07bd965e1ba300.jpg
2026-06-05,2026-06-05 22:36:08,88,BV1dCV66GEgM,116680873280095,《明日方舟：终末地》干员叙事 [弭弗：煞星],明日方舟终末地,手机游戏,游戏,172,637,1038488,3797,8114,43141,10198,6375,4969,1780457400,https://www.bilibili.com/video/BV1dCV66GEgM,http://i1.hdslb.com/bfs/archive/033ff148a9ed8d3736243342bbb59dbe14cbc0ee.jpg
2026-06-05,2026-06-05 22:36:08,89,BV1DyVm6REs8,116685117982770,Oi，今天跟老舅争锋相对！！,花小龙oy,健身,运动,164,218,942371,656,1380,68721,2808,2654,1242,1780473800,https://www.bilibili.com/video/BV1DyVm6REs8,http://i0.hdslb.com/bfs/archive/56fe0a9ea6c893cba847452a26b23804912df627.jpg
2026-06-05,2026-06-05 22:36:08,90,BV16NVZ6wEZw,116674430768725,“少女暴君”翻《荣耀向我俯首》法语完整版！,芋泥脑袋邹十八,翻唱,音乐,31,159,1365073,270,1059,122846,14693,44415,2604,1780310639,https://www.bilibili.com/video/BV16NVZ6wEZw,http://i2.hdslb.com/bfs/archive/60aebd868808697e36d33ea7c801ce8f7fafcec3.jpg
2026-06-05,2026-06-05 22:36:08,91,BV1aUVB6cE4P,116680185353959,说个事儿,麦片是只小金毛,社科·法律·心理,知识,124,411,511259,3137,3730,65817,24093,8515,5959,1780398768,https://www.bilibili.com/video/BV1aUVB6cE4P,http://i1.hdslb.com/bfs/archive/6d8fa2c40f1dd5d4be4980602da4f1c6fd72ca5b.jpg
2026-06-05,2026-06-05 22:36:08,92,BV1bL796CEpe,116685721899286,如果我来挑战拍华语地区的经典MV风格？这一期是粉丝投稿哦！,李如儒也是李蠕蠕,小剧场,娱乐,85,159,991981,973,779,67126,6153,3696,751,1780483280,https://www.bilibili.com/video/BV1bL796CEpe,http://i2.hdslb.com/bfs/archive/6305a2e9ddc370f1b9e15ba5265e209ff8ea0438.jpg
2026-06-05,2026-06-05 22:36:08,93,BV1XS796JETP,116687701545253,"""见过花开就好 何必在意花为谁开""19.0",我爱吃派大星,音乐综合,音乐,130,163,1010371,488,881,57461,380,6481,213,1780532400,https://www.bilibili.com/video/BV1XS796JETP,http://i1.hdslb.com/bfs/archive/29288eae5b7e0f9e2243fa9682885eab8981887d.jpg
2026-06-05,2026-06-05 22:36:08,94,BV1nWVm6uEqb,116685285624503,我吃牛瘪火锅 结果买错牛胃了,张离谱Dreams,搞笑,娱乐,138,97,1135810,630,1588,67773,1057,19388,5552,1780476405,https://www.bilibili.com/video/BV1nWVm6uEqb,http://i0.hdslb.com/bfs/archive/6f4f02f224993a1933f3e515e84d84edb5ca3808.jpg
2026-06-05,2026-06-05 22:36:08,95,BV1aDV66qEyT,116680990661162,我去，还有第二….3456关,柒玖动漫柒柒游电竞,同人·手书,动画,47,138,1403758,321,492,76181,1848,34066,860,1780410708,https://www.bilibili.com/video/BV1aDV66qEyT,http://i2.hdslb.com/bfs/archive/b6087ce4f978b2d28e73bd505c619558334e107b.jpg
2026-06-05,2026-06-05 22:36:08,96,BV1xn796gEwT,116685872890580,别的嘉豪：黑客股票 我们班嘉豪：暗网共济会光明会，就很，你们懂吧？,一棵一棵,搞笑,娱乐,138,366,965674,2590,3676,41069,1889,6355,2215,1780485487,https://www.bilibili.com/video/BV1xn796gEwT,http://i0.hdslb.com/bfs/archive/31333f127ed869429907d909fda0340e558a32d1.jpg
2026-06-05,2026-06-05 22:36:08,97,BV1gWVd6GEna,116673323603460,期末到了，你们寝室准备好应对之策了吗,灵霖七,日常,生活,21,200,1865305,1251,2000,86953,14212,16783,6328,1780293767,https://www.bilibili.com/video/BV1gWVd6GEna,http://i0.hdslb.com/bfs/archive/d0a8e406e4231a2cad0caefda83bab3276dc8059.jpg
2026-06-05,2026-06-05 22:36:08,98,BV17SVZ6wEy1,116673877116037,除草届来了个无关紧要的人,菜鸡罢了呀,搞笑,娱乐,138,347,1614015,1902,4179,48552,901,3639,387,1780388700,https://www.bilibili.com/video/BV17SVZ6wEy1,http://i1.hdslb.com/bfs/archive/b8d02a39fcb647a1cbae31ad3eafc1999cc2cbea.jpg
2026-06-05,2026-06-05 22:36:08,99,BV1g2Vm6WETv,116685101074131,千万级大场面的廉价拍摄方式！别人狠砸半个亿，你十几万就搞定了？,电影冷知识,影视杂谈,影视,182,233,1872447,531,498,75904,1009,11147,238,1780473686,https://www.bilibili.com/video/BV1g2Vm6WETv,http://i1.hdslb.com/bfs/archive/bd09f94ce358a832099b4c95f00ad4c4ae832d4d.jpg
2026-06-05,2026-06-05 22:36:08,100,BV1ZTV26cEeq,116684044110381,陶勇：做近视手术，其实是“掩耳盗铃”,北京青年x壹次访谈录,综艺,综艺,71,779,626608,602,2667,19360,5443,18057,9588,1780480800,https://www.bilibili.com/video/BV1ZTV26cEeq,http://i2.hdslb.com/bfs/archive/59f98d99bc703febc4b1f35ea244bb2027ccb6e2.jpg
