rank_date,snapshot_time,rank_position,bvid,aid,title,author,category,main_category,tid,duration,view_count,danmaku_count,reply_count,like_count,coin_count,favorite_count,share_count,pubdate,video_url,cover_url
2026-06-18,2026-06-18 00:04:12,1,BV1nAJK6PEwh,116749374593001,《原神》动画短片——「最后的遗产」,原神,手机游戏,游戏,172,1861,5400731,81556,49720,610772,623206,216953,99642,1781496000,https://www.bilibili.com/video/BV1nAJK6PEwh,http://i0.hdslb.com/bfs/archive/7643cfcbd6364efae92208ab8aeb5cc75ba6173a.jpg
2026-06-18,2026-06-18 00:04:12,2,BV1dmJP6sEgd,116748384731561,迈克尔杰克逊的billiejean，斗胆跳一段。,特崮斯,篮球,运动,235,67,4309872,2346,10981,734949,137386,73778,14350,1781439271,https://www.bilibili.com/video/BV1dmJP6sEgd,http://i2.hdslb.com/bfs/archive/d06b949e7976e0c255a0f4885cb8a3acf0165294.jpg
2026-06-18,2026-06-18 00:04:12,3,BV1pUJG6oEVS,116753787060825,没想到开水也能直接加进肉馅里？这样包子馅里的汤汁反而更多？,品诺美食开课啦,美食制作,美食,76,163,3605693,1717,5211,278046,20231,145369,22869,1781521614,https://www.bilibili.com/video/BV1pUJG6oEVS,http://i1.hdslb.com/bfs/archive/378a1b54cfa0920e77014bbb87854906953d94cc.jpg
2026-06-18,2026-06-18 00:04:12,4,BV1BcJP6oEw5,116748552570821,《主任你说句话啊》,伤心欲茄222,搞笑,娱乐,138,179,3361721,1376,4568,292560,5061,14624,2901,1781509152,https://www.bilibili.com/video/BV1BcJP6oEw5,http://i2.hdslb.com/bfs/archive/8bd2d7dd01d2bb0e46134221396a5ebb1a79045a.jpg
2026-06-18,2026-06-18 00:04:12,5,BV1QNJu6bEts,116751740179733,峰峦叠嶂间，此城何处寻？,鸣潮,手机游戏,游戏,172,477,2827345,11941,30137,143691,88925,30677,75981,1781492400,https://www.bilibili.com/video/BV1QNJu6bEts,http://i2.hdslb.com/bfs/archive/0dd7257472d03c50150cd38ff7efb425c8cfd40a.jpg
2026-06-18,2026-06-18 00:04:12,6,BV1Wzjg65EM6,116757746424408,在AI里抛硬币，概率是50%吗？,影视飓风,单机游戏,游戏,17,617,3186633,3812,3871,237110,31650,35478,6218,1781600400,https://www.bilibili.com/video/BV1Wzjg65EM6,http://i1.hdslb.com/bfs/archive/ba06201e7786575aaf3b77304c7f74e9c958eb05.jpg
2026-06-18,2026-06-18 00:04:12,7,BV1caJw6ZEwT,116747445208084,你懂白鹿吗？——内娱嘉欣,玉玉__,娱乐粉丝创作,娱乐,242,710,4835350,12134,9463,272363,57208,67299,15707,1781425006,https://www.bilibili.com/video/BV1caJw6ZEwT,http://i1.hdslb.com/bfs/archive/b0e3f677673a83698198228b72e9ea8b69eb5cfa.jpg
2026-06-18,2026-06-18 00:04:12,8,BV1PaJP6iEjo,116748216964436,有人把五厘米当成玩笑，有人把它藏在遗憾里。,有Ai-爱制作,职业职场,职业职场,209,164,1504030,1983,11391,144517,20330,27554,4058,1781523300,https://www.bilibili.com/video/BV1PaJP6iEjo,http://i0.hdslb.com/bfs/archive/fc6b9aaf6fa22914cf4467a485ba4752670aaabb.jpg
2026-06-18,2026-06-18 00:04:12,9,BV1EcJP6oEvo,116748552508416,躲在超市后门吸烟的二人《Night Smoker》,清风最梦,明星综合,明星综合,137,92,2725152,8332,7663,213652,32649,51297,66755,1781441576,https://www.bilibili.com/video/BV1EcJP6oEvo,http://i1.hdslb.com/bfs/archive/5ad6fd0412b663fb81a4ccddf62982316516bc4e.jpg
2026-06-18,2026-06-18 00:04:12,10,BV1wCJM6yEaG,116752176387369,杨氏跑刀法,杨齐家_,单机游戏,游戏,17,1496,1948176,4855,47008,116293,14691,19717,1341,1781514000,https://www.bilibili.com/video/BV1wCJM6yEaG,http://i0.hdslb.com/bfs/archive/c7b0616e8ff73714ae8551d92e0f61977492a5f5.jpg
2026-06-18,2026-06-18 00:04:12,11,BV11qJJ67Ei5,116740532999919,人到底可以多倒霉,喝茶喝到胃痛,日常,生活,21,264,1683632,4771,6054,232078,5427,20241,3868,1781319487,https://www.bilibili.com/video/BV11qJJ67Ei5,http://i1.hdslb.com/bfs/archive/742d23c81be304e917d2189b1afb8eeb4596da66.jpg
2026-06-18,2026-06-18 00:04:12,12,BV1hsJg6vE2t,116753283747086,泽连斯基劝降俄罗斯,燕三嘤嘤嘤,人文历史,知识,228,1108,2285311,12780,8161,120866,28465,16930,2365,1781517000,https://www.bilibili.com/video/BV1hsJg6vE2t,http://i1.hdslb.com/bfs/archive/6525afebeafbb6d3d096c21ca3a52e139af00ad3.jpg
2026-06-18,2026-06-18 00:04:12,13,BV1WSJA6NE43,116748955156936,新三国up锐评神探狄仁杰01：全剧最大的谜团出现了,吃蛋挞的折棒,影视剪辑,影视,183,1441,1215856,15729,9624,89776,68975,18046,3632,1781488800,https://www.bilibili.com/video/BV1WSJA6NE43,http://i0.hdslb.com/bfs/archive/4079fd0ebde89e938ab366e21a800c2b4741033b.jpg
2026-06-18,2026-06-18 00:04:12,14,BV1bkJN6mEzJ,116749659807076,开局直接当领主，还送4个全副武装牛马小弟【剑与王国】,磊哥游戏,手机游戏,游戏,172,409,1182145,3126,4360,137886,14181,22277,3984,1781485200,https://www.bilibili.com/video/BV1bkJN6mEzJ,http://i0.hdslb.com/bfs/archive/789c42aa10c5fc707f642d2e82ed8caaa81e3210.jpg
2026-06-18,2026-06-18 00:04:12,15,BV1wwE165EpD,116736741349278,《诡秘之主：愚者》首曝PV | 欢迎回来，愚者先生,诡秘之主愚者,GMV,GMV,121,157,1937516,2117,2611,103860,34051,36936,8718,1781658000,https://www.bilibili.com/video/BV1wwE165EpD,http://i1.hdslb.com/bfs/archive/190e57d8867c7683397960f926975cf3b0d88740.jpg
2026-06-18,2026-06-18 00:04:12,16,BV16hJ36JEEB,116752293822838,【侯绿萝】新作上线，快来看看！,侯绿萝,小剧场,娱乐,85,177,2031408,619,746,146267,3549,11179,850,1781499003,https://www.bilibili.com/video/BV16hJ36JEEB,http://i2.hdslb.com/bfs/archive/17fcdc6b0de5eafd940e9c02695b6b588453009b.jpg
2026-06-18,2026-06-18 00:04:12,17,BV1X9JP6nEJs,116748049187177,破晓将至，律己则安，终见黎明！,花小龙oy,健身,运动,164,230,1917224,1453,5272,173952,7409,7418,3904,1781433996,https://www.bilibili.com/video/BV1X9JP6nEJs,http://i1.hdslb.com/bfs/archive/8622e6312c0448d70defa53d5ab3a0d9347f78be.jpg
2026-06-18,2026-06-18 00:04:12,18,BV1LmjK6pEBk,116755783490540,不同人格打游戏,锤子game,搞笑,娱乐,138,86,3117014,815,3722,187818,2908,15069,18346,1781582400,https://www.bilibili.com/video/BV1LmjK6pEBk,http://i1.hdslb.com/bfs/archive/d0d1e1b2fdab4bcdfadc7f0b05e997c96a918750.jpg
2026-06-18,2026-06-18 00:04:12,19,BV1gBJA6CE5v,116748871408493,当高考生帮大学生代课：,戚小鱼_,日常,生活,21,86,2227082,332,2093,230087,1230,11797,4348,1781446586,https://www.bilibili.com/video/BV1gBJA6CE5v,http://i0.hdslb.com/bfs/archive/d5826227e0cd3daef374cf6a817b420f5cbcb246.jpg
2026-06-18,2026-06-18 00:04:12,20,BV1GgJV6kEWd,116753350860127,《安宁大厦生存守则》第十集,Fel探险记,短片,动画,256,349,1086680,1113,1282,96518,9317,18869,2165,1781515306,https://www.bilibili.com/video/BV1GgJV6kEWd,http://i2.hdslb.com/bfs/archive/40f87281a0032e4846d825714689cbc0e1fc8771.jpg
2026-06-18,2026-06-18 00:04:12,21,BV1GhJG6uEct,116753988328406,《参加公司大会迟到的我be like》,小蔡在东京,颜值·网红舞,颜值·网红舞,255,18,3842188,1948,5520,303288,3738,20566,10989,1781524765,https://www.bilibili.com/video/BV1GhJG6uEct,http://i1.hdslb.com/bfs/archive/fed3124ebc6b72bf677587104e4f47e7a75cf659.jpg
2026-06-18,2026-06-18 00:04:12,22,BV1BTjg6KEBB,116758098739712,泪…。,無無無鱼子,同人·手书,动画,47,17,1194168,219,2248,273345,6410,47163,4006,1781587312,https://www.bilibili.com/video/BV1BTjg6KEBB,http://i0.hdslb.com/bfs/archive/ad19127576eb3f2674730b84f05a4cea3025a63b.jpg
2026-06-18,2026-06-18 00:04:12,23,BV1SjJV6qEWz,116753552120519,来杯好茶摇一摇,栗川芥,日常,生活,21,18,1564469,1590,4945,231702,4743,36524,10160,1781518053,https://www.bilibili.com/video/BV1SjJV6qEWz,http://i2.hdslb.com/bfs/archive/d58e1ac6b94f8fc2f1c3242df9764a8ef59b8c4f.jpg
2026-06-18,2026-06-18 00:04:12,24,BV1QMJ36NE1W,116752545487524,10秒速成《NIGHT DANCER》！！学会了吗,野生小叔,翻唱,音乐,31,19,1263055,146,2278,180149,4764,86431,4376,1781502765,https://www.bilibili.com/video/BV1QMJ36NE1W,http://i2.hdslb.com/bfs/archive/4dbd990d8631db9faede61a96722322d318bdc83.jpg
2026-06-18,2026-06-18 00:04:12,25,BV1ztj36rEjF,116759357163411,月薪三千去锯齿的正确方式、结尾带原理！,佛系小詹设计日常,设计·创意,设计·创意,229,47,2282331,91,940,128398,4019,90214,1043,1781606612,https://www.bilibili.com/video/BV1ztj36rEjF,http://i1.hdslb.com/bfs/archive/25a4b941d05eb018db00872e5f6055f2dde2d455.jpg
2026-06-18,2026-06-18 00:04:12,26,BV1xrEB6eE4r,116732580665475,手机扫荡,Y的生存手记,综合,综合,27,576,1466296,1401,3901,165778,6227,37385,6841,1781258400,https://www.bilibili.com/video/BV1xrEB6eE4r,http://i1.hdslb.com/bfs/archive/09b799238d00b1b4ae90f2bfc40f201dea3e4498.png
2026-06-18,2026-06-18 00:04:12,27,BV1FhJ36nE7p,116752293891019,孙悟空命格｜心魔六耳CG《自渡》——若此身本是虚妄，又怕什么魂飞魄散？,王者荣耀,电子竞技,游戏,171,663,1631480,11365,10167,82932,6421,17354,19810,1781522380,https://www.bilibili.com/video/BV1FhJ36nE7p,http://i0.hdslb.com/bfs/archive/f622f436d492c6b3638d6a3d062d65f4ea865169.jpg
2026-06-18,2026-06-18 00:04:12,28,BV12BJg6dEzf,116752797275826,【机核独家】《鸣潮》共鸣者「秧秧·玄翎」、「穗穗」演示,机核GCORES,单机游戏,游戏,17,61,2275591,5992,14785,125035,36374,23740,107454,1781517201,https://www.bilibili.com/video/BV12BJg6dEzf,http://i0.hdslb.com/bfs/archive/09db1b7f19b79b31b2190a3d8fd2225c21829f37.jpg
2026-06-18,2026-06-18 00:04:12,29,BV1AuJA6YEM2,116747311057858,有一个人前来踢球,王与也行,鬼畜剧场,鬼畜剧场,216,176,1954119,1765,2548,86789,18122,18375,12908,1781422862,https://www.bilibili.com/video/BV1AuJA6YEM2,http://i1.hdslb.com/bfs/archive/646bd7f8f790fb7343a8acb7ed8c08b3d76a7f91.jpg
2026-06-18,2026-06-18 00:04:12,30,BV1ZSJM6zEFv,116752109275369,【女儿殿下 | 官方MV 】周杰伦 疯疯癫癫 Hey 风度翩翩 Hey 陪我家公主玩变化万千 Hey,杰威尔音乐,MV,MV,193,225,1641895,2656,4782,62958,30266,15594,14928,1781496081,https://www.bilibili.com/video/BV1ZSJM6zEFv,http://i1.hdslb.com/bfs/archive/9f9433d891690581f48adfa70e2b0fc092aac264.jpg
2026-06-18,2026-06-18 00:04:12,31,BV1UFJN6jEZz,116747982080905,中国的危与机？中美俄欧中东，AI美债美元，混乱世界中|正在发生 ep1 翟东升,王骁Albert,财经商业,知识,207,8295,920454,21332,6315,65388,57894,34103,10913,1781434800,https://www.bilibili.com/video/BV1UFJN6jEZz,http://i2.hdslb.com/bfs/archive/8fdde637aaee057b244a01cd6931a1b0c253714f.jpg
2026-06-18,2026-06-18 00:04:12,32,BV1TGj36QEpx,116759323483098,"几百只流浪猫猫搬到70,000平的林地，开启新生活。",五月妈院儿里的小流浪,喵星人,喵星人,218,391,636121,2046,3378,79154,65599,7954,2488,1781606239,https://www.bilibili.com/video/BV1TGj36QEpx,http://i1.hdslb.com/bfs/archive/a3e630d8a1757bde0f399a4f08250b981511afff.jpg
2026-06-18,2026-06-18 00:04:12,33,BV1UkjT6yEPq,116757595422987,乘螺舟而至——《太吾绘卷》与中国独立游戏的八年,新华社,日常,生活,21,716,2131192,5309,7457,71035,17526,8857,14841,1781582100,https://www.bilibili.com/video/BV1UkjT6yEPq,http://i1.hdslb.com/bfs/archive/79c11095248e4800a41f3e8e4abea6fa13554783.jpg
2026-06-18,2026-06-18 00:04:12,34,BV17Qjg6KE2K,116759491254199,《锻刀大赛》长沙人·狗哥专场！up主与偶像双向奔赴的浪漫,沫子瞪片,影视杂谈,影视,182,1152,1127239,6480,1968,78507,24228,11699,1143,1781609078,https://www.bilibili.com/video/BV17Qjg6KE2K,http://i0.hdslb.com/bfs/archive/7fa2666efedfa2b47bcd77c03f4f2c6be5c47e16.jpg
2026-06-18,2026-06-18 00:04:12,35,BV1RPEz6mEnV,116732328942306,第一视角带你体验主播做的最正义的一集,未曾去过须弥山,日常,生活,21,189,1580062,6204,5263,203906,43159,17330,614,1781245020,https://www.bilibili.com/video/BV1RPEz6mEnV,http://i2.hdslb.com/bfs/archive/97cea6d2ac7e02f27ba13e2b447e6c9f0a7c9d9a.jpg
2026-06-18,2026-06-18 00:04:12,36,BV19sJH6NE2H,116741707601636,看一看早餐的质量怎么样#早餐#食品安全,陈大成bili,美食记录,美食,215,306,4845907,1508,3905,249759,23676,51874,10481,1781352000,https://www.bilibili.com/video/BV19sJH6NE2H,http://i0.hdslb.com/bfs/archive/583ad17b29d55a6f06c98eb251ec63dd9dfe7823.jpg
2026-06-18,2026-06-18 00:04:12,37,BV1aEE16YECM,116736825362515,墙那边根本就没有厕所！！,二三哥哥鸭,搞笑,娱乐,138,54,8481883,2341,13765,636677,27662,113798,74814,1781262796,https://www.bilibili.com/video/BV1aEE16YECM,http://i2.hdslb.com/bfs/archive/48e1cb9c9f1bbb3477c19823da428e734e84841c.jpg
2026-06-18,2026-06-18 00:04:12,38,BV1gvJG6qEBq,116753669756853,《女生vs男生》,郑凯伦伦伦,搞笑,娱乐,138,228,2115619,724,1325,109393,1485,8029,817,1781527051,https://www.bilibili.com/video/BV1gvJG6qEBq,http://i1.hdslb.com/bfs/archive/407e5952ffc113569d5650898e1da3c28b2b0aa0.jpg
2026-06-18,2026-06-18 00:04:12,39,BV13uJV6VEdW,116753367633164,韩国巴掌战神诞生！一掌扇飞坏学生，打响年度第一爽剧！韩剧《铁拳教育》第一期,小片片说大片,影视杂谈,影视,182,2440,1416634,5341,2162,61305,14791,20826,4731,1781517600,https://www.bilibili.com/video/BV13uJV6VEdW,http://i2.hdslb.com/bfs/archive/f5b07870e11ac6952226cbc38f8c57d90ba167c3.jpg
2026-06-18,2026-06-18 00:04:12,40,BV185Js6BE4i,116744140097496,【i-dle】 'Crow' Official Music Video,i-dle_official,音乐综合,音乐,130,203,1068984,21293,16062,78115,52566,24746,15870,1781442000,https://www.bilibili.com/video/BV185Js6BE4i,http://i0.hdslb.com/bfs/archive/27cbbd5112c850b931b2cfbf635e6dc8852dc99c.jpg
2026-06-18,2026-06-18 00:04:12,41,BV11NJA6NEnT,116747294212396,津 门 幸 运 大 转 轮（续）,肥龙和老西,搞笑,娱乐,138,79,1976701,679,1216,116617,4622,25327,5842,1781479800,https://www.bilibili.com/video/BV11NJA6NEnT,http://i2.hdslb.com/bfs/archive/f717c06d8b318da49af74093895dffa094e44ea4.jpg
2026-06-18,2026-06-18 00:04:12,42,BV1JNjg6BEZp,116757914327953,太行深山村医47年如一日，诠释医者仁心,油克东东,日常,生活,21,146,724494,895,2066,109527,46571,4166,286,1781584636,https://www.bilibili.com/video/BV1JNjg6BEZp,http://i0.hdslb.com/bfs/archive/b9ef0df589c79d9e895ea8603164faa376094f26.jpg
2026-06-18,2026-06-18 00:04:12,43,BV1mrjN6qE4C,116754625862301,《绝区零》维琳娜角色PV | 拟剧论,绝区零,手机游戏,游戏,172,818,689264,3086,3543,65620,28812,12295,4322,1781582400,https://www.bilibili.com/video/BV1mrjN6qE4C,http://i0.hdslb.com/bfs/archive/eb6d362a0b2b68ee2ea6a04110dca848b80c5258.jpg
2026-06-18,2026-06-18 00:04:12,44,BV1FfJx6tEwF,116745146795719,⚡为什么我的电扇不转呢⚡,发癫的芒果宝日常,日常,生活,21,12,1798476,2495,4984,169662,3462,31717,18471,1781389779,https://www.bilibili.com/video/BV1FfJx6tEwF,http://i1.hdslb.com/bfs/archive/ac85ec78b8a4fce539adef6c871281a96b545ed1.jpg
2026-06-18,2026-06-18 00:04:12,45,BV186EY6fErc,116729158044326,非洲最好的城市长啥样？美女扎堆，处处是风景，难怪吸引了几十万华人,小钟Johnny,出行,生活,250,707,1362249,3253,2834,53916,14147,15648,5008,1781516700,https://www.bilibili.com/video/BV186EY6fErc,http://i2.hdslb.com/bfs/archive/6201804a655791a12a96830c4932713a88f4a2f4.jpg
2026-06-18,2026-06-18 00:04:12,46,BV1xeJM6DE3D,116752075786224,杨家园---对话小潮院长,小杨Johnson,搞笑,娱乐,138,1680,721809,8743,1848,63135,33211,18349,1058,1781495904,https://www.bilibili.com/video/BV1xeJM6DE3D,http://i2.hdslb.com/bfs/archive/8b67913cff9d536a1a9568009a8b891dd1e8783b.jpg
2026-06-18,2026-06-18 00:04:12,47,BV14MJj66EWB,116738788169472,一方水土养一方舞蹈,我的老师有高度,舞蹈综合,舞蹈综合,154,349,1692465,1303,3443,156479,12440,21689,5073,1781308800,https://www.bilibili.com/video/BV14MJj66EWB,http://i2.hdslb.com/bfs/archive/907f426f4912bb15708879e9fc8a2798b776cda5.jpg
2026-06-18,2026-06-18 00:04:12,48,BV13uJw6CEGr,116747898195415,☝😯喔 ？！⚡⚡⚡,去码头整点薯条vv,鬼畜调教,鬼畜,22,190,1470610,597,787,91663,5816,12285,3828,1781431859,https://www.bilibili.com/video/BV13uJw6CEGr,http://i0.hdslb.com/bfs/archive/836f1d5b65f57a5776d182a8bd920c76527fbdcc.jpg
2026-06-18,2026-06-18 00:04:12,49,BV1ZqJF61E5d,116746757346937,我的脆皮人生be like,是旷世奇柴,日常,生活,21,34,2723698,364,2909,175173,2046,9366,6105,1781414280,https://www.bilibili.com/video/BV1ZqJF61E5d,http://i2.hdslb.com/bfs/archive/8ac5f772ec1e5037c059452f25c1901a9ab2bac3.jpg
2026-06-18,2026-06-18 00:04:12,50,BV1GWJg6KECu,116753300457414,和阎鹤祥在甘肃武威，放最野的羊，吃最夯的肉！,食贫道,日常,生活,21,3127,1338675,7898,1513,56985,24328,12531,3975,1781517624,https://www.bilibili.com/video/BV1GWJg6KECu,http://i1.hdslb.com/bfs/archive/eea97a1bfd30701c84e709b53644e243f3e399c8.jpg
2026-06-18,2026-06-18 00:04:12,51,BV1rCJM6yEEU,116752176514720,【雷军】在武汉过早 非常丰盛,雷军,新能源车,新能源车,247,86,1966544,1135,5411,142704,3420,7785,7243,1781497125,https://www.bilibili.com/video/BV1rCJM6yEEU,http://i2.hdslb.com/bfs/archive/1ae5eb886cc332936b2675283a16e9c0826d2466.jpg
2026-06-18,2026-06-18 00:04:12,52,BV1E5Jg6GEF4,116753065581369,选志愿的绝望时刻！,一串大福,搞笑,娱乐,138,194,1542272,727,925,91081,1605,12705,458,1781517600,https://www.bilibili.com/video/BV1E5Jg6GEF4,http://i1.hdslb.com/bfs/archive/62e3f3603e458aed6270ef39319bb38bad38494f.jpg
2026-06-18,2026-06-18 00:04:12,53,BV1g3Jw6GE2g,116747881416815,还挺能装的#情侣日常#抽象#搞笑#骑着小电驴兜风,dong哈哈丶,健身,运动,164,95,2024053,1219,2730,128866,2025,12882,5785,1781431428,https://www.bilibili.com/video/BV1g3Jw6GE2g,http://i0.hdslb.com/bfs/archive/9bd961c6b2d26d51f3e05d5f045d74c440c9950b.jpg
2026-06-18,2026-06-18 00:04:12,54,BV16bJ36DE25,116752243492511,在北美怎么收服黑帮成员给你干活，特工伪装消除势力范围,行走的大大大羊腿,出行,生活,250,112,2838449,338,1467,102743,2049,6993,761,1781498313,https://www.bilibili.com/video/BV16bJ36DE25,http://i0.hdslb.com/bfs/archive/6770d6802e4d099961bc7392d8456221501fa356.jpg
2026-06-18,2026-06-18 00:04:12,55,BV133Jw6GEGm,116747881416281,全 网 最 燃 的 动 画 教 程 3.0,滑铲师SQsir,同人·手书,动画,47,300,1460038,317,509,80159,6599,34904,1198,1781431407,https://www.bilibili.com/video/BV133Jw6GEGm,http://i0.hdslb.com/bfs/archive/d33d1737548cdcebe2bf799765c367263f8f24e4.jpg
2026-06-18,2026-06-18 00:04:12,56,BV12CjN6KE9N,116754541974666,如果爱昴天团看到了死归全过程【1】,生锈的包子,综合,综合,27,179,998171,576,2559,46937,6580,17491,1653,1781533160,https://www.bilibili.com/video/BV12CjN6KE9N,http://i2.hdslb.com/bfs/archive/e729eb7ae279dc6943ef06406951f7e1fb3223f9.jpg
2026-06-18,2026-06-18 00:04:12,57,BV1xrJG6aEbB,116753602512578,如果能一直这样温馨该有多好。,小散门,手机游戏,游戏,172,25,1856082,84,2446,116994,566,23138,2027,1781518853,https://www.bilibili.com/video/BV1xrJG6aEbB,http://i0.hdslb.com/bfs/archive/c11ee385bae0e76dc78bb43b5a9c0f8e4d5baeed.jpg
2026-06-18,2026-06-18 00:04:12,58,BV1guJ36vEWX,116752730098442,【TF家族练习生】《四一有意思》10:都很莫名其妙,TF家族,明星综合,明星综合,137,2581,1128170,302563,2693,46109,5832,22451,1428,1781517600,https://www.bilibili.com/video/BV1guJ36vEWX,http://i0.hdslb.com/bfs/archive/d634ccaee227507324f20fd1c51bd0a545dcc11b.jpg
2026-06-18,2026-06-18 00:04:12,59,BV16Njg6qENt,116757914195122,请停留3秒，为“糖丸爷爷”顾方舟献花，他用一粒糖丸守护了中国几代孩子的健康,大象新闻,社会,社会,205,45,488843,5627,1536,264797,22358,6734,480,1781584607,https://www.bilibili.com/video/BV16Njg6qENt,http://i0.hdslb.com/bfs/archive/53b2e6d54a32e56d714f027d0354784983e1f85e.jpg
2026-06-18,2026-06-18 00:04:12,60,BV1AtJw6hEER,116747428431438,功 夫 世 界 杯2.0,KM二号,鬼畜剧场,鬼畜剧场,216,211,712991,804,1528,70113,18599,17192,7176,1781428500,https://www.bilibili.com/video/BV1AtJw6hEER,http://i0.hdslb.com/bfs/archive/ba734cc39f96893e110dc2a66ebd57e40d11ad78.jpg
2026-06-18,2026-06-18 00:04:12,61,BV1eWJg6KE5x,116753300526098,欢迎回家，iG.TheShy,iG电子竞技俱乐部,电子竞技,游戏,171,11,2052032,5404,17043,111001,25680,7248,61042,1781514116,https://www.bilibili.com/video/BV1eWJg6KE5x,http://i2.hdslb.com/bfs/archive/0d0817e1a06acfd9c8e4d74ba197a903c90390fc.jpg
2026-06-18,2026-06-18 00:04:12,62,BV13GJw6rEz3,116747931751784,🐧当你六套满改猛攻，却被AI吸附一脚踢死🐧,徐Toso,动漫杂谈,动画,253,357,1280759,872,1785,88060,4405,22531,3955,1781432259,https://www.bilibili.com/video/BV13GJw6rEz3,http://i0.hdslb.com/bfs/archive/89407275cc6ca2b0561016d624f4771b50d1c85d.jpg
2026-06-18,2026-06-18 00:04:12,63,BV1qYJu6gEqk,116751639511306,特厨探店|不好找，无环境，但好吃的—特色辣子鸡大盘鸡,特厨隋坡,美食侦探,美食,212,266,1067821,766,2843,76081,5328,5905,3819,1781494200,https://www.bilibili.com/video/BV1qYJu6gEqk,http://i2.hdslb.com/bfs/archive/44de36b55bbc74902fe2414ff5e7f1b1b5eb9991.jpg
2026-06-18,2026-06-18 00:04:12,64,BV1AyJg6XEWu,116752998662664,家人们，取外卖碰上黑皮子讨封了怎么办？,觅馋,绘画,绘画,162,98,548202,2147,2219,89965,4655,27992,11278,1781509408,https://www.bilibili.com/video/BV1AyJg6XEWu,http://i2.hdslb.com/bfs/archive/e3f083137d155c6916ec68d4cad24273a6f9ace0.jpg
2026-06-18,2026-06-18 00:04:12,65,BV1u8Jg6wE9R,116753233348410,中国蛔虫根除：人人感染到几乎绝迹，喉咙的虫子怎么灭？,颀思诺想,科学科普,知识,201,609,1547109,3118,7633,53022,1698,9980,1399,1781513155,https://www.bilibili.com/video/BV1u8Jg6wE9R,http://i1.hdslb.com/bfs/archive/692e23d9bd6f2cbdad153397cb1e2c502d76466e.jpg
2026-06-18,2026-06-18 00:04:12,66,BV1hSJ36TE8U,116754239981546,成见 大山,脱缰凯Kk,小剧场,娱乐,85,296,878810,1988,1392,70515,2920,8746,644,1781529177,https://www.bilibili.com/video/BV1hSJ36TE8U,http://i2.hdslb.com/bfs/archive/ee60889fc8dd8c617afc6cfb8d1aab036572509f.jpg
2026-06-18,2026-06-18 00:04:12,67,BV1xqJg64ErW,116752881092256,大寿当天美伊停战，文武百官齐上贺表，特朗普的80生日过得到底有多开心？,毒舌的南瓜,人文历史,知识,228,1130,1127413,7925,2212,58120,3882,10356,4050,1781512200,https://www.bilibili.com/video/BV1xqJg64ErW,http://i0.hdslb.com/bfs/archive/dffe15072ed7718d9993ffc69381fb588e391b0b.jpg
2026-06-18,2026-06-18 00:04:12,68,BV1SGJ36aEon,116752763590617,志愿填的好比高考还重要！,碎嘴企鹅,搞笑,娱乐,138,307,710666,859,1612,52849,1334,19767,966,1781514000,https://www.bilibili.com/video/BV1SGJ36aEon,http://i0.hdslb.com/bfs/archive/a54395b32437633202992e588321bdf1de8305e8.jpg
2026-06-18,2026-06-18 00:04:12,69,BV11pJV6YEsU,116753485007700,炎炎夏天怎么能少的了清凉爽口的开胃冷面呢！,留意炫饭吖,美食记录,美食,215,106,1299093,343,915,87503,1367,14573,2071,1781516995,https://www.bilibili.com/video/BV11pJV6YEsU,http://i0.hdslb.com/bfs/archive/fe111b51f25341638d6a1541cc262b5ae74623ae.jpg
2026-06-18,2026-06-18 00:04:12,70,BV1r9JG6WEsR,116753736799494,选择一个人救他,ai造物神,日常,生活,21,278,795279,1702,1535,71677,631,7641,551,1781520755,https://www.bilibili.com/video/BV1r9JG6WEsR,http://i0.hdslb.com/bfs/archive/d586c68e21d4279f117c9c50b0eab97c44ac37ad.jpg
2026-06-18,2026-06-18 00:04:12,71,BV17LJg6rEa8,116753048803308,真想如梦般美好,房飞逢-从头开始,短片,动画,256,225,950936,1718,2319,75077,8741,2381,432,1781510393,https://www.bilibili.com/video/BV17LJg6rEa8,http://i1.hdslb.com/bfs/archive/4881c883efd2807ecb65e2a49b2dd0ed36031794.jpg
2026-06-18,2026-06-18 00:04:12,72,BV1zhJu6rEKd,116751656295217,躲在超市后门冲刺的两人♿,咕gugugugu,日常,生活,21,144,932898,1236,2954,51832,5797,17147,9364,1781489070,https://www.bilibili.com/video/BV1zhJu6rEKd,http://i0.hdslb.com/bfs/archive/408c4e77e60fcf8078f755e9fc34046ba4021e7a.jpg
2026-06-18,2026-06-18 00:04:12,73,BV1wZEk6uEbh,116735952819869,把女朋友的人生瞬间做成盲盒送给她,曾文招,日常,生活,21,262,740743,760,2865,116456,21727,23649,4296,1781343000,https://www.bilibili.com/video/BV1wZEk6uEbh,http://i2.hdslb.com/bfs/archive/02c355aee3c904b621909c0e1043f79fc5a40bf4.jpg
2026-06-18,2026-06-18 00:04:12,74,BV15TJP6XEoQ,116748485394963,机枪射手娘化？童年信仰！,庄不纯,单机游戏,游戏,17,461,1424705,982,3025,66334,5188,11911,1267,1781442554,https://www.bilibili.com/video/BV15TJP6XEoQ,http://i1.hdslb.com/bfs/archive/6c0a50fe005978a326f3db141a3aed9de2b2d360.jpg
2026-06-18,2026-06-18 00:04:12,75,BV1qiJu6MEun,116751673071269,采访一位炒饭少年,有亿思2025,人文历史,知识,228,197,1908578,1178,3080,95439,1948,13163,2132,1781489388,https://www.bilibili.com/video/BV1qiJu6MEun,http://i0.hdslb.com/bfs/archive/4f9a3cf93151d364ddf63eec4aefd8b6e7c72be1.jpg
2026-06-18,2026-06-18 00:04:12,76,BV1PmJG6tEu8,116753803778900,20包火鸡面！+鸡腿+烤肠+鳗鱼+饺子！,干饭三健客,美食记录,美食,215,574,1078125,900,1094,60596,2141,6801,1190,1781523788,https://www.bilibili.com/video/BV1PmJG6tEu8,http://i1.hdslb.com/bfs/archive/adccfb7468055539723045e195f9669092a7b9c6.jpg
2026-06-18,2026-06-18 00:04:12,77,BV1NbJP6BE2U,116748317628038,雷霆嘉豪旋转蹦迪！神人老头公路平移！,闪球,单机游戏,游戏,17,696,460625,2031,780,50288,3232,33945,3631,1781438211,https://www.bilibili.com/video/BV1NbJP6BE2U,http://i0.hdslb.com/bfs/archive/e63fd27419c2a1da0476ec2b7539220468c3515a.jpg
2026-06-18,2026-06-18 00:04:12,78,BV1voJJ6eEfj,116742395271841,难 绷,我叫小渔人,鬼畜剧场,鬼畜剧场,216,244,1354278,2010,2058,77773,7058,27335,8878,1781347937,https://www.bilibili.com/video/BV1voJJ6eEfj,http://i1.hdslb.com/bfs/archive/bf3b6b7bd7136d361f069208d96fd1531a498775.jpg
2026-06-18,2026-06-18 00:04:12,79,BV1P1JG6fEmN,116753619229362,《高考后最忙的人》,嘞是唐孃孃,搞笑,娱乐,138,41,1412329,172,2314,131298,1069,7517,1164,1781519187,https://www.bilibili.com/video/BV1P1JG6fEmN,http://i2.hdslb.com/bfs/archive/b7cabcda788b19d85e9ce9d7820cc3d801dd3f39.jpg
2026-06-18,2026-06-18 00:04:12,80,BV1c8JF6pEua,116746640099094,约会的是他们，怎么感到尴尬的是我…,陈嘉伦整个路人,搞笑,娱乐,138,276,1915371,3257,2553,91255,3279,9071,4459,1781412879,https://www.bilibili.com/video/BV1c8JF6pEua,http://i1.hdslb.com/bfs/archive/cfdedda89bee86168368babe85c7480847acbfb8.jpg
2026-06-18,2026-06-18 00:04:12,81,BV1gNj364EK3,116759675799380,载物逆天头球破门，NiKo勇夺世界杯！,CSGO-QUQU,电子竞技,游戏,171,205,1019656,850,1635,49726,6092,7799,20162,1781611437,https://www.bilibili.com/video/BV1gNj364EK3,http://i2.hdslb.com/bfs/archive/07f02584b19439cb7b3d0da4193aed158f37be1c.jpg
2026-06-18,2026-06-18 00:04:12,82,BV1J9EB6xEAB,116732178007836,洗衣机演奏一首《起风了》，以此纪念我的高中生活,非凯J,演奏,演奏,59,120,5210831,4224,9887,314225,66660,74204,28395,1781191722,https://www.bilibili.com/video/BV1J9EB6xEAB,http://i2.hdslb.com/bfs/archive/77250422542f6a41e3699f4e608ea69cbd013bc1.jpg
2026-06-18,2026-06-18 00:04:12,83,BV11NJA6NEMZ,116747294214059,问题少年，梆梆两拳！高分韩剧《铁拳教育》,刘老师说电影,影视杂谈,影视,182,1797,1483752,4835,2994,52510,7799,12391,3770,1781434800,https://www.bilibili.com/video/BV11NJA6NEMZ,http://i2.hdslb.com/bfs/archive/cf8dc73ac51c4308ba90772fc65a88cb3184785b.jpg
2026-06-18,2026-06-18 00:04:12,84,BV1SFJN6jE1v,116747982085473,AI 西游记·狮驼岭（下）,增文居士,影视剪辑,影视,183,1939,919892,3783,2858,39136,15466,11116,2242,1781433199,https://www.bilibili.com/video/BV1SFJN6jE1v,http://i2.hdslb.com/bfs/archive/3decbade36ecb260857b754b83df3ecb51e2d4c7.jpg
2026-06-18,2026-06-18 00:04:12,85,BV1jCJs6UE9S,116743888442795,美国“杰斐逊州”在哪里？【神奇组织51】,小约翰可汗,人文历史,知识,228,2465,2276968,15073,5306,139570,58693,33861,2901,1781406000,https://www.bilibili.com/video/BV1jCJs6UE9S,http://i0.hdslb.com/bfs/archive/74bddc7cf649e2ae7268b836596abfd15ed75dab.jpg
2026-06-18,2026-06-18 00:04:12,86,BV13bJG66E2Z,116754005100117,“抱歉，我好像稍微有点不耐烦了”【The other side of paradise】【黑化の小曲】,早睡起大王,音乐综合,音乐,130,126,1076464,123,1677,64401,2833,44935,620,1781526600,https://www.bilibili.com/video/BV13bJG66E2Z,http://i0.hdslb.com/bfs/archive/8b5bd91ebdfb71fe902889e7a0d93ddbc2499458.jpg
2026-06-18,2026-06-18 00:04:12,87,BV1Skju6pETf,116758367178100,太硬核了！校运会开幕式上，马术系学生进行马术表演。网友：“鲜衣怒马少年时”具象化了！,人民日报,日常,生活,21,28,1147372,460,4182,126775,1529,8477,2619,1781591444,https://www.bilibili.com/video/BV1Skju6pETf,http://i0.hdslb.com/bfs/archive/4313efdb415e08834f6bf5bbe63a1aaa24432663.jpg
2026-06-18,2026-06-18 00:04:12,88,BV1HXjj6fEwL,116761974278100,歌剧老师锐评《乘风破浪的姐姐2026》四公（下）,铁豆钢蛋,乐评盘点,音乐,243,4390,670638,30298,6769,37645,26552,6101,1232,1781654400,https://www.bilibili.com/video/BV1HXjj6fEwL,http://i1.hdslb.com/bfs/archive/c7e643c4bb6aefe882ab51a7b4a3cc8dad52d978.jpg
2026-06-18,2026-06-18 00:04:12,89,BV1M8JM6WEdq,116752058947059,当你决定做一名律师....,郭庆梓律师,社科·法律·心理,知识,124,98,1690599,329,1258,96335,1153,3531,1008,1781495332,https://www.bilibili.com/video/BV1M8JM6WEdq,http://i0.hdslb.com/bfs/archive/5ce87776cf4c4aa9cdbddd965ada0bc4391bafcc.jpg
2026-06-18,2026-06-18 00:04:12,90,BV16bJ36DEny,116752243492972,巴西两架直升机空中相撞致6死 32岁美国知名歌手确认遇难 其原定10月来中国巡演 成名曲为《生活仍要继续》,红星视频,热点,热点,203,33,1523246,3140,2299,112434,700,9078,6202,1781498168,https://www.bilibili.com/video/BV16bJ36DEny,http://i2.hdslb.com/bfs/archive/63cd1e6f209da7e826b72b9ec3e6988b41010e9f.jpg
2026-06-18,2026-06-18 00:04:12,91,BV1uYJg6FEBv,116752864253843,RIIZE《Do your dance》MV,SMTOWN,MV,MV,193,190,426159,11932,7418,36059,21124,11222,19469,1781514000,https://www.bilibili.com/video/BV1uYJg6FEBv,http://i0.hdslb.com/bfs/archive/67cefd778cc43789163cdb15a417f17b1a04f9a0.jpg
2026-06-18,2026-06-18 00:04:12,92,BV15JJH6BE1z,116741556471477,“教育界的巴掌战神”,567混剪,影视剪辑,影视,183,63,1672247,277,2721,149754,802,19875,1673,1781335303,https://www.bilibili.com/video/BV15JJH6BE1z,http://i1.hdslb.com/bfs/archive/907e6152d4c8724a303c05b418c31612c1ab676b.jpg
2026-06-18,2026-06-18 00:04:12,93,BV1EeJ36EE6t,116752461727650,小妖怪的瓜摊,Raymondsese,MV,MV,193,367,944850,1491,935,38669,11281,7725,4085,1781501361,https://www.bilibili.com/video/BV1EeJ36EE6t,http://i1.hdslb.com/bfs/archive/6d2c9b54172e48a27c46951deb8ebe24aaf69659.jpg
2026-06-18,2026-06-18 00:04:12,94,BV1KCJG6cEKd,116753585674281,审美积累～胶黏的小猫嘴,是豆包不是沙包猫咪,喵星人,喵星人,218,20,738539,160,1380,92549,1959,21801,13504,1781518504,https://www.bilibili.com/video/BV1KCJG6cEKd,http://i2.hdslb.com/bfs/archive/1c02b7a376c99624d13e6a4b3db75e1513a72564.jpg
2026-06-18,2026-06-18 00:04:12,95,BV1gGJw6rEYa,116747931748252,男子孤身驾车进入罗布泊无人区，失踪两年后被人意外找到,神秘园,影视杂谈,影视,182,691,1825055,6003,5285,73625,9115,15395,3168,1781434800,https://www.bilibili.com/video/BV1gGJw6rEYa,http://i2.hdslb.com/bfs/archive/e8564975bd4bcbdf2f4e8c8e2bba373b5b98bab9.jpg
2026-06-18,2026-06-18 00:04:12,96,BV1QejN6GEET,116754441311592,【萌黄一槽】日向雏田[八极宗师]全技能爆料！步步紧追，崩劲蓄积！,火影忍者手游情报君,手机游戏,游戏,172,304,1040672,3951,6301,45863,3170,7646,10011,1781531549,https://www.bilibili.com/video/BV1QejN6GEET,http://i2.hdslb.com/bfs/archive/0f0287c5de3775c70d85a808e707a64d6f07ce7a.jpg
2026-06-18,2026-06-18 00:04:12,97,BV1JZJA6fEuK,116748921602463,（重生赛伊德01）,鹿晓晓AIGC,影视剪辑,影视,183,503,445672,1753,783,44691,2577,19194,931,1781517600,https://www.bilibili.com/video/BV1JZJA6fEuK,http://i0.hdslb.com/bfs/archive/c1748bf0194ad5d44ae4495400d606a1f7249082.jpg
2026-06-18,2026-06-18 00:04:12,98,BV1YCJ363EzL,116752428043640,异世界酒馆Vlog4 - 哥布林的委托,芝士汉堡是猫的名字,动漫杂谈,动画,253,153,528604,717,1349,53081,4769,15319,1041,1781500806,https://www.bilibili.com/video/BV1YCJ363EzL,http://i1.hdslb.com/bfs/archive/0b10547f2ae4e610472296c6d59b57b6cbf026a8.jpg
2026-06-18,2026-06-18 00:04:12,99,BV1gCju6XEMg,116758350470433,这是真拼豆！也是真炸鸡！,黑猫厨房,美食制作,美食,76,156,810846,354,533,64571,12116,8746,3212,1781596800,https://www.bilibili.com/video/BV1gCju6XEMg,http://i0.hdslb.com/bfs/archive/6195e40b5cbe3941674e4fffaf3218408433d609.jpg
2026-06-18,2026-06-18 00:04:12,100,BV1gLJw6zEFt,116747831089720,来杯好茶摇一摇,辣椒素素素,颜值·网红舞,颜值·网红舞,255,19,871014,542,3136,131465,5254,16004,5351,1781430643,https://www.bilibili.com/video/BV1gLJw6zEFt,http://i0.hdslb.com/bfs/archive/461efa7984038d64646c811fa2b394aa36f19662.jpg
2026-06-18,2026-06-18 02:34:33,1,BV1nAJK6PEwh,116749374593001,《原神》动画短片——「最后的遗产」,原神,手机游戏,游戏,172,1861,5438690,81998,49926,613191,625766,217943,99902,1781496000,https://www.bilibili.com/video/BV1nAJK6PEwh,http://i0.hdslb.com/bfs/archive/7643cfcbd6364efae92208ab8aeb5cc75ba6173a.jpg
2026-06-18,2026-06-18 02:34:33,2,BV1dmJP6sEgd,116748384731561,迈克尔杰克逊的billiejean，斗胆跳一段。,特崮斯,篮球,运动,235,67,4364278,2366,11081,744263,139655,74987,14596,1781439271,https://www.bilibili.com/video/BV1dmJP6sEgd,http://i2.hdslb.com/bfs/archive/d06b949e7976e0c255a0f4885cb8a3acf0165294.jpg
2026-06-18,2026-06-18 02:34:33,3,BV1pUJG6oEVS,116753787060825,没想到开水也能直接加进肉馅里？这样包子馅里的汤汁反而更多？,品诺美食开课啦,美食制作,美食,76,163,3672132,1752,5329,284712,20928,149036,23272,1781521614,https://www.bilibili.com/video/BV1pUJG6oEVS,http://i1.hdslb.com/bfs/archive/378a1b54cfa0920e77014bbb87854906953d94cc.jpg
2026-06-18,2026-06-18 02:34:33,4,BV1BcJP6oEw5,116748552570821,《主任你说句话啊》,伤心欲茄222,搞笑,娱乐,138,179,3394595,1385,4592,295193,5124,14773,2927,1781509152,https://www.bilibili.com/video/BV1BcJP6oEw5,http://i2.hdslb.com/bfs/archive/8bd2d7dd01d2bb0e46134221396a5ebb1a79045a.jpg
2026-06-18,2026-06-18 02:34:33,5,BV1QNJu6bEts,116751740179733,峰峦叠嶂间，此城何处寻？,鸣潮,手机游戏,游戏,172,477,2831742,11947,30170,143830,88993,30704,76020,1781492400,https://www.bilibili.com/video/BV1QNJu6bEts,http://i2.hdslb.com/bfs/archive/0dd7257472d03c50150cd38ff7efb425c8cfd40a.jpg
2026-06-18,2026-06-18 02:34:33,6,BV1Wzjg65EM6,116757746424408,在AI里抛硬币，概率是50%吗？,影视飓风,单机游戏,游戏,17,617,3249909,3876,3944,244444,32684,36606,6450,1781600400,https://www.bilibili.com/video/BV1Wzjg65EM6,http://i1.hdslb.com/bfs/archive/ba06201e7786575aaf3b77304c7f74e9c958eb05.jpg
2026-06-18,2026-06-18 02:34:33,7,BV1caJw6ZEwT,116747445208084,你懂白鹿吗？——内娱嘉欣,玉玉__,娱乐粉丝创作,娱乐,242,710,4881967,12290,9628,275738,58197,67941,16005,1781425006,https://www.bilibili.com/video/BV1caJw6ZEwT,http://i1.hdslb.com/bfs/archive/b0e3f677673a83698198228b72e9ea8b69eb5cfa.jpg
2026-06-18,2026-06-18 02:34:33,8,BV1PaJP6iEjo,116748216964436,有人把五厘米当成玩笑，有人把它藏在遗憾里。,有Ai-爱制作,职业职场,职业职场,209,164,1539471,2026,11717,149640,21117,28515,4183,1781523300,https://www.bilibili.com/video/BV1PaJP6iEjo,http://i0.hdslb.com/bfs/archive/fc6b9aaf6fa22914cf4467a485ba4752670aaabb.jpg
2026-06-18,2026-06-18 02:34:33,9,BV1EcJP6oEvo,116748552508416,躲在超市后门吸烟的二人《Night Smoker》,清风最梦,明星综合,明星综合,137,92,2769488,8471,7754,216203,33281,52062,67483,1781441576,https://www.bilibili.com/video/BV1EcJP6oEvo,http://i1.hdslb.com/bfs/archive/5ad6fd0412b663fb81a4ccddf62982316516bc4e.jpg
2026-06-18,2026-06-18 02:34:33,10,BV1wCJM6yEaG,116752176387369,杨氏跑刀法,杨齐家_,单机游戏,游戏,17,1496,1970905,4890,47380,117549,14814,19821,1361,1781514000,https://www.bilibili.com/video/BV1wCJM6yEaG,http://i0.hdslb.com/bfs/archive/c7b0616e8ff73714ae8551d92e0f61977492a5f5.jpg
2026-06-18,2026-06-18 02:34:33,11,BV1hsJg6vE2t,116753283747086,泽连斯基劝降俄罗斯,燕三嘤嘤嘤,人文历史,知识,228,1108,2308859,12859,8250,121558,28642,17033,2381,1781517000,https://www.bilibili.com/video/BV1hsJg6vE2t,http://i1.hdslb.com/bfs/archive/6525afebeafbb6d3d096c21ca3a52e139af00ad3.jpg
2026-06-18,2026-06-18 02:34:33,12,BV11qJJ67Ei5,116740532999919,人到底可以多倒霉,喝茶喝到胃痛,日常,生活,21,264,1702101,4839,6104,235079,5516,20543,3917,1781319487,https://www.bilibili.com/video/BV11qJJ67Ei5,http://i1.hdslb.com/bfs/archive/742d23c81be304e917d2189b1afb8eeb4596da66.jpg
2026-06-18,2026-06-18 02:34:33,13,BV1bkJN6mEzJ,116749659807076,开局直接当领主，还送4个全副武装牛马小弟【剑与王国】,磊哥游戏,手机游戏,游戏,172,409,1190936,3146,4369,139051,14247,22483,4013,1781485200,https://www.bilibili.com/video/BV1bkJN6mEzJ,http://i0.hdslb.com/bfs/archive/789c42aa10c5fc707f642d2e82ed8caaa81e3210.jpg
2026-06-18,2026-06-18 02:34:33,14,BV1WSJA6NE43,116748955156936,新三国up锐评神探狄仁杰01：全剧最大的谜团出现了,吃蛋挞的折棒,影视剪辑,影视,183,1441,1224899,15780,9649,90167,69278,18140,3648,1781488800,https://www.bilibili.com/video/BV1WSJA6NE43,http://i0.hdslb.com/bfs/archive/4079fd0ebde89e938ab366e21a800c2b4741033b.jpg
2026-06-18,2026-06-18 02:34:33,15,BV1wwE165EpD,116736741349278,《诡秘之主：愚者》首曝PV | 欢迎回来，愚者先生,诡秘之主愚者,GMV,GMV,121,157,2013609,2185,2665,105331,34253,37287,8995,1781658000,https://www.bilibili.com/video/BV1wwE165EpD,http://i1.hdslb.com/bfs/archive/190e57d8867c7683397960f926975cf3b0d88740.jpg
2026-06-18,2026-06-18 02:34:33,16,BV16hJ36JEEB,116752293822838,【侯绿萝】新作上线，快来看看！,侯绿萝,小剧场,娱乐,85,177,2055838,622,753,148153,3609,11280,871,1781499003,https://www.bilibili.com/video/BV16hJ36JEEB,http://i2.hdslb.com/bfs/archive/17fcdc6b0de5eafd940e9c02695b6b588453009b.jpg
2026-06-18,2026-06-18 02:34:33,17,BV1LmjK6pEBk,116755783490540,不同人格打游戏,锤子game,搞笑,娱乐,138,86,3179540,842,3823,192009,3002,15544,18797,1781582400,https://www.bilibili.com/video/BV1LmjK6pEBk,http://i1.hdslb.com/bfs/archive/d0d1e1b2fdab4bcdfadc7f0b05e997c96a918750.jpg
2026-06-18,2026-06-18 02:34:33,18,BV1ztj36rEjF,116759357163411,月薪三千去锯齿的正确方式、结尾带原理！,佛系小詹设计日常,设计·创意,设计·创意,229,47,2387326,95,968,132822,4193,93297,1109,1781606612,https://www.bilibili.com/video/BV1ztj36rEjF,http://i1.hdslb.com/bfs/archive/25a4b941d05eb018db00872e5f6055f2dde2d455.jpg
2026-06-18,2026-06-18 02:34:33,19,BV1X9JP6nEJs,116748049187177,破晓将至，律己则安，终见黎明！,花小龙oy,健身,运动,164,230,1934902,1459,5318,175720,7481,7502,3928,1781433996,https://www.bilibili.com/video/BV1X9JP6nEJs,http://i1.hdslb.com/bfs/archive/8622e6312c0448d70defa53d5ab3a0d9347f78be.jpg
2026-06-18,2026-06-18 02:34:33,20,BV1gBJA6CE5v,116748871408493,当高考生帮大学生代课：,戚小鱼_,日常,生活,21,86,2252429,334,2131,232462,1245,11904,4371,1781446586,https://www.bilibili.com/video/BV1gBJA6CE5v,http://i0.hdslb.com/bfs/archive/d5826227e0cd3daef374cf6a817b420f5cbcb246.jpg
2026-06-18,2026-06-18 02:34:33,21,BV1GhJG6uEct,116753988328406,《参加公司大会迟到的我be like》,小蔡在东京,颜值·网红舞,颜值·网红舞,255,18,3880230,1982,5584,306330,3808,20812,11130,1781524765,https://www.bilibili.com/video/BV1GhJG6uEct,http://i1.hdslb.com/bfs/archive/fed3124ebc6b72bf677587104e4f47e7a75cf659.jpg
2026-06-18,2026-06-18 02:34:33,22,BV1BTjg6KEBB,116758098739712,泪…。,無無無鱼子,同人·手书,动画,47,17,1220499,223,2320,279440,6598,48242,4079,1781587312,https://www.bilibili.com/video/BV1BTjg6KEBB,http://i0.hdslb.com/bfs/archive/ad19127576eb3f2674730b84f05a4cea3025a63b.jpg
2026-06-18,2026-06-18 02:34:33,23,BV1SjJV6qEWz,116753552120519,来杯好茶摇一摇,栗川芥,日常,生活,21,18,1570637,1611,4971,232961,4800,36761,10216,1781518053,https://www.bilibili.com/video/BV1SjJV6qEWz,http://i2.hdslb.com/bfs/archive/d58e1ac6b94f8fc2f1c3242df9764a8ef59b8c4f.jpg
2026-06-18,2026-06-18 02:34:33,24,BV1QMJ36NE1W,116752545487524,10秒速成《NIGHT DANCER》！！学会了吗,野生小叔,翻唱,音乐,31,19,1284092,146,2301,182909,4894,87703,4444,1781502765,https://www.bilibili.com/video/BV1QMJ36NE1W,http://i2.hdslb.com/bfs/archive/4dbd990d8631db9faede61a96722322d318bdc83.jpg
2026-06-18,2026-06-18 02:34:33,25,BV1GgJV6kEWd,116753350860127,《安宁大厦生存守则》第十集,Fel探险记,短片,动画,256,349,1096040,1119,1298,97449,9416,19047,2199,1781515306,https://www.bilibili.com/video/BV1GgJV6kEWd,http://i2.hdslb.com/bfs/archive/40f87281a0032e4846d825714689cbc0e1fc8771.jpg
2026-06-18,2026-06-18 02:34:33,26,BV1FhJ36nE7p,116752293891019,孙悟空命格｜心魔六耳CG《自渡》——若此身本是虚妄，又怕什么魂飞魄散？,王者荣耀,电子竞技,游戏,171,663,1636720,11417,10226,83100,6455,17406,19862,1781522380,https://www.bilibili.com/video/BV1FhJ36nE7p,http://i0.hdslb.com/bfs/archive/f622f436d492c6b3638d6a3d062d65f4ea865169.jpg
2026-06-18,2026-06-18 02:34:33,27,BV12BJg6dEzf,116752797275826,【机核独家】《鸣潮》共鸣者「秧秧·玄翎」、「穗穗」演示,机核GCORES,单机游戏,游戏,17,61,2281230,5998,14800,125207,36408,23777,107527,1781517201,https://www.bilibili.com/video/BV12BJg6dEzf,http://i0.hdslb.com/bfs/archive/09db1b7f19b79b31b2190a3d8fd2225c21829f37.jpg
2026-06-18,2026-06-18 02:34:33,28,BV1TGj36QEpx,116759323483098,"几百只流浪猫猫搬到70,000平的林地，开启新生活。",五月妈院儿里的小流浪,喵星人,喵星人,218,391,649435,2113,3454,81607,67966,8233,2568,1781606239,https://www.bilibili.com/video/BV1TGj36QEpx,http://i1.hdslb.com/bfs/archive/a3e630d8a1757bde0f399a4f08250b981511afff.jpg
2026-06-18,2026-06-18 02:34:33,29,BV1ZSJM6zEFv,116752109275369,【女儿殿下 | 官方MV 】周杰伦 疯疯癫癫 Hey 风度翩翩 Hey 陪我家公主玩变化万千 Hey,杰威尔音乐,MV,MV,193,225,1662621,2663,4822,63445,30388,15706,14987,1781496081,https://www.bilibili.com/video/BV1ZSJM6zEFv,http://i1.hdslb.com/bfs/archive/9f9433d891690581f48adfa70e2b0fc092aac264.jpg
2026-06-18,2026-06-18 02:34:33,30,BV1AuJA6YEM2,116747311057858,有一个人前来踢球,王与也行,鬼畜剧场,鬼畜剧场,216,176,1963684,1770,2559,87159,18220,18536,12978,1781422862,https://www.bilibili.com/video/BV1AuJA6YEM2,http://i1.hdslb.com/bfs/archive/646bd7f8f790fb7343a8acb7ed8c08b3d76a7f91.jpg
2026-06-18,2026-06-18 02:34:33,31,BV1xrEB6eE4r,116732580665475,手机扫荡,Y的生存手记,综合,综合,27,576,1476450,1412,3945,167155,6284,37770,6886,1781258400,https://www.bilibili.com/video/BV1xrEB6eE4r,http://i1.hdslb.com/bfs/archive/09b799238d00b1b4ae90f2bfc40f201dea3e4498.png
2026-06-18,2026-06-18 02:34:33,32,BV1gvJG6qEBq,116753669756853,《女生vs男生》,郑凯伦伦伦,搞笑,娱乐,138,228,2166623,756,1388,121189,1534,8710,854,1781527051,https://www.bilibili.com/video/BV1gvJG6qEBq,http://i1.hdslb.com/bfs/archive/407e5952ffc113569d5650898e1da3c28b2b0aa0.jpg
2026-06-18,2026-06-18 02:34:33,33,BV17Qjg6KE2K,116759491254199,《锻刀大赛》长沙人·狗哥专场！up主与偶像双向奔赴的浪漫,沫子瞪片,影视杂谈,影视,182,1152,1160865,6627,2010,80479,24871,11982,1187,1781609078,https://www.bilibili.com/video/BV17Qjg6KE2K,http://i0.hdslb.com/bfs/archive/7fa2666efedfa2b47bcd77c03f4f2c6be5c47e16.jpg
2026-06-18,2026-06-18 02:34:33,34,BV1UkjT6yEPq,116757595422987,乘螺舟而至——《太吾绘卷》与中国独立游戏的八年,新华社,日常,生活,21,716,2138310,5327,7537,71311,17665,8909,14910,1781582100,https://www.bilibili.com/video/BV1UkjT6yEPq,http://i1.hdslb.com/bfs/archive/79c11095248e4800a41f3e8e4abea6fa13554783.jpg
2026-06-18,2026-06-18 02:34:33,35,BV1JNjg6BEZp,116757914327953,太行深山村医47年如一日，诠释医者仁心,油克东东,日常,生活,21,146,748391,927,2105,113684,48418,4385,300,1781584636,https://www.bilibili.com/video/BV1JNjg6BEZp,http://i0.hdslb.com/bfs/archive/b9ef0df589c79d9e895ea8603164faa376094f26.jpg
2026-06-18,2026-06-18 02:34:33,36,BV13uJV6VEdW,116753367633164,韩国巴掌战神诞生！一掌扇飞坏学生，打响年度第一爽剧！韩剧《铁拳教育》第一期,小片片说大片,影视杂谈,影视,182,2440,1434684,5409,2198,61929,14976,20997,4808,1781517600,https://www.bilibili.com/video/BV13uJV6VEdW,http://i2.hdslb.com/bfs/archive/f5b07870e11ac6952226cbc38f8c57d90ba167c3.jpg
2026-06-18,2026-06-18 02:34:33,37,BV1RPEz6mEnV,116732328942306,第一视角带你体验主播做的最正义的一集,未曾去过须弥山,日常,生活,21,189,1595626,6263,5315,206817,43976,17608,624,1781245020,https://www.bilibili.com/video/BV1RPEz6mEnV,http://i2.hdslb.com/bfs/archive/97cea6d2ac7e02f27ba13e2b447e6c9f0a7c9d9a.jpg
2026-06-18,2026-06-18 02:34:33,38,BV11NJA6NEnT,116747294212396,津 门 幸 运 大 转 轮（续）,肥龙和老西,搞笑,娱乐,138,79,2005433,686,1230,118651,4685,25570,5914,1781479800,https://www.bilibili.com/video/BV11NJA6NEnT,http://i2.hdslb.com/bfs/archive/f717c06d8b318da49af74093895dffa094e44ea4.jpg
2026-06-18,2026-06-18 02:34:33,39,BV16Njg6qENt,116757914195122,请停留3秒，为“糖丸爷爷”顾方舟献花，他用一粒糖丸守护了中国几代孩子的健康,大象新闻,社会,社会,205,45,519866,5925,1647,281362,24110,7224,513,1781584607,https://www.bilibili.com/video/BV16Njg6qENt,http://i0.hdslb.com/bfs/archive/53b2e6d54a32e56d714f027d0354784983e1f85e.jpg
2026-06-18,2026-06-18 02:34:33,40,BV1E5Jg6GEF4,116753065581369,选志愿的绝望时刻！,一串大福,搞笑,娱乐,138,194,1662792,740,992,98082,1654,13210,480,1781517600,https://www.bilibili.com/video/BV1E5Jg6GEF4,http://i1.hdslb.com/bfs/archive/62e3f3603e458aed6270ef39319bb38bad38494f.jpg
2026-06-18,2026-06-18 02:34:33,41,BV1mrjN6qE4C,116754625862301,《绝区零》维琳娜角色PV | 拟剧论,绝区零,手机游戏,游戏,172,818,704238,3097,3579,66156,28958,12411,4335,1781582400,https://www.bilibili.com/video/BV1mrjN6qE4C,http://i0.hdslb.com/bfs/archive/eb6d362a0b2b68ee2ea6a04110dca848b80c5258.jpg
2026-06-18,2026-06-18 02:34:33,42,BV1UFJN6jEZz,116747982080905,中国的危与机？中美俄欧中东，AI美债美元，混乱世界中|正在发生 ep1 翟东升,王骁Albert,财经商业,知识,207,8295,928171,21474,6334,65818,58352,34378,10972,1781434800,https://www.bilibili.com/video/BV1UFJN6jEZz,http://i2.hdslb.com/bfs/archive/8fdde637aaee057b244a01cd6931a1b0c253714f.jpg
2026-06-18,2026-06-18 02:34:33,43,BV1xeJM6DE3D,116752075786224,杨家园---对话小潮院长,小杨Johnson,搞笑,娱乐,138,1680,732850,8794,1854,63716,33533,18489,1073,1781495904,https://www.bilibili.com/video/BV1xeJM6DE3D,http://i2.hdslb.com/bfs/archive/8b67913cff9d536a1a9568009a8b891dd1e8783b.jpg
2026-06-18,2026-06-18 02:34:33,44,BV186EY6fErc,116729158044326,非洲最好的城市长啥样？美女扎堆，处处是风景，难怪吸引了几十万华人,小钟Johnny,出行,生活,250,707,1374067,3268,2853,54401,14313,15820,5063,1781516700,https://www.bilibili.com/video/BV186EY6fErc,http://i2.hdslb.com/bfs/archive/6201804a655791a12a96830c4932713a88f4a2f4.jpg
2026-06-18,2026-06-18 02:34:33,45,BV13uJw6CEGr,116747898195415,☝😯喔 ？！⚡⚡⚡,去码头整点薯条vv,鬼畜调教,鬼畜,22,190,1524982,606,809,94412,6179,12779,4001,1781431859,https://www.bilibili.com/video/BV13uJw6CEGr,http://i0.hdslb.com/bfs/archive/836f1d5b65f57a5776d182a8bd920c76527fbdcc.jpg
2026-06-18,2026-06-18 02:34:33,46,BV1GWJg6KECu,116753300457414,和阎鹤祥在甘肃武威，放最野的羊，吃最夯的肉！,食贫道,日常,生活,21,3127,1353716,7930,1518,57365,24504,12605,4006,1781517624,https://www.bilibili.com/video/BV1GWJg6KECu,http://i1.hdslb.com/bfs/archive/eea97a1bfd30701c84e709b53644e243f3e399c8.jpg
2026-06-18,2026-06-18 02:34:33,47,BV1rCJM6yEEU,116752176514720,【雷军】在武汉过早 非常丰盛,雷军,新能源车,新能源车,247,86,1980776,1147,5499,143586,3454,7845,7282,1781497125,https://www.bilibili.com/video/BV1rCJM6yEEU,http://i2.hdslb.com/bfs/archive/1ae5eb886cc332936b2675283a16e9c0826d2466.jpg
2026-06-18,2026-06-18 02:34:33,48,BV1ZqJF61E5d,116746757346937,我的脆皮人生be like,是旷世奇柴,日常,生活,21,34,2731829,365,2915,175764,2049,9400,6123,1781414280,https://www.bilibili.com/video/BV1ZqJF61E5d,http://i2.hdslb.com/bfs/archive/8ac5f772ec1e5037c059452f25c1901a9ab2bac3.jpg
2026-06-18,2026-06-18 02:34:33,49,BV1g3Jw6GE2g,116747881416815,还挺能装的#情侣日常#抽象#搞笑#骑着小电驴兜风,dong哈哈丶,健身,运动,164,95,2031532,1220,2738,129486,2045,12975,5834,1781431428,https://www.bilibili.com/video/BV1g3Jw6GE2g,http://i0.hdslb.com/bfs/archive/9bd961c6b2d26d51f3e05d5f045d74c440c9950b.jpg
2026-06-18,2026-06-18 02:34:33,50,BV16bJ36DE25,116752243492511,在北美怎么收服黑帮成员给你干活，特工伪装消除势力范围,行走的大大大羊腿,出行,生活,250,112,2862994,338,1476,103674,2069,7088,768,1781498313,https://www.bilibili.com/video/BV16bJ36DE25,http://i0.hdslb.com/bfs/archive/6770d6802e4d099961bc7392d8456221501fa356.jpg
2026-06-18,2026-06-18 02:34:33,51,BV1FfJx6tEwF,116745146795719,⚡为什么我的电扇不转呢⚡,发癫的芒果宝日常,日常,生活,21,12,1808830,2503,5001,170791,3488,31926,18570,1781389779,https://www.bilibili.com/video/BV1FfJx6tEwF,http://i1.hdslb.com/bfs/archive/ac85ec78b8a4fce539adef6c871281a96b545ed1.jpg
2026-06-18,2026-06-18 02:34:33,52,BV12CjN6KE9N,116754541974666,如果爱昴天团看到了死归全过程【1】,生锈的包子,综合,综合,27,179,1033400,586,2605,48165,6967,17919,1747,1781533160,https://www.bilibili.com/video/BV12CjN6KE9N,http://i2.hdslb.com/bfs/archive/e729eb7ae279dc6943ef06406951f7e1fb3223f9.jpg
2026-06-18,2026-06-18 02:34:33,53,BV1xrJG6aEbB,116753602512578,如果能一直这样温馨该有多好。,小散门,手机游戏,游戏,172,25,1875932,85,2519,118455,573,23418,2040,1781518853,https://www.bilibili.com/video/BV1xrJG6aEbB,http://i0.hdslb.com/bfs/archive/c11ee385bae0e76dc78bb43b5a9c0f8e4d5baeed.jpg
2026-06-18,2026-06-18 02:34:33,54,BV1aEE16YECM,116736825362515,墙那边根本就没有厕所！！,二三哥哥鸭,搞笑,娱乐,138,54,8540123,2351,13880,640505,28032,114560,75279,1781262796,https://www.bilibili.com/video/BV1aEE16YECM,http://i2.hdslb.com/bfs/archive/48e1cb9c9f1bbb3477c19823da428e734e84841c.jpg
2026-06-18,2026-06-18 02:34:33,55,BV1AtJw6hEER,116747428431438,功 夫 世 界 杯2.0,KM二号,鬼畜剧场,鬼畜剧场,216,211,728103,815,1549,71864,19209,17614,7293,1781428500,https://www.bilibili.com/video/BV1AtJw6hEER,http://i0.hdslb.com/bfs/archive/ba734cc39f96893e110dc2a66ebd57e40d11ad78.jpg
2026-06-18,2026-06-18 02:34:33,56,BV133Jw6GEGm,116747881416281,全 网 最 燃 的 动 画 教 程 3.0,滑铲师SQsir,同人·手书,动画,47,300,1466789,318,511,80835,6674,35217,1212,1781431407,https://www.bilibili.com/video/BV133Jw6GEGm,http://i0.hdslb.com/bfs/archive/d33d1737548cdcebe2bf799765c367263f8f24e4.jpg
2026-06-18,2026-06-18 02:34:33,57,BV1guJ36vEWX,116752730098442,【TF家族练习生】《四一有意思》10:都很莫名其妙,TF家族,明星综合,明星综合,137,2581,1136146,304393,2700,46305,5853,22520,1438,1781517600,https://www.bilibili.com/video/BV1guJ36vEWX,http://i0.hdslb.com/bfs/archive/d634ccaee227507324f20fd1c51bd0a545dcc11b.jpg
2026-06-18,2026-06-18 02:34:33,58,BV1eWJg6KE5x,116753300526098,欢迎回家，iG.TheShy,iG电子竞技俱乐部,电子竞技,游戏,171,11,2059654,5417,17096,111518,25758,7279,61101,1781514116,https://www.bilibili.com/video/BV1eWJg6KE5x,http://i2.hdslb.com/bfs/archive/0d0817e1a06acfd9c8e4d74ba197a903c90390fc.jpg
2026-06-18,2026-06-18 02:34:33,59,BV19sJH6NE2H,116741707601636,看一看早餐的质量怎么样#早餐#食品安全,陈大成bili,美食记录,美食,215,306,4873663,1515,3922,251460,23926,52316,10550,1781352000,https://www.bilibili.com/video/BV19sJH6NE2H,http://i0.hdslb.com/bfs/archive/583ad17b29d55a6f06c98eb251ec63dd9dfe7823.jpg
2026-06-18,2026-06-18 02:34:33,60,BV1AyJg6XEWu,116752998662664,家人们，取外卖碰上黑皮子讨封了怎么办？,觅馋,绘画,绘画,162,98,555059,2185,2255,91435,4746,28372,11396,1781509408,https://www.bilibili.com/video/BV1AyJg6XEWu,http://i2.hdslb.com/bfs/archive/e3f083137d155c6916ec68d4cad24273a6f9ace0.jpg
2026-06-18,2026-06-18 02:34:33,61,BV1u8Jg6wE9R,116753233348410,中国蛔虫根除：人人感染到几乎绝迹，喉咙的虫子怎么灭？,颀思诺想,科学科普,知识,201,609,1573077,3167,7750,53964,1749,10228,1432,1781513155,https://www.bilibili.com/video/BV1u8Jg6wE9R,http://i1.hdslb.com/bfs/archive/692e23d9bd6f2cbdad153397cb1e2c502d76466e.jpg
2026-06-18,2026-06-18 02:34:33,62,BV1qYJu6gEqk,116751639511306,特厨探店|不好找，无环境，但好吃的—特色辣子鸡大盘鸡,特厨隋坡,美食侦探,美食,212,266,1075825,768,2851,76594,5379,5957,3851,1781494200,https://www.bilibili.com/video/BV1qYJu6gEqk,http://i2.hdslb.com/bfs/archive/44de36b55bbc74902fe2414ff5e7f1b1b5eb9991.jpg
2026-06-18,2026-06-18 02:34:33,63,BV1SGJ36aEon,116752763590617,志愿填的好比高考还重要！,碎嘴企鹅,搞笑,娱乐,138,307,713473,866,1621,53332,1349,20023,979,1781514000,https://www.bilibili.com/video/BV1SGJ36aEon,http://i0.hdslb.com/bfs/archive/a54395b32437633202992e588321bdf1de8305e8.jpg
2026-06-18,2026-06-18 02:34:33,64,BV1hSJ36TE8U,116754239981546,成见 大山,脱缰凯Kk,小剧场,娱乐,85,296,889630,1999,1399,71391,2952,8824,660,1781529177,https://www.bilibili.com/video/BV1hSJ36TE8U,http://i2.hdslb.com/bfs/archive/ee60889fc8dd8c617afc6cfb8d1aab036572509f.jpg
2026-06-18,2026-06-18 02:34:33,65,BV1xqJg64ErW,116752881092256,大寿当天美伊停战，文武百官齐上贺表，特朗普的80生日过得到底有多开心？,毒舌的南瓜,人文历史,知识,228,1130,1137160,7957,2231,58450,3911,10435,4063,1781512200,https://www.bilibili.com/video/BV1xqJg64ErW,http://i0.hdslb.com/bfs/archive/dffe15072ed7718d9993ffc69381fb588e391b0b.jpg
2026-06-18,2026-06-18 02:34:33,66,BV11pJV6YEsU,116753485007700,炎炎夏天怎么能少的了清凉爽口的开胃冷面呢！,留意炫饭吖,美食记录,美食,215,106,1321509,347,927,89241,1415,14869,2131,1781516995,https://www.bilibili.com/video/BV11pJV6YEsU,http://i0.hdslb.com/bfs/archive/fe111b51f25341638d6a1541cc262b5ae74623ae.jpg
2026-06-18,2026-06-18 02:34:33,67,BV14MJj66EWB,116738788169472,一方水土养一方舞蹈,我的老师有高度,舞蹈综合,舞蹈综合,154,349,1705293,1318,3469,158294,12650,22026,5120,1781308800,https://www.bilibili.com/video/BV14MJj66EWB,http://i2.hdslb.com/bfs/archive/907f426f4912bb15708879e9fc8a2798b776cda5.jpg
2026-06-18,2026-06-18 02:34:33,68,BV1r9JG6WEsR,116753736799494,选择一个人救他,ai造物神,日常,生活,21,278,814214,1768,1611,73608,641,7864,574,1781520755,https://www.bilibili.com/video/BV1r9JG6WEsR,http://i0.hdslb.com/bfs/archive/d586c68e21d4279f117c9c50b0eab97c44ac37ad.jpg
2026-06-18,2026-06-18 02:34:33,69,BV185Js6BE4i,116744140097496,【i-dle】 'Crow' Official Music Video,i-dle_official,音乐综合,音乐,130,203,1083833,21522,16111,78668,52776,24893,15932,1781442000,https://www.bilibili.com/video/BV185Js6BE4i,http://i0.hdslb.com/bfs/archive/27cbbd5112c850b931b2cfbf635e6dc8852dc99c.jpg
2026-06-18,2026-06-18 02:34:33,70,BV1zhJu6rEKd,116751656295217,躲在超市后门冲刺的两人♿,咕gugugugu,日常,生活,21,144,950891,1252,3007,52899,5951,17499,9526,1781489070,https://www.bilibili.com/video/BV1zhJu6rEKd,http://i0.hdslb.com/bfs/archive/408c4e77e60fcf8078f755e9fc34046ba4021e7a.jpg
2026-06-18,2026-06-18 02:34:33,71,BV13GJw6rEz3,116747931751784,🐧当你六套满改猛攻，却被AI吸附一脚踢死🐧,徐Toso,动漫杂谈,动画,253,357,1289387,874,1795,88868,4453,22697,3987,1781432259,https://www.bilibili.com/video/BV13GJw6rEz3,http://i0.hdslb.com/bfs/archive/89407275cc6ca2b0561016d624f4771b50d1c85d.jpg
2026-06-18,2026-06-18 02:34:33,72,BV1Skju6pETf,116758367178100,太硬核了！校运会开幕式上，马术系学生进行马术表演。网友：“鲜衣怒马少年时”具象化了！,人民日报,日常,生活,21,28,1234839,492,4706,136226,1646,9169,2768,1781591444,https://www.bilibili.com/video/BV1Skju6pETf,http://i0.hdslb.com/bfs/archive/4313efdb415e08834f6bf5bbe63a1aaa24432663.jpg
2026-06-18,2026-06-18 02:34:33,73,BV17LJg6rEa8,116753048803308,真想如梦般美好,房飞逢-从头开始,短片,动画,256,225,959768,1738,2349,75951,8866,2407,445,1781510393,https://www.bilibili.com/video/BV17LJg6rEa8,http://i1.hdslb.com/bfs/archive/4881c883efd2807ecb65e2a49b2dd0ed36031794.jpg
2026-06-18,2026-06-18 02:34:33,74,BV1qiJu6MEun,116751673071269,采访一位炒饭少年,有亿思2025,人文历史,知识,228,197,1946299,1192,3053,98737,2025,13637,2217,1781489388,https://www.bilibili.com/video/BV1qiJu6MEun,http://i0.hdslb.com/bfs/archive/4f9a3cf93151d364ddf63eec4aefd8b6e7c72be1.jpg
2026-06-18,2026-06-18 02:34:33,75,BV1gNj364EK3,116759675799380,载物逆天头球破门，NiKo勇夺世界杯！,CSGO-QUQU,电子竞技,游戏,171,205,1062697,884,1717,52220,6448,8239,21014,1781611437,https://www.bilibili.com/video/BV1gNj364EK3,http://i2.hdslb.com/bfs/archive/07f02584b19439cb7b3d0da4193aed158f37be1c.jpg
2026-06-18,2026-06-18 02:34:33,76,BV1PmJG6tEu8,116753803778900,20包火鸡面！+鸡腿+烤肠+鳗鱼+饺子！,干饭三健客,美食记录,美食,215,574,1114691,910,1114,61425,2212,6925,1271,1781523788,https://www.bilibili.com/video/BV1PmJG6tEu8,http://i1.hdslb.com/bfs/archive/adccfb7468055539723045e195f9669092a7b9c6.jpg
2026-06-18,2026-06-18 02:34:33,77,BV1HXjj6fEwL,116761974278100,歌剧老师锐评《乘风破浪的姐姐2026》四公（下）,铁豆钢蛋,乐评盘点,音乐,243,4390,706611,31242,6897,39030,27709,6311,1275,1781654400,https://www.bilibili.com/video/BV1HXjj6fEwL,http://i1.hdslb.com/bfs/archive/c7e643c4bb6aefe882ab51a7b4a3cc8dad52d978.jpg
2026-06-18,2026-06-18 02:34:33,78,BV13bJG66E2Z,116754005100117,“抱歉，我好像稍微有点不耐烦了”【The other side of paradise】【黑化の小曲】,早睡起大王,音乐综合,音乐,130,126,1096488,125,1756,65947,2905,45755,647,1781526600,https://www.bilibili.com/video/BV13bJG66E2Z,http://i0.hdslb.com/bfs/archive/8b5bd91ebdfb71fe902889e7a0d93ddbc2499458.jpg
2026-06-18,2026-06-18 02:34:33,79,BV1P1JG6fEmN,116753619229362,《高考后最忙的人》,嘞是唐孃孃,搞笑,娱乐,138,41,1423482,173,2326,132358,1079,7574,1169,1781519187,https://www.bilibili.com/video/BV1P1JG6fEmN,http://i2.hdslb.com/bfs/archive/b7cabcda788b19d85e9ce9d7820cc3d801dd3f39.jpg
2026-06-18,2026-06-18 02:34:33,80,BV1NbJP6BE2U,116748317628038,雷霆嘉豪旋转蹦迪！神人老头公路平移！,闪球,单机游戏,游戏,17,696,464675,2053,783,50818,3268,34229,3676,1781438211,https://www.bilibili.com/video/BV1NbJP6BE2U,http://i0.hdslb.com/bfs/archive/e63fd27419c2a1da0476ec2b7539220468c3515a.jpg
2026-06-18,2026-06-18 02:34:33,81,BV1voJJ6eEfj,116742395271841,难 绷,我叫小渔人,鬼畜剧场,鬼畜剧场,216,244,1392096,2025,2115,79386,7362,27876,9183,1781347937,https://www.bilibili.com/video/BV1voJJ6eEfj,http://i1.hdslb.com/bfs/archive/bf3b6b7bd7136d361f069208d96fd1531a498775.jpg
2026-06-18,2026-06-18 02:34:33,82,BV1KCJG6cEKd,116753585674281,审美积累～胶黏的小猫嘴,是豆包不是沙包猫咪,喵星人,喵星人,218,20,760356,164,1434,95892,2068,22628,13834,1781518504,https://www.bilibili.com/video/BV1KCJG6cEKd,http://i2.hdslb.com/bfs/archive/1c02b7a376c99624d13e6a4b3db75e1513a72564.jpg
2026-06-18,2026-06-18 02:34:33,83,BV16bJ36DEny,116752243492972,巴西两架直升机空中相撞致6死 32岁美国知名歌手确认遇难 其原定10月来中国巡演 成名曲为《生活仍要继续》,红星视频,热点,热点,203,33,1554338,3220,2388,115908,712,9256,6286,1781498168,https://www.bilibili.com/video/BV16bJ36DEny,http://i2.hdslb.com/bfs/archive/63cd1e6f209da7e826b72b9ec3e6988b41010e9f.jpg
2026-06-18,2026-06-18 02:34:33,84,BV11NJA6NEMZ,116747294214059,问题少年，梆梆两拳！高分韩剧《铁拳教育》,刘老师说电影,影视杂谈,影视,182,1797,1513541,4873,3046,53431,7870,12647,3812,1781434800,https://www.bilibili.com/video/BV11NJA6NEMZ,http://i2.hdslb.com/bfs/archive/cf8dc73ac51c4308ba90772fc65a88cb3184785b.jpg
2026-06-18,2026-06-18 02:34:33,85,BV1e7jg6bEEk,116758048412874,在小溪里捞蚬子，在田野上抓小龙虾，用最简单的方法煮了个小龙虾煲，蚬子蒸着吃。没想到煮出来很美味，这些都是我在农村喜欢做的事。,少斌同学,田园美食,田园美食,214,208,803060,755,975,62976,6551,4197,352,1781586871,https://www.bilibili.com/video/BV1e7jg6bEEk,http://i1.hdslb.com/bfs/archive/c2587e530c5170bee5f0513af6449c663f541894.jpg
2026-06-18,2026-06-18 02:34:33,86,BV1JZJA6fEuK,116748921602463,（重生赛伊德01）,鹿晓晓AIGC,影视剪辑,影视,183,503,458535,1776,801,46002,2632,19581,961,1781517600,https://www.bilibili.com/video/BV1JZJA6fEuK,http://i0.hdslb.com/bfs/archive/c1748bf0194ad5d44ae4495400d606a1f7249082.jpg
2026-06-18,2026-06-18 02:34:33,87,BV19kj36cEPS,116759004714843,识时务者为俊熊,抽象老祖Meme,电子竞技,游戏,171,15,916813,216,3485,88594,1030,19585,17927,1781601140,https://www.bilibili.com/video/BV19kj36cEPS,http://i0.hdslb.com/bfs/archive/b605a95479bc225953025254ed3a7feed8720fc8.jpg
2026-06-18,2026-06-18 02:34:33,88,BV1M8JM6WEdq,116752058947059,当你决定做一名律师....,郭庆梓律师,社科·法律·心理,知识,124,98,1702610,328,1270,97180,1173,3590,1020,1781495332,https://www.bilibili.com/video/BV1M8JM6WEdq,http://i0.hdslb.com/bfs/archive/5ce87776cf4c4aa9cdbddd965ada0bc4391bafcc.jpg
2026-06-18,2026-06-18 02:34:33,89,BV1EeJ36EE6t,116752461727650,小妖怪的瓜摊,Raymondsese,MV,MV,193,367,967183,1502,942,39123,11445,7849,4137,1781501361,https://www.bilibili.com/video/BV1EeJ36EE6t,http://i1.hdslb.com/bfs/archive/6d2c9b54172e48a27c46951deb8ebe24aaf69659.jpg
2026-06-18,2026-06-18 02:34:33,90,BV15TJP6XEoQ,116748485394963,机枪射手娘化？童年信仰！,庄不纯,单机游戏,游戏,17,461,1430797,982,3043,66618,5215,11937,1271,1781442554,https://www.bilibili.com/video/BV15TJP6XEoQ,http://i1.hdslb.com/bfs/archive/6c0a50fe005978a326f3db141a3aed9de2b2d360.jpg
2026-06-18,2026-06-18 02:34:33,91,BV1Zjj561EJo,116761873686110,“盛夏，蝉鸣，小小的傻龙~”,小陈的脚凑凑的,日常,生活,21,81,562399,186,1027,82703,8244,22326,3760,1781651400,https://www.bilibili.com/video/BV1Zjj561EJo,http://i0.hdslb.com/bfs/archive/f0cbbb07ce381ffa8e92bd84fc2f77c47b6f7e4a.jpg
2026-06-18,2026-06-18 02:34:33,92,BV1uYJg6FEBv,116752864253843,RIIZE《Do your dance》MV,SMTOWN,MV,MV,193,190,428504,11953,7426,36166,21184,11273,19488,1781514000,https://www.bilibili.com/video/BV1uYJg6FEBv,http://i0.hdslb.com/bfs/archive/67cefd778cc43789163cdb15a417f17b1a04f9a0.jpg
2026-06-18,2026-06-18 02:34:33,93,BV1gCju6XEMg,116758350470433,这是真拼豆！也是真炸鸡！,黑猫厨房,美食制作,美食,76,156,825021,362,539,66091,12442,8919,3299,1781596800,https://www.bilibili.com/video/BV1gCju6XEMg,http://i0.hdslb.com/bfs/archive/6195e40b5cbe3941674e4fffaf3218408433d609.jpg
2026-06-18,2026-06-18 02:34:33,94,BV1Q6ju69EUc,116758182631300,可是 这是我的车！,一颗小兔娘,仿妆cos,时尚,252,24,1319042,220,1568,104713,795,11919,1147,1781588852,https://www.bilibili.com/video/BV1Q6ju69EUc,http://i1.hdslb.com/bfs/archive/757a1b0eed2a17998bf2265e77d823ae2a24fa71.jpg
2026-06-18,2026-06-18 02:34:33,95,BV1SFJN6jE1v,116747982085473,AI 西游记·狮驼岭（下）,增文居士,影视剪辑,影视,183,1939,923821,3806,2871,39313,15588,11201,2256,1781433199,https://www.bilibili.com/video/BV1SFJN6jE1v,http://i2.hdslb.com/bfs/archive/3decbade36ecb260857b754b83df3ecb51e2d4c7.jpg
2026-06-18,2026-06-18 02:34:33,96,BV1QejN6GEET,116754441311592,【萌黄一槽】日向雏田[八极宗师]全技能爆料！步步紧追，崩劲蓄积！,火影忍者手游情报君,手机游戏,游戏,172,304,1046323,3962,6314,46027,3177,7673,10023,1781531549,https://www.bilibili.com/video/BV1QejN6GEET,http://i2.hdslb.com/bfs/archive/0f0287c5de3775c70d85a808e707a64d6f07ce7a.jpg
2026-06-18,2026-06-18 02:34:33,97,BV14Yjg6EEVp,116757813532059,讨厌让你孤身一人,Super小柴郡,MMD·3D,动画,25,21,348245,74,1044,99958,4906,32134,1379,1781583013,https://www.bilibili.com/video/BV14Yjg6EEVp,http://i2.hdslb.com/bfs/archive/239344241034b05bc366825d3ceb51bf634c5ba2.jpg
2026-06-18,2026-06-18 02:34:33,98,BV1YCJ363EzL,116752428043640,异世界酒馆Vlog4 - 哥布林的委托,芝士汉堡是猫的名字,动漫杂谈,动画,253,153,531623,721,1361,53470,4815,15441,1047,1781500806,https://www.bilibili.com/video/BV1YCJ363EzL,http://i1.hdslb.com/bfs/archive/0b10547f2ae4e610472296c6d59b57b6cbf026a8.jpg
2026-06-18,2026-06-18 02:34:33,99,BV141jT6CEug,116757494893367,根本没有对手,庞大辉,日常,生活,21,46,2798576,214,1479,90913,1786,6549,3375,1781578057,https://www.bilibili.com/video/BV141jT6CEug,http://i1.hdslb.com/bfs/archive/b5f970eaf497560891546029dcf2ca55a65273f2.jpg
2026-06-18,2026-06-18 02:34:33,100,BV1nsj36CEVi,116759457761166,广东最近的天气（2）（威尼斯篇）be like：,扬帆北冥号,家居房产,家居房产,239,62,951583,351,1720,91506,1324,16317,5639,1781608168,https://www.bilibili.com/video/BV1nsj36CEVi,http://i0.hdslb.com/bfs/archive/e27e6048435de201fcc242b2ae1fb7d56634db98.jpg
2026-06-18,2026-06-18 07:51:18,1,BV1nAJK6PEwh,116749374593001,《原神》动画短片——「最后的遗产」,原神,手机游戏,游戏,172,1861,5473274,82306,50021,615156,627798,218784,100085,1781496000,https://www.bilibili.com/video/BV1nAJK6PEwh,http://i0.hdslb.com/bfs/archive/7643cfcbd6364efae92208ab8aeb5cc75ba6173a.jpg
2026-06-18,2026-06-18 07:51:18,2,BV1dmJP6sEgd,116748384731561,迈克尔杰克逊的billiejean，斗胆跳一段。,特崮斯,篮球,运动,235,67,4389270,2371,11124,748133,140402,75483,14681,1781439271,https://www.bilibili.com/video/BV1dmJP6sEgd,http://i2.hdslb.com/bfs/archive/d06b949e7976e0c255a0f4885cb8a3acf0165294.jpg
2026-06-18,2026-06-18 07:51:18,3,BV1pUJG6oEVS,116753787060825,没想到开水也能直接加进肉馅里？这样包子馅里的汤汁反而更多？,品诺美食开课啦,美食制作,美食,76,163,3704279,1769,5381,287401,21300,150645,23501,1781521614,https://www.bilibili.com/video/BV1pUJG6oEVS,http://i1.hdslb.com/bfs/archive/378a1b54cfa0920e77014bbb87854906953d94cc.jpg
2026-06-18,2026-06-18 07:51:18,4,BV1BcJP6oEw5,116748552570821,《主任你说句话啊》,伤心欲茄222,搞笑,娱乐,138,179,3424990,1389,4610,297133,5178,14915,2953,1781509152,https://www.bilibili.com/video/BV1BcJP6oEw5,http://i2.hdslb.com/bfs/archive/8bd2d7dd01d2bb0e46134221396a5ebb1a79045a.jpg
2026-06-18,2026-06-18 07:51:18,5,BV1QNJu6bEts,116751740179733,峰峦叠嶂间，此城何处寻？,鸣潮,手机游戏,游戏,172,477,2834732,11953,30187,143915,89036,30715,76032,1781492400,https://www.bilibili.com/video/BV1QNJu6bEts,http://i2.hdslb.com/bfs/archive/0dd7257472d03c50150cd38ff7efb425c8cfd40a.jpg
2026-06-18,2026-06-18 07:51:18,6,BV1Wzjg65EM6,116757746424408,在AI里抛硬币，概率是50%吗？,影视飓风,单机游戏,游戏,17,617,3398823,3928,4052,249556,33330,37550,6629,1781600400,https://www.bilibili.com/video/BV1Wzjg65EM6,http://i1.hdslb.com/bfs/archive/ba06201e7786575aaf3b77304c7f74e9c958eb05.jpg
2026-06-18,2026-06-18 07:51:18,7,BV1PaJP6iEjo,116748216964436,有人把五厘米当成玩笑，有人把它藏在遗憾里。,有Ai-爱制作,职业职场,职业职场,209,164,1554995,2052,11914,151386,21431,28877,4282,1781523300,https://www.bilibili.com/video/BV1PaJP6iEjo,http://i0.hdslb.com/bfs/archive/fc6b9aaf6fa22914cf4467a485ba4752670aaabb.jpg
2026-06-18,2026-06-18 07:51:18,8,BV1caJw6ZEwT,116747445208084,你懂白鹿吗？——内娱嘉欣,玉玉__,娱乐粉丝创作,娱乐,242,710,4918526,12379,9735,277990,58822,68493,16190,1781425006,https://www.bilibili.com/video/BV1caJw6ZEwT,http://i1.hdslb.com/bfs/archive/b0e3f677673a83698198228b72e9ea8b69eb5cfa.jpg
2026-06-18,2026-06-18 07:51:18,9,BV1EcJP6oEvo,116748552508416,躲在超市后门吸烟的二人《Night Smoker》,清风最梦,明星综合,明星综合,137,92,2803597,8528,7803,217714,33628,52564,67800,1781441576,https://www.bilibili.com/video/BV1EcJP6oEvo,http://i1.hdslb.com/bfs/archive/5ad6fd0412b663fb81a4ccddf62982316516bc4e.jpg
2026-06-18,2026-06-18 07:51:18,10,BV1wCJM6yEaG,116752176387369,杨氏跑刀法,杨齐家_,单机游戏,游戏,17,1496,1988856,4903,47618,118361,14912,19934,1379,1781514000,https://www.bilibili.com/video/BV1wCJM6yEaG,http://i0.hdslb.com/bfs/archive/c7b0616e8ff73714ae8551d92e0f61977492a5f5.jpg
2026-06-18,2026-06-18 07:51:18,11,BV1hsJg6vE2t,116753283747086,泽连斯基劝降俄罗斯,燕三嘤嘤嘤,人文历史,知识,228,1108,2329459,12944,8322,122067,28810,17106,2391,1781517000,https://www.bilibili.com/video/BV1hsJg6vE2t,http://i1.hdslb.com/bfs/archive/6525afebeafbb6d3d096c21ca3a52e139af00ad3.jpg
2026-06-18,2026-06-18 07:51:18,12,BV1bkJN6mEzJ,116749659807076,开局直接当领主，还送4个全副武装牛马小弟【剑与王国】,磊哥游戏,手机游戏,游戏,172,409,1197238,3153,4381,139804,14310,22675,4023,1781485200,https://www.bilibili.com/video/BV1bkJN6mEzJ,http://i0.hdslb.com/bfs/archive/789c42aa10c5fc707f642d2e82ed8caaa81e3210.jpg
2026-06-18,2026-06-18 07:51:18,13,BV1WSJA6NE43,116748955156936,新三国up锐评神探狄仁杰01：全剧最大的谜团出现了,吃蛋挞的折棒,影视剪辑,影视,183,1441,1231140,15812,9670,90387,69415,18202,3656,1781488800,https://www.bilibili.com/video/BV1WSJA6NE43,http://i0.hdslb.com/bfs/archive/4079fd0ebde89e938ab366e21a800c2b4741033b.jpg
2026-06-18,2026-06-18 07:51:18,14,BV11qJJ67Ei5,116740532999919,人到底可以多倒霉,喝茶喝到胃痛,日常,生活,21,264,1715775,4888,6160,237217,5564,20760,3954,1781319487,https://www.bilibili.com/video/BV11qJJ67Ei5,http://i1.hdslb.com/bfs/archive/742d23c81be304e917d2189b1afb8eeb4596da66.jpg
2026-06-18,2026-06-18 07:51:18,15,BV1wwE165EpD,116736741349278,《诡秘之主：愚者》首曝PV | 欢迎回来，愚者先生,诡秘之主愚者,GMV,GMV,121,157,2103188,2242,2775,106866,34374,37718,9168,1781658000,https://www.bilibili.com/video/BV1wwE165EpD,http://i1.hdslb.com/bfs/archive/190e57d8867c7683397960f926975cf3b0d88740.jpg
2026-06-18,2026-06-18 07:51:18,16,BV16hJ36JEEB,116752293822838,【侯绿萝】新作上线，快来看看！,侯绿萝,小剧场,娱乐,85,177,2074959,622,756,149319,3652,11397,892,1781499003,https://www.bilibili.com/video/BV16hJ36JEEB,http://i2.hdslb.com/bfs/archive/17fcdc6b0de5eafd940e9c02695b6b588453009b.jpg
2026-06-18,2026-06-18 07:51:18,17,BV1LmjK6pEBk,116755783490540,不同人格打游戏,锤子game,搞笑,娱乐,138,86,3219927,858,3897,194395,3075,15867,19031,1781582400,https://www.bilibili.com/video/BV1LmjK6pEBk,http://i1.hdslb.com/bfs/archive/d0d1e1b2fdab4bcdfadc7f0b05e997c96a918750.jpg
2026-06-18,2026-06-18 07:51:18,18,BV1ztj36rEjF,116759357163411,月薪三千去锯齿的正确方式、结尾带原理！,佛系小詹设计日常,设计·创意,设计·创意,229,47,2436146,95,989,134448,4246,94674,1133,1781606612,https://www.bilibili.com/video/BV1ztj36rEjF,http://i1.hdslb.com/bfs/archive/25a4b941d05eb018db00872e5f6055f2dde2d455.jpg
2026-06-18,2026-06-18 07:51:18,19,BV1gBJA6CE5v,116748871408493,当高考生帮大学生代课：,戚小鱼_,日常,生活,21,86,2279359,335,2141,234436,1262,12023,4400,1781446586,https://www.bilibili.com/video/BV1gBJA6CE5v,http://i0.hdslb.com/bfs/archive/d5826227e0cd3daef374cf6a817b420f5cbcb246.jpg
2026-06-18,2026-06-18 07:51:18,20,BV1GgJV6kEWd,116753350860127,《安宁大厦生存守则》第十集,Fel探险记,短片,动画,256,349,1102644,1124,1312,98089,9489,19171,2209,1781515306,https://www.bilibili.com/video/BV1GgJV6kEWd,http://i2.hdslb.com/bfs/archive/40f87281a0032e4846d825714689cbc0e1fc8771.jpg
2026-06-18,2026-06-18 07:51:18,21,BV1GhJG6uEct,116753988328406,《参加公司大会迟到的我be like》,小蔡在东京,颜值·网红舞,颜值·网红舞,255,18,3901622,2004,5601,307971,3830,20972,11179,1781524765,https://www.bilibili.com/video/BV1GhJG6uEct,http://i1.hdslb.com/bfs/archive/fed3124ebc6b72bf677587104e4f47e7a75cf659.jpg
2026-06-18,2026-06-18 07:51:18,22,BV1BTjg6KEBB,116758098739712,泪…。,無無無鱼子,同人·手书,动画,47,17,1229757,224,2352,281503,6650,48789,4118,1781587312,https://www.bilibili.com/video/BV1BTjg6KEBB,http://i0.hdslb.com/bfs/archive/ad19127576eb3f2674730b84f05a4cea3025a63b.jpg
2026-06-18,2026-06-18 07:51:18,23,BV1SjJV6qEWz,116753552120519,来杯好茶摇一摇,栗川芥,日常,生活,21,18,1574319,1619,4990,233643,4824,36935,10248,1781518053,https://www.bilibili.com/video/BV1SjJV6qEWz,http://i2.hdslb.com/bfs/archive/d58e1ac6b94f8fc2f1c3242df9764a8ef59b8c4f.jpg
2026-06-18,2026-06-18 07:51:18,24,BV1QMJ36NE1W,116752545487524,10秒速成《NIGHT DANCER》！！学会了吗,野生小叔,翻唱,音乐,31,19,1295194,148,2322,184531,4984,88605,4479,1781502765,https://www.bilibili.com/video/BV1QMJ36NE1W,http://i2.hdslb.com/bfs/archive/4dbd990d8631db9faede61a96722322d318bdc83.jpg
2026-06-18,2026-06-18 07:51:18,25,BV1X9JP6nEJs,116748049187177,破晓将至，律己则安，终见黎明！,花小龙oy,健身,运动,164,230,1943010,1461,5333,176414,7521,7546,3943,1781433996,https://www.bilibili.com/video/BV1X9JP6nEJs,http://i1.hdslb.com/bfs/archive/8622e6312c0448d70defa53d5ab3a0d9347f78be.jpg
2026-06-18,2026-06-18 07:51:18,26,BV1TGj36QEpx,116759323483098,"几百只流浪猫猫搬到70,000平的林地，开启新生活。",五月妈院儿里的小流浪,喵星人,喵星人,218,391,663271,2167,3536,83497,69771,8494,2652,1781606239,https://www.bilibili.com/video/BV1TGj36QEpx,http://i1.hdslb.com/bfs/archive/a3e630d8a1757bde0f399a4f08250b981511afff.jpg
2026-06-18,2026-06-18 07:51:18,27,BV1FhJ36nE7p,116752293891019,孙悟空命格｜心魔六耳CG《自渡》——若此身本是虚妄，又怕什么魂飞魄散？,王者荣耀,电子竞技,游戏,171,663,1640476,11471,10249,83238,6479,17504,19881,1781522380,https://www.bilibili.com/video/BV1FhJ36nE7p,http://i0.hdslb.com/bfs/archive/f622f436d492c6b3638d6a3d062d65f4ea865169.jpg
2026-06-18,2026-06-18 07:51:18,28,BV12BJg6dEzf,116752797275826,【机核独家】《鸣潮》共鸣者「秧秧·玄翎」、「穗穗」演示,机核GCORES,单机游戏,游戏,17,61,2285270,6002,14809,125315,36425,23817,107553,1781517201,https://www.bilibili.com/video/BV12BJg6dEzf,http://i0.hdslb.com/bfs/archive/09db1b7f19b79b31b2190a3d8fd2225c21829f37.jpg
2026-06-18,2026-06-18 07:51:18,29,BV1ZSJM6zEFv,116752109275369,【女儿殿下 | 官方MV 】周杰伦 疯疯癫癫 Hey 风度翩翩 Hey 陪我家公主玩变化万千 Hey,杰威尔音乐,MV,MV,193,225,1682884,2668,4831,63737,30464,15803,15023,1781496081,https://www.bilibili.com/video/BV1ZSJM6zEFv,http://i1.hdslb.com/bfs/archive/9f9433d891690581f48adfa70e2b0fc092aac264.jpg
2026-06-18,2026-06-18 07:51:18,30,BV1gvJG6qEBq,116753669756853,《女生vs男生》,郑凯伦伦伦,搞笑,娱乐,138,228,2179880,757,1400,121662,1552,8779,869,1781527051,https://www.bilibili.com/video/BV1gvJG6qEBq,http://i1.hdslb.com/bfs/archive/407e5952ffc113569d5650898e1da3c28b2b0aa0.jpg
2026-06-18,2026-06-18 07:51:18,31,BV17Qjg6KE2K,116759491254199,《锻刀大赛》长沙人·狗哥专场！up主与偶像双向奔赴的浪漫,沫子瞪片,影视杂谈,影视,182,1152,1190544,6700,2045,81715,25184,12189,1221,1781609078,https://www.bilibili.com/video/BV17Qjg6KE2K,http://i0.hdslb.com/bfs/archive/7fa2666efedfa2b47bcd77c03f4f2c6be5c47e16.jpg
2026-06-18,2026-06-18 07:51:18,32,BV1UkjT6yEPq,116757595422987,乘螺舟而至——《太吾绘卷》与中国独立游戏的八年,新华社,日常,生活,21,716,2143395,5350,7521,71512,17731,8949,14951,1781582100,https://www.bilibili.com/video/BV1UkjT6yEPq,http://i1.hdslb.com/bfs/archive/79c11095248e4800a41f3e8e4abea6fa13554783.jpg
2026-06-18,2026-06-18 07:51:18,33,BV1JNjg6BEZp,116757914327953,太行深山村医47年如一日，诠释医者仁心,油克东东,日常,生活,21,146,753733,937,2131,114684,48852,4459,301,1781584636,https://www.bilibili.com/video/BV1JNjg6BEZp,http://i0.hdslb.com/bfs/archive/b9ef0df589c79d9e895ea8603164faa376094f26.jpg
2026-06-18,2026-06-18 07:51:18,34,BV1AuJA6YEM2,116747311057858,有一个人前来踢球,王与也行,鬼畜剧场,鬼畜剧场,216,176,1968902,1771,2563,87322,18266,18607,13011,1781422862,https://www.bilibili.com/video/BV1AuJA6YEM2,http://i1.hdslb.com/bfs/archive/646bd7f8f790fb7343a8acb7ed8c08b3d76a7f91.jpg
2026-06-18,2026-06-18 07:51:18,35,BV13uJV6VEdW,116753367633164,韩国巴掌战神诞生！一掌扇飞坏学生，打响年度第一爽剧！韩剧《铁拳教育》第一期,小片片说大片,影视杂谈,影视,182,2440,1445668,5437,2203,62229,15063,21143,4840,1781517600,https://www.bilibili.com/video/BV13uJV6VEdW,http://i2.hdslb.com/bfs/archive/f5b07870e11ac6952226cbc38f8c57d90ba167c3.jpg
2026-06-18,2026-06-18 07:51:18,36,BV1xrEB6eE4r,116732580665475,手机扫荡,Y的生存手记,综合,综合,27,576,1481073,1417,3966,167735,6305,37940,6899,1781258400,https://www.bilibili.com/video/BV1xrEB6eE4r,http://i1.hdslb.com/bfs/archive/09b799238d00b1b4ae90f2bfc40f201dea3e4498.png
2026-06-18,2026-06-18 07:51:18,37,BV11NJA6NEnT,116747294212396,津 门 幸 运 大 转 轮（续）,肥龙和老西,搞笑,娱乐,138,79,2025368,695,1245,119814,4727,25825,5950,1781479800,https://www.bilibili.com/video/BV11NJA6NEnT,http://i2.hdslb.com/bfs/archive/f717c06d8b318da49af74093895dffa094e44ea4.jpg
2026-06-18,2026-06-18 07:51:18,38,BV16Njg6qENt,116757914195122,请停留3秒，为“糖丸爷爷”顾方舟献花，他用一粒糖丸守护了中国几代孩子的健康,大象新闻,社会,社会,205,45,529189,6033,1672,286514,24641,7405,523,1781584607,https://www.bilibili.com/video/BV16Njg6qENt,http://i0.hdslb.com/bfs/archive/53b2e6d54a32e56d714f027d0354784983e1f85e.jpg
2026-06-18,2026-06-18 07:51:18,39,BV1mrjN6qE4C,116754625862301,《绝区零》维琳娜角色PV | 拟剧论,绝区零,手机游戏,游戏,172,818,724316,3108,3603,66543,29031,12505,4351,1781582400,https://www.bilibili.com/video/BV1mrjN6qE4C,http://i0.hdslb.com/bfs/archive/eb6d362a0b2b68ee2ea6a04110dca848b80c5258.jpg
2026-06-18,2026-06-18 07:51:18,40,BV1E5Jg6GEF4,116753065581369,选志愿的绝望时刻！,一串大福,搞笑,娱乐,138,194,1682915,741,994,98612,1674,13370,483,1781517600,https://www.bilibili.com/video/BV1E5Jg6GEF4,http://i1.hdslb.com/bfs/archive/62e3f3603e458aed6270ef39319bb38bad38494f.jpg
2026-06-18,2026-06-18 07:51:18,41,BV1xeJM6DE3D,116752075786224,杨家园---对话小潮院长,小杨Johnson,搞笑,娱乐,138,1680,745703,8810,1860,64097,33686,18614,1082,1781495904,https://www.bilibili.com/video/BV1xeJM6DE3D,http://i2.hdslb.com/bfs/archive/8b67913cff9d536a1a9568009a8b891dd1e8783b.jpg
2026-06-18,2026-06-18 07:51:18,42,BV186EY6fErc,116729158044326,非洲最好的城市长啥样？美女扎堆，处处是风景，难怪吸引了几十万华人,小钟Johnny,出行,生活,250,707,1381123,3284,2842,54648,14407,15916,5085,1781516700,https://www.bilibili.com/video/BV186EY6fErc,http://i2.hdslb.com/bfs/archive/6201804a655791a12a96830c4932713a88f4a2f4.jpg
2026-06-18,2026-06-18 07:51:18,43,BV1RPEz6mEnV,116732328942306,第一视角带你体验主播做的最正义的一集,未曾去过须弥山,日常,生活,21,189,1604842,6318,5356,208234,44412,17805,628,1781245020,https://www.bilibili.com/video/BV1RPEz6mEnV,http://i2.hdslb.com/bfs/archive/97cea6d2ac7e02f27ba13e2b447e6c9f0a7c9d9a.jpg
2026-06-18,2026-06-18 07:51:18,44,BV13uJw6CEGr,116747898195415,☝😯喔 ？！⚡⚡⚡,去码头整点薯条vv,鬼畜调教,鬼畜,22,190,1569637,616,827,96123,6451,13126,4161,1781431859,https://www.bilibili.com/video/BV13uJw6CEGr,http://i0.hdslb.com/bfs/archive/836f1d5b65f57a5776d182a8bd920c76527fbdcc.jpg
2026-06-18,2026-06-18 07:51:18,45,BV1GWJg6KECu,116753300457414,和阎鹤祥在甘肃武威，放最野的羊，吃最夯的肉！,食贫道,日常,生活,21,3127,1367553,7949,1509,57559,24603,12645,4021,1781517624,https://www.bilibili.com/video/BV1GWJg6KECu,http://i1.hdslb.com/bfs/archive/eea97a1bfd30701c84e709b53644e243f3e399c8.jpg
2026-06-18,2026-06-18 07:51:18,46,BV1rCJM6yEEU,116752176514720,【雷军】在武汉过早 非常丰盛,雷军,新能源车,新能源车,247,86,1989714,1161,5559,144130,3476,7882,7298,1781497125,https://www.bilibili.com/video/BV1rCJM6yEEU,http://i2.hdslb.com/bfs/archive/1ae5eb886cc332936b2675283a16e9c0826d2466.jpg
2026-06-18,2026-06-18 07:51:18,47,BV16bJ36DE25,116752243492511,在北美怎么收服黑帮成员给你干活，特工伪装消除势力范围,行走的大大大羊腿,出行,生活,250,112,2881621,340,1485,104191,2077,7157,770,1781498313,https://www.bilibili.com/video/BV16bJ36DE25,http://i0.hdslb.com/bfs/archive/6770d6802e4d099961bc7392d8456221501fa356.jpg
2026-06-18,2026-06-18 07:51:18,48,BV12CjN6KE9N,116754541974666,如果爱昴天团看到了死归全过程【1】,生锈的包子,综合,综合,27,179,1065711,594,2649,49022,7283,18292,1816,1781533160,https://www.bilibili.com/video/BV12CjN6KE9N,http://i2.hdslb.com/bfs/archive/e729eb7ae279dc6943ef06406951f7e1fb3223f9.jpg
2026-06-18,2026-06-18 07:51:18,49,BV1g3Jw6GE2g,116747881416815,还挺能装的#情侣日常#抽象#搞笑#骑着小电驴兜风,dong哈哈丶,健身,运动,164,95,2035029,1220,2750,129749,2054,13025,5850,1781431428,https://www.bilibili.com/video/BV1g3Jw6GE2g,http://i0.hdslb.com/bfs/archive/9bd961c6b2d26d51f3e05d5f045d74c440c9950b.jpg
2026-06-18,2026-06-18 07:51:18,50,BV1UFJN6jEZz,116747982080905,中国的危与机？中美俄欧中东，AI美债美元，混乱世界中|正在发生 ep1 翟东升,王骁Albert,财经商业,知识,207,8295,935726,21592,6373,66111,58670,34537,11016,1781434800,https://www.bilibili.com/video/BV1UFJN6jEZz,http://i2.hdslb.com/bfs/archive/8fdde637aaee057b244a01cd6931a1b0c253714f.jpg
2026-06-18,2026-06-18 07:51:18,51,BV1xrJG6aEbB,116753602512578,如果能一直这样温馨该有多好。,小散门,手机游戏,游戏,172,25,1897279,88,2583,119912,587,23835,2051,1781518853,https://www.bilibili.com/video/BV1xrJG6aEbB,http://i0.hdslb.com/bfs/archive/c11ee385bae0e76dc78bb43b5a9c0f8e4d5baeed.jpg
2026-06-18,2026-06-18 07:51:18,52,BV1ZqJF61E5d,116746757346937,我的脆皮人生be like,是旷世奇柴,日常,生活,21,34,2739687,366,2926,176137,2056,9439,6133,1781414280,https://www.bilibili.com/video/BV1ZqJF61E5d,http://i2.hdslb.com/bfs/archive/8ac5f772ec1e5037c059452f25c1901a9ab2bac3.jpg
2026-06-18,2026-06-18 07:51:18,53,BV1guJ36vEWX,116752730098442,【TF家族练习生】《四一有意思》10:都很莫名其妙,TF家族,明星综合,明星综合,137,2581,1142108,304979,2703,46437,5871,22620,1445,1781517600,https://www.bilibili.com/video/BV1guJ36vEWX,http://i0.hdslb.com/bfs/archive/d634ccaee227507324f20fd1c51bd0a545dcc11b.jpg
2026-06-18,2026-06-18 07:51:18,54,BV1AyJg6XEWu,116752998662664,家人们，取外卖碰上黑皮子讨封了怎么办？,觅馋,绘画,绘画,162,98,560711,2224,2285,92533,4801,28731,11468,1781509408,https://www.bilibili.com/video/BV1AyJg6XEWu,http://i2.hdslb.com/bfs/archive/e3f083137d155c6916ec68d4cad24273a6f9ace0.jpg
2026-06-18,2026-06-18 07:51:18,55,BV1FfJx6tEwF,116745146795719,⚡为什么我的电扇不转呢⚡,发癫的芒果宝日常,日常,生活,21,12,1815405,2514,5012,171252,3504,32045,18599,1781389779,https://www.bilibili.com/video/BV1FfJx6tEwF,http://i1.hdslb.com/bfs/archive/ac85ec78b8a4fce539adef6c871281a96b545ed1.jpg
2026-06-18,2026-06-18 07:51:18,56,BV1eWJg6KE5x,116753300526098,欢迎回家，iG.TheShy,iG电子竞技俱乐部,电子竞技,游戏,171,11,2064006,5428,17125,111798,25824,7294,61123,1781514116,https://www.bilibili.com/video/BV1eWJg6KE5x,http://i2.hdslb.com/bfs/archive/0d0817e1a06acfd9c8e4d74ba197a903c90390fc.jpg
2026-06-18,2026-06-18 07:51:18,57,BV1AtJw6hEER,116747428431438,功 夫 世 界 杯2.0,KM二号,鬼畜剧场,鬼畜剧场,216,211,740675,820,1563,73029,19568,17937,7386,1781428500,https://www.bilibili.com/video/BV1AtJw6hEER,http://i0.hdslb.com/bfs/archive/ba734cc39f96893e110dc2a66ebd57e40d11ad78.jpg
2026-06-18,2026-06-18 07:51:18,58,BV133Jw6GEGm,116747881416281,全 网 最 燃 的 动 画 教 程 3.0,滑铲师SQsir,同人·手书,动画,47,300,1476922,321,514,81270,6721,35452,1219,1781431407,https://www.bilibili.com/video/BV133Jw6GEGm,http://i0.hdslb.com/bfs/archive/d33d1737548cdcebe2bf799765c367263f8f24e4.jpg
2026-06-18,2026-06-18 07:51:18,59,BV1u8Jg6wE9R,116753233348410,中国蛔虫根除：人人感染到几乎绝迹，喉咙的虫子怎么灭？,颀思诺想,科学科普,知识,201,609,1588923,3183,7812,54494,1762,10351,1458,1781513155,https://www.bilibili.com/video/BV1u8Jg6wE9R,http://i1.hdslb.com/bfs/archive/692e23d9bd6f2cbdad153397cb1e2c502d76466e.jpg
2026-06-18,2026-06-18 07:51:18,60,BV1qYJu6gEqk,116751639511306,特厨探店|不好找，无环境，但好吃的—特色辣子鸡大盘鸡,特厨隋坡,美食侦探,美食,212,266,1080510,770,2856,76873,5398,5982,3865,1781494200,https://www.bilibili.com/video/BV1qYJu6gEqk,http://i2.hdslb.com/bfs/archive/44de36b55bbc74902fe2414ff5e7f1b1b5eb9991.jpg
2026-06-18,2026-06-18 07:51:18,61,BV1SGJ36aEon,116752763590617,志愿填的好比高考还重要！,碎嘴企鹅,搞笑,娱乐,138,307,715448,873,1626,53708,1365,20214,985,1781514000,https://www.bilibili.com/video/BV1SGJ36aEon,http://i0.hdslb.com/bfs/archive/a54395b32437633202992e588321bdf1de8305e8.jpg
2026-06-18,2026-06-18 07:51:18,62,BV1hSJ36TE8U,116754239981546,成见 大山,脱缰凯Kk,小剧场,娱乐,85,296,898211,2013,1402,72058,2969,8926,668,1781529177,https://www.bilibili.com/video/BV1hSJ36TE8U,http://i2.hdslb.com/bfs/archive/ee60889fc8dd8c617afc6cfb8d1aab036572509f.jpg
2026-06-18,2026-06-18 07:51:18,63,BV1xqJg64ErW,116752881092256,大寿当天美伊停战，文武百官齐上贺表，特朗普的80生日过得到底有多开心？,毒舌的南瓜,人文历史,知识,228,1130,1145832,7994,2254,58722,3938,10478,4072,1781512200,https://www.bilibili.com/video/BV1xqJg64ErW,http://i0.hdslb.com/bfs/archive/dffe15072ed7718d9993ffc69381fb588e391b0b.jpg
2026-06-18,2026-06-18 07:51:18,64,BV11pJV6YEsU,116753485007700,炎炎夏天怎么能少的了清凉爽口的开胃冷面呢！,留意炫饭吖,美食记录,美食,215,106,1330908,347,934,89869,1433,15041,2145,1781516995,https://www.bilibili.com/video/BV11pJV6YEsU,http://i0.hdslb.com/bfs/archive/fe111b51f25341638d6a1541cc262b5ae74623ae.jpg
2026-06-18,2026-06-18 07:51:18,65,BV1Skju6pETf,116758367178100,太硬核了！校运会开幕式上，马术系学生进行马术表演。网友：“鲜衣怒马少年时”具象化了！,人民日报,日常,生活,21,28,1314933,542,5206,143259,1725,9768,2865,1781591444,https://www.bilibili.com/video/BV1Skju6pETf,http://i0.hdslb.com/bfs/archive/4313efdb415e08834f6bf5bbe63a1aaa24432663.jpg
2026-06-18,2026-06-18 07:51:18,66,BV1r9JG6WEsR,116753736799494,选择一个人救他,ai造物神,日常,生活,21,278,824804,1789,1661,74648,657,8018,585,1781520755,https://www.bilibili.com/video/BV1r9JG6WEsR,http://i0.hdslb.com/bfs/archive/d586c68e21d4279f117c9c50b0eab97c44ac37ad.jpg
2026-06-18,2026-06-18 07:51:18,67,BV1aEE16YECM,116736825362515,墙那边根本就没有厕所！！,二三哥哥鸭,搞笑,娱乐,138,54,8585071,2362,13963,642988,28247,115105,75541,1781262796,https://www.bilibili.com/video/BV1aEE16YECM,http://i2.hdslb.com/bfs/archive/48e1cb9c9f1bbb3477c19823da428e734e84841c.jpg
2026-06-18,2026-06-18 07:51:18,68,BV1zhJu6rEKd,116751656295217,躲在超市后门冲刺的两人♿,咕gugugugu,日常,生活,21,144,960999,1267,3042,53430,6019,17712,9586,1781489070,https://www.bilibili.com/video/BV1zhJu6rEKd,http://i0.hdslb.com/bfs/archive/408c4e77e60fcf8078f755e9fc34046ba4021e7a.jpg
2026-06-18,2026-06-18 07:51:18,69,BV1qiJu6MEun,116751673071269,采访一位炒饭少年,有亿思2025,人文历史,知识,228,197,1969070,1201,3093,99703,2046,13884,2261,1781489388,https://www.bilibili.com/video/BV1qiJu6MEun,http://i0.hdslb.com/bfs/archive/4f9a3cf93151d364ddf63eec4aefd8b6e7c72be1.jpg
2026-06-18,2026-06-18 07:51:18,70,BV17LJg6rEa8,116753048803308,真想如梦般美好,房飞逢-从头开始,短片,动画,256,225,964823,1752,2366,76405,8906,2431,454,1781510393,https://www.bilibili.com/video/BV17LJg6rEa8,http://i1.hdslb.com/bfs/archive/4881c883efd2807ecb65e2a49b2dd0ed36031794.jpg
2026-06-18,2026-06-18 07:51:18,71,BV1gNj364EK3,116759675799380,载物逆天头球破门，NiKo勇夺世界杯！,CSGO-QUQU,电子竞技,游戏,171,205,1093414,918,1792,53581,6702,8563,21445,1781611437,https://www.bilibili.com/video/BV1gNj364EK3,http://i2.hdslb.com/bfs/archive/07f02584b19439cb7b3d0da4193aed158f37be1c.jpg
2026-06-18,2026-06-18 07:51:18,72,BV19sJH6NE2H,116741707601636,看一看早餐的质量怎么样#早餐#食品安全,陈大成bili,美食记录,美食,215,306,4895392,1520,3940,252890,24115,52742,10607,1781352000,https://www.bilibili.com/video/BV19sJH6NE2H,http://i0.hdslb.com/bfs/archive/583ad17b29d55a6f06c98eb251ec63dd9dfe7823.jpg
2026-06-18,2026-06-18 07:51:18,73,BV1PmJG6tEu8,116753803778900,20包火鸡面！+鸡腿+烤肠+鳗鱼+饺子！,干饭三健客,美食记录,美食,215,574,1120594,918,1118,61550,2263,6939,1309,1781523788,https://www.bilibili.com/video/BV1PmJG6tEu8,http://i1.hdslb.com/bfs/archive/adccfb7468055539723045e195f9669092a7b9c6.jpg
2026-06-18,2026-06-18 07:51:18,74,BV185Js6BE4i,116744140097496,【i-dle】 'Crow' Official Music Video,i-dle_official,音乐综合,音乐,130,203,1098110,21565,16126,78936,52880,24965,15961,1781442000,https://www.bilibili.com/video/BV185Js6BE4i,http://i0.hdslb.com/bfs/archive/27cbbd5112c850b931b2cfbf635e6dc8852dc99c.jpg
2026-06-18,2026-06-18 07:51:18,75,BV1HXjj6fEwL,116761974278100,歌剧老师锐评《乘风破浪的姐姐2026》四公（下）,铁豆钢蛋,乐评盘点,音乐,243,4390,730495,31686,7037,39575,28120,6407,1297,1781654400,https://www.bilibili.com/video/BV1HXjj6fEwL,http://i1.hdslb.com/bfs/archive/c7e643c4bb6aefe882ab51a7b4a3cc8dad52d978.jpg
2026-06-18,2026-06-18 07:51:18,76,BV13bJG66E2Z,116754005100117,“抱歉，我好像稍微有点不耐烦了”【The other side of paradise】【黑化の小曲】,早睡起大王,音乐综合,音乐,130,126,1119897,128,1825,67440,2993,46647,669,1781526600,https://www.bilibili.com/video/BV13bJG66E2Z,http://i0.hdslb.com/bfs/archive/8b5bd91ebdfb71fe902889e7a0d93ddbc2499458.jpg
2026-06-18,2026-06-18 07:51:18,77,BV14MJj66EWB,116738788169472,一方水土养一方舞蹈,我的老师有高度,舞蹈综合,舞蹈综合,154,349,1714068,1329,3493,159315,12803,22221,5160,1781308800,https://www.bilibili.com/video/BV14MJj66EWB,http://i2.hdslb.com/bfs/archive/907f426f4912bb15708879e9fc8a2798b776cda5.jpg
2026-06-18,2026-06-18 07:51:18,78,BV13GJw6rEz3,116747931751784,🐧当你六套满改猛攻，却被AI吸附一脚踢死🐧,徐Toso,动漫杂谈,动画,253,357,1297812,877,1801,89346,4482,22870,4000,1781432259,https://www.bilibili.com/video/BV13GJw6rEz3,http://i0.hdslb.com/bfs/archive/89407275cc6ca2b0561016d624f4771b50d1c85d.jpg
2026-06-18,2026-06-18 07:51:18,79,BV1P1JG6fEmN,116753619229362,《高考后最忙的人》,嘞是唐孃孃,搞笑,娱乐,138,41,1440996,173,2335,133701,1094,7689,1176,1781519187,https://www.bilibili.com/video/BV1P1JG6fEmN,http://i2.hdslb.com/bfs/archive/b7cabcda788b19d85e9ce9d7820cc3d801dd3f39.jpg
2026-06-18,2026-06-18 07:51:18,80,BV1Zjj561EJo,116761873686110,“盛夏，蝉鸣，小小的傻龙~”,小陈的脚凑凑的,日常,生活,21,81,606826,189,1076,86834,8696,23786,3940,1781651400,https://www.bilibili.com/video/BV1Zjj561EJo,http://i0.hdslb.com/bfs/archive/f0cbbb07ce381ffa8e92bd84fc2f77c47b6f7e4a.jpg
2026-06-18,2026-06-18 07:51:18,81,BV1KCJG6cEKd,116753585674281,审美积累～胶黏的小猫嘴,是豆包不是沙包猫咪,喵星人,喵星人,218,20,768512,164,1459,97017,2123,22996,13912,1781518504,https://www.bilibili.com/video/BV1KCJG6cEKd,http://i2.hdslb.com/bfs/archive/1c02b7a376c99624d13e6a4b3db75e1513a72564.jpg
2026-06-18,2026-06-18 07:51:18,82,BV16bJ36DEny,116752243492972,巴西两架直升机空中相撞致6死 32岁美国知名歌手确认遇难 其原定10月来中国巡演 成名曲为《生活仍要继续》,红星视频,热点,热点,203,33,1574373,3274,2420,117531,720,9383,6315,1781498168,https://www.bilibili.com/video/BV16bJ36DEny,http://i2.hdslb.com/bfs/archive/63cd1e6f209da7e826b72b9ec3e6988b41010e9f.jpg
2026-06-18,2026-06-18 07:51:18,83,BV19kj36cEPS,116759004714843,识时务者为俊熊,抽象老祖Meme,电子竞技,游戏,171,15,940082,222,3577,91344,1060,20361,18274,1781601140,https://www.bilibili.com/video/BV19kj36cEPS,http://i0.hdslb.com/bfs/archive/b605a95479bc225953025254ed3a7feed8720fc8.jpg
2026-06-18,2026-06-18 07:51:18,84,BV1JZJA6fEuK,116748921602463,（重生赛伊德01）,鹿晓晓AIGC,影视剪辑,影视,183,503,466524,1809,809,46656,2667,19864,979,1781517600,https://www.bilibili.com/video/BV1JZJA6fEuK,http://i0.hdslb.com/bfs/archive/c1748bf0194ad5d44ae4495400d606a1f7249082.jpg
2026-06-18,2026-06-18 07:51:18,85,BV1e7jg6bEEk,116758048412874,在小溪里捞蚬子，在田野上抓小龙虾，用最简单的方法煮了个小龙虾煲，蚬子蒸着吃。没想到煮出来很美味，这些都是我在农村喜欢做的事。,少斌同学,田园美食,田园美食,214,208,813822,760,989,63805,6619,4291,362,1781586871,https://www.bilibili.com/video/BV1e7jg6bEEk,http://i1.hdslb.com/bfs/archive/c2587e530c5170bee5f0513af6449c663f541894.jpg
2026-06-18,2026-06-18 07:51:18,86,BV1NbJP6BE2U,116748317628038,雷霆嘉豪旋转蹦迪！神人老头公路平移！,闪球,单机游戏,游戏,17,696,470568,2074,787,51448,3315,34657,3710,1781438211,https://www.bilibili.com/video/BV1NbJP6BE2U,http://i0.hdslb.com/bfs/archive/e63fd27419c2a1da0476ec2b7539220468c3515a.jpg
2026-06-18,2026-06-18 07:51:18,87,BV1M8JM6WEdq,116752058947059,当你决定做一名律师....,郭庆梓律师,社科·法律·心理,知识,124,98,1711503,331,1279,97702,1174,3631,1024,1781495332,https://www.bilibili.com/video/BV1M8JM6WEdq,http://i0.hdslb.com/bfs/archive/5ce87776cf4c4aa9cdbddd965ada0bc4391bafcc.jpg
2026-06-18,2026-06-18 07:51:18,88,BV1EeJ36EE6t,116752461727650,小妖怪的瓜摊,Raymondsese,MV,MV,193,367,985021,1507,949,39379,11516,7923,4154,1781501361,https://www.bilibili.com/video/BV1EeJ36EE6t,http://i1.hdslb.com/bfs/archive/6d2c9b54172e48a27c46951deb8ebe24aaf69659.jpg
2026-06-18,2026-06-18 07:51:18,89,BV1Q6ju69EUc,116758182631300,可是 这是我的车！,一颗小兔娘,仿妆cos,时尚,252,24,1348231,233,1526,106617,815,12215,1192,1781588852,https://www.bilibili.com/video/BV1Q6ju69EUc,http://i1.hdslb.com/bfs/archive/757a1b0eed2a17998bf2265e77d823ae2a24fa71.jpg
2026-06-18,2026-06-18 07:51:18,90,BV11NJA6NEMZ,116747294214059,问题少年，梆梆两拳！高分韩剧《铁拳教育》,刘老师说电影,影视杂谈,影视,182,1797,1533810,4898,3045,53977,7920,12815,3830,1781434800,https://www.bilibili.com/video/BV11NJA6NEMZ,http://i2.hdslb.com/bfs/archive/cf8dc73ac51c4308ba90772fc65a88cb3184785b.jpg
2026-06-18,2026-06-18 07:51:18,91,BV1gCju6XEMg,116758350470433,这是真拼豆！也是真炸鸡！,黑猫厨房,美食制作,美食,76,156,835411,367,542,66760,12615,9034,3381,1781596800,https://www.bilibili.com/video/BV1gCju6XEMg,http://i0.hdslb.com/bfs/archive/6195e40b5cbe3941674e4fffaf3218408433d609.jpg
2026-06-18,2026-06-18 07:51:18,92,BV1voJJ6eEfj,116742395271841,难 绷,我叫小渔人,鬼畜剧场,鬼畜剧场,216,244,1425435,2043,2140,80570,7590,28383,9372,1781347937,https://www.bilibili.com/video/BV1voJJ6eEfj,http://i1.hdslb.com/bfs/archive/bf3b6b7bd7136d361f069208d96fd1531a498775.jpg
2026-06-18,2026-06-18 07:51:18,93,BV14Yjg6EEVp,116757813532059,讨厌让你孤身一人,Super小柴郡,MMD·3D,动画,25,21,359505,74,1055,101802,5024,32991,1412,1781583013,https://www.bilibili.com/video/BV14Yjg6EEVp,http://i2.hdslb.com/bfs/archive/239344241034b05bc366825d3ceb51bf634c5ba2.jpg
2026-06-18,2026-06-18 07:51:18,94,BV1uYJg6FEBv,116752864253843,RIIZE《Do your dance》MV,SMTOWN,MV,MV,193,190,429612,11973,7429,36211,21205,11297,19494,1781514000,https://www.bilibili.com/video/BV1uYJg6FEBv,http://i0.hdslb.com/bfs/archive/67cefd778cc43789163cdb15a417f17b1a04f9a0.jpg
2026-06-18,2026-06-18 07:51:18,95,BV141jT6CEug,116757494893367,根本没有对手,庞大辉,日常,生活,21,46,2838874,216,1509,92072,1820,6694,3401,1781578057,https://www.bilibili.com/video/BV141jT6CEug,http://i1.hdslb.com/bfs/archive/b5f970eaf497560891546029dcf2ca55a65273f2.jpg
2026-06-18,2026-06-18 07:51:18,96,BV1QejN6GEET,116754441311592,【萌黄一槽】日向雏田[八极宗师]全技能爆料！步步紧追，崩劲蓄积！,火影忍者手游情报君,手机游戏,游戏,172,304,1053844,3968,6330,46167,3187,7740,10029,1781531549,https://www.bilibili.com/video/BV1QejN6GEET,http://i2.hdslb.com/bfs/archive/0f0287c5de3775c70d85a808e707a64d6f07ce7a.jpg
2026-06-18,2026-06-18 07:51:18,97,BV1YCJ363EzL,116752428043640,异世界酒馆Vlog4 - 哥布林的委托,芝士汉堡是猫的名字,动漫杂谈,动画,253,153,534577,724,1373,53883,4858,15628,1051,1781500806,https://www.bilibili.com/video/BV1YCJ363EzL,http://i1.hdslb.com/bfs/archive/0b10547f2ae4e610472296c6d59b57b6cbf026a8.jpg
2026-06-18,2026-06-18 07:51:18,98,BV1nsj36CEVi,116759457761166,广东最近的天气（2）（威尼斯篇）be like：,扬帆北冥号,家居房产,家居房产,239,62,957310,352,1753,92313,1344,16612,5682,1781608168,https://www.bilibili.com/video/BV1nsj36CEVi,http://i0.hdslb.com/bfs/archive/e27e6048435de201fcc242b2ae1fb7d56634db98.jpg
2026-06-18,2026-06-18 07:51:18,99,BV1Fnju6BEX8,116758669166088,《沪 苏 争 霸》,册那队长,小剧场,娱乐,85,33,1985450,392,5265,98994,1329,7498,4642,1781604600,https://www.bilibili.com/video/BV1Fnju6BEX8,http://i0.hdslb.com/bfs/archive/b84b137b8025d24c8231bc32cb3a462f0300666e.jpg
2026-06-18,2026-06-18 07:51:18,100,BV1sWjP6cE8T,116755414385226,不是，你们真下的去嘴？,喵老登的猫,喵星人,喵星人,218,43,1305296,775,4755,89853,1146,12712,24815,1781582400,https://www.bilibili.com/video/BV1sWjP6cE8T,http://i2.hdslb.com/bfs/archive/d7dadbe0e2ce36260880388ff0d20eaa171f08d3.jpg
2026-06-18,2026-06-18 13:02:26,1,BV1nAJK6PEwh,116749374593001,《原神》动画短片——「最后的遗产」,原神,手机游戏,游戏,172,1861,5572323,83751,50587,621778,634299,221498,100768,1781496000,https://www.bilibili.com/video/BV1nAJK6PEwh,http://i0.hdslb.com/bfs/archive/7643cfcbd6364efae92208ab8aeb5cc75ba6173a.jpg
2026-06-18,2026-06-18 13:02:26,2,BV1dmJP6sEgd,116748384731561,迈克尔杰克逊的billiejean，斗胆跳一段。,特崮斯,篮球,运动,235,67,4455017,2409,11288,759947,142687,76894,14988,1781439271,https://www.bilibili.com/video/BV1dmJP6sEgd,http://i2.hdslb.com/bfs/archive/d06b949e7976e0c255a0f4885cb8a3acf0165294.jpg
2026-06-18,2026-06-18 13:02:26,3,BV1pUJG6oEVS,116753787060825,没想到开水也能直接加进肉馅里？这样包子馅里的汤汁反而更多？,品诺美食开课啦,美食制作,美食,76,163,3777152,1813,5516,293183,21942,153826,24075,1781521614,https://www.bilibili.com/video/BV1pUJG6oEVS,http://i1.hdslb.com/bfs/archive/378a1b54cfa0920e77014bbb87854906953d94cc.jpg
2026-06-18,2026-06-18 13:02:26,4,BV1BcJP6oEw5,116748552570821,《主任你说句话啊》,伤心欲茄222,搞笑,娱乐,138,179,3522665,1405,4703,303790,5319,15287,3052,1781509152,https://www.bilibili.com/video/BV1BcJP6oEw5,http://i2.hdslb.com/bfs/archive/8bd2d7dd01d2bb0e46134221396a5ebb1a79045a.jpg
2026-06-18,2026-06-18 13:02:26,5,BV1Wzjg65EM6,116757746424408,在AI里抛硬币，概率是50%吗？,影视飓风,单机游戏,游戏,17,617,3681860,4048,4207,262448,35228,39377,7037,1781600400,https://www.bilibili.com/video/BV1Wzjg65EM6,http://i1.hdslb.com/bfs/archive/ba06201e7786575aaf3b77304c7f74e9c958eb05.jpg
2026-06-18,2026-06-18 13:02:26,6,BV1EcJP6oEvo,116748552508416,躲在超市后门吸烟的二人《Night Smoker》,清风最梦,明星综合,明星综合,137,92,2897271,8827,7967,222122,34644,53978,69475,1781441576,https://www.bilibili.com/video/BV1EcJP6oEvo,http://i1.hdslb.com/bfs/archive/5ad6fd0412b663fb81a4ccddf62982316516bc4e.jpg
2026-06-18,2026-06-18 13:02:26,7,BV1wCJM6yEaG,116752176387369,杨氏跑刀法,杨齐家_,单机游戏,游戏,17,1496,2051363,4938,48089,121219,15145,20310,1407,1781514000,https://www.bilibili.com/video/BV1wCJM6yEaG,http://i0.hdslb.com/bfs/archive/c7b0616e8ff73714ae8551d92e0f61977492a5f5.jpg
2026-06-18,2026-06-18 13:02:26,8,BV1QNJu6bEts,116751740179733,峰峦叠嶂间，此城何处寻？,鸣潮,手机游戏,游戏,172,477,2843646,11975,30227,144206,89192,30790,76148,1781492400,https://www.bilibili.com/video/BV1QNJu6bEts,http://i2.hdslb.com/bfs/archive/0dd7257472d03c50150cd38ff7efb425c8cfd40a.jpg
2026-06-18,2026-06-18 13:02:26,9,BV1hsJg6vE2t,116753283747086,泽连斯基劝降俄罗斯,燕三嘤嘤嘤,人文历史,知识,228,1108,2378246,13218,8499,123700,29216,17206,2438,1781517000,https://www.bilibili.com/video/BV1hsJg6vE2t,http://i1.hdslb.com/bfs/archive/6525afebeafbb6d3d096c21ca3a52e139af00ad3.jpg
2026-06-18,2026-06-18 13:02:26,10,BV1caJw6ZEwT,116747445208084,你懂白鹿吗？——内娱嘉欣,玉玉__,娱乐粉丝创作,娱乐,242,710,5043346,12588,10018,283940,60466,70069,16754,1781425006,https://www.bilibili.com/video/BV1caJw6ZEwT,http://i1.hdslb.com/bfs/archive/b0e3f677673a83698198228b72e9ea8b69eb5cfa.jpg
2026-06-18,2026-06-18 13:02:26,11,BV1wwE165EpD,116736741349278,《诡秘之主：愚者》首曝PV | 欢迎回来，愚者先生,诡秘之主愚者,GMV,GMV,121,157,2367502,2555,3093,110864,34838,38821,10118,1781658000,https://www.bilibili.com/video/BV1wwE165EpD,http://i1.hdslb.com/bfs/archive/190e57d8867c7683397960f926975cf3b0d88740.jpg
2026-06-18,2026-06-18 13:02:26,12,BV11qJJ67Ei5,116740532999919,人到底可以多倒霉,喝茶喝到胃痛,日常,生活,21,264,1737705,4991,6280,240569,5698,21071,4014,1781319487,https://www.bilibili.com/video/BV11qJJ67Ei5,http://i1.hdslb.com/bfs/archive/742d23c81be304e917d2189b1afb8eeb4596da66.jpg
2026-06-18,2026-06-18 13:02:26,13,BV16hJ36JEEB,116752293822838,【侯绿萝】新作上线，快来看看！,侯绿萝,小剧场,娱乐,85,177,2122845,635,770,152411,3740,11618,914,1781499003,https://www.bilibili.com/video/BV16hJ36JEEB,http://i2.hdslb.com/bfs/archive/17fcdc6b0de5eafd940e9c02695b6b588453009b.jpg
2026-06-18,2026-06-18 13:02:26,14,BV1LmjK6pEBk,116755783490540,不同人格打游戏,锤子game,搞笑,娱乐,138,86,3306466,881,4075,199399,3196,16319,19779,1781582400,https://www.bilibili.com/video/BV1LmjK6pEBk,http://i1.hdslb.com/bfs/archive/d0d1e1b2fdab4bcdfadc7f0b05e997c96a918750.jpg
2026-06-18,2026-06-18 13:02:26,15,BV1ztj36rEjF,116759357163411,月薪三千去锯齿的正确方式、结尾带原理！,佛系小詹设计日常,设计·创意,设计·创意,229,47,2557592,104,1034,141110,4491,99411,1192,1781606612,https://www.bilibili.com/video/BV1ztj36rEjF,http://i1.hdslb.com/bfs/archive/25a4b941d05eb018db00872e5f6055f2dde2d455.jpg
2026-06-18,2026-06-18 13:02:26,16,BV1gvJG6qEBq,116753669756853,《女生vs男生》,郑凯伦伦伦,搞笑,娱乐,138,228,2279216,807,1514,146668,1644,10337,936,1781527051,https://www.bilibili.com/video/BV1gvJG6qEBq,http://i1.hdslb.com/bfs/archive/407e5952ffc113569d5650898e1da3c28b2b0aa0.jpg
2026-06-18,2026-06-18 13:02:26,17,BV1bkJN6mEzJ,116749659807076,开局直接当领主，还送4个全副武装牛马小弟【剑与王国】,磊哥游戏,手机游戏,游戏,172,409,1220776,3247,4407,141737,14477,22989,4060,1781485200,https://www.bilibili.com/video/BV1bkJN6mEzJ,http://i0.hdslb.com/bfs/archive/789c42aa10c5fc707f642d2e82ed8caaa81e3210.jpg
2026-06-18,2026-06-18 13:02:26,18,BV1GgJV6kEWd,116753350860127,《安宁大厦生存守则》第十集,Fel探险记,短片,动画,256,349,1118171,1144,1335,99733,9662,19392,2246,1781515306,https://www.bilibili.com/video/BV1GgJV6kEWd,http://i2.hdslb.com/bfs/archive/40f87281a0032e4846d825714689cbc0e1fc8771.jpg
2026-06-18,2026-06-18 13:02:26,19,BV1TGj36QEpx,116759323483098,"几百只流浪猫猫搬到70,000平的林地，开启新生活。",五月妈院儿里的小流浪,喵星人,喵星人,218,391,695891,2272,3735,88095,74089,9135,2896,1781606239,https://www.bilibili.com/video/BV1TGj36QEpx,http://i1.hdslb.com/bfs/archive/a3e630d8a1757bde0f399a4f08250b981511afff.jpg
2026-06-18,2026-06-18 13:02:26,20,BV1WSJA6NE43,116748955156936,新三国up锐评神探狄仁杰01：全剧最大的谜团出现了,吃蛋挞的折棒,影视剪辑,影视,183,1441,1246288,15912,9748,91009,69829,18301,3676,1781488800,https://www.bilibili.com/video/BV1WSJA6NE43,http://i0.hdslb.com/bfs/archive/4079fd0ebde89e938ab366e21a800c2b4741033b.jpg
2026-06-18,2026-06-18 13:02:26,21,BV1GhJG6uEct,116753988328406,《参加公司大会迟到的我be like》,小蔡在东京,颜值·网红舞,颜值·网红舞,255,18,3962096,2047,5697,312844,3955,21322,11422,1781524765,https://www.bilibili.com/video/BV1GhJG6uEct,http://i1.hdslb.com/bfs/archive/fed3124ebc6b72bf677587104e4f47e7a75cf659.jpg
2026-06-18,2026-06-18 13:02:26,22,BV1BTjg6KEBB,116758098739712,泪…。,無無無鱼子,同人·手书,动画,47,17,1259575,229,2433,288327,6891,50383,4220,1781587312,https://www.bilibili.com/video/BV1BTjg6KEBB,http://i0.hdslb.com/bfs/archive/ad19127576eb3f2674730b84f05a4cea3025a63b.jpg
2026-06-18,2026-06-18 13:02:26,23,BV1SjJV6qEWz,116753552120519,来杯好茶摇一摇,栗川芥,日常,生活,21,18,1584748,1675,5024,235804,4928,37413,10353,1781518053,https://www.bilibili.com/video/BV1SjJV6qEWz,http://i2.hdslb.com/bfs/archive/d58e1ac6b94f8fc2f1c3242df9764a8ef59b8c4f.jpg
2026-06-18,2026-06-18 13:02:26,24,BV1QMJ36NE1W,116752545487524,10秒速成《NIGHT DANCER》！！学会了吗,野生小叔,翻唱,音乐,31,19,1325124,151,2367,188462,5145,90539,4611,1781502765,https://www.bilibili.com/video/BV1QMJ36NE1W,http://i2.hdslb.com/bfs/archive/4dbd990d8631db9faede61a96722322d318bdc83.jpg
2026-06-18,2026-06-18 13:02:26,25,BV1FhJ36nE7p,116752293891019,孙悟空命格｜心魔六耳CG《自渡》——若此身本是虚妄，又怕什么魂飞魄散？,王者荣耀,电子竞技,游戏,171,663,1680138,11774,10429,84986,6697,18077,20217,1781522380,https://www.bilibili.com/video/BV1FhJ36nE7p,http://i0.hdslb.com/bfs/archive/f622f436d492c6b3638d6a3d062d65f4ea865169.jpg
2026-06-18,2026-06-18 13:02:26,26,BV12BJg6dEzf,116752797275826,【机核独家】《鸣潮》共鸣者「秧秧·玄翎」、「穗穗」演示,机核GCORES,单机游戏,游戏,17,61,2300149,6037,14848,125860,36525,23978,107791,1781517201,https://www.bilibili.com/video/BV12BJg6dEzf,http://i0.hdslb.com/bfs/archive/09db1b7f19b79b31b2190a3d8fd2225c21829f37.jpg
2026-06-18,2026-06-18 13:02:26,27,BV17Qjg6KE2K,116759491254199,《锻刀大赛》长沙人·狗哥专场！up主与偶像双向奔赴的浪漫,沫子瞪片,影视杂谈,影视,182,1152,1288722,6997,2107,85745,26196,12723,1288,1781609078,https://www.bilibili.com/video/BV17Qjg6KE2K,http://i0.hdslb.com/bfs/archive/7fa2666efedfa2b47bcd77c03f4f2c6be5c47e16.jpg
2026-06-18,2026-06-18 13:02:26,28,BV1gBJA6CE5v,116748871408493,当高考生帮大学生代课：,戚小鱼_,日常,生活,21,86,2344104,337,2199,239619,1303,12248,4502,1781446586,https://www.bilibili.com/video/BV1gBJA6CE5v,http://i0.hdslb.com/bfs/archive/d5826227e0cd3daef374cf6a817b420f5cbcb246.jpg
2026-06-18,2026-06-18 13:02:26,29,BV1JNjg6BEZp,116757914327953,太行深山村医47年如一日，诠释医者仁心,油克东东,日常,生活,21,146,772412,961,2182,118486,50689,4664,314,1781584636,https://www.bilibili.com/video/BV1JNjg6BEZp,http://i0.hdslb.com/bfs/archive/b9ef0df589c79d9e895ea8603164faa376094f26.jpg
2026-06-18,2026-06-18 13:02:26,30,BV1UkjT6yEPq,116757595422987,乘螺舟而至——《太吾绘卷》与中国独立游戏的八年,新华社,日常,生活,21,716,2155206,5420,7684,72074,17973,9056,15133,1781582100,https://www.bilibili.com/video/BV1UkjT6yEPq,http://i1.hdslb.com/bfs/archive/79c11095248e4800a41f3e8e4abea6fa13554783.jpg
2026-06-18,2026-06-18 13:02:26,31,BV16Njg6qENt,116757914195122,请停留3秒，为“糖丸爷爷”顾方舟献花，他用一粒糖丸守护了中国几代孩子的健康,大象新闻,社会,社会,205,45,559821,6385,1767,302259,26704,7978,549,1781584607,https://www.bilibili.com/video/BV16Njg6qENt,http://i0.hdslb.com/bfs/archive/53b2e6d54a32e56d714f027d0354784983e1f85e.jpg
2026-06-18,2026-06-18 13:02:26,32,BV1ZSJM6zEFv,116752109275369,【女儿殿下 | 官方MV 】周杰伦 疯疯癫癫 Hey 风度翩翩 Hey 陪我家公主玩变化万千 Hey,杰威尔音乐,MV,MV,193,225,1736660,2697,4883,64672,30723,16089,15200,1781496081,https://www.bilibili.com/video/BV1ZSJM6zEFv,http://i1.hdslb.com/bfs/archive/9f9433d891690581f48adfa70e2b0fc092aac264.jpg
2026-06-18,2026-06-18 13:02:26,33,BV13uJV6VEdW,116753367633164,韩国巴掌战神诞生！一掌扇飞坏学生，打响年度第一爽剧！韩剧《铁拳教育》第一期,小片片说大片,影视杂谈,影视,182,2440,1486414,5569,2239,63248,15401,21493,5019,1781517600,https://www.bilibili.com/video/BV13uJV6VEdW,http://i2.hdslb.com/bfs/archive/f5b07870e11ac6952226cbc38f8c57d90ba167c3.jpg
2026-06-18,2026-06-18 13:02:26,34,BV1E5Jg6GEF4,116753065581369,选志愿的绝望时刻！,一串大福,搞笑,娱乐,138,194,1864933,757,1097,106588,1763,14204,513,1781517600,https://www.bilibili.com/video/BV1E5Jg6GEF4,http://i1.hdslb.com/bfs/archive/62e3f3603e458aed6270ef39319bb38bad38494f.jpg
2026-06-18,2026-06-18 13:02:26,35,BV1mrjN6qE4C,116754625862301,《绝区零》维琳娜角色PV | 拟剧论,绝区零,手机游戏,游戏,172,818,759240,3133,3661,67479,29227,12718,4377,1781582400,https://www.bilibili.com/video/BV1mrjN6qE4C,http://i0.hdslb.com/bfs/archive/eb6d362a0b2b68ee2ea6a04110dca848b80c5258.jpg
2026-06-18,2026-06-18 13:02:26,36,BV186EY6fErc,116729158044326,非洲最好的城市长啥样？美女扎堆，处处是风景，难怪吸引了几十万华人,小钟Johnny,出行,生活,250,707,1408213,3324,2909,55584,14726,16202,5216,1781516700,https://www.bilibili.com/video/BV186EY6fErc,http://i2.hdslb.com/bfs/archive/6201804a655791a12a96830c4932713a88f4a2f4.jpg
2026-06-18,2026-06-18 13:02:26,37,BV1Skju6pETf,116758367178100,太硬核了！校运会开幕式上，马术系学生进行马术表演。网友：“鲜衣怒马少年时”具象化了！,人民日报,日常,生活,21,28,1683512,732,7098,177071,2301,12124,3559,1781591444,https://www.bilibili.com/video/BV1Skju6pETf,http://i0.hdslb.com/bfs/archive/4313efdb415e08834f6bf5bbe63a1aaa24432663.jpg
2026-06-18,2026-06-18 13:02:26,38,BV1xrEB6eE4r,116732580665475,手机扫荡,Y的生存手记,综合,综合,27,576,1493384,1429,4045,169265,6382,38319,6954,1781258400,https://www.bilibili.com/video/BV1xrEB6eE4r,http://i1.hdslb.com/bfs/archive/09b799238d00b1b4ae90f2bfc40f201dea3e4498.png
2026-06-18,2026-06-18 13:02:26,39,BV1X9JP6nEJs,116748049187177,破晓将至，律己则安，终见黎明！,花小龙oy,健身,运动,164,230,1964722,1476,5387,178284,7634,7662,3994,1781433996,https://www.bilibili.com/video/BV1X9JP6nEJs,http://i1.hdslb.com/bfs/archive/8622e6312c0448d70defa53d5ab3a0d9347f78be.jpg
2026-06-18,2026-06-18 13:02:26,40,BV1rCJM6yEEU,116752176514720,【雷军】在武汉过早 非常丰盛,雷军,新能源车,新能源车,247,86,2030130,1230,5530,146531,3535,8055,7421,1781497125,https://www.bilibili.com/video/BV1rCJM6yEEU,http://i2.hdslb.com/bfs/archive/1ae5eb886cc332936b2675283a16e9c0826d2466.jpg
2026-06-18,2026-06-18 13:02:26,41,BV1GWJg6KECu,116753300457414,和阎鹤祥在甘肃武威，放最野的羊，吃最夯的肉！,食贫道,日常,生活,21,3127,1401015,8090,1539,58299,25150,12776,4094,1781517624,https://www.bilibili.com/video/BV1GWJg6KECu,http://i1.hdslb.com/bfs/archive/eea97a1bfd30701c84e709b53644e243f3e399c8.jpg
2026-06-18,2026-06-18 13:02:26,42,BV12CjN6KE9N,116754541974666,如果爱昴天团看到了死归全过程【1】,生锈的包子,综合,综合,27,179,1149505,622,2747,51298,7870,19063,1980,1781533160,https://www.bilibili.com/video/BV12CjN6KE9N,http://i2.hdslb.com/bfs/archive/e729eb7ae279dc6943ef06406951f7e1fb3223f9.jpg
2026-06-18,2026-06-18 13:02:26,43,BV16bJ36DE25,116752243492511,在北美怎么收服黑帮成员给你干活，特工伪装消除势力范围,行走的大大大羊腿,出行,生活,250,112,2955887,346,1517,105869,2134,7318,789,1781498313,https://www.bilibili.com/video/BV16bJ36DE25,http://i0.hdslb.com/bfs/archive/6770d6802e4d099961bc7392d8456221501fa356.jpg
2026-06-18,2026-06-18 13:02:26,44,BV11NJA6NEnT,116747294212396,津 门 幸 运 大 转 轮（续）,肥龙和老西,搞笑,娱乐,138,79,2074022,705,1280,122518,4822,26341,6072,1781479800,https://www.bilibili.com/video/BV11NJA6NEnT,http://i2.hdslb.com/bfs/archive/f717c06d8b318da49af74093895dffa094e44ea4.jpg
2026-06-18,2026-06-18 13:02:26,45,BV1AuJA6YEM2,116747311057858,有一个人前来踢球,王与也行,鬼畜剧场,鬼畜剧场,216,176,2024339,1791,2619,89735,18730,19129,13385,1781422862,https://www.bilibili.com/video/BV1AuJA6YEM2,http://i1.hdslb.com/bfs/archive/646bd7f8f790fb7343a8acb7ed8c08b3d76a7f91.jpg
2026-06-18,2026-06-18 13:02:26,46,BV13uJw6CEGr,116747898195415,☝😯喔 ？！⚡⚡⚡,去码头整点薯条vv,鬼畜调教,鬼畜,22,190,1662500,632,860,99992,6855,13783,4484,1781431859,https://www.bilibili.com/video/BV13uJw6CEGr,http://i0.hdslb.com/bfs/archive/836f1d5b65f57a5776d182a8bd920c76527fbdcc.jpg
2026-06-18,2026-06-18 13:02:26,47,BV1xrJG6aEbB,116753602512578,如果能一直这样温馨该有多好。,小散门,手机游戏,游戏,172,25,1933215,91,2651,121991,610,24404,2081,1781518853,https://www.bilibili.com/video/BV1xrJG6aEbB,http://i0.hdslb.com/bfs/archive/c11ee385bae0e76dc78bb43b5a9c0f8e4d5baeed.jpg
2026-06-18,2026-06-18 13:02:26,48,BV1xeJM6DE3D,116752075786224,杨家园---对话小潮院长,小杨Johnson,搞笑,娱乐,138,1680,774598,8889,1885,65290,34222,18968,1098,1781495904,https://www.bilibili.com/video/BV1xeJM6DE3D,http://i2.hdslb.com/bfs/archive/8b67913cff9d536a1a9568009a8b891dd1e8783b.jpg
2026-06-18,2026-06-18 13:02:26,49,BV1AyJg6XEWu,116752998662664,家人们，取外卖碰上黑皮子讨封了怎么办？,觅馋,绘画,绘画,162,98,577382,2328,2369,95622,4961,29526,11797,1781509408,https://www.bilibili.com/video/BV1AyJg6XEWu,http://i2.hdslb.com/bfs/archive/e3f083137d155c6916ec68d4cad24273a6f9ace0.jpg
2026-06-18,2026-06-18 13:02:26,50,BV1Zjj561EJo,116761873686110,“盛夏，蝉鸣，小小的傻龙~”,小陈的脚凑凑的,日常,生活,21,81,788578,217,1392,110395,10738,29711,4954,1781651400,https://www.bilibili.com/video/BV1Zjj561EJo,http://i0.hdslb.com/bfs/archive/f0cbbb07ce381ffa8e92bd84fc2f77c47b6f7e4a.jpg
2026-06-18,2026-06-18 13:02:26,51,BV1guJ36vEWX,116752730098442,【TF家族练习生】《四一有意思》10:都很莫名其妙,TF家族,明星综合,明星综合,137,2581,1177045,309317,2726,47129,5944,22983,1467,1781517600,https://www.bilibili.com/video/BV1guJ36vEWX,http://i0.hdslb.com/bfs/archive/d634ccaee227507324f20fd1c51bd0a545dcc11b.jpg
2026-06-18,2026-06-18 13:02:26,52,BV1g3Jw6GE2g,116747881416815,还挺能装的#情侣日常#抽象#搞笑#骑着小电驴兜风,dong哈哈丶,健身,运动,164,95,2046198,1228,2768,130460,2068,13120,5898,1781431428,https://www.bilibili.com/video/BV1g3Jw6GE2g,http://i0.hdslb.com/bfs/archive/9bd961c6b2d26d51f3e05d5f045d74c440c9950b.jpg
2026-06-18,2026-06-18 13:02:26,53,BV1eWJg6KE5x,116753300526098,欢迎回家，iG.TheShy,iG电子竞技俱乐部,电子竞技,游戏,171,11,2078837,5461,17193,112821,25993,7350,61269,1781514116,https://www.bilibili.com/video/BV1eWJg6KE5x,http://i2.hdslb.com/bfs/archive/0d0817e1a06acfd9c8e4d74ba197a903c90390fc.jpg
2026-06-18,2026-06-18 13:02:26,54,BV1u8Jg6wE9R,116753233348410,中国蛔虫根除：人人感染到几乎绝迹，喉咙的虫子怎么灭？,颀思诺想,科学科普,知识,201,609,1618687,3245,7956,55359,1804,10505,1508,1781513155,https://www.bilibili.com/video/BV1u8Jg6wE9R,http://i1.hdslb.com/bfs/archive/692e23d9bd6f2cbdad153397cb1e2c502d76466e.jpg
2026-06-18,2026-06-18 13:02:26,55,BV1SGJ36aEon,116752763590617,志愿填的好比高考还重要！,碎嘴企鹅,搞笑,娱乐,138,307,752614,920,1709,56446,1432,21133,1044,1781514000,https://www.bilibili.com/video/BV1SGJ36aEon,http://i0.hdslb.com/bfs/archive/a54395b32437633202992e588321bdf1de8305e8.jpg
2026-06-18,2026-06-18 13:02:26,56,BV1hSJ36TE8U,116754239981546,成见 大山,脱缰凯Kk,小剧场,娱乐,85,296,918852,2030,1418,73571,3028,9048,680,1781529177,https://www.bilibili.com/video/BV1hSJ36TE8U,http://i2.hdslb.com/bfs/archive/ee60889fc8dd8c617afc6cfb8d1aab036572509f.jpg
2026-06-18,2026-06-18 13:02:26,57,BV11pJV6YEsU,116753485007700,炎炎夏天怎么能少的了清凉爽口的开胃冷面呢！,留意炫饭吖,美食记录,美食,215,106,1367576,353,958,91838,1480,15495,2196,1781516995,https://www.bilibili.com/video/BV11pJV6YEsU,http://i0.hdslb.com/bfs/archive/fe111b51f25341638d6a1541cc262b5ae74623ae.jpg
2026-06-18,2026-06-18 13:02:26,58,BV1xqJg64ErW,116752881092256,大寿当天美伊停战，文武百官齐上贺表，特朗普的80生日过得到底有多开心？,毒舌的南瓜,人文历史,知识,228,1130,1174248,8082,2306,59648,4022,10616,4178,1781512200,https://www.bilibili.com/video/BV1xqJg64ErW,http://i0.hdslb.com/bfs/archive/dffe15072ed7718d9993ffc69381fb588e391b0b.jpg
2026-06-18,2026-06-18 13:02:26,59,BV1r9JG6WEsR,116753736799494,选择一个人救他,ai造物神,日常,生活,21,278,842410,1829,1722,76117,672,8184,604,1781520755,https://www.bilibili.com/video/BV1r9JG6WEsR,http://i0.hdslb.com/bfs/archive/d586c68e21d4279f117c9c50b0eab97c44ac37ad.jpg
2026-06-18,2026-06-18 13:02:26,60,BV1AtJw6hEER,116747428431438,功 夫 世 界 杯2.0,KM二号,鬼畜剧场,鬼畜剧场,216,211,772656,839,1615,76031,20712,18666,7731,1781428500,https://www.bilibili.com/video/BV1AtJw6hEER,http://i0.hdslb.com/bfs/archive/ba734cc39f96893e110dc2a66ebd57e40d11ad78.jpg
2026-06-18,2026-06-18 13:02:26,61,BV1gNj364EK3,116759675799380,载物逆天头球破门，NiKo勇夺世界杯！,CSGO-QUQU,电子竞技,游戏,171,205,1171359,979,1910,57400,7342,9240,23147,1781611437,https://www.bilibili.com/video/BV1gNj364EK3,http://i2.hdslb.com/bfs/archive/07f02584b19439cb7b3d0da4193aed158f37be1c.jpg
2026-06-18,2026-06-18 13:02:26,62,BV133Jw6GEGm,116747881416281,全 网 最 燃 的 动 画 教 程 3.0,滑铲师SQsir,同人·手书,动画,47,300,1510347,322,523,82715,6874,36286,1245,1781431407,https://www.bilibili.com/video/BV133Jw6GEGm,http://i0.hdslb.com/bfs/archive/d33d1737548cdcebe2bf799765c367263f8f24e4.jpg
2026-06-18,2026-06-18 13:02:26,63,BV17LJg6rEa8,116753048803308,真想如梦般美好,房飞逢-从头开始,短片,动画,256,225,978772,1783,2415,77746,9103,2471,460,1781510393,https://www.bilibili.com/video/BV17LJg6rEa8,http://i1.hdslb.com/bfs/archive/4881c883efd2807ecb65e2a49b2dd0ed36031794.jpg
2026-06-18,2026-06-18 13:02:26,64,BV13bJG66E2Z,116754005100117,“抱歉，我好像稍微有点不耐烦了”【The other side of paradise】【黑化の小曲】,早睡起大王,音乐综合,音乐,130,126,1249741,137,2012,74931,3392,50475,782,1781526600,https://www.bilibili.com/video/BV13bJG66E2Z,http://i0.hdslb.com/bfs/archive/8b5bd91ebdfb71fe902889e7a0d93ddbc2499458.jpg
2026-06-18,2026-06-18 13:02:26,65,BV1HXjj6fEwL,116761974278100,歌剧老师锐评《乘风破浪的姐姐2026》四公（下）,铁豆钢蛋,乐评盘点,音乐,243,4390,788411,32400,7296,40646,28748,6538,1360,1781654400,https://www.bilibili.com/video/BV1HXjj6fEwL,http://i1.hdslb.com/bfs/archive/c7e643c4bb6aefe882ab51a7b4a3cc8dad52d978.jpg
2026-06-18,2026-06-18 13:02:26,66,BV1PmJG6tEu8,116753803778900,20包火鸡面！+鸡腿+烤肠+鳗鱼+饺子！,干饭三健客,美食记录,美食,215,574,1236266,947,1182,63605,2384,7222,1401,1781523788,https://www.bilibili.com/video/BV1PmJG6tEu8,http://i1.hdslb.com/bfs/archive/adccfb7468055539723045e195f9669092a7b9c6.jpg
2026-06-18,2026-06-18 13:02:26,67,BV1P1JG6fEmN,116753619229362,《高考后最忙的人》,嘞是唐孃孃,搞笑,娱乐,138,41,1525698,181,2520,139594,1157,8058,1240,1781519187,https://www.bilibili.com/video/BV1P1JG6fEmN,http://i2.hdslb.com/bfs/archive/b7cabcda788b19d85e9ce9d7820cc3d801dd3f39.jpg
2026-06-18,2026-06-18 13:02:26,68,BV1ZqJF61E5d,116746757346937,我的脆皮人生be like,是旷世奇柴,日常,生活,21,34,2754312,368,2953,177125,2075,9527,6177,1781414280,https://www.bilibili.com/video/BV1ZqJF61E5d,http://i2.hdslb.com/bfs/archive/8ac5f772ec1e5037c059452f25c1901a9ab2bac3.jpg
2026-06-18,2026-06-18 13:02:26,69,BV19kj36cEPS,116759004714843,识时务者为俊熊,抽象老祖Meme,电子竞技,游戏,171,15,997863,238,3835,98677,1169,22005,19363,1781601140,https://www.bilibili.com/video/BV19kj36cEPS,http://i0.hdslb.com/bfs/archive/b605a95479bc225953025254ed3a7feed8720fc8.jpg
2026-06-18,2026-06-18 13:02:26,70,BV1FfJx6tEwF,116745146795719,⚡为什么我的电扇不转呢⚡,发癫的芒果宝日常,日常,生活,21,12,1849955,2566,5075,173938,3562,32573,18898,1781389779,https://www.bilibili.com/video/BV1FfJx6tEwF,http://i1.hdslb.com/bfs/archive/ac85ec78b8a4fce539adef6c871281a96b545ed1.jpg
2026-06-18,2026-06-18 13:02:26,71,BV1KCJG6cEKd,116753585674281,审美积累～胶黏的小猫嘴,是豆包不是沙包猫咪,喵星人,喵星人,218,20,794679,167,1558,100430,2257,23934,14377,1781518504,https://www.bilibili.com/video/BV1KCJG6cEKd,http://i2.hdslb.com/bfs/archive/1c02b7a376c99624d13e6a4b3db75e1513a72564.jpg
2026-06-18,2026-06-18 13:02:26,72,BV1qiJu6MEun,116751673071269,采访一位炒饭少年,有亿思2025,人文历史,知识,228,197,2068492,1249,3172,103409,2165,14653,2372,1781489388,https://www.bilibili.com/video/BV1qiJu6MEun,http://i0.hdslb.com/bfs/archive/4f9a3cf93151d364ddf63eec4aefd8b6e7c72be1.jpg
2026-06-18,2026-06-18 13:02:26,73,BV1CWLX6hEZY,116764843181347,美国答应赔伊朗3000亿，但美国不出钱,麻薯波比呀,社科·法律·心理,知识,124,919,892548,2182,2596,59447,9739,7368,964,1781690326,https://www.bilibili.com/video/BV1CWLX6hEZY,http://i2.hdslb.com/bfs/archive/ce5e0131ca1678101e1a69867dd4da187a4f64b2.jpg
2026-06-18,2026-06-18 13:02:26,74,BV1UFJN6jEZz,116747982080905,中国的危与机？中美俄欧中东，AI美债美元，混乱世界中|正在发生 ep1 翟东升,王骁Albert,财经商业,知识,207,8295,956611,21951,6490,66972,59659,35007,11352,1781434800,https://www.bilibili.com/video/BV1UFJN6jEZz,http://i2.hdslb.com/bfs/archive/8fdde637aaee057b244a01cd6931a1b0c253714f.jpg
2026-06-18,2026-06-18 13:02:26,75,BV1zhJu6rEKd,116751656295217,躲在超市后门冲刺的两人♿,咕gugugugu,日常,生活,21,144,989746,1300,3130,54667,6228,18258,9793,1781489070,https://www.bilibili.com/video/BV1zhJu6rEKd,http://i0.hdslb.com/bfs/archive/408c4e77e60fcf8078f755e9fc34046ba4021e7a.jpg
2026-06-18,2026-06-18 13:02:26,76,BV16bJ36DEny,116752243492972,巴西两架直升机空中相撞致6死 32岁美国知名歌手确认遇难 其原定10月来中国巡演 成名曲为《生活仍要继续》,红星视频,热点,热点,203,33,1600367,3381,2532,120062,740,9527,6409,1781498168,https://www.bilibili.com/video/BV16bJ36DEny,http://i2.hdslb.com/bfs/archive/63cd1e6f209da7e826b72b9ec3e6988b41010e9f.jpg
2026-06-18,2026-06-18 13:02:26,77,BV1JZJA6fEuK,116748921602463,（重生赛伊德01）,鹿晓晓AIGC,影视剪辑,影视,183,503,477341,1829,821,47575,2720,20236,1003,1781517600,https://www.bilibili.com/video/BV1JZJA6fEuK,http://i0.hdslb.com/bfs/archive/c1748bf0194ad5d44ae4495400d606a1f7249082.jpg
2026-06-18,2026-06-18 13:02:26,78,BV1e7jg6bEEk,116758048412874,在小溪里捞蚬子，在田野上抓小龙虾，用最简单的方法煮了个小龙虾煲，蚬子蒸着吃。没想到煮出来很美味，这些都是我在农村喜欢做的事。,少斌同学,田园美食,田园美食,214,208,837291,787,1014,65414,6778,4434,375,1781586871,https://www.bilibili.com/video/BV1e7jg6bEEk,http://i1.hdslb.com/bfs/archive/c2587e530c5170bee5f0513af6449c663f541894.jpg
2026-06-18,2026-06-18 13:02:26,79,BV1aEE16YECM,116736825362515,墙那边根本就没有厕所！！,二三哥哥鸭,搞笑,娱乐,138,54,8697918,2380,14195,649791,28774,116322,76514,1781262796,https://www.bilibili.com/video/BV1aEE16YECM,http://i2.hdslb.com/bfs/archive/48e1cb9c9f1bbb3477c19823da428e734e84841c.jpg
2026-06-18,2026-06-18 13:02:26,80,BV14Yjg6EEVp,116757813532059,讨厌让你孤身一人,Super小柴郡,MMD·3D,动画,25,21,379424,75,1130,105518,5257,34615,1486,1781583013,https://www.bilibili.com/video/BV14Yjg6EEVp,http://i2.hdslb.com/bfs/archive/239344241034b05bc366825d3ceb51bf634c5ba2.jpg
2026-06-18,2026-06-18 13:02:26,81,BV1EeJ36EE6t,116752461727650,小妖怪的瓜摊,Raymondsese,MV,MV,193,367,1045485,1543,985,40493,11867,8206,4303,1781501361,https://www.bilibili.com/video/BV1EeJ36EE6t,http://i1.hdslb.com/bfs/archive/6d2c9b54172e48a27c46951deb8ebe24aaf69659.jpg
2026-06-18,2026-06-18 13:02:26,82,BV1Q6ju69EUc,116758182631300,可是 这是我的车！,一颗小兔娘,仿妆cos,时尚,252,24,1402493,240,1612,109753,856,12662,1243,1781588852,https://www.bilibili.com/video/BV1Q6ju69EUc,http://i1.hdslb.com/bfs/archive/757a1b0eed2a17998bf2265e77d823ae2a24fa71.jpg
2026-06-18,2026-06-18 13:02:26,83,BV1qYJu6gEqk,116751639511306,特厨探店|不好找，无环境，但好吃的—特色辣子鸡大盘鸡,特厨隋坡,美食侦探,美食,212,266,1092359,772,2880,77531,5436,6016,3911,1781494200,https://www.bilibili.com/video/BV1qYJu6gEqk,http://i2.hdslb.com/bfs/archive/44de36b55bbc74902fe2414ff5e7f1b1b5eb9991.jpg
2026-06-18,2026-06-18 13:02:26,84,BV1gCju6XEMg,116758350470433,这是真拼豆！也是真炸鸡！,黑猫厨房,美食制作,美食,76,156,873058,379,555,69174,13121,9432,3579,1781596800,https://www.bilibili.com/video/BV1gCju6XEMg,http://i0.hdslb.com/bfs/archive/6195e40b5cbe3941674e4fffaf3218408433d609.jpg
2026-06-18,2026-06-18 13:02:26,85,BV1uYJg6FEBv,116752864253843,RIIZE《Do your dance》MV,SMTOWN,MV,MV,193,190,435339,12032,7447,36479,21330,11418,19543,1781514000,https://www.bilibili.com/video/BV1uYJg6FEBv,http://i0.hdslb.com/bfs/archive/67cefd778cc43789163cdb15a417f17b1a04f9a0.jpg
2026-06-18,2026-06-18 13:02:26,86,BV141jT6CEug,116757494893367,根本没有对手,庞大辉,日常,生活,21,46,2914053,219,1553,94232,1883,6874,3523,1781578057,https://www.bilibili.com/video/BV141jT6CEug,http://i1.hdslb.com/bfs/archive/b5f970eaf497560891546029dcf2ca55a65273f2.jpg
2026-06-18,2026-06-18 13:02:26,87,BV1YCJ363EzL,116752428043640,异世界酒馆Vlog4 - 哥布林的委托,芝士汉堡是猫的名字,动漫杂谈,动画,253,153,542682,730,1399,54909,4933,15979,1064,1781500806,https://www.bilibili.com/video/BV1YCJ363EzL,http://i1.hdslb.com/bfs/archive/0b10547f2ae4e610472296c6d59b57b6cbf026a8.jpg
2026-06-18,2026-06-18 13:02:26,88,BV1nsj36CEVi,116759457761166,广东最近的天气（2）（威尼斯篇）be like：,扬帆北冥号,家居房产,家居房产,239,62,977658,362,1930,95179,1389,17282,5977,1781608168,https://www.bilibili.com/video/BV1nsj36CEVi,http://i0.hdslb.com/bfs/archive/e27e6048435de201fcc242b2ae1fb7d56634db98.jpg
2026-06-18,2026-06-18 13:02:26,89,BV17Qjg6KErS,116759491253935,在芬兰打造中式农家乐终于实现柴火饭自由！彻底吃嗨芬兰家人让英国朋友尖叫！南北特色铁锅炖柴火饭全上场！,雨琪在芬兰,美食记录,美食,215,1561,957832,6735,890,47363,26764,6577,350,1781609844,https://www.bilibili.com/video/BV17Qjg6KErS,http://i1.hdslb.com/bfs/archive/4f2f5768c818b147480ee336b97c81e72f62671c.jpg
2026-06-18,2026-06-18 13:02:26,90,BV1Fnju6BEX8,116758669166088,《沪 苏 争 霸》,册那队长,小剧场,娱乐,85,33,2043887,405,5532,101771,1399,7721,4867,1781604600,https://www.bilibili.com/video/BV1Fnju6BEX8,http://i0.hdslb.com/bfs/archive/b84b137b8025d24c8231bc32cb3a462f0300666e.jpg
2026-06-18,2026-06-18 13:02:26,91,BV1QejN6GEET,116754441311592,【萌黄一槽】日向雏田[八极宗师]全技能爆料！步步紧追，崩劲蓄积！,火影忍者手游情报君,手机游戏,游戏,172,304,1077426,3993,6370,46680,3227,7902,10068,1781531549,https://www.bilibili.com/video/BV1QejN6GEET,http://i2.hdslb.com/bfs/archive/0f0287c5de3775c70d85a808e707a64d6f07ce7a.jpg
2026-06-18,2026-06-18 13:02:26,92,BV16bJ36DEQA,116752243492736,新手？高手？杀手？,没脸鉴车,汽车生活,汽车,176,392,1432694,2689,3660,53488,374,3383,1695,1781517600,https://www.bilibili.com/video/BV16bJ36DEQA,http://i2.hdslb.com/bfs/archive/8a78bf45ae852eb78c8a8e94b32a225d3fd8cc9c.jpg
2026-06-18,2026-06-18 13:02:26,93,BV1sWjP6cE8T,116755414385226,不是，你们真下的去嘴？,喵老登的猫,喵星人,喵星人,218,43,1374787,808,4926,93209,1229,13307,25765,1781582400,https://www.bilibili.com/video/BV1sWjP6cE8T,http://i2.hdslb.com/bfs/archive/d7dadbe0e2ce36260880388ff0d20eaa171f08d3.jpg
2026-06-18,2026-06-18 13:02:26,94,BV1mJJV6iEhM,116753451648655,屎壳郎一生之敌,嗨皮动物园长,动物二创,动物二创,220,76,1057368,311,992,96727,700,10969,3423,1781516462,https://www.bilibili.com/video/BV1mJJV6iEhM,http://i2.hdslb.com/bfs/archive/a9a1bb457fd38063dbe67900676699213b505e4a.jpg
2026-06-18,2026-06-18 13:02:26,95,BV1voJJ6eEfj,116742395271841,难 绷,我叫小渔人,鬼畜剧场,鬼畜剧场,216,244,1507301,2112,2233,83716,8020,29540,9900,1781347937,https://www.bilibili.com/video/BV1voJJ6eEfj,http://i1.hdslb.com/bfs/archive/bf3b6b7bd7136d361f069208d96fd1531a498775.jpg
2026-06-18,2026-06-18 13:02:26,96,BV1YbJG66EjZ,116754005170987,一生只有败绩传出有多可拍,曾德帥_,小剧场,娱乐,85,47,1474135,317,4417,109238,550,7637,481,1781524843,https://www.bilibili.com/video/BV1YbJG66EjZ,http://i0.hdslb.com/bfs/archive/92b918c2f5429706a323de950b55ba196371c52c.jpg
2026-06-18,2026-06-18 13:02:26,97,BV19sJH6NE2H,116741707601636,看一看早餐的质量怎么样#早餐#食品安全,陈大成bili,美食记录,美食,215,306,4923919,1531,3968,254740,24355,53191,10757,1781352000,https://www.bilibili.com/video/BV19sJH6NE2H,http://i0.hdslb.com/bfs/archive/583ad17b29d55a6f06c98eb251ec63dd9dfe7823.jpg
2026-06-18,2026-06-18 13:02:26,98,BV1gLJV6uE5z,116753568964009,好想和你表白！,辣椒素素素,颜值·网红舞,颜值·网红舞,255,22,790907,156,1012,86835,4259,20325,1432,1781518318,https://www.bilibili.com/video/BV1gLJV6uE5z,http://i0.hdslb.com/bfs/archive/53673be32ccc26cefb79a2ed0366db21ddfe9578.jpg
2026-06-18,2026-06-18 13:02:26,99,BV1M8JM6WEdq,116752058947059,当你决定做一名律师....,郭庆梓律师,社科·法律·心理,知识,124,98,1737524,336,1310,99285,1201,3726,1044,1781495332,https://www.bilibili.com/video/BV1M8JM6WEdq,http://i0.hdslb.com/bfs/archive/5ce87776cf4c4aa9cdbddd965ada0bc4391bafcc.jpg
2026-06-18,2026-06-18 13:02:26,100,BV1aSJ36TE8D,116754239984780,带男友去喝上海爆火400一杯的高级苹果汁…吃500一条切糕？能回本吗！,是王小白呀,日常,生活,21,542,1584429,4088,3013,54789,2876,5886,5890,1781529140,https://www.bilibili.com/video/BV1aSJ36TE8D,http://i2.hdslb.com/bfs/archive/44577a10ba2e4658518213353465fa02d3e1546a.jpg
2026-06-18,2026-06-18 17:45:43,1,BV1nAJK6PEwh,116749374593001,《原神》动画短片——「最后的遗产」,原神,手机游戏,游戏,172,1861,5706683,88141,51221,636327,643547,227993,101988,1781496000,https://www.bilibili.com/video/BV1nAJK6PEwh,http://i0.hdslb.com/bfs/archive/7643cfcbd6364efae92208ab8aeb5cc75ba6173a.jpg
2026-06-18,2026-06-18 17:45:43,2,BV1pUJG6oEVS,116753787060825,没想到开水也能直接加进肉馅里？这样包子馅里的汤汁反而更多？,品诺美食开课啦,美食制作,美食,76,163,3877612,1841,5676,302029,22675,158236,24746,1781521614,https://www.bilibili.com/video/BV1pUJG6oEVS,http://i1.hdslb.com/bfs/archive/378a1b54cfa0920e77014bbb87854906953d94cc.jpg
2026-06-18,2026-06-18 17:45:43,3,BV1dmJP6sEgd,116748384731561,迈克尔杰克逊的billiejean，斗胆跳一段。,特崮斯,篮球,运动,235,67,4569144,2459,11524,783995,146631,80023,15398,1781439271,https://www.bilibili.com/video/BV1dmJP6sEgd,http://i2.hdslb.com/bfs/archive/d06b949e7976e0c255a0f4885cb8a3acf0165294.jpg
2026-06-18,2026-06-18 17:45:43,4,BV1BcJP6oEw5,116748552570821,《主任你说句话啊》,伤心欲茄222,搞笑,娱乐,138,179,3614473,1426,4812,312024,5454,15771,3130,1781509152,https://www.bilibili.com/video/BV1BcJP6oEw5,http://i2.hdslb.com/bfs/archive/8bd2d7dd01d2bb0e46134221396a5ebb1a79045a.jpg
2026-06-18,2026-06-18 17:45:43,5,BV1Wzjg65EM6,116757746424408,在AI里抛硬币，概率是50%吗？,影视飓风,单机游戏,游戏,17,617,3964730,4201,4336,280994,37578,42360,7475,1781600400,https://www.bilibili.com/video/BV1Wzjg65EM6,http://i1.hdslb.com/bfs/archive/ba06201e7786575aaf3b77304c7f74e9c958eb05.jpg
2026-06-18,2026-06-18 17:45:43,6,BV1hsJg6vE2t,116753283747086,泽连斯基劝降俄罗斯,燕三嘤嘤嘤,人文历史,知识,228,1108,2421008,13358,8661,125183,29540,17396,2479,1781517000,https://www.bilibili.com/video/BV1hsJg6vE2t,http://i1.hdslb.com/bfs/archive/6525afebeafbb6d3d096c21ca3a52e139af00ad3.jpg
2026-06-18,2026-06-18 17:45:43,7,BV1wwE165EpD,116736741349278,《诡秘之主：愚者》首曝PV | 欢迎回来，愚者先生,诡秘之主愚者,GMV,GMV,121,157,2516713,3035,3231,113643,35229,39654,10810,1781658000,https://www.bilibili.com/video/BV1wwE165EpD,http://i1.hdslb.com/bfs/archive/190e57d8867c7683397960f926975cf3b0d88740.jpg
2026-06-18,2026-06-18 17:45:43,8,BV1wCJM6yEaG,116752176387369,杨氏跑刀法,杨齐家_,单机游戏,游戏,17,1496,2244766,4990,48440,126950,15601,21964,1448,1781514000,https://www.bilibili.com/video/BV1wCJM6yEaG,http://i0.hdslb.com/bfs/archive/c7b0616e8ff73714ae8551d92e0f61977492a5f5.jpg
2026-06-18,2026-06-18 17:45:43,9,BV1EcJP6oEvo,116748552508416,躲在超市后门吸烟的二人《Night Smoker》,清风最梦,明星综合,明星综合,137,92,2996827,9303,8207,228784,35866,56154,71438,1781441576,https://www.bilibili.com/video/BV1EcJP6oEvo,http://i1.hdslb.com/bfs/archive/5ad6fd0412b663fb81a4ccddf62982316516bc4e.jpg
2026-06-18,2026-06-18 17:45:43,10,BV1LmjK6pEBk,116755783490540,不同人格打游戏,锤子game,搞笑,娱乐,138,86,3410443,910,4235,207071,3330,16996,20549,1781582400,https://www.bilibili.com/video/BV1LmjK6pEBk,http://i1.hdslb.com/bfs/archive/d0d1e1b2fdab4bcdfadc7f0b05e997c96a918750.jpg
2026-06-18,2026-06-18 17:45:43,11,BV11qJJ67Ei5,116740532999919,人到底可以多倒霉,喝茶喝到胃痛,日常,生活,21,264,1773460,5163,5763,246319,5869,21771,4101,1781319487,https://www.bilibili.com/video/BV11qJJ67Ei5,http://i1.hdslb.com/bfs/archive/742d23c81be304e917d2189b1afb8eeb4596da66.jpg
2026-06-18,2026-06-18 17:45:43,12,BV1ztj36rEjF,116759357163411,月薪三千去锯齿的正确方式、结尾带原理！,佛系小詹设计日常,设计·创意,设计·创意,229,47,2690668,108,1070,149382,4747,104894,1251,1781606612,https://www.bilibili.com/video/BV1ztj36rEjF,http://i1.hdslb.com/bfs/archive/25a4b941d05eb018db00872e5f6055f2dde2d455.jpg
2026-06-18,2026-06-18 17:45:43,13,BV1caJw6ZEwT,116747445208084,你懂白鹿吗？——内娱嘉欣,玉玉__,娱乐粉丝创作,娱乐,242,710,5250614,12906,10286,294298,62629,73312,17443,1781425006,https://www.bilibili.com/video/BV1caJw6ZEwT,http://i1.hdslb.com/bfs/archive/b0e3f677673a83698198228b72e9ea8b69eb5cfa.jpg
2026-06-18,2026-06-18 17:45:43,14,BV1gvJG6qEBq,116753669756853,《女生vs男生》,郑凯伦伦伦,搞笑,娱乐,138,228,2495685,880,1580,157022,1764,11353,1009,1781527051,https://www.bilibili.com/video/BV1gvJG6qEBq,http://i1.hdslb.com/bfs/archive/407e5952ffc113569d5650898e1da3c28b2b0aa0.jpg
2026-06-18,2026-06-18 17:45:43,15,BV1TGj36QEpx,116759323483098,"几百只流浪猫猫搬到70,000平的林地，开启新生活。",五月妈院儿里的小流浪,喵星人,喵星人,218,391,733451,2369,3885,92977,78029,9916,3062,1781606239,https://www.bilibili.com/video/BV1TGj36QEpx,http://i1.hdslb.com/bfs/archive/a3e630d8a1757bde0f399a4f08250b981511afff.jpg
2026-06-18,2026-06-18 17:45:43,16,BV16hJ36JEEB,116752293822838,【侯绿萝】新作上线，快来看看！,侯绿萝,小剧场,娱乐,85,177,2190061,648,780,157087,3840,12033,949,1781499003,https://www.bilibili.com/video/BV16hJ36JEEB,http://i2.hdslb.com/bfs/archive/17fcdc6b0de5eafd940e9c02695b6b588453009b.jpg
2026-06-18,2026-06-18 17:45:43,17,BV1kLLd6eEhS,116767259169027,真捉真萌真实机——《伊莫》握爪测试定档7月2日,伊莫,单机游戏,游戏,17,481,1062955,735,1445,69262,30471,41139,11897,1781740800,https://www.bilibili.com/video/BV1kLLd6eEhS,http://i0.hdslb.com/bfs/archive/811cd8aad6f533ad924daa80e490914feaf8f786.jpg
2026-06-18,2026-06-18 17:45:43,18,BV1GgJV6kEWd,116753350860127,《安宁大厦生存守则》第十集,Fel探险记,短片,动画,256,349,1137564,1160,1363,101937,9875,19792,2301,1781515306,https://www.bilibili.com/video/BV1GgJV6kEWd,http://i2.hdslb.com/bfs/archive/40f87281a0032e4846d825714689cbc0e1fc8771.jpg
2026-06-18,2026-06-18 17:45:43,19,BV1FhJ36nE7p,116752293891019,孙悟空命格｜心魔六耳CG《自渡》——若此身本是虚妄，又怕什么魂飞魄散？,王者荣耀,电子竞技,游戏,171,663,1734399,12431,10573,88838,7045,19469,20603,1781522380,https://www.bilibili.com/video/BV1FhJ36nE7p,http://i0.hdslb.com/bfs/archive/f622f436d492c6b3638d6a3d062d65f4ea865169.jpg
2026-06-18,2026-06-18 17:45:43,20,BV1Skju6pETf,116758367178100,太硬核了！校运会开幕式上，马术系学生进行马术表演。网友：“鲜衣怒马少年时”具象化了！,人民日报,日常,生活,21,28,2013804,1034,8414,212835,2829,15150,4233,1781591444,https://www.bilibili.com/video/BV1Skju6pETf,http://i0.hdslb.com/bfs/archive/4313efdb415e08834f6bf5bbe63a1aaa24432663.jpg
2026-06-18,2026-06-18 17:45:43,21,BV1GhJG6uEct,116753988328406,《参加公司大会迟到的我be like》,小蔡在东京,颜值·网红舞,颜值·网红舞,255,18,4044119,2150,5845,321905,4121,22085,11765,1781524765,https://www.bilibili.com/video/BV1GhJG6uEct,http://i1.hdslb.com/bfs/archive/fed3124ebc6b72bf677587104e4f47e7a75cf659.jpg
2026-06-18,2026-06-18 17:45:43,22,BV1BTjg6KEBB,116758098739712,泪…。,無無無鱼子,同人·手书,动画,47,17,1302978,234,2560,300673,7222,53048,4361,1781587312,https://www.bilibili.com/video/BV1BTjg6KEBB,http://i0.hdslb.com/bfs/archive/ad19127576eb3f2674730b84f05a4cea3025a63b.jpg
2026-06-18,2026-06-18 17:45:43,23,BV1SjJV6qEWz,116753552120519,来杯好茶摇一摇,栗川芥,日常,生活,21,18,1610164,1839,5106,241862,5103,38829,10688,1781518053,https://www.bilibili.com/video/BV1SjJV6qEWz,http://i2.hdslb.com/bfs/archive/d58e1ac6b94f8fc2f1c3242df9764a8ef59b8c4f.jpg
2026-06-18,2026-06-18 17:45:43,24,BV1QMJ36NE1W,116752545487524,10秒速成《NIGHT DANCER》！！学会了吗,野生小叔,翻唱,音乐,31,19,1367662,156,2407,195756,5395,94438,4761,1781502765,https://www.bilibili.com/video/BV1QMJ36NE1W,http://i2.hdslb.com/bfs/archive/4dbd990d8631db9faede61a96722322d318bdc83.jpg
2026-06-18,2026-06-18 17:45:43,25,BV17Qjg6KE2K,116759491254199,《锻刀大赛》长沙人·狗哥专场！up主与偶像双向奔赴的浪漫,沫子瞪片,影视杂谈,影视,182,1152,1365884,7261,2153,89278,27038,13307,1338,1781609078,https://www.bilibili.com/video/BV17Qjg6KE2K,http://i0.hdslb.com/bfs/archive/7fa2666efedfa2b47bcd77c03f4f2c6be5c47e16.jpg
2026-06-18,2026-06-18 17:45:43,26,BV12BJg6dEzf,116752797275826,【机核独家】《鸣潮》共鸣者「秧秧·玄翎」、「穗穗」演示,机核GCORES,单机游戏,游戏,17,61,2323194,6164,14868,127490,36755,24501,108447,1781517201,https://www.bilibili.com/video/BV12BJg6dEzf,http://i0.hdslb.com/bfs/archive/09db1b7f19b79b31b2190a3d8fd2225c21829f37.jpg
2026-06-18,2026-06-18 17:45:43,27,BV16Njg6qENt,116757914195122,请停留3秒，为“糖丸爷爷”顾方舟献花，他用一粒糖丸守护了中国几代孩子的健康,大象新闻,社会,社会,205,45,591827,6863,1848,319129,28867,8700,591,1781584607,https://www.bilibili.com/video/BV16Njg6qENt,http://i0.hdslb.com/bfs/archive/53b2e6d54a32e56d714f027d0354784983e1f85e.jpg
2026-06-18,2026-06-18 17:45:43,28,BV1JNjg6BEZp,116757914327953,太行深山村医47年如一日，诠释医者仁心,油克东东,日常,生活,21,146,801573,987,2226,124524,53200,5103,326,1781584636,https://www.bilibili.com/video/BV1JNjg6BEZp,http://i0.hdslb.com/bfs/archive/b9ef0df589c79d9e895ea8603164faa376094f26.jpg
2026-06-18,2026-06-18 17:45:43,29,BV1UkjT6yEPq,116757595422987,乘螺舟而至——《太吾绘卷》与中国独立游戏的八年,新华社,日常,生活,21,716,2208324,5537,7817,74477,18189,9374,15387,1781582100,https://www.bilibili.com/video/BV1UkjT6yEPq,http://i1.hdslb.com/bfs/archive/79c11095248e4800a41f3e8e4abea6fa13554783.jpg
2026-06-18,2026-06-18 17:45:43,30,BV1Zjj561EJo,116761873686110,“盛夏，蝉鸣，小小的傻龙~”,小陈的脚凑凑的,日常,生活,21,81,981656,254,1676,130097,12944,36656,6046,1781651400,https://www.bilibili.com/video/BV1Zjj561EJo,http://i0.hdslb.com/bfs/archive/f0cbbb07ce381ffa8e92bd84fc2f77c47b6f7e4a.jpg
2026-06-18,2026-06-18 17:45:43,31,BV13uJV6VEdW,116753367633164,韩国巴掌战神诞生！一掌扇飞坏学生，打响年度第一爽剧！韩剧《铁拳教育》第一期,小片片说大片,影视杂谈,影视,182,2440,1536614,5730,2302,64627,15784,22037,5196,1781517600,https://www.bilibili.com/video/BV13uJV6VEdW,http://i2.hdslb.com/bfs/archive/f5b07870e11ac6952226cbc38f8c57d90ba167c3.jpg
2026-06-18,2026-06-18 17:45:43,32,BV1E5Jg6GEF4,116753065581369,选志愿的绝望时刻！,一串大福,搞笑,娱乐,138,194,1957930,762,1113,110479,1828,14960,534,1781517600,https://www.bilibili.com/video/BV1E5Jg6GEF4,http://i1.hdslb.com/bfs/archive/62e3f3603e458aed6270ef39319bb38bad38494f.jpg
2026-06-18,2026-06-18 17:45:43,33,BV1mrjN6qE4C,116754625862301,《绝区零》维琳娜角色PV | 拟剧论,绝区零,手机游戏,游戏,172,818,792520,3171,3738,68683,29455,12995,4416,1781582400,https://www.bilibili.com/video/BV1mrjN6qE4C,http://i0.hdslb.com/bfs/archive/eb6d362a0b2b68ee2ea6a04110dca848b80c5258.jpg
2026-06-18,2026-06-18 17:45:43,34,BV1bkJN6mEzJ,116749659807076,开局直接当领主，还送4个全副武装牛马小弟【剑与王国】,磊哥游戏,手机游戏,游戏,172,409,1248593,3357,4426,144845,14727,23678,4100,1781485200,https://www.bilibili.com/video/BV1bkJN6mEzJ,http://i0.hdslb.com/bfs/archive/789c42aa10c5fc707f642d2e82ed8caaa81e3210.jpg
2026-06-18,2026-06-18 17:45:43,35,BV13bJG66E2Z,116754005100117,“抱歉，我好像稍微有点不耐烦了”【The other side of paradise】【黑化の小曲】,早睡起大王,音乐综合,音乐,130,126,1810118,170,2291,102408,4614,62583,1064,1781526600,https://www.bilibili.com/video/BV13bJG66E2Z,http://i0.hdslb.com/bfs/archive/8b5bd91ebdfb71fe902889e7a0d93ddbc2499458.jpg
2026-06-18,2026-06-18 17:45:43,36,BV186EY6fErc,116729158044326,非洲最好的城市长啥样？美女扎堆，处处是风景，难怪吸引了几十万华人,小钟Johnny,出行,生活,250,707,1435562,3388,2970,56511,14970,16477,5307,1781516700,https://www.bilibili.com/video/BV186EY6fErc,http://i2.hdslb.com/bfs/archive/6201804a655791a12a96830c4932713a88f4a2f4.jpg
2026-06-18,2026-06-18 17:45:43,37,BV12CjN6KE9N,116754541974666,如果爱昴天团看到了死归全过程【1】,生锈的包子,综合,综合,27,179,1219589,641,2836,53743,8305,20021,2126,1781533160,https://www.bilibili.com/video/BV12CjN6KE9N,http://i2.hdslb.com/bfs/archive/e729eb7ae279dc6943ef06406951f7e1fb3223f9.jpg
2026-06-18,2026-06-18 17:45:43,38,BV1GWJg6KECu,116753300457414,和阎鹤祥在甘肃武威，放最野的羊，吃最夯的肉！,食贫道,日常,生活,21,3127,1429650,8214,1556,58994,25607,12936,4155,1781517624,https://www.bilibili.com/video/BV1GWJg6KECu,http://i1.hdslb.com/bfs/archive/eea97a1bfd30701c84e709b53644e243f3e399c8.jpg
2026-06-18,2026-06-18 17:45:43,39,BV1xrJG6aEbB,116753602512578,如果能一直这样温馨该有多好。,小散门,手机游戏,游戏,172,25,1987860,93,2754,127119,641,26010,2125,1781518853,https://www.bilibili.com/video/BV1xrJG6aEbB,http://i0.hdslb.com/bfs/archive/c11ee385bae0e76dc78bb43b5a9c0f8e4d5baeed.jpg
2026-06-18,2026-06-18 17:45:43,40,BV1gBJA6CE5v,116748871408493,当高考生帮大学生代课：,戚小鱼_,日常,生活,21,86,2419318,343,2269,247193,1355,12658,4607,1781446586,https://www.bilibili.com/video/BV1gBJA6CE5v,http://i0.hdslb.com/bfs/archive/d5826227e0cd3daef374cf6a817b420f5cbcb246.jpg
2026-06-18,2026-06-18 17:45:43,41,BV1guJ36vEWX,116752730098442,【TF家族练习生】《四一有意思》10:都很莫名其妙,TF家族,明星综合,明星综合,137,2581,1224634,318218,2771,48860,6110,24021,1508,1781517600,https://www.bilibili.com/video/BV1guJ36vEWX,http://i0.hdslb.com/bfs/archive/d634ccaee227507324f20fd1c51bd0a545dcc11b.jpg
2026-06-18,2026-06-18 17:45:43,42,BV1hSJ36TE8U,116754239981546,成见 大山,脱缰凯Kk,小剧场,娱乐,85,296,941633,2041,1435,75442,3099,9291,696,1781529177,https://www.bilibili.com/video/BV1hSJ36TE8U,http://i2.hdslb.com/bfs/archive/ee60889fc8dd8c617afc6cfb8d1aab036572509f.jpg
2026-06-18,2026-06-18 17:45:43,43,BV13uJw6CEGr,116747898195415,☝😯喔 ？！⚡⚡⚡,去码头整点薯条vv,鬼畜调教,鬼畜,22,190,1770254,670,903,105283,7239,14699,4814,1781431859,https://www.bilibili.com/video/BV13uJw6CEGr,http://i0.hdslb.com/bfs/archive/836f1d5b65f57a5776d182a8bd920c76527fbdcc.jpg
2026-06-18,2026-06-18 17:45:43,44,BV14zLQ6aECD,116763115196878,【速凌】你永远都不知道挂机的哈基蜂到底在干嘛,高司令-速凌电竞,单机游戏,游戏,17,485,717964,3448,2170,64438,26339,14394,1175,1781688600,https://www.bilibili.com/video/BV14zLQ6aECD,http://i2.hdslb.com/bfs/archive/76a66ddae84623b2abc9ddd8444f93d05cbd06e8.jpg
2026-06-18,2026-06-18 17:45:43,45,BV16bJ36DE25,116752243492511,在北美怎么收服黑帮成员给你干活，特工伪装消除势力范围,行走的大大大羊腿,出行,生活,250,112,3058696,351,1548,109522,2214,7651,818,1781498313,https://www.bilibili.com/video/BV16bJ36DE25,http://i0.hdslb.com/bfs/archive/6770d6802e4d099961bc7392d8456221501fa356.jpg
2026-06-18,2026-06-18 17:45:43,46,BV1xrEB6eE4r,116732580665475,手机扫荡,Y的生存手记,综合,综合,27,576,1518143,1455,4148,172430,6514,39244,7065,1781258400,https://www.bilibili.com/video/BV1xrEB6eE4r,http://i1.hdslb.com/bfs/archive/09b799238d00b1b4ae90f2bfc40f201dea3e4498.png
2026-06-18,2026-06-18 17:45:43,47,BV1AyJg6XEWu,116752998662664,家人们，取外卖碰上黑皮子讨封了怎么办？,觅馋,绘画,绘画,162,98,593879,2471,2432,99308,5114,30673,12128,1781509408,https://www.bilibili.com/video/BV1AyJg6XEWu,http://i2.hdslb.com/bfs/archive/e3f083137d155c6916ec68d4cad24273a6f9ace0.jpg
2026-06-18,2026-06-18 17:45:43,48,BV11pJV6YEsU,116753485007700,炎炎夏天怎么能少的了清凉爽口的开胃冷面呢！,留意炫饭吖,美食记录,美食,215,106,1400775,362,974,94306,1526,15929,2240,1781516995,https://www.bilibili.com/video/BV11pJV6YEsU,http://i0.hdslb.com/bfs/archive/fe111b51f25341638d6a1541cc262b5ae74623ae.jpg
2026-06-18,2026-06-18 17:45:43,49,BV1gNj364EK3,116759675799380,载物逆天头球破门，NiKo勇夺世界杯！,CSGO-QUQU,电子竞技,游戏,171,205,1254456,1101,2013,61023,7956,9977,24753,1781611437,https://www.bilibili.com/video/BV1gNj364EK3,http://i2.hdslb.com/bfs/archive/07f02584b19439cb7b3d0da4193aed158f37be1c.jpg
2026-06-18,2026-06-18 17:45:43,50,BV11NJA6NEnT,116747294212396,津 门 幸 运 大 转 轮（续）,肥龙和老西,搞笑,娱乐,138,79,2143861,722,1311,126891,4976,27405,6243,1781479800,https://www.bilibili.com/video/BV11NJA6NEnT,http://i2.hdslb.com/bfs/archive/f717c06d8b318da49af74093895dffa094e44ea4.jpg
2026-06-18,2026-06-18 17:45:43,51,BV1WSJA6NE43,116748955156936,新三国up锐评神探狄仁杰01：全剧最大的谜团出现了,吃蛋挞的折棒,影视剪辑,影视,183,1441,1261343,16010,9820,91646,70237,18442,3696,1781488800,https://www.bilibili.com/video/BV1WSJA6NE43,http://i0.hdslb.com/bfs/archive/4079fd0ebde89e938ab366e21a800c2b4741033b.jpg
2026-06-18,2026-06-18 17:45:43,52,BV1r9JG6WEsR,116753736799494,选择一个人救他,ai造物神,日常,生活,21,278,867397,1896,1770,78407,690,8440,623,1781520755,https://www.bilibili.com/video/BV1r9JG6WEsR,http://i0.hdslb.com/bfs/archive/d586c68e21d4279f117c9c50b0eab97c44ac37ad.jpg
2026-06-18,2026-06-18 17:45:43,53,BV1MqL96rEGB,116766185360102,【采访TV】亮马河站到了,大乾乾是顾乾宇,小剧场,娱乐,85,142,1553687,1046,2231,93195,2337,7593,5383,1781711180,https://www.bilibili.com/video/BV1MqL96rEGB,http://i0.hdslb.com/bfs/archive/890a8e1555cc67f2f169649e59db3518fb2058b3.jpg
2026-06-18,2026-06-18 17:45:43,54,BV1SGJ36aEon,116752763590617,志愿填的好比高考还重要！,碎嘴企鹅,搞笑,娱乐,138,307,760225,952,1743,57777,1505,21873,1064,1781514000,https://www.bilibili.com/video/BV1SGJ36aEon,http://i0.hdslb.com/bfs/archive/a54395b32437633202992e588321bdf1de8305e8.jpg
2026-06-18,2026-06-18 17:45:43,55,BV1PmJG6tEu8,116753803778900,20包火鸡面！+鸡腿+烤肠+鳗鱼+饺子！,干饭三健客,美食记录,美食,215,574,1543749,1122,1341,70593,2570,8289,1614,1781523788,https://www.bilibili.com/video/BV1PmJG6tEu8,http://i1.hdslb.com/bfs/archive/adccfb7468055539723045e195f9669092a7b9c6.jpg
2026-06-18,2026-06-18 17:45:43,56,BV1CWLX6hEZY,116764843181347,美国答应赔伊朗3000亿，但美国不出钱,麻薯波比呀,社科·法律·心理,知识,124,919,1014640,2377,3008,65094,10638,7712,1119,1781690326,https://www.bilibili.com/video/BV1CWLX6hEZY,http://i2.hdslb.com/bfs/archive/ce5e0131ca1678101e1a69867dd4da187a4f64b2.jpg
2026-06-18,2026-06-18 17:45:43,57,BV1L8jT69EgW,116757461276060,《寰宇人类注疏：群星交错》——秧秧·玄翎,鸣潮,手机游戏,游戏,172,23,1066714,4979,10291,107065,21068,12403,13948,1781578800,https://www.bilibili.com/video/BV1L8jT69EgW,http://i1.hdslb.com/bfs/archive/f4edcef78d664d1763e938d028c6a156b6e66b99.jpg
2026-06-18,2026-06-18 17:45:43,58,BV1u8Jg6wE9R,116753233348410,中国蛔虫根除：人人感染到几乎绝迹，喉咙的虫子怎么灭？,颀思诺想,科学科普,知识,201,609,1664304,3273,8082,56628,1857,10746,1535,1781513155,https://www.bilibili.com/video/BV1u8Jg6wE9R,http://i1.hdslb.com/bfs/archive/692e23d9bd6f2cbdad153397cb1e2c502d76466e.jpg
2026-06-18,2026-06-18 17:45:43,59,BV1rCJM6yEEU,116752176514720,【雷军】在武汉过早 非常丰盛,雷军,新能源车,新能源车,247,86,2078910,1279,5638,150529,3644,8333,7543,1781497125,https://www.bilibili.com/video/BV1rCJM6yEEU,http://i2.hdslb.com/bfs/archive/1ae5eb886cc332936b2675283a16e9c0826d2466.jpg
2026-06-18,2026-06-18 17:45:43,60,BV1g3Jw6GE2g,116747881416815,还挺能装的#情侣日常#抽象#搞笑#骑着小电驴兜风,dong哈哈丶,健身,运动,164,95,2075269,1245,2799,132573,2105,13337,5978,1781431428,https://www.bilibili.com/video/BV1g3Jw6GE2g,http://i0.hdslb.com/bfs/archive/9bd961c6b2d26d51f3e05d5f045d74c440c9950b.jpg
2026-06-18,2026-06-18 17:45:43,61,BV1HXjj6fEwL,116761974278100,歌剧老师锐评《乘风破浪的姐姐2026》四公（下）,铁豆钢蛋,乐评盘点,音乐,243,4390,832605,32963,7503,41630,29403,6657,1404,1781654400,https://www.bilibili.com/video/BV1HXjj6fEwL,http://i1.hdslb.com/bfs/archive/c7e643c4bb6aefe882ab51a7b4a3cc8dad52d978.jpg
2026-06-18,2026-06-18 17:45:43,62,BV19kj36cEPS,116759004714843,识时务者为俊熊,抽象老祖Meme,电子竞技,游戏,171,15,1056533,256,4212,106075,1318,23850,20789,1781601140,https://www.bilibili.com/video/BV19kj36cEPS,http://i0.hdslb.com/bfs/archive/b605a95479bc225953025254ed3a7feed8720fc8.jpg
2026-06-18,2026-06-18 17:45:43,63,BV1ZSJM6zEFv,116752109275369,【女儿殿下 | 官方MV 】周杰伦 疯疯癫癫 Hey 风度翩翩 Hey 陪我家公主玩变化万千 Hey,杰威尔音乐,MV,MV,193,225,1784780,2715,4944,66141,31193,16615,15402,1781496081,https://www.bilibili.com/video/BV1ZSJM6zEFv,http://i1.hdslb.com/bfs/archive/9f9433d891690581f48adfa70e2b0fc092aac264.jpg
2026-06-18,2026-06-18 17:45:43,64,BV1eWJg6KE5x,116753300526098,欢迎回家，iG.TheShy,iG电子竞技俱乐部,电子竞技,游戏,171,11,2097917,5528,17284,114554,26242,7493,61546,1781514116,https://www.bilibili.com/video/BV1eWJg6KE5x,http://i2.hdslb.com/bfs/archive/0d0817e1a06acfd9c8e4d74ba197a903c90390fc.jpg
2026-06-18,2026-06-18 17:45:43,65,BV1P1JG6fEmN,116753619229362,《高考后最忙的人》,嘞是唐孃孃,搞笑,娱乐,138,41,1596118,188,2666,146746,1229,8614,1304,1781519187,https://www.bilibili.com/video/BV1P1JG6fEmN,http://i2.hdslb.com/bfs/archive/b7cabcda788b19d85e9ce9d7820cc3d801dd3f39.jpg
2026-06-18,2026-06-18 17:45:43,66,BV1KCJG6cEKd,116753585674281,审美积累～胶黏的小猫嘴,是豆包不是沙包猫咪,喵星人,喵星人,218,20,830030,171,1623,105822,2512,25502,14936,1781518504,https://www.bilibili.com/video/BV1KCJG6cEKd,http://i2.hdslb.com/bfs/archive/1c02b7a376c99624d13e6a4b3db75e1513a72564.jpg
2026-06-18,2026-06-18 17:45:43,67,BV1qiJu6MEun,116751673071269,采访一位炒饭少年,有亿思2025,人文历史,知识,228,197,2227892,1288,3292,108528,2319,15770,2469,1781489388,https://www.bilibili.com/video/BV1qiJu6MEun,http://i0.hdslb.com/bfs/archive/4f9a3cf93151d364ddf63eec4aefd8b6e7c72be1.jpg
2026-06-18,2026-06-18 17:45:43,68,BV1SKLD6NEdC,116763870105077,"【本家投稿】 TAK - 'numb numb' feat. Hatsune Miku, Kasane Teto",TAK_DRDR,MV,MV,193,176,195963,1223,1065,54309,23568,28996,2889,1781675534,https://www.bilibili.com/video/BV1SKLD6NEdC,http://i2.hdslb.com/bfs/archive/533d6c072b8ac980c2dfd607c9e7ce4ca7453347.jpg
2026-06-18,2026-06-18 17:45:43,69,BV14Yjg6EEVp,116757813532059,讨厌让你孤身一人,Super小柴郡,MMD·3D,动画,25,21,394737,75,1176,110304,5597,36584,1570,1781583013,https://www.bilibili.com/video/BV14Yjg6EEVp,http://i2.hdslb.com/bfs/archive/239344241034b05bc366825d3ceb51bf634c5ba2.jpg
2026-06-18,2026-06-18 17:45:43,70,BV1X9JP6nEJs,116748049187177,破晓将至，律己则安，终见黎明！,花小龙oy,健身,运动,164,230,1999857,1494,5451,181854,7758,7881,4057,1781433996,https://www.bilibili.com/video/BV1X9JP6nEJs,http://i1.hdslb.com/bfs/archive/8622e6312c0448d70defa53d5ab3a0d9347f78be.jpg
2026-06-18,2026-06-18 17:45:43,71,BV1gCju6XEMg,116758350470433,这是真拼豆！也是真炸鸡！,黑猫厨房,美食制作,美食,76,156,935874,394,578,73295,13818,10158,3751,1781596800,https://www.bilibili.com/video/BV1gCju6XEMg,http://i0.hdslb.com/bfs/archive/6195e40b5cbe3941674e4fffaf3218408433d609.jpg
2026-06-18,2026-06-18 17:45:43,72,BV1AuJA6YEM2,116747311057858,有一个人前来踢球,王与也行,鬼畜剧场,鬼畜剧场,216,176,2053822,1813,2654,90810,19015,19400,13585,1781422862,https://www.bilibili.com/video/BV1AuJA6YEM2,http://i1.hdslb.com/bfs/archive/646bd7f8f790fb7343a8acb7ed8c08b3d76a7f91.jpg
2026-06-18,2026-06-18 17:45:43,73,BV1JZJA6fEuK,116748921602463,（重生赛伊德01）,鹿晓晓AIGC,影视剪辑,影视,183,503,498651,1872,830,49369,2802,21071,1041,1781517600,https://www.bilibili.com/video/BV1JZJA6fEuK,http://i0.hdslb.com/bfs/archive/c1748bf0194ad5d44ae4495400d606a1f7249082.jpg
2026-06-18,2026-06-18 17:45:43,74,BV1e7jg6bEEk,116758048412874,在小溪里捞蚬子，在田野上抓小龙虾，用最简单的方法煮了个小龙虾煲，蚬子蒸着吃。没想到煮出来很美味，这些都是我在农村喜欢做的事。,少斌同学,田园美食,田园美食,214,208,875856,799,1027,67721,6983,4589,382,1781586871,https://www.bilibili.com/video/BV1e7jg6bEEk,http://i1.hdslb.com/bfs/archive/c2587e530c5170bee5f0513af6449c663f541894.jpg
2026-06-18,2026-06-18 17:45:43,75,BV1zqLR68EC3,116765195502036,游戏名称《Knuckle Jet》，需要大家来一波愿望单啊！上次是影游，这次是独立横版过关，每次都是不同的新尝试！离不开大家的支持！感谢！对它使用炎拳吧！,挪威老王,出行,生活,250,228,706912,501,1221,75205,4343,6007,449,1781696131,https://www.bilibili.com/video/BV1zqLR68EC3,http://i0.hdslb.com/bfs/archive/1cacbbd68476837e12867c54e0312ca5fa8b532b.jpg
2026-06-18,2026-06-18 17:45:43,76,BV1AtJw6hEER,116747428431438,功 夫 世 界 杯2.0,KM二号,鬼畜剧场,鬼畜剧场,216,211,797494,862,1665,78396,21627,19322,7985,1781428500,https://www.bilibili.com/video/BV1AtJw6hEER,http://i0.hdslb.com/bfs/archive/ba734cc39f96893e110dc2a66ebd57e40d11ad78.jpg
2026-06-18,2026-06-18 17:45:43,77,BV1Q6ju69EUc,116758182631300,可是 这是我的车！,一颗小兔娘,仿妆cos,时尚,252,24,1448848,248,1667,113500,891,13212,1291,1781588852,https://www.bilibili.com/video/BV1Q6ju69EUc,http://i1.hdslb.com/bfs/archive/757a1b0eed2a17998bf2265e77d823ae2a24fa71.jpg
2026-06-18,2026-06-18 17:45:43,78,BV1xqJg64ErW,116752881092256,大寿当天美伊停战，文武百官齐上贺表，特朗普的80生日过得到底有多开心？,毒舌的南瓜,人文历史,知识,228,1130,1200309,8191,2348,60589,4094,10809,4256,1781512200,https://www.bilibili.com/video/BV1xqJg64ErW,http://i0.hdslb.com/bfs/archive/dffe15072ed7718d9993ffc69381fb588e391b0b.jpg
2026-06-18,2026-06-18 17:45:43,79,BV17LJg6rEa8,116753048803308,真想如梦般美好,房飞逢-从头开始,短片,动画,256,225,992594,1798,2446,79004,9286,2525,468,1781510393,https://www.bilibili.com/video/BV17LJg6rEa8,http://i1.hdslb.com/bfs/archive/4881c883efd2807ecb65e2a49b2dd0ed36031794.jpg
2026-06-18,2026-06-18 17:45:43,80,BV17Qjg6KErS,116759491253935,在芬兰打造中式农家乐终于实现柴火饭自由！彻底吃嗨芬兰家人让英国朋友尖叫！南北特色铁锅炖柴火饭全上场！,雨琪在芬兰,美食记录,美食,215,1561,1012273,6846,925,48913,27582,6810,368,1781609844,https://www.bilibili.com/video/BV17Qjg6KErS,http://i1.hdslb.com/bfs/archive/4f2f5768c818b147480ee336b97c81e72f62671c.jpg
2026-06-18,2026-06-18 17:45:43,81,BV1aSJ36TE8D,116754239984780,带男友去喝上海爆火400一杯的高级苹果汁…吃500一条切糕？能回本吗！,是王小白呀,日常,生活,21,542,1950190,4599,3721,62757,3006,6710,6863,1781529140,https://www.bilibili.com/video/BV1aSJ36TE8D,http://i2.hdslb.com/bfs/archive/44577a10ba2e4658518213353465fa02d3e1546a.jpg
2026-06-18,2026-06-18 17:45:43,82,BV1Fsj36CEo4,116759457694427,“墙那边根本就没有厕所2！！”,二三哥哥鸭,搞笑,娱乐,138,55,1227307,443,987,106072,885,15910,3480,1781608223,https://www.bilibili.com/video/BV1Fsj36CEo4,http://i0.hdslb.com/bfs/archive/f66f4afd7922201fc143f2f045ab29c8de3d5c49.jpg
2026-06-18,2026-06-18 17:45:43,83,BV1nsj36CEVi,116759457761166,广东最近的天气（2）（威尼斯篇）be like：,扬帆北冥号,家居房产,家居房产,239,62,1002895,373,2065,99240,1496,18480,6350,1781608168,https://www.bilibili.com/video/BV1nsj36CEVi,http://i0.hdslb.com/bfs/archive/e27e6048435de201fcc242b2ae1fb7d56634db98.jpg
2026-06-18,2026-06-18 17:45:43,84,BV141jT6CEug,116757494893367,根本没有对手,庞大辉,日常,生活,21,46,3020097,223,1621,97839,1978,7137,3669,1781578057,https://www.bilibili.com/video/BV141jT6CEug,http://i1.hdslb.com/bfs/archive/b5f970eaf497560891546029dcf2ca55a65273f2.jpg
2026-06-18,2026-06-18 17:45:43,85,BV133Jw6GEGm,116747881416281,全 网 最 燃 的 动 画 教 程 3.0,滑铲师SQsir,同人·手书,动画,47,300,1605793,332,537,86710,7245,38727,1281,1781431407,https://www.bilibili.com/video/BV133Jw6GEGm,http://i0.hdslb.com/bfs/archive/d33d1737548cdcebe2bf799765c367263f8f24e4.jpg
2026-06-18,2026-06-18 17:45:43,86,BV1sWjP6cE8T,116755414385226,不是，你们真下的去嘴？,喵老登的猫,喵星人,喵星人,218,43,1445950,850,5110,97900,1321,14136,27096,1781582400,https://www.bilibili.com/video/BV1sWjP6cE8T,http://i2.hdslb.com/bfs/archive/d7dadbe0e2ce36260880388ff0d20eaa171f08d3.jpg
2026-06-18,2026-06-18 17:45:43,87,BV1Fnju6BEX8,116758669166088,《沪 苏 争 霸》,册那队长,小剧场,娱乐,85,33,2117355,417,5774,106042,1458,8115,5042,1781604600,https://www.bilibili.com/video/BV1Fnju6BEX8,http://i0.hdslb.com/bfs/archive/b84b137b8025d24c8231bc32cb3a462f0300666e.jpg
2026-06-18,2026-06-18 17:45:43,88,BV1EUJM63EGi,116752126118032,盗梦空间照进现实了？,朴男krisun,健身,运动,164,50,2102602,393,1941,116852,430,12160,628,1781496398,https://www.bilibili.com/video/BV1EUJM63EGi,http://i0.hdslb.com/bfs/archive/bcde769ec1c9882ebefe4eb602fc1ca651f89277.jpg
2026-06-18,2026-06-18 17:45:43,89,BV16bJ36DEQA,116752243492736,新手？高手？杀手？,没脸鉴车,汽车生活,汽车,176,392,1526263,2771,3837,56026,398,3519,1774,1781517600,https://www.bilibili.com/video/BV16bJ36DEQA,http://i2.hdslb.com/bfs/archive/8a78bf45ae852eb78c8a8e94b32a225d3fd8cc9c.jpg
2026-06-18,2026-06-18 17:45:43,90,BV1xeJM6DE3D,116752075786224,杨家园---对话小潮院长,小杨Johnson,搞笑,娱乐,138,1680,801016,9084,1905,66964,35074,19524,1121,1781495904,https://www.bilibili.com/video/BV1xeJM6DE3D,http://i2.hdslb.com/bfs/archive/8b67913cff9d536a1a9568009a8b891dd1e8783b.jpg
2026-06-18,2026-06-18 17:45:43,91,BV1mJJV6iEhM,116753451648655,屎壳郎一生之敌,嗨皮动物园长,动物二创,动物二创,220,76,1094579,322,1029,100363,752,11621,3573,1781516462,https://www.bilibili.com/video/BV1mJJV6iEhM,http://i2.hdslb.com/bfs/archive/a9a1bb457fd38063dbe67900676699213b505e4a.jpg
2026-06-18,2026-06-18 17:45:43,92,BV1uqJG6NEWx,116753652782720,随机挑战！128元吃小摊，这不爽飞了？,一只黑Q,美食记录,美食,215,585,5280985,5013,1316,123527,8709,65567,772,1781519949,https://www.bilibili.com/video/BV1uqJG6NEWx,http://i0.hdslb.com/bfs/archive/32a98aab0ba67151eeef2a070559edf92dc9925c.jpg
2026-06-18,2026-06-18 17:45:43,93,BV1QejN6GEET,116754441311592,【萌黄一槽】日向雏田[八极宗师]全技能爆料！步步紧追，崩劲蓄积！,火影忍者手游情报君,手机游戏,游戏,172,304,1118490,4084,6423,48188,3297,8337,10147,1781531549,https://www.bilibili.com/video/BV1QejN6GEET,http://i2.hdslb.com/bfs/archive/0f0287c5de3775c70d85a808e707a64d6f07ce7a.jpg
2026-06-18,2026-06-18 17:45:43,94,BV1YbJG66EjZ,116754005170987,一生只有败绩传出有多可拍,曾德帥_,小剧场,娱乐,85,47,1512801,323,4523,112351,576,7907,495,1781524843,https://www.bilibili.com/video/BV1YbJG66EjZ,http://i0.hdslb.com/bfs/archive/92b918c2f5429706a323de950b55ba196371c52c.jpg
2026-06-18,2026-06-18 17:45:43,95,BV1zhJu6rEKd,116751656295217,躲在超市后门冲刺的两人♿,咕gugugugu,日常,生活,21,144,1027152,1347,3243,56780,6473,19142,10079,1781489070,https://www.bilibili.com/video/BV1zhJu6rEKd,http://i0.hdslb.com/bfs/archive/408c4e77e60fcf8078f755e9fc34046ba4021e7a.jpg
2026-06-18,2026-06-18 17:45:43,96,BV16bJ36DEny,116752243492972,巴西两架直升机空中相撞致6死 32岁美国知名歌手确认遇难 其原定10月来中国巡演 成名曲为《生活仍要继续》,红星视频,热点,热点,203,33,1604112,3400,2543,120476,748,9557,6422,1781498168,https://www.bilibili.com/video/BV16bJ36DEny,http://i2.hdslb.com/bfs/archive/63cd1e6f209da7e826b72b9ec3e6988b41010e9f.jpg
2026-06-18,2026-06-18 17:45:43,97,BV1EeJ36EE6t,116752461727650,小妖怪的瓜摊,Raymondsese,MV,MV,193,367,1095996,1584,1021,41555,12178,8524,4474,1781501361,https://www.bilibili.com/video/BV1EeJ36EE6t,http://i1.hdslb.com/bfs/archive/6d2c9b54172e48a27c46951deb8ebe24aaf69659.jpg
2026-06-18,2026-06-18 17:45:43,98,BV1gLJV6uE5z,116753568964009,好想和你表白！,辣椒素素素,颜值·网红舞,颜值·网红舞,255,22,801227,160,1025,89057,4377,20804,1455,1781518318,https://www.bilibili.com/video/BV1gLJV6uE5z,http://i0.hdslb.com/bfs/archive/53673be32ccc26cefb79a2ed0366db21ddfe9578.jpg
2026-06-18,2026-06-18 17:45:43,99,BV1yXju61Ea9,116758316845997,00后的小春老师，和他心里放不下的牵挂,我是凡人繁星,三农,生活,251,164,645812,179,621,91785,5792,4626,212,1781594855,https://www.bilibili.com/video/BV1yXju61Ea9,http://i1.hdslb.com/bfs/archive/7a673972c588cbdc0a1e77822467f548f7ff6951.jpg
2026-06-18,2026-06-18 17:45:43,100,BV1PCLQ6fEzD,116764943850430,给日本人唱《Night Dancer》他们居然这反应！！,你哇哥233,翻唱,音乐,31,124,713537,213,1391,84395,1591,8499,1003,1781692078,https://www.bilibili.com/video/BV1PCLQ6fEzD,http://i0.hdslb.com/bfs/archive/0ce4c855b026ac914a04d572a3fc70623b3db51b.jpg
