rank_date,snapshot_time,rank_position,bvid,aid,title,author,category,main_category,tid,duration,view_count,danmaku_count,reply_count,like_count,coin_count,favorite_count,share_count,pubdate,video_url,cover_url
2026-06-15,2026-06-15 00:46:56,1,BV1dNJL6XELa,116739207597022,《兔粮是你的谎言》,伤心欲茄222,搞笑,娱乐,138,105,6457665,1885,6451,410345,11749,27855,13567,1781323200,https://www.bilibili.com/video/BV1dNJL6XELa,http://i1.hdslb.com/bfs/archive/9a8ed432df0aa306afeff2f8010a26c276a6739d.jpg
2026-06-15,2026-06-15 00:46:56,2,BV16kEC6MEWL,116735734716938,新地图解锁！影视飓风的电竞房？,影视飓风,数码,科技,95,764,2558747,23539,33742,186660,128888,63846,14977,1781254800,https://www.bilibili.com/video/BV16kEC6MEWL,http://i0.hdslb.com/bfs/archive/dde17e588b2675e5c877e200a1fe04b7d6f6ef12.jpg
2026-06-15,2026-06-15 00:46:56,3,BV1aEE16YECM,116736825362515,墙那边根本就没有厕所！！,二三哥哥鸭,搞笑,娱乐,138,54,5245416,1623,8736,434298,12678,74816,45838,1781262796,https://www.bilibili.com/video/BV1aEE16YECM,http://i2.hdslb.com/bfs/archive/48e1cb9c9f1bbb3477c19823da428e734e84841c.jpg
2026-06-15,2026-06-15 00:46:56,4,BV1kFE161Evt,116736758257704,路边一块，经过雕刻，包你看了过目不忘！愿你成为自己的太阳，无需借谁的光,小梨家的和田玉,手工,生活,161,254,4060283,6597,12360,226841,12877,23071,7527,1781261629,https://www.bilibili.com/video/BV1kFE161Evt,http://i1.hdslb.com/bfs/archive/e136f92e20badb075eeddee4d31e6f12ff95b1c4.jpg
2026-06-15,2026-06-15 00:46:56,5,BV1VbJ56EEm6,116737731200556,《少年》-《下一个是谁7》主题曲,雨哥到处跑,日常,生活,21,214,860936,10363,7533,142090,144765,43267,9379,1781344800,https://www.bilibili.com/video/BV1VbJ56EEm6,http://i1.hdslb.com/bfs/archive/cfd71a09139489ecac6f57d54cd8753f5611e987.jpg
2026-06-15,2026-06-15 00:46:56,6,BV1uHEC6XEEu,116735684445746,无法预测！命运的最后抽卡！【水无月菌】,水无月菌,桌游棋牌,桌游棋牌,173,792,1856232,10603,5513,166558,115816,35091,16000,1781263800,https://www.bilibili.com/video/BV1uHEC6XEEu,http://i0.hdslb.com/bfs/archive/b17ce44c7e7e351f0e72f059450c8a637bd50b67.jpg
2026-06-15,2026-06-15 00:46:56,7,BV1tUEY6WE3t,116729409706038,《青春期恐龙幻想物语》,客岭苹果,日常,生活,21,307,2897514,958,2560,214707,21884,30490,5489,1781247600,https://www.bilibili.com/video/BV1tUEY6WE3t,http://i0.hdslb.com/bfs/archive/8341ec6136e31dbcff0bf1c3fd856a290761647d.jpg
2026-06-15,2026-06-15 00:46:56,8,BV1xfEq6AEWd,116730902874019,有什么比精神小妹爱上纯情男大的故事更狗血,马哥巨离谱,搞笑,娱乐,138,490,4976403,7399,8350,195575,67259,28046,11154,1781172690,https://www.bilibili.com/video/BV1xfEq6AEWd,http://i1.hdslb.com/bfs/archive/100cd065a4f0f62b6980cc2c06947eff9d51b1bd.jpg
2026-06-15,2026-06-15 00:46:56,9,BV18VED63EBi,116722866586138,认为自己旅游运差时可以看看我.,风景旅行收藏家,日常,生活,21,163,4697391,3880,10515,623215,30174,242895,18480,1781064000,https://www.bilibili.com/video/BV18VED63EBi,http://i0.hdslb.com/bfs/archive/45526dcb51d3f4a21d85270926d87f0374679047.jpg
2026-06-15,2026-06-15 00:46:56,10,BV1KkEK6CELv,116712112397979,星际超级荒诞动画喜剧！《外星小偷里贝》第03话：上岸星球【UP动画】,梦游牛油果官方频道,小剧场,娱乐,85,828,5198089,3822,7199,241604,44824,71081,22314,1781172001,https://www.bilibili.com/video/BV1KkEK6CELv,http://i2.hdslb.com/bfs/archive/bf2234cfac7b170ad622d34b94e81a6ca8687ce9.jpg
2026-06-15,2026-06-15 00:46:56,11,BV19sJH6NE2H,116741707601636,看一看早餐的质量怎么样#早餐#食品安全,陈大成bill,美食记录,美食,215,306,3423404,1126,2533,169502,14486,31993,6248,1781352000,https://www.bilibili.com/video/BV19sJH6NE2H,http://i0.hdslb.com/bfs/archive/583ad17b29d55a6f06c98eb251ec63dd9dfe7823.jpg
2026-06-15,2026-06-15 00:46:56,12,BV1uWEe68E3e,116728688283040,别叫霞姐叫“侠姐”,卖萝卜乐,短片,动画,256,415,1456239,651,2360,192911,41749,26299,4638,1781167800,https://www.bilibili.com/video/BV1uWEe68E3e,http://i2.hdslb.com/bfs/archive/3e73c709a2d7a4de3bebdcd61b74c41cbfa788c7.jpg
2026-06-15,2026-06-15 00:46:56,13,BV1MrJ56gE5T,116737328546232,不是 我咋上高三了,名字即是无,日常,生活,21,64,3415989,7924,6143,331869,12210,56663,8065,1781270488,https://www.bilibili.com/video/BV1MrJ56gE5T,http://i2.hdslb.com/bfs/archive/05d045b23e87b5eda586511013238b1804764dfc.jpg
2026-06-15,2026-06-15 00:46:56,14,BV1otE96tE36,116725097960466,懒人为了“顺手”俩字，到底能做多少收纳？,海边二狗哥,家居房产,家居房产,239,580,3265207,3720,5956,181529,17338,86094,19317,1781083688,https://www.bilibili.com/video/BV1otE96tE36,http://i0.hdslb.com/bfs/archive/78553b00560ed356b43f06f4c094db857587023c.jpg
2026-06-15,2026-06-15 00:46:56,15,BV17YEv6VEUx,116730416469936,动态视频｜吸进身体的二手烟，到底有多脏？,亿点点不一样,科学科普,知识,201,147,2167383,2038,9703,269661,44678,38477,34980,1781168400,https://www.bilibili.com/video/BV17YEv6VEUx,http://i0.hdslb.com/bfs/archive/aad0b8823127354b6857ac449fe2ff4268b2b832.jpg
2026-06-15,2026-06-15 00:46:56,16,BV11GEv6dEvW,116730298895024,《弧光猎人》弧光测试PV&国服事件预告｜星火燎原,弧光猎人_ARCRaiders,单机游戏,游戏,17,175,6518949,2739,5700,89365,45530,50528,9636,1781229600,https://www.bilibili.com/video/BV11GEv6dEvW,http://i0.hdslb.com/bfs/archive/a8c4284d82a7291fb37cad37789d97562b629eed.jpg
2026-06-15,2026-06-15 00:46:56,17,BV17GEi61EZK,116729913021505,循环歌单|【illusion】|“【静步の小曲】”,蛋某人音乐,乐评盘点,音乐,243,3065,2854819,401,1178,186535,2032,58598,888,1781222400,https://www.bilibili.com/video/BV17GEi61EZK,http://i1.hdslb.com/bfs/archive/a058cfdea8b92c0c38b5ab261cca0011c6cfdbd7.jpg
2026-06-15,2026-06-15 00:46:56,18,BV1t2EY6REu4,116729359370195,“有些鸟儿注定是关不住的”【I dont want to play around】【魔丸之卵の小曲】,早睡起大王,音乐综合,音乐,130,253,1920646,9858,4414,195702,3281,39825,9367,1781150400,https://www.bilibili.com/video/BV1t2EY6REu4,http://i1.hdslb.com/bfs/archive/650366b932bf4bf768b90d2763c3d956b8b65559.jpg
2026-06-15,2026-06-15 00:46:56,19,BV1K3EZ6dEZz,116726876342805,一百万只马达加斯加企鹅能否战胜一拳超人？,Toaster_ok,单机游戏,游戏,17,62,4713318,1723,8167,309733,3593,40058,20097,1781111385,https://www.bilibili.com/video/BV1K3EZ6dEZz,http://i2.hdslb.com/bfs/archive/4e5b8ebcb64d6ed31988f9c35168982aa24477ff.jpg
2026-06-15,2026-06-15 00:46:56,20,BV1iyJV6EEao,116738150636498,我找东西be like,老番茄,单机游戏,游戏,17,1331,1642708,5021,1469,139059,35802,28471,2318,1781321700,https://www.bilibili.com/video/BV1iyJV6EEao,http://i0.hdslb.com/bfs/archive/3f5eaaafe18db626804778a2b5f1fc6c86f69d7b.jpg
2026-06-15,2026-06-15 00:46:56,21,BV1HgE66YE6i,116733553674038,时间刚刚好,不是唐嘉琦,日常,生活,21,30,2843628,1095,2754,361481,10677,31528,4157,1781212830,https://www.bilibili.com/video/BV1HgE66YE6i,http://i2.hdslb.com/bfs/archive/8d7715367c3081e36d93407824ed51ff0da29863.jpg
2026-06-15,2026-06-15 00:46:56,22,BV1UtE16xESZ,116736523246103,爸爸打死妈妈时，她就在旁边 ...,法内狂徒高法师,社科·法律·心理,知识,124,167,813035,1554,2965,198017,92765,14299,1574,1781258087,https://www.bilibili.com/video/BV1UtE16xESZ,http://i1.hdslb.com/bfs/archive/a3875b7e4f11b69522f7e675a14b149155e13374.jpg
2026-06-15,2026-06-15 00:46:56,23,BV17WEk6aEiC,116734509981119,早安瑪莉,MountainHan-山含,综合,综合,27,31,1061282,237,3675,220097,14581,78912,17351,1781228100,https://www.bilibili.com/video/BV17WEk6aEiC,http://i1.hdslb.com/bfs/archive/686869adddff73e384d028f599f59a3a5e74e032.jpg
2026-06-15,2026-06-15 00:46:56,24,BV1nAE16CEBQ,116736791746687,带良子吃和平饭店，竟然花了xxxx!?,汤姆的混乱空间,搞笑,娱乐,138,521,2295250,6593,6433,143817,19633,12749,14638,1781262815,https://www.bilibili.com/video/BV1nAE16CEBQ,http://i1.hdslb.com/bfs/archive/bfc6076d0f650a20323d569169cc0aaa649a5b12.jpg
2026-06-15,2026-06-15 00:46:56,25,BV1FzEr6YExJ,116734929474758,《绝区零》维琳娜角色展示 | 茶会一如既往,绝区零,手机游戏,游戏,172,560,1350631,4256,6406,105502,40064,21942,13739,1781236800,https://www.bilibili.com/video/BV1FzEr6YExJ,http://i2.hdslb.com/bfs/archive/8ec631834f8834321e589d503dc5598aacdfd55c.jpg
2026-06-15,2026-06-15 00:46:56,26,BV1jCJs6UE9S,116743888442795,美国“杰斐逊州”在哪里？【神奇组织51】,小约翰可汗,人文历史,知识,228,2465,1305538,11247,3884,99919,39560,27047,1991,1781406000,https://www.bilibili.com/video/BV1jCJs6UE9S,http://i0.hdslb.com/bfs/archive/74bddc7cf649e2ae7268b836596abfd15ed75dab.jpg
2026-06-15,2026-06-15 00:46:56,27,BV1sJEZ6nEjb,116726591198647,18岁｜替身使者，会相互吸引。jojo黑帮摇敬上！,悠哈酱Yo,宅舞,舞蹈,20,48,3646951,1486,6005,424978,29627,84488,10228,1781106772,https://www.bilibili.com/video/BV1sJEZ6nEjb,http://i0.hdslb.com/bfs/archive/b9799045e8e31d3e2632dee2755f381c7639ef20.jpg
2026-06-15,2026-06-15 00:46:56,28,BV11gEk63EF6,116734325496724,【鸣潮微电影】至今我仍深爱着你——坎特蕾拉,Glorious_青蓝紫,同人·手书,动画,47,440,670914,1352,2341,82896,36959,43627,6712,1781235000,https://www.bilibili.com/video/BV11gEk63EF6,http://i2.hdslb.com/bfs/archive/17b3688f6e270c3dc240514d8742f22d6a33615a.jpg
2026-06-15,2026-06-15 00:46:56,29,BV1J9EB6xEAB,116732178007836,洗衣机演奏一首《起风了》，以此纪念我的高中生活,非凯J,演奏,演奏,59,120,2226711,2618,5981,159452,28768,24885,14532,1781191722,https://www.bilibili.com/video/BV1J9EB6xEAB,http://i2.hdslb.com/bfs/archive/77250422542f6a41e3699f4e608ea69cbd013bc1.jpg
2026-06-15,2026-06-15 00:46:56,30,BV1yBE16UENN,116736607131264,⚡烂梗小孩就要这样制裁⚡,萝卜不会整活,鬼畜剧场,鬼畜剧场,216,84,2835564,1551,11391,183033,3145,23946,12734,1781259573,https://www.bilibili.com/video/BV1yBE16UENN,http://i0.hdslb.com/bfs/archive/6e3ba8f4ecd8a7ba023dab7af1bcd4a321ec3a8c.jpg
2026-06-15,2026-06-15 00:46:56,31,BV1rvEr6NEpF,116735046845023,新三国up锐评老三国02：没有对比就没有伤害,吃蛋挞的折棒,影视剪辑,影视,183,1503,1081129,22034,9624,82015,56657,15012,1789,1781316000,https://www.bilibili.com/video/BV1rvEr6NEpF,http://i0.hdslb.com/bfs/archive/063dff13e9298258dfac0de8388de77eec14759a.jpg
2026-06-15,2026-06-15 00:46:56,32,BV1tLJp6FEoP,116743368351213,我们成功了!核电站隐藏好结局-天下无核 测试服,六式zy,网络游戏,游戏,65,134,1876036,3938,5571,135087,6983,26514,10759,1781362821,https://www.bilibili.com/video/BV1tLJp6FEoP,http://i0.hdslb.com/bfs/archive/d9d4e0ffcf040c8032d6556ca23932dfc5b07500.jpg
2026-06-15,2026-06-15 00:46:56,33,BV1P3E96gEY7,116724946967930,最性价比的ROG全家桶,白菜家的AMD,数码,科技,95,263,1425064,2385,6753,144710,4243,38983,23769,1781082137,https://www.bilibili.com/video/BV1P3E96gEY7,http://i0.hdslb.com/bfs/archive/229e1b59ab4208272f6d3eedafd10a932c186047.jpg
2026-06-15,2026-06-15 00:46:56,34,BV1oQEe6gEFg,116730600884173,如何骗走CIA三百根金条,燕三嘤嘤嘤,人文历史,知识,228,1122,1759634,7561,4298,102060,23124,16189,2388,1781236200,https://www.bilibili.com/video/BV1oQEe6gEFg,http://i2.hdslb.com/bfs/archive/a1a0304a7c782538e474fc6c84ace95b3780968a.jpg
2026-06-15,2026-06-15 00:46:56,35,BV1vBE26BEtK,116720652064255,我在mc用千万方块还原了『召唤师峡谷』！！,橘不扒皮,单机游戏,游戏,17,67,1914284,2790,5062,347525,143350,36416,7604,1781064000,https://www.bilibili.com/video/BV1vBE26BEtK,http://i2.hdslb.com/bfs/archive/90f11ea10b3d9aca78493af57d1b04da64673ef7.jpg
2026-06-15,2026-06-15 00:46:56,36,BV1kwE165EJd,116736741480387,峰哥教大学生区分鹅腿鸭腿,峰哥亡命天涯,美食侦探,美食,212,327,2151280,6018,12572,104831,10287,11625,19511,1781261723,https://www.bilibili.com/video/BV1kwE165EJd,http://i0.hdslb.com/bfs/archive/15838c5454e36b8e42942f1c0d927a21b2fda9b9.jpg
2026-06-15,2026-06-15 00:46:56,37,BV1cLE96qEHo,116724963739894,评论区摄影大赛之视觉创意篇第二弹开启，欢迎投稿好的作品会让更多人看到。,摄影恩哥,日常,生活,21,165,2743503,609,5224,136748,1340,7264,338,1781256600,https://www.bilibili.com/video/BV1cLE96qEHo,http://i0.hdslb.com/bfs/archive/5afee256963bc3f2a894e13a036b37bd27752c1a.jpg
2026-06-15,2026-06-15 00:46:56,38,BV1eAEq6rExJ,116731506988938,为了这稀有的粉色螺珠，我在加勒比海与2米长大鲨鱼搏斗许久，差点就掉线了！,OK哥环球探海记,出行,生活,250,1463,8847626,10198,1929,203189,28160,160613,3563,1781233200,https://www.bilibili.com/video/BV1eAEq6rExJ,http://i0.hdslb.com/bfs/archive/9c69c1655eea63f4cb4b104dc83f5c17a163e18c.jpg
2026-06-15,2026-06-15 00:46:56,39,BV1toEq6eEwK,116730919656325,惊险！高速突现80斤铁架，河南籍司机果断出手25秒拖走，坦言：见过太多惨烈的交通事故，不及时拖走后果不堪设想,大象新闻,社会,社会,205,45,2390917,1930,8605,247015,9874,5991,1516,1781172662,https://www.bilibili.com/video/BV1toEq6eEwK,http://i1.hdslb.com/bfs/archive/26964e6083e44ae43adf74d3f357427199ad7642.jpg
2026-06-15,2026-06-15 00:46:56,40,BV1nyEi69EoZ,116731708246773,建议口语平淡的都来试下这个练习,po老师英语版,校园学习,知识,208,102,997618,122,756,139510,7058,56883,3138,1781184784,https://www.bilibili.com/video/BV1nyEi69EoZ,http://i2.hdslb.com/bfs/archive/948eb8b6496dc207f0fff1635f2da8d24e9b932e.jpg
2026-06-15,2026-06-15 00:46:56,41,BV17nJ569EKk,116737479543698,幻想向：你永远是你妈生的,四夕小田木_,小剧场,娱乐,85,152,2107948,568,1922,126569,8059,13211,3753,1781309400,https://www.bilibili.com/video/BV17nJ569EKk,http://i0.hdslb.com/bfs/archive/5c4ea1eede14dca688cb8027f683eae89ac55511.jpg
2026-06-15,2026-06-15 00:46:56,42,BV1SMEv6bEcf,116730684775304,我去了趟韩国，怎么到处都是汉字啊？？,有山先生,人文历史,知识,228,1724,778232,8485,3656,88268,84699,24356,2250,1781254800,https://www.bilibili.com/video/BV1SMEv6bEcf,http://i2.hdslb.com/bfs/archive/17a38348dd3aa9f7b6892177f3a606baf847a81c.jpg
2026-06-15,2026-06-15 00:46:56,43,BV1rCE16LEz9,116736556800563,动物园里有什么…（总感觉哪里不对,香菇早安,汪星人,汪星人,219,27,1752461,498,3009,185067,3662,26029,17979,1781258567,https://www.bilibili.com/video/BV1rCE16LEz9,http://i1.hdslb.com/bfs/archive/5726a2abfed40ea79d707446e6c9b9530cc7a84a.jpg
2026-06-15,2026-06-15 00:46:56,44,BV1S2Ey6sEYs,116736976361299,0%成功率的吉尼斯挑战（AI给出的结论）！,剑客范十三,运动综合,运动,238,216,1019424,5484,2469,116693,12167,8766,682,1781266817,https://www.bilibili.com/video/BV1S2Ey6sEYs,http://i0.hdslb.com/bfs/archive/b8c27821ea52fc39badab054fc41d2ae9e1cbc88.jpg
2026-06-15,2026-06-15 00:46:56,45,BV1ZoEB6pEZa,116732211501684,仅推荐给有趣的人,酸子阿,日常,生活,21,31,3840656,393,1898,186058,12218,14159,6372,1781260200,https://www.bilibili.com/video/BV1ZoEB6pEZa,http://i1.hdslb.com/bfs/archive/2e5bdef2ba9b4f0bb135aa086ccdac8e455c2c43.jpg
2026-06-15,2026-06-15 00:46:56,46,BV16KEi6SEnm,116729711757097,小猫一样的Sarah,第11个音符,颜值·网红舞,颜值·网红舞,255,17,1856191,167,978,216483,2821,23165,2236,1781154098,https://www.bilibili.com/video/BV16KEi6SEnm,http://i2.hdslb.com/bfs/archive/9fccc0ce062259a16d94f16b13d5dd496e4b73df.jpg
2026-06-15,2026-06-15 00:46:56,47,BV1hsE16bEY4,116736489821737,电到的人越多，医术越高明【 原神：元素战争 】,No_Tables,手机游戏,游戏,172,95,988625,961,2317,120133,24110,35139,5242,1781258400,https://www.bilibili.com/video/BV1hsE16bEY4,http://i1.hdslb.com/bfs/archive/21176541a8d945c32df9c3ed24bd8d060c5f9e29.jpg
2026-06-15,2026-06-15 00:46:56,48,BV1JKE16rErj,116736691082807,所以什么时候还我五块钱,香蕉猫的快乐生活,搞笑,娱乐,138,62,3109272,326,1977,191782,894,11010,687,1781260621,https://www.bilibili.com/video/BV1JKE16rErj,http://i2.hdslb.com/bfs/archive/c635a78ab9975fbe75dcd91d5ed1a15c7fd4a816.jpg
2026-06-15,2026-06-15 00:46:56,49,BV17TEC6AE3Z,116735919331481,我们做了个不一样的拐杖...,老师好我叫何同学,数码,科技,95,420,1097043,1660,1456,115697,64831,20131,1618,1781256600,https://www.bilibili.com/video/BV17TEC6AE3Z,http://i1.hdslb.com/bfs/archive/eba34b3f270343f2e9d00cfe39017bc85914227f.jpg
2026-06-15,2026-06-15 00:46:56,50,BV1awEG6NEgk,116715065187050,呃 你有点太重力了,hanser,综合,综合,27,229,789870,698,2163,77994,20835,35077,2670,1781255700,https://www.bilibili.com/video/BV1awEG6NEgk,http://i0.hdslb.com/bfs/archive/37e7fbf6e02be2c62ee40522828636f209a31350.jpg
2026-06-15,2026-06-15 00:46:56,51,BV1aCEv6vE1z,116729963353713,全新爽搜图！新式免保！新式房卡！多结局解密！核电站它来了！「三角洲S9赛季」,Key725,网络游戏,游戏,65,664,4772667,2466,4622,151402,8931,102826,12159,1781158258,https://www.bilibili.com/video/BV1aCEv6vE1z,http://i0.hdslb.com/bfs/archive/fff65170b6ce508b349a641611efa9bc0063b599.jpg
2026-06-15,2026-06-15 00:46:56,52,BV14bE16dEZd,116736506594533,18禁的两头堵营销！,穆天然-,搞笑,娱乐,138,18,2983613,116,966,182662,662,11635,1066,1781258001,https://www.bilibili.com/video/BV14bE16dEZd,http://i0.hdslb.com/bfs/archive/ff004e443f3cc430e1334fb851ed3f8f24dc78e8.jpg
2026-06-15,2026-06-15 00:46:56,53,BV1F4Ev67E6H,116730483513512,这猫…还能活吗,刘小鹿是小鹿6,喵星人,喵星人,218,193,743321,1141,1863,94481,45669,17012,3166,1781166018,https://www.bilibili.com/video/BV1F4Ev67E6H,http://i0.hdslb.com/bfs/archive/5736ae053cb46f1363c2d6654dd9a379a4bff276.jpg
2026-06-15,2026-06-15 00:46:56,54,BV1v9ER68Ehn,116726037550411,当90后家长上门道歉,粤知一二,搞笑,娱乐,138,326,3223157,927,967,192551,4455,17187,3865,1781150400,https://www.bilibili.com/video/BV1v9ER68Ehn,http://i1.hdslb.com/bfs/archive/e85511614700f27bd0e2fcd34c7c665e61351380.jpg
2026-06-15,2026-06-15 00:46:56,55,BV157Ei6GELV,116729929795808,一枪秒杀？三角洲S10新赛季爆料！打头算马枪？,哈夫豆火箭兵,网络游戏,游戏,65,63,4127821,2445,4860,229830,2510,58923,45714,1781157687,https://www.bilibili.com/video/BV157Ei6GELV,http://i0.hdslb.com/bfs/archive/6d57fc21836a1ce8f052cdb1f6be0fef5a760cf6.jpg
2026-06-15,2026-06-15 00:46:56,56,BV1M3Ev6tEJc,116730315740748,带猫结婚vlog，海棠给我当伴郎,海棠_HaiTang-,出行,生活,250,493,541418,3941,1777,101825,41834,7492,1751,1781229600,https://www.bilibili.com/video/BV1M3Ev6tEJc,http://i0.hdslb.com/bfs/archive/ff49c5addb28c7d12b81e68aec178c47c85de1e3.jpg
2026-06-15,2026-06-15 00:46:56,57,BV1fwEC6vEny,116735969591740,听到这个版本前我简直在乱唱,于梓贝的id,翻唱,音乐,31,21,611260,247,1526,158330,8833,40313,3129,1781249737,https://www.bilibili.com/video/BV1fwEC6vEny,http://i0.hdslb.com/bfs/archive/895d970762f54b6001d4d9f261e5bade73e8d6e8.jpg
2026-06-15,2026-06-15 00:46:56,58,BV1FAEi6DEiT,116729812618614,瑞斯拜考前50分系列 四六级必考词汇 26年新版,我是瑞斯拜,校园学习,知识,208,3112,1321838,33015,6148,53837,17431,60768,12529,1781155806,https://www.bilibili.com/video/BV1FAEi6DEiT,http://i0.hdslb.com/bfs/archive/7a738e32686f5231598afea4d598efd8410899fb.jpg
2026-06-15,2026-06-15 00:46:56,59,BV17hJn63EvU,116742093278532,地牢酒馆-14集 《人鱼的配方与深海来客》,粘土工厂,单机游戏,游戏,17,223,565165,1328,1979,103643,19083,10689,1399,1781343177,https://www.bilibili.com/video/BV17hJn63EvU,http://i0.hdslb.com/bfs/archive/db96e1253e91db964081083f790a5aab56dd89e8.jpg
2026-06-15,2026-06-15 00:46:56,60,BV1T2Jj6yEgD,116740180674530,张杰谢娜两口子不要再闹了好吗？【爆笑演唱会名场面】,一只吐槽圆,娱乐杂谈,娱乐杂谈,241,551,2481054,28088,5457,75909,9762,12268,40253,1781314126,https://www.bilibili.com/video/BV1T2Jj6yEgD,http://i0.hdslb.com/bfs/archive/f77e79d34c13d35be78980aaec4d5e2002bdd26c.jpg
2026-06-15,2026-06-15 00:46:56,61,BV14bER62EaC,116726305920283,什么叫做攻击物是罗辑？,图灵测试未及格,影视杂谈,影视,182,804,1488671,5887,3272,117384,18218,35854,12620,1781102185,https://www.bilibili.com/video/BV14bER62EaC,http://i2.hdslb.com/bfs/archive/0a7cf1dc9025f5432a4ef34a0dc7d792e9fb5cf4.jpg
2026-06-15,2026-06-15 00:46:56,62,BV1JKE16rE4L,116736691084132,一个抽烟的女人，凭什么治愈了全球社畜？,天真无邪老Ty,综合,综合,27,532,793804,2401,5301,56640,14171,21904,4795,1781260722,https://www.bilibili.com/video/BV1JKE16rE4L,http://i0.hdslb.com/bfs/archive/9edfae6fd994cd6fde206e1e5f686314ea33276a.jpg
2026-06-15,2026-06-15 00:46:56,63,BV1eqEv6zEsy,116730030458484,温 柔 的 洛 恩,鼎芸,同人·手书,动画,47,255,671149,609,1015,133192,17940,40650,5727,1781159833,https://www.bilibili.com/video/BV1eqEv6zEsy,http://i0.hdslb.com/bfs/archive/e8bc00ca4ab1f2019f1e32af218a9b7a182e2675.jpg
2026-06-15,2026-06-15 00:46:56,64,BV1fYEz6ZEUF,116732077345009,正颌做反毁容｜一首祝福转盘舞送给我主刀,做梦都想回到术前,日常,生活,21,42,1090988,1178,3055,205046,29574,5849,1630,1781190401,https://www.bilibili.com/video/BV1fYEz6ZEUF,http://i0.hdslb.com/bfs/archive/a668c3e9e80f64518ca251c269f406f07f79c116.jpg
2026-06-15,2026-06-15 00:46:56,65,BV1gXEq6MEjN,116730970117158,当你因为上学几年没玩手机,刘鸿哥哥,小剧场,娱乐,85,70,2724130,382,5120,188432,1357,8742,2105,1781173415,https://www.bilibili.com/video/BV1gXEq6MEjN,http://i2.hdslb.com/bfs/archive/524c4f95145f9987042b2c3aacd8daa259d00c13.jpg
2026-06-15,2026-06-15 00:46:56,66,BV1UzE765Ewm,116719964133557,还能再来一次吗…嘻嘻,小潮院长,搞笑,娱乐,138,2527,3359807,36300,5352,258758,124538,79055,4858,1781064000,https://www.bilibili.com/video/BV1UzE765Ewm,http://i2.hdslb.com/bfs/archive/085599ddfdef178bab136355914ff56026d92266.jpg
2026-06-15,2026-06-15 00:46:56,67,BV1vEEi6rEHo,116729845979866,如德芙般丝滑的呼啦圈舞,不吃姜-Zzz,宅舞,舞蹈,20,21,2040555,87,953,144726,2503,48982,2986,1781156380,https://www.bilibili.com/video/BV1vEEi6rEHo,http://i0.hdslb.com/bfs/archive/af821f042f111dff731c0b63d7831ecdc7969bfa.jpg
2026-06-15,2026-06-15 00:46:56,68,BV1PBE16SE7W,116736607197706,拉屎这件小事！,一串大福,搞笑,娱乐,138,180,1413679,993,858,88498,2265,9726,737,1781259927,https://www.bilibili.com/video/BV1PBE16SE7W,http://i0.hdslb.com/bfs/archive/927740032b16e6a453e372233394b8f9193f9de7.jpg
2026-06-15,2026-06-15 00:46:56,69,BV1maE169Eng,116736406000961,SpaceX上市，背后在玩什么资本游戏?,小Lin说,财经商业,知识,207,1328,1314604,7199,5961,56268,19863,17347,9554,1781269200,https://www.bilibili.com/video/BV1maE169Eng,http://i0.hdslb.com/bfs/archive/ed63226a66dc05192f014e9d15343809d10c6342.jpg
2026-06-15,2026-06-15 00:46:56,70,BV1SGEq6eEAE,116731473302835,原来导演才是真正的跑男！,刘哔电影,影视杂谈,影视,182,1019,2493778,10514,4708,87816,23610,20585,5931,1781181041,https://www.bilibili.com/video/BV1SGEq6eEAE,http://i2.hdslb.com/bfs/archive/1883cda55dfc41d60d446d5670af8a5d56da8ea3.jpg
2026-06-15,2026-06-15 00:46:56,71,BV1W4EE6GECF,116719444036187,【某幻】《盛世天下》再返深宫，活下来！,某幻君,影视剪辑,影视,183,54810,11105701,150557,12678,110136,66086,64042,16352,1780998850,https://www.bilibili.com/video/BV1W4EE6GECF,http://i2.hdslb.com/bfs/archive/f47d9615812e7adcf174b811036e3e4cddc602d0.jpg
2026-06-15,2026-06-15 00:46:56,72,BV1R3EC6bEmr,116736070261635,《三角洲行动》新干员档案：加布里埃尔·默里尔—代号液氮,三角洲行动,GMV,GMV,121,153,1648188,2361,9881,83708,3092,26764,12605,1781251234,https://www.bilibili.com/video/BV1R3EC6bEmr,http://i2.hdslb.com/bfs/archive/3e83a08b1eb5aa3b0e70844621840123d0794e1b.jpg
2026-06-15,2026-06-15 00:46:56,73,BV1p7Ey65ELv,116735080399387,⚡ 下次再一起吧，山田小姐~⚡,学姐圆,MAD·AMV,MAD·AMV,24,109,752021,246,2139,109687,5824,22231,2994,1781236058,https://www.bilibili.com/video/BV1p7Ey65ELv,http://i1.hdslb.com/bfs/archive/5b0562a6e0a46f0e84fc91128c061c03adfbd8bd.jpg
2026-06-15,2026-06-15 00:46:56,74,BV1xjJn6DEch,116742445597343,【干货】如何区分鹅腿和鸭腿？,闪电侠-flash,校园学习,知识,208,53,2174672,4960,5318,166856,1942,9689,5620,1781348560,https://www.bilibili.com/video/BV1xjJn6DEch,http://i2.hdslb.com/bfs/archive/cfc06208a7a01e856a69de77046bdc631112d432.jpg
2026-06-15,2026-06-15 00:46:56,75,BV1MzJ56rEky,116737278215918,“虽然是个无所谓的夜晚🚬”NIGHT DANCER,土埋了半截的人,MAD·AMV,MAD·AMV,24,87,1003272,598,2245,122583,13848,56892,3184,1781269870,https://www.bilibili.com/video/BV1MzJ56rEky,http://i2.hdslb.com/bfs/archive/a2e871a997f84226169f228a7314be1c9051e29e.jpg
2026-06-15,2026-06-15 00:46:56,76,BV127Eq6cEVQ,116731154537963,净化班味,落客李,日常,生活,21,72,2406622,560,3661,158478,2564,11813,6688,1781176369,https://www.bilibili.com/video/BV127Eq6cEVQ,http://i2.hdslb.com/bfs/archive/ac82c79526dace057c747882bed701b72cd7a24a.jpg
2026-06-15,2026-06-15 00:46:56,77,BV1GfEe6iE3x,116730718391604,在上海吃到了玫瑰腐乳肉，长江这一路的酸甜苦辣咸脆鲜香咱也尝遍了！,食贫道,日常,生活,21,3090,1994464,11821,2353,85227,58295,21218,5468,1781172032,https://www.bilibili.com/video/BV1GfEe6iE3x,http://i2.hdslb.com/bfs/archive/4a9c83dc2fe0b8e2f2b219b00fcb3d86f5886915.jpg
2026-06-15,2026-06-15 00:46:56,78,BV1xKE96CErp,116725265795009,景泰蓝,彭南科,手工,生活,161,644,815157,1352,792,86702,25086,10128,1232,1781182800,https://www.bilibili.com/video/BV1xKE96CErp,http://i2.hdslb.com/bfs/archive/9280f5b3ca2878e57e9bc2039d41452f7f6b5988.jpg
2026-06-15,2026-06-15 00:46:56,79,BV1VBJE6ZEFC,116741371855445,摇一摇,UU学弟,舞蹈综合,舞蹈综合,154,21,2236156,601,3515,143281,1089,15772,7217,1781332110,https://www.bilibili.com/video/BV1VBJE6ZEFC,http://i0.hdslb.com/bfs/archive/640d0854c716d8af90f305651a0cc8fe5d7cfc0f.jpg
2026-06-15,2026-06-15 00:46:56,80,BV1stE863Ekd,116709864315059,禁播的中国邪典行为艺术：肋骨做项圈、水泥活埋24小时、倒吊放血自残,捕月说,人文历史,知识,228,664,1628405,2400,1540,60331,1031,14068,2448,1781259000,https://www.bilibili.com/video/BV1stE863Ekd,http://i0.hdslb.com/bfs/archive/06fd457b1d7b9d7b3b8bbed3c20a75610328b693.jpg
2026-06-15,2026-06-15 00:46:56,81,BV1ziJV69E6Z,116738234523085,你是说我小时候造了一个超大过山车和半个耶稣像？！？过山车？！,蚊子CuO,单机游戏,游戏,17,832,676927,3653,1842,71257,10785,14526,745,1781284427,https://www.bilibili.com/video/BV1ziJV69E6Z,http://i2.hdslb.com/bfs/archive/e4bfda38efbd4e390de425b77f6569dfd48c99db.jpg
2026-06-15,2026-06-15 00:46:56,82,BV1YsJH6AEtF,116741707666989,你的意思是说，你被一头猪创死了？,图图图酱吖,单机游戏,游戏,17,170,901699,402,733,66948,992,18494,2088,1781341737,https://www.bilibili.com/video/BV1YsJH6AEtF,http://i2.hdslb.com/bfs/archive/76db83f712d6f36cdad6e6325ef0aed57321f3da.jpg
2026-06-15,2026-06-15 00:46:56,83,BV1gNE26wEQP,116736389153115,“佐佐木先生怎么无精打采了” #在超市后门吞云吐雾的二人 #aigc #日剧推荐 #二创,蒜泥好次,影视剪辑,影视,183,133,1096897,353,1807,71481,8873,21743,6792,1781256219,https://www.bilibili.com/video/BV1gNE26wEQP,http://i1.hdslb.com/bfs/archive/3a27766b2bdba42295db4fac36848fe931846365.jpg
2026-06-15,2026-06-15 00:46:56,84,BV1zmJJ66EGV,116740683990254,科学家终于发现，克隆技术的绝望真相！,李论科学,科学科普,知识,201,292,1156782,1174,2430,86026,1412,6699,871,1781321958,https://www.bilibili.com/video/BV1zmJJ66EGV,http://i0.hdslb.com/bfs/archive/6c575e5b70dce8a7fec3947e8783762bc485dce4.jpg
2026-06-15,2026-06-15 00:46:56,85,BV1gyJE69ESo,116741036317460,华强买瓜，但是艺术家,快乐阿托,鬼畜剧场,鬼畜剧场,216,163,1247931,1286,1754,64161,11238,12682,5775,1781326907,https://www.bilibili.com/video/BV1gyJE69ESo,http://i2.hdslb.com/bfs/archive/d43398e3694827aaf3a7334c50f62ddf1ffaa831.jpg
2026-06-15,2026-06-15 00:46:56,86,BV14DEy6QEUp,116737194399487,剑来！！！！！！,高斯Goh,综艺,综艺,71,1085,605652,6128,1817,57179,26412,15532,952,1781409600,https://www.bilibili.com/video/BV14DEy6QEUp,http://i0.hdslb.com/bfs/archive/1c29ec56cd5eb02b35d562829147bac0d0629e6b.jpg
2026-06-15,2026-06-15 00:46:56,87,BV1nfJj6iErA,116740314957040,挑战给历史故事打tag（标签2）,混饭达人,娱乐杂谈,娱乐杂谈,241,92,1211944,2129,1265,123702,2413,12748,7261,1781316187,https://www.bilibili.com/video/BV1nfJj6iErA,http://i1.hdslb.com/bfs/archive/315cf3bf234f1af2314ceab7df7fa639bd143757.jpg
2026-06-15,2026-06-15 00:46:56,88,BV1vQEC6wE6u,116735432727948,美国女孩一口气速通全河北【世界纪录55:56小时】,KerryDowdle,日常,生活,21,1482,854539,4171,3224,49478,13714,17225,2791,1781254800,https://www.bilibili.com/video/BV1vQEC6wE6u,http://i0.hdslb.com/bfs/archive/2e3401d029d6fe8a2917e48b68b70cd847a94eed.jpg
2026-06-15,2026-06-15 00:46:56,89,BV1h6Ey6bEZE,116737043399281,挑战 100元让爷爷和小姐姐们一起吃大餐,大森子哈哈哈,搞笑,娱乐,138,121,2657091,411,647,134335,4567,10210,386,1781267147,https://www.bilibili.com/video/BV1h6Ey6bEZE,http://i2.hdslb.com/bfs/archive/319f64ee88f974624e07d3086e73b98e73254fd3.jpg
2026-06-15,2026-06-15 00:46:56,90,BV1SDEq6BEbD,116730986825594,【20分钟速通四六级】各个题型的得分攻略、抢分技巧（四级考前急救速通干货版）,英语老师晓艳,日常,生活,21,1428,571008,2008,7742,42042,9959,25416,11568,1781173744,https://www.bilibili.com/video/BV1SDEq6BEbD,http://i1.hdslb.com/bfs/archive/b66e57f53c3861331848b70f3368f7685e8ce90c.jpg
2026-06-15,2026-06-15 00:46:56,91,BV1hrEy6ZEon,116736959519545,《😭如果良子说日语😭》,绫人太太啊,搞笑,娱乐,138,68,1349270,733,4588,125025,3940,13283,25779,1781264755,https://www.bilibili.com/video/BV1hrEy6ZEon,http://i0.hdslb.com/bfs/archive/566f1b3932b1eba571ede1c182f001b3dadcac28.jpg
2026-06-15,2026-06-15 00:46:56,92,BV1K8EC67EDk,116735600563464,用3000只生蚝做一道菜！最后真的不亏！,南翔,短片,动画,256,318,834727,1785,1671,74197,9556,7701,1037,1781254800,https://www.bilibili.com/video/BV1K8EC67EDk,http://i1.hdslb.com/bfs/archive/0b535c91058c6af6231b0b0d7ceca8e459b8e8d2.jpg
2026-06-15,2026-06-15 00:46:56,93,BV185Js6BE4i,116744140097496,【i-dle】 'Crow' Official Music Video,i-dle_official,音乐综合,音乐,130,203,184504,11530,10126,33384,29748,12024,8930,1781442000,https://www.bilibili.com/video/BV185Js6BE4i,http://i0.hdslb.com/bfs/archive/27cbbd5112c850b931b2cfbf635e6dc8852dc99c.jpg
2026-06-15,2026-06-15 00:46:56,94,BV1sdJE6jEhN,116741187371338,植物大战僵尸bgm实力排行,东方日出哇,特摄,动画,86,787,1864637,4347,2184,95322,5468,24847,1234,1781329262,https://www.bilibili.com/video/BV1sdJE6jEhN,http://i0.hdslb.com/bfs/archive/19de21f1f78395328e55a17f237e9df9d0079804.jpg
2026-06-15,2026-06-15 00:46:56,95,BV1GLER6sEVa,116724578124362,今年最恶毒烂梗出炉，一个梗骂几亿中国人，我没见过这么恶心的营销手段！,王小七Fire,社科·法律·心理,知识,124,501,2842040,7778,19070,141708,52187,27828,8093,1781085600,https://www.bilibili.com/video/BV1GLER6sEVa,http://i1.hdslb.com/bfs/archive/1aa00193c3352015575ed146f2d1d16ff8fe8851.jpg
2026-06-15,2026-06-15 00:46:56,96,BV1zhEq6HEJr,116731271972781,一个跟头十万八千里,孤鹜AH,搞笑,娱乐,138,119,1258965,350,864,74880,1950,16243,5273,1781258400,https://www.bilibili.com/video/BV1zhEq6HEJr,http://i0.hdslb.com/bfs/archive/75b1949484ad137d6bb1fc3891e30d26f0128483.jpg
2026-06-15,2026-06-15 00:46:56,97,BV1veEv6rEdY,116730399557487,花几分钟，做了个超好吃的荷包蛋给你们看看！,日食记,美食制作,美食,76,60,1765505,419,1520,128836,4291,34608,7519,1781164831,https://www.bilibili.com/video/BV1veEv6rEdY,http://i0.hdslb.com/bfs/archive/0c10b4a8e3d797fca684226dbcdc0c3130a15c14.jpg
2026-06-15,2026-06-15 00:46:56,98,BV1GFEd6xEND,116725970375792,《我真的不是黑社会》,IPx的粉红豹,搞笑,娱乐,138,124,3283619,650,2098,149768,16892,34581,1982,1781097127,https://www.bilibili.com/video/BV1GFEd6xEND,http://i1.hdslb.com/bfs/archive/d0bb5a75066f42207776a312b20346358092bdfc.jpg
2026-06-15,2026-06-15 00:46:56,99,BV1oMEC6hE3i,116735902489110,高考之后我就这么猖,大禹先生--,搞笑,娱乐,138,101,2403243,142,552,101218,484,6505,435,1781259000,https://www.bilibili.com/video/BV1oMEC6hE3i,http://i1.hdslb.com/bfs/archive/0cf477c23e4d4ec32c7feb8076926871dd5b7dff.jpg
2026-06-15,2026-06-15 00:46:56,100,BV1QpJJ6oEoT,116740952429638,母爱的回响让我深深的触动,迪士尼在逃黄狗coco,汪星人,汪星人,219,70,921381,324,766,113401,3369,19420,1084,1781325897,https://www.bilibili.com/video/BV1QpJJ6oEoT,http://i0.hdslb.com/bfs/archive/c7775460ae82d923a2db9c7489f1d2717d968827.jpg
2026-06-15,2026-06-15 02:44:45,1,BV1dNJL6XELa,116739207597022,《兔粮是你的谎言》,伤心欲茄222,搞笑,娱乐,138,105,6513129,1899,6481,413365,11910,28054,13673,1781323200,https://www.bilibili.com/video/BV1dNJL6XELa,http://i1.hdslb.com/bfs/archive/9a8ed432df0aa306afeff2f8010a26c276a6739d.jpg
2026-06-15,2026-06-15 02:44:45,2,BV16kEC6MEWL,116735734716938,新地图解锁！影视飓风的电竞房？,影视飓风,数码,科技,95,764,2570954,23734,33922,187558,129683,64210,15091,1781254800,https://www.bilibili.com/video/BV16kEC6MEWL,http://i0.hdslb.com/bfs/archive/dde17e588b2675e5c877e200a1fe04b7d6f6ef12.jpg
2026-06-15,2026-06-15 02:44:45,3,BV1aEE16YECM,116736825362515,墙那边根本就没有厕所！！,二三哥哥鸭,搞笑,娱乐,138,54,5415728,1665,8862,445109,13480,76905,47082,1781262796,https://www.bilibili.com/video/BV1aEE16YECM,http://i2.hdslb.com/bfs/archive/48e1cb9c9f1bbb3477c19823da428e734e84841c.jpg
2026-06-15,2026-06-15 02:44:45,4,BV1kFE161Evt,116736758257704,路边一块，经过雕刻，包你看了过目不忘！愿你成为自己的太阳，无需借谁的光,小梨家的和田玉,手工,生活,161,254,4086794,6672,12499,228691,13072,23297,7600,1781261629,https://www.bilibili.com/video/BV1kFE161Evt,http://i1.hdslb.com/bfs/archive/e136f92e20badb075eeddee4d31e6f12ff95b1c4.jpg
2026-06-15,2026-06-15 02:44:45,5,BV1VbJ56EEm6,116737731200556,《少年》-《下一个是谁7》主题曲,雨哥到处跑,日常,生活,21,214,877010,10467,7591,143855,146573,43835,9497,1781344800,https://www.bilibili.com/video/BV1VbJ56EEm6,http://i1.hdslb.com/bfs/archive/cfd71a09139489ecac6f57d54cd8753f5611e987.jpg
2026-06-15,2026-06-15 02:44:45,6,BV1uHEC6XEEu,116735684445746,无法预测！命运的最后抽卡！【水无月菌】,水无月菌,桌游棋牌,桌游棋牌,173,792,1872133,10646,5551,167578,116394,35289,16091,1781263800,https://www.bilibili.com/video/BV1uHEC6XEEu,http://i0.hdslb.com/bfs/archive/b17ce44c7e7e351f0e72f059450c8a637bd50b67.jpg
2026-06-15,2026-06-15 02:44:45,7,BV1tUEY6WE3t,116729409706038,《青春期恐龙幻想物语》,客岭苹果,日常,生活,21,307,2903155,960,2565,215303,22007,30629,5526,1781247600,https://www.bilibili.com/video/BV1tUEY6WE3t,http://i0.hdslb.com/bfs/archive/8341ec6136e31dbcff0bf1c3fd856a290761647d.jpg
2026-06-15,2026-06-15 02:44:45,8,BV19sJH6NE2H,116741707601636,看一看早餐的质量怎么样#早餐#食品安全,陈大成bill,美食记录,美食,215,306,3559531,1160,2720,178523,15437,34168,6547,1781352000,https://www.bilibili.com/video/BV19sJH6NE2H,http://i0.hdslb.com/bfs/archive/583ad17b29d55a6f06c98eb251ec63dd9dfe7823.jpg
2026-06-15,2026-06-15 02:44:45,9,BV1xfEq6AEWd,116730902874019,有什么比精神小妹爱上纯情男大的故事更狗血,马哥巨离谱,搞笑,娱乐,138,490,5003565,7428,8407,196520,67550,28268,11206,1781172690,https://www.bilibili.com/video/BV1xfEq6AEWd,http://i1.hdslb.com/bfs/archive/100cd065a4f0f62b6980cc2c06947eff9d51b1bd.jpg
2026-06-15,2026-06-15 02:44:45,10,BV1KkEK6CELv,116712112397979,星际超级荒诞动画喜剧！《外星小偷里贝》第03话：上岸星球【UP动画】,梦游牛油果官方频道,小剧场,娱乐,85,828,5210608,3833,7205,242213,44999,71298,22374,1781172001,https://www.bilibili.com/video/BV1KkEK6CELv,http://i2.hdslb.com/bfs/archive/bf2234cfac7b170ad622d34b94e81a6ca8687ce9.jpg
2026-06-15,2026-06-15 02:44:45,11,BV18VED63EBi,116722866586138,认为自己旅游运差时可以看看我.,风景旅行收藏家,日常,生活,21,163,4699234,3884,10519,623553,30215,243047,18494,1781064000,https://www.bilibili.com/video/BV18VED63EBi,http://i0.hdslb.com/bfs/archive/45526dcb51d3f4a21d85270926d87f0374679047.jpg
2026-06-15,2026-06-15 02:44:45,12,BV1uWEe68E3e,116728688283040,别叫霞姐叫“侠姐”,卖萝卜乐,短片,动画,256,415,1461517,652,2367,194171,42028,26473,4654,1781167800,https://www.bilibili.com/video/BV1uWEe68E3e,http://i2.hdslb.com/bfs/archive/3e73c709a2d7a4de3bebdcd61b74c41cbfa788c7.jpg
2026-06-15,2026-06-15 02:44:45,13,BV1MrJ56gE5T,116737328546232,不是 我咋上高三了,名字即是无,日常,生活,21,64,3449985,8008,6214,334565,12369,57076,8133,1781270488,https://www.bilibili.com/video/BV1MrJ56gE5T,http://i2.hdslb.com/bfs/archive/05d045b23e87b5eda586511013238b1804764dfc.jpg
2026-06-15,2026-06-15 02:44:45,14,BV1otE96tE36,116725097960466,懒人为了“顺手”俩字，到底能做多少收纳？,海边二狗哥,家居房产,家居房产,239,580,3273945,3740,6016,182560,17510,86699,19410,1781083688,https://www.bilibili.com/video/BV1otE96tE36,http://i0.hdslb.com/bfs/archive/78553b00560ed356b43f06f4c094db857587023c.jpg
2026-06-15,2026-06-15 02:44:45,15,BV17YEv6VEUx,116730416469936,动态视频｜吸进身体的二手烟，到底有多脏？,亿点点不一样,科学科普,知识,201,147,2170417,2038,9727,270238,44861,38566,35027,1781168400,https://www.bilibili.com/video/BV17YEv6VEUx,http://i0.hdslb.com/bfs/archive/aad0b8823127354b6857ac449fe2ff4268b2b832.jpg
2026-06-15,2026-06-15 02:44:45,16,BV11GEv6dEvW,116730298895024,《弧光猎人》弧光测试PV&国服事件预告｜星火燎原,弧光猎人_ARCRaiders,单机游戏,游戏,17,175,6519419,2739,5703,89368,45531,50528,9649,1781229600,https://www.bilibili.com/video/BV11GEv6dEvW,http://i0.hdslb.com/bfs/archive/a8c4284d82a7291fb37cad37789d97562b629eed.jpg
2026-06-15,2026-06-15 02:44:45,17,BV17GEi61EZK,116729913021505,循环歌单|【illusion】|“【静步の小曲】”,蛋某人音乐,乐评盘点,音乐,243,3065,2864025,404,1183,187280,2038,58817,890,1781222400,https://www.bilibili.com/video/BV17GEi61EZK,http://i1.hdslb.com/bfs/archive/a058cfdea8b92c0c38b5ab261cca0011c6cfdbd7.jpg
2026-06-15,2026-06-15 02:44:45,18,BV1K3EZ6dEZz,116726876342805,一百万只马达加斯加企鹅能否战胜一拳超人？,Toaster_ok,单机游戏,游戏,17,62,4726560,1725,8187,310652,3610,40199,20152,1781111385,https://www.bilibili.com/video/BV1K3EZ6dEZz,http://i2.hdslb.com/bfs/archive/4e5b8ebcb64d6ed31988f9c35168982aa24477ff.jpg
2026-06-15,2026-06-15 02:44:45,19,BV1t2EY6REu4,116729359370195,“有些鸟儿注定是关不住的”【I dont want to play around】【魔丸之卵の小曲】,早睡起大王,音乐综合,音乐,130,253,1921969,9869,4424,195824,3288,39861,9374,1781150400,https://www.bilibili.com/video/BV1t2EY6REu4,http://i1.hdslb.com/bfs/archive/650366b932bf4bf768b90d2763c3d956b8b65559.jpg
2026-06-15,2026-06-15 02:44:45,20,BV1iyJV6EEao,116738150636498,我找东西be like,老番茄,单机游戏,游戏,17,1331,1655617,5041,1482,139861,36216,28666,2354,1781321700,https://www.bilibili.com/video/BV1iyJV6EEao,http://i0.hdslb.com/bfs/archive/3f5eaaafe18db626804778a2b5f1fc6c86f69d7b.jpg
2026-06-15,2026-06-15 02:44:45,21,BV1UtE16xESZ,116736523246103,爸爸打死妈妈时，她就在旁边 ...,法内狂徒高法师,社科·法律·心理,知识,124,167,822195,1569,2992,200231,93984,14456,1590,1781258087,https://www.bilibili.com/video/BV1UtE16xESZ,http://i1.hdslb.com/bfs/archive/a3875b7e4f11b69522f7e675a14b149155e13374.jpg
2026-06-15,2026-06-15 02:44:45,22,BV1HgE66YE6i,116733553674038,时间刚刚好,不是唐嘉琦,日常,生活,21,30,2858097,1097,2760,362996,10742,31642,4169,1781212830,https://www.bilibili.com/video/BV1HgE66YE6i,http://i2.hdslb.com/bfs/archive/8d7715367c3081e36d93407824ed51ff0da29863.jpg
2026-06-15,2026-06-15 02:44:45,23,BV1nAE16CEBQ,116736791746687,带良子吃和平饭店，竟然花了xxxx!?,汤姆的混乱空间,搞笑,娱乐,138,521,2315660,6637,6524,145058,19778,12865,14733,1781262815,https://www.bilibili.com/video/BV1nAE16CEBQ,http://i1.hdslb.com/bfs/archive/bfc6076d0f650a20323d569169cc0aaa649a5b12.jpg
2026-06-15,2026-06-15 02:44:45,24,BV17WEk6aEiC,116734509981119,早安瑪莉,MountainHan-山含,综合,综合,27,31,1067174,238,3692,221037,14707,79250,17427,1781228100,https://www.bilibili.com/video/BV17WEk6aEiC,http://i1.hdslb.com/bfs/archive/686869adddff73e384d028f599f59a3a5e74e032.jpg
2026-06-15,2026-06-15 02:44:45,25,BV1FzEr6YExJ,116734929474758,《绝区零》维琳娜角色展示 | 茶会一如既往,绝区零,手机游戏,游戏,172,560,1361226,4269,6427,105804,40166,22012,13757,1781236800,https://www.bilibili.com/video/BV1FzEr6YExJ,http://i2.hdslb.com/bfs/archive/8ec631834f8834321e589d503dc5598aacdfd55c.jpg
2026-06-15,2026-06-15 02:44:45,26,BV1jCJs6UE9S,116743888442795,美国“杰斐逊州”在哪里？【神奇组织51】,小约翰可汗,人文历史,知识,228,2465,1352272,11372,3948,101785,40412,27541,2037,1781406000,https://www.bilibili.com/video/BV1jCJs6UE9S,http://i0.hdslb.com/bfs/archive/74bddc7cf649e2ae7268b836596abfd15ed75dab.jpg
2026-06-15,2026-06-15 02:44:45,27,BV1J9EB6xEAB,116732178007836,洗衣机演奏一首《起风了》，以此纪念我的高中生活,非凯J,演奏,演奏,59,120,2300874,2665,6145,164094,30052,25776,14930,1781191722,https://www.bilibili.com/video/BV1J9EB6xEAB,http://i2.hdslb.com/bfs/archive/77250422542f6a41e3699f4e608ea69cbd013bc1.jpg
2026-06-15,2026-06-15 02:44:45,28,BV11gEk63EF6,116734325496724,【鸣潮微电影】至今我仍深爱着你——坎特蕾拉,Glorious_青蓝紫,同人·手书,动画,47,440,671958,1357,2344,83043,37049,43708,6724,1781235000,https://www.bilibili.com/video/BV11gEk63EF6,http://i2.hdslb.com/bfs/archive/17b3688f6e270c3dc240514d8742f22d6a33615a.jpg
2026-06-15,2026-06-15 02:44:45,29,BV1yBE16UENN,116736607131264,⚡烂梗小孩就要这样制裁⚡,萝卜不会整活,鬼畜剧场,鬼畜剧场,216,84,2857903,1561,11466,184692,3202,24164,12872,1781259573,https://www.bilibili.com/video/BV1yBE16UENN,http://i0.hdslb.com/bfs/archive/6e3ba8f4ecd8a7ba023dab7af1bcd4a321ec3a8c.jpg
2026-06-15,2026-06-15 02:44:45,30,BV1rvEr6NEpF,116735046845023,新三国up锐评老三国02：没有对比就没有伤害,吃蛋挞的折棒,影视剪辑,影视,183,1503,1092804,22278,9679,82648,57080,15151,1802,1781316000,https://www.bilibili.com/video/BV1rvEr6NEpF,http://i0.hdslb.com/bfs/archive/063dff13e9298258dfac0de8388de77eec14759a.jpg
2026-06-15,2026-06-15 02:44:45,31,BV1tLJp6FEoP,116743368351213,我们成功了!核电站隐藏好结局-天下无核 测试服,六式zy,网络游戏,游戏,65,134,1913085,3995,5727,137830,7076,26902,10939,1781362821,https://www.bilibili.com/video/BV1tLJp6FEoP,http://i0.hdslb.com/bfs/archive/d9d4e0ffcf040c8032d6556ca23932dfc5b07500.jpg
2026-06-15,2026-06-15 02:44:45,32,BV1P3E96gEY7,116724946967930,最性价比的ROG全家桶,白菜家的AMD,数码,科技,95,263,1429865,2392,6789,145323,4253,39169,23860,1781082137,https://www.bilibili.com/video/BV1P3E96gEY7,http://i0.hdslb.com/bfs/archive/229e1b59ab4208272f6d3eedafd10a932c186047.jpg
2026-06-15,2026-06-15 02:44:45,33,BV1oQEe6gEFg,116730600884173,如何骗走CIA三百根金条,燕三嘤嘤嘤,人文历史,知识,228,1122,1770735,7574,4312,102371,23215,16253,2394,1781236200,https://www.bilibili.com/video/BV1oQEe6gEFg,http://i2.hdslb.com/bfs/archive/a1a0304a7c782538e474fc6c84ace95b3780968a.jpg
2026-06-15,2026-06-15 02:44:45,34,BV1sJEZ6nEjb,116726591198647,18岁｜替身使者，会相互吸引。jojo黑帮摇敬上！,悠哈酱Yo,宅舞,舞蹈,20,48,3656708,1488,6034,426436,29757,84764,10262,1781106772,https://www.bilibili.com/video/BV1sJEZ6nEjb,http://i0.hdslb.com/bfs/archive/b9799045e8e31d3e2632dee2755f381c7639ef20.jpg
2026-06-15,2026-06-15 02:44:45,35,BV1kwE165EJd,116736741480387,峰哥教大学生区分鹅腿鸭腿,峰哥亡命天涯,美食侦探,美食,212,327,2173191,6076,12701,105879,10418,11759,19660,1781261723,https://www.bilibili.com/video/BV1kwE165EJd,http://i0.hdslb.com/bfs/archive/15838c5454e36b8e42942f1c0d927a21b2fda9b9.jpg
2026-06-15,2026-06-15 02:44:45,36,BV1cLE96qEHo,116724963739894,评论区摄影大赛之视觉创意篇第二弹开启，欢迎投稿好的作品会让更多人看到。,摄影恩哥,日常,生活,21,165,2753055,610,5228,137047,1343,7278,338,1781256600,https://www.bilibili.com/video/BV1cLE96qEHo,http://i0.hdslb.com/bfs/archive/5afee256963bc3f2a894e13a036b37bd27752c1a.jpg
2026-06-15,2026-06-15 02:44:45,37,BV1eAEq6rExJ,116731506988938,为了这稀有的粉色螺珠，我在加勒比海与2米长大鲨鱼搏斗许久，差点就掉线了！,OK哥环球探海记,出行,生活,250,1463,8859888,10242,1940,203811,28288,160722,3593,1781233200,https://www.bilibili.com/video/BV1eAEq6rExJ,http://i0.hdslb.com/bfs/archive/9c69c1655eea63f4cb4b104dc83f5c17a163e18c.jpg
2026-06-15,2026-06-15 02:44:45,38,BV1nyEi69EoZ,116731708246773,建议口语平淡的都来试下这个练习,po老师英语版,校园学习,知识,208,102,1014371,124,769,142685,7260,58205,3197,1781184784,https://www.bilibili.com/video/BV1nyEi69EoZ,http://i2.hdslb.com/bfs/archive/948eb8b6496dc207f0fff1635f2da8d24e9b932e.jpg
2026-06-15,2026-06-15 02:44:45,39,BV1vBE26BEtK,116720652064255,我在mc用千万方块还原了『召唤师峡谷』！！,橘不扒皮,单机游戏,游戏,17,67,1921574,2800,5079,348876,144012,36600,7626,1781064000,https://www.bilibili.com/video/BV1vBE26BEtK,http://i2.hdslb.com/bfs/archive/90f11ea10b3d9aca78493af57d1b04da64673ef7.jpg
2026-06-15,2026-06-15 02:44:45,40,BV17nJ569EKk,116737479543698,幻想向：你永远是你妈生的,四夕小田木_,小剧场,娱乐,85,152,2128321,574,1934,128232,8290,13446,3821,1781309400,https://www.bilibili.com/video/BV17nJ569EKk,http://i0.hdslb.com/bfs/archive/5c4ea1eede14dca688cb8027f683eae89ac55511.jpg
2026-06-15,2026-06-15 02:44:45,41,BV1SMEv6bEcf,116730684775304,我去了趟韩国，怎么到处都是汉字啊？？,有山先生,人文历史,知识,228,1724,783179,8571,3684,88777,85175,24492,2272,1781254800,https://www.bilibili.com/video/BV1SMEv6bEcf,http://i2.hdslb.com/bfs/archive/17a38348dd3aa9f7b6892177f3a606baf847a81c.jpg
2026-06-15,2026-06-15 02:44:45,42,BV1toEq6eEwK,116730919656325,惊险！高速突现80斤铁架，河南籍司机果断出手25秒拖走，坦言：见过太多惨烈的交通事故，不及时拖走后果不堪设想,大象新闻,社会,社会,205,45,2391153,1930,8604,247058,9878,5993,1516,1781172662,https://www.bilibili.com/video/BV1toEq6eEwK,http://i1.hdslb.com/bfs/archive/26964e6083e44ae43adf74d3f357427199ad7642.jpg
2026-06-15,2026-06-15 02:44:45,43,BV1rCE16LEz9,116736556800563,动物园里有什么…（总感觉哪里不对,香菇早安,汪星人,汪星人,219,27,1756977,498,3019,185811,3674,26152,18045,1781258567,https://www.bilibili.com/video/BV1rCE16LEz9,http://i1.hdslb.com/bfs/archive/5726a2abfed40ea79d707446e6c9b9530cc7a84a.jpg
2026-06-15,2026-06-15 02:44:45,44,BV1S2Ey6sEYs,116736976361299,0%成功率的吉尼斯挑战（AI给出的结论）！,剑客范十三,运动综合,运动,238,216,1026000,5531,2502,117602,12291,8808,686,1781266817,https://www.bilibili.com/video/BV1S2Ey6sEYs,http://i0.hdslb.com/bfs/archive/b8c27821ea52fc39badab054fc41d2ae9e1cbc88.jpg
2026-06-15,2026-06-15 02:44:45,45,BV1ZoEB6pEZa,116732211501684,仅推荐给有趣的人,酸子阿,日常,生活,21,31,3856572,395,1908,186921,12299,14227,6399,1781260200,https://www.bilibili.com/video/BV1ZoEB6pEZa,http://i1.hdslb.com/bfs/archive/2e5bdef2ba9b4f0bb135aa086ccdac8e455c2c43.jpg
2026-06-15,2026-06-15 02:44:45,46,BV16KEi6SEnm,116729711757097,小猫一样的Sarah,第11个音符,颜值·网红舞,颜值·网红舞,255,17,1862315,167,982,217286,2833,23235,2243,1781154098,https://www.bilibili.com/video/BV16KEi6SEnm,http://i2.hdslb.com/bfs/archive/9fccc0ce062259a16d94f16b13d5dd496e4b73df.jpg
2026-06-15,2026-06-15 02:44:45,47,BV1hsE16bEY4,116736489821737,电到的人越多，医术越高明【 原神：元素战争 】,No_Tables,手机游戏,游戏,172,95,999465,967,2325,121035,24257,35416,5272,1781258400,https://www.bilibili.com/video/BV1hsE16bEY4,http://i1.hdslb.com/bfs/archive/21176541a8d945c32df9c3ed24bd8d060c5f9e29.jpg
2026-06-15,2026-06-15 02:44:45,48,BV1JKE16rErj,116736691082807,所以什么时候还我五块钱,香蕉猫的快乐生活,搞笑,娱乐,138,62,3137973,327,2000,193420,901,11082,696,1781260621,https://www.bilibili.com/video/BV1JKE16rErj,http://i2.hdslb.com/bfs/archive/c635a78ab9975fbe75dcd91d5ed1a15c7fd4a816.jpg
2026-06-15,2026-06-15 02:44:45,49,BV17TEC6AE3Z,116735919331481,我们做了个不一样的拐杖...,老师好我叫何同学,数码,科技,95,420,1100647,1665,1465,116255,65182,20196,1629,1781256600,https://www.bilibili.com/video/BV17TEC6AE3Z,http://i1.hdslb.com/bfs/archive/eba34b3f270343f2e9d00cfe39017bc85914227f.jpg
2026-06-15,2026-06-15 02:44:45,50,BV1awEG6NEgk,116715065187050,呃 你有点太重力了,hanser,综合,综合,27,229,801053,703,2166,78687,21014,35394,2705,1781255700,https://www.bilibili.com/video/BV1awEG6NEgk,http://i0.hdslb.com/bfs/archive/37e7fbf6e02be2c62ee40522828636f209a31350.jpg
2026-06-15,2026-06-15 02:44:45,51,BV14bE16dEZd,116736506594533,18禁的两头堵营销！,穆天然-,搞笑,娱乐,138,18,3008341,116,971,183680,666,11683,1069,1781258001,https://www.bilibili.com/video/BV14bE16dEZd,http://i0.hdslb.com/bfs/archive/ff004e443f3cc430e1334fb851ed3f8f24dc78e8.jpg
2026-06-15,2026-06-15 02:44:45,52,BV1fwEC6vEny,116735969591740,听到这个版本前我简直在乱唱,于梓贝的id,翻唱,音乐,31,21,624591,251,1561,161441,9012,41030,3179,1781249737,https://www.bilibili.com/video/BV1fwEC6vEny,http://i0.hdslb.com/bfs/archive/895d970762f54b6001d4d9f261e5bade73e8d6e8.jpg
2026-06-15,2026-06-15 02:44:45,53,BV1F4Ev67E6H,116730483513512,这猫…还能活吗,刘小鹿是小鹿6,喵星人,喵星人,218,193,751302,1157,1879,95466,46106,17132,3212,1781166018,https://www.bilibili.com/video/BV1F4Ev67E6H,http://i0.hdslb.com/bfs/archive/5736ae053cb46f1363c2d6654dd9a379a4bff276.jpg
2026-06-15,2026-06-15 02:44:45,54,BV1M3Ev6tEJc,116730315740748,带猫结婚vlog，海棠给我当伴郎,海棠_HaiTang-,出行,生活,250,493,542712,3951,1777,102105,41965,7508,1753,1781229600,https://www.bilibili.com/video/BV1M3Ev6tEJc,http://i0.hdslb.com/bfs/archive/ff49c5addb28c7d12b81e68aec178c47c85de1e3.jpg
2026-06-15,2026-06-15 02:44:45,55,BV17hJn63EvU,116742093278532,地牢酒馆-14集 《人鱼的配方与深海来客》,粘土工厂,单机游戏,游戏,17,223,574699,1332,1993,105179,19374,10803,1414,1781343177,https://www.bilibili.com/video/BV17hJn63EvU,http://i0.hdslb.com/bfs/archive/db96e1253e91db964081083f790a5aab56dd89e8.jpg
2026-06-15,2026-06-15 02:44:45,56,BV1T2Jj6yEgD,116740180674530,张杰谢娜两口子不要再闹了好吗？【爆笑演唱会名场面】,一只吐槽圆,娱乐杂谈,娱乐杂谈,241,551,2527695,28648,5612,77456,9971,12603,40809,1781314126,https://www.bilibili.com/video/BV1T2Jj6yEgD,http://i0.hdslb.com/bfs/archive/f77e79d34c13d35be78980aaec4d5e2002bdd26c.jpg
2026-06-15,2026-06-15 02:44:45,57,BV1JKE16rE4L,116736691084132,一个抽烟的女人，凭什么治愈了全球社畜？,天真无邪老Ty,综合,综合,27,532,808518,2434,5465,57601,14504,22358,4894,1781260722,https://www.bilibili.com/video/BV1JKE16rE4L,http://i0.hdslb.com/bfs/archive/9edfae6fd994cd6fde206e1e5f686314ea33276a.jpg
2026-06-15,2026-06-15 02:44:45,58,BV1aCEv6vE1z,116729963353713,全新爽搜图！新式免保！新式房卡！多结局解密！核电站它来了！「三角洲S9赛季」,Key725,网络游戏,游戏,65,664,4778648,2467,4626,151556,8935,102872,12165,1781158258,https://www.bilibili.com/video/BV1aCEv6vE1z,http://i0.hdslb.com/bfs/archive/fff65170b6ce508b349a641611efa9bc0063b599.jpg
2026-06-15,2026-06-15 02:44:45,59,BV1fYEz6ZEUF,116732077345009,正颌做反毁容｜一首祝福转盘舞送给我主刀,做梦都想回到术前,日常,生活,21,42,1095514,1189,3068,206185,29801,5874,1637,1781190401,https://www.bilibili.com/video/BV1fYEz6ZEUF,http://i0.hdslb.com/bfs/archive/a668c3e9e80f64518ca251c269f406f07f79c116.jpg
2026-06-15,2026-06-15 02:44:45,60,BV1v9ER68Ehn,116726037550411,当90后家长上门道歉,粤知一二,搞笑,娱乐,138,326,3230884,935,968,193116,4470,17224,3872,1781150400,https://www.bilibili.com/video/BV1v9ER68Ehn,http://i1.hdslb.com/bfs/archive/e85511614700f27bd0e2fcd34c7c665e61351380.jpg
2026-06-15,2026-06-15 02:44:45,61,BV14bER62EaC,116726305920283,什么叫做攻击物是罗辑？,图灵测试未及格,影视杂谈,影视,182,804,1495589,5925,3283,117580,18275,35936,12666,1781102185,https://www.bilibili.com/video/BV14bER62EaC,http://i2.hdslb.com/bfs/archive/0a7cf1dc9025f5432a4ef34a0dc7d792e9fb5cf4.jpg
2026-06-15,2026-06-15 02:44:45,62,BV1vEEi6rEHo,116729845979866,如德芙般丝滑的呼啦圈舞,不吃姜-Zzz,宅舞,舞蹈,20,21,2071594,90,964,146325,2550,49483,3018,1781156380,https://www.bilibili.com/video/BV1vEEi6rEHo,http://i0.hdslb.com/bfs/archive/af821f042f111dff731c0b63d7831ecdc7969bfa.jpg
2026-06-15,2026-06-15 02:44:45,63,BV1maE169Eng,116736406000961,SpaceX上市，背后在玩什么资本游戏?,小Lin说,财经商业,知识,207,1328,1321823,7236,5990,56518,19949,17435,9577,1781269200,https://www.bilibili.com/video/BV1maE169Eng,http://i0.hdslb.com/bfs/archive/ed63226a66dc05192f014e9d15343809d10c6342.jpg
2026-06-15,2026-06-15 02:44:45,64,BV1PBE16SE7W,116736607197706,拉屎这件小事！,一串大福,搞笑,娱乐,138,180,1415842,994,862,88738,2268,9759,737,1781259927,https://www.bilibili.com/video/BV1PBE16SE7W,http://i0.hdslb.com/bfs/archive/927740032b16e6a453e372233394b8f9193f9de7.jpg
2026-06-15,2026-06-15 02:44:45,65,BV1gXEq6MEjN,116730970117158,当你因为上学几年没玩手机,刘鸿哥哥,小剧场,娱乐,85,70,2730949,383,5134,188958,1366,8769,2110,1781173415,https://www.bilibili.com/video/BV1gXEq6MEjN,http://i2.hdslb.com/bfs/archive/524c4f95145f9987042b2c3aacd8daa259d00c13.jpg
2026-06-15,2026-06-15 02:44:45,66,BV157Ei6GELV,116729929795808,一枪秒杀？三角洲S10新赛季爆料！打头算马枪？,哈夫豆火箭兵,网络游戏,游戏,65,63,4136757,2455,4871,230315,2516,59035,45780,1781157687,https://www.bilibili.com/video/BV157Ei6GELV,http://i0.hdslb.com/bfs/archive/6d57fc21836a1ce8f052cdb1f6be0fef5a760cf6.jpg
2026-06-15,2026-06-15 02:44:45,67,BV1UzE765Ewm,116719964133557,还能再来一次吗…嘻嘻,小潮院长,搞笑,娱乐,138,2527,3368954,36341,5359,259155,124782,79155,4868,1781064000,https://www.bilibili.com/video/BV1UzE765Ewm,http://i2.hdslb.com/bfs/archive/085599ddfdef178bab136355914ff56026d92266.jpg
2026-06-15,2026-06-15 02:44:45,68,BV1R3EC6bEmr,116736070261635,《三角洲行动》新干员档案：加布里埃尔·默里尔—代号液氮,三角洲行动,GMV,GMV,121,153,1654143,2366,9940,84009,3098,26814,12627,1781251234,https://www.bilibili.com/video/BV1R3EC6bEmr,http://i2.hdslb.com/bfs/archive/3e83a08b1eb5aa3b0e70844621840123d0794e1b.jpg
2026-06-15,2026-06-15 02:44:45,69,BV1MzJ56rEky,116737278215918,“虽然是个无所谓的夜晚🚬”NIGHT DANCER,土埋了半截的人,MAD·AMV,MAD·AMV,24,87,1017712,604,2309,124047,14095,57543,3270,1781269870,https://www.bilibili.com/video/BV1MzJ56rEky,http://i2.hdslb.com/bfs/archive/a2e871a997f84226169f228a7314be1c9051e29e.jpg
2026-06-15,2026-06-15 02:44:45,70,BV1FAEi6DEiT,116729812618614,瑞斯拜考前50分系列 四六级必考词汇 26年新版,我是瑞斯拜,校园学习,知识,208,3112,1322072,33015,6151,53841,17434,60748,12529,1781155806,https://www.bilibili.com/video/BV1FAEi6DEiT,http://i0.hdslb.com/bfs/archive/7a738e32686f5231598afea4d598efd8410899fb.jpg
2026-06-15,2026-06-15 02:44:45,71,BV1xjJn6DEch,116742445597343,【干货】如何区分鹅腿和鸭腿？,闪电侠-flash,校园学习,知识,208,53,2184934,5019,5402,167952,1962,9755,5661,1781348560,https://www.bilibili.com/video/BV1xjJn6DEch,http://i2.hdslb.com/bfs/archive/cfc06208a7a01e856a69de77046bdc631112d432.jpg
2026-06-15,2026-06-15 02:44:45,72,BV1p7Ey65ELv,116735080399387,⚡ 下次再一起吧，山田小姐~⚡,学姐圆,MAD·AMV,MAD·AMV,24,109,756325,248,2158,110195,5867,22348,3008,1781236058,https://www.bilibili.com/video/BV1p7Ey65ELv,http://i1.hdslb.com/bfs/archive/5b0562a6e0a46f0e84fc91128c061c03adfbd8bd.jpg
2026-06-15,2026-06-15 02:44:45,73,BV1SGEq6eEAE,116731473302835,原来导演才是真正的跑男！,刘哔电影,影视杂谈,影视,182,1019,2504661,10554,4737,88243,23709,20683,5956,1781181041,https://www.bilibili.com/video/BV1SGEq6eEAE,http://i2.hdslb.com/bfs/archive/1883cda55dfc41d60d446d5670af8a5d56da8ea3.jpg
2026-06-15,2026-06-15 02:44:45,74,BV1ziJV69E6Z,116738234523085,你是说我小时候造了一个超大过山车和半个耶稣像？！？过山车？！,蚊子CuO,单机游戏,游戏,17,832,697022,3749,1898,74259,11456,15108,781,1781284427,https://www.bilibili.com/video/BV1ziJV69E6Z,http://i2.hdslb.com/bfs/archive/e4bfda38efbd4e390de425b77f6569dfd48c99db.jpg
2026-06-15,2026-06-15 02:44:45,75,BV1eqEv6zEsy,116730030458484,温 柔 的 洛 恩,鼎芸,同人·手书,动画,47,255,673134,610,1021,133634,18013,40775,5739,1781159833,https://www.bilibili.com/video/BV1eqEv6zEsy,http://i0.hdslb.com/bfs/archive/e8bc00ca4ab1f2019f1e32af218a9b7a182e2675.jpg
2026-06-15,2026-06-15 02:44:45,76,BV1VBJE6ZEFC,116741371855445,摇一摇,UU学弟,舞蹈综合,舞蹈综合,154,21,2270541,612,3555,145466,1115,15976,7337,1781332110,https://www.bilibili.com/video/BV1VBJE6ZEFC,http://i0.hdslb.com/bfs/archive/640d0854c716d8af90f305651a0cc8fe5d7cfc0f.jpg
2026-06-15,2026-06-15 02:44:45,77,BV1W4EE6GECF,116719444036187,【某幻】《盛世天下》再返深宫，活下来！,某幻君,影视剪辑,影视,183,54810,11168095,152126,12747,110565,66501,64357,16444,1780998850,https://www.bilibili.com/video/BV1W4EE6GECF,http://i2.hdslb.com/bfs/archive/f47d9615812e7adcf174b811036e3e4cddc602d0.jpg
2026-06-15,2026-06-15 02:44:45,78,BV1stE863Ekd,116709864315059,禁播的中国邪典行为艺术：肋骨做项圈、水泥活埋24小时、倒吊放血自残,捕月说,人文历史,知识,228,664,1674768,2492,1595,62158,1078,14613,2549,1781259000,https://www.bilibili.com/video/BV1stE863Ekd,http://i0.hdslb.com/bfs/archive/06fd457b1d7b9d7b3b8bbed3c20a75610328b693.jpg
2026-06-15,2026-06-15 02:44:45,79,BV185Js6BE4i,116744140097496,【i-dle】 'Crow' Official Music Video,i-dle_official,音乐综合,音乐,130,203,220179,12079,10848,37207,32204,13113,9476,1781442000,https://www.bilibili.com/video/BV185Js6BE4i,http://i0.hdslb.com/bfs/archive/27cbbd5112c850b931b2cfbf635e6dc8852dc99c.jpg
2026-06-15,2026-06-15 02:44:45,80,BV127Eq6cEVQ,116731154537963,净化班味,落客李,日常,生活,21,72,2408577,560,3665,158663,2576,11837,6698,1781176369,https://www.bilibili.com/video/BV127Eq6cEVQ,http://i2.hdslb.com/bfs/archive/ac82c79526dace057c747882bed701b72cd7a24a.jpg
2026-06-15,2026-06-15 02:44:45,81,BV1zmJJ66EGV,116740683990254,科学家终于发现，克隆技术的绝望真相！,李论科学,科学科普,知识,201,292,1196979,1214,2566,89409,1473,7058,919,1781321958,https://www.bilibili.com/video/BV1zmJJ66EGV,http://i0.hdslb.com/bfs/archive/6c575e5b70dce8a7fec3947e8783762bc485dce4.jpg
2026-06-15,2026-06-15 02:44:45,82,BV1xKE96CErp,116725265795009,景泰蓝,彭南科,手工,生活,161,644,816918,1353,792,86988,25191,10168,1235,1781182800,https://www.bilibili.com/video/BV1xKE96CErp,http://i2.hdslb.com/bfs/archive/9280f5b3ca2878e57e9bc2039d41452f7f6b5988.jpg
2026-06-15,2026-06-15 02:44:45,83,BV14DEy6QEUp,116737194399487,剑来！！！！！！,高斯Goh,综艺,综艺,71,1085,630642,6183,1837,58483,27022,15824,980,1781409600,https://www.bilibili.com/video/BV14DEy6QEUp,http://i0.hdslb.com/bfs/archive/1c29ec56cd5eb02b35d562829147bac0d0629e6b.jpg
2026-06-15,2026-06-15 02:44:45,84,BV1YsJH6AEtF,116741707666989,你的意思是说，你被一头猪创死了？,图图图酱吖,单机游戏,游戏,17,170,909927,408,745,67630,999,18704,2112,1781341737,https://www.bilibili.com/video/BV1YsJH6AEtF,http://i2.hdslb.com/bfs/archive/76db83f712d6f36cdad6e6325ef0aed57321f3da.jpg
2026-06-15,2026-06-15 02:44:45,85,BV1gyJE69ESo,116741036317460,华强买瓜，但是艺术家,快乐阿托,鬼畜剧场,鬼畜剧场,216,163,1265238,1301,1775,65070,11464,12933,5832,1781326907,https://www.bilibili.com/video/BV1gyJE69ESo,http://i2.hdslb.com/bfs/archive/d43398e3694827aaf3a7334c50f62ddf1ffaa831.jpg
2026-06-15,2026-06-15 02:44:45,86,BV1gNE26wEQP,116736389153115,“佐佐木先生怎么无精打采了” #在超市后门吞云吐雾的二人 #aigc #日剧推荐 #二创,蒜泥好次,影视剪辑,影视,183,133,1104771,354,1849,72047,9006,21970,6871,1781256219,https://www.bilibili.com/video/BV1gNE26wEQP,http://i1.hdslb.com/bfs/archive/3a27766b2bdba42295db4fac36848fe931846365.jpg
2026-06-15,2026-06-15 02:44:45,87,BV1GfEe6iE3x,116730718391604,在上海吃到了玫瑰腐乳肉，长江这一路的酸甜苦辣咸脆鲜香咱也尝遍了！,食贫道,日常,生活,21,3090,2002791,11844,2357,85390,58458,21261,5478,1781172032,https://www.bilibili.com/video/BV1GfEe6iE3x,http://i2.hdslb.com/bfs/archive/4a9c83dc2fe0b8e2f2b219b00fcb3d86f5886915.jpg
2026-06-15,2026-06-15 02:44:45,88,BV1nfJj6iErA,116740314957040,挑战给历史故事打tag（标签2）,混饭达人,娱乐杂谈,娱乐杂谈,241,92,1226130,2184,1276,125601,2491,12965,7378,1781316187,https://www.bilibili.com/video/BV1nfJj6iErA,http://i1.hdslb.com/bfs/archive/315cf3bf234f1af2314ceab7df7fa639bd143757.jpg
2026-06-15,2026-06-15 02:44:45,89,BV1vQEC6wE6u,116735432727948,美国女孩一口气速通全河北【世界纪录55:56小时】,KerryDowdle,日常,生活,21,1482,859916,4187,3235,49744,13836,17345,2812,1781254800,https://www.bilibili.com/video/BV1vQEC6wE6u,http://i0.hdslb.com/bfs/archive/2e3401d029d6fe8a2917e48b68b70cd847a94eed.jpg
2026-06-15,2026-06-15 02:44:45,90,BV1hrEy6ZEon,116736959519545,《😭如果良子说日语😭》,绫人太太啊,搞笑,娱乐,138,68,1361650,746,4642,126343,3999,13419,26026,1781264755,https://www.bilibili.com/video/BV1hrEy6ZEon,http://i0.hdslb.com/bfs/archive/566f1b3932b1eba571ede1c182f001b3dadcac28.jpg
2026-06-15,2026-06-15 02:44:45,91,BV1sdJE6jEhN,116741187371338,植物大战僵尸bgm实力排行,东方日出哇,特摄,动画,86,787,1883684,4537,2280,97926,5698,25342,1295,1781329262,https://www.bilibili.com/video/BV1sdJE6jEhN,http://i0.hdslb.com/bfs/archive/19de21f1f78395328e55a17f237e9df9d0079804.jpg
2026-06-15,2026-06-15 02:44:45,92,BV1h6Ey6bEZE,116737043399281,挑战 100元让爷爷和小姐姐们一起吃大餐,大森子哈哈哈,搞笑,娱乐,138,121,2658006,411,647,134399,4570,10210,386,1781267147,https://www.bilibili.com/video/BV1h6Ey6bEZE,http://i2.hdslb.com/bfs/archive/319f64ee88f974624e07d3086e73b98e73254fd3.jpg
2026-06-15,2026-06-15 02:44:45,93,BV1K8EC67EDk,116735600563464,用3000只生蚝做一道菜！最后真的不亏！,南翔,短片,动画,256,318,841123,1796,1684,74700,9619,7735,1043,1781254800,https://www.bilibili.com/video/BV1K8EC67EDk,http://i1.hdslb.com/bfs/archive/0b535c91058c6af6231b0b0d7ceca8e459b8e8d2.jpg
2026-06-15,2026-06-15 02:44:45,94,BV1SDEq6BEbD,116730986825594,【20分钟速通四六级】各个题型的得分攻略、抢分技巧（四级考前急救速通干货版）,英语老师晓艳,日常,生活,21,1428,571055,2008,7742,42047,9960,25403,11568,1781173744,https://www.bilibili.com/video/BV1SDEq6BEbD,http://i1.hdslb.com/bfs/archive/b66e57f53c3861331848b70f3368f7685e8ce90c.jpg
2026-06-15,2026-06-15 02:44:45,95,BV1zhEq6HEJr,116731271972781,一个跟头十万八千里,孤鹜AH,搞笑,娱乐,138,119,1267572,352,876,75399,1980,16383,5304,1781258400,https://www.bilibili.com/video/BV1zhEq6HEJr,http://i0.hdslb.com/bfs/archive/75b1949484ad137d6bb1fc3891e30d26f0128483.jpg
2026-06-15,2026-06-15 02:44:45,96,BV1oMEC6hE3i,116735902489110,高考之后我就这么猖,大禹先生--,搞笑,娱乐,138,101,2413362,142,552,101608,486,6518,1547,1781259000,https://www.bilibili.com/video/BV1oMEC6hE3i,http://i1.hdslb.com/bfs/archive/0cf477c23e4d4ec32c7feb8076926871dd5b7dff.jpg
2026-06-15,2026-06-15 02:44:45,97,BV1JWJE6MERP,116741338302009,【微电影】星河外卖员：悠哉，忙碌，还是伟大？,最后讲述者,鬼畜剧场,鬼畜剧场,216,319,772386,791,1004,55565,8875,12218,2222,1781331604,https://www.bilibili.com/video/BV1JWJE6MERP,http://i2.hdslb.com/bfs/archive/8c4c205c44b2d9f488f3a94d4a59334e83bcfead.jpg
2026-06-15,2026-06-15 02:44:45,98,BV1QpJJ6oEoT,116740952429638,母爱的回响让我深深的触动,迪士尼在逃黄狗coco,汪星人,汪星人,219,70,929968,326,772,114516,3411,19591,1097,1781325897,https://www.bilibili.com/video/BV1QpJJ6oEoT,http://i0.hdslb.com/bfs/archive/c7775460ae82d923a2db9c7489f1d2717d968827.jpg
2026-06-15,2026-06-15 02:44:45,99,BV1utJJ6sEjq,116740835051331,一个人一个包｜环游世界十二国｜地球最狂野的国家肯尼亚｜探索生命的禁区｜人类最原始的样子｜乞力马扎罗山｜,导演-罗杰,出行,生活,250,885,809249,2123,1590,62409,13016,7058,1199,1781324338,https://www.bilibili.com/video/BV1utJJ6sEjq,http://i0.hdslb.com/bfs/archive/54a6a04165dab3099b623cca5b9e5880948a13d8.jpg
2026-06-15,2026-06-15 02:44:45,100,BV1gtEB6VEfm,116732463156611,《明日方舟：终末地》版本情报 | 危机合约先导PV与「寻遗散记」更新,明日方舟终末地,手机游戏,游戏,172,141,1771660,9414,6357,82665,9193,9259,13986,1781233200,https://www.bilibili.com/video/BV1gtEB6VEfm,http://i2.hdslb.com/bfs/archive/38998ee99e8eeb364c8708db03cc59ff13977a38.jpg
2026-06-15,2026-06-15 04:41:02,1,BV1dNJL6XELa,116739207597022,《兔粮是你的谎言》,伤心欲茄222,搞笑,娱乐,138,105,6536038,1902,6499,414561,11987,28155,13709,1781323200,https://www.bilibili.com/video/BV1dNJL6XELa,http://i1.hdslb.com/bfs/archive/9a8ed432df0aa306afeff2f8010a26c276a6739d.jpg
2026-06-15,2026-06-15 04:41:02,2,BV16kEC6MEWL,116735734716938,新地图解锁！影视飓风的电竞房？,影视飓风,数码,科技,95,764,2575842,23779,33986,187939,130067,64369,15129,1781254800,https://www.bilibili.com/video/BV16kEC6MEWL,http://i0.hdslb.com/bfs/archive/dde17e588b2675e5c877e200a1fe04b7d6f6ef12.jpg
2026-06-15,2026-06-15 04:41:02,3,BV1aEE16YECM,116736825362515,墙那边根本就没有厕所！！,二三哥哥鸭,搞笑,娱乐,138,54,5480233,1674,8965,449122,13776,77779,47469,1781262796,https://www.bilibili.com/video/BV1aEE16YECM,http://i2.hdslb.com/bfs/archive/48e1cb9c9f1bbb3477c19823da428e734e84841c.jpg
2026-06-15,2026-06-15 04:41:02,4,BV1kFE161Evt,116736758257704,路边一块，经过雕刻，包你看了过目不忘！愿你成为自己的太阳，无需借谁的光,小梨家的和田玉,手工,生活,161,254,4098576,6706,12546,229646,13165,23434,7635,1781261629,https://www.bilibili.com/video/BV1kFE161Evt,http://i1.hdslb.com/bfs/archive/e136f92e20badb075eeddee4d31e6f12ff95b1c4.jpg
2026-06-15,2026-06-15 04:41:02,5,BV1VbJ56EEm6,116737731200556,《少年》-《下一个是谁7》主题曲,雨哥到处跑,日常,生活,21,214,882398,10493,7615,144429,147177,43985,9539,1781344800,https://www.bilibili.com/video/BV1VbJ56EEm6,http://i1.hdslb.com/bfs/archive/cfd71a09139489ecac6f57d54cd8753f5611e987.jpg
2026-06-15,2026-06-15 04:41:02,6,BV1uHEC6XEEu,116735684445746,无法预测！命运的最后抽卡！【水无月菌】,水无月菌,桌游棋牌,桌游棋牌,173,792,1878546,10666,5568,167919,116619,35379,16103,1781263800,https://www.bilibili.com/video/BV1uHEC6XEEu,http://i0.hdslb.com/bfs/archive/b17ce44c7e7e351f0e72f059450c8a637bd50b67.jpg
2026-06-15,2026-06-15 04:41:02,7,BV1tUEY6WE3t,116729409706038,《青春期恐龙幻想物语》,客岭苹果,日常,生活,21,307,2905751,962,2569,215592,22057,30688,5543,1781247600,https://www.bilibili.com/video/BV1tUEY6WE3t,http://i0.hdslb.com/bfs/archive/8341ec6136e31dbcff0bf1c3fd856a290761647d.jpg
2026-06-15,2026-06-15 04:41:02,8,BV19sJH6NE2H,116741707601636,看一看早餐的质量怎么样#早餐#食品安全,陈大成bill,美食记录,美食,215,306,3602218,1172,2752,180714,15690,34761,6623,1781352000,https://www.bilibili.com/video/BV19sJH6NE2H,http://i0.hdslb.com/bfs/archive/583ad17b29d55a6f06c98eb251ec63dd9dfe7823.jpg
2026-06-15,2026-06-15 04:41:02,9,BV1xfEq6AEWd,116730902874019,有什么比精神小妹爱上纯情男大的故事更狗血,马哥巨离谱,搞笑,娱乐,138,490,5015550,7439,8445,196954,67655,28388,11231,1781172690,https://www.bilibili.com/video/BV1xfEq6AEWd,http://i1.hdslb.com/bfs/archive/100cd065a4f0f62b6980cc2c06947eff9d51b1bd.jpg
2026-06-15,2026-06-15 04:41:02,10,BV1MrJ56gE5T,116737328546232,不是 我咋上高三了,名字即是无,日常,生活,21,64,3459376,8040,6239,335396,12414,57221,8152,1781270488,https://www.bilibili.com/video/BV1MrJ56gE5T,http://i2.hdslb.com/bfs/archive/05d045b23e87b5eda586511013238b1804764dfc.jpg
2026-06-15,2026-06-15 04:41:02,11,BV1uWEe68E3e,116728688283040,别叫霞姐叫“侠姐”,卖萝卜乐,短片,动画,256,415,1462935,652,2370,194511,42116,26524,4660,1781167800,https://www.bilibili.com/video/BV1uWEe68E3e,http://i2.hdslb.com/bfs/archive/3e73c709a2d7a4de3bebdcd61b74c41cbfa788c7.jpg
2026-06-15,2026-06-15 04:41:02,12,BV1KkEK6CELv,116712112397979,星际超级荒诞动画喜剧！《外星小偷里贝》第03话：上岸星球【UP动画】,梦游牛油果官方频道,小剧场,娱乐,85,828,5215966,3834,7224,242438,45052,71397,22387,1781172001,https://www.bilibili.com/video/BV1KkEK6CELv,http://i2.hdslb.com/bfs/archive/bf2234cfac7b170ad622d34b94e81a6ca8687ce9.jpg
2026-06-15,2026-06-15 04:41:02,13,BV18VED63EBi,116722866586138,认为自己旅游运差时可以看看我.,风景旅行收藏家,日常,生活,21,163,4699891,3884,10520,623656,30221,243109,18496,1781064000,https://www.bilibili.com/video/BV18VED63EBi,http://i0.hdslb.com/bfs/archive/45526dcb51d3f4a21d85270926d87f0374679047.jpg
2026-06-15,2026-06-15 04:41:02,14,BV11GEv6dEvW,116730298895024,《弧光猎人》弧光测试PV&国服事件预告｜星火燎原,弧光猎人_ARCRaiders,单机游戏,游戏,17,175,6519617,2739,5702,89370,45532,50527,9649,1781229600,https://www.bilibili.com/video/BV11GEv6dEvW,http://i0.hdslb.com/bfs/archive/a8c4284d82a7291fb37cad37789d97562b629eed.jpg
2026-06-15,2026-06-15 04:41:02,15,BV17GEi61EZK,116729913021505,循环歌单|【illusion】|“【静步の小曲】”,蛋某人音乐,乐评盘点,音乐,243,3065,2869414,404,1185,187772,2043,58950,890,1781222400,https://www.bilibili.com/video/BV17GEi61EZK,http://i1.hdslb.com/bfs/archive/a058cfdea8b92c0c38b5ab261cca0011c6cfdbd7.jpg
2026-06-15,2026-06-15 04:41:02,16,BV1otE96tE36,116725097960466,懒人为了“顺手”俩字，到底能做多少收纳？,海边二狗哥,家居房产,家居房产,239,580,3276046,3746,6027,182794,17536,86850,19430,1781083688,https://www.bilibili.com/video/BV1otE96tE36,http://i0.hdslb.com/bfs/archive/78553b00560ed356b43f06f4c094db857587023c.jpg
2026-06-15,2026-06-15 04:41:02,17,BV17YEv6VEUx,116730416469936,动态视频｜吸进身体的二手烟，到底有多脏？,亿点点不一样,科学科普,知识,201,147,2171345,2039,9734,270409,44918,38591,35040,1781168400,https://www.bilibili.com/video/BV17YEv6VEUx,http://i0.hdslb.com/bfs/archive/aad0b8823127354b6857ac449fe2ff4268b2b832.jpg
2026-06-15,2026-06-15 04:41:02,18,BV1K3EZ6dEZz,116726876342805,一百万只马达加斯加企鹅能否战胜一拳超人？,Toaster_ok,单机游戏,游戏,17,62,4731892,1725,8199,311037,3621,40260,20176,1781111385,https://www.bilibili.com/video/BV1K3EZ6dEZz,http://i2.hdslb.com/bfs/archive/4e5b8ebcb64d6ed31988f9c35168982aa24477ff.jpg
2026-06-15,2026-06-15 04:41:02,19,BV1t2EY6REu4,116729359370195,“有些鸟儿注定是关不住的”【I dont want to play around】【魔丸之卵の小曲】,早睡起大王,音乐综合,音乐,130,253,1922330,9869,4426,195844,3290,39867,9375,1781150400,https://www.bilibili.com/video/BV1t2EY6REu4,http://i1.hdslb.com/bfs/archive/650366b932bf4bf768b90d2763c3d956b8b65559.jpg
2026-06-15,2026-06-15 04:41:02,20,BV1jCJs6UE9S,116743888442795,美国“杰斐逊州”在哪里？【神奇组织51】,小约翰可汗,人文历史,知识,228,2465,1383675,11424,3985,103324,40787,27882,2062,1781406000,https://www.bilibili.com/video/BV1jCJs6UE9S,http://i0.hdslb.com/bfs/archive/74bddc7cf649e2ae7268b836596abfd15ed75dab.jpg
2026-06-15,2026-06-15 04:41:02,21,BV1UtE16xESZ,116736523246103,爸爸打死妈妈时，她就在旁边 ...,法内狂徒高法师,社科·法律·心理,知识,124,167,826511,1576,3017,201222,94385,14543,1599,1781258087,https://www.bilibili.com/video/BV1UtE16xESZ,http://i1.hdslb.com/bfs/archive/a3875b7e4f11b69522f7e675a14b149155e13374.jpg
2026-06-15,2026-06-15 04:41:02,22,BV1HgE66YE6i,116733553674038,时间刚刚好,不是唐嘉琦,日常,生活,21,30,2863854,1097,2763,363624,10763,31688,4170,1781212830,https://www.bilibili.com/video/BV1HgE66YE6i,http://i2.hdslb.com/bfs/archive/8d7715367c3081e36d93407824ed51ff0da29863.jpg
2026-06-15,2026-06-15 04:41:02,23,BV1nAE16CEBQ,116736791746687,带良子吃和平饭店，竟然花了xxxx!?,汤姆的混乱空间,搞笑,娱乐,138,521,2321473,6655,6550,145363,19826,12899,14770,1781262815,https://www.bilibili.com/video/BV1nAE16CEBQ,http://i1.hdslb.com/bfs/archive/bfc6076d0f650a20323d569169cc0aaa649a5b12.jpg
2026-06-15,2026-06-15 04:41:02,24,BV17WEk6aEiC,116734509981119,早安瑪莉,MountainHan-山含,综合,综合,27,31,1069539,239,3702,221408,14735,79390,17453,1781228100,https://www.bilibili.com/video/BV17WEk6aEiC,http://i1.hdslb.com/bfs/archive/686869adddff73e384d028f599f59a3a5e74e032.jpg
2026-06-15,2026-06-15 04:41:02,25,BV1iyJV6EEao,116738150636498,我找东西be like,老番茄,单机游戏,游戏,17,1331,1660732,5056,1487,140152,36342,28718,2361,1781321700,https://www.bilibili.com/video/BV1iyJV6EEao,http://i0.hdslb.com/bfs/archive/3f5eaaafe18db626804778a2b5f1fc6c86f69d7b.jpg
2026-06-15,2026-06-15 04:41:02,26,BV1FzEr6YExJ,116734929474758,《绝区零》维琳娜角色展示 | 茶会一如既往,绝区零,手机游戏,游戏,172,560,1367327,4271,6435,105942,40201,22043,13771,1781236800,https://www.bilibili.com/video/BV1FzEr6YExJ,http://i2.hdslb.com/bfs/archive/8ec631834f8834321e589d503dc5598aacdfd55c.jpg
2026-06-15,2026-06-15 04:41:02,27,BV1J9EB6xEAB,116732178007836,洗衣机演奏一首《起风了》，以此纪念我的高中生活,非凯J,演奏,演奏,59,120,2326368,2679,6194,165415,30404,26112,15033,1781191722,https://www.bilibili.com/video/BV1J9EB6xEAB,http://i2.hdslb.com/bfs/archive/77250422542f6a41e3699f4e608ea69cbd013bc1.jpg
2026-06-15,2026-06-15 04:41:02,28,BV11gEk63EF6,116734325496724,【鸣潮微电影】至今我仍深爱着你——坎特蕾拉,Glorious_青蓝紫,同人·手书,动画,47,440,672434,1359,2344,83104,37087,43742,6728,1781235000,https://www.bilibili.com/video/BV11gEk63EF6,http://i2.hdslb.com/bfs/archive/17b3688f6e270c3dc240514d8742f22d6a33615a.jpg
2026-06-15,2026-06-15 04:41:02,29,BV1yBE16UENN,116736607131264,⚡烂梗小孩就要这样制裁⚡,萝卜不会整活,鬼畜剧场,鬼畜剧场,216,84,2867600,1565,11494,185348,3216,24248,12904,1781259573,https://www.bilibili.com/video/BV1yBE16UENN,http://i0.hdslb.com/bfs/archive/6e3ba8f4ecd8a7ba023dab7af1bcd4a321ec3a8c.jpg
2026-06-15,2026-06-15 04:41:02,30,BV1rvEr6NEpF,116735046845023,新三国up锐评老三国02：没有对比就没有伤害,吃蛋挞的折棒,影视剪辑,影视,183,1503,1097773,22343,9715,82868,57200,15193,1806,1781316000,https://www.bilibili.com/video/BV1rvEr6NEpF,http://i0.hdslb.com/bfs/archive/063dff13e9298258dfac0de8388de77eec14759a.jpg
2026-06-15,2026-06-15 04:41:02,31,BV1tLJp6FEoP,116743368351213,我们成功了!核电站隐藏好结局-天下无核 测试服,六式zy,网络游戏,游戏,65,134,1929082,4029,5751,138874,7118,27061,11000,1781362821,https://www.bilibili.com/video/BV1tLJp6FEoP,http://i0.hdslb.com/bfs/archive/d9d4e0ffcf040c8032d6556ca23932dfc5b07500.jpg
2026-06-15,2026-06-15 04:41:02,32,BV1oQEe6gEFg,116730600884173,如何骗走CIA三百根金条,燕三嘤嘤嘤,人文历史,知识,228,1122,1776273,7584,4320,102542,23254,16305,2398,1781236200,https://www.bilibili.com/video/BV1oQEe6gEFg,http://i2.hdslb.com/bfs/archive/a1a0304a7c782538e474fc6c84ace95b3780968a.jpg
2026-06-15,2026-06-15 04:41:02,33,BV1kwE165EJd,116736741480387,峰哥教大学生区分鹅腿鸭腿,峰哥亡命天涯,美食侦探,美食,212,327,2181629,6098,12751,106360,10498,11831,19724,1781261723,https://www.bilibili.com/video/BV1kwE165EJd,http://i0.hdslb.com/bfs/archive/15838c5454e36b8e42942f1c0d927a21b2fda9b9.jpg
2026-06-15,2026-06-15 04:41:02,34,BV1sJEZ6nEjb,116726591198647,18岁｜替身使者，会相互吸引。jojo黑帮摇敬上！,悠哈酱Yo,宅舞,舞蹈,20,48,3660800,1490,6056,427012,29823,84909,10280,1781106772,https://www.bilibili.com/video/BV1sJEZ6nEjb,http://i0.hdslb.com/bfs/archive/b9799045e8e31d3e2632dee2755f381c7639ef20.jpg
2026-06-15,2026-06-15 04:41:02,35,BV1P3E96gEY7,116724946967930,最性价比的ROG全家桶,白菜家的AMD,数码,科技,95,263,1430660,2393,6798,145405,4253,39184,23867,1781082137,https://www.bilibili.com/video/BV1P3E96gEY7,http://i0.hdslb.com/bfs/archive/229e1b59ab4208272f6d3eedafd10a932c186047.jpg
2026-06-15,2026-06-15 04:41:02,36,BV1cLE96qEHo,116724963739894,评论区摄影大赛之视觉创意篇第二弹开启，欢迎投稿好的作品会让更多人看到。,摄影恩哥,日常,生活,21,165,2755699,610,5228,137186,1348,7285,338,1781256600,https://www.bilibili.com/video/BV1cLE96qEHo,http://i0.hdslb.com/bfs/archive/5afee256963bc3f2a894e13a036b37bd27752c1a.jpg
2026-06-15,2026-06-15 04:41:02,37,BV1eAEq6rExJ,116731506988938,为了这稀有的粉色螺珠，我在加勒比海与2米长大鲨鱼搏斗许久，差点就掉线了！,OK哥环球探海记,出行,生活,250,1463,8863807,10257,1946,203970,28346,160758,3603,1781233200,https://www.bilibili.com/video/BV1eAEq6rExJ,http://i0.hdslb.com/bfs/archive/9c69c1655eea63f4cb4b104dc83f5c17a163e18c.jpg
2026-06-15,2026-06-15 04:41:02,38,BV1nyEi69EoZ,116731708246773,建议口语平淡的都来试下这个练习,po老师英语版,校园学习,知识,208,102,1021198,124,778,144055,7344,58743,3222,1781184784,https://www.bilibili.com/video/BV1nyEi69EoZ,http://i2.hdslb.com/bfs/archive/948eb8b6496dc207f0fff1635f2da8d24e9b932e.jpg
2026-06-15,2026-06-15 04:41:02,39,BV17nJ569EKk,116737479543698,幻想向：你永远是你妈生的,四夕小田木_,小剧场,娱乐,85,152,2136081,574,1951,128957,8418,13537,3885,1781309400,https://www.bilibili.com/video/BV17nJ569EKk,http://i0.hdslb.com/bfs/archive/5c4ea1eede14dca688cb8027f683eae89ac55511.jpg
2026-06-15,2026-06-15 04:41:02,40,BV1SMEv6bEcf,116730684775304,我去了趟韩国，怎么到处都是汉字啊？？,有山先生,人文历史,知识,228,1724,784910,8593,3701,88956,85351,24554,2279,1781254800,https://www.bilibili.com/video/BV1SMEv6bEcf,http://i2.hdslb.com/bfs/archive/17a38348dd3aa9f7b6892177f3a606baf847a81c.jpg
2026-06-15,2026-06-15 04:41:02,41,BV1rCE16LEz9,116736556800563,动物园里有什么…（总感觉哪里不对,香菇早安,汪星人,汪星人,219,27,1758630,498,3023,186053,3680,26207,18054,1781258567,https://www.bilibili.com/video/BV1rCE16LEz9,http://i1.hdslb.com/bfs/archive/5726a2abfed40ea79d707446e6c9b9530cc7a84a.jpg
2026-06-15,2026-06-15 04:41:02,42,BV1XLEC6dEoU,116736019929002,桃农发视频求助防虫办法，不料评论区被“爬虫佬”攻占，桃农：跟我说卖虫子比卖桃赚钱，只用五天就办理了营业执照，好桃正常卖 坏果用来饲养甲虫,大象新闻,社会,社会,205,23,4338387,168,4062,193917,1468,7467,1667,1781250587,https://www.bilibili.com/video/BV1XLEC6dEoU,http://i1.hdslb.com/bfs/archive/d98affe57c01282ef725a9536b60c79d8e84d6d3.jpg
2026-06-15,2026-06-15 04:41:02,43,BV1S2Ey6sEYs,116736976361299,0%成功率的吉尼斯挑战（AI给出的结论）！,剑客范十三,运动综合,运动,238,216,1027984,5538,2519,117871,12328,8826,689,1781266817,https://www.bilibili.com/video/BV1S2Ey6sEYs,http://i0.hdslb.com/bfs/archive/b8c27821ea52fc39badab054fc41d2ae9e1cbc88.jpg
2026-06-15,2026-06-15 04:41:02,44,BV1ZoEB6pEZa,116732211501684,仅推荐给有趣的人,酸子阿,日常,生活,21,31,3863220,396,1915,187243,12312,14255,6408,1781260200,https://www.bilibili.com/video/BV1ZoEB6pEZa,http://i1.hdslb.com/bfs/archive/2e5bdef2ba9b4f0bb135aa086ccdac8e455c2c43.jpg
2026-06-15,2026-06-15 04:41:02,45,BV1vBE26BEtK,116720652064255,我在mc用千万方块还原了『召唤师峡谷』！！,橘不扒皮,单机游戏,游戏,17,67,1924518,2811,5094,349414,144262,36673,7636,1781064000,https://www.bilibili.com/video/BV1vBE26BEtK,http://i2.hdslb.com/bfs/archive/90f11ea10b3d9aca78493af57d1b04da64673ef7.jpg
2026-06-15,2026-06-15 04:41:02,46,BV1hsE16bEY4,116736489821737,电到的人越多，医术越高明【 原神：元素战争 】,No_Tables,手机游戏,游戏,172,95,1004417,969,2330,121427,24343,35529,5281,1781258400,https://www.bilibili.com/video/BV1hsE16bEY4,http://i1.hdslb.com/bfs/archive/21176541a8d945c32df9c3ed24bd8d060c5f9e29.jpg
2026-06-15,2026-06-15 04:41:02,47,BV1JKE16rErj,116736691082807,所以什么时候还我五块钱,香蕉猫的快乐生活,搞笑,娱乐,138,62,3152891,327,2010,194211,913,11138,697,1781260621,https://www.bilibili.com/video/BV1JKE16rErj,http://i2.hdslb.com/bfs/archive/c635a78ab9975fbe75dcd91d5ed1a15c7fd4a816.jpg
2026-06-15,2026-06-15 04:41:02,48,BV17TEC6AE3Z,116735919331481,我们做了个不一样的拐杖...,老师好我叫何同学,数码,科技,95,420,1102029,1666,1466,116426,65292,20221,1630,1781256600,https://www.bilibili.com/video/BV17TEC6AE3Z,http://i1.hdslb.com/bfs/archive/eba34b3f270343f2e9d00cfe39017bc85914227f.jpg
2026-06-15,2026-06-15 04:41:02,49,BV1awEG6NEgk,116715065187050,呃 你有点太重力了,hanser,综合,综合,27,229,806654,705,2174,79014,21078,35527,2714,1781255700,https://www.bilibili.com/video/BV1awEG6NEgk,http://i0.hdslb.com/bfs/archive/37e7fbf6e02be2c62ee40522828636f209a31350.jpg
2026-06-15,2026-06-15 04:41:02,50,BV16KEi6SEnm,116729711757097,小猫一样的Sarah,第11个音符,颜值·网红舞,颜值·网红舞,255,17,1864810,167,981,217621,2833,23270,2245,1781154098,https://www.bilibili.com/video/BV16KEi6SEnm,http://i2.hdslb.com/bfs/archive/9fccc0ce062259a16d94f16b13d5dd496e4b73df.jpg
2026-06-15,2026-06-15 04:41:02,51,BV14bE16dEZd,116736506594533,18禁的两头堵营销！,穆天然-,搞笑,娱乐,138,18,3022796,116,975,184309,668,11716,1071,1781258001,https://www.bilibili.com/video/BV14bE16dEZd,http://i0.hdslb.com/bfs/archive/ff004e443f3cc430e1334fb851ed3f8f24dc78e8.jpg
2026-06-15,2026-06-15 04:41:02,52,BV1fwEC6vEny,116735969591740,听到这个版本前我简直在乱唱,于梓贝的id,翻唱,音乐,31,21,629020,251,1567,162479,9072,41335,3193,1781249737,https://www.bilibili.com/video/BV1fwEC6vEny,http://i0.hdslb.com/bfs/archive/895d970762f54b6001d4d9f261e5bade73e8d6e8.jpg
2026-06-15,2026-06-15 04:41:02,53,BV17hJn63EvU,116742093278532,地牢酒馆-14集 《人鱼的配方与深海来客》,粘土工厂,单机游戏,游戏,17,223,577839,1334,2000,105670,19479,10839,1419,1781343177,https://www.bilibili.com/video/BV17hJn63EvU,http://i0.hdslb.com/bfs/archive/db96e1253e91db964081083f790a5aab56dd89e8.jpg
2026-06-15,2026-06-15 04:41:02,54,BV1F4Ev67E6H,116730483513512,这猫…还能活吗,刘小鹿是小鹿6,喵星人,喵星人,218,193,752047,1157,1880,95572,46154,17141,3219,1781166018,https://www.bilibili.com/video/BV1F4Ev67E6H,http://i0.hdslb.com/bfs/archive/5736ae053cb46f1363c2d6654dd9a379a4bff276.jpg
2026-06-15,2026-06-15 04:41:02,55,BV1M3Ev6tEJc,116730315740748,带猫结婚vlog，海棠给我当伴郎,海棠_HaiTang-,出行,生活,250,493,543034,3952,1780,102169,41997,7513,1753,1781229600,https://www.bilibili.com/video/BV1M3Ev6tEJc,http://i0.hdslb.com/bfs/archive/ff49c5addb28c7d12b81e68aec178c47c85de1e3.jpg
2026-06-15,2026-06-15 04:41:02,56,BV1T2Jj6yEgD,116740180674530,张杰谢娜两口子不要再闹了好吗？【爆笑演唱会名场面】,一只吐槽圆,娱乐杂谈,娱乐杂谈,241,551,2545118,28838,5662,78048,10057,12747,40938,1781314126,https://www.bilibili.com/video/BV1T2Jj6yEgD,http://i0.hdslb.com/bfs/archive/f77e79d34c13d35be78980aaec4d5e2002bdd26c.jpg
2026-06-15,2026-06-15 04:41:02,57,BV1JKE16rE4L,116736691084132,一个抽烟的女人，凭什么治愈了全球社畜？,天真无邪老Ty,综合,综合,27,532,814184,2443,5536,57931,14613,22508,4917,1781260722,https://www.bilibili.com/video/BV1JKE16rE4L,http://i0.hdslb.com/bfs/archive/9edfae6fd994cd6fde206e1e5f686314ea33276a.jpg
2026-06-15,2026-06-15 04:41:02,58,BV1fYEz6ZEUF,116732077345009,正颌做反毁容｜一首祝福转盘舞送给我主刀,做梦都想回到术前,日常,生活,21,42,1097309,1194,3070,206669,29901,5890,1639,1781190401,https://www.bilibili.com/video/BV1fYEz6ZEUF,http://i0.hdslb.com/bfs/archive/a668c3e9e80f64518ca251c269f406f07f79c116.jpg
2026-06-15,2026-06-15 04:41:02,59,BV1maE169Eng,116736406000961,SpaceX上市，背后在玩什么资本游戏?,小Lin说,财经商业,知识,207,1328,1324490,7248,6012,56612,19982,17453,9588,1781269200,https://www.bilibili.com/video/BV1maE169Eng,http://i0.hdslb.com/bfs/archive/ed63226a66dc05192f014e9d15343809d10c6342.jpg
2026-06-15,2026-06-15 04:41:02,60,BV1aCEv6vE1z,116729963353713,全新爽搜图！新式免保！新式房卡！多结局解密！核电站它来了！「三角洲S9赛季」,Key725,网络游戏,游戏,65,664,4781963,2468,4627,151623,8938,102890,12167,1781158258,https://www.bilibili.com/video/BV1aCEv6vE1z,http://i0.hdslb.com/bfs/archive/fff65170b6ce508b349a641611efa9bc0063b599.jpg
2026-06-15,2026-06-15 04:41:02,61,BV1PBE16SE7W,116736607197706,拉屎这件小事！,一串大福,搞笑,娱乐,138,180,1416582,994,862,88812,2270,9767,737,1781259927,https://www.bilibili.com/video/BV1PBE16SE7W,http://i0.hdslb.com/bfs/archive/927740032b16e6a453e372233394b8f9193f9de7.jpg
2026-06-15,2026-06-15 04:41:02,62,BV1MzJ56rEky,116737278215918,“虽然是个无所谓的夜晚🚬”NIGHT DANCER,土埋了半截的人,MAD·AMV,MAD·AMV,24,87,1023383,605,2334,124614,14203,57794,3291,1781269870,https://www.bilibili.com/video/BV1MzJ56rEky,http://i2.hdslb.com/bfs/archive/a2e871a997f84226169f228a7314be1c9051e29e.jpg
2026-06-15,2026-06-15 04:41:02,63,BV1R3EC6bEmr,116736070261635,《三角洲行动》新干员档案：加布里埃尔·默里尔—代号液氮,三角洲行动,GMV,GMV,121,153,1656367,2372,9980,84091,3098,26824,12631,1781251234,https://www.bilibili.com/video/BV1R3EC6bEmr,http://i2.hdslb.com/bfs/archive/3e83a08b1eb5aa3b0e70844621840123d0794e1b.jpg
2026-06-15,2026-06-15 04:41:02,64,BV1v9ER68Ehn,116726037550411,当90后家长上门道歉,粤知一二,搞笑,娱乐,138,326,3233234,935,973,193265,4472,17235,3872,1781150400,https://www.bilibili.com/video/BV1v9ER68Ehn,http://i1.hdslb.com/bfs/archive/e85511614700f27bd0e2fcd34c7c665e61351380.jpg
2026-06-15,2026-06-15 04:41:02,65,BV1xjJn6DEch,116742445597343,【干货】如何区分鹅腿和鸭腿？,闪电侠-flash,校园学习,知识,208,53,2191606,5043,5454,168544,1974,9806,5670,1781348560,https://www.bilibili.com/video/BV1xjJn6DEch,http://i2.hdslb.com/bfs/archive/cfc06208a7a01e856a69de77046bdc631112d432.jpg
2026-06-15,2026-06-15 04:41:02,66,BV14bER62EaC,116726305920283,什么叫做攻击物是罗辑？,图灵测试未及格,影视杂谈,影视,182,804,1498663,5942,3283,117662,18304,35988,12679,1781102185,https://www.bilibili.com/video/BV14bER62EaC,http://i2.hdslb.com/bfs/archive/0a7cf1dc9025f5432a4ef34a0dc7d792e9fb5cf4.jpg
2026-06-15,2026-06-15 04:41:02,67,BV1p7Ey65ELv,116735080399387,⚡ 下次再一起吧，山田小姐~⚡,学姐圆,MAD·AMV,MAD·AMV,24,109,757810,248,2173,110353,5874,22377,3012,1781236058,https://www.bilibili.com/video/BV1p7Ey65ELv,http://i1.hdslb.com/bfs/archive/5b0562a6e0a46f0e84fc91128c061c03adfbd8bd.jpg
2026-06-15,2026-06-15 04:41:02,68,BV1gXEq6MEjN,116730970117158,当你因为上学几年没玩手机,刘鸿哥哥,小剧场,娱乐,85,70,2734619,383,5136,189212,1370,8787,2111,1781173415,https://www.bilibili.com/video/BV1gXEq6MEjN,http://i2.hdslb.com/bfs/archive/524c4f95145f9987042b2c3aacd8daa259d00c13.jpg
2026-06-15,2026-06-15 04:41:02,69,BV1ziJV69E6Z,116738234523085,你是说我小时候造了一个超大过山车和半个耶稣像？！？过山车？！,蚊子CuO,单机游戏,游戏,17,832,701207,3758,1920,74884,11592,15232,794,1781284427,https://www.bilibili.com/video/BV1ziJV69E6Z,http://i2.hdslb.com/bfs/archive/e4bfda38efbd4e390de425b77f6569dfd48c99db.jpg
2026-06-15,2026-06-15 04:41:02,70,BV185Js6BE4i,116744140097496,【i-dle】 'Crow' Official Music Video,i-dle_official,音乐综合,音乐,130,203,233319,12255,10998,38316,32827,13421,9584,1781442000,https://www.bilibili.com/video/BV185Js6BE4i,http://i0.hdslb.com/bfs/archive/27cbbd5112c850b931b2cfbf635e6dc8852dc99c.jpg
2026-06-15,2026-06-15 04:41:02,71,BV1vEEi6rEHo,116729845979866,如德芙般丝滑的呼啦圈舞,不吃姜-Zzz,宅舞,舞蹈,20,21,2084603,90,970,147014,2567,49712,3033,1781156380,https://www.bilibili.com/video/BV1vEEi6rEHo,http://i0.hdslb.com/bfs/archive/af821f042f111dff731c0b63d7831ecdc7969bfa.jpg
2026-06-15,2026-06-15 04:41:02,72,BV1stE863Ekd,116709864315059,禁播的中国邪典行为艺术：肋骨做项圈、水泥活埋24小时、倒吊放血自残,捕月说,人文历史,知识,228,664,1688617,2512,1617,62684,1093,14794,2576,1781259000,https://www.bilibili.com/video/BV1stE863Ekd,http://i0.hdslb.com/bfs/archive/06fd457b1d7b9d7b3b8bbed3c20a75610328b693.jpg
2026-06-15,2026-06-15 04:41:02,73,BV1UzE765Ewm,116719964133557,还能再来一次吗…嘻嘻,小潮院长,搞笑,娱乐,138,2527,3372548,36354,5345,259336,124893,79197,4876,1781064000,https://www.bilibili.com/video/BV1UzE765Ewm,http://i2.hdslb.com/bfs/archive/085599ddfdef178bab136355914ff56026d92266.jpg
2026-06-15,2026-06-15 04:41:02,74,BV1VBJE6ZEFC,116741371855445,摇一摇,UU学弟,舞蹈综合,舞蹈综合,154,21,2288131,619,3573,146383,1124,16053,7366,1781332110,https://www.bilibili.com/video/BV1VBJE6ZEFC,http://i0.hdslb.com/bfs/archive/640d0854c716d8af90f305651a0cc8fe5d7cfc0f.jpg
2026-06-15,2026-06-15 04:41:02,75,BV1SGEq6eEAE,116731473302835,原来导演才是真正的跑男！,刘哔电影,影视杂谈,影视,182,1019,2508712,10577,4754,88366,23722,20713,5960,1781181041,https://www.bilibili.com/video/BV1SGEq6eEAE,http://i2.hdslb.com/bfs/archive/1883cda55dfc41d60d446d5670af8a5d56da8ea3.jpg
2026-06-15,2026-06-15 04:41:02,76,BV1FAEi6DEiT,116729812618614,瑞斯拜考前50分系列 四六级必考词汇 26年新版,我是瑞斯拜,校园学习,知识,208,3112,1322129,33015,6151,53843,17435,60745,12529,1781155806,https://www.bilibili.com/video/BV1FAEi6DEiT,http://i0.hdslb.com/bfs/archive/7a738e32686f5231598afea4d598efd8410899fb.jpg
2026-06-15,2026-06-15 04:41:02,77,BV157Ei6GELV,116729929795808,一枪秒杀？三角洲S10新赛季爆料！打头算马枪？,哈夫豆火箭兵,网络游戏,游戏,65,63,4139805,2456,4874,230435,2520,59062,45790,1781157687,https://www.bilibili.com/video/BV157Ei6GELV,http://i0.hdslb.com/bfs/archive/6d57fc21836a1ce8f052cdb1f6be0fef5a760cf6.jpg
2026-06-15,2026-06-15 04:41:02,78,BV1zmJJ66EGV,116740683990254,科学家终于发现，克隆技术的绝望真相！,李论科学,科学科普,知识,201,292,1206544,1227,2630,90098,1492,7155,943,1781321958,https://www.bilibili.com/video/BV1zmJJ66EGV,http://i0.hdslb.com/bfs/archive/6c575e5b70dce8a7fec3947e8783762bc485dce4.jpg
2026-06-15,2026-06-15 04:41:02,79,BV127Eq6cEVQ,116731154537963,净化班味,落客李,日常,生活,21,72,2409245,560,3668,158715,2583,11846,6700,1781176369,https://www.bilibili.com/video/BV127Eq6cEVQ,http://i2.hdslb.com/bfs/archive/ac82c79526dace057c747882bed701b72cd7a24a.jpg
2026-06-15,2026-06-15 04:41:02,80,BV14DEy6QEUp,116737194399487,剑来！！！！！！,高斯Goh,综艺,综艺,71,1085,641628,6210,1847,58988,27263,15929,989,1781409600,https://www.bilibili.com/video/BV14DEy6QEUp,http://i0.hdslb.com/bfs/archive/1c29ec56cd5eb02b35d562829147bac0d0629e6b.jpg
2026-06-15,2026-06-15 04:41:02,81,BV1W4EE6GECF,116719444036187,【某幻】《盛世天下》再返深宫，活下来！,某幻君,影视剪辑,影视,183,54810,11193317,152853,12789,110731,66633,64474,16490,1780998850,https://www.bilibili.com/video/BV1W4EE6GECF,http://i2.hdslb.com/bfs/archive/f47d9615812e7adcf174b811036e3e4cddc602d0.jpg
2026-06-15,2026-06-15 04:41:02,82,BV1eqEv6zEsy,116730030458484,温 柔 的 洛 恩,鼎芸,同人·手书,动画,47,255,673877,610,1026,133798,18041,40835,5740,1781159833,https://www.bilibili.com/video/BV1eqEv6zEsy,http://i0.hdslb.com/bfs/archive/e8bc00ca4ab1f2019f1e32af218a9b7a182e2675.jpg
2026-06-15,2026-06-15 04:41:02,83,BV1xKE96CErp,116725265795009,景泰蓝,彭南科,手工,生活,161,644,817280,1354,793,87055,25221,10178,1236,1781182800,https://www.bilibili.com/video/BV1xKE96CErp,http://i2.hdslb.com/bfs/archive/9280f5b3ca2878e57e9bc2039d41452f7f6b5988.jpg
2026-06-15,2026-06-15 04:41:02,84,BV1YsJH6AEtF,116741707666989,你的意思是说，你被一头猪创死了？,图图图酱吖,单机游戏,游戏,17,170,913015,408,754,67860,1009,18780,2120,1781341737,https://www.bilibili.com/video/BV1YsJH6AEtF,http://i2.hdslb.com/bfs/archive/76db83f712d6f36cdad6e6325ef0aed57321f3da.jpg
2026-06-15,2026-06-15 04:41:02,85,BV1gyJE69ESo,116741036317460,华强买瓜，但是艺术家,快乐阿托,鬼畜剧场,鬼畜剧场,216,163,1270687,1311,1780,65339,11534,13042,5861,1781326907,https://www.bilibili.com/video/BV1gyJE69ESo,http://i2.hdslb.com/bfs/archive/d43398e3694827aaf3a7334c50f62ddf1ffaa831.jpg
2026-06-15,2026-06-15 04:41:02,86,BV1gNE26wEQP,116736389153115,“佐佐木先生怎么无精打采了” #在超市后门吞云吐雾的二人 #aigc #日剧推荐 #二创,蒜泥好次,影视剪辑,影视,183,133,1111449,355,1863,72313,9084,22087,6892,1781256219,https://www.bilibili.com/video/BV1gNE26wEQP,http://i1.hdslb.com/bfs/archive/3a27766b2bdba42295db4fac36848fe931846365.jpg
2026-06-15,2026-06-15 04:41:02,87,BV1nfJj6iErA,116740314957040,挑战给历史故事打tag（标签2）,混饭达人,娱乐杂谈,娱乐杂谈,241,92,1231531,2207,1281,126471,2518,13083,7414,1781316187,https://www.bilibili.com/video/BV1nfJj6iErA,http://i1.hdslb.com/bfs/archive/315cf3bf234f1af2314ceab7df7fa639bd143757.jpg
2026-06-15,2026-06-15 04:41:02,88,BV1vQEC6wE6u,116735432727948,美国女孩一口气速通全河北【世界纪录55:56小时】,KerryDowdle,日常,生活,21,1482,862060,4198,3247,49845,13870,17392,2815,1781254800,https://www.bilibili.com/video/BV1vQEC6wE6u,http://i0.hdslb.com/bfs/archive/2e3401d029d6fe8a2917e48b68b70cd847a94eed.jpg
2026-06-15,2026-06-15 04:41:02,89,BV1GfEe6iE3x,116730718391604,在上海吃到了玫瑰腐乳肉，长江这一路的酸甜苦辣咸脆鲜香咱也尝遍了！,食贫道,日常,生活,21,3090,2013871,11862,2358,85468,58500,21275,5479,1781172032,https://www.bilibili.com/video/BV1GfEe6iE3x,http://i2.hdslb.com/bfs/archive/4a9c83dc2fe0b8e2f2b219b00fcb3d86f5886915.jpg
2026-06-15,2026-06-15 04:41:02,90,BV1sdJE6jEhN,116741187371338,植物大战僵尸bgm实力排行,东方日出哇,特摄,动画,86,787,1889236,4606,2298,98598,5771,25481,1335,1781329262,https://www.bilibili.com/video/BV1sdJE6jEhN,http://i0.hdslb.com/bfs/archive/19de21f1f78395328e55a17f237e9df9d0079804.jpg
2026-06-15,2026-06-15 04:41:02,91,BV1hrEy6ZEon,116736959519545,《😭如果良子说日语😭》,绫人太太啊,搞笑,娱乐,138,68,1365945,747,4662,126872,4019,13474,26087,1781264755,https://www.bilibili.com/video/BV1hrEy6ZEon,http://i0.hdslb.com/bfs/archive/566f1b3932b1eba571ede1c182f001b3dadcac28.jpg
2026-06-15,2026-06-15 04:41:02,92,BV1K8EC67EDk,116735600563464,用3000只生蚝做一道菜！最后真的不亏！,南翔,短片,动画,256,318,843059,1797,1685,74830,9642,7748,1044,1781254800,https://www.bilibili.com/video/BV1K8EC67EDk,http://i1.hdslb.com/bfs/archive/0b535c91058c6af6231b0b0d7ceca8e459b8e8d2.jpg
2026-06-15,2026-06-15 04:41:02,93,BV1h6Ey6bEZE,116737043399281,挑战 100元让爷爷和小姐姐们一起吃大餐,大森子哈哈哈,搞笑,娱乐,138,121,2658342,412,649,134419,4572,10211,386,1781267147,https://www.bilibili.com/video/BV1h6Ey6bEZE,http://i2.hdslb.com/bfs/archive/319f64ee88f974624e07d3086e73b98e73254fd3.jpg
2026-06-15,2026-06-15 04:41:02,94,BV1SDEq6BEbD,116730986825594,【20分钟速通四六级】各个题型的得分攻略、抢分技巧（四级考前急救速通干货版）,英语老师晓艳,日常,生活,21,1428,571074,2008,7742,42049,9961,25398,11568,1781173744,https://www.bilibili.com/video/BV1SDEq6BEbD,http://i1.hdslb.com/bfs/archive/b66e57f53c3861331848b70f3368f7685e8ce90c.jpg
2026-06-15,2026-06-15 04:41:02,95,BV1zhEq6HEJr,116731271972781,一个跟头十万八千里,孤鹜AH,搞笑,娱乐,138,119,1271167,354,877,75636,1984,16432,5310,1781258400,https://www.bilibili.com/video/BV1zhEq6HEJr,http://i0.hdslb.com/bfs/archive/75b1949484ad137d6bb1fc3891e30d26f0128483.jpg
2026-06-15,2026-06-15 04:41:02,96,BV1JWJE6MERP,116741338302009,【微电影】星河外卖员：悠哉，忙碌，还是伟大？,最后讲述者,鬼畜剧场,鬼畜剧场,216,319,780541,793,1017,56063,8964,12365,2236,1781331604,https://www.bilibili.com/video/BV1JWJE6MERP,http://i2.hdslb.com/bfs/archive/8c4c205c44b2d9f488f3a94d4a59334e83bcfead.jpg
2026-06-15,2026-06-15 04:41:02,97,BV1oMEC6hE3i,116735902489110,高考之后我就这么猖,大禹先生--,搞笑,娱乐,138,101,2418219,142,553,101778,486,6529,1906,1781259000,https://www.bilibili.com/video/BV1oMEC6hE3i,http://i1.hdslb.com/bfs/archive/0cf477c23e4d4ec32c7feb8076926871dd5b7dff.jpg
2026-06-15,2026-06-15 04:41:02,98,BV1QpJJ6oEoT,116740952429638,母爱的回响让我深深的触动,迪士尼在逃黄狗coco,汪星人,汪星人,219,70,934457,330,772,115084,3425,19690,1101,1781325897,https://www.bilibili.com/video/BV1QpJJ6oEoT,http://i0.hdslb.com/bfs/archive/c7775460ae82d923a2db9c7489f1d2717d968827.jpg
2026-06-15,2026-06-15 04:41:02,99,BV1utJJ6sEjq,116740835051331,一个人一个包｜环游世界十二国｜地球最狂野的国家肯尼亚｜探索生命的禁区｜人类最原始的样子｜乞力马扎罗山｜,导演-罗杰,出行,生活,250,885,810155,2127,1598,62511,13050,7078,1200,1781324338,https://www.bilibili.com/video/BV1utJJ6sEjq,http://i0.hdslb.com/bfs/archive/54a6a04165dab3099b623cca5b9e5880948a13d8.jpg
2026-06-15,2026-06-15 04:41:02,100,BV1aoEC6ZEF9,116735365614555,《执念尸》第一季合集,老宫特西范,短片,动画,256,2765,616567,3132,1678,35734,8155,21917,2914,1781240705,https://www.bilibili.com/video/BV1aoEC6ZEF9,http://i0.hdslb.com/bfs/archive/96dd88c3f40ffcb40f243b7e01453fced88d7ff3.jpg
2026-06-15,2026-06-15 06:35:26,1,BV1dNJL6XELa,116739207597022,《兔粮是你的谎言》,伤心欲茄222,搞笑,娱乐,138,105,6554991,1907,6522,415463,12038,28231,13741,1781323200,https://www.bilibili.com/video/BV1dNJL6XELa,http://i1.hdslb.com/bfs/archive/9a8ed432df0aa306afeff2f8010a26c276a6739d.jpg
2026-06-15,2026-06-15 06:35:26,2,BV16kEC6MEWL,116735734716938,新地图解锁！影视飓风的电竞房？,影视飓风,数码,科技,95,764,2578956,23805,34015,188129,130224,64438,15157,1781254800,https://www.bilibili.com/video/BV16kEC6MEWL,http://i0.hdslb.com/bfs/archive/dde17e588b2675e5c877e200a1fe04b7d6f6ef12.jpg
2026-06-15,2026-06-15 06:35:26,3,BV1aEE16YECM,116736825362515,墙那边根本就没有厕所！！,二三哥哥鸭,搞笑,娱乐,138,54,5531313,1682,9061,451542,13929,78318,47659,1781262796,https://www.bilibili.com/video/BV1aEE16YECM,http://i2.hdslb.com/bfs/archive/48e1cb9c9f1bbb3477c19823da428e734e84841c.jpg
2026-06-15,2026-06-15 06:35:26,4,BV1kFE161Evt,116736758257704,路边一块，经过雕刻，包你看了过目不忘！愿你成为自己的太阳，无需借谁的光,小梨家的和田玉,手工,生活,161,254,4107303,6746,12596,230258,13239,23550,7672,1781261629,https://www.bilibili.com/video/BV1kFE161Evt,http://i1.hdslb.com/bfs/archive/e136f92e20badb075eeddee4d31e6f12ff95b1c4.jpg
2026-06-15,2026-06-15 06:35:26,5,BV1VbJ56EEm6,116737731200556,《少年》-《下一个是谁7》主题曲,雨哥到处跑,日常,生活,21,214,886794,10512,7623,144763,147482,44084,9567,1781344800,https://www.bilibili.com/video/BV1VbJ56EEm6,http://i1.hdslb.com/bfs/archive/cfd71a09139489ecac6f57d54cd8753f5611e987.jpg
2026-06-15,2026-06-15 06:35:26,6,BV1uHEC6XEEu,116735684445746,无法预测！命运的最后抽卡！【水无月菌】,水无月菌,桌游棋牌,桌游棋牌,173,792,1883931,10680,5574,168144,116718,35438,16118,1781263800,https://www.bilibili.com/video/BV1uHEC6XEEu,http://i0.hdslb.com/bfs/archive/b17ce44c7e7e351f0e72f059450c8a637bd50b67.jpg
2026-06-15,2026-06-15 06:35:26,7,BV1tUEY6WE3t,116729409706038,《青春期恐龙幻想物语》,客岭苹果,日常,生活,21,307,2908000,965,2570,215784,22086,30747,5550,1781247600,https://www.bilibili.com/video/BV1tUEY6WE3t,http://i0.hdslb.com/bfs/archive/8341ec6136e31dbcff0bf1c3fd856a290761647d.jpg
2026-06-15,2026-06-15 06:35:26,8,BV19sJH6NE2H,116741707601636,看一看早餐的质量怎么样#早餐#食品安全,陈大成bill,美食记录,美食,215,306,3640503,1180,2804,182486,15861,35220,6684,1781352000,https://www.bilibili.com/video/BV19sJH6NE2H,http://i0.hdslb.com/bfs/archive/583ad17b29d55a6f06c98eb251ec63dd9dfe7823.jpg
2026-06-15,2026-06-15 06:35:26,9,BV1xfEq6AEWd,116730902874019,有什么比精神小妹爱上纯情男大的故事更狗血,马哥巨离谱,搞笑,娱乐,138,490,5025544,7441,8457,197200,67725,28449,11248,1781172690,https://www.bilibili.com/video/BV1xfEq6AEWd,http://i1.hdslb.com/bfs/archive/100cd065a4f0f62b6980cc2c06947eff9d51b1bd.jpg
2026-06-15,2026-06-15 06:35:26,10,BV1MrJ56gE5T,116737328546232,不是 我咋上高三了,名字即是无,日常,生活,21,64,3469071,8059,6253,336110,12447,57411,8171,1781270488,https://www.bilibili.com/video/BV1MrJ56gE5T,http://i2.hdslb.com/bfs/archive/05d045b23e87b5eda586511013238b1804764dfc.jpg
2026-06-15,2026-06-15 06:35:26,11,BV1uWEe68E3e,116728688283040,别叫霞姐叫“侠姐”,卖萝卜乐,短片,动画,256,415,1463784,652,2372,194689,42173,26557,4661,1781167800,https://www.bilibili.com/video/BV1uWEe68E3e,http://i2.hdslb.com/bfs/archive/3e73c709a2d7a4de3bebdcd61b74c41cbfa788c7.jpg
2026-06-15,2026-06-15 06:35:26,12,BV1KkEK6CELv,116712112397979,星际超级荒诞动画喜剧！《外星小偷里贝》第03话：上岸星球【UP动画】,梦游牛油果官方频道,小剧场,娱乐,85,828,5222460,3835,7243,242656,45110,71490,22405,1781172001,https://www.bilibili.com/video/BV1KkEK6CELv,http://i2.hdslb.com/bfs/archive/bf2234cfac7b170ad622d34b94e81a6ca8687ce9.jpg
2026-06-15,2026-06-15 06:35:26,13,BV18VED63EBi,116722866586138,认为自己旅游运差时可以看看我.,风景旅行收藏家,日常,生活,21,163,4700600,3884,10523,623767,30231,243157,18497,1781064000,https://www.bilibili.com/video/BV18VED63EBi,http://i0.hdslb.com/bfs/archive/45526dcb51d3f4a21d85270926d87f0374679047.jpg
2026-06-15,2026-06-15 06:35:26,14,BV11GEv6dEvW,116730298895024,《弧光猎人》弧光测试PV&国服事件预告｜星火燎原,弧光猎人_ARCRaiders,单机游戏,游戏,17,175,6519737,2739,5703,89371,45532,50527,9649,1781229600,https://www.bilibili.com/video/BV11GEv6dEvW,http://i0.hdslb.com/bfs/archive/a8c4284d82a7291fb37cad37789d97562b629eed.jpg
2026-06-15,2026-06-15 06:35:26,15,BV17GEi61EZK,116729913021505,循环歌单|【illusion】|“【静步の小曲】”,蛋某人音乐,乐评盘点,音乐,243,3065,2871453,404,1185,187977,2046,59020,891,1781222400,https://www.bilibili.com/video/BV17GEi61EZK,http://i1.hdslb.com/bfs/archive/a058cfdea8b92c0c38b5ab261cca0011c6cfdbd7.jpg
2026-06-15,2026-06-15 06:35:26,16,BV1otE96tE36,116725097960466,懒人为了“顺手”俩字，到底能做多少收纳？,海边二狗哥,家居房产,家居房产,239,580,3276830,3750,6034,182893,17547,86928,19444,1781083688,https://www.bilibili.com/video/BV1otE96tE36,http://i0.hdslb.com/bfs/archive/78553b00560ed356b43f06f4c094db857587023c.jpg
2026-06-15,2026-06-15 06:35:26,17,BV17YEv6VEUx,116730416469936,动态视频｜吸进身体的二手烟，到底有多脏？,亿点点不一样,科学科普,知识,201,147,2172066,2039,9739,270504,44933,38604,35053,1781168400,https://www.bilibili.com/video/BV17YEv6VEUx,http://i0.hdslb.com/bfs/archive/aad0b8823127354b6857ac449fe2ff4268b2b832.jpg
2026-06-15,2026-06-15 06:35:26,18,BV1K3EZ6dEZz,116726876342805,一百万只马达加斯加企鹅能否战胜一拳超人？,Toaster_ok,单机游戏,游戏,17,62,4735877,1727,8208,311298,3623,40307,20190,1781111385,https://www.bilibili.com/video/BV1K3EZ6dEZz,http://i2.hdslb.com/bfs/archive/4e5b8ebcb64d6ed31988f9c35168982aa24477ff.jpg
2026-06-15,2026-06-15 06:35:26,19,BV1t2EY6REu4,116729359370195,“有些鸟儿注定是关不住的”【I dont want to play around】【魔丸之卵の小曲】,早睡起大王,音乐综合,音乐,130,253,1922957,9871,4426,195867,3293,39893,9375,1781150400,https://www.bilibili.com/video/BV1t2EY6REu4,http://i1.hdslb.com/bfs/archive/650366b932bf4bf768b90d2763c3d956b8b65559.jpg
2026-06-15,2026-06-15 06:35:26,20,BV1jCJs6UE9S,116743888442795,美国“杰斐逊州”在哪里？【神奇组织51】,小约翰可汗,人文历史,知识,228,2465,1399463,11487,4004,103912,41032,28005,2087,1781406000,https://www.bilibili.com/video/BV1jCJs6UE9S,http://i0.hdslb.com/bfs/archive/74bddc7cf649e2ae7268b836596abfd15ed75dab.jpg
2026-06-15,2026-06-15 06:35:26,21,BV1UtE16xESZ,116736523246103,爸爸打死妈妈时，她就在旁边 ...,法内狂徒高法师,社科·法律·心理,知识,124,167,828523,1585,3024,201627,94565,14585,1610,1781258087,https://www.bilibili.com/video/BV1UtE16xESZ,http://i1.hdslb.com/bfs/archive/a3875b7e4f11b69522f7e675a14b149155e13374.jpg
2026-06-15,2026-06-15 06:35:26,22,BV1HgE66YE6i,116733553674038,时间刚刚好,不是唐嘉琦,日常,生活,21,30,2867689,1098,2764,364021,10792,31743,4171,1781212830,https://www.bilibili.com/video/BV1HgE66YE6i,http://i2.hdslb.com/bfs/archive/8d7715367c3081e36d93407824ed51ff0da29863.jpg
2026-06-15,2026-06-15 06:35:26,23,BV1nAE16CEBQ,116736791746687,带良子吃和平饭店，竟然花了xxxx!?,汤姆的混乱空间,搞笑,娱乐,138,521,2324666,6659,6561,145493,19849,12919,14790,1781262815,https://www.bilibili.com/video/BV1nAE16CEBQ,http://i1.hdslb.com/bfs/archive/bfc6076d0f650a20323d569169cc0aaa649a5b12.jpg
2026-06-15,2026-06-15 06:35:26,24,BV17WEk6aEiC,116734509981119,早安瑪莉,MountainHan-山含,综合,综合,27,31,1071031,239,3706,221676,14761,79498,17464,1781228100,https://www.bilibili.com/video/BV17WEk6aEiC,http://i1.hdslb.com/bfs/archive/686869adddff73e384d028f599f59a3a5e74e032.jpg
2026-06-15,2026-06-15 06:35:26,25,BV1iyJV6EEao,116738150636498,我找东西be like,老番茄,单机游戏,游戏,17,1331,1665314,5064,1492,140360,36419,28809,2373,1781321700,https://www.bilibili.com/video/BV1iyJV6EEao,http://i0.hdslb.com/bfs/archive/3f5eaaafe18db626804778a2b5f1fc6c86f69d7b.jpg
2026-06-15,2026-06-15 06:35:26,26,BV1FzEr6YExJ,116734929474758,《绝区零》维琳娜角色展示 | 茶会一如既往,绝区零,手机游戏,游戏,172,560,1374435,4273,6441,106044,40217,22058,13775,1781236800,https://www.bilibili.com/video/BV1FzEr6YExJ,http://i2.hdslb.com/bfs/archive/8ec631834f8834321e589d503dc5598aacdfd55c.jpg
2026-06-15,2026-06-15 06:35:26,27,BV1J9EB6xEAB,116732178007836,洗衣机演奏一首《起风了》，以此纪念我的高中生活,非凯J,演奏,演奏,59,120,2343365,2692,6236,166082,30600,26256,15106,1781191722,https://www.bilibili.com/video/BV1J9EB6xEAB,http://i2.hdslb.com/bfs/archive/77250422542f6a41e3699f4e608ea69cbd013bc1.jpg
2026-06-15,2026-06-15 06:35:26,28,BV11gEk63EF6,116734325496724,【鸣潮微电影】至今我仍深爱着你——坎特蕾拉,Glorious_青蓝紫,同人·手书,动画,47,440,672721,1360,2344,83135,37111,43760,6728,1781235000,https://www.bilibili.com/video/BV11gEk63EF6,http://i2.hdslb.com/bfs/archive/17b3688f6e270c3dc240514d8742f22d6a33615a.jpg
2026-06-15,2026-06-15 06:35:26,29,BV1yBE16UENN,116736607131264,⚡烂梗小孩就要这样制裁⚡,萝卜不会整活,鬼畜剧场,鬼畜剧场,216,84,2874588,1566,11509,185804,3237,24334,12927,1781259573,https://www.bilibili.com/video/BV1yBE16UENN,http://i0.hdslb.com/bfs/archive/6e3ba8f4ecd8a7ba023dab7af1bcd4a321ec3a8c.jpg
2026-06-15,2026-06-15 06:35:26,30,BV1rvEr6NEpF,116735046845023,新三国up锐评老三国02：没有对比就没有伤害,吃蛋挞的折棒,影视剪辑,影视,183,1503,1101198,22374,9731,82996,57268,15220,1807,1781316000,https://www.bilibili.com/video/BV1rvEr6NEpF,http://i0.hdslb.com/bfs/archive/063dff13e9298258dfac0de8388de77eec14759a.jpg
2026-06-15,2026-06-15 06:35:26,31,BV1tLJp6FEoP,116743368351213,我们成功了!核电站隐藏好结局-天下无核 测试服,六式zy,网络游戏,游戏,65,134,1950819,4064,5791,139974,7163,27405,11036,1781362821,https://www.bilibili.com/video/BV1tLJp6FEoP,http://i0.hdslb.com/bfs/archive/d9d4e0ffcf040c8032d6556ca23932dfc5b07500.jpg
2026-06-15,2026-06-15 06:35:26,32,BV1kwE165EJd,116736741480387,峰哥教大学生区分鹅腿鸭腿,峰哥亡命天涯,美食侦探,美食,212,327,2187039,6103,12795,106656,10546,11887,19750,1781261723,https://www.bilibili.com/video/BV1kwE165EJd,http://i0.hdslb.com/bfs/archive/15838c5454e36b8e42942f1c0d927a21b2fda9b9.jpg
2026-06-15,2026-06-15 06:35:26,33,BV1oQEe6gEFg,116730600884173,如何骗走CIA三百根金条,燕三嘤嘤嘤,人文历史,知识,228,1122,1780835,7587,4329,102677,23275,16338,2402,1781236200,https://www.bilibili.com/video/BV1oQEe6gEFg,http://i2.hdslb.com/bfs/archive/a1a0304a7c782538e474fc6c84ace95b3780968a.jpg
2026-06-15,2026-06-15 06:35:26,34,BV1cLE96qEHo,116724963739894,评论区摄影大赛之视觉创意篇第二弹开启，欢迎投稿好的作品会让更多人看到。,摄影恩哥,日常,生活,21,165,2756736,610,5228,137230,1348,7290,338,1781256600,https://www.bilibili.com/video/BV1cLE96qEHo,http://i0.hdslb.com/bfs/archive/5afee256963bc3f2a894e13a036b37bd27752c1a.jpg
2026-06-15,2026-06-15 06:35:26,35,BV1eAEq6rExJ,116731506988938,为了这稀有的粉色螺珠，我在加勒比海与2米长大鲨鱼搏斗许久，差点就掉线了！,OK哥环球探海记,出行,生活,250,1463,8869204,10269,1948,204067,28366,160826,3611,1781233200,https://www.bilibili.com/video/BV1eAEq6rExJ,http://i0.hdslb.com/bfs/archive/9c69c1655eea63f4cb4b104dc83f5c17a163e18c.jpg
2026-06-15,2026-06-15 06:35:26,36,BV1sJEZ6nEjb,116726591198647,18岁｜替身使者，会相互吸引。jojo黑帮摇敬上！,悠哈酱Yo,宅舞,舞蹈,20,48,3663427,1491,6060,427328,29851,84984,10294,1781106772,https://www.bilibili.com/video/BV1sJEZ6nEjb,http://i0.hdslb.com/bfs/archive/b9799045e8e31d3e2632dee2755f381c7639ef20.jpg
2026-06-15,2026-06-15 06:35:26,37,BV1P3E96gEY7,116724946967930,最性价比的ROG全家桶,白菜家的AMD,数码,科技,95,263,1431320,2396,6801,145461,4256,39205,23869,1781082137,https://www.bilibili.com/video/BV1P3E96gEY7,http://i0.hdslb.com/bfs/archive/229e1b59ab4208272f6d3eedafd10a932c186047.jpg
2026-06-15,2026-06-15 06:35:26,38,BV1nyEi69EoZ,116731708246773,建议口语平淡的都来试下这个练习,po老师英语版,校园学习,知识,208,102,1024274,124,782,144542,7367,58966,3235,1781184784,https://www.bilibili.com/video/BV1nyEi69EoZ,http://i2.hdslb.com/bfs/archive/948eb8b6496dc207f0fff1635f2da8d24e9b932e.jpg
2026-06-15,2026-06-15 06:35:26,39,BV17nJ569EKk,116737479543698,幻想向：你永远是你妈生的,四夕小田木_,小剧场,娱乐,85,152,2141889,574,1960,129467,8508,13611,3929,1781309400,https://www.bilibili.com/video/BV17nJ569EKk,http://i0.hdslb.com/bfs/archive/5c4ea1eede14dca688cb8027f683eae89ac55511.jpg
2026-06-15,2026-06-15 06:35:26,40,BV1SMEv6bEcf,116730684775304,我去了趟韩国，怎么到处都是汉字啊？？,有山先生,人文历史,知识,228,1724,786056,8601,3710,89069,85435,24586,2280,1781254800,https://www.bilibili.com/video/BV1SMEv6bEcf,http://i2.hdslb.com/bfs/archive/17a38348dd3aa9f7b6892177f3a606baf847a81c.jpg
2026-06-15,2026-06-15 06:35:26,41,BV1rCE16LEz9,116736556800563,动物园里有什么…（总感觉哪里不对,香菇早安,汪星人,汪星人,219,27,1760132,498,3025,186238,3684,26251,18069,1781258567,https://www.bilibili.com/video/BV1rCE16LEz9,http://i1.hdslb.com/bfs/archive/5726a2abfed40ea79d707446e6c9b9530cc7a84a.jpg
2026-06-15,2026-06-15 06:35:26,42,BV1XLEC6dEoU,116736019929002,桃农发视频求助防虫办法，不料评论区被“爬虫佬”攻占，桃农：跟我说卖虫子比卖桃赚钱，只用五天就办理了营业执照，好桃正常卖 坏果用来饲养甲虫,大象新闻,社会,社会,205,23,4345886,169,4075,194106,1476,7473,1669,1781250587,https://www.bilibili.com/video/BV1XLEC6dEoU,http://i1.hdslb.com/bfs/archive/d98affe57c01282ef725a9536b60c79d8e84d6d3.jpg
2026-06-15,2026-06-15 06:35:26,43,BV1S2Ey6sEYs,116736976361299,0%成功率的吉尼斯挑战（AI给出的结论）！,剑客范十三,运动综合,运动,238,216,1028841,5543,2522,117969,12340,8842,689,1781266817,https://www.bilibili.com/video/BV1S2Ey6sEYs,http://i0.hdslb.com/bfs/archive/b8c27821ea52fc39badab054fc41d2ae9e1cbc88.jpg
2026-06-15,2026-06-15 06:35:26,44,BV1ZoEB6pEZa,116732211501684,仅推荐给有趣的人,酸子阿,日常,生活,21,31,3869457,396,1917,187443,12332,14279,6413,1781260200,https://www.bilibili.com/video/BV1ZoEB6pEZa,http://i1.hdslb.com/bfs/archive/2e5bdef2ba9b4f0bb135aa086ccdac8e455c2c43.jpg
2026-06-15,2026-06-15 06:35:26,45,BV1hsE16bEY4,116736489821737,电到的人越多，医术越高明【 原神：元素战争 】,No_Tables,手机游戏,游戏,172,95,1009342,972,2333,121703,24384,35640,5287,1781258400,https://www.bilibili.com/video/BV1hsE16bEY4,http://i1.hdslb.com/bfs/archive/21176541a8d945c32df9c3ed24bd8d060c5f9e29.jpg
2026-06-15,2026-06-15 06:35:26,46,BV1JKE16rErj,116736691082807,所以什么时候还我五块钱,香蕉猫的快乐生活,搞笑,娱乐,138,62,3171804,327,2021,195089,925,11194,698,1781260621,https://www.bilibili.com/video/BV1JKE16rErj,http://i2.hdslb.com/bfs/archive/c635a78ab9975fbe75dcd91d5ed1a15c7fd4a816.jpg
2026-06-15,2026-06-15 06:35:26,47,BV17TEC6AE3Z,116735919331481,我们做了个不一样的拐杖...,老师好我叫何同学,数码,科技,95,420,1103348,1669,1467,116559,65362,20254,1630,1781256600,https://www.bilibili.com/video/BV17TEC6AE3Z,http://i1.hdslb.com/bfs/archive/eba34b3f270343f2e9d00cfe39017bc85914227f.jpg
2026-06-15,2026-06-15 06:35:26,48,BV1awEG6NEgk,116715065187050,呃 你有点太重力了,hanser,综合,综合,27,229,812678,705,2175,79289,21140,35664,2723,1781255700,https://www.bilibili.com/video/BV1awEG6NEgk,http://i0.hdslb.com/bfs/archive/37e7fbf6e02be2c62ee40522828636f209a31350.jpg
2026-06-15,2026-06-15 06:35:26,49,BV1vBE26BEtK,116720652064255,我在mc用千万方块还原了『召唤师峡谷』！！,橘不扒皮,单机游戏,游戏,17,67,1925692,2814,5101,349622,144367,36712,7639,1781064000,https://www.bilibili.com/video/BV1vBE26BEtK,http://i2.hdslb.com/bfs/archive/90f11ea10b3d9aca78493af57d1b04da64673ef7.jpg
2026-06-15,2026-06-15 06:35:26,50,BV14bE16dEZd,116736506594533,18禁的两头堵营销！,穆天然-,搞笑,娱乐,138,18,3031253,117,977,184752,669,11741,1072,1781258001,https://www.bilibili.com/video/BV14bE16dEZd,http://i0.hdslb.com/bfs/archive/ff004e443f3cc430e1334fb851ed3f8f24dc78e8.jpg
2026-06-15,2026-06-15 06:35:26,51,BV1fwEC6vEny,116735969591740,听到这个版本前我简直在乱唱,于梓贝的id,翻唱,音乐,31,21,631228,252,1569,162946,9106,41466,3199,1781249737,https://www.bilibili.com/video/BV1fwEC6vEny,http://i0.hdslb.com/bfs/archive/895d970762f54b6001d4d9f261e5bade73e8d6e8.jpg
2026-06-15,2026-06-15 06:35:26,52,BV16KEi6SEnm,116729711757097,小猫一样的Sarah,第11个音符,颜值·网红舞,颜值·网红舞,255,17,1866533,167,982,217819,2833,23298,2247,1781154098,https://www.bilibili.com/video/BV16KEi6SEnm,http://i2.hdslb.com/bfs/archive/9fccc0ce062259a16d94f16b13d5dd496e4b73df.jpg
2026-06-15,2026-06-15 06:35:26,53,BV17hJn63EvU,116742093278532,地牢酒馆-14集 《人鱼的配方与深海来客》,粘土工厂,单机游戏,游戏,17,223,579991,1335,2007,105956,19518,10876,1424,1781343177,https://www.bilibili.com/video/BV17hJn63EvU,http://i0.hdslb.com/bfs/archive/db96e1253e91db964081083f790a5aab56dd89e8.jpg
2026-06-15,2026-06-15 06:35:26,54,BV1T2Jj6yEgD,116740180674530,张杰谢娜两口子不要再闹了好吗？【爆笑演唱会名场面】,一只吐槽圆,娱乐杂谈,娱乐杂谈,241,551,2555336,28958,5680,78371,10102,12811,41001,1781314126,https://www.bilibili.com/video/BV1T2Jj6yEgD,http://i0.hdslb.com/bfs/archive/f77e79d34c13d35be78980aaec4d5e2002bdd26c.jpg
2026-06-15,2026-06-15 06:35:26,55,BV1M3Ev6tEJc,116730315740748,带猫结婚vlog，海棠给我当伴郎,海棠_HaiTang-,出行,生活,250,493,543348,3953,1780,102235,42031,7520,1753,1781229600,https://www.bilibili.com/video/BV1M3Ev6tEJc,http://i0.hdslb.com/bfs/archive/ff49c5addb28c7d12b81e68aec178c47c85de1e3.jpg
2026-06-15,2026-06-15 06:35:26,56,BV1JKE16rE4L,116736691084132,一个抽烟的女人，凭什么治愈了全球社畜？,天真无邪老Ty,综合,综合,27,532,817355,2454,5559,58080,14645,22592,4930,1781260722,https://www.bilibili.com/video/BV1JKE16rE4L,http://i0.hdslb.com/bfs/archive/9edfae6fd994cd6fde206e1e5f686314ea33276a.jpg
2026-06-15,2026-06-15 06:35:26,57,BV1F4Ev67E6H,116730483513512,这猫…还能活吗,刘小鹿是小鹿6,喵星人,喵星人,218,193,752361,1157,1882,95590,46162,17149,3219,1781166018,https://www.bilibili.com/video/BV1F4Ev67E6H,http://i0.hdslb.com/bfs/archive/5736ae053cb46f1363c2d6654dd9a379a4bff276.jpg
2026-06-15,2026-06-15 06:35:26,58,BV1fYEz6ZEUF,116732077345009,正颌做反毁容｜一首祝福转盘舞送给我主刀,做梦都想回到术前,日常,生活,21,42,1098378,1196,3074,206903,29940,5898,1639,1781190401,https://www.bilibili.com/video/BV1fYEz6ZEUF,http://i0.hdslb.com/bfs/archive/a668c3e9e80f64518ca251c269f406f07f79c116.jpg
2026-06-15,2026-06-15 06:35:26,59,BV1maE169Eng,116736406000961,SpaceX上市，背后在玩什么资本游戏?,小Lin说,财经商业,知识,207,1328,1326502,7252,6016,56674,19993,17475,9594,1781269200,https://www.bilibili.com/video/BV1maE169Eng,http://i0.hdslb.com/bfs/archive/ed63226a66dc05192f014e9d15343809d10c6342.jpg
2026-06-15,2026-06-15 06:35:26,60,BV1PBE16SE7W,116736607197706,拉屎这件小事！,一串大福,搞笑,娱乐,138,180,1417471,994,863,88878,2275,9781,738,1781259927,https://www.bilibili.com/video/BV1PBE16SE7W,http://i0.hdslb.com/bfs/archive/927740032b16e6a453e372233394b8f9193f9de7.jpg
2026-06-15,2026-06-15 06:35:26,61,BV1MzJ56rEky,116737278215918,“虽然是个无所谓的夜晚🚬”NIGHT DANCER,土埋了半截的人,MAD·AMV,MAD·AMV,24,87,1028052,607,2345,124994,14266,58066,3318,1781269870,https://www.bilibili.com/video/BV1MzJ56rEky,http://i2.hdslb.com/bfs/archive/a2e871a997f84226169f228a7314be1c9051e29e.jpg
2026-06-15,2026-06-15 06:35:26,62,BV1R3EC6bEmr,116736070261635,《三角洲行动》新干员档案：加布里埃尔·默里尔—代号液氮,三角洲行动,GMV,GMV,121,153,1658589,2373,10005,84167,3104,26849,12636,1781251234,https://www.bilibili.com/video/BV1R3EC6bEmr,http://i2.hdslb.com/bfs/archive/3e83a08b1eb5aa3b0e70844621840123d0794e1b.jpg
2026-06-15,2026-06-15 06:35:26,63,BV1xjJn6DEch,116742445597343,【干货】如何区分鹅腿和鸭腿？,闪电侠-flash,校园学习,知识,208,53,2196420,5067,5474,168962,1976,9838,5682,1781348560,https://www.bilibili.com/video/BV1xjJn6DEch,http://i2.hdslb.com/bfs/archive/cfc06208a7a01e856a69de77046bdc631112d432.jpg
2026-06-15,2026-06-15 06:35:26,64,BV185Js6BE4i,116744140097496,【i-dle】 'Crow' Official Music Video,i-dle_official,音乐综合,音乐,130,203,242870,12392,11124,39151,33233,13640,9650,1781442000,https://www.bilibili.com/video/BV185Js6BE4i,http://i0.hdslb.com/bfs/archive/27cbbd5112c850b931b2cfbf635e6dc8852dc99c.jpg
2026-06-15,2026-06-15 06:35:26,65,BV1p7Ey65ELv,116735080399387,⚡ 下次再一起吧，山田小姐~⚡,学姐圆,MAD·AMV,MAD·AMV,24,109,759025,249,2180,110492,5881,22413,3014,1781236058,https://www.bilibili.com/video/BV1p7Ey65ELv,http://i1.hdslb.com/bfs/archive/5b0562a6e0a46f0e84fc91128c061c03adfbd8bd.jpg
2026-06-15,2026-06-15 06:35:26,66,BV1ziJV69E6Z,116738234523085,你是说我小时候造了一个超大过山车和半个耶稣像？！？过山车？！,蚊子CuO,单机游戏,游戏,17,832,703187,3761,1924,75093,11623,15286,795,1781284427,https://www.bilibili.com/video/BV1ziJV69E6Z,http://i2.hdslb.com/bfs/archive/e4bfda38efbd4e390de425b77f6569dfd48c99db.jpg
2026-06-15,2026-06-15 06:35:26,67,BV1aCEv6vE1z,116729963353713,全新爽搜图！新式免保！新式房卡！多结局解密！核电站它来了！「三角洲S9赛季」,Key725,网络游戏,游戏,65,664,4786531,2468,4630,151723,8943,102968,12168,1781158258,https://www.bilibili.com/video/BV1aCEv6vE1z,http://i0.hdslb.com/bfs/archive/fff65170b6ce508b349a641611efa9bc0063b599.jpg
2026-06-15,2026-06-15 06:35:26,68,BV1stE863Ekd,116709864315059,禁播的中国邪典行为艺术：肋骨做项圈、水泥活埋24小时、倒吊放血自残,捕月说,人文历史,知识,228,664,1695864,2526,1629,62983,1109,14894,2594,1781259000,https://www.bilibili.com/video/BV1stE863Ekd,http://i0.hdslb.com/bfs/archive/06fd457b1d7b9d7b3b8bbed3c20a75610328b693.jpg
2026-06-15,2026-06-15 06:35:26,69,BV1VBJE6ZEFC,116741371855445,摇一摇,UU学弟,舞蹈综合,舞蹈综合,154,21,2297648,621,3581,146780,1126,16087,7378,1781332110,https://www.bilibili.com/video/BV1VBJE6ZEFC,http://i0.hdslb.com/bfs/archive/640d0854c716d8af90f305651a0cc8fe5d7cfc0f.jpg
2026-06-15,2026-06-15 06:35:26,70,BV1gXEq6MEjN,116730970117158,当你因为上学几年没玩手机,刘鸿哥哥,小剧场,娱乐,85,70,2737052,383,5146,189418,1372,8795,2111,1781173415,https://www.bilibili.com/video/BV1gXEq6MEjN,http://i2.hdslb.com/bfs/archive/524c4f95145f9987042b2c3aacd8daa259d00c13.jpg
2026-06-15,2026-06-15 06:35:26,71,BV14bER62EaC,116726305920283,什么叫做攻击物是罗辑？,图灵测试未及格,影视杂谈,影视,182,804,1501208,5945,3283,117710,18316,36026,12687,1781102185,https://www.bilibili.com/video/BV14bER62EaC,http://i2.hdslb.com/bfs/archive/0a7cf1dc9025f5432a4ef34a0dc7d792e9fb5cf4.jpg
2026-06-15,2026-06-15 06:35:26,72,BV1v9ER68Ehn,116726037550411,当90后家长上门道歉,粤知一二,搞笑,娱乐,138,326,3235317,935,973,193382,4476,17250,3874,1781150400,https://www.bilibili.com/video/BV1v9ER68Ehn,http://i1.hdslb.com/bfs/archive/e85511614700f27bd0e2fcd34c7c665e61351380.jpg
2026-06-15,2026-06-15 06:35:26,73,BV1SGEq6eEAE,116731473302835,原来导演才是真正的跑男！,刘哔电影,影视杂谈,影视,182,1019,2511321,10586,4731,88444,23751,20736,5961,1781181041,https://www.bilibili.com/video/BV1SGEq6eEAE,http://i2.hdslb.com/bfs/archive/1883cda55dfc41d60d446d5670af8a5d56da8ea3.jpg
2026-06-15,2026-06-15 06:35:26,74,BV1zmJJ66EGV,116740683990254,科学家终于发现，克隆技术的绝望真相！,李论科学,科学科普,知识,201,292,1218898,1246,2690,90810,1521,7269,968,1781321958,https://www.bilibili.com/video/BV1zmJJ66EGV,http://i0.hdslb.com/bfs/archive/6c575e5b70dce8a7fec3947e8783762bc485dce4.jpg
2026-06-15,2026-06-15 06:35:26,75,BV1vEEi6rEHo,116729845979866,如德芙般丝滑的呼啦圈舞,不吃姜-Zzz,宅舞,舞蹈,20,21,2089710,90,971,147250,2574,49801,3038,1781156380,https://www.bilibili.com/video/BV1vEEi6rEHo,http://i0.hdslb.com/bfs/archive/af821f042f111dff731c0b63d7831ecdc7969bfa.jpg
2026-06-15,2026-06-15 06:35:26,76,BV14DEy6QEUp,116737194399487,剑来！！！！！！,高斯Goh,综艺,综艺,71,1085,651010,6261,1854,59330,27426,16017,1001,1781409600,https://www.bilibili.com/video/BV14DEy6QEUp,http://i0.hdslb.com/bfs/archive/1c29ec56cd5eb02b35d562829147bac0d0629e6b.jpg
2026-06-15,2026-06-15 06:35:26,77,BV1FAEi6DEiT,116729812618614,瑞斯拜考前50分系列 四六级必考词汇 26年新版,我是瑞斯拜,校园学习,知识,208,3112,1322159,33015,6151,53843,17435,60745,12529,1781155806,https://www.bilibili.com/video/BV1FAEi6DEiT,http://i0.hdslb.com/bfs/archive/7a738e32686f5231598afea4d598efd8410899fb.jpg
2026-06-15,2026-06-15 06:35:26,78,BV127Eq6cEVQ,116731154537963,净化班味,落客李,日常,生活,21,72,2409868,560,3671,158757,2585,11853,6705,1781176369,https://www.bilibili.com/video/BV127Eq6cEVQ,http://i2.hdslb.com/bfs/archive/ac82c79526dace057c747882bed701b72cd7a24a.jpg
2026-06-15,2026-06-15 06:35:26,79,BV1UzE765Ewm,116719964133557,还能再来一次吗…嘻嘻,小潮院长,搞笑,娱乐,138,2527,3375294,36371,5346,259435,124941,79231,4877,1781064000,https://www.bilibili.com/video/BV1UzE765Ewm,http://i2.hdslb.com/bfs/archive/085599ddfdef178bab136355914ff56026d92266.jpg
2026-06-15,2026-06-15 06:35:26,80,BV1xKE96CErp,116725265795009,景泰蓝,彭南科,手工,生活,161,644,817534,1354,793,87099,25234,10185,1236,1781182800,https://www.bilibili.com/video/BV1xKE96CErp,http://i2.hdslb.com/bfs/archive/9280f5b3ca2878e57e9bc2039d41452f7f6b5988.jpg
2026-06-15,2026-06-15 06:35:26,81,BV1gyJE69ESo,116741036317460,华强买瓜，但是艺术家,快乐阿托,鬼畜剧场,鬼畜剧场,216,163,1276723,1327,1791,65620,11601,13110,5874,1781326907,https://www.bilibili.com/video/BV1gyJE69ESo,http://i2.hdslb.com/bfs/archive/d43398e3694827aaf3a7334c50f62ddf1ffaa831.jpg
2026-06-15,2026-06-15 06:35:26,82,BV1YsJH6AEtF,116741707666989,你的意思是说，你被一头猪创死了？,图图图酱吖,单机游戏,游戏,17,170,915969,408,758,67999,1017,18829,2123,1781341737,https://www.bilibili.com/video/BV1YsJH6AEtF,http://i2.hdslb.com/bfs/archive/76db83f712d6f36cdad6e6325ef0aed57321f3da.jpg
2026-06-15,2026-06-15 06:35:26,83,BV157Ei6GELV,116729929795808,一枪秒杀？三角洲S10新赛季爆料！打头算马枪？,哈夫豆火箭兵,网络游戏,游戏,65,63,4143878,2458,4876,230589,2528,59143,45806,1781157687,https://www.bilibili.com/video/BV157Ei6GELV,http://i0.hdslb.com/bfs/archive/6d57fc21836a1ce8f052cdb1f6be0fef5a760cf6.jpg
2026-06-15,2026-06-15 06:35:26,84,BV1gNE26wEQP,116736389153115,“佐佐木先生怎么无精打采了” #在超市后门吞云吐雾的二人 #aigc #日剧推荐 #二创,蒜泥好次,影视剪辑,影视,183,133,1132456,359,1876,72656,9182,22266,6923,1781256219,https://www.bilibili.com/video/BV1gNE26wEQP,http://i1.hdslb.com/bfs/archive/3a27766b2bdba42295db4fac36848fe931846365.jpg
2026-06-15,2026-06-15 06:35:26,85,BV1W4EE6GECF,116719444036187,【某幻】《盛世天下》再返深宫，活下来！,某幻君,影视剪辑,影视,183,54810,11206475,153281,12797,110798,66690,64529,16503,1780998850,https://www.bilibili.com/video/BV1W4EE6GECF,http://i2.hdslb.com/bfs/archive/f47d9615812e7adcf174b811036e3e4cddc602d0.jpg
2026-06-15,2026-06-15 06:35:26,86,BV1nfJj6iErA,116740314957040,挑战给历史故事打tag（标签2）,混饭达人,娱乐杂谈,娱乐杂谈,241,92,1233467,2210,1287,126793,2533,13136,7431,1781316187,https://www.bilibili.com/video/BV1nfJj6iErA,http://i1.hdslb.com/bfs/archive/315cf3bf234f1af2314ceab7df7fa639bd143757.jpg
2026-06-15,2026-06-15 06:35:26,87,BV1eqEv6zEsy,116730030458484,温 柔 的 洛 恩,鼎芸,同人·手书,动画,47,255,674441,611,1027,133902,18047,40869,5743,1781159833,https://www.bilibili.com/video/BV1eqEv6zEsy,http://i0.hdslb.com/bfs/archive/e8bc00ca4ab1f2019f1e32af218a9b7a182e2675.jpg
2026-06-15,2026-06-15 06:35:26,88,BV1vQEC6wE6u,116735432727948,美国女孩一口气速通全河北【世界纪录55:56小时】,KerryDowdle,日常,生活,21,1482,863659,4202,3252,49905,13903,17427,2815,1781254800,https://www.bilibili.com/video/BV1vQEC6wE6u,http://i0.hdslb.com/bfs/archive/2e3401d029d6fe8a2917e48b68b70cd847a94eed.jpg
2026-06-15,2026-06-15 06:35:26,89,BV1sdJE6jEhN,116741187371338,植物大战僵尸bgm实力排行,东方日出哇,特摄,动画,86,787,1893628,4624,2311,98833,5789,25559,1361,1781329262,https://www.bilibili.com/video/BV1sdJE6jEhN,http://i0.hdslb.com/bfs/archive/19de21f1f78395328e55a17f237e9df9d0079804.jpg
2026-06-15,2026-06-15 06:35:26,90,BV1hrEy6ZEon,116736959519545,《😭如果良子说日语😭》,绫人太太啊,搞笑,娱乐,138,68,1369317,749,4674,127202,4033,13525,26137,1781264755,https://www.bilibili.com/video/BV1hrEy6ZEon,http://i0.hdslb.com/bfs/archive/566f1b3932b1eba571ede1c182f001b3dadcac28.jpg
2026-06-15,2026-06-15 06:35:26,91,BV1GfEe6iE3x,116730718391604,在上海吃到了玫瑰腐乳肉，长江这一路的酸甜苦辣咸脆鲜香咱也尝遍了！,食贫道,日常,生活,21,3090,2052500,11863,2359,85543,58546,21302,5488,1781172032,https://www.bilibili.com/video/BV1GfEe6iE3x,http://i2.hdslb.com/bfs/archive/4a9c83dc2fe0b8e2f2b219b00fcb3d86f5886915.jpg
2026-06-15,2026-06-15 06:35:26,92,BV1K8EC67EDk,116735600563464,用3000只生蚝做一道菜！最后真的不亏！,南翔,短片,动画,256,318,844135,1798,1687,74898,9649,7754,1046,1781254800,https://www.bilibili.com/video/BV1K8EC67EDk,http://i1.hdslb.com/bfs/archive/0b535c91058c6af6231b0b0d7ceca8e459b8e8d2.jpg
2026-06-15,2026-06-15 06:35:26,93,BV1h6Ey6bEZE,116737043399281,挑战 100元让爷爷和小姐姐们一起吃大餐,大森子哈哈哈,搞笑,娱乐,138,121,2658779,412,649,134437,4574,10212,386,1781267147,https://www.bilibili.com/video/BV1h6Ey6bEZE,http://i2.hdslb.com/bfs/archive/319f64ee88f974624e07d3086e73b98e73254fd3.jpg
2026-06-15,2026-06-15 06:35:26,94,BV1JWJE6MERP,116741338302009,【微电影】星河外卖员：悠哉，忙碌，还是伟大？,最后讲述者,鬼畜剧场,鬼畜剧场,216,319,790469,794,1028,56515,9042,12470,2262,1781331604,https://www.bilibili.com/video/BV1JWJE6MERP,http://i2.hdslb.com/bfs/archive/8c4c205c44b2d9f488f3a94d4a59334e83bcfead.jpg
2026-06-15,2026-06-15 06:35:26,95,BV1zhEq6HEJr,116731271972781,一个跟头十万八千里,孤鹜AH,搞笑,娱乐,138,119,1274324,355,878,75799,1986,16465,5320,1781258400,https://www.bilibili.com/video/BV1zhEq6HEJr,http://i0.hdslb.com/bfs/archive/75b1949484ad137d6bb1fc3891e30d26f0128483.jpg
2026-06-15,2026-06-15 06:35:26,96,BV1SDEq6BEbD,116730986825594,【20分钟速通四六级】各个题型的得分攻略、抢分技巧（四级考前急救速通干货版）,英语老师晓艳,日常,生活,21,1428,571082,2008,7742,42049,9961,25397,11568,1781173744,https://www.bilibili.com/video/BV1SDEq6BEbD,http://i1.hdslb.com/bfs/archive/b66e57f53c3861331848b70f3368f7685e8ce90c.jpg
2026-06-15,2026-06-15 06:35:26,97,BV1oMEC6hE3i,116735902489110,高考之后我就这么猖,大禹先生--,搞笑,娱乐,138,101,2421464,142,554,101943,488,6539,1930,1781259000,https://www.bilibili.com/video/BV1oMEC6hE3i,http://i1.hdslb.com/bfs/archive/0cf477c23e4d4ec32c7feb8076926871dd5b7dff.jpg
2026-06-15,2026-06-15 06:35:26,98,BV1QpJJ6oEoT,116740952429638,母爱的回响让我深深的触动,迪士尼在逃黄狗coco,汪星人,汪星人,219,70,939183,330,772,115516,3444,19829,1104,1781325897,https://www.bilibili.com/video/BV1QpJJ6oEoT,http://i0.hdslb.com/bfs/archive/c7775460ae82d923a2db9c7489f1d2717d968827.jpg
2026-06-15,2026-06-15 06:35:26,99,BV1aoEC6ZEF9,116735365614555,《执念尸》第一季合集,老宫特西范,短片,动画,256,2765,622389,3183,1701,36066,8245,22168,2941,1781240705,https://www.bilibili.com/video/BV1aoEC6ZEF9,http://i0.hdslb.com/bfs/archive/96dd88c3f40ffcb40f243b7e01453fced88d7ff3.jpg
2026-06-15,2026-06-15 06:35:26,100,BV1utJJ6sEjq,116740835051331,一个人一个包｜环游世界十二国｜地球最狂野的国家肯尼亚｜探索生命的禁区｜人类最原始的样子｜乞力马扎罗山｜,导演-罗杰,出行,生活,250,885,811502,2130,1604,62656,13088,7110,1205,1781324338,https://www.bilibili.com/video/BV1utJJ6sEjq,http://i0.hdslb.com/bfs/archive/54a6a04165dab3099b623cca5b9e5880948a13d8.jpg
2026-06-15,2026-06-15 15:35:01,1,BV1nAJK6PEwh,116749374593001,《原神》动画短片——「最后的遗产」,原神,手机游戏,游戏,172,1861,1239644,25111,20985,195514,209670,66562,47165,1781496000,https://www.bilibili.com/video/BV1nAJK6PEwh,http://i0.hdslb.com/bfs/archive/7643cfcbd6364efae92208ab8aeb5cc75ba6173a.jpg
2026-06-15,2026-06-15 15:35:01,2,BV1dNJL6XELa,116739207597022,《兔粮是你的谎言》,伤心欲茄222,搞笑,娱乐,138,105,6918730,1979,6828,433808,12863,29660,14706,1781323200,https://www.bilibili.com/video/BV1dNJL6XELa,http://i1.hdslb.com/bfs/archive/9a8ed432df0aa306afeff2f8010a26c276a6739d.jpg
2026-06-15,2026-06-15 15:35:01,3,BV1aEE16YECM,116736825362515,墙那边根本就没有厕所！！,二三哥哥鸭,搞笑,娱乐,138,54,6255912,1859,10116,492700,16811,85701,53486,1781262796,https://www.bilibili.com/video/BV1aEE16YECM,http://i2.hdslb.com/bfs/archive/48e1cb9c9f1bbb3477c19823da428e734e84841c.jpg
2026-06-15,2026-06-15 15:35:01,4,BV16kEC6MEWL,116735734716938,新地图解锁！影视飓风的电竞房？,影视飓风,数码,科技,95,764,2660550,24886,35153,194240,135976,66805,15800,1781254800,https://www.bilibili.com/video/BV16kEC6MEWL,http://i0.hdslb.com/bfs/archive/dde17e588b2675e5c877e200a1fe04b7d6f6ef12.jpg
2026-06-15,2026-06-15 15:35:01,5,BV1kFE161Evt,116736758257704,路边一块，经过雕刻，包你看了过目不忘！愿你成为自己的太阳，无需借谁的光,小梨家的和田玉,手工,生活,161,254,4268087,7168,13373,241511,14279,24826,8233,1781261629,https://www.bilibili.com/video/BV1kFE161Evt,http://i1.hdslb.com/bfs/archive/e136f92e20badb075eeddee4d31e6f12ff95b1c4.jpg
2026-06-15,2026-06-15 15:35:01,6,BV19sJH6NE2H,116741707601636,看一看早餐的质量怎么样#早餐#食品安全,陈大成bill,美食记录,美食,215,306,3985584,1268,3097,199412,17670,39386,7627,1781352000,https://www.bilibili.com/video/BV19sJH6NE2H,http://i0.hdslb.com/bfs/archive/583ad17b29d55a6f06c98eb251ec63dd9dfe7823.jpg
2026-06-15,2026-06-15 15:35:01,7,BV1VbJ56EEm6,116737731200556,《少年》-《下一个是谁7》主题曲,雨哥到处跑,日常,生活,21,214,966583,11158,7937,152886,155501,46295,10104,1781344800,https://www.bilibili.com/video/BV1VbJ56EEm6,http://i1.hdslb.com/bfs/archive/cfd71a09139489ecac6f57d54cd8753f5611e987.jpg
2026-06-15,2026-06-15 15:35:01,8,BV1uHEC6XEEu,116735684445746,无法预测！命运的最后抽卡！【水无月菌】,水无月菌,桌游棋牌,桌游棋牌,173,792,1964307,10944,5694,172380,118944,36197,16511,1781263800,https://www.bilibili.com/video/BV1uHEC6XEEu,http://i0.hdslb.com/bfs/archive/b17ce44c7e7e351f0e72f059450c8a637bd50b67.jpg
2026-06-15,2026-06-15 15:35:01,9,BV1tUEY6WE3t,116729409706038,《青春期恐龙幻想物语》,客岭苹果,日常,生活,21,307,2942232,973,2590,219110,22637,31492,5692,1781247600,https://www.bilibili.com/video/BV1tUEY6WE3t,http://i0.hdslb.com/bfs/archive/8341ec6136e31dbcff0bf1c3fd856a290761647d.jpg
2026-06-15,2026-06-15 15:35:01,10,BV1MrJ56gE5T,116737328546232,不是 我咋上高三了,名字即是无,日常,生活,21,64,3760064,9195,6972,361577,14124,62882,8992,1781270488,https://www.bilibili.com/video/BV1MrJ56gE5T,http://i2.hdslb.com/bfs/archive/05d045b23e87b5eda586511013238b1804764dfc.jpg
2026-06-15,2026-06-15 15:35:01,11,BV1jCJs6UE9S,116743888442795,美国“杰斐逊州”在哪里？【神奇组织51】,小约翰可汗,人文历史,知识,228,2465,1632474,12523,4386,114119,46005,29875,2299,1781406000,https://www.bilibili.com/video/BV1jCJs6UE9S,http://i0.hdslb.com/bfs/archive/74bddc7cf649e2ae7268b836596abfd15ed75dab.jpg
2026-06-15,2026-06-15 15:35:01,12,BV1QNJu6bEts,116751740179733,峰峦叠嶂间，此城何处寻？,鸣潮,手机游戏,游戏,172,477,1586599,8531,22420,94612,62132,19681,61155,1781492400,https://www.bilibili.com/video/BV1QNJu6bEts,http://i2.hdslb.com/bfs/archive/0dd7257472d03c50150cd38ff7efb425c8cfd40a.jpg
2026-06-15,2026-06-15 15:35:01,13,BV1iyJV6EEao,116738150636498,我找东西be like,老番茄,单机游戏,游戏,17,1331,1773380,5225,1523,146231,38543,30814,2554,1781321700,https://www.bilibili.com/video/BV1iyJV6EEao,http://i0.hdslb.com/bfs/archive/3f5eaaafe18db626804778a2b5f1fc6c86f69d7b.jpg
2026-06-15,2026-06-15 15:35:01,14,BV1J9EB6xEAB,116732178007836,洗衣机演奏一首《起风了》，以此纪念我的高中生活,非凯J,演奏,演奏,59,120,2711129,2959,6805,183800,35713,29433,17385,1781191722,https://www.bilibili.com/video/BV1J9EB6xEAB,http://i2.hdslb.com/bfs/archive/77250422542f6a41e3699f4e608ea69cbd013bc1.jpg
2026-06-15,2026-06-15 15:35:01,15,BV17GEi61EZK,116729913021505,循环歌单|【illusion】|“【静步の小曲】”,蛋某人音乐,乐评盘点,音乐,243,3065,2917041,406,1198,191507,2092,60222,909,1781222400,https://www.bilibili.com/video/BV17GEi61EZK,http://i1.hdslb.com/bfs/archive/a058cfdea8b92c0c38b5ab261cca0011c6cfdbd7.jpg
2026-06-15,2026-06-15 15:35:01,16,BV1tLJp6FEoP,116743368351213,我们成功了!核电站隐藏好结局-天下无核 测试服,六式zy,网络游戏,游戏,65,134,2309259,4599,6316,161913,7935,32908,12116,1781362821,https://www.bilibili.com/video/BV1tLJp6FEoP,http://i0.hdslb.com/bfs/archive/d9d4e0ffcf040c8032d6556ca23932dfc5b07500.jpg
2026-06-15,2026-06-15 15:35:01,17,BV1yBE16UENN,116736607131264,⚡烂梗小孩就要这样制裁⚡,萝卜不会整活,鬼畜剧场,鬼畜剧场,216,84,3048791,1657,12201,196542,3549,25726,14251,1781259573,https://www.bilibili.com/video/BV1yBE16UENN,http://i0.hdslb.com/bfs/archive/6e3ba8f4ecd8a7ba023dab7af1bcd4a321ec3a8c.jpg
2026-06-15,2026-06-15 15:35:01,18,BV1uWEe68E3e,116728688283040,别叫霞姐叫“侠姐”,卖萝卜乐,短片,动画,256,415,1484463,661,2410,198740,43222,27138,4738,1781167800,https://www.bilibili.com/video/BV1uWEe68E3e,http://i2.hdslb.com/bfs/archive/3e73c709a2d7a4de3bebdcd61b74c41cbfa788c7.jpg
2026-06-15,2026-06-15 15:35:01,19,BV1rvEr6NEpF,116735046845023,新三国up锐评老三国02：没有对比就没有伤害,吃蛋挞的折棒,影视剪辑,影视,183,1503,1173259,23223,10000,86215,59323,15749,1887,1781316000,https://www.bilibili.com/video/BV1rvEr6NEpF,http://i0.hdslb.com/bfs/archive/063dff13e9298258dfac0de8388de77eec14759a.jpg
2026-06-15,2026-06-15 15:35:01,20,BV1kwE165EJd,116736741480387,峰哥教大学生区分鹅腿鸭腿,峰哥亡命天涯,美食侦探,美食,212,327,2298156,6364,13270,112310,11131,12487,20542,1781261723,https://www.bilibili.com/video/BV1kwE165EJd,http://i0.hdslb.com/bfs/archive/15838c5454e36b8e42942f1c0d927a21b2fda9b9.jpg
2026-06-15,2026-06-15 15:35:01,21,BV1UtE16xESZ,116736523246103,爸爸打死妈妈时，她就在旁边 ...,法内狂徒高法师,社科·法律·心理,知识,124,167,888447,1699,3005,216079,102366,15755,1751,1781258087,https://www.bilibili.com/video/BV1UtE16xESZ,http://i1.hdslb.com/bfs/archive/a3875b7e4f11b69522f7e675a14b149155e13374.jpg
2026-06-15,2026-06-15 15:35:01,22,BV1nAE16CEBQ,116736791746687,带良子吃和平饭店，竟然花了xxxx!?,汤姆的混乱空间,搞笑,娱乐,138,521,2419159,6875,6817,150463,20638,13378,15276,1781262815,https://www.bilibili.com/video/BV1nAE16CEBQ,http://i1.hdslb.com/bfs/archive/bfc6076d0f650a20323d569169cc0aaa649a5b12.jpg
2026-06-15,2026-06-15 15:35:01,23,BV17WEk6aEiC,116734509981119,早安瑪莉,MountainHan-山含,综合,综合,27,31,1099612,250,3792,226617,15185,81240,17851,1781228100,https://www.bilibili.com/video/BV17WEk6aEiC,http://i1.hdslb.com/bfs/archive/686869adddff73e384d028f599f59a3a5e74e032.jpg
2026-06-15,2026-06-15 15:35:01,24,BV1HgE66YE6i,116733553674038,时间刚刚好,不是唐嘉琦,日常,生活,21,30,2928065,1110,2806,370050,11063,32445,4238,1781212830,https://www.bilibili.com/video/BV1HgE66YE6i,http://i2.hdslb.com/bfs/archive/8d7715367c3081e36d93407824ed51ff0da29863.jpg
2026-06-15,2026-06-15 15:35:01,25,BV1xfEq6AEWd,116730902874019,有什么比精神小妹爱上纯情男大的故事更狗血,马哥巨离谱,搞笑,娱乐,138,490,5179500,7564,8686,201121,69135,29343,11637,1781172690,https://www.bilibili.com/video/BV1xfEq6AEWd,http://i1.hdslb.com/bfs/archive/100cd065a4f0f62b6980cc2c06947eff9d51b1bd.jpg
2026-06-15,2026-06-15 15:35:01,26,BV1t2EY6REu4,116729359370195,“有些鸟儿注定是关不住的”【I dont want to play around】【魔丸之卵の小曲】,早睡起大王,音乐综合,音乐,130,253,1934505,9921,4449,196713,3348,40455,9406,1781150400,https://www.bilibili.com/video/BV1t2EY6REu4,http://i1.hdslb.com/bfs/archive/650366b932bf4bf768b90d2763c3d956b8b65559.jpg
2026-06-15,2026-06-15 15:35:01,27,BV11gEk63EF6,116734325496724,【鸣潮微电影】至今我仍深爱着你——坎特蕾拉,Glorious_青蓝紫,同人·手书,动画,47,440,676815,1368,2355,83693,37406,44094,6803,1781235000,https://www.bilibili.com/video/BV11gEk63EF6,http://i2.hdslb.com/bfs/archive/17b3688f6e270c3dc240514d8742f22d6a33615a.jpg
2026-06-15,2026-06-15 15:35:01,28,BV1cLE96qEHo,116724963739894,评论区摄影大赛之视觉创意篇第二弹开启，欢迎投稿好的作品会让更多人看到。,摄影恩哥,日常,生活,21,165,2781481,615,5268,138447,1369,7350,343,1781256600,https://www.bilibili.com/video/BV1cLE96qEHo,http://i0.hdslb.com/bfs/archive/5afee256963bc3f2a894e13a036b37bd27752c1a.jpg
2026-06-15,2026-06-15 15:35:01,29,BV1K3EZ6dEZz,116726876342805,一百万只马达加斯加企鹅能否战胜一拳超人？,Toaster_ok,单机游戏,游戏,17,62,4842092,1752,8380,317374,3755,41091,20578,1781111385,https://www.bilibili.com/video/BV1K3EZ6dEZz,http://i2.hdslb.com/bfs/archive/4e5b8ebcb64d6ed31988f9c35168982aa24477ff.jpg
2026-06-15,2026-06-15 15:35:01,30,BV1S2Ey6sEYs,116736976361299,0%成功率的吉尼斯挑战（AI给出的结论）！,剑客范十三,运动综合,运动,238,216,1124246,5910,2709,134040,13142,9786,731,1781266817,https://www.bilibili.com/video/BV1S2Ey6sEYs,http://i0.hdslb.com/bfs/archive/b8c27821ea52fc39badab054fc41d2ae9e1cbc88.jpg
2026-06-15,2026-06-15 15:35:01,31,BV17nJ569EKk,116737479543698,幻想向：你永远是你妈生的,四夕小田木_,小剧场,娱乐,85,152,2228656,602,2054,135696,9159,14393,4243,1781309400,https://www.bilibili.com/video/BV17nJ569EKk,http://i0.hdslb.com/bfs/archive/5c4ea1eede14dca688cb8027f683eae89ac55511.jpg
2026-06-15,2026-06-15 15:35:01,32,BV1SMEv6bEcf,116730684775304,我去了趟韩国，怎么到处都是汉字啊？？,有山先生,人文历史,知识,228,1724,814965,8918,3798,92626,88980,25427,2382,1781254800,https://www.bilibili.com/video/BV1SMEv6bEcf,http://i2.hdslb.com/bfs/archive/17a38348dd3aa9f7b6892177f3a606baf847a81c.jpg
2026-06-15,2026-06-15 15:35:01,33,BV1rCE16LEz9,116736556800563,动物园里有什么…（总感觉哪里不对,香菇早安,汪星人,汪星人,219,27,1825774,510,2997,193740,3890,27484,18866,1781258567,https://www.bilibili.com/video/BV1rCE16LEz9,http://i1.hdslb.com/bfs/archive/5726a2abfed40ea79d707446e6c9b9530cc7a84a.jpg
2026-06-15,2026-06-15 15:35:01,34,BV1JKE16rErj,116736691082807,所以什么时候还我五块钱,香蕉猫的快乐生活,搞笑,娱乐,138,62,3442583,354,2189,208309,1071,11938,779,1781260621,https://www.bilibili.com/video/BV1JKE16rErj,http://i2.hdslb.com/bfs/archive/c635a78ab9975fbe75dcd91d5ed1a15c7fd4a816.jpg
2026-06-15,2026-06-15 15:35:01,35,BV1dmJP6sEgd,116748384731561,迈克尔杰克逊的billiejean，斗胆跳一段。,特崮斯,篮球,运动,235,67,1105003,682,3186,203966,33990,15276,3109,1781439271,https://www.bilibili.com/video/BV1dmJP6sEgd,http://i2.hdslb.com/bfs/archive/d06b949e7976e0c255a0f4885cb8a3acf0165294.jpg
2026-06-15,2026-06-15 15:35:01,36,BV1XLEC6dEoU,116736019929002,桃农发视频求助防虫办法，不料评论区被“爬虫佬”攻占，桃农：跟我说卖虫子比卖桃赚钱，只用五天就办理了营业执照，好桃正常卖 坏果用来饲养甲虫,大象新闻,社会,社会,205,23,4485508,177,4238,198429,1550,7624,1711,1781250587,https://www.bilibili.com/video/BV1XLEC6dEoU,http://i1.hdslb.com/bfs/archive/d98affe57c01282ef725a9536b60c79d8e84d6d3.jpg
2026-06-15,2026-06-15 15:35:01,37,BV1nyEi69EoZ,116731708246773,建议口语平淡的都来试下这个练习,po老师英语版,校园学习,知识,208,102,1063284,127,818,151688,7772,61896,3400,1781184784,https://www.bilibili.com/video/BV1nyEi69EoZ,http://i2.hdslb.com/bfs/archive/948eb8b6496dc207f0fff1635f2da8d24e9b932e.jpg
2026-06-15,2026-06-15 15:35:01,38,BV18VED63EBi,116722866586138,认为自己旅游运差时可以看看我.,风景旅行收藏家,日常,生活,21,163,4720089,3908,10567,627221,30510,245053,18597,1781064000,https://www.bilibili.com/video/BV18VED63EBi,http://i0.hdslb.com/bfs/archive/45526dcb51d3f4a21d85270926d87f0374679047.jpg
2026-06-15,2026-06-15 15:35:01,39,BV1ZoEB6pEZa,116732211501684,仅推荐给有趣的人,酸子阿,日常,生活,21,31,4025511,403,2016,192809,12896,14793,6763,1781260200,https://www.bilibili.com/video/BV1ZoEB6pEZa,http://i1.hdslb.com/bfs/archive/2e5bdef2ba9b4f0bb135aa086ccdac8e455c2c43.jpg
2026-06-15,2026-06-15 15:35:01,40,BV1hsE16bEY4,116736489821737,电到的人越多，医术越高明【 原神：元素战争 】,No_Tables,手机游戏,游戏,172,95,1091748,1011,2418,127143,25331,37225,5498,1781258400,https://www.bilibili.com/video/BV1hsE16bEY4,http://i1.hdslb.com/bfs/archive/21176541a8d945c32df9c3ed24bd8d060c5f9e29.jpg
2026-06-15,2026-06-15 15:35:01,41,BV185Js6BE4i,116744140097496,【i-dle】 'Crow' Official Music Video,i-dle_official,音乐综合,音乐,130,203,448817,15091,13171,51310,40027,17051,11923,1781442000,https://www.bilibili.com/video/BV185Js6BE4i,http://i0.hdslb.com/bfs/archive/27cbbd5112c850b931b2cfbf635e6dc8852dc99c.jpg
2026-06-15,2026-06-15 15:35:01,42,BV1R3EC6bEmr,116736070261635,《三角洲行动》新干员档案：加布里埃尔·默里尔—代号液氮,三角洲行动,GMV,GMV,121,153,2095880,2659,11428,110854,3465,30225,14024,1781251234,https://www.bilibili.com/video/BV1R3EC6bEmr,http://i2.hdslb.com/bfs/archive/3e83a08b1eb5aa3b0e70844621840123d0794e1b.jpg
2026-06-15,2026-06-15 15:35:01,43,BV1otE96tE36,116725097960466,懒人为了“顺手”俩字，到底能做多少收纳？,海边二狗哥,家居房产,家居房产,239,580,3289935,3797,6161,184558,17846,88144,19765,1781083688,https://www.bilibili.com/video/BV1otE96tE36,http://i0.hdslb.com/bfs/archive/78553b00560ed356b43f06f4c094db857587023c.jpg
2026-06-15,2026-06-15 15:35:01,44,BV11GEv6dEvW,116730298895024,《弧光猎人》弧光测试PV&国服事件预告｜星火燎原,弧光猎人_ARCRaiders,单机游戏,游戏,17,175,6522584,2740,5712,89408,45537,50538,9718,1781229600,https://www.bilibili.com/video/BV11GEv6dEvW,http://i0.hdslb.com/bfs/archive/a8c4284d82a7291fb37cad37789d97562b629eed.jpg
2026-06-15,2026-06-15 15:35:01,45,BV1awEG6NEgk,116715065187050,呃 你有点太重力了,hanser,综合,综合,27,229,863991,712,2221,82355,21743,37006,2838,1781255700,https://www.bilibili.com/video/BV1awEG6NEgk,http://i0.hdslb.com/bfs/archive/37e7fbf6e02be2c62ee40522828636f209a31350.jpg
2026-06-15,2026-06-15 15:35:01,46,BV17TEC6AE3Z,116735919331481,我们做了个不一样的拐杖...,老师好我叫何同学,数码,科技,95,420,1136680,1712,1531,120948,68201,21119,1703,1781256600,https://www.bilibili.com/video/BV17TEC6AE3Z,http://i1.hdslb.com/bfs/archive/eba34b3f270343f2e9d00cfe39017bc85914227f.jpg
2026-06-15,2026-06-15 15:35:01,47,BV1eAEq6rExJ,116731506988938,为了这稀有的粉色螺珠，我在加勒比海与2米长大鲨鱼搏斗许久，差点就掉线了！,OK哥环球探海记,出行,生活,250,1463,9097904,10494,2048,209306,29104,165096,3768,1781233200,https://www.bilibili.com/video/BV1eAEq6rExJ,http://i0.hdslb.com/bfs/archive/9c69c1655eea63f4cb4b104dc83f5c17a163e18c.jpg
2026-06-15,2026-06-15 15:35:01,48,BV1KkEK6CELv,116712112397979,星际超级荒诞动画喜剧！《外星小偷里贝》第03话：上岸星球【UP动画】,梦游牛油果官方频道,小剧场,娱乐,85,828,5437099,3989,7440,252496,46958,74416,23439,1781172001,https://www.bilibili.com/video/BV1KkEK6CELv,http://i2.hdslb.com/bfs/archive/bf2234cfac7b170ad622d34b94e81a6ca8687ce9.jpg
2026-06-15,2026-06-15 15:35:01,49,BV1fwEC6vEny,116735969591740,听到这个版本前我简直在乱唱,于梓贝的id,翻唱,音乐,31,21,664245,259,1621,170653,9553,43516,3340,1781249737,https://www.bilibili.com/video/BV1fwEC6vEny,http://i0.hdslb.com/bfs/archive/895d970762f54b6001d4d9f261e5bade73e8d6e8.jpg
2026-06-15,2026-06-15 15:35:01,50,BV14bE16dEZd,116736506594533,18禁的两头堵营销！,穆天然-,搞笑,娱乐,138,18,3181954,118,1040,191771,712,12096,1131,1781258001,https://www.bilibili.com/video/BV14bE16dEZd,http://i0.hdslb.com/bfs/archive/ff004e443f3cc430e1334fb851ed3f8f24dc78e8.jpg
2026-06-15,2026-06-15 15:35:01,51,BV1T2Jj6yEgD,116740180674530,张杰谢娜两口子不要再闹了好吗？【爆笑演唱会名场面】,一只吐槽圆,娱乐杂谈,娱乐杂谈,241,551,2765254,31090,6117,83731,10896,13624,44837,1781314126,https://www.bilibili.com/video/BV1T2Jj6yEgD,http://i0.hdslb.com/bfs/archive/f77e79d34c13d35be78980aaec4d5e2002bdd26c.jpg
2026-06-15,2026-06-15 15:35:01,52,BV1caJw6ZEwT,116747445208084,你懂白鹿吗？——内娱嘉欣,玉玉__,娱乐粉丝创作,娱乐,242,710,1358904,5299,3953,102672,18541,17920,4755,1781425006,https://www.bilibili.com/video/BV1caJw6ZEwT,http://i1.hdslb.com/bfs/archive/b0e3f677673a83698198228b72e9ea8b69eb5cfa.jpg
2026-06-15,2026-06-15 15:35:01,53,BV17YEv6VEUx,116730416469936,动态视频｜吸进身体的二手烟，到底有多脏？,亿点点不一样,科学科普,知识,201,147,2193546,2059,9873,273862,45723,39002,35638,1781168400,https://www.bilibili.com/video/BV17YEv6VEUx,http://i0.hdslb.com/bfs/archive/aad0b8823127354b6857ac449fe2ff4268b2b832.jpg
2026-06-15,2026-06-15 15:35:01,54,BV17hJn63EvU,116742093278532,地牢酒馆-14集 《人鱼的配方与深海来客》,粘土工厂,单机游戏,游戏,17,223,605935,1362,2044,109851,20023,11217,1478,1781343177,https://www.bilibili.com/video/BV17hJn63EvU,http://i0.hdslb.com/bfs/archive/db96e1253e91db964081083f790a5aab56dd89e8.jpg
2026-06-15,2026-06-15 15:35:01,55,BV1JKE16rE4L,116736691084132,一个抽烟的女人，凭什么治愈了全球社畜？,天真无邪老Ty,综合,综合,27,532,871167,2602,6050,61090,15644,23830,5342,1781260722,https://www.bilibili.com/video/BV1JKE16rE4L,http://i0.hdslb.com/bfs/archive/9edfae6fd994cd6fde206e1e5f686314ea33276a.jpg
2026-06-15,2026-06-15 15:35:01,56,BV14DEy6QEUp,116737194399487,剑来！！！！！！,高斯Goh,综艺,综艺,71,1085,793754,6598,1980,66150,30271,17364,1156,1781409600,https://www.bilibili.com/video/BV14DEy6QEUp,http://i0.hdslb.com/bfs/archive/1c29ec56cd5eb02b35d562829147bac0d0629e6b.jpg
2026-06-15,2026-06-15 15:35:01,57,BV14MJj66EWB,116738788169472,一方水土养一方舞蹈,我的老师有高度,舞蹈综合,舞蹈综合,154,349,1102957,692,1999,94060,6318,11788,2770,1781308800,https://www.bilibili.com/video/BV14MJj66EWB,http://i2.hdslb.com/bfs/archive/907f426f4912bb15708879e9fc8a2798b776cda5.jpg
2026-06-15,2026-06-15 15:35:01,58,BV1MzJ56rEky,116737278215918,“虽然是个无所谓的夜晚🚬”NIGHT DANCER,土埋了半截的人,MAD·AMV,MAD·AMV,24,87,1114740,642,2494,132527,15793,62680,3675,1781269870,https://www.bilibili.com/video/BV1MzJ56rEky,http://i2.hdslb.com/bfs/archive/a2e871a997f84226169f228a7314be1c9051e29e.jpg
2026-06-15,2026-06-15 15:35:01,59,BV1xjJn6DEch,116742445597343,【干货】如何区分鹅腿和鸭腿？,闪电侠-flash,校园学习,知识,208,53,2321581,5603,6105,180418,2152,10606,6169,1781348560,https://www.bilibili.com/video/BV1xjJn6DEch,http://i2.hdslb.com/bfs/archive/cfc06208a7a01e856a69de77046bdc631112d432.jpg
2026-06-15,2026-06-15 15:35:01,60,BV1zmJJ66EGV,116740683990254,科学家终于发现，克隆技术的绝望真相！,李论科学,科学科普,知识,201,292,1346765,1411,3157,99242,1702,8072,1141,1781321958,https://www.bilibili.com/video/BV1zmJJ66EGV,http://i0.hdslb.com/bfs/archive/6c575e5b70dce8a7fec3947e8783762bc485dce4.jpg
2026-06-15,2026-06-15 15:35:01,61,BV1maE169Eng,116736406000961,SpaceX上市，背后在玩什么资本游戏?,小Lin说,财经商业,知识,207,1328,1382586,7485,6134,58505,20766,17853,10056,1781269200,https://www.bilibili.com/video/BV1maE169Eng,http://i0.hdslb.com/bfs/archive/ed63226a66dc05192f014e9d15343809d10c6342.jpg
2026-06-15,2026-06-15 15:35:01,62,BV1fYEz6ZEUF,116732077345009,正颌做反毁容｜一首祝福转盘舞送给我主刀,做梦都想回到术前,日常,生活,21,42,1124926,1249,3142,212921,30942,6042,1683,1781190401,https://www.bilibili.com/video/BV1fYEz6ZEUF,http://i0.hdslb.com/bfs/archive/a668c3e9e80f64518ca251c269f406f07f79c116.jpg
2026-06-15,2026-06-15 15:35:01,63,BV1ziJV69E6Z,116738234523085,你是说我小时候造了一个超大过山车和半个耶稣像？！？过山车？！,蚊子CuO,单机游戏,游戏,17,832,724260,3857,1974,77478,12098,15819,822,1781284427,https://www.bilibili.com/video/BV1ziJV69E6Z,http://i2.hdslb.com/bfs/archive/e4bfda38efbd4e390de425b77f6569dfd48c99db.jpg
2026-06-15,2026-06-15 15:35:01,64,BV1PBE16SE7W,116736607197706,拉屎这件小事！,一串大福,搞笑,娱乐,138,180,1433383,997,875,89975,2326,9926,744,1781259927,https://www.bilibili.com/video/BV1PBE16SE7W,http://i0.hdslb.com/bfs/archive/927740032b16e6a453e372233394b8f9193f9de7.jpg
2026-06-15,2026-06-15 15:35:01,65,BV1stE863Ekd,116709864315059,禁播的中国邪典行为艺术：肋骨做项圈、水泥活埋24小时、倒吊放血自残,捕月说,人文历史,知识,228,664,1769565,2645,1724,65408,1179,15494,2758,1781259000,https://www.bilibili.com/video/BV1stE863Ekd,http://i0.hdslb.com/bfs/archive/06fd457b1d7b9d7b3b8bbed3c20a75610328b693.jpg
2026-06-15,2026-06-15 15:35:01,66,BV1P3E96gEY7,116724946967930,最性价比的ROG全家桶,白菜家的AMD,数码,科技,95,263,1446727,2410,6870,146691,4362,39837,24081,1781082137,https://www.bilibili.com/video/BV1P3E96gEY7,http://i0.hdslb.com/bfs/archive/229e1b59ab4208272f6d3eedafd10a932c186047.jpg
2026-06-15,2026-06-15 15:35:01,67,BV1VBJE6ZEFC,116741371855445,摇一摇,UU学弟,舞蹈综合,舞蹈综合,154,21,2367376,672,3704,150295,1165,16453,7542,1781332110,https://www.bilibili.com/video/BV1VBJE6ZEFC,http://i0.hdslb.com/bfs/archive/640d0854c716d8af90f305651a0cc8fe5d7cfc0f.jpg
2026-06-15,2026-06-15 15:35:01,68,BV1gyJE69ESo,116741036317460,华强买瓜，但是艺术家,快乐阿托,鬼畜剧场,鬼畜剧场,216,163,1396673,1435,1941,71239,12893,14518,6495,1781326907,https://www.bilibili.com/video/BV1gyJE69ESo,http://i2.hdslb.com/bfs/archive/d43398e3694827aaf3a7334c50f62ddf1ffaa831.jpg
2026-06-15,2026-06-15 15:35:01,69,BV1gNE26wEQP,116736389153115,“佐佐木先生怎么无精打采了” #在超市后门吞云吐雾的二人 #aigc #日剧推荐 #二创,蒜泥好次,影视剪辑,影视,183,133,1371958,398,2143,77528,10030,24334,7806,1781256219,https://www.bilibili.com/video/BV1gNE26wEQP,http://i1.hdslb.com/bfs/archive/3a27766b2bdba42295db4fac36848fe931846365.jpg
2026-06-15,2026-06-15 15:35:01,70,BV1FzEr6YExJ,116734929474758,《绝区零》维琳娜角色展示 | 茶会一如既往,绝区零,手机游戏,游戏,172,560,1484145,4365,6537,108227,40703,22483,14070,1781236800,https://www.bilibili.com/video/BV1FzEr6YExJ,http://i2.hdslb.com/bfs/archive/8ec631834f8834321e589d503dc5598aacdfd55c.jpg
2026-06-15,2026-06-15 15:35:01,71,BV1nfJj6iErA,116740314957040,挑战给历史故事打tag（标签2）,混饭达人,娱乐杂谈,娱乐杂谈,241,92,1292258,2384,1341,134582,2827,14051,8112,1781316187,https://www.bilibili.com/video/BV1nfJj6iErA,http://i1.hdslb.com/bfs/archive/315cf3bf234f1af2314ceab7df7fa639bd143757.jpg
2026-06-15,2026-06-15 15:35:01,72,BV1YsJH6AEtF,116741707666989,你的意思是说，你被一头猪创死了？,图图图酱吖,单机游戏,游戏,17,170,984737,417,774,71396,1127,20398,2246,1781341737,https://www.bilibili.com/video/BV1YsJH6AEtF,http://i2.hdslb.com/bfs/archive/76db83f712d6f36cdad6e6325ef0aed57321f3da.jpg
2026-06-15,2026-06-15 15:35:01,73,BV1JWJE6MERP,116741338302009,【微电影】星河外卖员：悠哉，忙碌，还是伟大？,最后讲述者,鬼畜剧场,鬼畜剧场,216,319,933592,873,1146,64387,10346,14329,2697,1781331604,https://www.bilibili.com/video/BV1JWJE6MERP,http://i2.hdslb.com/bfs/archive/8c4c205c44b2d9f488f3a94d4a59334e83bcfead.jpg
2026-06-15,2026-06-15 15:35:01,74,BV1vQEC6wE6u,116735432727948,美国女孩一口气速通全河北【世界纪录55:56小时】,KerryDowdle,日常,生活,21,2964,905714,4336,3350,51932,14519,18140,2959,1781254800,https://www.bilibili.com/video/BV1vQEC6wE6u,http://i0.hdslb.com/bfs/archive/2e3401d029d6fe8a2917e48b68b70cd847a94eed.jpg
2026-06-15,2026-06-15 15:35:01,75,BV1p7Ey65ELv,116735080399387,⚡ 下次再一起吧，山田小姐~⚡,学姐圆,MAD·AMV,MAD·AMV,24,109,782629,251,2244,113068,6023,22934,3112,1781236058,https://www.bilibili.com/video/BV1p7Ey65ELv,http://i1.hdslb.com/bfs/archive/5b0562a6e0a46f0e84fc91128c061c03adfbd8bd.jpg
2026-06-15,2026-06-15 15:35:01,76,BV1hrEy6ZEon,116736959519545,《😭如果良子说日语😭》,绫人太太啊,搞笑,娱乐,138,68,1444469,784,5041,134736,4367,14323,28176,1781264755,https://www.bilibili.com/video/BV1hrEy6ZEon,http://i0.hdslb.com/bfs/archive/566f1b3932b1eba571ede1c182f001b3dadcac28.jpg
2026-06-15,2026-06-15 15:35:01,77,BV14WJs6aEjY,116744106546475,来！随机抽一张~被猜到的话有惩罚哦~[潦草罗德岛],壹色玻鲤,同人·手书,动画,47,113,521127,623,997,96053,13151,29701,2740,1781373781,https://www.bilibili.com/video/BV14WJs6aEjY,http://i1.hdslb.com/bfs/archive/44fc6e6dca853d645d4a664d4217837aadc37c85.jpg
2026-06-15,2026-06-15 15:35:01,78,BV1QpJJ6oEoT,116740952429638,母爱的回响让我深深的触动,迪士尼在逃黄狗coco,汪星人,汪星人,219,70,1090080,352,843,128914,3976,22716,1248,1781325897,https://www.bilibili.com/video/BV1QpJJ6oEoT,http://i0.hdslb.com/bfs/archive/c7775460ae82d923a2db9c7489f1d2717d968827.jpg
2026-06-15,2026-06-15 15:35:01,79,BV1K8EC67EDk,116735600563464,用3000只生蚝做一道菜！最后真的不亏！,南翔,短片,动画,256,318,867105,1836,1725,76335,9885,7876,1080,1781254800,https://www.bilibili.com/video/BV1K8EC67EDk,http://i1.hdslb.com/bfs/archive/0b535c91058c6af6231b0b0d7ceca8e459b8e8d2.jpg
2026-06-15,2026-06-15 15:35:01,80,BV1sJEZ6nEjb,116726591198647,18岁｜替身使者，会相互吸引。jojo黑帮摇敬上！,悠哈酱Yo,宅舞,舞蹈,20,48,3703046,1514,6176,432031,30216,85973,10429,1781106772,https://www.bilibili.com/video/BV1sJEZ6nEjb,http://i0.hdslb.com/bfs/archive/b9799045e8e31d3e2632dee2755f381c7639ef20.jpg
2026-06-15,2026-06-15 15:35:01,81,BV1M3Ev6tEJc,116730315740748,带猫结婚vlog，海棠给我当伴郎,海棠_HaiTang-,出行,生活,250,493,554043,4073,1808,104908,43089,7691,1793,1781229600,https://www.bilibili.com/video/BV1M3Ev6tEJc,http://i0.hdslb.com/bfs/archive/ff49c5addb28c7d12b81e68aec178c47c85de1e3.jpg
2026-06-15,2026-06-15 15:35:01,82,BV1DtJH6wEcU,116741740957046,听砖家说每天只睡四个小时对生活没有影响,仙女山森林之眼,出行,生活,250,33,2417063,169,3964,147667,740,6371,1816,1781337734,https://www.bilibili.com/video/BV1DtJH6wEcU,http://i1.hdslb.com/bfs/archive/ef4e9819a5230cbf6c4576438aa77d05710c7009.jpg
2026-06-15,2026-06-15 15:35:01,83,BV16KEi6SEnm,116729711757097,小猫一样的Sarah,第11个音符,颜值·网红舞,颜值·网红舞,255,17,1893412,171,993,220885,2887,23659,2273,1781154098,https://www.bilibili.com/video/BV16KEi6SEnm,http://i2.hdslb.com/bfs/archive/9fccc0ce062259a16d94f16b13d5dd496e4b73df.jpg
2026-06-15,2026-06-15 15:35:01,84,BV1oQEe6gEFg,116730600884173,如何骗走CIA三百根金条,燕三嘤嘤嘤,人文历史,知识,228,1122,1845270,7735,4428,104901,23823,16642,2476,1781236200,https://www.bilibili.com/video/BV1oQEe6gEFg,http://i2.hdslb.com/bfs/archive/a1a0304a7c782538e474fc6c84ace95b3780968a.jpg
2026-06-15,2026-06-15 15:35:01,85,BV1sdJE6jEhN,116741187371338,植物大战僵尸bgm实力排行,东方日出哇,特摄,动画,86,787,2327645,5023,2501,106679,6738,29437,1541,1781329262,https://www.bilibili.com/video/BV1sdJE6jEhN,http://i0.hdslb.com/bfs/archive/19de21f1f78395328e55a17f237e9df9d0079804.jpg
2026-06-15,2026-06-15 15:35:01,86,BV1h6Ey6bEZE,116737043399281,挑战 100元让爷爷和小姐姐们一起吃大餐,大森子哈哈哈,搞笑,娱乐,138,121,2665230,415,655,134728,4622,10229,392,1781267147,https://www.bilibili.com/video/BV1h6Ey6bEZE,http://i2.hdslb.com/bfs/archive/319f64ee88f974624e07d3086e73b98e73254fd3.jpg
2026-06-15,2026-06-15 15:35:01,87,BV1oMEC6hE3i,116735902489110,高考之后我就这么猖,大禹先生--,搞笑,娱乐,138,101,2514723,150,587,106125,531,6779,1937,1781259000,https://www.bilibili.com/video/BV1oMEC6hE3i,http://i1.hdslb.com/bfs/archive/0cf477c23e4d4ec32c7feb8076926871dd5b7dff.jpg
2026-06-15,2026-06-15 15:35:01,88,BV1zhEq6HEJr,116731271972781,一个跟头十万八千里,孤鹜AH,搞笑,娱乐,138,119,1317627,365,899,78167,2059,16901,5443,1781258400,https://www.bilibili.com/video/BV1zhEq6HEJr,http://i0.hdslb.com/bfs/archive/75b1949484ad137d6bb1fc3891e30d26f0128483.jpg
2026-06-15,2026-06-15 15:35:01,89,BV1PcJH6DEVv,116742026166887,世界杯正式开赛，闹出了多少风波？,麻薯波比呀,社科·法律·心理,知识,124,962,1155485,7191,2070,67752,6855,7497,996,1781344281,https://www.bilibili.com/video/BV1PcJH6DEVv,http://i2.hdslb.com/bfs/archive/778ca2adb6384851af09ecab00edd5d80bf98c83.jpg
2026-06-15,2026-06-15 15:35:01,90,BV1EvJp6jExa,116742881804842,和刘晓庆再返深宫，活下来！,某幻君,影视剪辑,影视,183,9268,1183120,4683,1909,51672,10570,10589,3419,1781355834,https://www.bilibili.com/video/BV1EvJp6jExa,http://i0.hdslb.com/bfs/archive/d89a0518f09d88f0e177892ef4fd686c9d346bc2.jpg
2026-06-15,2026-06-15 15:35:01,91,BV1F4Ev67E6H,116730483513512,这猫…还能活吗,刘小鹿是小鹿6,喵星人,喵星人,218,193,764305,1177,1924,96693,46650,17583,3244,1781166018,https://www.bilibili.com/video/BV1F4Ev67E6H,http://i0.hdslb.com/bfs/archive/5736ae053cb46f1363c2d6654dd9a379a4bff276.jpg
2026-06-15,2026-06-15 15:35:01,92,BV1UFJN6jEZz,116747982080905,中国的危与机？中美俄欧中东，AI美债美元，混乱世界中|正在发生 ep1 翟东升,王骁Albert,财经商业,知识,207,8295,460599,11371,3677,37552,29034,19673,4608,1781434800,https://www.bilibili.com/video/BV1UFJN6jEZz,http://i2.hdslb.com/bfs/archive/8fdde637aaee057b244a01cd6931a1b0c253714f.jpg
2026-06-15,2026-06-15 15:35:01,93,BV1PPJW64E64,116742831473067,越喜欢跑得越远！我也来挑战一下,作家沈石溪,人文历史,知识,228,84,996671,1009,1335,128794,1371,10627,2799,1781354506,https://www.bilibili.com/video/BV1PPJW64E64,http://i0.hdslb.com/bfs/archive/1a33524f939df7c8f4061bdc29d3afef3e9c8443.jpg
2026-06-15,2026-06-15 15:35:01,94,BV1utJJ6sEjq,116740835051331,一个人一个包｜环游世界十二国｜地球最狂野的国家肯尼亚｜探索生命的禁区｜人类最原始的样子｜乞力马扎罗山｜,导演-罗杰,出行,生活,250,885,826669,2181,1653,64389,13738,7398,1249,1781324338,https://www.bilibili.com/video/BV1utJJ6sEjq,http://i0.hdslb.com/bfs/archive/54a6a04165dab3099b623cca5b9e5880948a13d8.jpg
2026-06-15,2026-06-15 15:35:01,95,BV1aoEC6ZEF9,116735365614555,《执念尸》第一季合集,老宫特西范,短片,动画,256,2765,695983,3440,1816,39488,9073,24257,3358,1781240705,https://www.bilibili.com/video/BV1aoEC6ZEF9,http://i0.hdslb.com/bfs/archive/96dd88c3f40ffcb40f243b7e01453fced88d7ff3.jpg
2026-06-15,2026-06-15 15:35:01,96,BV1CFJJ6CE2E,116741204219143,《同学录》,是许木木啊,日常,生活,21,668,760699,1713,1632,66927,6549,14570,1034,1781343000,https://www.bilibili.com/video/BV1CFJJ6CE2E,http://i1.hdslb.com/bfs/archive/e835653d5dd827aabcbafc9f3239aa25c41370f2.jpg
2026-06-15,2026-06-15 15:35:01,97,BV1wZEk6uEbh,116735952819869,把女朋友的人生瞬间做成盲盒送给她,曾文招,日常,生活,21,262,453951,426,1670,70980,12092,13628,2490,1781343000,https://www.bilibili.com/video/BV1wZEk6uEbh,http://i2.hdslb.com/bfs/archive/02c355aee3c904b621909c0e1043f79fc5a40bf4.jpg
2026-06-15,2026-06-15 15:35:01,98,BV1GrJE6dEYM,116741405415347,师傅，你这蛋糕怎么又绿又黑的,我独自做面包,美食制作,美食,76,201,1004277,834,762,81891,2793,4050,1125,1781332699,https://www.bilibili.com/video/BV1GrJE6dEYM,http://i0.hdslb.com/bfs/archive/049f173f09f762f9f8af9ce98b9d049e05af12e9.jpg
2026-06-15,2026-06-15 15:35:01,99,BV1UzE765Ewm,116719964133557,还能再来一次吗…嘻嘻,小潮院长,搞笑,娱乐,138,2527,3435458,36892,5385,262345,126549,79880,4957,1781064000,https://www.bilibili.com/video/BV1UzE765Ewm,http://i2.hdslb.com/bfs/archive/085599ddfdef178bab136355914ff56026d92266.jpg
2026-06-15,2026-06-15 15:35:01,100,BV1krE162EeX,116736640685474,我的手机好像坏了，没有一条消息。,古泽源,搞笑,娱乐,138,26,1410262,245,2814,116907,1921,16535,1943,1781260032,https://www.bilibili.com/video/BV1krE162EeX,http://i1.hdslb.com/bfs/archive/4ab9d94c3e91e5b2d453ec4e3f80b520141add7d.jpg
2026-06-15,2026-06-15 15:38:56,1,BV1nAJK6PEwh,116749374593001,《原神》动画短片——「最后的遗产」,原神,手机游戏,游戏,172,1861,1257445,25312,21107,197332,211610,67093,47496,1781496000,https://www.bilibili.com/video/BV1nAJK6PEwh,http://i0.hdslb.com/bfs/archive/7643cfcbd6364efae92208ab8aeb5cc75ba6173a.jpg
2026-06-15,2026-06-15 15:38:56,2,BV1dNJL6XELa,116739207597022,《兔粮是你的谎言》,伤心欲茄222,搞笑,娱乐,138,105,6920608,1979,6829,433915,12867,29669,14708,1781323200,https://www.bilibili.com/video/BV1dNJL6XELa,http://i1.hdslb.com/bfs/archive/9a8ed432df0aa306afeff2f8010a26c276a6739d.jpg
2026-06-15,2026-06-15 15:38:56,3,BV1aEE16YECM,116736825362515,墙那边根本就没有厕所！！,二三哥哥鸭,搞笑,娱乐,138,54,6259499,1861,10127,492959,16827,85743,53525,1781262796,https://www.bilibili.com/video/BV1aEE16YECM,http://i2.hdslb.com/bfs/archive/48e1cb9c9f1bbb3477c19823da428e734e84841c.jpg
2026-06-15,2026-06-15 15:38:56,4,BV16kEC6MEWL,116735734716938,新地图解锁！影视飓风的电竞房？,影视飓风,数码,科技,95,764,2661218,24896,35166,194274,136013,66816,15804,1781254800,https://www.bilibili.com/video/BV16kEC6MEWL,http://i0.hdslb.com/bfs/archive/dde17e588b2675e5c877e200a1fe04b7d6f6ef12.jpg
2026-06-15,2026-06-15 15:38:56,5,BV1kFE161Evt,116736758257704,路边一块，经过雕刻，包你看了过目不忘！愿你成为自己的太阳，无需借谁的光,小梨家的和田玉,手工,生活,161,254,4270256,7175,13383,241764,14291,24857,8244,1781261629,https://www.bilibili.com/video/BV1kFE161Evt,http://i1.hdslb.com/bfs/archive/e136f92e20badb075eeddee4d31e6f12ff95b1c4.jpg
2026-06-15,2026-06-15 15:38:56,6,BV19sJH6NE2H,116741707601636,看一看早餐的质量怎么样#早餐#食品安全,陈大成bill,美食记录,美食,215,306,3986826,1268,3098,199480,17671,39406,7631,1781352000,https://www.bilibili.com/video/BV19sJH6NE2H,http://i0.hdslb.com/bfs/archive/583ad17b29d55a6f06c98eb251ec63dd9dfe7823.jpg
2026-06-15,2026-06-15 15:38:56,7,BV1VbJ56EEm6,116737731200556,《少年》-《下一个是谁7》主题曲,雨哥到处跑,日常,生活,21,214,967023,11162,7939,152926,155537,46306,10106,1781344800,https://www.bilibili.com/video/BV1VbJ56EEm6,http://i1.hdslb.com/bfs/archive/cfd71a09139489ecac6f57d54cd8753f5611e987.jpg
2026-06-15,2026-06-15 15:38:56,8,BV1uHEC6XEEu,116735684445746,无法预测！命运的最后抽卡！【水无月菌】,水无月菌,桌游棋牌,桌游棋牌,173,792,1964870,10944,5694,172412,118960,36197,16512,1781263800,https://www.bilibili.com/video/BV1uHEC6XEEu,http://i0.hdslb.com/bfs/archive/b17ce44c7e7e351f0e72f059450c8a637bd50b67.jpg
2026-06-15,2026-06-15 15:38:56,9,BV1tUEY6WE3t,116729409706038,《青春期恐龙幻想物语》,客岭苹果,日常,生活,21,307,2942449,973,2590,219143,22643,31499,5694,1781247600,https://www.bilibili.com/video/BV1tUEY6WE3t,http://i0.hdslb.com/bfs/archive/8341ec6136e31dbcff0bf1c3fd856a290761647d.jpg
2026-06-15,2026-06-15 15:38:56,10,BV1MrJ56gE5T,116737328546232,不是 我咋上高三了,名字即是无,日常,生活,21,64,3761983,9202,6978,361725,14132,62912,8997,1781270488,https://www.bilibili.com/video/BV1MrJ56gE5T,http://i2.hdslb.com/bfs/archive/05d045b23e87b5eda586511013238b1804764dfc.jpg
2026-06-15,2026-06-15 15:38:56,11,BV1jCJs6UE9S,116743888442795,美国“杰斐逊州”在哪里？【神奇组织51】,小约翰可汗,人文历史,知识,228,2465,1633497,12525,4390,114174,46018,29880,2299,1781406000,https://www.bilibili.com/video/BV1jCJs6UE9S,http://i0.hdslb.com/bfs/archive/74bddc7cf649e2ae7268b836596abfd15ed75dab.jpg
2026-06-15,2026-06-15 15:38:56,12,BV1QNJu6bEts,116751740179733,峰峦叠嶂间，此城何处寻？,鸣潮,手机游戏,游戏,172,477,1624696,8585,22628,95443,62496,19858,61452,1781492400,https://www.bilibili.com/video/BV1QNJu6bEts,http://i2.hdslb.com/bfs/archive/0dd7257472d03c50150cd38ff7efb425c8cfd40a.jpg
2026-06-15,2026-06-15 15:38:56,13,BV1iyJV6EEao,116738150636498,我找东西be like,老番茄,单机游戏,游戏,17,1331,1773939,5226,1523,146269,38557,30823,2555,1781321700,https://www.bilibili.com/video/BV1iyJV6EEao,http://i0.hdslb.com/bfs/archive/3f5eaaafe18db626804778a2b5f1fc6c86f69d7b.jpg
2026-06-15,2026-06-15 15:38:56,14,BV1J9EB6xEAB,116732178007836,洗衣机演奏一首《起风了》，以此纪念我的高中生活,非凯J,演奏,演奏,59,120,2714007,2960,6812,184024,35770,29465,17405,1781191722,https://www.bilibili.com/video/BV1J9EB6xEAB,http://i2.hdslb.com/bfs/archive/77250422542f6a41e3699f4e608ea69cbd013bc1.jpg
2026-06-15,2026-06-15 15:38:56,15,BV17GEi61EZK,116729913021505,循环歌单|【illusion】|“【静步の小曲】”,蛋某人音乐,乐评盘点,音乐,243,3065,2917537,406,1198,191531,2092,60234,909,1781222400,https://www.bilibili.com/video/BV17GEi61EZK,http://i1.hdslb.com/bfs/archive/a058cfdea8b92c0c38b5ab261cca0011c6cfdbd7.jpg
2026-06-15,2026-06-15 15:38:56,16,BV1tLJp6FEoP,116743368351213,我们成功了!核电站隐藏好结局-天下无核 测试服,六式zy,网络游戏,游戏,65,134,2310679,4603,6319,161999,7935,32923,12118,1781362821,https://www.bilibili.com/video/BV1tLJp6FEoP,http://i0.hdslb.com/bfs/archive/d9d4e0ffcf040c8032d6556ca23932dfc5b07500.jpg
2026-06-15,2026-06-15 15:38:56,17,BV1yBE16UENN,116736607131264,⚡烂梗小孩就要这样制裁⚡,萝卜不会整活,鬼畜剧场,鬼畜剧场,216,84,3050588,1657,12214,196695,3553,25749,14263,1781259573,https://www.bilibili.com/video/BV1yBE16UENN,http://i0.hdslb.com/bfs/archive/6e3ba8f4ecd8a7ba023dab7af1bcd4a321ec3a8c.jpg
2026-06-15,2026-06-15 15:38:56,18,BV1uWEe68E3e,116728688283040,别叫霞姐叫“侠姐”,卖萝卜乐,短片,动画,256,415,1484773,661,2410,198800,43238,27151,4741,1781167800,https://www.bilibili.com/video/BV1uWEe68E3e,http://i2.hdslb.com/bfs/archive/3e73c709a2d7a4de3bebdcd61b74c41cbfa788c7.jpg
2026-06-15,2026-06-15 15:38:56,19,BV1rvEr6NEpF,116735046845023,新三国up锐评老三国02：没有对比就没有伤害,吃蛋挞的折棒,影视剪辑,影视,183,1503,1173756,23228,10000,86235,59335,15750,1887,1781316000,https://www.bilibili.com/video/BV1rvEr6NEpF,http://i0.hdslb.com/bfs/archive/063dff13e9298258dfac0de8388de77eec14759a.jpg
2026-06-15,2026-06-15 15:38:56,20,BV1kwE165EJd,116736741480387,峰哥教大学生区分鹅腿鸭腿,峰哥亡命天涯,美食侦探,美食,212,327,2298791,6364,13274,112350,11133,12490,20551,1781261723,https://www.bilibili.com/video/BV1kwE165EJd,http://i0.hdslb.com/bfs/archive/15838c5454e36b8e42942f1c0d927a21b2fda9b9.jpg
2026-06-15,2026-06-15 15:38:56,21,BV1UtE16xESZ,116736523246103,爸爸打死妈妈时，她就在旁边 ...,法内狂徒高法师,社科·法律·心理,知识,124,167,888746,1700,3005,216161,102402,15761,1751,1781258087,https://www.bilibili.com/video/BV1UtE16xESZ,http://i1.hdslb.com/bfs/archive/a3875b7e4f11b69522f7e675a14b149155e13374.jpg
2026-06-15,2026-06-15 15:38:56,22,BV1nAE16CEBQ,116736791746687,带良子吃和平饭店，竟然花了xxxx!?,汤姆的混乱空间,搞笑,娱乐,138,521,2419980,6880,6819,150518,20644,13383,15283,1781262815,https://www.bilibili.com/video/BV1nAE16CEBQ,http://i1.hdslb.com/bfs/archive/bfc6076d0f650a20323d569169cc0aaa649a5b12.jpg
2026-06-15,2026-06-15 15:38:56,23,BV17WEk6aEiC,116734509981119,早安瑪莉,MountainHan-山含,综合,综合,27,31,1099798,250,3793,226647,15189,81254,17853,1781228100,https://www.bilibili.com/video/BV17WEk6aEiC,http://i1.hdslb.com/bfs/archive/686869adddff73e384d028f599f59a3a5e74e032.jpg
2026-06-15,2026-06-15 15:38:56,24,BV1HgE66YE6i,116733553674038,时间刚刚好,不是唐嘉琦,日常,生活,21,30,2928519,1110,2806,370094,11063,32448,4241,1781212830,https://www.bilibili.com/video/BV1HgE66YE6i,http://i2.hdslb.com/bfs/archive/8d7715367c3081e36d93407824ed51ff0da29863.jpg
2026-06-15,2026-06-15 15:38:56,25,BV1xfEq6AEWd,116730902874019,有什么比精神小妹爱上纯情男大的故事更狗血,马哥巨离谱,搞笑,娱乐,138,490,5180574,7564,8690,201157,69143,29347,11642,1781172690,https://www.bilibili.com/video/BV1xfEq6AEWd,http://i1.hdslb.com/bfs/archive/100cd065a4f0f62b6980cc2c06947eff9d51b1bd.jpg
2026-06-15,2026-06-15 15:38:56,26,BV1t2EY6REu4,116729359370195,“有些鸟儿注定是关不住的”【I dont want to play around】【魔丸之卵の小曲】,早睡起大王,音乐综合,音乐,130,253,1934579,9921,4449,196718,3350,40458,9407,1781150400,https://www.bilibili.com/video/BV1t2EY6REu4,http://i1.hdslb.com/bfs/archive/650366b932bf4bf768b90d2763c3d956b8b65559.jpg
2026-06-15,2026-06-15 15:38:56,27,BV11gEk63EF6,116734325496724,【鸣潮微电影】至今我仍深爱着你——坎特蕾拉,Glorious_青蓝紫,同人·手书,动画,47,440,676857,1368,2355,83698,37408,44098,6804,1781235000,https://www.bilibili.com/video/BV11gEk63EF6,http://i2.hdslb.com/bfs/archive/17b3688f6e270c3dc240514d8742f22d6a33615a.jpg
2026-06-15,2026-06-15 15:38:56,28,BV1cLE96qEHo,116724963739894,评论区摄影大赛之视觉创意篇第二弹开启，欢迎投稿好的作品会让更多人看到。,摄影恩哥,日常,生活,21,165,2781654,615,5268,138457,1369,7351,343,1781256600,https://www.bilibili.com/video/BV1cLE96qEHo,http://i0.hdslb.com/bfs/archive/5afee256963bc3f2a894e13a036b37bd27752c1a.jpg
2026-06-15,2026-06-15 15:38:56,29,BV1K3EZ6dEZz,116726876342805,一百万只马达加斯加企鹅能否战胜一拳超人？,Toaster_ok,单机游戏,游戏,17,62,4843140,1752,8381,317433,3757,41097,20583,1781111385,https://www.bilibili.com/video/BV1K3EZ6dEZz,http://i2.hdslb.com/bfs/archive/4e5b8ebcb64d6ed31988f9c35168982aa24477ff.jpg
2026-06-15,2026-06-15 15:38:56,30,BV1S2Ey6sEYs,116736976361299,0%成功率的吉尼斯挑战（AI给出的结论）！,剑客范十三,运动综合,运动,238,216,1124840,5913,2713,134142,13153,9790,731,1781266817,https://www.bilibili.com/video/BV1S2Ey6sEYs,http://i0.hdslb.com/bfs/archive/b8c27821ea52fc39badab054fc41d2ae9e1cbc88.jpg
2026-06-15,2026-06-15 15:38:56,31,BV17nJ569EKk,116737479543698,幻想向：你永远是你妈生的,四夕小田木_,小剧场,娱乐,85,152,2229578,602,2056,135767,9166,14400,4244,1781309400,https://www.bilibili.com/video/BV17nJ569EKk,http://i0.hdslb.com/bfs/archive/5c4ea1eede14dca688cb8027f683eae89ac55511.jpg
2026-06-15,2026-06-15 15:38:56,32,BV1SMEv6bEcf,116730684775304,我去了趟韩国，怎么到处都是汉字啊？？,有山先生,人文历史,知识,228,1724,815234,8919,3799,92660,89005,25433,2382,1781254800,https://www.bilibili.com/video/BV1SMEv6bEcf,http://i2.hdslb.com/bfs/archive/17a38348dd3aa9f7b6892177f3a606baf847a81c.jpg
2026-06-15,2026-06-15 15:38:56,33,BV1rCE16LEz9,116736556800563,动物园里有什么…（总感觉哪里不对,香菇早安,汪星人,汪星人,219,27,1826250,510,2998,193788,3892,27489,18871,1781258567,https://www.bilibili.com/video/BV1rCE16LEz9,http://i1.hdslb.com/bfs/archive/5726a2abfed40ea79d707446e6c9b9530cc7a84a.jpg
2026-06-15,2026-06-15 15:38:56,34,BV1JKE16rErj,116736691082807,所以什么时候还我五块钱,香蕉猫的快乐生活,搞笑,娱乐,138,62,3443852,354,2191,208373,1073,11941,781,1781260621,https://www.bilibili.com/video/BV1JKE16rErj,http://i2.hdslb.com/bfs/archive/c635a78ab9975fbe75dcd91d5ed1a15c7fd4a816.jpg
2026-06-15,2026-06-15 15:38:56,35,BV1dmJP6sEgd,116748384731561,迈克尔杰克逊的billiejean，斗胆跳一段。,特崮斯,篮球,运动,235,67,1115925,684,3208,205733,34248,15403,3125,1781439271,https://www.bilibili.com/video/BV1dmJP6sEgd,http://i2.hdslb.com/bfs/archive/d06b949e7976e0c255a0f4885cb8a3acf0165294.jpg
2026-06-15,2026-06-15 15:38:56,36,BV1XLEC6dEoU,116736019929002,桃农发视频求助防虫办法，不料评论区被“爬虫佬”攻占，桃农：跟我说卖虫子比卖桃赚钱，只用五天就办理了营业执照，好桃正常卖 坏果用来饲养甲虫,大象新闻,社会,社会,205,23,4486568,177,4226,198460,1550,7625,1711,1781250587,https://www.bilibili.com/video/BV1XLEC6dEoU,http://i1.hdslb.com/bfs/archive/d98affe57c01282ef725a9536b60c79d8e84d6d3.jpg
2026-06-15,2026-06-15 15:38:56,37,BV1nyEi69EoZ,116731708246773,建议口语平淡的都来试下这个练习,po老师英语版,校园学习,知识,208,102,1063692,127,818,151769,7780,61932,3402,1781184784,https://www.bilibili.com/video/BV1nyEi69EoZ,http://i2.hdslb.com/bfs/archive/948eb8b6496dc207f0fff1635f2da8d24e9b932e.jpg
2026-06-15,2026-06-15 15:38:56,38,BV18VED63EBi,116722866586138,认为自己旅游运差时可以看看我.,风景旅行收藏家,日常,生活,21,163,4720249,3908,10567,627242,30510,245062,18599,1781064000,https://www.bilibili.com/video/BV18VED63EBi,http://i0.hdslb.com/bfs/archive/45526dcb51d3f4a21d85270926d87f0374679047.jpg
2026-06-15,2026-06-15 15:38:56,39,BV1ZoEB6pEZa,116732211501684,仅推荐给有趣的人,酸子阿,日常,生活,21,31,4026662,403,2016,192843,12898,14798,6763,1781260200,https://www.bilibili.com/video/BV1ZoEB6pEZa,http://i1.hdslb.com/bfs/archive/2e5bdef2ba9b4f0bb135aa086ccdac8e455c2c43.jpg
2026-06-15,2026-06-15 15:38:56,40,BV1hsE16bEY4,116736489821737,电到的人越多，医术越高明【 原神：元素战争 】,No_Tables,手机游戏,游戏,172,95,1092245,1011,2418,127178,25337,37234,5501,1781258400,https://www.bilibili.com/video/BV1hsE16bEY4,http://i1.hdslb.com/bfs/archive/21176541a8d945c32df9c3ed24bd8d060c5f9e29.jpg
2026-06-15,2026-06-15 15:38:56,41,BV185Js6BE4i,116744140097496,【i-dle】 'Crow' Official Music Video,i-dle_official,音乐综合,音乐,130,203,450450,15092,13176,51368,40063,17071,11925,1781442000,https://www.bilibili.com/video/BV185Js6BE4i,http://i0.hdslb.com/bfs/archive/27cbbd5112c850b931b2cfbf635e6dc8852dc99c.jpg
2026-06-15,2026-06-15 15:38:56,42,BV1R3EC6bEmr,116736070261635,《三角洲行动》新干员档案：加布里埃尔·默里尔—代号液氮,三角洲行动,GMV,GMV,121,153,2096239,2659,11431,110866,3465,30228,14027,1781251234,https://www.bilibili.com/video/BV1R3EC6bEmr,http://i2.hdslb.com/bfs/archive/3e83a08b1eb5aa3b0e70844621840123d0794e1b.jpg
2026-06-15,2026-06-15 15:38:56,43,BV1otE96tE36,116725097960466,懒人为了“顺手”俩字，到底能做多少收纳？,海边二狗哥,家居房产,家居房产,239,580,3290037,3799,6164,184568,17848,88155,19768,1781083688,https://www.bilibili.com/video/BV1otE96tE36,http://i0.hdslb.com/bfs/archive/78553b00560ed356b43f06f4c094db857587023c.jpg
2026-06-15,2026-06-15 15:38:56,44,BV11GEv6dEvW,116730298895024,《弧光猎人》弧光测试PV&国服事件预告｜星火燎原,弧光猎人_ARCRaiders,单机游戏,游戏,17,175,6522613,2740,5712,89409,45539,50539,9720,1781229600,https://www.bilibili.com/video/BV11GEv6dEvW,http://i0.hdslb.com/bfs/archive/a8c4284d82a7291fb37cad37789d97562b629eed.jpg
2026-06-15,2026-06-15 15:38:56,45,BV1awEG6NEgk,116715065187050,呃 你有点太重力了,hanser,综合,综合,27,229,864215,712,2221,82364,21743,37007,2839,1781255700,https://www.bilibili.com/video/BV1awEG6NEgk,http://i0.hdslb.com/bfs/archive/37e7fbf6e02be2c62ee40522828636f209a31350.jpg
2026-06-15,2026-06-15 15:38:56,46,BV17TEC6AE3Z,116735919331481,我们做了个不一样的拐杖...,老师好我叫何同学,数码,科技,95,420,1136883,1713,1532,120996,68221,21124,1703,1781256600,https://www.bilibili.com/video/BV17TEC6AE3Z,http://i1.hdslb.com/bfs/archive/eba34b3f270343f2e9d00cfe39017bc85914227f.jpg
2026-06-15,2026-06-15 15:38:56,47,BV1eAEq6rExJ,116731506988938,为了这稀有的粉色螺珠，我在加勒比海与2米长大鲨鱼搏斗许久，差点就掉线了！,OK哥环球探海记,出行,生活,250,1463,9098997,10497,2048,209330,29112,165110,3768,1781233200,https://www.bilibili.com/video/BV1eAEq6rExJ,http://i0.hdslb.com/bfs/archive/9c69c1655eea63f4cb4b104dc83f5c17a163e18c.jpg
2026-06-15,2026-06-15 15:38:56,48,BV1KkEK6CELv,116712112397979,星际超级荒诞动画喜剧！《外星小偷里贝》第03话：上岸星球【UP动画】,梦游牛油果官方频道,小剧场,娱乐,85,828,5439052,3990,7445,252593,46975,74451,23448,1781172001,https://www.bilibili.com/video/BV1KkEK6CELv,http://i2.hdslb.com/bfs/archive/bf2234cfac7b170ad622d34b94e81a6ca8687ce9.jpg
2026-06-15,2026-06-15 15:38:56,49,BV1fwEC6vEny,116735969591740,听到这个版本前我简直在乱唱,于梓贝的id,翻唱,音乐,31,21,664435,259,1621,170705,9555,43529,3340,1781249737,https://www.bilibili.com/video/BV1fwEC6vEny,http://i0.hdslb.com/bfs/archive/895d970762f54b6001d4d9f261e5bade73e8d6e8.jpg
2026-06-15,2026-06-15 15:38:56,50,BV14bE16dEZd,116736506594533,18禁的两头堵营销！,穆天然-,搞笑,娱乐,138,18,3182679,118,1041,191785,712,12097,1132,1781258001,https://www.bilibili.com/video/BV14bE16dEZd,http://i0.hdslb.com/bfs/archive/ff004e443f3cc430e1334fb851ed3f8f24dc78e8.jpg
2026-06-15,2026-06-15 15:38:56,51,BV1T2Jj6yEgD,116740180674530,张杰谢娜两口子不要再闹了好吗？【爆笑演唱会名场面】,一只吐槽圆,娱乐杂谈,娱乐杂谈,241,551,2766704,31107,6123,83782,10901,13634,44862,1781314126,https://www.bilibili.com/video/BV1T2Jj6yEgD,http://i0.hdslb.com/bfs/archive/f77e79d34c13d35be78980aaec4d5e2002bdd26c.jpg
2026-06-15,2026-06-15 15:38:56,52,BV1caJw6ZEwT,116747445208084,你懂白鹿吗？——内娱嘉欣,玉玉__,娱乐粉丝创作,娱乐,242,710,1362133,5308,3965,102868,18585,17963,4772,1781425006,https://www.bilibili.com/video/BV1caJw6ZEwT,http://i1.hdslb.com/bfs/archive/b0e3f677673a83698198228b72e9ea8b69eb5cfa.jpg
2026-06-15,2026-06-15 15:38:56,53,BV17YEv6VEUx,116730416469936,动态视频｜吸进身体的二手烟，到底有多脏？,亿点点不一样,科学科普,知识,201,147,2193786,2060,9875,273918,45735,39008,35646,1781168400,https://www.bilibili.com/video/BV17YEv6VEUx,http://i0.hdslb.com/bfs/archive/aad0b8823127354b6857ac449fe2ff4268b2b832.jpg
2026-06-15,2026-06-15 15:38:56,54,BV17hJn63EvU,116742093278532,地牢酒馆-14集 《人鱼的配方与深海来客》,粘土工厂,单机游戏,游戏,17,223,606070,1362,2044,109868,20023,11222,1478,1781343177,https://www.bilibili.com/video/BV17hJn63EvU,http://i0.hdslb.com/bfs/archive/db96e1253e91db964081083f790a5aab56dd89e8.jpg
2026-06-15,2026-06-15 15:38:56,55,BV1JKE16rE4L,116736691084132,一个抽烟的女人，凭什么治愈了全球社畜？,天真无邪老Ty,综合,综合,27,532,871553,2602,6051,61116,15648,23838,5344,1781260722,https://www.bilibili.com/video/BV1JKE16rE4L,http://i0.hdslb.com/bfs/archive/9edfae6fd994cd6fde206e1e5f686314ea33276a.jpg
2026-06-15,2026-06-15 15:38:56,56,BV14DEy6QEUp,116737194399487,剑来！！！！！！,高斯Goh,综艺,综艺,71,1085,794603,6602,1980,66178,30284,17364,1156,1781409600,https://www.bilibili.com/video/BV14DEy6QEUp,http://i0.hdslb.com/bfs/archive/1c29ec56cd5eb02b35d562829147bac0d0629e6b.jpg
2026-06-15,2026-06-15 15:38:56,57,BV14MJj66EWB,116738788169472,一方水土养一方舞蹈,我的老师有高度,舞蹈综合,舞蹈综合,154,349,1104483,695,2003,94231,6326,11806,2774,1781308800,https://www.bilibili.com/video/BV14MJj66EWB,http://i2.hdslb.com/bfs/archive/907f426f4912bb15708879e9fc8a2798b776cda5.jpg
2026-06-15,2026-06-15 15:38:56,58,BV1MzJ56rEky,116737278215918,“虽然是个无所谓的夜晚🚬”NIGHT DANCER,土埋了半截的人,MAD·AMV,MAD·AMV,24,87,1115300,642,2494,132570,15800,62706,3678,1781269870,https://www.bilibili.com/video/BV1MzJ56rEky,http://i2.hdslb.com/bfs/archive/a2e871a997f84226169f228a7314be1c9051e29e.jpg
2026-06-15,2026-06-15 15:38:56,59,BV1xjJn6DEch,116742445597343,【干货】如何区分鹅腿和鸭腿？,闪电侠-flash,校园学习,知识,208,53,2322157,5604,6111,180488,2152,10612,6173,1781348560,https://www.bilibili.com/video/BV1xjJn6DEch,http://i2.hdslb.com/bfs/archive/cfc06208a7a01e856a69de77046bdc631112d432.jpg
2026-06-15,2026-06-15 15:38:56,60,BV1zmJJ66EGV,116740683990254,科学家终于发现，克隆技术的绝望真相！,李论科学,科学科普,知识,201,292,1347144,1412,3160,99264,1702,8074,1144,1781321958,https://www.bilibili.com/video/BV1zmJJ66EGV,http://i0.hdslb.com/bfs/archive/6c575e5b70dce8a7fec3947e8783762bc485dce4.jpg
2026-06-15,2026-06-15 15:38:56,61,BV1maE169Eng,116736406000961,SpaceX上市，背后在玩什么资本游戏?,小Lin说,财经商业,知识,207,1328,1382904,7485,6133,58515,20772,17855,10057,1781269200,https://www.bilibili.com/video/BV1maE169Eng,http://i0.hdslb.com/bfs/archive/ed63226a66dc05192f014e9d15343809d10c6342.jpg
2026-06-15,2026-06-15 15:38:56,62,BV1fYEz6ZEUF,116732077345009,正颌做反毁容｜一首祝福转盘舞送给我主刀,做梦都想回到术前,日常,生活,21,42,1125114,1249,3142,212966,30954,6042,1683,1781190401,https://www.bilibili.com/video/BV1fYEz6ZEUF,http://i0.hdslb.com/bfs/archive/a668c3e9e80f64518ca251c269f406f07f79c116.jpg
2026-06-15,2026-06-15 15:38:56,63,BV1ziJV69E6Z,116738234523085,你是说我小时候造了一个超大过山车和半个耶稣像？！？过山车？！,蚊子CuO,单机游戏,游戏,17,832,724378,3858,1975,77488,12100,15823,823,1781284427,https://www.bilibili.com/video/BV1ziJV69E6Z,http://i2.hdslb.com/bfs/archive/e4bfda38efbd4e390de425b77f6569dfd48c99db.jpg
2026-06-15,2026-06-15 15:38:56,64,BV1PBE16SE7W,116736607197706,拉屎这件小事！,一串大福,搞笑,娱乐,138,180,1433481,997,875,89985,2326,9925,744,1781259927,https://www.bilibili.com/video/BV1PBE16SE7W,http://i0.hdslb.com/bfs/archive/927740032b16e6a453e372233394b8f9193f9de7.jpg
2026-06-15,2026-06-15 15:38:56,65,BV1stE863Ekd,116709864315059,禁播的中国邪典行为艺术：肋骨做项圈、水泥活埋24小时、倒吊放血自残,捕月说,人文历史,知识,228,664,1770206,2645,1725,65429,1179,15499,2758,1781259000,https://www.bilibili.com/video/BV1stE863Ekd,http://i0.hdslb.com/bfs/archive/06fd457b1d7b9d7b3b8bbed3c20a75610328b693.jpg
2026-06-15,2026-06-15 15:38:56,66,BV1P3E96gEY7,116724946967930,最性价比的ROG全家桶,白菜家的AMD,数码,科技,95,263,1446814,2410,6870,146702,4362,39843,24081,1781082137,https://www.bilibili.com/video/BV1P3E96gEY7,http://i0.hdslb.com/bfs/archive/229e1b59ab4208272f6d3eedafd10a932c186047.jpg
2026-06-15,2026-06-15 15:38:56,67,BV1VBJE6ZEFC,116741371855445,摇一摇,UU学弟,舞蹈综合,舞蹈综合,154,21,2367876,673,3704,150318,1165,16455,7543,1781332110,https://www.bilibili.com/video/BV1VBJE6ZEFC,http://i0.hdslb.com/bfs/archive/640d0854c716d8af90f305651a0cc8fe5d7cfc0f.jpg
2026-06-15,2026-06-15 15:38:56,68,BV1gyJE69ESo,116741036317460,华强买瓜，但是艺术家,快乐阿托,鬼畜剧场,鬼畜剧场,216,163,1397519,1435,1942,71276,12899,14526,6504,1781326907,https://www.bilibili.com/video/BV1gyJE69ESo,http://i2.hdslb.com/bfs/archive/d43398e3694827aaf3a7334c50f62ddf1ffaa831.jpg
2026-06-15,2026-06-15 15:38:56,69,BV1gNE26wEQP,116736389153115,“佐佐木先生怎么无精打采了” #在超市后门吞云吐雾的二人 #aigc #日剧推荐 #二创,蒜泥好次,影视剪辑,影视,183,133,1372173,398,2143,77543,10035,24345,7811,1781256219,https://www.bilibili.com/video/BV1gNE26wEQP,http://i1.hdslb.com/bfs/archive/3a27766b2bdba42295db4fac36848fe931846365.jpg
2026-06-15,2026-06-15 15:38:56,70,BV1FzEr6YExJ,116734929474758,《绝区零》维琳娜角色展示 | 茶会一如既往,绝区零,手机游戏,游戏,172,560,1484568,4366,6537,108238,40708,22488,14076,1781236800,https://www.bilibili.com/video/BV1FzEr6YExJ,http://i2.hdslb.com/bfs/archive/8ec631834f8834321e589d503dc5598aacdfd55c.jpg
2026-06-15,2026-06-15 15:38:56,71,BV1nfJj6iErA,116740314957040,挑战给历史故事打tag（标签2）,混饭达人,娱乐杂谈,娱乐杂谈,241,92,1292680,2387,1343,134649,2829,14054,8115,1781316187,https://www.bilibili.com/video/BV1nfJj6iErA,http://i1.hdslb.com/bfs/archive/315cf3bf234f1af2314ceab7df7fa639bd143757.jpg
2026-06-15,2026-06-15 15:38:56,72,BV1YsJH6AEtF,116741707666989,你的意思是说，你被一头猪创死了？,图图图酱吖,单机游戏,游戏,17,170,985029,417,774,71410,1127,20403,2247,1781341737,https://www.bilibili.com/video/BV1YsJH6AEtF,http://i2.hdslb.com/bfs/archive/76db83f712d6f36cdad6e6325ef0aed57321f3da.jpg
2026-06-15,2026-06-15 15:38:56,73,BV1JWJE6MERP,116741338302009,【微电影】星河外卖员：悠哉，忙碌，还是伟大？,最后讲述者,鬼畜剧场,鬼畜剧场,216,319,934093,875,1146,64430,10352,14342,2701,1781331604,https://www.bilibili.com/video/BV1JWJE6MERP,http://i2.hdslb.com/bfs/archive/8c4c205c44b2d9f488f3a94d4a59334e83bcfead.jpg
2026-06-15,2026-06-15 15:38:56,74,BV1vQEC6wE6u,116735432727948,美国女孩一口气速通全河北【世界纪录55:56小时】,KerryDowdle,日常,生活,21,2964,905954,4336,3350,51945,14521,18144,2960,1781254800,https://www.bilibili.com/video/BV1vQEC6wE6u,http://i0.hdslb.com/bfs/archive/2e3401d029d6fe8a2917e48b68b70cd847a94eed.jpg
2026-06-15,2026-06-15 15:38:56,75,BV1p7Ey65ELv,116735080399387,⚡ 下次再一起吧，山田小姐~⚡,学姐圆,MAD·AMV,MAD·AMV,24,109,782884,251,2246,113086,6023,22938,3113,1781236058,https://www.bilibili.com/video/BV1p7Ey65ELv,http://i1.hdslb.com/bfs/archive/5b0562a6e0a46f0e84fc91128c061c03adfbd8bd.jpg
2026-06-15,2026-06-15 15:38:56,76,BV1hrEy6ZEon,116736959519545,《😭如果良子说日语😭》,绫人太太啊,搞笑,娱乐,138,68,1445349,784,5044,134823,4369,14333,28200,1781264755,https://www.bilibili.com/video/BV1hrEy6ZEon,http://i0.hdslb.com/bfs/archive/566f1b3932b1eba571ede1c182f001b3dadcac28.jpg
2026-06-15,2026-06-15 15:38:56,77,BV14WJs6aEjY,116744106546475,来！随机抽一张~被猜到的话有惩罚哦~[潦草罗德岛],壹色玻鲤,同人·手书,动画,47,113,521509,623,997,96128,13161,29726,2742,1781373781,https://www.bilibili.com/video/BV14WJs6aEjY,http://i1.hdslb.com/bfs/archive/44fc6e6dca853d645d4a664d4217837aadc37c85.jpg
2026-06-15,2026-06-15 15:38:56,78,BV1QpJJ6oEoT,116740952429638,母爱的回响让我深深的触动,迪士尼在逃黄狗coco,汪星人,汪星人,219,70,1090853,352,843,128987,3977,22729,1249,1781325897,https://www.bilibili.com/video/BV1QpJJ6oEoT,http://i0.hdslb.com/bfs/archive/c7775460ae82d923a2db9c7489f1d2717d968827.jpg
2026-06-15,2026-06-15 15:38:56,79,BV1K8EC67EDk,116735600563464,用3000只生蚝做一道菜！最后真的不亏！,南翔,短片,动画,256,318,867279,1836,1725,76346,9885,7876,1080,1781254800,https://www.bilibili.com/video/BV1K8EC67EDk,http://i1.hdslb.com/bfs/archive/0b535c91058c6af6231b0b0d7ceca8e459b8e8d2.jpg
2026-06-15,2026-06-15 15:38:56,80,BV1sJEZ6nEjb,116726591198647,18岁｜替身使者，会相互吸引。jojo黑帮摇敬上！,悠哈酱Yo,宅舞,舞蹈,20,48,3703249,1515,6176,432056,30218,85977,10429,1781106772,https://www.bilibili.com/video/BV1sJEZ6nEjb,http://i0.hdslb.com/bfs/archive/b9799045e8e31d3e2632dee2755f381c7639ef20.jpg
2026-06-15,2026-06-15 15:38:56,81,BV1M3Ev6tEJc,116730315740748,带猫结婚vlog，海棠给我当伴郎,海棠_HaiTang-,出行,生活,250,493,554141,4075,1808,104934,43097,7693,1794,1781229600,https://www.bilibili.com/video/BV1M3Ev6tEJc,http://i0.hdslb.com/bfs/archive/ff49c5addb28c7d12b81e68aec178c47c85de1e3.jpg
2026-06-15,2026-06-15 15:38:56,82,BV1DtJH6wEcU,116741740957046,听砖家说每天只睡四个小时对生活没有影响,仙女山森林之眼,出行,生活,250,33,2419039,169,3968,147729,740,6378,1816,1781337734,https://www.bilibili.com/video/BV1DtJH6wEcU,http://i1.hdslb.com/bfs/archive/ef4e9819a5230cbf6c4576438aa77d05710c7009.jpg
2026-06-15,2026-06-15 15:38:56,83,BV16KEi6SEnm,116729711757097,小猫一样的Sarah,第11个音符,颜值·网红舞,颜值·网红舞,255,17,1893554,171,993,220905,2887,23662,2273,1781154098,https://www.bilibili.com/video/BV16KEi6SEnm,http://i2.hdslb.com/bfs/archive/9fccc0ce062259a16d94f16b13d5dd496e4b73df.jpg
2026-06-15,2026-06-15 15:38:56,84,BV1oQEe6gEFg,116730600884173,如何骗走CIA三百根金条,燕三嘤嘤嘤,人文历史,知识,228,1122,1845548,7736,4428,104907,23827,16643,2476,1781236200,https://www.bilibili.com/video/BV1oQEe6gEFg,http://i2.hdslb.com/bfs/archive/a1a0304a7c782538e474fc6c84ace95b3780968a.jpg
2026-06-15,2026-06-15 15:38:56,85,BV1sdJE6jEhN,116741187371338,植物大战僵尸bgm实力排行,东方日出哇,特摄,动画,86,787,2328983,5025,2501,106700,6742,29446,1541,1781329262,https://www.bilibili.com/video/BV1sdJE6jEhN,http://i0.hdslb.com/bfs/archive/19de21f1f78395328e55a17f237e9df9d0079804.jpg
2026-06-15,2026-06-15 15:38:56,86,BV1h6Ey6bEZE,116737043399281,挑战 100元让爷爷和小姐姐们一起吃大餐,大森子哈哈哈,搞笑,娱乐,138,121,2665248,415,655,134730,4622,10229,394,1781267147,https://www.bilibili.com/video/BV1h6Ey6bEZE,http://i2.hdslb.com/bfs/archive/319f64ee88f974624e07d3086e73b98e73254fd3.jpg
2026-06-15,2026-06-15 15:38:56,87,BV1oMEC6hE3i,116735902489110,高考之后我就这么猖,大禹先生--,搞笑,娱乐,138,101,2515378,150,587,106148,531,6779,1937,1781259000,https://www.bilibili.com/video/BV1oMEC6hE3i,http://i1.hdslb.com/bfs/archive/0cf477c23e4d4ec32c7feb8076926871dd5b7dff.jpg
2026-06-15,2026-06-15 15:38:56,88,BV1zhEq6HEJr,116731271972781,一个跟头十万八千里,孤鹜AH,搞笑,娱乐,138,119,1318087,365,899,78192,2059,16905,5445,1781258400,https://www.bilibili.com/video/BV1zhEq6HEJr,http://i0.hdslb.com/bfs/archive/75b1949484ad137d6bb1fc3891e30d26f0128483.jpg
2026-06-15,2026-06-15 15:38:56,89,BV1PcJH6DEVv,116742026166887,世界杯正式开赛，闹出了多少风波？,麻薯波比呀,社科·法律·心理,知识,124,962,1156030,7194,2071,67778,6855,7496,997,1781344281,https://www.bilibili.com/video/BV1PcJH6DEVv,http://i2.hdslb.com/bfs/archive/778ca2adb6384851af09ecab00edd5d80bf98c83.jpg
2026-06-15,2026-06-15 15:38:56,90,BV1EvJp6jExa,116742881804842,和刘晓庆再返深宫，活下来！,某幻君,影视剪辑,影视,183,9268,1183424,4685,1912,51681,10570,10594,3422,1781355834,https://www.bilibili.com/video/BV1EvJp6jExa,http://i0.hdslb.com/bfs/archive/d89a0518f09d88f0e177892ef4fd686c9d346bc2.jpg
2026-06-15,2026-06-15 15:38:56,91,BV1F4Ev67E6H,116730483513512,这猫…还能活吗,刘小鹿是小鹿6,喵星人,喵星人,218,193,764396,1177,1924,96702,46655,17586,3244,1781166018,https://www.bilibili.com/video/BV1F4Ev67E6H,http://i0.hdslb.com/bfs/archive/5736ae053cb46f1363c2d6654dd9a379a4bff276.jpg
2026-06-15,2026-06-15 15:38:56,92,BV1UFJN6jEZz,116747982080905,中国的危与机？中美俄欧中东，AI美债美元，混乱世界中|正在发生 ep1 翟东升,王骁Albert,财经商业,知识,207,8295,461592,11395,3685,37615,29103,19712,4622,1781434800,https://www.bilibili.com/video/BV1UFJN6jEZz,http://i2.hdslb.com/bfs/archive/8fdde637aaee057b244a01cd6931a1b0c253714f.jpg
2026-06-15,2026-06-15 15:38:56,93,BV1PPJW64E64,116742831473067,越喜欢跑得越远！我也来挑战一下,作家沈石溪,人文历史,知识,228,84,997618,1011,1335,128931,1371,10633,2803,1781354506,https://www.bilibili.com/video/BV1PPJW64E64,http://i0.hdslb.com/bfs/archive/1a33524f939df7c8f4061bdc29d3afef3e9c8443.jpg
2026-06-15,2026-06-15 15:38:56,94,BV1utJJ6sEjq,116740835051331,一个人一个包｜环游世界十二国｜地球最狂野的国家肯尼亚｜探索生命的禁区｜人类最原始的样子｜乞力马扎罗山｜,导演-罗杰,出行,生活,250,885,826772,2181,1653,64402,13746,7398,1249,1781324338,https://www.bilibili.com/video/BV1utJJ6sEjq,http://i0.hdslb.com/bfs/archive/54a6a04165dab3099b623cca5b9e5880948a13d8.jpg
2026-06-15,2026-06-15 15:38:56,95,BV1aoEC6ZEF9,116735365614555,《执念尸》第一季合集,老宫特西范,短片,动画,256,2765,696531,3441,1817,39519,9076,24279,3361,1781240705,https://www.bilibili.com/video/BV1aoEC6ZEF9,http://i0.hdslb.com/bfs/archive/96dd88c3f40ffcb40f243b7e01453fced88d7ff3.jpg
2026-06-15,2026-06-15 15:38:56,96,BV1CFJJ6CE2E,116741204219143,《同学录》,是许木木啊,日常,生活,21,668,761094,1714,1632,66960,6549,14583,1036,1781343000,https://www.bilibili.com/video/BV1CFJJ6CE2E,http://i1.hdslb.com/bfs/archive/e835653d5dd827aabcbafc9f3239aa25c41370f2.jpg
2026-06-15,2026-06-15 15:38:56,97,BV1wZEk6uEbh,116735952819869,把女朋友的人生瞬间做成盲盒送给她,曾文招,日常,生活,21,262,455275,426,1674,71209,12128,13669,2499,1781343000,https://www.bilibili.com/video/BV1wZEk6uEbh,http://i2.hdslb.com/bfs/archive/02c355aee3c904b621909c0e1043f79fc5a40bf4.jpg
2026-06-15,2026-06-15 15:38:56,98,BV1GrJE6dEYM,116741405415347,师傅，你这蛋糕怎么又绿又黑的,我独自做面包,美食制作,美食,76,201,1004518,834,762,81917,2797,4050,1125,1781332699,https://www.bilibili.com/video/BV1GrJE6dEYM,http://i0.hdslb.com/bfs/archive/049f173f09f762f9f8af9ce98b9d049e05af12e9.jpg
2026-06-15,2026-06-15 15:38:56,99,BV1UzE765Ewm,116719964133557,还能再来一次吗…嘻嘻,小潮院长,搞笑,娱乐,138,2527,3435806,36893,5385,262356,126553,79886,4958,1781064000,https://www.bilibili.com/video/BV1UzE765Ewm,http://i2.hdslb.com/bfs/archive/085599ddfdef178bab136355914ff56026d92266.jpg
2026-06-15,2026-06-15 15:38:56,100,BV1krE162EeX,116736640685474,我的手机好像坏了，没有一条消息。,古泽源,搞笑,娱乐,138,26,1410465,245,2816,116929,1923,16538,1943,1781260032,https://www.bilibili.com/video/BV1krE162EeX,http://i1.hdslb.com/bfs/archive/4ab9d94c3e91e5b2d453ec4e3f80b520141add7d.jpg
2026-06-15,2026-06-15 22:35:40,1,BV1nAJK6PEwh,116749374593001,《原神》动画短片——「最后的遗产」,原神,手机游戏,游戏,172,1861,3031772,50207,35271,410857,414660,139414,77560,1781496000,https://www.bilibili.com/video/BV1nAJK6PEwh,http://i0.hdslb.com/bfs/archive/7643cfcbd6364efae92208ab8aeb5cc75ba6173a.jpg
2026-06-15,2026-06-15 22:35:40,2,BV1dNJL6XELa,116739207597022,《兔粮是你的谎言》,伤心欲茄222,搞笑,娱乐,138,105,7254716,2038,7092,451735,13738,31278,15660,1781323200,https://www.bilibili.com/video/BV1dNJL6XELa,http://i1.hdslb.com/bfs/archive/9a8ed432df0aa306afeff2f8010a26c276a6739d.jpg
2026-06-15,2026-06-15 22:35:40,3,BV1aEE16YECM,116736825362515,墙那边根本就没有厕所！！,二三哥哥鸭,搞笑,娱乐,138,54,6741755,1983,10993,525472,18974,92248,58497,1781262796,https://www.bilibili.com/video/BV1aEE16YECM,http://i2.hdslb.com/bfs/archive/48e1cb9c9f1bbb3477c19823da428e734e84841c.jpg
2026-06-15,2026-06-15 22:35:40,4,BV1kFE161Evt,116736758257704,路边一块，经过雕刻，包你看了过目不忘！愿你成为自己的太阳，无需借谁的光,小梨家的和田玉,手工,生活,161,254,4484019,7832,14231,258290,15512,26810,9052,1781261629,https://www.bilibili.com/video/BV1kFE161Evt,http://i1.hdslb.com/bfs/archive/e136f92e20badb075eeddee4d31e6f12ff95b1c4.jpg
2026-06-15,2026-06-15 22:35:40,5,BV19sJH6NE2H,116741707601636,看一看早餐的质量怎么样#早餐#食品安全,陈大成bill,美食记录,美食,215,306,4157001,1320,3275,209563,18736,41816,8241,1781352000,https://www.bilibili.com/video/BV19sJH6NE2H,http://i0.hdslb.com/bfs/archive/583ad17b29d55a6f06c98eb251ec63dd9dfe7823.jpg
2026-06-15,2026-06-15 22:35:40,6,BV1dmJP6sEgd,116748384731561,迈克尔杰克逊的billiejean，斗胆跳一段。,特崮斯,篮球,运动,235,67,2362146,1283,7176,409887,67648,35847,6617,1781439271,https://www.bilibili.com/video/BV1dmJP6sEgd,http://i2.hdslb.com/bfs/archive/d06b949e7976e0c255a0f4885cb8a3acf0165294.jpg
2026-06-15,2026-06-15 22:35:40,7,BV1VbJ56EEm6,116737731200556,《少年》-《下一个是谁7》主题曲,雨哥到处跑,日常,生活,21,214,1046249,11793,8159,160234,162382,48290,10508,1781344800,https://www.bilibili.com/video/BV1VbJ56EEm6,http://i1.hdslb.com/bfs/archive/cfd71a09139489ecac6f57d54cd8753f5611e987.jpg
2026-06-15,2026-06-15 22:35:40,8,BV16kEC6MEWL,116735734716938,新地图解锁！影视飓风的电竞房？,影视飓风,数码,科技,95,764,2781137,26137,36162,201269,141942,69461,16394,1781254800,https://www.bilibili.com/video/BV16kEC6MEWL,http://i0.hdslb.com/bfs/archive/dde17e588b2675e5c877e200a1fe04b7d6f6ef12.jpg
2026-06-15,2026-06-15 22:35:40,9,BV1QNJu6bEts,116751740179733,峰峦叠嶂间，此城何处寻？,鸣潮,手机游戏,游戏,172,477,2494459,10910,29186,128293,81028,27355,72080,1781492400,https://www.bilibili.com/video/BV1QNJu6bEts,http://i2.hdslb.com/bfs/archive/0dd7257472d03c50150cd38ff7efb425c8cfd40a.jpg
2026-06-15,2026-06-15 22:35:40,10,BV1tUEY6WE3t,116729409706038,《青春期恐龙幻想物语》,客岭苹果,日常,生活,21,307,2976745,996,2621,222826,23214,32576,5831,1781247600,https://www.bilibili.com/video/BV1tUEY6WE3t,http://i0.hdslb.com/bfs/archive/8341ec6136e31dbcff0bf1c3fd856a290761647d.jpg
2026-06-15,2026-06-15 22:35:40,11,BV1MrJ56gE5T,116737328546232,不是 我咋上高三了,名字即是无,日常,生活,21,64,4125829,10254,7576,389116,16531,72362,9690,1781270488,https://www.bilibili.com/video/BV1MrJ56gE5T,http://i2.hdslb.com/bfs/archive/05d045b23e87b5eda586511013238b1804764dfc.jpg
2026-06-15,2026-06-15 22:35:40,12,BV1jCJs6UE9S,116743888442795,美国“杰斐逊州”在哪里？【神奇组织51】,小约翰可汗,人文历史,知识,228,2465,1804360,13268,4670,121812,49837,31149,2477,1781406000,https://www.bilibili.com/video/BV1jCJs6UE9S,http://i0.hdslb.com/bfs/archive/74bddc7cf649e2ae7268b836596abfd15ed75dab.jpg
2026-06-15,2026-06-15 22:35:40,13,BV1J9EB6xEAB,116732178007836,洗衣机演奏一首《起风了》，以此纪念我的高中生活,非凯J,演奏,演奏,59,120,3090595,3273,7455,207416,41451,33613,20120,1781191722,https://www.bilibili.com/video/BV1J9EB6xEAB,http://i2.hdslb.com/bfs/archive/77250422542f6a41e3699f4e608ea69cbd013bc1.jpg
2026-06-15,2026-06-15 22:35:40,14,BV1uHEC6XEEu,116735684445746,无法预测！命运的最后抽卡！【水无月菌】,水无月菌,桌游棋牌,桌游棋牌,173,792,2041123,11192,5809,176162,121064,36904,16826,1781263800,https://www.bilibili.com/video/BV1uHEC6XEEu,http://i0.hdslb.com/bfs/archive/b17ce44c7e7e351f0e72f059450c8a637bd50b67.jpg
2026-06-15,2026-06-15 22:35:40,15,BV1iyJV6EEao,116738150636498,我找东西be like,老番茄,单机游戏,游戏,17,1331,1889379,5492,1556,152794,40732,33052,2731,1781321700,https://www.bilibili.com/video/BV1iyJV6EEao,http://i0.hdslb.com/bfs/archive/3f5eaaafe18db626804778a2b5f1fc6c86f69d7b.jpg
2026-06-15,2026-06-15 22:35:40,16,BV1tLJp6FEoP,116743368351213,我们成功了!核电站隐藏好结局-天下无核 测试服,六式zy,网络游戏,游戏,65,134,2829205,5308,6648,180975,9076,45093,12789,1781362821,https://www.bilibili.com/video/BV1tLJp6FEoP,http://i0.hdslb.com/bfs/archive/d9d4e0ffcf040c8032d6556ca23932dfc5b07500.jpg
2026-06-15,2026-06-15 22:35:40,17,BV1yBE16UENN,116736607131264,⚡烂梗小孩就要这样制裁⚡,萝卜不会整活,鬼畜剧场,鬼畜剧场,216,84,3271282,1817,13303,212641,4094,28051,15928,1781259573,https://www.bilibili.com/video/BV1yBE16UENN,http://i0.hdslb.com/bfs/archive/6e3ba8f4ecd8a7ba023dab7af1bcd4a321ec3a8c.jpg
2026-06-15,2026-06-15 22:35:40,18,BV1rvEr6NEpF,116735046845023,新三国up锐评老三国02：没有对比就没有伤害,吃蛋挞的折棒,影视剪辑,影视,183,1503,1255825,24133,10307,89729,61414,16377,1940,1781316000,https://www.bilibili.com/video/BV1rvEr6NEpF,http://i0.hdslb.com/bfs/archive/063dff13e9298258dfac0de8388de77eec14759a.jpg
2026-06-15,2026-06-15 22:35:40,19,BV1caJw6ZEwT,116747445208084,你懂白鹿吗？——内娱嘉欣,玉玉__,娱乐粉丝创作,娱乐,242,710,2193812,7104,5306,148372,27723,31105,7245,1781425006,https://www.bilibili.com/video/BV1caJw6ZEwT,http://i1.hdslb.com/bfs/archive/b0e3f677673a83698198228b72e9ea8b69eb5cfa.jpg
2026-06-15,2026-06-15 22:35:40,20,BV185Js6BE4i,116744140097496,【i-dle】 'Crow' Official Music Video,i-dle_official,音乐综合,音乐,130,203,646841,17513,14284,60302,44386,19609,13487,1781442000,https://www.bilibili.com/video/BV185Js6BE4i,http://i0.hdslb.com/bfs/archive/27cbbd5112c850b931b2cfbf635e6dc8852dc99c.jpg
2026-06-15,2026-06-15 22:35:40,21,BV1UtE16xESZ,116736523246103,爸爸打死妈妈时，她就在旁边 ...,法内狂徒高法师,社科·法律·心理,知识,124,167,974964,1890,3303,235568,112618,17374,1935,1781258087,https://www.bilibili.com/video/BV1UtE16xESZ,http://i1.hdslb.com/bfs/archive/a3875b7e4f11b69522f7e675a14b149155e13374.jpg
2026-06-15,2026-06-15 22:35:40,22,BV1nAE16CEBQ,116736791746687,带良子吃和平饭店，竟然花了xxxx!?,汤姆的混乱空间,搞笑,娱乐,138,521,2582453,7193,7373,159018,21949,14256,16162,1781262815,https://www.bilibili.com/video/BV1nAE16CEBQ,http://i1.hdslb.com/bfs/archive/bfc6076d0f650a20323d569169cc0aaa649a5b12.jpg
2026-06-15,2026-06-15 22:35:40,23,BV17nJ569EKk,116737479543698,幻想向：你永远是你妈生的,四夕小田木_,小剧场,娱乐,85,152,2316717,623,2029,143165,9883,15537,4548,1781309400,https://www.bilibili.com/video/BV17nJ569EKk,http://i0.hdslb.com/bfs/archive/5c4ea1eede14dca688cb8027f683eae89ac55511.jpg
2026-06-15,2026-06-15 22:35:40,24,BV1S2Ey6sEYs,116736976361299,0%成功率的吉尼斯挑战（AI给出的结论）！,剑客范十三,运动综合,运动,238,216,1175363,6418,2899,141460,14182,10490,786,1781266817,https://www.bilibili.com/video/BV1S2Ey6sEYs,http://i0.hdslb.com/bfs/archive/b8c27821ea52fc39badab054fc41d2ae9e1cbc88.jpg
2026-06-15,2026-06-15 22:35:40,25,BV1kwE165EJd,116736741480387,峰哥教大学生区分鹅腿鸭腿,峰哥亡命天涯,美食侦探,美食,212,327,2411198,6629,13775,117872,11666,13050,21295,1781261723,https://www.bilibili.com/video/BV1kwE165EJd,http://i0.hdslb.com/bfs/archive/15838c5454e36b8e42942f1c0d927a21b2fda9b9.jpg
2026-06-15,2026-06-15 22:35:40,26,BV1T2Jj6yEgD,116740180674530,张杰谢娜两口子不要再闹了好吗？【爆笑演唱会名场面】,一只吐槽圆,娱乐杂谈,娱乐杂谈,241,551,3067401,33445,6564,92280,11831,14731,49476,1781314126,https://www.bilibili.com/video/BV1T2Jj6yEgD,http://i0.hdslb.com/bfs/archive/f77e79d34c13d35be78980aaec4d5e2002bdd26c.jpg
2026-06-15,2026-06-15 22:35:40,27,BV14MJj66EWB,116738788169472,一方水土养一方舞蹈,我的老师有高度,舞蹈综合,舞蹈综合,154,349,1285502,815,2481,111482,7712,14054,3409,1781308800,https://www.bilibili.com/video/BV14MJj66EWB,http://i2.hdslb.com/bfs/archive/907f426f4912bb15708879e9fc8a2798b776cda5.jpg
2026-06-15,2026-06-15 22:35:40,28,BV1nyEi69EoZ,116731708246773,建议口语平淡的都来试下这个练习,po老师英语版,校园学习,知识,208,102,1111839,128,855,160186,8234,65128,3622,1781184784,https://www.bilibili.com/video/BV1nyEi69EoZ,http://i2.hdslb.com/bfs/archive/948eb8b6496dc207f0fff1635f2da8d24e9b932e.jpg
2026-06-15,2026-06-15 22:35:40,29,BV1cLE96qEHo,116724963739894,评论区摄影大赛之视觉创意篇第二弹开启，欢迎投稿好的作品会让更多人看到。,摄影恩哥,日常,生活,21,165,2805501,619,5300,139500,1371,7434,343,1781256600,https://www.bilibili.com/video/BV1cLE96qEHo,http://i0.hdslb.com/bfs/archive/5afee256963bc3f2a894e13a036b37bd27752c1a.jpg
2026-06-15,2026-06-15 22:35:40,30,BV1JKE16rErj,116736691082807,所以什么时候还我五块钱,香蕉猫的快乐生活,搞笑,娱乐,138,62,3619299,372,2292,218594,1170,12717,835,1781260621,https://www.bilibili.com/video/BV1JKE16rErj,http://i2.hdslb.com/bfs/archive/c635a78ab9975fbe75dcd91d5ed1a15c7fd4a816.jpg
2026-06-15,2026-06-15 22:35:40,31,BV1rCE16LEz9,116736556800563,动物园里有什么…（总感觉哪里不对,香菇早安,汪星人,汪星人,219,27,1873561,531,3074,199769,4047,28449,19690,1781258567,https://www.bilibili.com/video/BV1rCE16LEz9,http://i1.hdslb.com/bfs/archive/5726a2abfed40ea79d707446e6c9b9530cc7a84a.jpg
2026-06-15,2026-06-15 22:35:40,32,BV17GEi61EZK,116729913021505,循环歌单|【illusion】|“【静步の小曲】”,蛋某人音乐,乐评盘点,音乐,243,3065,2978122,416,1212,195452,2158,61579,924,1781222400,https://www.bilibili.com/video/BV17GEi61EZK,http://i1.hdslb.com/bfs/archive/a058cfdea8b92c0c38b5ab261cca0011c6cfdbd7.jpg
2026-06-15,2026-06-15 22:35:40,33,BV17hJn63EvU,116742093278532,地牢酒馆-14集 《人鱼的配方与深海来客》,粘土工厂,单机游戏,游戏,17,223,630682,1387,2086,113645,20525,11636,1526,1781343177,https://www.bilibili.com/video/BV17hJn63EvU,http://i0.hdslb.com/bfs/archive/db96e1253e91db964081083f790a5aab56dd89e8.jpg
2026-06-15,2026-06-15 22:35:40,34,BV14DEy6QEUp,116737194399487,剑来！！！！！！,高斯Goh,综艺,综艺,71,1085,910120,6959,2058,72387,32925,18724,1293,1781409600,https://www.bilibili.com/video/BV14DEy6QEUp,http://i0.hdslb.com/bfs/archive/1c29ec56cd5eb02b35d562829147bac0d0629e6b.jpg
2026-06-15,2026-06-15 22:35:40,35,BV11gEk63EF6,116734325496724,【鸣潮微电影】至今我仍深爱着你——坎特蕾拉,Glorious_青蓝紫,同人·手书,动画,47,440,680670,1378,2368,84186,37702,44378,6858,1781235000,https://www.bilibili.com/video/BV11gEk63EF6,http://i2.hdslb.com/bfs/archive/17b3688f6e270c3dc240514d8742f22d6a33615a.jpg
2026-06-15,2026-06-15 22:35:40,36,BV1xjJn6DEch,116742445597343,【干货】如何区分鹅腿和鸭腿？,闪电侠-flash,校园学习,知识,208,53,2443573,6272,6635,193248,2310,11460,6629,1781348560,https://www.bilibili.com/video/BV1xjJn6DEch,http://i2.hdslb.com/bfs/archive/cfc06208a7a01e856a69de77046bdc631112d432.jpg
2026-06-15,2026-06-15 22:35:40,37,BV1wZEk6uEbh,116735952819869,把女朋友的人生瞬间做成盲盒送给她,曾文招,日常,生活,21,262,600523,610,2425,94044,16442,18160,3375,1781343000,https://www.bilibili.com/video/BV1wZEk6uEbh,http://i2.hdslb.com/bfs/archive/02c355aee3c904b621909c0e1043f79fc5a40bf4.jpg
2026-06-15,2026-06-15 22:35:40,38,BV1ZoEB6pEZa,116732211501684,仅推荐给有趣的人,酸子阿,日常,生活,21,31,4216580,415,2093,197333,13365,15462,7132,1781260200,https://www.bilibili.com/video/BV1ZoEB6pEZa,http://i1.hdslb.com/bfs/archive/2e5bdef2ba9b4f0bb135aa086ccdac8e455c2c43.jpg
2026-06-15,2026-06-15 22:35:40,39,BV1XLEC6dEoU,116736019929002,桃农发视频求助防虫办法，不料评论区被“爬虫佬”攻占，桃农：跟我说卖虫子比卖桃赚钱，只用五天就办理了营业执照，好桃正常卖 坏果用来饲养甲虫,大象新闻,社会,社会,205,23,4497653,178,4267,198979,1557,7634,1720,1781250587,https://www.bilibili.com/video/BV1XLEC6dEoU,http://i1.hdslb.com/bfs/archive/d98affe57c01282ef725a9536b60c79d8e84d6d3.jpg
2026-06-15,2026-06-15 22:35:40,40,BV1eAEq6rExJ,116731506988938,为了这稀有的粉色螺珠，我在加勒比海与2米长大鲨鱼搏斗许久，差点就掉线了！,OK哥环球探海记,出行,生活,250,1463,9501899,10830,2111,217913,30260,172433,4003,1781233200,https://www.bilibili.com/video/BV1eAEq6rExJ,http://i0.hdslb.com/bfs/archive/9c69c1655eea63f4cb4b104dc83f5c17a163e18c.jpg
2026-06-15,2026-06-15 22:35:40,41,BV14bE16dEZd,116736506594533,18禁的两头堵营销！,穆天然-,搞笑,娱乐,138,18,3327534,121,1070,199743,763,12668,1202,1781258001,https://www.bilibili.com/video/BV14bE16dEZd,http://i0.hdslb.com/bfs/archive/ff004e443f3cc430e1334fb851ed3f8f24dc78e8.jpg
2026-06-15,2026-06-15 22:35:40,42,BV1fwEC6vEny,116735969591740,听到这个版本前我简直在乱唱,于梓贝的id,翻唱,音乐,31,21,702778,266,1681,179729,10104,45784,3497,1781249737,https://www.bilibili.com/video/BV1fwEC6vEny,http://i0.hdslb.com/bfs/archive/895d970762f54b6001d4d9f261e5bade73e8d6e8.jpg
2026-06-15,2026-06-15 22:35:40,43,BV1zmJJ66EGV,116740683990254,科学家终于发现，克隆技术的绝望真相！,李论科学,科学科普,知识,201,292,1410705,1489,3426,104228,1777,8506,1192,1781321958,https://www.bilibili.com/video/BV1zmJJ66EGV,http://i0.hdslb.com/bfs/archive/6c575e5b70dce8a7fec3947e8783762bc485dce4.jpg
2026-06-15,2026-06-15 22:35:40,44,BV1JKE16rE4L,116736691084132,一个抽烟的女人，凭什么治愈了全球社畜？,天真无邪老Ty,综合,综合,27,532,933550,2768,6423,64632,16894,25445,5787,1781260722,https://www.bilibili.com/video/BV1JKE16rE4L,http://i0.hdslb.com/bfs/archive/9edfae6fd994cd6fde206e1e5f686314ea33276a.jpg
2026-06-15,2026-06-15 22:35:40,45,BV1gyJE69ESo,116741036317460,华强买瓜，但是艺术家,快乐阿托,鬼畜剧场,鬼畜剧场,216,163,1507501,1541,2041,76374,14015,15699,7137,1781326907,https://www.bilibili.com/video/BV1gyJE69ESo,http://i2.hdslb.com/bfs/archive/d43398e3694827aaf3a7334c50f62ddf1ffaa831.jpg
2026-06-15,2026-06-15 22:35:40,46,BV1X9JP6nEJs,116748049187177,破晓将至，律己则安，终见黎明！,花小龙oy,健身,运动,164,230,1189451,924,3699,116980,4753,4364,2409,1781433996,https://www.bilibili.com/video/BV1X9JP6nEJs,http://i1.hdslb.com/bfs/archive/8622e6312c0448d70defa53d5ab3a0d9347f78be.jpg
2026-06-15,2026-06-15 22:35:40,47,BV1ziJV69E6Z,116738234523085,你是说我小时候造了一个超大过山车和半个耶稣像？！？过山车？！,蚊子CuO,单机游戏,游戏,17,832,751667,4002,2031,80440,12802,16563,851,1781284427,https://www.bilibili.com/video/BV1ziJV69E6Z,http://i2.hdslb.com/bfs/archive/e4bfda38efbd4e390de425b77f6569dfd48c99db.jpg
2026-06-15,2026-06-15 22:35:40,48,BV1UFJN6jEZz,116747982080905,中国的危与机？中美俄欧中东，AI美债美元，混乱世界中|正在发生 ep1 翟东升,王骁Albert,财经商业,知识,207,8295,582669,14351,4498,46147,37148,23502,6290,1781434800,https://www.bilibili.com/video/BV1UFJN6jEZz,http://i2.hdslb.com/bfs/archive/8fdde637aaee057b244a01cd6931a1b0c253714f.jpg
2026-06-15,2026-06-15 22:35:40,49,BV1KkEK6CELv,116712112397979,星际超级荒诞动画喜剧！《外星小偷里贝》第03话：上岸星球【UP动画】,梦游牛油果官方频道,小剧场,娱乐,85,828,5774781,4203,7733,271636,49415,78946,24760,1781172001,https://www.bilibili.com/video/BV1KkEK6CELv,http://i2.hdslb.com/bfs/archive/bf2234cfac7b170ad622d34b94e81a6ca8687ce9.jpg
2026-06-15,2026-06-15 22:35:40,50,BV1MzJ56rEky,116737278215918,“虽然是个无所谓的夜晚🚬”NIGHT DANCER,土埋了半截的人,MAD·AMV,MAD·AMV,24,87,1242862,679,2653,143097,17924,70658,4066,1781269870,https://www.bilibili.com/video/BV1MzJ56rEky,http://i2.hdslb.com/bfs/archive/a2e871a997f84226169f228a7314be1c9051e29e.jpg
2026-06-15,2026-06-15 22:35:40,51,BV1SMEv6bEcf,116730684775304,我去了趟韩国，怎么到处都是汉字啊？？,有山先生,人文历史,知识,228,1724,864149,9265,3950,97336,93546,26793,2499,1781254800,https://www.bilibili.com/video/BV1SMEv6bEcf,http://i2.hdslb.com/bfs/archive/17a38348dd3aa9f7b6892177f3a606baf847a81c.jpg
2026-06-15,2026-06-15 22:35:40,52,BV1nfJj6iErA,116740314957040,挑战给历史故事打tag（标签2）,混饭达人,娱乐杂谈,娱乐杂谈,241,92,1369556,2716,1447,145282,3235,15518,9158,1781316187,https://www.bilibili.com/video/BV1nfJj6iErA,http://i1.hdslb.com/bfs/archive/315cf3bf234f1af2314ceab7df7fa639bd143757.jpg
2026-06-15,2026-06-15 22:35:40,53,BV1VBJE6ZEFC,116741371855445,摇一摇,UU学弟,舞蹈综合,舞蹈综合,154,21,2460408,741,3848,154146,1224,17048,7780,1781332110,https://www.bilibili.com/video/BV1VBJE6ZEFC,http://i0.hdslb.com/bfs/archive/640d0854c716d8af90f305651a0cc8fe5d7cfc0f.jpg
2026-06-15,2026-06-15 22:35:40,54,BV1hsE16bEY4,116736489821737,电到的人越多，医术越高明【 原神：元素战争 】,No_Tables,手机游戏,游戏,172,95,1152546,1039,2467,132006,26084,38928,5661,1781258400,https://www.bilibili.com/video/BV1hsE16bEY4,http://i1.hdslb.com/bfs/archive/21176541a8d945c32df9c3ed24bd8d060c5f9e29.jpg
2026-06-15,2026-06-15 22:35:40,55,BV1t2EY6REu4,116729359370195,“有些鸟儿注定是关不住的”【I dont want to play around】【魔丸之卵の小曲】,早睡起大王,音乐综合,音乐,130,253,1968950,9988,4474,198518,3465,42309,9454,1781150400,https://www.bilibili.com/video/BV1t2EY6REu4,http://i1.hdslb.com/bfs/archive/650366b932bf4bf768b90d2763c3d956b8b65559.jpg
2026-06-15,2026-06-15 22:35:40,56,BV1JWJE6MERP,116741338302009,【微电影】星河外卖员：悠哉，忙碌，还是伟大？,最后讲述者,鬼畜剧场,鬼畜剧场,216,319,990317,921,1238,68531,11186,15339,2932,1781331604,https://www.bilibili.com/video/BV1JWJE6MERP,http://i2.hdslb.com/bfs/archive/8c4c205c44b2d9f488f3a94d4a59334e83bcfead.jpg
2026-06-15,2026-06-15 22:35:40,57,BV14WJs6aEjY,116744106546475,来！随机抽一张~被猜到的话有惩罚哦~[潦草罗德岛],壹色玻鲤,同人·手书,动画,47,113,576338,692,1116,106185,14641,33657,3062,1781373781,https://www.bilibili.com/video/BV14WJs6aEjY,http://i1.hdslb.com/bfs/archive/44fc6e6dca853d645d4a664d4217837aadc37c85.jpg
2026-06-15,2026-06-15 22:35:40,58,BV1uWEe68E3e,116728688283040,别叫霞姐叫“侠姐”,卖萝卜乐,短片,动画,256,415,1507317,670,2434,203284,44322,27736,4833,1781167800,https://www.bilibili.com/video/BV1uWEe68E3e,http://i2.hdslb.com/bfs/archive/3e73c709a2d7a4de3bebdcd61b74c41cbfa788c7.jpg
2026-06-15,2026-06-15 22:35:40,59,BV1xfEq6AEWd,116730902874019,有什么比精神小妹爱上纯情男大的故事更狗血,马哥巨离谱,搞笑,娱乐,138,490,5336417,7723,8952,205981,70622,30337,12075,1781172690,https://www.bilibili.com/video/BV1xfEq6AEWd,http://i1.hdslb.com/bfs/archive/100cd065a4f0f62b6980cc2c06947eff9d51b1bd.jpg
2026-06-15,2026-06-15 22:35:40,60,BV17WEk6aEiC,116734509981119,早安瑪莉,MountainHan-山含,综合,综合,27,31,1127871,255,3889,231466,15660,83072,18228,1781228100,https://www.bilibili.com/video/BV17WEk6aEiC,http://i1.hdslb.com/bfs/archive/686869adddff73e384d028f599f59a3a5e74e032.jpg
2026-06-15,2026-06-15 22:35:40,61,BV1stE863Ekd,116709864315059,禁播的中国邪典行为艺术：肋骨做项圈、水泥活埋24小时、倒吊放血自残,捕月说,人文历史,知识,228,664,1863402,2786,1859,69329,1239,16338,2930,1781259000,https://www.bilibili.com/video/BV1stE863Ekd,http://i0.hdslb.com/bfs/archive/06fd457b1d7b9d7b3b8bbed3c20a75610328b693.jpg
2026-06-15,2026-06-15 22:35:40,62,BV1YsJH6AEtF,116741707666989,你的意思是说，你被一头猪创死了？,图图图酱吖,单机游戏,游戏,17,170,1070430,429,798,74432,1236,22525,2338,1781341737,https://www.bilibili.com/video/BV1YsJH6AEtF,http://i2.hdslb.com/bfs/archive/76db83f712d6f36cdad6e6325ef0aed57321f3da.jpg
2026-06-15,2026-06-15 22:35:40,63,BV1otE96tE36,116725097960466,懒人为了“顺手”俩字，到底能做多少收纳？,海边二狗哥,家居房产,家居房产,239,580,3305959,3893,6258,186505,18145,89401,20081,1781083688,https://www.bilibili.com/video/BV1otE96tE36,http://i0.hdslb.com/bfs/archive/78553b00560ed356b43f06f4c094db857587023c.jpg
2026-06-15,2026-06-15 22:35:40,64,BV1gNE26wEQP,116736389153115,“佐佐木先生怎么无精打采了” #在超市后门吞云吐雾的二人 #aigc #日剧推荐 #二创,蒜泥好次,影视剪辑,影视,183,133,1401339,411,2223,79634,10490,25280,8150,1781256219,https://www.bilibili.com/video/BV1gNE26wEQP,http://i1.hdslb.com/bfs/archive/3a27766b2bdba42295db4fac36848fe931846365.jpg
2026-06-15,2026-06-15 22:35:40,65,BV1DtJH6wEcU,116741740957046,听砖家说每天只睡四个小时对生活没有影响,仙女山森林之眼,出行,生活,250,33,2653692,182,4188,156842,817,7090,2027,1781337734,https://www.bilibili.com/video/BV1DtJH6wEcU,http://i1.hdslb.com/bfs/archive/ef4e9819a5230cbf6c4576438aa77d05710c7009.jpg
2026-06-15,2026-06-15 22:35:40,66,BV1QpJJ6oEoT,116740952429638,母爱的回响让我深深的触动,迪士尼在逃黄狗coco,汪星人,汪星人,219,70,1163410,366,882,136110,4271,25419,1324,1781325897,https://www.bilibili.com/video/BV1QpJJ6oEoT,http://i0.hdslb.com/bfs/archive/c7775460ae82d923a2db9c7489f1d2717d968827.jpg
2026-06-15,2026-06-15 22:35:40,67,BV1aoEC6ZEF9,116735365614555,《执念尸》第一季合集,老宫特西范,短片,动画,256,2765,805721,3920,2026,45370,10718,27727,4151,1781240705,https://www.bilibili.com/video/BV1aoEC6ZEF9,http://i0.hdslb.com/bfs/archive/96dd88c3f40ffcb40f243b7e01453fced88d7ff3.jpg
2026-06-15,2026-06-15 22:35:40,68,BV1R3EC6bEmr,116736070261635,《三角洲行动》新干员档案：加布里埃尔·默里尔—代号液氮,三角洲行动,GMV,GMV,121,153,2171704,2733,11632,113442,3603,31978,14191,1781251234,https://www.bilibili.com/video/BV1R3EC6bEmr,http://i2.hdslb.com/bfs/archive/3e83a08b1eb5aa3b0e70844621840123d0794e1b.jpg
2026-06-15,2026-06-15 22:35:40,69,BV1PPJW64E64,116742831473067,越喜欢跑得越远！我也来挑战一下,作家沈石溪,人文历史,知识,228,84,1092089,1128,1505,141135,1532,12047,3075,1781354506,https://www.bilibili.com/video/BV1PPJW64E64,http://i0.hdslb.com/bfs/archive/1a33524f939df7c8f4061bdc29d3afef3e9c8443.jpg
2026-06-15,2026-06-15 22:35:40,70,BV1hrEy6ZEon,116736959519545,《😭如果良子说日语😭》,绫人太太啊,搞笑,娱乐,138,68,1565804,856,5616,146877,4884,15729,31736,1781264755,https://www.bilibili.com/video/BV1hrEy6ZEon,http://i0.hdslb.com/bfs/archive/566f1b3932b1eba571ede1c182f001b3dadcac28.jpg
2026-06-15,2026-06-15 22:35:40,71,BV1HgE66YE6i,116733553674038,时间刚刚好,不是唐嘉琦,日常,生活,21,30,3015890,1154,2887,378715,11532,33938,4362,1781212830,https://www.bilibili.com/video/BV1HgE66YE6i,http://i2.hdslb.com/bfs/archive/8d7715367c3081e36d93407824ed51ff0da29863.jpg
2026-06-15,2026-06-15 22:35:40,72,BV1maE169Eng,116736406000961,SpaceX上市，背后在玩什么资本游戏?,小Lin说,财经商业,知识,207,1328,1437324,7680,6233,60238,21497,18229,10448,1781269200,https://www.bilibili.com/video/BV1maE169Eng,http://i0.hdslb.com/bfs/archive/ed63226a66dc05192f014e9d15343809d10c6342.jpg
2026-06-15,2026-06-15 22:35:40,73,BV1PBE16SE7W,116736607197706,拉屎这件小事！,一串大福,搞笑,娱乐,138,180,1463139,1138,902,91670,2418,10313,763,1781259927,https://www.bilibili.com/video/BV1PBE16SE7W,http://i0.hdslb.com/bfs/archive/927740032b16e6a453e372233394b8f9193f9de7.jpg
2026-06-15,2026-06-15 22:35:40,74,BV17TEC6AE3Z,116735919331481,我们做了个不一样的拐杖...,老师好我叫何同学,数码,科技,95,420,1188997,1765,1588,126869,71693,22447,1761,1781256600,https://www.bilibili.com/video/BV17TEC6AE3Z,http://i1.hdslb.com/bfs/archive/eba34b3f270343f2e9d00cfe39017bc85914227f.jpg
2026-06-15,2026-06-15 22:35:40,75,BV1EcJP6oEvo,116748552508416,躲在超市后门吸烟的二人《Night Smoker》,清风最梦,明星综合,明星综合,137,92,960801,2965,3368,95708,11451,21050,31492,1781441576,https://www.bilibili.com/video/BV1EcJP6oEvo,http://i1.hdslb.com/bfs/archive/5ad6fd0412b663fb81a4ccddf62982316516bc4e.jpg
2026-06-15,2026-06-15 22:35:40,76,BV1EvJp6jExa,116742881804842,和刘晓庆再返深宫，活下来！,某幻君,影视剪辑,影视,183,9268,1292726,5136,1990,54071,11360,11450,3811,1781355834,https://www.bilibili.com/video/BV1EvJp6jExa,http://i0.hdslb.com/bfs/archive/d89a0518f09d88f0e177892ef4fd686c9d346bc2.jpg
2026-06-15,2026-06-15 22:35:40,77,BV1iEJH6uENN,116741506205472,仅0.9%的人能在正确时机暂停这段《我的世界》视频！你能做到吗？,Metanextify,日常,生活,21,11,846952,4626,16602,138683,794,4645,1904,1781344839,https://www.bilibili.com/video/BV1iEJH6uENN,http://i0.hdslb.com/bfs/archive/2a77a434ed2bad1a3fe730a2af0072d79961abcb.jpg
2026-06-15,2026-06-15 22:35:40,78,BV1DEJ76QEHz,116740096789831,【收银员TV】愤怒の顾客使人解压…,大乾乾是顾乾宇,小剧场,娱乐,85,118,838041,1245,2295,117864,2790,13550,6653,1781313366,https://www.bilibili.com/video/BV1DEJ76QEHz,http://i0.hdslb.com/bfs/archive/2ca5dc7c10f36c1f3f19072f2cafa1a1fa953022.jpg
2026-06-15,2026-06-15 22:35:40,79,BV1PcJH6DEVv,116742026166887,世界杯正式开赛，闹出了多少风波？,麻薯波比呀,社科·法律·心理,知识,124,962,1228069,7433,2131,70706,7177,7546,1062,1781344281,https://www.bilibili.com/video/BV1PcJH6DEVv,http://i1.hdslb.com/bfs/archive/d315c84a20d1f81dac36f7423f4635512ba61850.jpg
2026-06-15,2026-06-15 22:35:40,80,BV1CFJJ6CE2E,116741204219143,《同学录》,是许木木啊,日常,生活,21,668,822970,1761,1663,70667,6855,16123,1081,1781343000,https://www.bilibili.com/video/BV1CFJJ6CE2E,http://i1.hdslb.com/bfs/archive/e835653d5dd827aabcbafc9f3239aa25c41370f2.jpg
2026-06-15,2026-06-15 22:35:40,81,BV1utJJ6sEjq,116740835051331,一个人一个包｜环游世界十二国｜地球最狂野的国家肯尼亚｜探索生命的禁区｜人类最原始的样子｜乞力马扎罗山｜,导演-罗杰,出行,生活,250,885,846146,2238,1691,66843,14547,7772,1330,1781324338,https://www.bilibili.com/video/BV1utJJ6sEjq,http://i0.hdslb.com/bfs/archive/54a6a04165dab3099b623cca5b9e5880948a13d8.jpg
2026-06-15,2026-06-15 22:35:40,82,BV1fYEz6ZEUF,116732077345009,正颌做反毁容｜一首祝福转盘舞送给我主刀,做梦都想回到术前,日常,生活,21,42,1158862,1317,3194,219311,31977,6221,1746,1781190401,https://www.bilibili.com/video/BV1fYEz6ZEUF,http://i0.hdslb.com/bfs/archive/a668c3e9e80f64518ca251c269f406f07f79c116.jpg
2026-06-15,2026-06-15 22:35:40,83,BV1MDJn6tEV3,116741875174910,社恐小猫第一次回老家,猫猫小日记,喵星人,喵星人,218,105,875766,321,1015,109829,800,14338,3972,1781339964,https://www.bilibili.com/video/BV1MDJn6tEV3,http://i0.hdslb.com/bfs/archive/73fcf81da2282abd00cde93a7577ba23e82f66e3.jpg
2026-06-15,2026-06-15 22:35:40,84,BV1GrJE6dEYM,116741405415347,师傅，你这蛋糕怎么又绿又黑的,我独自做面包,美食制作,美食,76,201,1050035,878,829,86638,2971,4320,1198,1781332699,https://www.bilibili.com/video/BV1GrJE6dEYM,http://i0.hdslb.com/bfs/archive/049f173f09f762f9f8af9ce98b9d049e05af12e9.jpg
2026-06-15,2026-06-15 22:35:40,85,BV1bkJN6mEzJ,116749659807076,开局直接当领主，还送4个全副武装牛马小弟【剑与王国】,磊哥游戏,手机游戏,游戏,172,409,628667,1828,3341,76630,9069,10787,2434,1781485200,https://www.bilibili.com/video/BV1bkJN6mEzJ,http://i0.hdslb.com/bfs/archive/789c42aa10c5fc707f642d2e82ed8caaa81e3210.jpg
2026-06-15,2026-06-15 22:35:40,86,BV1J8JF6HExY,116746639969557,投票已成职业病，cp恋爱传闻要配平，橹穆雷朋新嗑点震撼来袭,接二连珊妄想症,娱乐杂谈,娱乐杂谈,241,785,668825,23960,59915,39296,9047,6516,2942,1781412871,https://www.bilibili.com/video/BV1J8JF6HExY,http://i1.hdslb.com/bfs/archive/076180b240ffe74d5d4b28c567f34f52d49007eb.jpg
2026-06-15,2026-06-15 22:35:40,87,BV1p7Ey65ELv,116735080399387,⚡ 下次再一起吧，山田小姐~⚡,学姐圆,MAD·AMV,MAD·AMV,24,109,807360,251,2312,115549,6197,23605,3218,1781236058,https://www.bilibili.com/video/BV1p7Ey65ELv,http://i1.hdslb.com/bfs/archive/5b0562a6e0a46f0e84fc91128c061c03adfbd8bd.jpg
2026-06-15,2026-06-15 22:35:40,88,BV1sdJE6jEhN,116741187371338,植物大战僵尸bgm实力排行,东方日出哇,特摄,动画,86,787,3036445,5425,2662,115535,7737,34422,1664,1781329262,https://www.bilibili.com/video/BV1sdJE6jEhN,http://i0.hdslb.com/bfs/archive/19de21f1f78395328e55a17f237e9df9d0079804.jpg
2026-06-15,2026-06-15 22:35:40,89,BV12zJH69EKq,116743485789551,【ESL小剧场】ZywOo的GOAT坦白,IEM成都,电子竞技,游戏,171,201,700937,1588,4121,43558,19151,12559,24693,1781364481,https://www.bilibili.com/video/BV12zJH69EKq,http://i0.hdslb.com/bfs/archive/3ce624a76324844b3fc73d4e0fca1a317f5fddad.jpg
2026-06-15,2026-06-15 22:35:40,90,BV1wCJM6yEaG,116752176387369,杨氏跑刀法,杨齐家_,单机游戏,游戏,17,1496,444900,2808,26808,44898,7226,6498,484,1781514000,https://www.bilibili.com/video/BV1wCJM6yEaG,http://i0.hdslb.com/bfs/archive/c7b0616e8ff73714ae8551d92e0f61977492a5f5.jpg
2026-06-15,2026-06-15 22:35:40,91,BV1gmJn68Etd,116741841618751,震撼细节！韩立归来藏了多少隐喻？《凡人修仙传》177逐帧解析,利维坦mY,动漫杂谈,动画,253,817,963802,3768,4015,59668,23170,5874,2175,1781345100,https://www.bilibili.com/video/BV1gmJn68Etd,http://i2.hdslb.com/bfs/archive/2bec2b01626da310a5bcdea2634f28fa9bc9db61.jpg
2026-06-15,2026-06-15 22:35:40,92,BV1oMEC6hE3i,116735902489110,高考之后我就这么猖,大禹先生--,搞笑,娱乐,138,101,2591211,155,609,109700,553,7043,1956,1781259000,https://www.bilibili.com/video/BV1oMEC6hE3i,http://i1.hdslb.com/bfs/archive/0cf477c23e4d4ec32c7feb8076926871dd5b7dff.jpg
2026-06-15,2026-06-15 22:35:40,93,BV1ZqJF61E5d,116746757346937,我的脆皮人生be like,是旷世奇柴,日常,生活,21,34,2211514,261,1957,138330,1489,6775,4597,1781414280,https://www.bilibili.com/video/BV1ZqJF61E5d,http://i2.hdslb.com/bfs/archive/8ac5f772ec1e5037c059452f25c1901a9ab2bac3.jpg
2026-06-15,2026-06-15 22:35:40,94,BV1zhEq6HEJr,116731271972781,一个跟头十万八千里,孤鹜AH,搞笑,娱乐,138,119,1367366,384,922,81364,2144,17551,5711,1781258400,https://www.bilibili.com/video/BV1zhEq6HEJr,http://i0.hdslb.com/bfs/archive/75b1949484ad137d6bb1fc3891e30d26f0128483.jpg
2026-06-15,2026-06-15 22:35:40,95,BV1c8JF6pEua,116746640099094,约会的是他们，怎么感到尴尬的是我…,陈嘉伦整个路人,搞笑,娱乐,138,276,1476712,2533,1923,71138,2426,6484,3300,1781412879,https://www.bilibili.com/video/BV1c8JF6pEua,http://i1.hdslb.com/bfs/archive/cfdedda89bee86168368babe85c7480847acbfb8.jpg
2026-06-15,2026-06-15 22:35:40,96,BV1T9Jn6xELB,116741774511028,国王大人，公主提着巨剑来找你叙旧了！,Mr-Ferret,绘画,绘画,162,98,1232092,545,1235,98451,1494,12581,2440,1781338397,https://www.bilibili.com/video/BV1T9Jn6xELB,http://i0.hdslb.com/bfs/archive/c90d4f0a56dc3b0719e2ccc237488a0353fa2cd9.jpg
2026-06-15,2026-06-15 22:35:40,97,BV1h6Ey6bEZE,116737043399281,挑战 100元让爷爷和小姐姐们一起吃大餐,大森子哈哈哈,搞笑,娱乐,138,121,2671533,466,593,135044,4661,10245,396,1781267147,https://www.bilibili.com/video/BV1h6Ey6bEZE,http://i2.hdslb.com/bfs/archive/319f64ee88f974624e07d3086e73b98e73254fd3.jpg
2026-06-15,2026-06-15 22:35:40,98,BV1L8Ey6KE1S,116735214618687,几十年后我终于明白，这才是李靖的人设巅峰！！！,wrizedm,影视剪辑,影视,183,159,1344518,294,2213,82576,1918,8629,1481,1781238136,https://www.bilibili.com/video/BV1L8Ey6KE1S,http://i0.hdslb.com/bfs/archive/317b2a887e3c8f0cf164068ff4c369ad6a18b1b7.jpg
2026-06-15,2026-06-15 22:35:40,99,BV1XKJp6KEND,116743133529108,撤离成功 (视频摆拍 ，没有别的意思,小程是我_,亲子,生活,254,55,2499594,228,2983,139195,798,3177,473,1781358973,https://www.bilibili.com/video/BV1XKJp6KEND,http://i2.hdslb.com/bfs/archive/8953f736606fedd6e081b2850639f9cc253ac7a3.jpg
2026-06-15,2026-06-15 22:35:40,100,BV1vQEC6wE6u,116735432727948,美国女孩一口气速通全河北【世界纪录55:56小时】,KerryDowdle,日常,生活,21,2964,950966,4428,3451,54260,15144,19224,3075,1781254800,https://www.bilibili.com/video/BV1vQEC6wE6u,http://i0.hdslb.com/bfs/archive/2e3401d029d6fe8a2917e48b68b70cd847a94eed.jpg
