rank_date,snapshot_time,rank_position,bvid,aid,title,author,category,main_category,tid,duration,view_count,danmaku_count,reply_count,like_count,coin_count,favorite_count,share_count,pubdate,video_url,cover_url
2026-06-23,2026-06-23 01:49:46,1,BV1oTjk6xEea,116778281796886,我发誓这是我看过最震撼的漫展爬台变装演唱！！,夏旬Natsuki,翻唱,音乐,31,84,5345228,1535,5600,623904,45729,66737,8324,1781947800,https://www.bilibili.com/video/BV1oTjk6xEea,http://i0.hdslb.com/bfs/archive/c937405b0e26e4652af142f494911c0cf97d0f26.jpg
2026-06-23,2026-06-23 01:49:46,2,BV1Cvjk6TEB3,116778046915958,🎨要看看这样的视频才有力气讨生活【三角洲】,牧牧川,单机游戏,游戏,17,192,4131007,728,2257,301744,11639,46360,2435,1781926200,https://www.bilibili.com/video/BV1Cvjk6TEB3,http://i1.hdslb.com/bfs/archive/9c3b114670250931e6264389d05a263039d091d9.jpg
2026-06-23,2026-06-23 01:49:46,3,BV17BjB6UEeP,116776536902641,一坨泥巴也来跳迈克尔·杰克逊《顫栗》？,宅叔飞飞,手工,生活,161,67,3776017,441,1644,414497,92758,25934,2605,1781868799,https://www.bilibili.com/video/BV17BjB6UEeP,http://i0.hdslb.com/bfs/archive/8c7d6784a5fe4aa117f1c0c53696dadb050b0d1d.jpg
2026-06-23,2026-06-23 01:49:46,4,BV1JKjH6iE6y,116782895470334,多少年了，人们还记得你真实的样子吗？,何大爷课堂,人文历史,知识,228,218,3898833,563,3356,254390,7379,15698,1399,1781965957,https://www.bilibili.com/video/BV1JKjH6iE6y,http://i1.hdslb.com/bfs/archive/ce0fa067f5c90abd4ceb01108697be8f556ecd57.jpg
2026-06-23,2026-06-23 01:49:46,5,BV1fJjE6FEqW,116780630609640,《崩坏：因缘精灵》进化PV：直至遇见它,崩坏因缘精灵,手机游戏,游戏,172,351,2053959,18256,26515,153559,57641,30267,44523,1782100800,https://www.bilibili.com/video/BV1fJjE6FEqW,http://i2.hdslb.com/bfs/archive/29e4ee8844cb4d82aefa07d1011ad4438da2c9c3.jpg
2026-06-23,2026-06-23 01:49:46,6,BV15Qj66mE5z,116776956336801,快乐 童年,榴莲阿呀,搞笑,娱乐,138,538,5093467,10066,11207,295566,75712,120636,4577,1781875232,https://www.bilibili.com/video/BV15Qj66mE5z,http://i1.hdslb.com/bfs/archive/fd70d470e4de0758969faf57cfd3f789c6e5e222.jpg
2026-06-23,2026-06-23 01:49:46,7,BV1X37c6vEcB,116790311001648,“终有一天，我会成为MAJOR冠军！”——NIKO圆梦科隆Major！,AYCS2,网络游戏,游戏,65,298,2392091,1723,13030,144762,65622,34009,8949,1782078868,https://www.bilibili.com/video/BV1X37c6vEcB,http://i2.hdslb.com/bfs/archive/1bdd25e9721279f6870ec585223314be1d06890f.jpg
2026-06-23,2026-06-23 01:49:46,8,BV1wULQ64EB9,116764960825221,《绝区零》先导演示丨蕾米埃尔,哔哩哔哩游戏中心,手机游戏,游戏,172,91,3057283,6560,25722,204704,79248,42923,111258,1781920800,https://www.bilibili.com/video/BV1wULQ64EB9,http://i2.hdslb.com/bfs/archive/4373a99ec734fa760ccab2161d38ef6294815f24.jpg
2026-06-23,2026-06-23 01:49:46,9,BV1xXjn6LEwc,116783247787866,人，停下！,幸仁儿鲨,绘画,绘画,162,475,1141652,9488,8425,139039,45823,57518,4298,1781971350,https://www.bilibili.com/video/BV1xXjn6LEwc,http://i2.hdslb.com/bfs/archive/cfe6b10df7f5630e9cb80f9edffe4b9a15c6024a.jpg
2026-06-23,2026-06-23 01:49:46,10,BV1g7jJ6nE1E,116782207602137,“入室抢劫般的队友”,胡胡不胡o,日常,生活,21,363,2823436,1589,3653,194023,9202,22843,7062,1781955576,https://www.bilibili.com/video/BV1g7jJ6nE1E,http://i2.hdslb.com/bfs/archive/9b3e18bf8311f44867bcc78534904eb86d1072c4.jpg
2026-06-23,2026-06-23 01:49:46,11,BV1uHjJ6mEpe,116781888833434,地牢酒馆-15集 《一支欢快的舞》,粘土工厂,单机游戏,游戏,17,265,1621581,5213,3373,188705,22829,20500,2061,1781951423,https://www.bilibili.com/video/BV1uHjJ6mEpe,http://i0.hdslb.com/bfs/archive/6b4c38e45f3f0de7eaf9b7ec420a773be89a3de3.jpg
2026-06-23,2026-06-23 01:49:46,12,BV1usjH6WEoz,116782694139715,曾沛慈｜《怎么说我不爱你》舞台,曾沛慈_TsengPets,明星综合,明星综合,137,279,1900978,20354,22465,90142,73947,33641,13079,1781962856,https://www.bilibili.com/video/BV1usjH6WEoz,http://i0.hdslb.com/bfs/archive/bb4c91ef35acc1e06800c178e2600fd8d5509e78.jpg
2026-06-23,2026-06-23 01:49:46,13,BV199jJ6REJR,116781536511840,【干货】为什么不建议你今年考高考状元？,闪电侠-flash,校园学习,知识,208,149,2311723,3283,4350,244437,2614,16368,7657,1781949600,https://www.bilibili.com/video/BV199jJ6REJR,http://i1.hdslb.com/bfs/archive/e9e898756d4f16f348bd9866f5f50d18f0a74c2a.jpg
2026-06-23,2026-06-23 01:49:46,14,BV1dMjJ64Emt,116782241286100,新番时光机！十年前的观众都在看什么神片？「2016年4月篇」泛式,泛式,动漫杂谈,动画,253,1104,1154341,14282,8426,115598,59049,26061,9641,1781955914,https://www.bilibili.com/video/BV1dMjJ64Emt,http://i2.hdslb.com/bfs/archive/81e6a2baf73a0864c80081301e66022a9641d9f3.jpg
2026-06-23,2026-06-23 01:49:46,15,BV1K3jn65ECR,116781352032938,躲在超市后门智斗的二人,沃滋基-尼,综合,综合,27,92,1907090,3644,5796,218338,15110,53693,26009,1781942609,https://www.bilibili.com/video/BV1K3jn65ECR,http://i0.hdslb.com/bfs/archive/bdab827cde03d4f1eddf9ceb001b20129cc95c54.jpg
2026-06-23,2026-06-23 01:49:46,16,BV1Dejq6aEVp,116774892738063,循环歌单|【像个白痴一样】|“【不会哄人の小曲】”,蛋某人音乐,乐评盘点,音乐,243,2993,3119698,453,5125,205685,6374,108580,3424,1781913600,https://www.bilibili.com/video/BV1Dejq6aEVp,http://i0.hdslb.com/bfs/archive/76d35bc1f4f338083694865437ba95ae366e46db.jpg
2026-06-23,2026-06-23 01:49:46,17,BV1DKjp6sESX,116782442483852,新金蝉脱壳,Y的生存手记,综合,综合,27,534,1348727,3116,5584,137821,3002,39186,1000,1781958906,https://www.bilibili.com/video/BV1DKjp6sESX,http://i1.hdslb.com/bfs/archive/f7b66f77c006bb86c17cf6ef1501dfcc4cf5cb8d.png
2026-06-23,2026-06-23 01:49:46,18,BV1rZjr6aErt,116778717938040,末日高架桥，我们被困了100天！,马里奥红叔,单机游戏,游戏,17,1463,1242719,3711,1943,140146,52458,52210,2064,1781924400,https://www.bilibili.com/video/BV1rZjr6aErt,http://i0.hdslb.com/bfs/archive/112ae27cde1480e5ed760c9b5927159b8764e1e4.jpg
2026-06-23,2026-06-23 01:49:46,19,BV1jbja6hE3o,116771990277534,炒菜好不好吃不是放多少调料而是掌握食材时间、火候、和烹饪技巧,灶台阿连,日常,生活,21,627,2529583,4528,8116,184900,22245,67606,8100,1781799497,https://www.bilibili.com/video/BV1jbja6hE3o,http://i1.hdslb.com/bfs/archive/ab2d3085ec3329c0de7ed86cda1263841a4753e4.jpg
2026-06-23,2026-06-23 01:49:46,20,BV1MNjC62EVv,116780127227543,美国要给伊朗赔款,燕三嘤嘤嘤,人文历史,知识,228,1122,2723557,9395,6143,129715,26988,19795,3200,1781927400,https://www.bilibili.com/video/BV1MNjC62EVv,http://i2.hdslb.com/bfs/archive/787956eaf6b9381b36339aaf595081152abadcf0.jpg
2026-06-23,2026-06-23 01:49:46,21,BV1Pujz6tEMM,116775932927915,没有赶不上的早八,张河清教授,日常,生活,21,25,5057709,2170,2089,580302,6839,31694,2297,1781859604,https://www.bilibili.com/video/BV1Pujz6tEMM,http://i2.hdslb.com/bfs/archive/a277e56a98fc32a94e934d36101d44508170e860.jpg
2026-06-23,2026-06-23 01:49:46,22,BV1PyjZ6jEc1,116789774131069,来自Major冠军的信息：中国粉丝们，你们是这成功的一部分,IEM成都,电子竞技,游戏,171,35,2332809,5932,12687,266187,43878,25920,15953,1782070680,https://www.bilibili.com/video/BV1PyjZ6jEc1,http://i0.hdslb.com/bfs/archive/b8bcc4897c74fb3389c187ade722f33aa86faad3.jpg
2026-06-23,2026-06-23 01:49:46,23,BV1ZEjz6nER3,116775899368374,按到音乐键了,黄沙大圣圣,汪星人,汪星人,219,13,3308792,640,6473,295747,6808,52147,32456,1781859015,https://www.bilibili.com/video/BV1ZEjz6nER3,http://i2.hdslb.com/bfs/archive/948d86110fd0a8045495af7a2c5fdac595ce5df6.jpg
2026-06-23,2026-06-23 01:49:46,24,BV1imjh6bErF,116772174827175,一个跟头十万八千里2.0,孤鹜AH,搞笑,娱乐,138,151,2525427,684,1439,176934,5487,42391,10847,1781863200,https://www.bilibili.com/video/BV1imjh6bErF,http://i1.hdslb.com/bfs/archive/63af2fba214108093162b7977e0bfa42a5f0a242.jpg
2026-06-23,2026-06-23 01:49:46,25,BV1WFjW6EEMQ,116783734328117,《独家记忆》,王濛,明星综合,明星综合,137,320,1395581,12972,20100,76022,73468,21171,7041,1781978557,https://www.bilibili.com/video/BV1WFjW6EEMQ,http://i1.hdslb.com/bfs/archive/7d952ec82a9aaf29c190029494576c283ac9ffd5.jpg
2026-06-23,2026-06-23 01:49:46,26,BV1RSj76SEhJ,116780747985960,【究极佐菲格斗】第四集 奥特兄弟暗杀计划！佐菲机器人 雷欧 泰罗 爱迪 黑暗星人巴巴尔 登场,Dennis飞昊,特摄,动画,86,1034,1289390,3583,4330,89492,72029,39143,9589,1781932942,https://www.bilibili.com/video/BV1RSj76SEhJ,http://i1.hdslb.com/bfs/archive/8609ad0d770e88507e1b65a46221b41d8ea40af4.jpg
2026-06-23,2026-06-23 01:49:46,27,BV1iZjc6gEJr,116769893128777,来赣州包个鱼塘，帮少年减轻家庭重担，鱼多鱼少不重要，得让孩子安心完成学业,李维刚的日常,三农,生活,251,635,1107707,4361,4885,141379,106102,7473,1614,1781946000,https://www.bilibili.com/video/BV1iZjc6gEJr,http://i0.hdslb.com/bfs/archive/68345d040fbae81a977a9631c9d78df717416345.jpg
2026-06-23,2026-06-23 01:49:46,28,BV1dJjv6PEpz,116774490085009,⚡秒 开 仙 人⚡,不抽象的真菌零_Jack,鬼畜调教,鬼畜,22,153,1260855,3980,5073,167537,7756,51894,14411,1781837474,https://www.bilibili.com/video/BV1dJjv6PEpz,http://i1.hdslb.com/bfs/archive/860876c570ba90ec71fa5c2d257d2736f690050f.jpg
2026-06-23,2026-06-23 01:49:46,29,BV1Qtjq6iEoF,116775228278653,祝大家端午節快樂,台灣館長,日常,生活,21,17,3408014,13262,12901,584737,20889,40411,33334,1781848904,https://www.bilibili.com/video/BV1Qtjq6iEoF,http://i1.hdslb.com/bfs/archive/bdd921fa27274787b2e615a36e2417695d23128d.jpg
2026-06-23,2026-06-23 01:49:46,30,BV1uyja6nEZY,116771621175583,送你个机器人女友#AI,90后的日常,影视剪辑,影视,183,206,1492152,5454,17102,153037,14059,28515,11342,1781793601,https://www.bilibili.com/video/BV1uyja6nEZY,http://i2.hdslb.com/bfs/archive/a8408ab240cbc1f57b155cb91d2a631688d5a0d2.jpg
2026-06-23,2026-06-23 01:49:46,31,BV1adjJ6sE1D,116781721193950,大学禁止和课本谈恋爱！！！,快乐的台长,日常,生活,21,335,1349662,1649,1712,168632,5508,43017,5041,1781948457,https://www.bilibili.com/video/BV1adjJ6sE1D,http://i1.hdslb.com/bfs/archive/a6efce7bf64d83e1007d6f491da2e923dc3d746c.jpg
2026-06-23,2026-06-23 01:49:46,32,BV1nHja6KEA3,116771872835698,做律师没料到要去村里抓猪抵债。法官：我也没料到～,戴律请回答,社科·法律·心理,知识,124,972,1633518,2410,4619,164923,88655,16176,3050,1781835600,https://www.bilibili.com/video/BV1nHja6KEA3,http://i1.hdslb.com/bfs/archive/4d8f84e7426f13b922911fd6eaa5c8d849a2b1af.jpg
2026-06-23,2026-06-23 01:49:46,33,BV1hNjw6vEa6,116769876347422,“啊，是关中王来了！”,三木刃,鬼畜剧场,鬼畜剧场,216,337,2908225,1703,2618,180712,23411,37090,10642,1781841300,https://www.bilibili.com/video/BV1hNjw6vEa6,http://i1.hdslb.com/bfs/archive/bfab94865def24138b661b7340eeed674179a6ea.jpg
2026-06-23,2026-06-23 01:49:46,34,BV1aqjE6mEid,116780160782699,你cos我憋笑挑战,我是易拉爆,日常,生活,21,73,3365676,834,1930,206068,3005,32577,6486,1781923956,https://www.bilibili.com/video/BV1aqjE6mEid,http://i0.hdslb.com/bfs/archive/57352c8c5bc8fe7b8ba2d61d6d5c028d1d3d9bc7.jpg
2026-06-23,2026-06-23 01:49:46,35,BV1L2jB6VEtj,116776251692569,【潘宏爱玩狗】最新视频来袭，快来看看吧！,潘宏爱玩狗,汪星人,汪星人,219,248,1483564,2425,2953,192494,11861,13404,2137,1781865081,https://www.bilibili.com/video/BV1L2jB6VEtj,http://i1.hdslb.com/bfs/archive/40496da5f89a0e49899b18803e8a64319fd0f3a9.jpg
2026-06-23,2026-06-23 01:49:46,36,BV1Qg7c6KE9V,116790126447382,《后悔の保安》,伤心欲茄222,搞笑,娱乐,138,95,2720799,1209,4691,217390,6684,11675,5984,1782100800,https://www.bilibili.com/video/BV1Qg7c6KE9V,http://i0.hdslb.com/bfs/archive/212c2d91a9cd193c0394ddb4757b5b9fa498c675.jpg
2026-06-23,2026-06-23 01:49:46,37,BV1RXjJ6xEur,116781553287621,【TF家族练习生】《突围II破局》先导片,TF家族,明星综合,明星综合,137,2035,1691101,1075955,16121,85613,9238,33816,3700,1781953200,https://www.bilibili.com/video/BV1RXjJ6xEur,http://i0.hdslb.com/bfs/archive/aaa47f5a479a534903218d33c24af6b22221c58d.jpg
2026-06-23,2026-06-23 01:49:46,38,BV1cMjc61EL9,116770430194149,磨银墨写悬浮 李商隐《无题》,小秋习字,绘画,绘画,162,80,4100292,2145,3614,285053,8043,29163,3225,1781775628,https://www.bilibili.com/video/BV1cMjc61EL9,http://i1.hdslb.com/bfs/archive/d4681f759763d5562bd4a4347209a15aa66918be.jpg
2026-06-23,2026-06-23 01:49:46,39,BV1txjk6VEek,116778080405500,马西西位！🤯🤯🤯🤯,Team_Spirit,日常,生活,21,31,2957423,713,9017,220638,18995,16742,15260,1781892376,https://www.bilibili.com/video/BV1txjk6VEek,http://i0.hdslb.com/bfs/archive/186291f5cb166207208b9f64b08af7fbf2686906.jpg
2026-06-23,2026-06-23 01:49:46,40,BV1USjC61EFe,116779573582726,治沙人,沙漠里的四妹,三农,生活,251,14,823540,1981,2196,292617,23685,5698,186,1781915068,https://www.bilibili.com/video/BV1USjC61EFe,http://i1.hdslb.com/bfs/archive/0ac158a54177ad00bc812a809b0e9dab9edbd46a.jpg
2026-06-23,2026-06-23 01:49:46,41,BV1Bq7c6mEr6,116790025783520,佩洛伊斯什么时候逃离原生家庭？,鼎芸,同人·手书,动画,47,282,910097,408,1167,123723,10164,24123,2424,1782086400,https://www.bilibili.com/video/BV1Bq7c6mEr6,http://i2.hdslb.com/bfs/archive/a0094b395427b8157e591144aef2bf0f73071d6b.jpg
2026-06-23,2026-06-23 01:49:46,42,BV1Lnjv6eE76,116774406262942,这恐怖的细节还是三角洲吗？核工作者带你感受核电站的种种还原！,Key725,网络游戏,游戏,65,1559,3306843,6218,4362,136268,8760,52341,5677,1781870466,https://www.bilibili.com/video/BV1Lnjv6eE76,http://i1.hdslb.com/bfs/archive/0b500acd1480b98bfb94a76ca22399ff785a228e.jpg
2026-06-23,2026-06-23 01:49:46,43,BV1GDjB66EE9,116776134246683,花37天，破解上海最贵汉堡，成本只要。。。,绵羊料理,美食制作,美食,76,408,2196150,8377,2340,152628,59776,30315,5238,1781862487,https://www.bilibili.com/video/BV1GDjB66EE9,http://i0.hdslb.com/bfs/archive/b7f0e83cb8a595492fe7c45b2e56bc59b662e664.jpg
2026-06-23,2026-06-23 01:49:46,44,BV1U6jz6KErp,116777744867001,王老菊教你断剑奇侠·S3-ep00：包氏创业记,怕上火暴王老菊,单机游戏,游戏,17,4658,1323900,14822,7672,78132,69997,25943,7818,1781887258,https://www.bilibili.com/video/BV1U6jz6KErp,http://i1.hdslb.com/bfs/archive/554ab808c05612b25535d00af53cccaff6bee7ae.jpg
2026-06-23,2026-06-23 01:49:46,45,BV1B4jn6AEGW,116781385516992,百年真心！终于重逢！《凡人修仙传》179逐帧解析,利维坦mY,动漫杂谈,动画,253,937,941626,7446,8201,81672,58872,10136,2774,1781949900,https://www.bilibili.com/video/BV1B4jn6AEGW,http://i2.hdslb.com/bfs/archive/d8106b030d97cdc30ee38dde90e3f42a07a06af3.jpg
2026-06-23,2026-06-23 01:49:46,46,BV1RSj76SEXn,116780747985261,你看不起的工作，可能是别人考不进去的门槛,如见未来AI,影视剪辑,影视,183,44,2800177,796,4739,194674,1460,25459,2686,1781932918,https://www.bilibili.com/video/BV1RSj76SEXn,http://i1.hdslb.com/bfs/archive/8c63f016f8287b11fb8f15f4852c38974dfd487e.jpg
2026-06-23,2026-06-23 01:49:46,47,BV1EHjE6fEhG,116780664226179,咱兄弟俩真是这个👍（端午大合集）,亿本満足,日常,生活,21,7632,1183917,2751,2003,88665,8726,41965,1775,1781932103,https://www.bilibili.com/video/BV1EHjE6fEhG,http://i1.hdslb.com/bfs/archive/6379f6d8484e6bdf5dc21d458a1bf7343d06a6e3.jpg
2026-06-23,2026-06-23 01:49:46,48,BV12Gjn6kEP6,116781335187792,一个环艺老学长的填志愿忏悔录！,是莫叔叔吗,搞笑,娱乐,138,361,1420818,661,2977,171552,1038,16186,1283,1781942826,https://www.bilibili.com/video/BV12Gjn6kEP6,http://i0.hdslb.com/bfs/archive/814cbb7312342c2b6cc7179ae6a82b9e23ee79af.jpg
2026-06-23,2026-06-23 01:49:46,49,BV1Bfjq6LEDi,116776771784834,【洛天依原创】人是猫,张卡斯,VOCALOID·UTAU,VOCALOID·UTAU,30,133,529623,967,3574,130514,31992,71857,11432,1781872274,https://www.bilibili.com/video/BV1Bfjq6LEDi,http://i0.hdslb.com/bfs/archive/7a760fc57dd165eaa62e96849c3757524f842c7b.jpg
2026-06-23,2026-06-23 01:49:46,50,BV1eGj665Ewd,116777728087237,玩了3天终于得到神器了，再也不用惧怕太阳【我是僵尸】,磊哥游戏,单机游戏,游戏,17,367,1770051,1641,2813,136798,11917,12215,1194,1781917200,https://www.bilibili.com/video/BV1eGj665Ewd,http://i1.hdslb.com/bfs/archive/a87e14455efa511e53419aa62c29ec9608241e8a.jpg
2026-06-23,2026-06-23 01:49:46,51,BV1YNjP6VEr6,116770648098260,我 伪 装,阴间滴贰哈鸽鸽,单机游戏,游戏,17,560,3516770,2184,1821,145355,4402,26629,15261,1781779073,https://www.bilibili.com/video/BV1YNjP6VEr6,http://i1.hdslb.com/bfs/archive/aad734a51fb0edd1446ad186f77bf3c9a7eb5c35.jpg
2026-06-23,2026-06-23 01:49:46,52,BV1MnjB6wEiB,116776469927608,请吃我画的鬼泣动画,台古_Taigu,同人·手书,动画,47,26,976276,192,2209,187455,33247,47827,7634,1781867758,https://www.bilibili.com/video/BV1MnjB6wEiB,http://i1.hdslb.com/bfs/archive/1dd96e8863e516ea883bc2ad0f670b011cbe00fd.jpg
2026-06-23,2026-06-23 01:49:46,53,BV1wLjz6WEw5,116775865815369,《红脸的关公战长沙》,龙馍馍,动物二创,动物二创,220,90,1586457,563,1467,146071,26748,24637,17731,1781913600,https://www.bilibili.com/video/BV1wLjz6WEw5,http://i0.hdslb.com/bfs/archive/f8766e70c711a7a264a42b0464ef54fe915949c2.jpg
2026-06-23,2026-06-23 01:49:46,54,BV1Tqjq6hEHF,116774792138101,我只是做错了事，可我不是坏孩子,源小仔,亲子,生活,254,114,1603656,3602,1639,173077,84269,35482,617,1781842522,https://www.bilibili.com/video/BV1Tqjq6hEHF,http://i2.hdslb.com/bfs/archive/767c3396b8774d2ea06329d31ffbd78cab9401dd.jpg
2026-06-23,2026-06-23 01:49:46,55,BV1RJjv6PEQN,116774490087302,今天教大家如何跟女生说话,其实我是超级小孩,单机游戏,游戏,17,52,1936846,545,4542,267941,6596,65629,15227,1781837467,https://www.bilibili.com/video/BV1RJjv6PEQN,http://i2.hdslb.com/bfs/archive/2518c2fb18de178908b9c3b67ad646cefc88f7f0.jpg
2026-06-23,2026-06-23 01:49:46,56,BV1rvjb6fEKU,116786838112232,什么叫人类最强的去当魔王是为了平衡战力？,Mr-Ferret,绘画,绘画,162,133,1704000,541,1232,128158,1828,16924,4106,1782026099,https://www.bilibili.com/video/BV1rvjb6fEKU,http://i2.hdslb.com/bfs/archive/8042679d5e89cf7eb377c7a1f277dc696d63f7ca.jpg
2026-06-23,2026-06-23 01:49:46,57,BV1Ndje6DEkS,116774674631565,【特效向】剧⚡终 但是成龙🐉,豪言の经理,鬼畜剧场,鬼畜剧场,216,131,1422830,1130,2123,162548,40786,37979,8593,1781840398,https://www.bilibili.com/video/BV1Ndje6DEkS,http://i0.hdslb.com/bfs/archive/9472cf3932257bbb43d2ed7c875116b0016e129d.jpg
2026-06-23,2026-06-23 01:49:46,58,BV1wE7P6bESL,116792357950508,真开上机甲了？影视飓风1600万粉丝Q&A！,影视飓风,数码,科技,95,1032,681045,13271,4310,81477,39402,14931,5053,1782118800,https://www.bilibili.com/video/BV1wE7P6bESL,http://i0.hdslb.com/bfs/archive/97584af6b48769acf00522439a20ed4a2058b959.jpg
2026-06-23,2026-06-23 01:49:46,59,BV1K3jC6kEX1,116780060121777,《鸣潮》巡回演唱会「致予新世界」预告动画,鸣潮,手机游戏,游戏,172,106,1623526,2008,5761,99560,41977,25314,16073,1781924400,https://www.bilibili.com/video/BV1K3jC6kEX1,http://i1.hdslb.com/bfs/archive/9abf9ecaffbd55cab43ad74807aa69e249997b36.jpg
2026-06-23,2026-06-23 01:49:46,60,BV19Kjf6cEh8,116789337921082,【泰拉瑞亚】32位计算机电路 RISC-V CPU 348KHz,混乱沉睡,单机游戏,游戏,17,639,785085,711,1768,74348,23883,20932,10213,1782063994,https://www.bilibili.com/video/BV19Kjf6cEh8,http://i0.hdslb.com/bfs/archive/751337b64ce9f1f12d3979dbe8e54d4c29c91459.jpg
2026-06-23,2026-06-23 01:49:46,61,BV1QdjJ6WEXe,116781721063124,评论区摄影大赛梦核篇开启，今天是善良人格，欢迎投稿好的作品会让更多人看到。,摄影恩哥,日常,生活,21,108,2311625,1265,4892,139020,1427,11292,410,1781948068,https://www.bilibili.com/video/BV1QdjJ6WEXe,http://i0.hdslb.com/bfs/archive/4ed53967ff14e4b0ff9827f165ead7dbd344d674.jpg
2026-06-23,2026-06-23 01:49:46,62,BV1ArjW6nE1V,116783616887594,《明日方舟》危机合约新赛季「涤墨作战」宣传PV,明日方舟,手机游戏,游戏,172,108,1276720,9625,16089,96979,23676,14590,48399,1782010800,https://www.bilibili.com/video/BV1ArjW6nE1V,http://i0.hdslb.com/bfs/archive/5ecd97f01f442270285e760493ad7840c33033df.jpg
2026-06-23,2026-06-23 01:49:46,63,BV1NjjC6uE5A,116779741352400,2026报志愿！八大结论！不走弯路！,一数,校园学习,知识,208,411,565487,3303,4540,66211,9031,39448,6103,1781938800,https://www.bilibili.com/video/BV1NjjC6uE5A,http://i2.hdslb.com/bfs/archive/8f50bb1a0884ffe5ac33b9c9064fa72fe96719e5.jpg
2026-06-23,2026-06-23 01:49:46,64,BV1XtjA6BEtS,116770782318985,代理人档案丨蕾米埃尔,绝区零第一可爱兔宝,手机游戏,游戏,172,17,1063845,2470,8308,140687,21289,20983,14662,1781920800,https://www.bilibili.com/video/BV1XtjA6BEtS,http://i1.hdslb.com/bfs/archive/7e10ac96f8e47755f67c160de3ddb48e7345097f.jpg
2026-06-23,2026-06-23 01:49:46,65,BV1Sijq6cEqp,116774808850573,【plolt】我为什么突然开始做故事版了,plolt,同人·手书,动画,47,562,939741,505,1232,152713,14470,23197,582,1781843400,https://www.bilibili.com/video/BV1Sijq6cEqp,http://i1.hdslb.com/bfs/archive/a45b8941d12ba649dd855eac13e6822cb21defa3.jpg
2026-06-23,2026-06-23 01:49:46,66,BV1o5jv6qExG,116774473303913,巴啦啦小魔仙—芮闪的帽子,-蒋-丞-_,搞笑,娱乐,138,187,1604226,3451,8186,103057,8822,12422,27815,1781837618,https://www.bilibili.com/video/BV1o5jv6qExG,http://i0.hdslb.com/bfs/archive/1081baa744ad129c3d34a1108a6eee3ea0287965.jpg
2026-06-23,2026-06-23 01:49:46,67,BV1tbjk63EN2,116778113964904,原来死刑犯还有这种用处,拧不动啊真拧不动,单机游戏,游戏,17,1746,3664540,3483,954,102180,11315,69654,2023,1781920800,https://www.bilibili.com/video/BV1tbjk63EN2,http://i1.hdslb.com/bfs/archive/bcd97f6d5485a81d662f3f5a137c07bb02625217.jpg
2026-06-23,2026-06-23 01:49:46,68,BV1ATjz6fERC,116775949700075,“如果世界不温柔 可以让来我试试”,王子不会拍,日常,生活,21,220,974459,985,1608,118956,54550,12936,716,1781859857,https://www.bilibili.com/video/BV1ATjz6fERC,http://i0.hdslb.com/bfs/archive/ea683cc8fdd490fda58a6b1e3fa70931c588aa5b.jpg
2026-06-23,2026-06-23 01:49:46,69,BV1vSjb6JEjz,116788499062621,他的麦田要一株株手拔！整整20年！农村老人自己搞育种！【主播说三农】,央视农业,三农,生活,251,182,816350,1271,2065,115538,10779,5406,1219,1782051197,https://www.bilibili.com/video/BV1vSjb6JEjz,http://i2.hdslb.com/bfs/archive/e57c7e322be6be3edc3ae557f0d07d5b579378dd.jpg
2026-06-23,2026-06-23 01:49:46,70,BV1LAjP61EbF,116770732120927,［甲鱼meme］水宝宝,烫甲鱼,绘画,绘画,162,167,3067173,686,2781,195704,8515,45899,4585,1781780089,https://www.bilibili.com/video/BV1LAjP61EbF,http://i2.hdslb.com/bfs/archive/82e7bc476c47722f23af20e620bb6c13f4ee3c75.jpg
2026-06-23,2026-06-23 01:49:46,71,BV1ZbjC6FEMX,116779875567544,🪳 广 东 人 的 一 天 🪳,路路迷路路,综合,综合,27,33,2449020,500,3815,171924,3276,11050,8090,1781926200,https://www.bilibili.com/video/BV1ZbjC6FEMX,http://i1.hdslb.com/bfs/archive/101adca376d1a6f2c6e60489ffe8ebb9bbb3b27b.jpg
2026-06-23,2026-06-23 01:49:46,72,BV1bdj46qEwz,116785781149073,同性恋不能生孩子，为什么没有被自然选择淘汰？,李论科学,科学科普,知识,201,316,1021143,974,5446,76192,4433,14394,5414,1782009804,https://www.bilibili.com/video/BV1bdj46qEwz,http://i0.hdslb.com/bfs/archive/3d99731ee829b980c39b3c8f69e740d5583cb1f3.jpg
2026-06-23,2026-06-23 01:49:46,73,BV1Ftjw6DEmL,116769557711688,假如所有人被迫看着死亡回归,00kk君,MAD·AMV,MAD·AMV,24,4786,2911103,11590,12749,193932,74777,134934,13088,1781762186,https://www.bilibili.com/video/BV1Ftjw6DEmL,http://i2.hdslb.com/bfs/archive/9ab9adff76a9f537e7fae8a493c60fc0fa60feb5.jpg
2026-06-23,2026-06-23 01:49:46,74,BV1RGjh6pEbo,116787928637352,看看假货最多的地方#食品安全#假货,陈大成bili,美食记录,美食,215,153,1227453,991,3499,84101,7313,16083,11429,1782043550,https://www.bilibili.com/video/BV1RGjh6pEbo,http://i0.hdslb.com/bfs/archive/75cc77cd07b6561a7faabcdecf6d091ab267d77a.jpg
2026-06-23,2026-06-23 01:49:46,75,BV1BPjJ6FEGP,116782090226507,嘻嘻。,小酥猫饼,美食记录,美食,215,217,1350164,1144,3372,90395,3555,7777,792,1781953425,https://www.bilibili.com/video/BV1BPjJ6FEGP,http://i0.hdslb.com/bfs/archive/851c2cfda81099df21795340f9af0b9a951c065c.jpg
2026-06-23,2026-06-23 01:49:46,76,BV1s2jq6sETH,116775027087936,😋“鲁鲁逊漂流记”😋,沙雕Sanscul,影视剪辑,影视,183,378,700471,1242,983,76284,10769,23872,3114,1781845776,https://www.bilibili.com/video/BV1s2jq6sETH,http://i1.hdslb.com/bfs/archive/0d3e96881985e3c43a30aa1523f5f1fd4b6ee530.jpg
2026-06-23,2026-06-23 01:49:46,77,BV1KVjC63Ezz,116779707797561,什么叫把复活赛打成翻身仗？Unity还能搓出这种中式开放都市？！《望月》线下试玩！,鬼叔黍,单机游戏,游戏,17,793,1280423,646,2181,80861,8127,10623,3851,1781922306,https://www.bilibili.com/video/BV1KVjC63Ezz,http://i0.hdslb.com/bfs/archive/b318146908bf7fcef592692d63ed61d5fa707367.jpg
2026-06-23,2026-06-23 01:49:46,78,BV1bWjk6yEuu,116778097182096,❤️【可能是你听过的最好听的一版翻唱】像笨蛋一样❤️バカみたいに,翼灵Official,翻唱,音乐,31,132,332054,676,1020,101503,7426,36005,1070,1781930100,https://www.bilibili.com/video/BV1bWjk6yEuu,http://i2.hdslb.com/bfs/archive/6a5a523bf2cc6c3031412d9c4c0888d40513e148.jpg
2026-06-23,2026-06-23 01:49:46,79,BV1Nyjq6dENe,116775043801036,挑战你们说我像谁我就模仿谁！事情发展到这一步，已经越来越离谱了。。。,李如儒也是李蠕蠕,小剧场,娱乐,85,151,3462128,6872,4338,269739,26591,18384,3189,1781846144,https://www.bilibili.com/video/BV1Nyjq6dENe,http://i1.hdslb.com/bfs/archive/0a51f7b766b553eeecb0f09765a9c38db7b7b6c6.jpg
2026-06-23,2026-06-23 01:49:46,80,BV1qFjB6yEzQ,116776687901421,抓老鼠,麻薯饭堂,同人·手书,动画,47,26,1347279,424,1466,144705,8342,53644,3628,1781871111,https://www.bilibili.com/video/BV1qFjB6yEzQ,http://i0.hdslb.com/bfs/archive/f7a5d82b72fcb889a66b33613e08369c1b75f771.jpg
2026-06-23,2026-06-23 01:49:46,81,BV1GtJG63ES5,116754088985117,2026年6月20日海水淹没了宿舍我决定拆掉床板造一艘无敌战舰去征服一万个星球,哔哩哔哩弹幕网,综艺,综艺,71,402,3801573,12801,2331,31785,6254,15533,3276,1781920800,https://www.bilibili.com/video/BV1GtJG63ES5,http://i1.hdslb.com/bfs/archive/a3a23d0d80c0014647951912e1d7d09f8f7b8761.jpg
2026-06-23,2026-06-23 01:49:46,82,BV14VjF6HEGT,116768618060324,宇 宙 级 免 责 声 明,龙大人不喷火,鬼畜剧场,鬼畜剧场,216,92,5546515,2422,12065,346527,16959,30343,18725,1781780400,https://www.bilibili.com/video/BV14VjF6HEGT,http://i0.hdslb.com/bfs/archive/4089372d9471271137ac3ce69091a7ac0faf36f4.jpg
2026-06-23,2026-06-23 01:49:46,83,BV1nhji61E9A,116775849038176,现在的恐怖游戏VS以前的恐怖游戏,Mc队友,日常,生活,21,33,921609,758,3057,120338,6030,52731,2492,1781858276,https://www.bilibili.com/video/BV1nhji61E9A,http://i1.hdslb.com/bfs/archive/5fb581d5933d90ae27d3a29d99c05b07b2f531af.jpg
2026-06-23,2026-06-23 01:49:46,84,BV12t7A6YEvx,116792844558250,《阴阳师》毗沙门天CG丨金砂福威（CV：福西胜也）,网易阴阳师手游,手机游戏,游戏,172,210,721269,1152,2392,37918,32715,23486,19884,1782117740,https://www.bilibili.com/video/BV12t7A6YEvx,http://i1.hdslb.com/bfs/archive/0da370078c072e00ce00a245313679b7eda4c1a4.jpg
2026-06-23,2026-06-23 01:49:46,85,BV1cNjc62Ey5,116770262227635,0代码基础，竟然做出了爆款APP？【B站AI创造公开赛】,大宽大宽,数码,科技,95,317,1138099,667,1571,121264,6918,27854,14422,1781784000,https://www.bilibili.com/video/BV1cNjc62Ey5,http://i0.hdslb.com/bfs/archive/eb12c1ce5bf3901bbb3d4efb389c55ff4ca6004c.jpg
2026-06-23,2026-06-23 01:49:46,86,BV1wjjr6hEAR,116778835378560,#手工制作绘本 我的第三本《拥有神笔的马户》 #改编 #寓言故事 #原创绘画 #爱是什么,XS王棕棕,绘画,绘画,162,205,636442,392,1163,83612,9685,13049,2168,1781903756,https://www.bilibili.com/video/BV1wjjr6hEAR,http://i1.hdslb.com/bfs/archive/5b6cd6fe529e649ea4a3ff642bddca6e43a945dc.jpg
2026-06-23,2026-06-23 01:49:46,87,BV1Vkje68ED9,116774624301441,找孙笑川要签名,废白Exe,综合,综合,27,20,1540489,343,5347,152451,1608,20387,17302,1781839507,https://www.bilibili.com/video/BV1Vkje68ED9,http://i2.hdslb.com/bfs/archive/f144eaa55fab7ddf2e7252353c8198a48b6fdcbd.jpg
2026-06-23,2026-06-23 01:49:46,88,BV1Tdjw6hEnT,116771470180736,瑞平cos起号IP，乐子人爱看,陈年老叶_YE,仿妆cos,时尚,252,327,1246254,3175,6957,143394,17493,25333,17865,1781791402,https://www.bilibili.com/video/BV1Tdjw6hEnT,http://i0.hdslb.com/bfs/archive/a845265ce3804037ab0f2c70b3c4f2444ab90764.jpg
2026-06-23,2026-06-23 01:49:46,89,BV1KMjC6yEoF,116780026562717,和我弟玩cosplay,卡迪那-猫meme版,搞笑,娱乐,138,90,1394752,664,2369,121989,1184,13192,4238,1781936494,https://www.bilibili.com/video/BV1KMjC6yEoF,http://i1.hdslb.com/bfs/archive/0ef8758b4ab101727170661e8f0685c4c758f6aa.jpg
2026-06-23,2026-06-23 01:49:46,90,BV1vwLX6yEM2,116765011221350,操 控 买 瓜,岩罗Crv,鬼畜剧场,鬼畜剧场,216,200,3332621,11901,4918,262731,92111,75509,23617,1781692838,https://www.bilibili.com/video/BV1vwLX6yEM2,http://i2.hdslb.com/bfs/archive/04e711636e551d2a581322fb9b21c4916ab63bfa.jpg
2026-06-23,2026-06-23 01:49:46,91,BV1Wej66FEnX,116777426096188,我来到了mc虚空的最深处？！,Super橘星,单机游戏,游戏,17,1217,541920,1752,1050,70588,5419,23317,559,1781882664,https://www.bilibili.com/video/BV1Wej66FEnX,http://i2.hdslb.com/bfs/archive/42570f2c3101c029882b69fb03c35e7e4e462b70.jpg
2026-06-23,2026-06-23 01:49:46,92,BV1Bbjp6zEcd,116784338308431,特厨探店|新疆最好的烤全羊？！—尉犁烤羊,特厨隋坡,美食侦探,美食,212,234,988376,1181,2864,78001,5184,6867,5469,1782012600,https://www.bilibili.com/video/BV1Bbjp6zEcd,http://i0.hdslb.com/bfs/archive/a02d6ae871de5eee0fb2f0d2a8504524c84d2c3c.jpg
2026-06-23,2026-06-23 01:49:46,93,BV1wijJ6MEoy,116782006273890,云璃：让你入赘就算便宜你了，你还想逃婚？,我要吃蛋炒饭饭,手机游戏,游戏,172,167,640209,869,2159,63317,4273,19450,2436,1781952160,https://www.bilibili.com/video/BV1wijJ6MEoy,http://i0.hdslb.com/bfs/archive/73c0e3e74a781d9d62773ff71df48d3fb9c98d61.jpg
2026-06-23,2026-06-23 01:49:46,94,BV1oDjh64E1y,116772208447972,当我在MC中放下地球仪,摆烂中的小宜zzz,单机游戏,游戏,17,53,581765,593,969,132166,22460,33476,2950,1781841600,https://www.bilibili.com/video/BV1oDjh64E1y,http://i1.hdslb.com/bfs/archive/37c8db579ef68a83a6a3958b8bf682163f4417a0.jpg
2026-06-23,2026-06-23 01:49:46,95,BV14pjB6fEcV,116776503352076,纸诛侠·篇子传奇,微波炉大人,日常,生活,21,40,855019,18275,7578,117411,3522,26123,21062,1781868085,https://www.bilibili.com/video/BV14pjB6fEcV,http://i1.hdslb.com/bfs/archive/523752108c480f40b91442c9bb7aa166e18b3b71.jpg
2026-06-23,2026-06-23 01:49:46,96,BV1eejn6tENU,116783180679398,新三国up锐评神探狄仁杰02：我们也有自己的孙乾,吃蛋挞的折棒,影视剪辑,影视,183,2021,764329,12596,4947,50704,32667,7954,785,1782007200,https://www.bilibili.com/video/BV1eejn6tENU,http://i1.hdslb.com/bfs/archive/35f91d598d941bb588f548e0643f15fd8afe1a54.jpg
2026-06-23,2026-06-23 01:49:46,97,BV1MJj46AEX8,116785915433448,勃然大怒：以色列大使怒斥“闭嘴”“滚粗”，副球长病遁跑路,小Q不是导盲犬,社科·法律·心理,知识,124,1046,1353724,10294,4844,59354,8691,10692,3237,1782012063,https://www.bilibili.com/video/BV1MJj46AEX8,http://i1.hdslb.com/bfs/archive/5944656bc047407b9fce3d737d9e9070d35b84a1.jpg
2026-06-23,2026-06-23 01:49:46,98,BV1fFjb6XEg1,116786888449719,桑葚与桑树活在地球是屈才了,小时好食禄,科学科普,知识,201,315,880617,1473,4245,50929,4624,19540,4060,1782034200,https://www.bilibili.com/video/BV1fFjb6XEg1,http://i0.hdslb.com/bfs/archive/0ea9d26a19b0ab1267f1aba35320f97f4f0d6b6c.jpg
2026-06-23,2026-06-23 01:49:46,99,BV1udjB6TEQr,116776352351491,我体内有寄生蜂的卵，寄生在寄生蜂卵上的…,-维C动物园-,野生动物,野生动物,221,635,867799,5175,1179,69967,3566,10458,2172,1781949600,https://www.bilibili.com/video/BV1udjB6TEQr,http://i1.hdslb.com/bfs/archive/2be4aa04f1d10a77669d0a1af52bef28ee4e0ea2.jpg
2026-06-23,2026-06-23 01:49:46,100,BV1gcjr6rEWW,116777191215198,交警现场对“听不懂”的女子硬核普法,央视新闻,日常,生活,21,68,1597653,3924,9945,155651,2266,8460,7040,1781878696,https://www.bilibili.com/video/BV1gcjr6rEWW,http://i2.hdslb.com/bfs/archive/2acc8207edfcdeccc4805f0cdbd925cc6d31805d.jpg
2026-06-23,2026-06-23 05:13:55,1,BV1oTjk6xEea,116778281796886,我发誓这是我看过最震撼的漫展爬台变装演唱！！,夏旬Natsuki,翻唱,音乐,31,84,5369822,1541,5632,627268,46162,67188,8430,1781947800,https://www.bilibili.com/video/BV1oTjk6xEea,http://i0.hdslb.com/bfs/archive/c937405b0e26e4652af142f494911c0cf97d0f26.jpg
2026-06-23,2026-06-23 05:13:55,2,BV1Cvjk6TEB3,116778046915958,🎨要看看这样的视频才有力气讨生活【三角洲】,牧牧川,单机游戏,游戏,17,192,4149341,729,2255,303180,11758,46569,2454,1781926200,https://www.bilibili.com/video/BV1Cvjk6TEB3,http://i1.hdslb.com/bfs/archive/9c3b114670250931e6264389d05a263039d091d9.jpg
2026-06-23,2026-06-23 05:13:55,3,BV17BjB6UEeP,116776536902641,一坨泥巴也来跳迈克尔·杰克逊《顫栗》？,宅叔飞飞,手工,生活,161,67,3787100,441,1647,415984,93251,26051,2616,1781868799,https://www.bilibili.com/video/BV17BjB6UEeP,http://i0.hdslb.com/bfs/archive/8c7d6784a5fe4aa117f1c0c53696dadb050b0d1d.jpg
2026-06-23,2026-06-23 05:13:55,4,BV1JKjH6iE6y,116782895470334,多少年了，人们还记得你真实的样子吗？,何大爷课堂,人文历史,知识,228,218,3926895,573,3443,256533,7525,15874,1446,1781965957,https://www.bilibili.com/video/BV1JKjH6iE6y,http://i1.hdslb.com/bfs/archive/ce0fa067f5c90abd4ceb01108697be8f556ecd57.jpg
2026-06-23,2026-06-23 05:13:55,5,BV1fJjE6FEqW,116780630609640,《崩坏：因缘精灵》进化PV：直至遇见它,崩坏因缘精灵,手机游戏,游戏,172,351,2088893,18462,26809,155709,58343,30649,44885,1782100800,https://www.bilibili.com/video/BV1fJjE6FEqW,http://i2.hdslb.com/bfs/archive/29e4ee8844cb4d82aefa07d1011ad4438da2c9c3.jpg
2026-06-23,2026-06-23 05:13:55,6,BV1X37c6vEcB,116790311001648,“终有一天，我会成为MAJOR冠军！”——NIKO圆梦科隆Major！,AYCS2,网络游戏,游戏,65,298,2459636,1744,13225,147980,67188,34856,9161,1782078868,https://www.bilibili.com/video/BV1X37c6vEcB,http://i2.hdslb.com/bfs/archive/1bdd25e9721279f6870ec585223314be1d06890f.jpg
2026-06-23,2026-06-23 05:13:55,7,BV15Qj66mE5z,116776956336801,快乐 童年,榴莲阿呀,搞笑,娱乐,138,538,5126200,10146,11384,298584,76580,121120,4727,1781875232,https://www.bilibili.com/video/BV15Qj66mE5z,http://i1.hdslb.com/bfs/archive/fd70d470e4de0758969faf57cfd3f789c6e5e222.jpg
2026-06-23,2026-06-23 05:13:55,8,BV1xXjn6LEwc,116783247787866,人，停下！,幸仁儿鲨,绘画,绘画,162,475,1173981,9702,8633,143052,47247,59141,4445,1781971350,https://www.bilibili.com/video/BV1xXjn6LEwc,http://i2.hdslb.com/bfs/archive/cfe6b10df7f5630e9cb80f9edffe4b9a15c6024a.jpg
2026-06-23,2026-06-23 05:13:55,9,BV1wULQ64EB9,116764960825221,《绝区零》先导演示丨蕾米埃尔,哔哩哔哩游戏中心,手机游戏,游戏,172,91,3072848,6565,25766,204995,79320,42982,111326,1781920800,https://www.bilibili.com/video/BV1wULQ64EB9,http://i2.hdslb.com/bfs/archive/4373a99ec734fa760ccab2161d38ef6294815f24.jpg
2026-06-23,2026-06-23 05:13:55,10,BV1g7jJ6nE1E,116782207602137,“入室抢劫般的队友”,胡胡不胡o,日常,生活,21,363,2862177,1619,3714,197271,9435,23328,7172,1781955576,https://www.bilibili.com/video/BV1g7jJ6nE1E,http://i2.hdslb.com/bfs/archive/9b3e18bf8311f44867bcc78534904eb86d1072c4.jpg
2026-06-23,2026-06-23 05:13:55,11,BV1uHjJ6mEpe,116781888833434,地牢酒馆-15集 《一支欢快的舞》,粘土工厂,单机游戏,游戏,17,265,1631063,5236,3386,189856,22956,20622,2066,1781951423,https://www.bilibili.com/video/BV1uHjJ6mEpe,http://i0.hdslb.com/bfs/archive/6b4c38e45f3f0de7eaf9b7ec420a773be89a3de3.jpg
2026-06-23,2026-06-23 05:13:55,12,BV1usjH6WEoz,116782694139715,曾沛慈｜《怎么说我不爱你》舞台,曾沛慈_TsengPets,明星综合,明星综合,137,279,1927407,20585,23113,90847,74526,33939,13288,1781962856,https://www.bilibili.com/video/BV1usjH6WEoz,http://i0.hdslb.com/bfs/archive/bb4c91ef35acc1e06800c178e2600fd8d5509e78.jpg
2026-06-23,2026-06-23 05:13:55,13,BV199jJ6REJR,116781536511840,【干货】为什么不建议你今年考高考状元？,闪电侠-flash,校园学习,知识,208,149,2313633,3286,4356,244584,2623,16379,7664,1781949600,https://www.bilibili.com/video/BV199jJ6REJR,http://i1.hdslb.com/bfs/archive/e9e898756d4f16f348bd9866f5f50d18f0a74c2a.jpg
2026-06-23,2026-06-23 05:13:55,14,BV1dMjJ64Emt,116782241286100,新番时光机！十年前的观众都在看什么神片？「2016年4月篇」泛式,泛式,动漫杂谈,动画,253,1104,1159768,14316,8452,116015,59232,26139,9667,1781955914,https://www.bilibili.com/video/BV1dMjJ64Emt,http://i2.hdslb.com/bfs/archive/81e6a2baf73a0864c80081301e66022a9641d9f3.jpg
2026-06-23,2026-06-23 05:13:55,15,BV1K3jn65ECR,116781352032938,躲在超市后门智斗的二人,沃滋基-尼,综合,综合,27,92,1929092,3701,5848,220182,15363,54261,26276,1781942609,https://www.bilibili.com/video/BV1K3jn65ECR,http://i0.hdslb.com/bfs/archive/bdab827cde03d4f1eddf9ceb001b20129cc95c54.jpg
2026-06-23,2026-06-23 05:13:55,16,BV1Dejq6aEVp,116774892738063,循环歌单|【像个白痴一样】|“【不会哄人の小曲】”,蛋某人音乐,乐评盘点,音乐,243,2993,3125202,453,5143,206165,6386,108780,3428,1781913600,https://www.bilibili.com/video/BV1Dejq6aEVp,http://i0.hdslb.com/bfs/archive/76d35bc1f4f338083694865437ba95ae366e46db.jpg
2026-06-23,2026-06-23 05:13:55,17,BV1DKjp6sESX,116782442483852,新金蝉脱壳,Y的生存手记,综合,综合,27,534,1350181,3117,5589,137926,3008,39181,1004,1781958906,https://www.bilibili.com/video/BV1DKjp6sESX,http://i1.hdslb.com/bfs/archive/f7b66f77c006bb86c17cf6ef1501dfcc4cf5cb8d.png
2026-06-23,2026-06-23 05:13:55,18,BV1rZjr6aErt,116778717938040,末日高架桥，我们被困了100天！,马里奥红叔,单机游戏,游戏,17,1463,1250406,3721,1957,141046,52706,52557,2082,1781924400,https://www.bilibili.com/video/BV1rZjr6aErt,http://i0.hdslb.com/bfs/archive/112ae27cde1480e5ed760c9b5927159b8764e1e4.jpg
2026-06-23,2026-06-23 05:13:55,19,BV1MNjC62EVv,116780127227543,美国要给伊朗赔款,燕三嘤嘤嘤,人文历史,知识,228,1122,2739991,9417,6162,130082,27083,19836,3214,1781927400,https://www.bilibili.com/video/BV1MNjC62EVv,http://i2.hdslb.com/bfs/archive/787956eaf6b9381b36339aaf595081152abadcf0.jpg
2026-06-23,2026-06-23 05:13:55,20,BV1WFjW6EEMQ,116783734328117,《独家记忆》,王濛,明星综合,明星综合,137,320,1419041,13095,20387,76743,74177,21409,7194,1781978557,https://www.bilibili.com/video/BV1WFjW6EEMQ,http://i1.hdslb.com/bfs/archive/7d952ec82a9aaf29c190029494576c283ac9ffd5.jpg
2026-06-23,2026-06-23 05:13:55,21,BV1Pujz6tEMM,116775932927915,没有赶不上的早八,张河清教授,日常,生活,21,25,5068903,2174,2091,581733,6856,31796,2299,1781859604,https://www.bilibili.com/video/BV1Pujz6tEMM,http://i2.hdslb.com/bfs/archive/a277e56a98fc32a94e934d36101d44508170e860.jpg
2026-06-23,2026-06-23 05:13:55,22,BV1PyjZ6jEc1,116789774131069,来自Major冠军的信息：中国粉丝们，你们是这成功的一部分,IEM成都,电子竞技,游戏,171,35,2353619,5981,12764,268408,44207,26126,15992,1782070680,https://www.bilibili.com/video/BV1PyjZ6jEc1,http://i0.hdslb.com/bfs/archive/b8bcc4897c74fb3389c187ade722f33aa86faad3.jpg
2026-06-23,2026-06-23 05:13:55,23,BV1ZEjz6nER3,116775899368374,按到音乐键了,黄沙大圣圣,汪星人,汪星人,219,13,3343196,643,6551,297880,6887,52699,32680,1781859015,https://www.bilibili.com/video/BV1ZEjz6nER3,http://i2.hdslb.com/bfs/archive/948d86110fd0a8045495af7a2c5fdac595ce5df6.jpg
2026-06-23,2026-06-23 05:13:55,24,BV1imjh6bErF,116772174827175,一个跟头十万八千里2.0,孤鹜AH,搞笑,娱乐,138,151,2542516,687,1452,178441,5540,42746,10938,1781863200,https://www.bilibili.com/video/BV1imjh6bErF,http://i1.hdslb.com/bfs/archive/63af2fba214108093162b7977e0bfa42a5f0a242.jpg
2026-06-23,2026-06-23 05:13:55,25,BV1RSj76SEhJ,116780747985960,【究极佐菲格斗】第四集 奥特兄弟暗杀计划！佐菲机器人 雷欧 泰罗 爱迪 黑暗星人巴巴尔 登场,Dennis飞昊,特摄,动画,86,1034,1301590,3598,4355,89969,72394,39438,9627,1781932942,https://www.bilibili.com/video/BV1RSj76SEhJ,http://i1.hdslb.com/bfs/archive/8609ad0d770e88507e1b65a46221b41d8ea40af4.jpg
2026-06-23,2026-06-23 05:13:55,26,BV1iZjc6gEJr,116769893128777,来赣州包个鱼塘，帮少年减轻家庭重担，鱼多鱼少不重要，得让孩子安心完成学业,李维刚的日常,三农,生活,251,635,1118356,4385,4938,142986,107073,7555,1629,1781946000,https://www.bilibili.com/video/BV1iZjc6gEJr,http://i0.hdslb.com/bfs/archive/68345d040fbae81a977a9631c9d78df717416345.jpg
2026-06-23,2026-06-23 05:13:55,27,BV1jbja6hE3o,116771990277534,炒菜好不好吃不是放多少调料而是掌握食材时间、火候、和烹饪技巧,灶台阿连,日常,生活,21,627,2541601,4553,8215,186022,22418,68252,8148,1781799497,https://www.bilibili.com/video/BV1jbja6hE3o,http://i1.hdslb.com/bfs/archive/ab2d3085ec3329c0de7ed86cda1263841a4753e4.jpg
2026-06-23,2026-06-23 05:13:55,28,BV1dJjv6PEpz,116774490085009,⚡秒 开 仙 人⚡,不抽象的真菌零_Jack,鬼畜调教,鬼畜,22,153,1264450,3990,5092,168028,7796,52058,14458,1781837474,https://www.bilibili.com/video/BV1dJjv6PEpz,http://i1.hdslb.com/bfs/archive/860876c570ba90ec71fa5c2d257d2736f690050f.jpg
2026-06-23,2026-06-23 05:13:55,29,BV1adjJ6sE1D,116781721193950,大学禁止和课本谈恋爱！！！,快乐的台长,日常,生活,21,335,1353040,1656,1721,169064,5523,43169,5047,1781948457,https://www.bilibili.com/video/BV1adjJ6sE1D,http://i1.hdslb.com/bfs/archive/a6efce7bf64d83e1007d6f491da2e923dc3d746c.jpg
2026-06-23,2026-06-23 05:13:55,30,BV1aqjE6mEid,116780160782699,你cos我憋笑挑战,我是易拉爆,日常,生活,21,73,3374435,835,1937,206758,3020,32677,6505,1781923956,https://www.bilibili.com/video/BV1aqjE6mEid,http://i0.hdslb.com/bfs/archive/57352c8c5bc8fe7b8ba2d61d6d5c028d1d3d9bc7.jpg
2026-06-23,2026-06-23 05:13:55,31,BV1uyja6nEZY,116771621175583,送你个机器人女友#AI,90后的日常,影视剪辑,影视,183,206,1501477,5481,17110,154066,14182,28764,11401,1781793601,https://www.bilibili.com/video/BV1uyja6nEZY,http://i2.hdslb.com/bfs/archive/a8408ab240cbc1f57b155cb91d2a631688d5a0d2.jpg
2026-06-23,2026-06-23 05:13:55,32,BV1Qg7c6KE9V,116790126447382,《后悔の保安》,伤心欲茄222,搞笑,娱乐,138,95,2843426,1238,4884,223149,6885,12036,6123,1782100800,https://www.bilibili.com/video/BV1Qg7c6KE9V,http://i0.hdslb.com/bfs/archive/212c2d91a9cd193c0394ddb4757b5b9fa498c675.jpg
2026-06-23,2026-06-23 05:13:55,33,BV1nHja6KEA3,116771872835698,做律师没料到要去村里抓猪抵债。法官：我也没料到～,戴律请回答,社科·法律·心理,知识,124,972,1635702,2412,4631,165206,88829,16226,3054,1781835600,https://www.bilibili.com/video/BV1nHja6KEA3,http://i1.hdslb.com/bfs/archive/4d8f84e7426f13b922911fd6eaa5c8d849a2b1af.jpg
2026-06-23,2026-06-23 05:13:55,34,BV1Bq7c6mEr6,116790025783520,佩洛伊斯什么时候逃离原生家庭？,鼎芸,同人·手书,动画,47,282,932699,421,1219,126396,10501,24706,2469,1782086400,https://www.bilibili.com/video/BV1Bq7c6mEr6,http://i2.hdslb.com/bfs/archive/a0094b395427b8157e591144aef2bf0f73071d6b.jpg
2026-06-23,2026-06-23 05:13:55,35,BV1Qtjq6iEoF,116775228278653,祝大家端午節快樂,台灣館長,日常,生活,21,17,3416787,13297,12921,586211,20977,40521,33370,1781848904,https://www.bilibili.com/video/BV1Qtjq6iEoF,http://i1.hdslb.com/bfs/archive/bdd921fa27274787b2e615a36e2417695d23128d.jpg
2026-06-23,2026-06-23 05:13:55,36,BV1RXjJ6xEur,116781553287621,【TF家族练习生】《突围II破局》先导片,TF家族,明星综合,明星综合,137,2035,1694091,1076657,16125,85679,9245,33837,3703,1781953200,https://www.bilibili.com/video/BV1RXjJ6xEur,http://i0.hdslb.com/bfs/archive/aaa47f5a479a534903218d33c24af6b22221c58d.jpg
2026-06-23,2026-06-23 05:13:55,37,BV1USjC61EFe,116779573582726,治沙人,沙漠里的四妹,三农,生活,251,14,826049,1990,2214,293736,23836,5726,186,1781915068,https://www.bilibili.com/video/BV1USjC61EFe,http://i1.hdslb.com/bfs/archive/0ac158a54177ad00bc812a809b0e9dab9edbd46a.jpg
2026-06-23,2026-06-23 05:13:55,38,BV1hNjw6vEa6,116769876347422,“啊，是关中王来了！”,三木刃,鬼畜剧场,鬼畜剧场,216,337,2918386,1704,2627,181047,23464,37186,10680,1781841300,https://www.bilibili.com/video/BV1hNjw6vEa6,http://i1.hdslb.com/bfs/archive/bfab94865def24138b661b7340eeed674179a6ea.jpg
2026-06-23,2026-06-23 05:13:55,39,BV1L2jB6VEtj,116776251692569,【潘宏爱玩狗】最新视频来袭，快来看看吧！,潘宏爱玩狗,汪星人,汪星人,219,248,1491579,2433,2960,193369,11910,13448,2145,1781865081,https://www.bilibili.com/video/BV1L2jB6VEtj,http://i1.hdslb.com/bfs/archive/40496da5f89a0e49899b18803e8a64319fd0f3a9.jpg
2026-06-23,2026-06-23 05:13:55,40,BV1cMjc61EL9,116770430194149,磨银墨写悬浮 李商隐《无题》,小秋习字,绘画,绘画,162,80,4113218,2153,3619,286351,8093,29322,3231,1781775628,https://www.bilibili.com/video/BV1cMjc61EL9,http://i1.hdslb.com/bfs/archive/d4681f759763d5562bd4a4347209a15aa66918be.jpg
2026-06-23,2026-06-23 05:13:55,41,BV1Lnjv6eE76,116774406262942,这恐怖的细节还是三角洲吗？核工作者带你感受核电站的种种还原！,Key725,网络游戏,游戏,65,1559,3318416,6252,4389,136877,8805,52517,5706,1781870466,https://www.bilibili.com/video/BV1Lnjv6eE76,http://i1.hdslb.com/bfs/archive/0b500acd1480b98bfb94a76ca22399ff785a228e.jpg
2026-06-23,2026-06-23 05:13:55,42,BV1GDjB66EE9,116776134246683,花37天，破解上海最贵汉堡，成本只要。。。,绵羊料理,美食制作,美食,76,408,2212615,8418,2345,153633,60086,30563,5329,1781862487,https://www.bilibili.com/video/BV1GDjB66EE9,http://i0.hdslb.com/bfs/archive/b7f0e83cb8a595492fe7c45b2e56bc59b662e664.jpg
2026-06-23,2026-06-23 05:13:55,43,BV1RSj76SEXn,116780747985261,你看不起的工作，可能是别人考不进去的门槛,如见未来AI,影视剪辑,影视,183,44,2823935,804,4783,196748,1474,25671,2708,1781932918,https://www.bilibili.com/video/BV1RSj76SEXn,http://i1.hdslb.com/bfs/archive/8c63f016f8287b11fb8f15f4852c38974dfd487e.jpg
2026-06-23,2026-06-23 05:13:55,44,BV1B4jn6AEGW,116781385516992,百年真心！终于重逢！《凡人修仙传》179逐帧解析,利维坦mY,动漫杂谈,动画,253,937,945690,7451,8227,81855,59001,10168,2785,1781949900,https://www.bilibili.com/video/BV1B4jn6AEGW,http://i2.hdslb.com/bfs/archive/d8106b030d97cdc30ee38dde90e3f42a07a06af3.jpg
2026-06-23,2026-06-23 05:13:55,45,BV1EHjE6fEhG,116780664226179,咱兄弟俩真是这个👍（端午大合集）,亿本満足,日常,生活,21,7632,1190702,2769,2024,89348,8820,42254,1789,1781932103,https://www.bilibili.com/video/BV1EHjE6fEhG,http://i1.hdslb.com/bfs/archive/6379f6d8484e6bdf5dc21d458a1bf7343d06a6e3.jpg
2026-06-23,2026-06-23 05:13:55,46,BV1eGj665Ewd,116777728087237,玩了3天终于得到神器了，再也不用惧怕太阳【我是僵尸】,磊哥游戏,单机游戏,游戏,17,367,1779885,1646,2817,137300,11949,12257,1197,1781917200,https://www.bilibili.com/video/BV1eGj665Ewd,http://i1.hdslb.com/bfs/archive/a87e14455efa511e53419aa62c29ec9608241e8a.jpg
2026-06-23,2026-06-23 05:13:55,47,BV12Gjn6kEP6,116781335187792,一个环艺老学长的填志愿忏悔录！,是莫叔叔吗,搞笑,娱乐,138,361,1421212,661,3008,171576,1041,16194,1283,1781942826,https://www.bilibili.com/video/BV12Gjn6kEP6,http://i0.hdslb.com/bfs/archive/814cbb7312342c2b6cc7179ae6a82b9e23ee79af.jpg
2026-06-23,2026-06-23 05:13:55,48,BV1MnjB6wEiB,116776469927608,请吃我画的鬼泣动画,台古_Taigu,同人·手书,动画,47,26,985400,193,2225,189246,33545,48366,7687,1781867758,https://www.bilibili.com/video/BV1MnjB6wEiB,http://i1.hdslb.com/bfs/archive/1dd96e8863e516ea883bc2ad0f670b011cbe00fd.jpg
2026-06-23,2026-06-23 05:13:55,49,BV1txjk6VEek,116778080405500,马西西位！🤯🤯🤯🤯,Team_Spirit,日常,生活,21,31,2969778,714,9027,221420,19044,16792,15271,1781892376,https://www.bilibili.com/video/BV1txjk6VEek,http://i0.hdslb.com/bfs/archive/186291f5cb166207208b9f64b08af7fbf2686906.jpg
2026-06-23,2026-06-23 05:13:55,50,BV1wLjz6WEw5,116775865815369,《红脸的关公战长沙》,龙馍馍,动物二创,动物二创,220,90,1590492,564,1474,146449,26816,24727,17756,1781913600,https://www.bilibili.com/video/BV1wLjz6WEw5,http://i0.hdslb.com/bfs/archive/f8766e70c711a7a264a42b0464ef54fe915949c2.jpg
2026-06-23,2026-06-23 05:13:55,51,BV1Bfjq6LEDi,116776771784834,【洛天依原创】人是猫,张卡斯,VOCALOID·UTAU,VOCALOID·UTAU,30,133,533636,983,3604,131049,32222,72217,11506,1781872274,https://www.bilibili.com/video/BV1Bfjq6LEDi,http://i0.hdslb.com/bfs/archive/7a760fc57dd165eaa62e96849c3757524f842c7b.jpg
2026-06-23,2026-06-23 05:13:55,52,BV1YNjP6VEr6,116770648098260,我 伪 装,阴间滴贰哈鸽鸽,单机游戏,游戏,17,560,3554043,2195,1843,146522,4465,26974,15380,1781779073,https://www.bilibili.com/video/BV1YNjP6VEr6,http://i1.hdslb.com/bfs/archive/aad734a51fb0edd1446ad186f77bf3c9a7eb5c35.jpg
2026-06-23,2026-06-23 05:13:55,53,BV1Tqjq6hEHF,116774792138101,我只是做错了事，可我不是坏孩子,源小仔,亲子,生活,254,114,1608247,3608,1648,173992,84620,35562,621,1781842522,https://www.bilibili.com/video/BV1Tqjq6hEHF,http://i2.hdslb.com/bfs/archive/767c3396b8774d2ea06329d31ffbd78cab9401dd.jpg
2026-06-23,2026-06-23 05:13:55,54,BV19Kjf6cEh8,116789337921082,【泰拉瑞亚】32位计算机电路 RISC-V CPU 348KHz,混乱沉睡,单机游戏,游戏,17,639,845700,742,1874,78924,25266,22418,10678,1782063994,https://www.bilibili.com/video/BV19Kjf6cEh8,http://i0.hdslb.com/bfs/archive/751337b64ce9f1f12d3979dbe8e54d4c29c91459.jpg
2026-06-23,2026-06-23 05:13:55,55,BV1wE7P6bESL,116792357950508,真开上机甲了？影视飓风1600万粉丝Q&A！,影视飓风,数码,科技,95,1032,715733,13723,4472,84602,40916,15464,5288,1782118800,https://www.bilibili.com/video/BV1wE7P6bESL,http://i0.hdslb.com/bfs/archive/97584af6b48769acf00522439a20ed4a2058b959.jpg
2026-06-23,2026-06-23 05:13:55,56,BV1rvjb6fEKU,116786838112232,什么叫人类最强的去当魔王是为了平衡战力？,Mr-Ferret,绘画,绘画,162,133,1713959,551,1245,129075,1846,17095,4139,1782026099,https://www.bilibili.com/video/BV1rvjb6fEKU,http://i2.hdslb.com/bfs/archive/8042679d5e89cf7eb377c7a1f277dc696d63f7ca.jpg
2026-06-23,2026-06-23 05:13:55,57,BV1RJjv6PEQN,116774490087302,今天教大家如何跟女生说话,其实我是超级小孩,单机游戏,游戏,17,52,1945505,550,4604,269015,6637,65931,15293,1781837467,https://www.bilibili.com/video/BV1RJjv6PEQN,http://i2.hdslb.com/bfs/archive/2518c2fb18de178908b9c3b67ad646cefc88f7f0.jpg
2026-06-23,2026-06-23 05:13:55,58,BV1K3jC6kEX1,116780060121777,《鸣潮》巡回演唱会「致予新世界」预告动画,鸣潮,手机游戏,游戏,172,106,1625305,2010,5767,99651,42033,25356,16085,1781924400,https://www.bilibili.com/video/BV1K3jC6kEX1,http://i1.hdslb.com/bfs/archive/9abf9ecaffbd55cab43ad74807aa69e249997b36.jpg
2026-06-23,2026-06-23 05:13:55,59,BV1QdjJ6WEXe,116781721063124,评论区摄影大赛梦核篇开启，今天是善良人格，欢迎投稿好的作品会让更多人看到。,摄影恩哥,日常,生活,21,108,2317067,1268,4897,139373,1443,11326,410,1781948068,https://www.bilibili.com/video/BV1QdjJ6WEXe,http://i0.hdslb.com/bfs/archive/4ed53967ff14e4b0ff9827f165ead7dbd344d674.jpg
2026-06-23,2026-06-23 05:13:55,60,BV1NjjC6uE5A,116779741352400,2026报志愿！八大结论！不走弯路！,一数,校园学习,知识,208,411,567986,3314,4556,66495,9048,39647,6120,1781938800,https://www.bilibili.com/video/BV1NjjC6uE5A,http://i2.hdslb.com/bfs/archive/8f50bb1a0884ffe5ac33b9c9064fa72fe96719e5.jpg
2026-06-23,2026-06-23 05:13:55,61,BV1ArjW6nE1V,116783616887594,《明日方舟》危机合约新赛季「涤墨作战」宣传PV,明日方舟,手机游戏,游戏,172,108,1284819,9654,16163,97271,23737,14648,48448,1782010800,https://www.bilibili.com/video/BV1ArjW6nE1V,http://i0.hdslb.com/bfs/archive/5ecd97f01f442270285e760493ad7840c33033df.jpg
2026-06-23,2026-06-23 05:13:55,62,BV1U6jz6KErp,116777744867001,王老菊教你断剑奇侠·S3-ep00：包氏创业记,怕上火暴王老菊,单机游戏,游戏,17,4658,1331851,14857,7685,78258,70184,25991,7824,1781887258,https://www.bilibili.com/video/BV1U6jz6KErp,http://i1.hdslb.com/bfs/archive/554ab808c05612b25535d00af53cccaff6bee7ae.jpg
2026-06-23,2026-06-23 05:13:55,63,BV1Ndje6DEkS,116774674631565,【特效向】剧⚡终 但是成龙🐉,豪言の经理,鬼畜剧场,鬼畜剧场,216,131,1424474,1132,2126,162793,40906,38049,8603,1781840398,https://www.bilibili.com/video/BV1Ndje6DEkS,http://i0.hdslb.com/bfs/archive/9472cf3932257bbb43d2ed7c875116b0016e129d.jpg
2026-06-23,2026-06-23 05:13:55,64,BV1XtjA6BEtS,116770782318985,代理人档案丨蕾米埃尔,绝区零第一可爱兔宝,手机游戏,游戏,172,17,1065554,2476,8317,140894,21314,21021,14665,1781920800,https://www.bilibili.com/video/BV1XtjA6BEtS,http://i1.hdslb.com/bfs/archive/7e10ac96f8e47755f67c160de3ddb48e7345097f.jpg
2026-06-23,2026-06-23 05:13:55,65,BV1tbjk63EN2,116778113964904,原来死刑犯还有这种用处,拧不动啊真拧不动,单机游戏,游戏,17,1746,3685483,3520,964,102948,11450,70012,2067,1781920800,https://www.bilibili.com/video/BV1tbjk63EN2,http://i1.hdslb.com/bfs/archive/bcd97f6d5485a81d662f3f5a137c07bb02625217.jpg
2026-06-23,2026-06-23 05:13:55,66,BV1vSjb6JEjz,116788499062621,他的麦田要一株株手拔！整整20年！农村老人自己搞育种！【主播说三农】,央视农业,三农,生活,251,182,825047,1293,2064,116885,10920,5493,1235,1782051197,https://www.bilibili.com/video/BV1vSjb6JEjz,http://i2.hdslb.com/bfs/archive/e57c7e322be6be3edc3ae557f0d07d5b579378dd.jpg
2026-06-23,2026-06-23 05:13:55,67,BV1bdj46qEwz,116785781149073,同性恋不能生孩子，为什么没有被自然选择淘汰？,李论科学,科学科普,知识,201,316,1043594,992,5627,78141,4643,14936,5613,1782009804,https://www.bilibili.com/video/BV1bdj46qEwz,http://i0.hdslb.com/bfs/archive/3d99731ee829b980c39b3c8f69e740d5583cb1f3.jpg
2026-06-23,2026-06-23 05:13:55,68,BV1o5jv6qExG,116774473303913,巴啦啦小魔仙—芮闪的帽子,-蒋-丞-_,搞笑,娱乐,138,187,1614234,3469,8262,103995,8871,12589,27969,1781837618,https://www.bilibili.com/video/BV1o5jv6qExG,http://i0.hdslb.com/bfs/archive/1081baa744ad129c3d34a1108a6eee3ea0287965.jpg
2026-06-23,2026-06-23 05:13:55,69,BV1RGjh6pEbo,116787928637352,看看假货最多的地方#食品安全#假货,陈大成bili,美食记录,美食,215,153,1252425,1000,3570,85971,7476,16597,11555,1782043550,https://www.bilibili.com/video/BV1RGjh6pEbo,http://i0.hdslb.com/bfs/archive/75cc77cd07b6561a7faabcdecf6d091ab267d77a.jpg
2026-06-23,2026-06-23 05:13:55,70,BV1ZbjC6FEMX,116779875567544,🪳 广 东 人 的 一 天 🪳,路路迷路路,综合,综合,27,33,2452822,500,3825,172219,3276,11084,8102,1781926200,https://www.bilibili.com/video/BV1ZbjC6FEMX,http://i1.hdslb.com/bfs/archive/101adca376d1a6f2c6e60489ffe8ebb9bbb3b27b.jpg
2026-06-23,2026-06-23 05:13:55,71,BV1ATjz6fERC,116775949700075,“如果世界不温柔 可以让来我试试”,王子不会拍,日常,生活,21,220,980061,989,1617,119615,54850,13027,724,1781859857,https://www.bilibili.com/video/BV1ATjz6fERC,http://i0.hdslb.com/bfs/archive/ea683cc8fdd490fda58a6b1e3fa70931c588aa5b.jpg
2026-06-23,2026-06-23 05:13:55,72,BV1BPjJ6FEGP,116782090226507,嘻嘻。,小酥猫饼,美食记录,美食,215,217,1360602,1155,3420,91469,3610,7880,803,1781953425,https://www.bilibili.com/video/BV1BPjJ6FEGP,http://i0.hdslb.com/bfs/archive/851c2cfda81099df21795340f9af0b9a951c065c.jpg
2026-06-23,2026-06-23 05:13:55,73,BV1KVjC63Ezz,116779707797561,什么叫把复活赛打成翻身仗？Unity还能搓出这种中式开放都市？！《望月》线下试玩！,鬼叔黍,单机游戏,游戏,17,793,1280983,646,2186,80877,8129,10628,3853,1781922306,https://www.bilibili.com/video/BV1KVjC63Ezz,http://i0.hdslb.com/bfs/archive/b318146908bf7fcef592692d63ed61d5fa707367.jpg
2026-06-23,2026-06-23 05:13:55,74,BV1bWjk6yEuu,116778097182096,❤️【可能是你听过的最好听的一版翻唱】像笨蛋一样❤️バカみたいに,翼灵Official,翻唱,音乐,31,132,334020,679,1023,101806,7477,36165,1074,1781930100,https://www.bilibili.com/video/BV1bWjk6yEuu,http://i2.hdslb.com/bfs/archive/6a5a523bf2cc6c3031412d9c4c0888d40513e148.jpg
2026-06-23,2026-06-23 05:13:55,75,BV1GtJG63ES5,116754088985117,2026年6月20日海水淹没了宿舍我决定拆掉床板造一艘无敌战舰去征服一万个星球,哔哩哔哩弹幕网,综艺,综艺,71,402,3808430,12827,2338,31875,6277,15586,3286,1781920800,https://www.bilibili.com/video/BV1GtJG63ES5,http://i1.hdslb.com/bfs/archive/a3a23d0d80c0014647951912e1d7d09f8f7b8761.jpg
2026-06-23,2026-06-23 05:13:55,76,BV1wjjr6hEAR,116778835378560,#手工制作绘本 我的第三本《拥有神笔的马户》 #改编 #寓言故事 #原创绘画 #爱是什么,XS王棕棕,绘画,绘画,162,205,649812,397,1193,85460,9905,13393,2214,1781903756,https://www.bilibili.com/video/BV1wjjr6hEAR,http://i1.hdslb.com/bfs/archive/5b6cd6fe529e649ea4a3ff642bddca6e43a945dc.jpg
2026-06-23,2026-06-23 05:13:55,77,BV1Sijq6cEqp,116774808850573,【plolt】我为什么突然开始做故事版了,plolt,同人·手书,动画,47,562,943354,508,1238,153499,14533,23345,586,1781843400,https://www.bilibili.com/video/BV1Sijq6cEqp,http://i1.hdslb.com/bfs/archive/a45b8941d12ba649dd855eac13e6822cb21defa3.jpg
2026-06-23,2026-06-23 05:13:55,78,BV12t7A6YEvx,116792844558250,《阴阳师》毗沙门天CG丨金砂福威（CV：福西胜也）,网易阴阳师手游,手机游戏,游戏,172,210,726876,1185,2459,38406,32836,23574,21716,1782117740,https://www.bilibili.com/video/BV12t7A6YEvx,http://i1.hdslb.com/bfs/archive/0da370078c072e00ce00a245313679b7eda4c1a4.jpg
2026-06-23,2026-06-23 05:13:55,79,BV1LAjP61EbF,116770732120927,［甲鱼meme］水宝宝,烫甲鱼,绘画,绘画,162,167,3070395,687,2789,195980,8544,46019,4593,1781780089,https://www.bilibili.com/video/BV1LAjP61EbF,http://i2.hdslb.com/bfs/archive/82e7bc476c47722f23af20e620bb6c13f4ee3c75.jpg
2026-06-23,2026-06-23 05:13:55,80,BV1nhji61E9A,116775849038176,现在的恐怖游戏VS以前的恐怖游戏,Mc队友,日常,生活,21,33,925347,759,3065,120967,6069,52958,2504,1781858276,https://www.bilibili.com/video/BV1nhji61E9A,http://i1.hdslb.com/bfs/archive/5fb581d5933d90ae27d3a29d99c05b07b2f531af.jpg
2026-06-23,2026-06-23 05:13:55,81,BV1s2jq6sETH,116775027087936,😋“鲁鲁逊漂流记”😋,沙雕Sanscul,影视剪辑,影视,183,378,702947,1247,986,76510,10808,23944,3126,1781845776,https://www.bilibili.com/video/BV1s2jq6sETH,http://i1.hdslb.com/bfs/archive/0d3e96881985e3c43a30aa1523f5f1fd4b6ee530.jpg
2026-06-23,2026-06-23 05:13:55,82,BV1qFjB6yEzQ,116776687901421,抓老鼠,麻薯饭堂,同人·手书,动画,47,26,1350218,424,1469,145008,8375,53758,3633,1781871111,https://www.bilibili.com/video/BV1qFjB6yEzQ,http://i0.hdslb.com/bfs/archive/f7a5d82b72fcb889a66b33613e08369c1b75f771.jpg
2026-06-23,2026-06-23 05:13:55,83,BV1Ftjw6DEmL,116769557711688,假如所有人被迫看着死亡回归,00kk君,MAD·AMV,MAD·AMV,24,4786,2925220,11673,12785,194572,75040,135424,13139,1781762186,https://www.bilibili.com/video/BV1Ftjw6DEmL,http://i2.hdslb.com/bfs/archive/9ab9adff76a9f537e7fae8a493c60fc0fa60feb5.jpg
2026-06-23,2026-06-23 05:13:55,84,BV1Z27A6JEjM,116792911534635,今年干的最牛的事！你们的导航软件还有广告吗？,销冠李老板,日常,生活,21,45,769422,7305,6674,149529,31292,5930,2871,1782118587,https://www.bilibili.com/video/BV1Z27A6JEjM,http://i1.hdslb.com/bfs/archive/26ab151e43194f7ee490c739829559cb8b40b254.jpg
2026-06-23,2026-06-23 05:13:55,85,BV1Wej66FEnX,116777426096188,我来到了mc虚空的最深处？！,Super橘星,单机游戏,游戏,17,1217,551343,1771,1070,72116,5549,23761,574,1781882664,https://www.bilibili.com/video/BV1Wej66FEnX,http://i2.hdslb.com/bfs/archive/42570f2c3101c029882b69fb03c35e7e4e462b70.jpg
2026-06-23,2026-06-23 05:13:55,86,BV1KMjC6yEoF,116780026562717,和我弟玩cosplay,卡迪那-猫meme版,搞笑,娱乐,138,90,1398658,666,2382,122354,1190,13262,4255,1781936494,https://www.bilibili.com/video/BV1KMjC6yEoF,http://i1.hdslb.com/bfs/archive/0ef8758b4ab101727170661e8f0685c4c758f6aa.jpg
2026-06-23,2026-06-23 05:13:55,87,BV1Vkje68ED9,116774624301441,找孙笑川要签名,废白Exe,综合,综合,27,20,1544625,343,5355,152800,1612,20442,17319,1781839507,https://www.bilibili.com/video/BV1Vkje68ED9,http://i2.hdslb.com/bfs/archive/f144eaa55fab7ddf2e7252353c8198a48b6fdcbd.jpg
2026-06-23,2026-06-23 05:13:55,88,BV1Bbjp6zEcd,116784338308431,特厨探店|新疆最好的烤全羊？！—尉犁烤羊,特厨隋坡,美食侦探,美食,212,234,995336,1191,2892,78514,5203,6928,5498,1782012600,https://www.bilibili.com/video/BV1Bbjp6zEcd,http://i0.hdslb.com/bfs/archive/a02d6ae871de5eee0fb2f0d2a8504524c84d2c3c.jpg
2026-06-23,2026-06-23 05:13:55,89,BV1fFjb6XEg1,116786888449719,桑葚与桑树活在地球是屈才了,小时好食禄,科学科普,知识,201,315,894490,1493,4323,51756,4721,19983,4117,1782034200,https://www.bilibili.com/video/BV1fFjb6XEg1,http://i0.hdslb.com/bfs/archive/0ea9d26a19b0ab1267f1aba35320f97f4f0d6b6c.jpg
2026-06-23,2026-06-23 05:13:55,90,BV1wijJ6MEoy,116782006273890,云璃：让你入赘就算便宜你了，你还想逃婚？,我要吃蛋炒饭饭,手机游戏,游戏,172,167,643255,870,2180,63643,4300,19534,2450,1781952160,https://www.bilibili.com/video/BV1wijJ6MEoy,http://i0.hdslb.com/bfs/archive/73c0e3e74a781d9d62773ff71df48d3fb9c98d61.jpg
2026-06-23,2026-06-23 05:13:55,91,BV14VjF6HEGT,116768618060324,宇 宙 级 免 责 声 明,龙大人不喷火,鬼畜剧场,鬼畜剧场,216,92,5571528,2428,12082,347882,17064,30493,18809,1781780400,https://www.bilibili.com/video/BV14VjF6HEGT,http://i0.hdslb.com/bfs/archive/4089372d9471271137ac3ce69091a7ac0faf36f4.jpg
2026-06-23,2026-06-23 05:13:55,92,BV1eejn6tENU,116783180679398,新三国up锐评神探狄仁杰02：我们也有自己的孙乾,吃蛋挞的折棒,影视剪辑,影视,183,2021,770688,12643,4987,50984,32881,8014,791,1782007200,https://www.bilibili.com/video/BV1eejn6tENU,http://i1.hdslb.com/bfs/archive/35f91d598d941bb588f548e0643f15fd8afe1a54.jpg
2026-06-23,2026-06-23 05:13:55,93,BV14pjB6fEcV,116776503352076,纸诛侠·篇子传奇,微波炉大人,日常,生活,21,40,858498,18358,7607,117967,3562,26275,21128,1781868085,https://www.bilibili.com/video/BV14pjB6fEcV,http://i1.hdslb.com/bfs/archive/523752108c480f40b91442c9bb7aa166e18b3b71.jpg
2026-06-23,2026-06-23 05:13:55,94,BV1udjB6TEQr,116776352351491,我体内有寄生蜂的卵，寄生在寄生蜂卵上的…,-维C动物园-,野生动物,野生动物,221,635,876836,5210,1188,70609,3590,10540,2183,1781949600,https://www.bilibili.com/video/BV1udjB6TEQr,http://i1.hdslb.com/bfs/archive/2be4aa04f1d10a77669d0a1af52bef28ee4e0ea2.jpg
2026-06-23,2026-06-23 05:13:55,95,BV1Nyjq6dENe,116775043801036,挑战你们说我像谁我就模仿谁！事情发展到这一步，已经越来越离谱了。。。,李如儒也是李蠕蠕,小剧场,娱乐,85,151,3474766,6888,4354,271033,26684,18456,3222,1781846144,https://www.bilibili.com/video/BV1Nyjq6dENe,http://i1.hdslb.com/bfs/archive/0a51f7b766b553eeecb0f09765a9c38db7b7b6c6.jpg
2026-06-23,2026-06-23 05:13:55,96,BV1MJj46AEX8,116785915433448,勃然大怒：以色列大使怒斥“闭嘴”“滚粗”，副球长病遁跑路,小Q不是导盲犬,社科·法律·心理,知识,124,1046,1364807,10351,4857,59795,8738,10791,3249,1782012063,https://www.bilibili.com/video/BV1MJj46AEX8,http://i1.hdslb.com/bfs/archive/5944656bc047407b9fce3d737d9e9070d35b84a1.jpg
2026-06-23,2026-06-23 05:13:55,97,BV1czjJ6KETp,116781905611355,欢迎来到男子汉的世界……,隔壁小贾-暗区突围,网络游戏,游戏,65,22,1136244,123,1001,115072,1882,26631,2493,1781950586,https://www.bilibili.com/video/BV1czjJ6KETp,http://i0.hdslb.com/bfs/archive/ae4f08c7a54e48b8866e4e773102010d2a67c6ac.jpg
2026-06-23,2026-06-23 05:13:55,98,BV1vhjn68EUr,116781402295077,NiKo科隆电影感混剪短片——《应无所住，而生其心》,CS2芬了个黎,网络游戏,游戏,65,278,489999,1613,11658,35572,21162,15055,3568,1781943472,https://www.bilibili.com/video/BV1vhjn68EUr,http://i0.hdslb.com/bfs/archive/1cba7feea4d47ff3eaade9473e705dc80f4dca7d.jpg
2026-06-23,2026-06-23 05:13:55,99,BV1fLjt69ERX,116787442223218,【Reaction】穷人永远接触不到的场景,沙雕网友咸叽叽,乐评盘点,音乐,243,172,1168970,1342,5178,83975,920,4656,566,1782035106,https://www.bilibili.com/video/BV1fLjt69ERX,http://i1.hdslb.com/bfs/archive/1a8dcea2f814b644570e01fcba31c46109631c89.jpg
2026-06-23,2026-06-23 05:13:55,100,BV1gcjr6rEWW,116777191215198,交警现场对“听不懂”的女子硬核普法,央视新闻,日常,生活,21,68,1605034,3938,9975,156261,2283,8501,7047,1781878696,https://www.bilibili.com/video/BV1gcjr6rEWW,http://i2.hdslb.com/bfs/archive/2acc8207edfcdeccc4805f0cdbd925cc6d31805d.jpg
2026-06-23,2026-06-23 06:56:52,1,BV1oTjk6xEea,116778281796886,我发誓这是我看过最震撼的漫展爬台变装演唱！！,夏旬Natsuki,翻唱,音乐,31,84,5378513,1542,5644,628023,46249,67317,8459,1781947800,https://www.bilibili.com/video/BV1oTjk6xEea,http://i0.hdslb.com/bfs/archive/c937405b0e26e4652af142f494911c0cf97d0f26.jpg
2026-06-23,2026-06-23 06:56:52,2,BV1Cvjk6TEB3,116778046915958,🎨要看看这样的视频才有力气讨生活【三角洲】,牧牧川,单机游戏,游戏,17,192,4156859,731,2258,303666,11781,46678,2464,1781926200,https://www.bilibili.com/video/BV1Cvjk6TEB3,http://i1.hdslb.com/bfs/archive/9c3b114670250931e6264389d05a263039d091d9.jpg
2026-06-23,2026-06-23 06:56:52,3,BV17BjB6UEeP,116776536902641,一坨泥巴也来跳迈克尔·杰克逊《顫栗》？,宅叔飞飞,手工,生活,161,67,3793229,441,1648,416479,93389,26105,2618,1781868799,https://www.bilibili.com/video/BV17BjB6UEeP,http://i0.hdslb.com/bfs/archive/8c7d6784a5fe4aa117f1c0c53696dadb050b0d1d.jpg
2026-06-23,2026-06-23 06:56:52,4,BV1fJjE6FEqW,116780630609640,《崩坏：因缘精灵》进化PV：直至遇见它,崩坏因缘精灵,手机游戏,游戏,172,351,2104052,18578,26936,156617,58628,30848,45022,1782100800,https://www.bilibili.com/video/BV1fJjE6FEqW,http://i2.hdslb.com/bfs/archive/29e4ee8844cb4d82aefa07d1011ad4438da2c9c3.jpg
2026-06-23,2026-06-23 06:56:52,5,BV1JKjH6iE6y,116782895470334,多少年了，人们还记得你真实的样子吗？,何大爷课堂,人文历史,知识,228,218,3941404,574,3457,257267,7589,15926,1481,1781965957,https://www.bilibili.com/video/BV1JKjH6iE6y,http://i1.hdslb.com/bfs/archive/ce0fa067f5c90abd4ceb01108697be8f556ecd57.jpg
2026-06-23,2026-06-23 06:56:52,6,BV1X37c6vEcB,116790311001648,“终有一天，我会成为MAJOR冠军！”——NIKO圆梦科隆Major！,AYCS2,网络游戏,游戏,65,298,2472841,1749,13263,148451,67454,34998,9197,1782078868,https://www.bilibili.com/video/BV1X37c6vEcB,http://i2.hdslb.com/bfs/archive/1bdd25e9721279f6870ec585223314be1d06890f.jpg
2026-06-23,2026-06-23 06:56:52,7,BV15Qj66mE5z,116776956336801,快乐 童年,榴莲阿呀,搞笑,娱乐,138,538,5142436,10160,11413,299160,76741,121449,4767,1781875232,https://www.bilibili.com/video/BV15Qj66mE5z,http://i1.hdslb.com/bfs/archive/fd70d470e4de0758969faf57cfd3f789c6e5e222.jpg
2026-06-23,2026-06-23 06:56:52,8,BV1xXjn6LEwc,116783247787866,人，停下！,幸仁儿鲨,绘画,绘画,162,475,1180665,9753,8667,143852,47517,59502,4483,1781971350,https://www.bilibili.com/video/BV1xXjn6LEwc,http://i2.hdslb.com/bfs/archive/cfe6b10df7f5630e9cb80f9edffe4b9a15c6024a.jpg
2026-06-23,2026-06-23 06:56:52,9,BV1wULQ64EB9,116764960825221,《绝区零》先导演示丨蕾米埃尔,哔哩哔哩游戏中心,手机游戏,游戏,172,91,3082025,6566,25776,205128,79349,43005,111345,1781920800,https://www.bilibili.com/video/BV1wULQ64EB9,http://i2.hdslb.com/bfs/archive/4373a99ec734fa760ccab2161d38ef6294815f24.jpg
2026-06-23,2026-06-23 06:56:52,10,BV1g7jJ6nE1E,116782207602137,“入室抢劫般的队友”,胡胡不胡o,日常,生活,21,363,2888793,1628,3735,198589,9528,23591,7217,1781955576,https://www.bilibili.com/video/BV1g7jJ6nE1E,http://i2.hdslb.com/bfs/archive/9b3e18bf8311f44867bcc78534904eb86d1072c4.jpg
2026-06-23,2026-06-23 06:56:52,11,BV1uHjJ6mEpe,116781888833434,地牢酒馆-15集 《一支欢快的舞》,粘土工厂,单机游戏,游戏,17,265,1634881,5242,3391,190280,22978,20674,2068,1781951423,https://www.bilibili.com/video/BV1uHjJ6mEpe,http://i0.hdslb.com/bfs/archive/6b4c38e45f3f0de7eaf9b7ec420a773be89a3de3.jpg
2026-06-23,2026-06-23 06:56:52,12,BV1usjH6WEoz,116782694139715,曾沛慈｜《怎么说我不爱你》舞台,曾沛慈_TsengPets,明星综合,明星综合,137,279,1936077,20622,23209,91005,74630,34008,13339,1781962856,https://www.bilibili.com/video/BV1usjH6WEoz,http://i0.hdslb.com/bfs/archive/bb4c91ef35acc1e06800c178e2600fd8d5509e78.jpg
2026-06-23,2026-06-23 06:56:52,13,BV199jJ6REJR,116781536511840,【干货】为什么不建议你今年考高考状元？,闪电侠-flash,校园学习,知识,208,149,2314922,3287,4357,244651,2625,16387,7670,1781949600,https://www.bilibili.com/video/BV199jJ6REJR,http://i1.hdslb.com/bfs/archive/e9e898756d4f16f348bd9866f5f50d18f0a74c2a.jpg
2026-06-23,2026-06-23 06:56:52,14,BV1dMjJ64Emt,116782241286100,新番时光机！十年前的观众都在看什么神片？「2016年4月篇」泛式,泛式,动漫杂谈,动画,253,1104,1161419,14328,8458,116123,59272,26167,9674,1781955914,https://www.bilibili.com/video/BV1dMjJ64Emt,http://i2.hdslb.com/bfs/archive/81e6a2baf73a0864c80081301e66022a9641d9f3.jpg
2026-06-23,2026-06-23 06:56:52,15,BV1K3jn65ECR,116781352032938,躲在超市后门智斗的二人,沃滋基-尼,综合,综合,27,92,1936366,3726,5861,220758,15427,54441,26339,1781942609,https://www.bilibili.com/video/BV1K3jn65ECR,http://i0.hdslb.com/bfs/archive/bdab827cde03d4f1eddf9ceb001b20129cc95c54.jpg
2026-06-23,2026-06-23 06:56:52,16,BV1Dejq6aEVp,116774892738063,循环歌单|【像个白痴一样】|“【不会哄人の小曲】”,蛋某人音乐,乐评盘点,音乐,243,2993,3127641,454,5144,206345,6394,108911,3432,1781913600,https://www.bilibili.com/video/BV1Dejq6aEVp,http://i0.hdslb.com/bfs/archive/76d35bc1f4f338083694865437ba95ae366e46db.jpg
2026-06-23,2026-06-23 06:56:52,17,BV1DKjp6sESX,116782442483852,新金蝉脱壳,Y的生存手记,综合,综合,27,534,1350739,3118,5593,137948,3008,39168,1004,1781958906,https://www.bilibili.com/video/BV1DKjp6sESX,http://i1.hdslb.com/bfs/archive/f7b66f77c006bb86c17cf6ef1501dfcc4cf5cb8d.png
2026-06-23,2026-06-23 06:56:52,18,BV1rZjr6aErt,116778717938040,末日高架桥，我们被困了100天！,马里奥红叔,单机游戏,游戏,17,1463,1253117,3724,1958,141253,52761,52695,2089,1781924400,https://www.bilibili.com/video/BV1rZjr6aErt,http://i0.hdslb.com/bfs/archive/112ae27cde1480e5ed760c9b5927159b8764e1e4.jpg
2026-06-23,2026-06-23 06:56:52,19,BV1WFjW6EEMQ,116783734328117,《独家记忆》,王濛,明星综合,明星综合,137,320,1426894,13114,20443,76908,74313,21459,7228,1781978557,https://www.bilibili.com/video/BV1WFjW6EEMQ,http://i1.hdslb.com/bfs/archive/7d952ec82a9aaf29c190029494576c283ac9ffd5.jpg
2026-06-23,2026-06-23 06:56:52,20,BV1MNjC62EVv,116780127227543,美国要给伊朗赔款,燕三嘤嘤嘤,人文历史,知识,228,1122,2747175,9424,6175,130226,27118,19852,3223,1781927400,https://www.bilibili.com/video/BV1MNjC62EVv,http://i2.hdslb.com/bfs/archive/787956eaf6b9381b36339aaf595081152abadcf0.jpg
2026-06-23,2026-06-23 06:56:52,21,BV1Pujz6tEMM,116775932927915,没有赶不上的早八,张河清教授,日常,生活,21,25,5074368,2178,2091,582276,6864,31841,2303,1781859604,https://www.bilibili.com/video/BV1Pujz6tEMM,http://i2.hdslb.com/bfs/archive/a277e56a98fc32a94e934d36101d44508170e860.jpg
2026-06-23,2026-06-23 06:56:52,22,BV1PyjZ6jEc1,116789774131069,来自Major冠军的信息：中国粉丝们，你们是这成功的一部分,IEM成都,电子竞技,游戏,171,35,2360481,6006,12787,269231,44296,26213,15997,1782070680,https://www.bilibili.com/video/BV1PyjZ6jEc1,http://i0.hdslb.com/bfs/archive/b8bcc4897c74fb3389c187ade722f33aa86faad3.jpg
2026-06-23,2026-06-23 06:56:52,23,BV1ZEjz6nER3,116775899368374,按到音乐键了,黄沙大圣圣,汪星人,汪星人,219,13,3365450,645,6583,298980,6952,52964,32791,1781859015,https://www.bilibili.com/video/BV1ZEjz6nER3,http://i2.hdslb.com/bfs/archive/948d86110fd0a8045495af7a2c5fdac595ce5df6.jpg
2026-06-23,2026-06-23 06:56:52,24,BV1RSj76SEhJ,116780747985960,【究极佐菲格斗】第四集 奥特兄弟暗杀计划！佐菲机器人 雷欧 泰罗 爱迪 黑暗星人巴巴尔 登场,Dennis飞昊,特摄,动画,86,1034,1307347,3600,4362,90194,72519,39608,9646,1781932942,https://www.bilibili.com/video/BV1RSj76SEhJ,http://i1.hdslb.com/bfs/archive/8609ad0d770e88507e1b65a46221b41d8ea40af4.jpg
2026-06-23,2026-06-23 06:56:52,25,BV1iZjc6gEJr,116769893128777,来赣州包个鱼塘，帮少年减轻家庭重担，鱼多鱼少不重要，得让孩子安心完成学业,李维刚的日常,三农,生活,251,635,1119751,4386,4942,143170,107208,7572,1633,1781946000,https://www.bilibili.com/video/BV1iZjc6gEJr,http://i0.hdslb.com/bfs/archive/68345d040fbae81a977a9631c9d78df717416345.jpg
2026-06-23,2026-06-23 06:56:52,26,BV1imjh6bErF,116772174827175,一个跟头十万八千里2.0,孤鹜AH,搞笑,娱乐,138,151,2548338,689,1456,178842,5549,42849,10966,1781863200,https://www.bilibili.com/video/BV1imjh6bErF,http://i1.hdslb.com/bfs/archive/63af2fba214108093162b7977e0bfa42a5f0a242.jpg
2026-06-23,2026-06-23 06:56:52,27,BV1adjJ6sE1D,116781721193950,大学禁止和课本谈恋爱！！！,快乐的台长,日常,生活,21,335,1357242,1660,1728,169343,5528,43313,5056,1781948457,https://www.bilibili.com/video/BV1adjJ6sE1D,http://i1.hdslb.com/bfs/archive/a6efce7bf64d83e1007d6f491da2e923dc3d746c.jpg
2026-06-23,2026-06-23 06:56:52,28,BV1dJjv6PEpz,116774490085009,⚡秒 开 仙 人⚡,不抽象的真菌零_Jack,鬼畜调教,鬼畜,22,153,1265586,3991,5099,168145,7803,52122,14466,1781837474,https://www.bilibili.com/video/BV1dJjv6PEpz,http://i1.hdslb.com/bfs/archive/860876c570ba90ec71fa5c2d257d2736f690050f.jpg
2026-06-23,2026-06-23 06:56:52,29,BV1jbja6hE3o,116771990277534,炒菜好不好吃不是放多少调料而是掌握食材时间、火候、和烹饪技巧,灶台阿连,日常,生活,21,627,2544339,4558,8229,186263,22450,68386,8164,1781799497,https://www.bilibili.com/video/BV1jbja6hE3o,http://i1.hdslb.com/bfs/archive/ab2d3085ec3329c0de7ed86cda1263841a4753e4.jpg
2026-06-23,2026-06-23 06:56:52,30,BV1Qg7c6KE9V,116790126447382,《后悔の保安》,伤心欲茄222,搞笑,娱乐,138,95,2912852,1241,4954,226341,6965,12314,6183,1782100800,https://www.bilibili.com/video/BV1Qg7c6KE9V,http://i0.hdslb.com/bfs/archive/212c2d91a9cd193c0394ddb4757b5b9fa498c675.jpg
2026-06-23,2026-06-23 06:56:52,31,BV1aqjE6mEid,116780160782699,你cos我憋笑挑战,我是易拉爆,日常,生活,21,73,3375100,835,1939,206817,3025,32693,6507,1781923956,https://www.bilibili.com/video/BV1aqjE6mEid,http://i0.hdslb.com/bfs/archive/57352c8c5bc8fe7b8ba2d61d6d5c028d1d3d9bc7.jpg
2026-06-23,2026-06-23 06:56:52,32,BV1uyja6nEZY,116771621175583,送你个机器人女友#AI,90后的日常,影视剪辑,影视,183,206,1503318,5493,17144,154249,14215,28813,11415,1781793601,https://www.bilibili.com/video/BV1uyja6nEZY,http://i2.hdslb.com/bfs/archive/a8408ab240cbc1f57b155cb91d2a631688d5a0d2.jpg
2026-06-23,2026-06-23 06:56:52,33,BV1Bq7c6mEr6,116790025783520,佩洛伊斯什么时候逃离原生家庭？,鼎芸,同人·手书,动画,47,282,947798,427,1228,127685,10579,24981,2492,1782086400,https://www.bilibili.com/video/BV1Bq7c6mEr6,http://i2.hdslb.com/bfs/archive/a0094b395427b8157e591144aef2bf0f73071d6b.jpg
2026-06-23,2026-06-23 06:56:52,34,BV1nHja6KEA3,116771872835698,做律师没料到要去村里抓猪抵债。法官：我也没料到～,戴律请回答,社科·法律·心理,知识,124,972,1636432,2412,4634,165269,88853,16237,3056,1781835600,https://www.bilibili.com/video/BV1nHja6KEA3,http://i1.hdslb.com/bfs/archive/4d8f84e7426f13b922911fd6eaa5c8d849a2b1af.jpg
2026-06-23,2026-06-23 06:56:52,35,BV1RXjJ6xEur,116781553287621,【TF家族练习生】《突围II破局》先导片,TF家族,明星综合,明星综合,137,2035,1695256,1076810,16127,85715,9249,33865,3706,1781953200,https://www.bilibili.com/video/BV1RXjJ6xEur,http://i0.hdslb.com/bfs/archive/aaa47f5a479a534903218d33c24af6b22221c58d.jpg
2026-06-23,2026-06-23 06:56:52,36,BV1USjC61EFe,116779573582726,治沙人,沙漠里的四妹,三农,生活,251,14,826763,1997,2217,294012,23882,5741,187,1781915068,https://www.bilibili.com/video/BV1USjC61EFe,http://i1.hdslb.com/bfs/archive/0ac158a54177ad00bc812a809b0e9dab9edbd46a.jpg
2026-06-23,2026-06-23 06:56:52,37,BV1L2jB6VEtj,116776251692569,【潘宏爱玩狗】最新视频来袭，快来看看吧！,潘宏爱玩狗,汪星人,汪星人,219,248,1493192,2434,2964,193539,11923,13458,2148,1781865081,https://www.bilibili.com/video/BV1L2jB6VEtj,http://i1.hdslb.com/bfs/archive/40496da5f89a0e49899b18803e8a64319fd0f3a9.jpg
2026-06-23,2026-06-23 06:56:52,38,BV1Qtjq6iEoF,116775228278653,祝大家端午節快樂,台灣館長,日常,生活,21,17,3419464,13322,12927,586651,21003,40568,33384,1781848904,https://www.bilibili.com/video/BV1Qtjq6iEoF,http://i1.hdslb.com/bfs/archive/bdd921fa27274787b2e615a36e2417695d23128d.jpg
2026-06-23,2026-06-23 06:56:52,39,BV1hNjw6vEa6,116769876347422,“啊，是关中王来了！”,三木刃,鬼畜剧场,鬼畜剧场,216,337,2923315,1704,2631,181249,23495,37253,10694,1781841300,https://www.bilibili.com/video/BV1hNjw6vEa6,http://i1.hdslb.com/bfs/archive/bfab94865def24138b661b7340eeed674179a6ea.jpg
2026-06-23,2026-06-23 06:56:52,40,BV1cMjc61EL9,116770430194149,磨银墨写悬浮 李商隐《无题》,小秋习字,绘画,绘画,162,80,4118577,2153,3624,286668,8107,29360,3236,1781775628,https://www.bilibili.com/video/BV1cMjc61EL9,http://i1.hdslb.com/bfs/archive/d4681f759763d5562bd4a4347209a15aa66918be.jpg
2026-06-23,2026-06-23 06:56:52,41,BV1RSj76SEXn,116780747985261,你看不起的工作，可能是别人考不进去的门槛,如见未来AI,影视剪辑,影视,183,44,2831390,805,4805,197469,1478,25777,2715,1781932918,https://www.bilibili.com/video/BV1RSj76SEXn,http://i1.hdslb.com/bfs/archive/8c63f016f8287b11fb8f15f4852c38974dfd487e.jpg
2026-06-23,2026-06-23 06:56:52,42,BV1B4jn6AEGW,116781385516992,百年真心！终于重逢！《凡人修仙传》179逐帧解析,利维坦mY,动漫杂谈,动画,253,937,946827,7452,8237,81908,59034,10177,2789,1781949900,https://www.bilibili.com/video/BV1B4jn6AEGW,http://i2.hdslb.com/bfs/archive/d8106b030d97cdc30ee38dde90e3f42a07a06af3.jpg
2026-06-23,2026-06-23 06:56:52,43,BV1Lnjv6eE76,116774406262942,这恐怖的细节还是三角洲吗？核工作者带你感受核电站的种种还原！,Key725,网络游戏,游戏,65,1559,3324559,6256,4393,137079,8827,52645,5711,1781870466,https://www.bilibili.com/video/BV1Lnjv6eE76,http://i1.hdslb.com/bfs/archive/0b500acd1480b98bfb94a76ca22399ff785a228e.jpg
2026-06-23,2026-06-23 06:56:52,44,BV1EHjE6fEhG,116780664226179,咱兄弟俩真是这个👍（端午大合集）,亿本満足,日常,生活,21,7632,1194377,2771,2027,89571,8855,42400,1789,1781932103,https://www.bilibili.com/video/BV1EHjE6fEhG,http://i1.hdslb.com/bfs/archive/6379f6d8484e6bdf5dc21d458a1bf7343d06a6e3.jpg
2026-06-23,2026-06-23 06:56:52,45,BV1GDjB66EE9,116776134246683,花37天，破解上海最贵汉堡，成本只要。。。,绵羊料理,美食制作,美食,76,408,2215325,8422,2347,153771,60142,30601,5349,1781862487,https://www.bilibili.com/video/BV1GDjB66EE9,http://i0.hdslb.com/bfs/archive/b7f0e83cb8a595492fe7c45b2e56bc59b662e664.jpg
2026-06-23,2026-06-23 06:56:52,46,BV1eGj665Ewd,116777728087237,玩了3天终于得到神器了，再也不用惧怕太阳【我是僵尸】,磊哥游戏,单机游戏,游戏,17,367,1783964,1646,2817,137436,11964,12278,1198,1781917200,https://www.bilibili.com/video/BV1eGj665Ewd,http://i1.hdslb.com/bfs/archive/a87e14455efa511e53419aa62c29ec9608241e8a.jpg
2026-06-23,2026-06-23 06:56:52,47,BV12Gjn6kEP6,116781335187792,一个环艺老学长的填志愿忏悔录！,是莫叔叔吗,搞笑,娱乐,138,361,1421325,661,3031,171584,1043,16193,1283,1781942826,https://www.bilibili.com/video/BV12Gjn6kEP6,http://i0.hdslb.com/bfs/archive/814cbb7312342c2b6cc7179ae6a82b9e23ee79af.jpg
2026-06-23,2026-06-23 06:56:52,48,BV1MnjB6wEiB,116776469927608,请吃我画的鬼泣动画,台古_Taigu,同人·手书,动画,47,26,989622,194,2230,189907,33613,48551,7702,1781867758,https://www.bilibili.com/video/BV1MnjB6wEiB,http://i1.hdslb.com/bfs/archive/1dd96e8863e516ea883bc2ad0f670b011cbe00fd.jpg
2026-06-23,2026-06-23 06:56:52,49,BV1wLjz6WEw5,116775865815369,《红脸的关公战长沙》,龙馍馍,动物二创,动物二创,220,90,1591811,565,1474,146566,26838,24751,17769,1781913600,https://www.bilibili.com/video/BV1wLjz6WEw5,http://i0.hdslb.com/bfs/archive/f8766e70c711a7a264a42b0464ef54fe915949c2.jpg
2026-06-23,2026-06-23 06:56:52,50,BV19Kjf6cEh8,116789337921082,【泰拉瑞亚】32位计算机电路 RISC-V CPU 348KHz,混乱沉睡,单机游戏,游戏,17,639,909509,759,1923,82213,25897,23382,10909,1782063994,https://www.bilibili.com/video/BV19Kjf6cEh8,http://i0.hdslb.com/bfs/archive/751337b64ce9f1f12d3979dbe8e54d4c29c91459.jpg
2026-06-23,2026-06-23 06:56:52,51,BV1Bfjq6LEDi,116776771784834,【洛天依原创】人是猫,张卡斯,VOCALOID·UTAU,VOCALOID·UTAU,30,133,535620,987,3609,131283,32306,72413,11528,1781872274,https://www.bilibili.com/video/BV1Bfjq6LEDi,http://i0.hdslb.com/bfs/archive/7a760fc57dd165eaa62e96849c3757524f842c7b.jpg
2026-06-23,2026-06-23 06:56:52,52,BV1txjk6VEek,116778080405500,马西西位！🤯🤯🤯🤯,Team_Spirit,日常,生活,21,31,2973966,715,9029,221640,19048,16818,15274,1781892376,https://www.bilibili.com/video/BV1txjk6VEek,http://i0.hdslb.com/bfs/archive/186291f5cb166207208b9f64b08af7fbf2686906.jpg
2026-06-23,2026-06-23 06:56:52,53,BV1wE7P6bESL,116792357950508,真开上机甲了？影视飓风1600万粉丝Q&A！,影视飓风,数码,科技,95,1032,728351,13857,4510,85604,41331,15629,5375,1782118800,https://www.bilibili.com/video/BV1wE7P6bESL,http://i0.hdslb.com/bfs/archive/97584af6b48769acf00522439a20ed4a2058b959.jpg
2026-06-23,2026-06-23 06:56:52,54,BV1YNjP6VEr6,116770648098260,我 伪 装,阴间滴贰哈鸽鸽,单机游戏,游戏,17,560,3568097,2201,1853,146931,4486,27126,15398,1781779073,https://www.bilibili.com/video/BV1YNjP6VEr6,http://i1.hdslb.com/bfs/archive/aad734a51fb0edd1446ad186f77bf3c9a7eb5c35.jpg
2026-06-23,2026-06-23 06:56:52,55,BV1Tqjq6hEHF,116774792138101,我只是做错了事，可我不是坏孩子,源小仔,亲子,生活,254,114,1610963,3610,1648,174146,84689,35637,622,1781842522,https://www.bilibili.com/video/BV1Tqjq6hEHF,http://i2.hdslb.com/bfs/archive/767c3396b8774d2ea06329d31ffbd78cab9401dd.jpg
2026-06-23,2026-06-23 06:56:52,56,BV1rvjb6fEKU,116786838112232,什么叫人类最强的去当魔王是为了平衡战力？,Mr-Ferret,绘画,绘画,162,133,1720696,552,1248,129655,1864,17206,4152,1782026099,https://www.bilibili.com/video/BV1rvjb6fEKU,http://i2.hdslb.com/bfs/archive/8042679d5e89cf7eb377c7a1f277dc696d63f7ca.jpg
2026-06-23,2026-06-23 06:56:52,57,BV1K3jC6kEX1,116780060121777,《鸣潮》巡回演唱会「致予新世界」预告动画,鸣潮,手机游戏,游戏,172,106,1625844,2010,5770,99676,42050,25371,16088,1781924400,https://www.bilibili.com/video/BV1K3jC6kEX1,http://i1.hdslb.com/bfs/archive/9abf9ecaffbd55cab43ad74807aa69e249997b36.jpg
2026-06-23,2026-06-23 06:56:52,58,BV1QdjJ6WEXe,116781721063124,评论区摄影大赛梦核篇开启，今天是善良人格，欢迎投稿好的作品会让更多人看到。,摄影恩哥,日常,生活,21,108,2318570,1268,4898,139427,1443,11333,411,1781948068,https://www.bilibili.com/video/BV1QdjJ6WEXe,http://i0.hdslb.com/bfs/archive/4ed53967ff14e4b0ff9827f165ead7dbd344d674.jpg
2026-06-23,2026-06-23 06:56:52,59,BV1RJjv6PEQN,116774490087302,今天教大家如何跟女生说话,其实我是超级小孩,单机游戏,游戏,17,52,1948261,551,4609,269327,6647,66029,15317,1781837467,https://www.bilibili.com/video/BV1RJjv6PEQN,http://i2.hdslb.com/bfs/archive/2518c2fb18de178908b9c3b67ad646cefc88f7f0.jpg
2026-06-23,2026-06-23 06:56:52,60,BV1NjjC6uE5A,116779741352400,2026报志愿！八大结论！不走弯路！,一数,校园学习,知识,208,411,568879,3318,4556,66610,9063,39705,6127,1781938800,https://www.bilibili.com/video/BV1NjjC6uE5A,http://i2.hdslb.com/bfs/archive/8f50bb1a0884ffe5ac33b9c9064fa72fe96719e5.jpg
2026-06-23,2026-06-23 06:56:52,61,BV1ArjW6nE1V,116783616887594,《明日方舟》危机合约新赛季「涤墨作战」宣传PV,明日方舟,手机游戏,游戏,172,108,1287548,9663,16179,97344,23747,14669,48463,1782010800,https://www.bilibili.com/video/BV1ArjW6nE1V,http://i0.hdslb.com/bfs/archive/5ecd97f01f442270285e760493ad7840c33033df.jpg
2026-06-23,2026-06-23 06:56:52,62,BV1XtjA6BEtS,116770782318985,代理人档案丨蕾米埃尔,绝区零第一可爱兔宝,手机游戏,游戏,172,17,1066099,2477,8318,140960,21322,21032,14666,1781920800,https://www.bilibili.com/video/BV1XtjA6BEtS,http://i1.hdslb.com/bfs/archive/7e10ac96f8e47755f67c160de3ddb48e7345097f.jpg
2026-06-23,2026-06-23 06:56:52,63,BV1vSjb6JEjz,116788499062621,他的麦田要一株株手拔！整整20年！农村老人自己搞育种！【主播说三农】,央视农业,三农,生活,251,182,831607,1299,2084,117685,11002,5533,1245,1782051197,https://www.bilibili.com/video/BV1vSjb6JEjz,http://i2.hdslb.com/bfs/archive/e57c7e322be6be3edc3ae557f0d07d5b579378dd.jpg
2026-06-23,2026-06-23 06:56:52,64,BV1tbjk63EN2,116778113964904,原来死刑犯还有这种用处,拧不动啊真拧不动,单机游戏,游戏,17,1746,3697676,3527,967,103271,11517,70314,2080,1781920800,https://www.bilibili.com/video/BV1tbjk63EN2,http://i1.hdslb.com/bfs/archive/bcd97f6d5485a81d662f3f5a137c07bb02625217.jpg
2026-06-23,2026-06-23 06:56:52,65,BV1bdj46qEwz,116785781149073,同性恋不能生孩子，为什么没有被自然选择淘汰？,李论科学,科学科普,知识,201,316,1050802,996,5590,78622,4712,15037,5659,1782009804,https://www.bilibili.com/video/BV1bdj46qEwz,http://i0.hdslb.com/bfs/archive/3d99731ee829b980c39b3c8f69e740d5583cb1f3.jpg
2026-06-23,2026-06-23 06:56:52,66,BV1Ndje6DEkS,116774674631565,【特效向】剧⚡终 但是成龙🐉,豪言の经理,鬼畜剧场,鬼畜剧场,216,131,1425065,1134,2128,162867,40934,38069,8605,1781840398,https://www.bilibili.com/video/BV1Ndje6DEkS,http://i0.hdslb.com/bfs/archive/9472cf3932257bbb43d2ed7c875116b0016e129d.jpg
2026-06-23,2026-06-23 06:56:52,67,BV1U6jz6KErp,116777744867001,王老菊教你断剑奇侠·S3-ep00：包氏创业记,怕上火暴王老菊,单机游戏,游戏,17,4658,1333622,14860,7687,78288,70219,26003,7825,1781887258,https://www.bilibili.com/video/BV1U6jz6KErp,http://i1.hdslb.com/bfs/archive/554ab808c05612b25535d00af53cccaff6bee7ae.jpg
2026-06-23,2026-06-23 06:56:52,68,BV1o5jv6qExG,116774473303913,巴啦啦小魔仙—芮闪的帽子,-蒋-丞-_,搞笑,娱乐,138,187,1619218,3478,8291,104246,8897,12641,28017,1781837618,https://www.bilibili.com/video/BV1o5jv6qExG,http://i0.hdslb.com/bfs/archive/1081baa744ad129c3d34a1108a6eee3ea0287965.jpg
2026-06-23,2026-06-23 06:56:52,69,BV1RGjh6pEbo,116787928637352,看看假货最多的地方#食品安全#假货,陈大成bili,美食记录,美食,215,153,1260833,1114,3597,86569,7534,16753,11624,1782043550,https://www.bilibili.com/video/BV1RGjh6pEbo,http://i0.hdslb.com/bfs/archive/75cc77cd07b6561a7faabcdecf6d091ab267d77a.jpg
2026-06-23,2026-06-23 06:56:52,70,BV1ZbjC6FEMX,116779875567544,🪳 广 东 人 的 一 天 🪳,路路迷路路,综合,综合,27,33,2455876,500,3829,172398,3283,11098,8112,1781926200,https://www.bilibili.com/video/BV1ZbjC6FEMX,http://i1.hdslb.com/bfs/archive/101adca376d1a6f2c6e60489ffe8ebb9bbb3b27b.jpg
2026-06-23,2026-06-23 06:56:52,71,BV1BPjJ6FEGP,116782090226507,嘻嘻。,小酥猫饼,美食记录,美食,215,217,1362926,1155,3416,91638,3622,7904,806,1781953425,https://www.bilibili.com/video/BV1BPjJ6FEGP,http://i0.hdslb.com/bfs/archive/851c2cfda81099df21795340f9af0b9a951c065c.jpg
2026-06-23,2026-06-23 06:56:52,72,BV1KVjC63Ezz,116779707797561,什么叫把复活赛打成翻身仗？Unity还能搓出这种中式开放都市？！《望月》线下试玩！,鬼叔黍,单机游戏,游戏,17,793,1281189,646,2189,80884,8131,10629,3853,1781922306,https://www.bilibili.com/video/BV1KVjC63Ezz,http://i0.hdslb.com/bfs/archive/b318146908bf7fcef592692d63ed61d5fa707367.jpg
2026-06-23,2026-06-23 06:56:52,73,BV1bWjk6yEuu,116778097182096,❤️【可能是你听过的最好听的一版翻唱】像笨蛋一样❤️バカみたいに,翼灵Official,翻唱,音乐,31,132,334819,680,1026,101936,7498,36243,1080,1781930100,https://www.bilibili.com/video/BV1bWjk6yEuu,http://i2.hdslb.com/bfs/archive/6a5a523bf2cc6c3031412d9c4c0888d40513e148.jpg
2026-06-23,2026-06-23 06:56:52,74,BV1ATjz6fERC,116775949700075,“如果世界不温柔 可以让来我试试”,王子不会拍,日常,生活,21,220,981443,989,1617,119701,54907,13054,724,1781859857,https://www.bilibili.com/video/BV1ATjz6fERC,http://i0.hdslb.com/bfs/archive/ea683cc8fdd490fda58a6b1e3fa70931c588aa5b.jpg
2026-06-23,2026-06-23 06:56:52,75,BV1GtJG63ES5,116754088985117,2026年6月20日海水淹没了宿舍我决定拆掉床板造一艘无敌战舰去征服一万个星球,哔哩哔哩弹幕网,综艺,综艺,71,402,3810598,12837,2338,31903,6281,15598,3287,1781920800,https://www.bilibili.com/video/BV1GtJG63ES5,http://i1.hdslb.com/bfs/archive/a3a23d0d80c0014647951912e1d7d09f8f7b8761.jpg
2026-06-23,2026-06-23 06:56:52,76,BV12t7A6YEvx,116792844558250,《阴阳师》毗沙门天CG丨金砂福威（CV：福西胜也）,网易阴阳师手游,手机游戏,游戏,172,210,728098,1192,2470,38449,32853,23580,21721,1782117740,https://www.bilibili.com/video/BV12t7A6YEvx,http://i1.hdslb.com/bfs/archive/0da370078c072e00ce00a245313679b7eda4c1a4.jpg
2026-06-23,2026-06-23 06:56:52,77,BV1nhji61E9A,116775849038176,现在的恐怖游戏VS以前的恐怖游戏,Mc队友,日常,生活,21,33,927509,762,3075,121289,6089,53119,2510,1781858276,https://www.bilibili.com/video/BV1nhji61E9A,http://i1.hdslb.com/bfs/archive/5fb581d5933d90ae27d3a29d99c05b07b2f531af.jpg
2026-06-23,2026-06-23 06:56:52,78,BV1Z27A6JEjM,116792911534635,今年干的最牛的事！你们的导航软件还有广告吗？,销冠李老板,日常,生活,21,45,818366,7557,7028,155733,32439,6253,2976,1782118587,https://www.bilibili.com/video/BV1Z27A6JEjM,http://i1.hdslb.com/bfs/archive/26ab151e43194f7ee490c739829559cb8b40b254.jpg
2026-06-23,2026-06-23 06:56:52,79,BV1Sijq6cEqp,116774808850573,【plolt】我为什么突然开始做故事版了,plolt,同人·手书,动画,47,562,944843,510,1238,153787,14560,23411,587,1781843400,https://www.bilibili.com/video/BV1Sijq6cEqp,http://i1.hdslb.com/bfs/archive/a45b8941d12ba649dd855eac13e6822cb21defa3.jpg
2026-06-23,2026-06-23 06:56:52,80,BV1LAjP61EbF,116770732120927,［甲鱼meme］水宝宝,烫甲鱼,绘画,绘画,162,167,3071991,687,2793,196074,8555,46068,4598,1781780089,https://www.bilibili.com/video/BV1LAjP61EbF,http://i2.hdslb.com/bfs/archive/82e7bc476c47722f23af20e620bb6c13f4ee3c75.jpg
2026-06-23,2026-06-23 06:56:52,81,BV1Wej66FEnX,116777426096188,我来到了mc虚空的最深处？！,Super橘星,单机游戏,游戏,17,1217,553151,1776,1074,72368,5568,23861,577,1781882664,https://www.bilibili.com/video/BV1Wej66FEnX,http://i2.hdslb.com/bfs/archive/42570f2c3101c029882b69fb03c35e7e4e462b70.jpg
2026-06-23,2026-06-23 06:56:52,82,BV1wjjr6hEAR,116778835378560,#手工制作绘本 我的第三本《拥有神笔的马户》 #改编 #寓言故事 #原创绘画 #爱是什么,XS王棕棕,绘画,绘画,162,205,652271,398,1207,85700,9932,13450,2219,1781903756,https://www.bilibili.com/video/BV1wjjr6hEAR,http://i1.hdslb.com/bfs/archive/5b6cd6fe529e649ea4a3ff642bddca6e43a945dc.jpg
2026-06-23,2026-06-23 06:56:52,83,BV1qFjB6yEzQ,116776687901421,抓老鼠,麻薯饭堂,同人·手书,动画,47,26,1351827,424,1472,145138,8386,53824,3634,1781871111,https://www.bilibili.com/video/BV1qFjB6yEzQ,http://i0.hdslb.com/bfs/archive/f7a5d82b72fcb889a66b33613e08369c1b75f771.jpg
2026-06-23,2026-06-23 06:56:52,84,BV1KMjC6yEoF,116780026562717,和我弟玩cosplay,卡迪那-猫meme版,搞笑,娱乐,138,90,1400004,667,2388,122447,1190,13287,4261,1781936494,https://www.bilibili.com/video/BV1KMjC6yEoF,http://i1.hdslb.com/bfs/archive/0ef8758b4ab101727170661e8f0685c4c758f6aa.jpg
2026-06-23,2026-06-23 06:56:52,85,BV1s2jq6sETH,116775027087936,😋“鲁鲁逊漂流记”😋,沙雕Sanscul,影视剪辑,影视,183,378,704391,1247,986,76607,10834,23996,3129,1781845776,https://www.bilibili.com/video/BV1s2jq6sETH,http://i1.hdslb.com/bfs/archive/0d3e96881985e3c43a30aa1523f5f1fd4b6ee530.jpg
2026-06-23,2026-06-23 06:56:52,86,BV1Ftjw6DEmL,116769557711688,假如所有人被迫看着死亡回归,00kk君,MAD·AMV,MAD·AMV,24,4786,2929122,11680,12795,194748,75097,135555,13158,1781762186,https://www.bilibili.com/video/BV1Ftjw6DEmL,http://i2.hdslb.com/bfs/archive/9ab9adff76a9f537e7fae8a493c60fc0fa60feb5.jpg
2026-06-23,2026-06-23 06:56:52,87,BV1Bbjp6zEcd,116784338308431,特厨探店|新疆最好的烤全羊？！—尉犁烤羊,特厨隋坡,美食侦探,美食,212,234,997187,1194,2897,78643,5216,6945,5506,1782012600,https://www.bilibili.com/video/BV1Bbjp6zEcd,http://i0.hdslb.com/bfs/archive/a02d6ae871de5eee0fb2f0d2a8504524c84d2c3c.jpg
2026-06-23,2026-06-23 06:56:52,88,BV1fFjb6XEg1,116786888449719,桑葚与桑树活在地球是屈才了,小时好食禄,科学科普,知识,201,315,913441,1501,4368,52218,4761,20311,4145,1782034200,https://www.bilibili.com/video/BV1fFjb6XEg1,http://i0.hdslb.com/bfs/archive/0ea9d26a19b0ab1267f1aba35320f97f4f0d6b6c.jpg
2026-06-23,2026-06-23 06:56:52,89,BV1Vkje68ED9,116774624301441,找孙笑川要签名,废白Exe,综合,综合,27,20,1545285,343,5357,152853,1615,20454,17320,1781839507,https://www.bilibili.com/video/BV1Vkje68ED9,http://i2.hdslb.com/bfs/archive/f144eaa55fab7ddf2e7252353c8198a48b6fdcbd.jpg
2026-06-23,2026-06-23 06:56:52,90,BV1wijJ6MEoy,116782006273890,云璃：让你入赘就算便宜你了，你还想逃婚？,我要吃蛋炒饭饭,手机游戏,游戏,172,167,644909,872,2182,63792,4320,19581,2451,1781952160,https://www.bilibili.com/video/BV1wijJ6MEoy,http://i0.hdslb.com/bfs/archive/73c0e3e74a781d9d62773ff71df48d3fb9c98d61.jpg
2026-06-23,2026-06-23 06:56:52,91,BV1eejn6tENU,116783180679398,新三国up锐评神探狄仁杰02：我们也有自己的孙乾,吃蛋挞的折棒,影视剪辑,影视,183,2021,772909,12657,4993,51074,32922,8027,792,1782007200,https://www.bilibili.com/video/BV1eejn6tENU,http://i1.hdslb.com/bfs/archive/35f91d598d941bb588f548e0643f15fd8afe1a54.jpg
2026-06-23,2026-06-23 06:56:52,92,BV1udjB6TEQr,116776352351491,我体内有寄生蜂的卵，寄生在寄生蜂卵上的…,-维C动物园-,野生动物,野生动物,221,635,878911,5216,1191,70722,3597,10560,2187,1781949600,https://www.bilibili.com/video/BV1udjB6TEQr,http://i1.hdslb.com/bfs/archive/2be4aa04f1d10a77669d0a1af52bef28ee4e0ea2.jpg
2026-06-23,2026-06-23 06:56:52,93,BV14pjB6fEcV,116776503352076,纸诛侠·篇子传奇,微波炉大人,日常,生活,21,40,859216,18374,7616,118072,3566,26313,21141,1781868085,https://www.bilibili.com/video/BV14pjB6fEcV,http://i1.hdslb.com/bfs/archive/523752108c480f40b91442c9bb7aa166e18b3b71.jpg
2026-06-23,2026-06-23 06:56:52,94,BV1MJj46AEX8,116785915433448,勃然大怒：以色列大使怒斥“闭嘴”“滚粗”，副球长病遁跑路,小Q不是导盲犬,社科·法律·心理,知识,124,1046,1369825,10369,4860,59933,8765,10821,3251,1782012063,https://www.bilibili.com/video/BV1MJj46AEX8,http://i1.hdslb.com/bfs/archive/5944656bc047407b9fce3d737d9e9070d35b84a1.jpg
2026-06-23,2026-06-23 06:56:52,95,BV1czjJ6KETp,116781905611355,欢迎来到男子汉的世界……,隔壁小贾-暗区突围,网络游戏,游戏,65,22,1138575,124,1003,115280,1890,26694,2500,1781950586,https://www.bilibili.com/video/BV1czjJ6KETp,http://i0.hdslb.com/bfs/archive/ae4f08c7a54e48b8866e4e773102010d2a67c6ac.jpg
2026-06-23,2026-06-23 06:56:52,96,BV1vhjn68EUr,116781402295077,NiKo科隆电影感混剪短片——《应无所住，而生其心》,CS2芬了个黎,网络游戏,游戏,65,278,492986,1614,11664,35703,21222,15133,3571,1781943472,https://www.bilibili.com/video/BV1vhjn68EUr,http://i0.hdslb.com/bfs/archive/1cba7feea4d47ff3eaade9473e705dc80f4dca7d.jpg
2026-06-23,2026-06-23 06:56:52,97,BV1fLjt69ERX,116787442223218,【Reaction】穷人永远接触不到的场景,沙雕网友咸叽叽,乐评盘点,音乐,243,172,1180068,1347,5232,84500,937,4713,577,1782035106,https://www.bilibili.com/video/BV1fLjt69ERX,http://i1.hdslb.com/bfs/archive/1a8dcea2f814b644570e01fcba31c46109631c89.jpg
2026-06-23,2026-06-23 06:56:52,98,BV1gcjr6rEWW,116777191215198,交警现场对“听不懂”的女子硬核普法,央视新闻,日常,生活,21,68,1607620,3940,9991,156468,2285,8518,7049,1781878696,https://www.bilibili.com/video/BV1gcjr6rEWW,http://i2.hdslb.com/bfs/archive/2acc8207edfcdeccc4805f0cdbd925cc6d31805d.jpg
2026-06-23,2026-06-23 06:56:52,99,BV1NMjt68EuL,116787526113006,《这最后几天是关键》,嘞是唐孃孃,搞笑,娱乐,138,81,1774684,1614,4726,135886,1229,5299,2692,1782036578,https://www.bilibili.com/video/BV1NMjt68EuL,http://i1.hdslb.com/bfs/archive/dc7e16c7acf08bccc36bd768ad05da4e2d8b93b8.jpg
2026-06-23,2026-06-23 06:56:52,100,BV1oDjh64E1y,116772208447972,当我在MC中放下地球仪,摆烂中的小宜zzz,单机游戏,游戏,17,53,590192,606,977,133901,22830,33985,2978,1781841600,https://www.bilibili.com/video/BV1oDjh64E1y,http://i1.hdslb.com/bfs/archive/37c8db579ef68a83a6a3958b8bf682163f4417a0.jpg
2026-06-23,2026-06-23 08:21:27,1,BV1oTjk6xEea,116778281796886,我发誓这是我看过最震撼的漫展爬台变装演唱！！,夏旬Natsuki,翻唱,音乐,31,84,5395009,1550,5662,629251,46396,67520,8500,1781947800,https://www.bilibili.com/video/BV1oTjk6xEea,http://i0.hdslb.com/bfs/archive/c937405b0e26e4652af142f494911c0cf97d0f26.jpg
2026-06-23,2026-06-23 08:21:27,2,BV1Cvjk6TEB3,116778046915958,🎨要看看这样的视频才有力气讨生活【三角洲】,牧牧川,单机游戏,游戏,17,192,4169482,734,2262,304459,11825,46842,2470,1781926200,https://www.bilibili.com/video/BV1Cvjk6TEB3,http://i1.hdslb.com/bfs/archive/9c3b114670250931e6264389d05a263039d091d9.jpg
2026-06-23,2026-06-23 08:21:27,3,BV17BjB6UEeP,116776536902641,一坨泥巴也来跳迈克尔·杰克逊《顫栗》？,宅叔飞飞,手工,生活,161,67,3803922,443,1652,417477,93689,26183,2624,1781868799,https://www.bilibili.com/video/BV17BjB6UEeP,http://i0.hdslb.com/bfs/archive/8c7d6784a5fe4aa117f1c0c53696dadb050b0d1d.jpg
2026-06-23,2026-06-23 08:21:27,4,BV1fJjE6FEqW,116780630609640,《崩坏：因缘精灵》进化PV：直至遇见它,崩坏因缘精灵,手机游戏,游戏,172,351,2130798,18746,27138,157980,59028,31095,45286,1782100800,https://www.bilibili.com/video/BV1fJjE6FEqW,http://i2.hdslb.com/bfs/archive/29e4ee8844cb4d82aefa07d1011ad4438da2c9c3.jpg
2026-06-23,2026-06-23 08:21:27,5,BV1JKjH6iE6y,116782895470334,多少年了，人们还记得你真实的样子吗？,何大爷课堂,人文历史,知识,228,218,3971951,578,3480,258775,7681,16066,1522,1781965957,https://www.bilibili.com/video/BV1JKjH6iE6y,http://i1.hdslb.com/bfs/archive/ce0fa067f5c90abd4ceb01108697be8f556ecd57.jpg
2026-06-23,2026-06-23 08:21:27,6,BV1X37c6vEcB,116790311001648,“终有一天，我会成为MAJOR冠军！”——NIKO圆梦科隆Major！,AYCS2,网络游戏,游戏,65,298,2495831,1750,13306,149190,67721,35164,9247,1782078868,https://www.bilibili.com/video/BV1X37c6vEcB,http://i2.hdslb.com/bfs/archive/1bdd25e9721279f6870ec585223314be1d06890f.jpg
2026-06-23,2026-06-23 08:21:27,7,BV1xXjn6LEwc,116783247787866,人，停下！,幸仁儿鲨,绘画,绘画,162,475,1185720,9795,8693,144496,47723,59776,4511,1781971350,https://www.bilibili.com/video/BV1xXjn6LEwc,http://i2.hdslb.com/bfs/archive/cfe6b10df7f5630e9cb80f9edffe4b9a15c6024a.jpg
2026-06-23,2026-06-23 08:21:27,8,BV15Qj66mE5z,116776956336801,快乐 童年,榴莲阿呀,搞笑,娱乐,138,538,5170600,10179,11450,300220,76999,122021,4813,1781875232,https://www.bilibili.com/video/BV15Qj66mE5z,http://i1.hdslb.com/bfs/archive/fd70d470e4de0758969faf57cfd3f789c6e5e222.jpg
2026-06-23,2026-06-23 08:21:27,9,BV1wULQ64EB9,116764960825221,《绝区零》先导演示丨蕾米埃尔,哔哩哔哩游戏中心,手机游戏,游戏,172,91,3106957,6574,25801,205386,79375,43054,111391,1781920800,https://www.bilibili.com/video/BV1wULQ64EB9,http://i2.hdslb.com/bfs/archive/4373a99ec734fa760ccab2161d38ef6294815f24.jpg
2026-06-23,2026-06-23 08:21:27,10,BV1g7jJ6nE1E,116782207602137,“入室抢劫般的队友”,胡胡不胡o,日常,生活,21,363,2935138,1647,3784,200299,9663,23915,7332,1781955576,https://www.bilibili.com/video/BV1g7jJ6nE1E,http://i2.hdslb.com/bfs/archive/9b3e18bf8311f44867bcc78534904eb86d1072c4.jpg
2026-06-23,2026-06-23 08:21:27,11,BV1uHjJ6mEpe,116781888833434,地牢酒馆-15集 《一支欢快的舞》,粘土工厂,单机游戏,游戏,17,265,1641005,5253,3402,190879,23025,20752,2077,1781951423,https://www.bilibili.com/video/BV1uHjJ6mEpe,http://i0.hdslb.com/bfs/archive/6b4c38e45f3f0de7eaf9b7ec420a773be89a3de3.jpg
2026-06-23,2026-06-23 08:21:27,12,BV1usjH6WEoz,116782694139715,曾沛慈｜《怎么说我不爱你》舞台,曾沛慈_TsengPets,明星综合,明星综合,137,279,1953503,20708,23424,91276,74844,34116,13414,1781962856,https://www.bilibili.com/video/BV1usjH6WEoz,http://i0.hdslb.com/bfs/archive/bb4c91ef35acc1e06800c178e2600fd8d5509e78.jpg
2026-06-23,2026-06-23 08:21:27,13,BV199jJ6REJR,116781536511840,【干货】为什么不建议你今年考高考状元？,闪电侠-flash,校园学习,知识,208,149,2317731,3291,4363,244790,2631,16399,7677,1781949600,https://www.bilibili.com/video/BV199jJ6REJR,http://i1.hdslb.com/bfs/archive/e9e898756d4f16f348bd9866f5f50d18f0a74c2a.jpg
2026-06-23,2026-06-23 08:21:27,14,BV1dMjJ64Emt,116782241286100,新番时光机！十年前的观众都在看什么神片？「2016年4月篇」泛式,泛式,动漫杂谈,动画,253,1104,1164198,14351,8481,116318,59340,26216,9681,1781955914,https://www.bilibili.com/video/BV1dMjJ64Emt,http://i2.hdslb.com/bfs/archive/81e6a2baf73a0864c80081301e66022a9641d9f3.jpg
2026-06-23,2026-06-23 08:21:27,15,BV1K3jn65ECR,116781352032938,躲在超市后门智斗的二人,沃滋基-尼,综合,综合,27,92,1949491,3775,5882,221647,15525,54706,26460,1781942609,https://www.bilibili.com/video/BV1K3jn65ECR,http://i0.hdslb.com/bfs/archive/bdab827cde03d4f1eddf9ceb001b20129cc95c54.jpg
2026-06-23,2026-06-23 08:21:27,16,BV1Dejq6aEVp,116774892738063,循环歌单|【像个白痴一样】|“【不会哄人の小曲】”,蛋某人音乐,乐评盘点,音乐,243,2993,3131725,454,5146,206636,6410,109136,3434,1781913600,https://www.bilibili.com/video/BV1Dejq6aEVp,http://i0.hdslb.com/bfs/archive/76d35bc1f4f338083694865437ba95ae366e46db.jpg
2026-06-23,2026-06-23 08:21:27,17,BV1DKjp6sESX,116782442483852,新金蝉脱壳,Y的生存手记,综合,综合,27,534,1351536,3121,5587,137981,3008,39159,1007,1781958906,https://www.bilibili.com/video/BV1DKjp6sESX,http://i1.hdslb.com/bfs/archive/f7b66f77c006bb86c17cf6ef1501dfcc4cf5cb8d.png
2026-06-23,2026-06-23 08:21:27,18,BV1rZjr6aErt,116778717938040,末日高架桥，我们被困了100天！,马里奥红叔,单机游戏,游戏,17,1463,1256928,3725,1964,141559,52832,52853,2099,1781924400,https://www.bilibili.com/video/BV1rZjr6aErt,http://i0.hdslb.com/bfs/archive/112ae27cde1480e5ed760c9b5927159b8764e1e4.jpg
2026-06-23,2026-06-23 08:21:27,19,BV1WFjW6EEMQ,116783734328117,《独家记忆》,王濛,明星综合,明星综合,137,320,1443856,13160,20586,77204,74545,21569,7293,1781978557,https://www.bilibili.com/video/BV1WFjW6EEMQ,http://i1.hdslb.com/bfs/archive/7d952ec82a9aaf29c190029494576c283ac9ffd5.jpg
2026-06-23,2026-06-23 08:21:27,20,BV1MNjC62EVv,116780127227543,美国要给伊朗赔款,燕三嘤嘤嘤,人文历史,知识,228,1122,2763601,9442,6196,130561,27216,19880,3237,1781927400,https://www.bilibili.com/video/BV1MNjC62EVv,http://i2.hdslb.com/bfs/archive/787956eaf6b9381b36339aaf595081152abadcf0.jpg
2026-06-23,2026-06-23 08:21:27,21,BV1Pujz6tEMM,116775932927915,没有赶不上的早八,张河清教授,日常,生活,21,25,5084265,2185,2093,583345,6881,31910,2305,1781859604,https://www.bilibili.com/video/BV1Pujz6tEMM,http://i2.hdslb.com/bfs/archive/a277e56a98fc32a94e934d36101d44508170e860.jpg
2026-06-23,2026-06-23 08:21:27,22,BV1PyjZ6jEc1,116789774131069,来自Major冠军的信息：中国粉丝们，你们是这成功的一部分,IEM成都,电子竞技,游戏,171,35,2371088,6043,12837,270634,44389,26310,16022,1782070680,https://www.bilibili.com/video/BV1PyjZ6jEc1,http://i0.hdslb.com/bfs/archive/b8bcc4897c74fb3389c187ade722f33aa86faad3.jpg
2026-06-23,2026-06-23 08:21:27,23,BV1ZEjz6nER3,116775899368374,按到音乐键了,黄沙大圣圣,汪星人,汪星人,219,13,3422602,650,6646,301685,7056,53542,33112,1781859015,https://www.bilibili.com/video/BV1ZEjz6nER3,http://i2.hdslb.com/bfs/archive/948d86110fd0a8045495af7a2c5fdac595ce5df6.jpg
2026-06-23,2026-06-23 08:21:27,24,BV1RSj76SEhJ,116780747985960,【究极佐菲格斗】第四集 奥特兄弟暗杀计划！佐菲机器人 雷欧 泰罗 爱迪 黑暗星人巴巴尔 登场,Dennis飞昊,特摄,动画,86,1034,1318599,3605,4371,90551,72741,39876,9678,1781932942,https://www.bilibili.com/video/BV1RSj76SEhJ,http://i1.hdslb.com/bfs/archive/8609ad0d770e88507e1b65a46221b41d8ea40af4.jpg
2026-06-23,2026-06-23 08:21:27,25,BV1iZjc6gEJr,116769893128777,来赣州包个鱼塘，帮少年减轻家庭重担，鱼多鱼少不重要，得让孩子安心完成学业,李维刚的日常,三农,生活,251,635,1122219,4395,4953,143448,107404,7600,1638,1781946000,https://www.bilibili.com/video/BV1iZjc6gEJr,http://i0.hdslb.com/bfs/archive/68345d040fbae81a977a9631c9d78df717416345.jpg
2026-06-23,2026-06-23 08:21:27,26,BV1imjh6bErF,116772174827175,一个跟头十万八千里2.0,孤鹜AH,搞笑,娱乐,138,151,2558076,690,1458,179412,5573,43017,10993,1781863200,https://www.bilibili.com/video/BV1imjh6bErF,http://i1.hdslb.com/bfs/archive/63af2fba214108093162b7977e0bfa42a5f0a242.jpg
2026-06-23,2026-06-23 08:21:27,27,BV1adjJ6sE1D,116781721193950,大学禁止和课本谈恋爱！！！,快乐的台长,日常,生活,21,335,1361088,1663,1733,169751,5540,43489,5064,1781948457,https://www.bilibili.com/video/BV1adjJ6sE1D,http://i1.hdslb.com/bfs/archive/a6efce7bf64d83e1007d6f491da2e923dc3d746c.jpg
2026-06-23,2026-06-23 08:21:27,28,BV1Qg7c6KE9V,116790126447382,《后悔の保安》,伤心欲茄222,搞笑,娱乐,138,95,3051996,1267,5061,232103,7119,12699,6299,1782100800,https://www.bilibili.com/video/BV1Qg7c6KE9V,http://i0.hdslb.com/bfs/archive/212c2d91a9cd193c0394ddb4757b5b9fa498c675.jpg
2026-06-23,2026-06-23 08:21:27,29,BV1dJjv6PEpz,116774490085009,⚡秒 开 仙 人⚡,不抽象的真菌零_Jack,鬼畜调教,鬼畜,22,153,1267270,3997,5102,168333,7819,52208,14479,1781837474,https://www.bilibili.com/video/BV1dJjv6PEpz,http://i1.hdslb.com/bfs/archive/860876c570ba90ec71fa5c2d257d2736f690050f.jpg
2026-06-23,2026-06-23 08:21:27,30,BV1aqjE6mEid,116780160782699,你cos我憋笑挑战,我是易拉爆,日常,生活,21,73,3376229,837,1942,206923,3026,32729,6514,1781923956,https://www.bilibili.com/video/BV1aqjE6mEid,http://i0.hdslb.com/bfs/archive/57352c8c5bc8fe7b8ba2d61d6d5c028d1d3d9bc7.jpg
2026-06-23,2026-06-23 08:21:27,31,BV1jbja6hE3o,116771990277534,炒菜好不好吃不是放多少调料而是掌握食材时间、火候、和烹饪技巧,灶台阿连,日常,生活,21,627,2547831,4561,8247,186535,22491,68529,8170,1781799497,https://www.bilibili.com/video/BV1jbja6hE3o,http://i1.hdslb.com/bfs/archive/ab2d3085ec3329c0de7ed86cda1263841a4753e4.jpg
2026-06-23,2026-06-23 08:21:27,32,BV1Bq7c6mEr6,116790025783520,佩洛伊斯什么时候逃离原生家庭？,鼎芸,同人·手书,动画,47,282,974975,434,1243,130228,10740,25465,2527,1782086400,https://www.bilibili.com/video/BV1Bq7c6mEr6,http://i2.hdslb.com/bfs/archive/a0094b395427b8157e591144aef2bf0f73071d6b.jpg
2026-06-23,2026-06-23 08:21:27,33,BV1uyja6nEZY,116771621175583,送你个机器人女友#AI,90后的日常,影视剪辑,影视,183,206,1506858,5503,17182,154537,14250,28867,11439,1781793601,https://www.bilibili.com/video/BV1uyja6nEZY,http://i2.hdslb.com/bfs/archive/a8408ab240cbc1f57b155cb91d2a631688d5a0d2.jpg
2026-06-23,2026-06-23 08:21:27,34,BV1RXjJ6xEur,116781553287621,【TF家族练习生】《突围II破局》先导片,TF家族,明星综合,明星综合,137,2035,1697222,1077075,16132,85776,9254,33895,3710,1781953200,https://www.bilibili.com/video/BV1RXjJ6xEur,http://i0.hdslb.com/bfs/archive/aaa47f5a479a534903218d33c24af6b22221c58d.jpg
2026-06-23,2026-06-23 08:21:27,35,BV1USjC61EFe,116779573582726,治沙人,沙漠里的四妹,三农,生活,251,14,827926,2005,2222,294475,23921,5754,187,1781915068,https://www.bilibili.com/video/BV1USjC61EFe,http://i1.hdslb.com/bfs/archive/0ac158a54177ad00bc812a809b0e9dab9edbd46a.jpg
2026-06-23,2026-06-23 08:21:27,36,BV1nHja6KEA3,116771872835698,做律师没料到要去村里抓猪抵债。法官：我也没料到～,戴律请回答,社科·法律·心理,知识,124,972,1638285,2414,4637,165440,88933,16256,3057,1781835600,https://www.bilibili.com/video/BV1nHja6KEA3,http://i1.hdslb.com/bfs/archive/4d8f84e7426f13b922911fd6eaa5c8d849a2b1af.jpg
2026-06-23,2026-06-23 08:21:27,37,BV1Qtjq6iEoF,116775228278653,祝大家端午節快樂,台灣館長,日常,生活,21,17,3423441,13359,12941,587367,21043,40634,33410,1781848904,https://www.bilibili.com/video/BV1Qtjq6iEoF,http://i1.hdslb.com/bfs/archive/bdd921fa27274787b2e615a36e2417695d23128d.jpg
2026-06-23,2026-06-23 08:21:27,38,BV1hNjw6vEa6,116769876347422,“啊，是关中王来了！”,三木刃,鬼畜剧场,鬼畜剧场,216,337,2933555,1717,2641,181698,23568,37375,10717,1781841300,https://www.bilibili.com/video/BV1hNjw6vEa6,http://i1.hdslb.com/bfs/archive/bfab94865def24138b661b7340eeed674179a6ea.jpg
2026-06-23,2026-06-23 08:21:27,39,BV1L2jB6VEtj,116776251692569,【潘宏爱玩狗】最新视频来袭，快来看看吧！,潘宏爱玩狗,汪星人,汪星人,219,248,1495669,2440,2968,193793,11943,13473,2151,1781865081,https://www.bilibili.com/video/BV1L2jB6VEtj,http://i1.hdslb.com/bfs/archive/40496da5f89a0e49899b18803e8a64319fd0f3a9.jpg
2026-06-23,2026-06-23 08:21:27,40,BV1cMjc61EL9,116770430194149,磨银墨写悬浮 李商隐《无题》,小秋习字,绘画,绘画,162,80,4132837,2159,3628,287345,8144,29459,3249,1781775628,https://www.bilibili.com/video/BV1cMjc61EL9,http://i1.hdslb.com/bfs/archive/d4681f759763d5562bd4a4347209a15aa66918be.jpg
2026-06-23,2026-06-23 08:21:27,41,BV1RSj76SEXn,116780747985261,你看不起的工作，可能是别人考不进去的门槛,如见未来AI,影视剪辑,影视,183,44,2840963,807,4844,198356,1483,25882,2729,1781932918,https://www.bilibili.com/video/BV1RSj76SEXn,http://i1.hdslb.com/bfs/archive/8c63f016f8287b11fb8f15f4852c38974dfd487e.jpg
2026-06-23,2026-06-23 08:21:27,42,BV1B4jn6AEGW,116781385516992,百年真心！终于重逢！《凡人修仙传》179逐帧解析,利维坦mY,动漫杂谈,动画,253,937,949087,7459,8259,81996,59077,10192,2790,1781949900,https://www.bilibili.com/video/BV1B4jn6AEGW,http://i2.hdslb.com/bfs/archive/d8106b030d97cdc30ee38dde90e3f42a07a06af3.jpg
2026-06-23,2026-06-23 08:21:27,43,BV1EHjE6fEhG,116780664226179,咱兄弟俩真是这个👍（端午大合集）,亿本満足,日常,生活,21,7632,1201307,2777,2032,89961,8887,42661,1799,1781932103,https://www.bilibili.com/video/BV1EHjE6fEhG,http://i1.hdslb.com/bfs/archive/6379f6d8484e6bdf5dc21d458a1bf7343d06a6e3.jpg
2026-06-23,2026-06-23 08:21:27,44,BV1GDjB66EE9,116776134246683,花37天，破解上海最贵汉堡，成本只要。。。,绵羊料理,美食制作,美食,76,408,2219463,8432,2349,153959,60210,30658,5353,1781862487,https://www.bilibili.com/video/BV1GDjB66EE9,http://i0.hdslb.com/bfs/archive/b7f0e83cb8a595492fe7c45b2e56bc59b662e664.jpg
2026-06-23,2026-06-23 08:21:27,45,BV1eGj665Ewd,116777728087237,玩了3天终于得到神器了，再也不用惧怕太阳【我是僵尸】,磊哥游戏,单机游戏,游戏,17,367,1789823,1646,2822,137670,11971,12324,1199,1781917200,https://www.bilibili.com/video/BV1eGj665Ewd,http://i1.hdslb.com/bfs/archive/a87e14455efa511e53419aa62c29ec9608241e8a.jpg
2026-06-23,2026-06-23 08:21:27,46,BV19Kjf6cEh8,116789337921082,【泰拉瑞亚】32位计算机电路 RISC-V CPU 348KHz,混乱沉睡,单机游戏,游戏,17,639,1029692,796,1992,87802,27121,24797,11354,1782063994,https://www.bilibili.com/video/BV19Kjf6cEh8,http://i0.hdslb.com/bfs/archive/751337b64ce9f1f12d3979dbe8e54d4c29c91459.jpg
2026-06-23,2026-06-23 08:21:27,47,BV12Gjn6kEP6,116781335187792,一个环艺老学长的填志愿忏悔录！,是莫叔叔吗,搞笑,娱乐,138,361,1421553,661,3051,171600,1043,16192,1283,1781942826,https://www.bilibili.com/video/BV12Gjn6kEP6,http://i0.hdslb.com/bfs/archive/814cbb7312342c2b6cc7179ae6a82b9e23ee79af.jpg
2026-06-23,2026-06-23 08:21:27,48,BV1Lnjv6eE76,116774406262942,这恐怖的细节还是三角洲吗？核工作者带你感受核电站的种种还原！,Key725,网络游戏,游戏,65,1559,3334300,6273,4401,137359,8844,52803,5715,1781870466,https://www.bilibili.com/video/BV1Lnjv6eE76,http://i1.hdslb.com/bfs/archive/0b500acd1480b98bfb94a76ca22399ff785a228e.jpg
2026-06-23,2026-06-23 08:21:27,49,BV1wLjz6WEw5,116775865815369,《红脸的关公战长沙》,龙馍馍,动物二创,动物二创,220,90,1595510,565,1479,146941,26905,24816,17800,1781913600,https://www.bilibili.com/video/BV1wLjz6WEw5,http://i0.hdslb.com/bfs/archive/f8766e70c711a7a264a42b0464ef54fe915949c2.jpg
2026-06-23,2026-06-23 08:21:27,50,BV1MnjB6wEiB,116776469927608,请吃我画的鬼泣动画,台古_Taigu,同人·手书,动画,47,26,996872,194,2243,190928,33743,48836,7732,1781867758,https://www.bilibili.com/video/BV1MnjB6wEiB,http://i1.hdslb.com/bfs/archive/1dd96e8863e516ea883bc2ad0f670b011cbe00fd.jpg
2026-06-23,2026-06-23 08:21:27,51,BV1txjk6VEek,116778080405500,马西西位！🤯🤯🤯🤯,Team_Spirit,日常,生活,21,31,2981709,717,9036,222067,19068,16876,15286,1781892376,https://www.bilibili.com/video/BV1txjk6VEek,http://i0.hdslb.com/bfs/archive/186291f5cb166207208b9f64b08af7fbf2686906.jpg
2026-06-23,2026-06-23 08:21:27,52,BV1Bfjq6LEDi,116776771784834,【洛天依原创】人是猫,张卡斯,VOCALOID·UTAU,VOCALOID·UTAU,30,133,538555,996,3618,131652,32411,72665,11562,1781872274,https://www.bilibili.com/video/BV1Bfjq6LEDi,http://i0.hdslb.com/bfs/archive/7a760fc57dd165eaa62e96849c3757524f842c7b.jpg
2026-06-23,2026-06-23 08:21:27,53,BV1wE7P6bESL,116792357950508,真开上机甲了？影视飓风1600万粉丝Q&A！,影视飓风,数码,科技,95,1032,755625,14128,4601,87648,42188,15958,5565,1782118800,https://www.bilibili.com/video/BV1wE7P6bESL,http://i0.hdslb.com/bfs/archive/97584af6b48769acf00522439a20ed4a2058b959.jpg
2026-06-23,2026-06-23 08:21:27,54,BV1YNjP6VEr6,116770648098260,我 伪 装,阴间滴贰哈鸽鸽,单机游戏,游戏,17,560,3598329,2204,1860,147615,4508,27336,15451,1781779073,https://www.bilibili.com/video/BV1YNjP6VEr6,http://i1.hdslb.com/bfs/archive/aad734a51fb0edd1446ad186f77bf3c9a7eb5c35.jpg
2026-06-23,2026-06-23 08:21:27,55,BV1rvjb6fEKU,116786838112232,什么叫人类最强的去当魔王是为了平衡战力？,Mr-Ferret,绘画,绘画,162,133,1735234,553,1255,130609,1882,17351,4182,1782026099,https://www.bilibili.com/video/BV1rvjb6fEKU,http://i2.hdslb.com/bfs/archive/8042679d5e89cf7eb377c7a1f277dc696d63f7ca.jpg
2026-06-23,2026-06-23 08:21:27,56,BV1Tqjq6hEHF,116774792138101,我只是做错了事，可我不是坏孩子,源小仔,亲子,生活,254,114,1615800,3616,1649,174469,84875,35800,623,1781842522,https://www.bilibili.com/video/BV1Tqjq6hEHF,http://i2.hdslb.com/bfs/archive/767c3396b8774d2ea06329d31ffbd78cab9401dd.jpg
2026-06-23,2026-06-23 08:21:27,57,BV1K3jC6kEX1,116780060121777,《鸣潮》巡回演唱会「致予新世界」预告动画,鸣潮,手机游戏,游戏,172,106,1626805,2011,5772,99732,42078,25396,16096,1781924400,https://www.bilibili.com/video/BV1K3jC6kEX1,http://i1.hdslb.com/bfs/archive/9abf9ecaffbd55cab43ad74807aa69e249997b36.jpg
2026-06-23,2026-06-23 08:21:27,58,BV1QdjJ6WEXe,116781721063124,评论区摄影大赛梦核篇开启，今天是善良人格，欢迎投稿好的作品会让更多人看到。,摄影恩哥,日常,生活,21,108,2321371,1270,4902,139541,1447,11358,411,1781948068,https://www.bilibili.com/video/BV1QdjJ6WEXe,http://i0.hdslb.com/bfs/archive/4ed53967ff14e4b0ff9827f165ead7dbd344d674.jpg
2026-06-23,2026-06-23 08:21:27,59,BV1NjjC6uE5A,116779741352400,2026报志愿！八大结论！不走弯路！,一数,校园学习,知识,208,411,570960,3331,4574,66843,9091,39856,6151,1781938800,https://www.bilibili.com/video/BV1NjjC6uE5A,http://i2.hdslb.com/bfs/archive/8f50bb1a0884ffe5ac33b9c9064fa72fe96719e5.jpg
2026-06-23,2026-06-23 08:21:27,60,BV1ArjW6nE1V,116783616887594,《明日方舟》危机合约新赛季「涤墨作战」宣传PV,明日方舟,手机游戏,游戏,172,108,1293044,9686,16200,97502,23765,14700,48483,1782010800,https://www.bilibili.com/video/BV1ArjW6nE1V,http://i0.hdslb.com/bfs/archive/5ecd97f01f442270285e760493ad7840c33033df.jpg
2026-06-23,2026-06-23 08:21:27,61,BV1vSjb6JEjz,116788499062621,他的麦田要一株株手拔！整整20年！农村老人自己搞育种！【主播说三农】,央视农业,三农,生活,251,182,851477,1305,2138,119685,11162,5617,1262,1782051197,https://www.bilibili.com/video/BV1vSjb6JEjz,http://i2.hdslb.com/bfs/archive/e57c7e322be6be3edc3ae557f0d07d5b579378dd.jpg
2026-06-23,2026-06-23 08:21:27,62,BV1tbjk63EN2,116778113964904,原来死刑犯还有这种用处,拧不动啊真拧不动,单机游戏,游戏,17,1746,3719843,3534,971,103761,11613,70823,2099,1781920800,https://www.bilibili.com/video/BV1tbjk63EN2,http://i1.hdslb.com/bfs/archive/bcd97f6d5485a81d662f3f5a137c07bb02625217.jpg
2026-06-23,2026-06-23 08:21:27,63,BV1XtjA6BEtS,116770782318985,代理人档案丨蕾米埃尔,绝区零第一可爱兔宝,手机游戏,游戏,172,17,1067159,2477,8323,141095,21339,21057,14667,1781920800,https://www.bilibili.com/video/BV1XtjA6BEtS,http://i1.hdslb.com/bfs/archive/7e10ac96f8e47755f67c160de3ddb48e7345097f.jpg
2026-06-23,2026-06-23 08:21:27,64,BV1RJjv6PEQN,116774490087302,今天教大家如何跟女生说话,其实我是超级小孩,单机游戏,游戏,17,52,1952038,553,4622,269813,6668,66169,15337,1781837467,https://www.bilibili.com/video/BV1RJjv6PEQN,http://i2.hdslb.com/bfs/archive/2518c2fb18de178908b9c3b67ad646cefc88f7f0.jpg
2026-06-23,2026-06-23 08:21:27,65,BV1bdj46qEwz,116785781149073,同性恋不能生孩子，为什么没有被自然选择淘汰？,李论科学,科学科普,知识,201,316,1065031,1181,5626,79366,4782,15198,5753,1782009804,https://www.bilibili.com/video/BV1bdj46qEwz,http://i0.hdslb.com/bfs/archive/3d99731ee829b980c39b3c8f69e740d5583cb1f3.jpg
2026-06-23,2026-06-23 08:21:27,66,BV1RGjh6pEbo,116787928637352,看看假货最多的地方#食品安全#假货,陈大成bili,美食记录,美食,215,153,1280059,1131,3601,87725,7648,17024,11793,1782043550,https://www.bilibili.com/video/BV1RGjh6pEbo,http://i0.hdslb.com/bfs/archive/75cc77cd07b6561a7faabcdecf6d091ab267d77a.jpg
2026-06-23,2026-06-23 08:21:27,67,BV1o5jv6qExG,116774473303913,巴啦啦小魔仙—芮闪的帽子,-蒋-丞-_,搞笑,娱乐,138,187,1628264,3497,8343,104636,8941,12708,28118,1781837618,https://www.bilibili.com/video/BV1o5jv6qExG,http://i0.hdslb.com/bfs/archive/1081baa744ad129c3d34a1108a6eee3ea0287965.jpg
2026-06-23,2026-06-23 08:21:27,68,BV1ZbjC6FEMX,116779875567544,🪳 广 东 人 的 一 天 🪳,路路迷路路,综合,综合,27,33,2463357,500,3838,172760,3296,11134,8125,1781926200,https://www.bilibili.com/video/BV1ZbjC6FEMX,http://i1.hdslb.com/bfs/archive/101adca376d1a6f2c6e60489ffe8ebb9bbb3b27b.jpg
2026-06-23,2026-06-23 08:21:27,69,BV1Ndje6DEkS,116774674631565,【特效向】剧⚡终 但是成龙🐉,豪言の经理,鬼畜剧场,鬼畜剧场,216,131,1426017,1134,2133,162998,40979,38122,8612,1781840398,https://www.bilibili.com/video/BV1Ndje6DEkS,http://i0.hdslb.com/bfs/archive/9472cf3932257bbb43d2ed7c875116b0016e129d.jpg
2026-06-23,2026-06-23 08:21:27,70,BV1U6jz6KErp,116777744867001,王老菊教你断剑奇侠·S3-ep00：包氏创业记,怕上火暴王老菊,单机游戏,游戏,17,4658,1336234,14868,7691,78316,70245,26014,7827,1781887258,https://www.bilibili.com/video/BV1U6jz6KErp,http://i1.hdslb.com/bfs/archive/554ab808c05612b25535d00af53cccaff6bee7ae.jpg
2026-06-23,2026-06-23 08:21:27,71,BV1BPjJ6FEGP,116782090226507,嘻嘻。,小酥猫饼,美食记录,美食,215,217,1365721,1159,3362,91852,3637,7923,807,1781953425,https://www.bilibili.com/video/BV1BPjJ6FEGP,http://i0.hdslb.com/bfs/archive/851c2cfda81099df21795340f9af0b9a951c065c.jpg
2026-06-23,2026-06-23 08:21:27,72,BV1Z27A6JEjM,116792911534635,今年干的最牛的事！你们的导航软件还有广告吗？,销冠李老板,日常,生活,21,45,920743,8009,7756,167702,34787,6836,3259,1782118587,https://www.bilibili.com/video/BV1Z27A6JEjM,http://i1.hdslb.com/bfs/archive/26ab151e43194f7ee490c739829559cb8b40b254.jpg
2026-06-23,2026-06-23 08:21:27,73,BV1KVjC63Ezz,116779707797561,什么叫把复活赛打成翻身仗？Unity还能搓出这种中式开放都市？！《望月》线下试玩！,鬼叔黍,单机游戏,游戏,17,793,1281522,650,2191,80894,8133,10636,3853,1781922306,https://www.bilibili.com/video/BV1KVjC63Ezz,http://i0.hdslb.com/bfs/archive/b318146908bf7fcef592692d63ed61d5fa707367.jpg
2026-06-23,2026-06-23 08:21:27,74,BV1bWjk6yEuu,116778097182096,❤️【可能是你听过的最好听的一版翻唱】像笨蛋一样❤️バカみたいに,翼灵Official,翻唱,音乐,31,132,335684,684,1030,102071,7522,36309,1087,1781930100,https://www.bilibili.com/video/BV1bWjk6yEuu,http://i2.hdslb.com/bfs/archive/6a5a523bf2cc6c3031412d9c4c0888d40513e148.jpg
2026-06-23,2026-06-23 08:21:27,75,BV1GtJG63ES5,116754088985117,2026年6月20日海水淹没了宿舍我决定拆掉床板造一艘无敌战舰去征服一万个星球,哔哩哔哩弹幕网,综艺,综艺,71,402,3813952,12860,2341,31951,6289,15617,3292,1781920800,https://www.bilibili.com/video/BV1GtJG63ES5,http://i1.hdslb.com/bfs/archive/a3a23d0d80c0014647951912e1d7d09f8f7b8761.jpg
2026-06-23,2026-06-23 08:21:27,76,BV12t7A6YEvx,116792844558250,《阴阳师》毗沙门天CG丨金砂福威（CV：福西胜也）,网易阴阳师手游,手机游戏,游戏,172,210,730467,1204,2500,38531,32889,23603,21744,1782117740,https://www.bilibili.com/video/BV12t7A6YEvx,http://i1.hdslb.com/bfs/archive/0da370078c072e00ce00a245313679b7eda4c1a4.jpg
2026-06-23,2026-06-23 08:21:27,77,BV1ATjz6fERC,116775949700075,“如果世界不温柔 可以让来我试试”,王子不会拍,日常,生活,21,220,983689,990,1619,119813,54986,13097,725,1781859857,https://www.bilibili.com/video/BV1ATjz6fERC,http://i0.hdslb.com/bfs/archive/ea683cc8fdd490fda58a6b1e3fa70931c588aa5b.jpg
2026-06-23,2026-06-23 08:21:27,78,BV1nhji61E9A,116775849038176,现在的恐怖游戏VS以前的恐怖游戏,Mc队友,日常,生活,21,33,929624,762,3083,121624,6101,53277,2516,1781858276,https://www.bilibili.com/video/BV1nhji61E9A,http://i1.hdslb.com/bfs/archive/5fb581d5933d90ae27d3a29d99c05b07b2f531af.jpg
2026-06-23,2026-06-23 08:21:27,79,BV1Wej66FEnX,116777426096188,我来到了mc虚空的最深处？！,Super橘星,单机游戏,游戏,17,1217,555813,1788,1075,72699,5591,23968,578,1781882664,https://www.bilibili.com/video/BV1Wej66FEnX,http://i2.hdslb.com/bfs/archive/42570f2c3101c029882b69fb03c35e7e4e462b70.jpg
2026-06-23,2026-06-23 08:21:27,80,BV1wjjr6hEAR,116778835378560,#手工制作绘本 我的第三本《拥有神笔的马户》 #改编 #寓言故事 #原创绘画 #爱是什么,XS王棕棕,绘画,绘画,162,205,654958,398,1216,86014,9982,13516,2234,1781903756,https://www.bilibili.com/video/BV1wjjr6hEAR,http://i1.hdslb.com/bfs/archive/5b6cd6fe529e649ea4a3ff642bddca6e43a945dc.jpg
2026-06-23,2026-06-23 08:21:27,81,BV1KMjC6yEoF,116780026562717,和我弟玩cosplay,卡迪那-猫meme版,搞笑,娱乐,138,90,1401724,667,2394,122582,1192,13312,4267,1781936494,https://www.bilibili.com/video/BV1KMjC6yEoF,http://i1.hdslb.com/bfs/archive/0ef8758b4ab101727170661e8f0685c4c758f6aa.jpg
2026-06-23,2026-06-23 08:21:27,82,BV1Sijq6cEqp,116774808850573,【plolt】我为什么突然开始做故事版了,plolt,同人·手书,动画,47,562,947079,513,1241,154258,14591,23510,588,1781843400,https://www.bilibili.com/video/BV1Sijq6cEqp,http://i1.hdslb.com/bfs/archive/a45b8941d12ba649dd855eac13e6822cb21defa3.jpg
2026-06-23,2026-06-23 08:21:27,83,BV1LAjP61EbF,116770732120927,［甲鱼meme］水宝宝,烫甲鱼,绘画,绘画,162,167,3074803,687,2798,196231,8565,46129,4603,1781780089,https://www.bilibili.com/video/BV1LAjP61EbF,http://i2.hdslb.com/bfs/archive/82e7bc476c47722f23af20e620bb6c13f4ee3c75.jpg
2026-06-23,2026-06-23 08:21:27,84,BV1qFjB6yEzQ,116776687901421,抓老鼠,麻薯饭堂,同人·手书,动画,47,26,1354452,424,1472,145363,8398,53924,3638,1781871111,https://www.bilibili.com/video/BV1qFjB6yEzQ,http://i0.hdslb.com/bfs/archive/f7a5d82b72fcb889a66b33613e08369c1b75f771.jpg
2026-06-23,2026-06-23 08:21:27,85,BV1s2jq6sETH,116775027087936,😋“鲁鲁逊漂流记”😋,沙雕Sanscul,影视剪辑,影视,183,378,706222,1250,988,76750,10859,24067,3133,1781845776,https://www.bilibili.com/video/BV1s2jq6sETH,http://i1.hdslb.com/bfs/archive/0d3e96881985e3c43a30aa1523f5f1fd4b6ee530.jpg
2026-06-23,2026-06-23 08:21:27,86,BV1Bbjp6zEcd,116784338308431,特厨探店|新疆最好的烤全羊？！—尉犁烤羊,特厨隋坡,美食侦探,美食,212,234,1000075,1195,2904,78815,5227,6964,5514,1782012600,https://www.bilibili.com/video/BV1Bbjp6zEcd,http://i0.hdslb.com/bfs/archive/a02d6ae871de5eee0fb2f0d2a8504524c84d2c3c.jpg
2026-06-23,2026-06-23 08:21:27,87,BV1fFjb6XEg1,116786888449719,桑葚与桑树活在地球是屈才了,小时好食禄,科学科普,知识,201,315,946636,1518,4407,53027,4846,20879,4202,1782034200,https://www.bilibili.com/video/BV1fFjb6XEg1,http://i0.hdslb.com/bfs/archive/0ea9d26a19b0ab1267f1aba35320f97f4f0d6b6c.jpg
2026-06-23,2026-06-23 08:21:27,88,BV1wijJ6MEoy,116782006273890,云璃：让你入赘就算便宜你了，你还想逃婚？,我要吃蛋炒饭饭,手机游戏,游戏,172,167,647588,874,2186,64031,4334,19663,2458,1781952160,https://www.bilibili.com/video/BV1wijJ6MEoy,http://i0.hdslb.com/bfs/archive/73c0e3e74a781d9d62773ff71df48d3fb9c98d61.jpg
2026-06-23,2026-06-23 08:21:27,89,BV1Vkje68ED9,116774624301441,找孙笑川要签名,废白Exe,综合,综合,27,20,1546056,343,5356,152933,1615,20472,17327,1781839507,https://www.bilibili.com/video/BV1Vkje68ED9,http://i2.hdslb.com/bfs/archive/f144eaa55fab7ddf2e7252353c8198a48b6fdcbd.jpg
2026-06-23,2026-06-23 08:21:27,90,BV1eejn6tENU,116783180679398,新三国up锐评神探狄仁杰02：我们也有自己的孙乾,吃蛋挞的折棒,影视剪辑,影视,183,2021,776930,12676,5006,51209,33008,8068,795,1782007200,https://www.bilibili.com/video/BV1eejn6tENU,http://i1.hdslb.com/bfs/archive/35f91d598d941bb588f548e0643f15fd8afe1a54.jpg
2026-06-23,2026-06-23 08:21:27,91,BV1udjB6TEQr,116776352351491,我体内有寄生蜂的卵，寄生在寄生蜂卵上的…,-维C动物园-,野生动物,野生动物,221,635,882233,5224,1191,70896,3606,10586,2195,1781949600,https://www.bilibili.com/video/BV1udjB6TEQr,http://i1.hdslb.com/bfs/archive/2be4aa04f1d10a77669d0a1af52bef28ee4e0ea2.jpg
2026-06-23,2026-06-23 08:21:27,92,BV1MJj46AEX8,116785915433448,勃然大怒：以色列大使怒斥“闭嘴”“滚粗”，副球长病遁跑路,小Q不是导盲犬,社科·法律·心理,知识,124,1046,1378571,10398,4845,60173,8805,10851,3263,1782012063,https://www.bilibili.com/video/BV1MJj46AEX8,http://i1.hdslb.com/bfs/archive/5944656bc047407b9fce3d737d9e9070d35b84a1.jpg
2026-06-23,2026-06-23 08:21:27,93,BV14pjB6fEcV,116776503352076,纸诛侠·篇子传奇,微波炉大人,日常,生活,21,40,860180,18400,7628,118242,3576,26383,21176,1781868085,https://www.bilibili.com/video/BV14pjB6fEcV,http://i1.hdslb.com/bfs/archive/523752108c480f40b91442c9bb7aa166e18b3b71.jpg
2026-06-23,2026-06-23 08:21:27,94,BV1czjJ6KETp,116781905611355,欢迎来到男子汉的世界……,隔壁小贾-暗区突围,网络游戏,游戏,65,22,1142070,124,1004,115616,1890,26788,2506,1781950586,https://www.bilibili.com/video/BV1czjJ6KETp,http://i0.hdslb.com/bfs/archive/ae4f08c7a54e48b8866e4e773102010d2a67c6ac.jpg
2026-06-23,2026-06-23 08:21:27,95,BV1Ftjw6DEmL,116769557711688,假如所有人被迫看着死亡回归,00kk君,MAD·AMV,MAD·AMV,24,4786,2935203,11689,12802,194995,75166,135756,13174,1781762186,https://www.bilibili.com/video/BV1Ftjw6DEmL,http://i2.hdslb.com/bfs/archive/9ab9adff76a9f537e7fae8a493c60fc0fa60feb5.jpg
2026-06-23,2026-06-23 08:21:27,96,BV1fLjt69ERX,116787442223218,【Reaction】穷人永远接触不到的场景,沙雕网友咸叽叽,乐评盘点,音乐,243,172,1200583,1353,5279,85268,955,4772,600,1782035106,https://www.bilibili.com/video/BV1fLjt69ERX,http://i1.hdslb.com/bfs/archive/1a8dcea2f814b644570e01fcba31c46109631c89.jpg
2026-06-23,2026-06-23 08:21:27,97,BV1vhjn68EUr,116781402295077,NiKo科隆电影感混剪短片——《应无所住，而生其心》,CS2芬了个黎,网络游戏,游戏,65,278,498034,1615,11691,35914,21297,15230,3578,1781943472,https://www.bilibili.com/video/BV1vhjn68EUr,http://i0.hdslb.com/bfs/archive/1cba7feea4d47ff3eaade9473e705dc80f4dca7d.jpg
2026-06-23,2026-06-23 08:21:27,98,BV1NMjt68EuL,116787526113006,《这最后几天是关键》,嘞是唐孃孃,搞笑,娱乐,138,81,1798571,1625,4775,137274,1241,5387,2716,1782036578,https://www.bilibili.com/video/BV1NMjt68EuL,http://i1.hdslb.com/bfs/archive/dc7e16c7acf08bccc36bd768ad05da4e2d8b93b8.jpg
2026-06-23,2026-06-23 08:21:27,99,BV1gcjr6rEWW,116777191215198,交警现场对“听不懂”的女子硬核普法,央视新闻,日常,生活,21,68,1612726,3949,10033,156906,2295,8566,7066,1781878696,https://www.bilibili.com/video/BV1gcjr6rEWW,http://i2.hdslb.com/bfs/archive/2acc8207edfcdeccc4805f0cdbd925cc6d31805d.jpg
2026-06-23,2026-06-23 08:21:27,100,BV1UWLf6REiz,116769154928275,鲁豫对话蔡磊 段睿：只要不放弃，四面八方都是前方 | 陈鲁豫·慢谈EP20【视频播客】,陈鲁豫-慢谈,人文历史,知识,228,7111,957421,2938,1639,35598,17760,15285,10211,1782014400,https://www.bilibili.com/video/BV1UWLf6REiz,http://i2.hdslb.com/bfs/archive/900fae2889a18a54362f333d8db2c33ce5d12328.jpg
2026-06-23,2026-06-23 13:14:50,1,BV1oTjk6xEea,116778281796886,我发誓这是我看过最震撼的漫展爬台变装演唱！！,夏旬Natsuki,翻唱,音乐,31,84,5498130,1581,5783,640378,48096,69134,8806,1781947800,https://www.bilibili.com/video/BV1oTjk6xEea,http://i0.hdslb.com/bfs/archive/c937405b0e26e4652af142f494911c0cf97d0f26.jpg
2026-06-23,2026-06-23 13:14:50,2,BV1Cvjk6TEB3,116778046915958,🎨要看看这样的视频才有力气讨生活【三角洲】,牧牧川,单机游戏,游戏,17,192,4243146,738,2291,309388,12183,47709,2527,1781926200,https://www.bilibili.com/video/BV1Cvjk6TEB3,http://i1.hdslb.com/bfs/archive/9c3b114670250931e6264389d05a263039d091d9.jpg
2026-06-23,2026-06-23 13:14:50,3,BV1fJjE6FEqW,116780630609640,《崩坏：因缘精灵》进化PV：直至遇见它,崩坏因缘精灵,手机游戏,游戏,172,351,2258123,19885,27478,165832,61990,32772,47276,1782100800,https://www.bilibili.com/video/BV1fJjE6FEqW,http://i2.hdslb.com/bfs/archive/29e4ee8844cb4d82aefa07d1011ad4438da2c9c3.jpg
2026-06-23,2026-06-23 13:14:50,4,BV1JKjH6iE6y,116782895470334,多少年了，人们还记得你真实的样子吗？,何大爷课堂,人文历史,知识,228,218,4083707,599,3621,263971,8072,16513,1606,1781965957,https://www.bilibili.com/video/BV1JKjH6iE6y,http://i1.hdslb.com/bfs/archive/ce0fa067f5c90abd4ceb01108697be8f556ecd57.jpg
2026-06-23,2026-06-23 13:14:50,5,BV1X37c6vEcB,116790311001648,“终有一天，我会成为MAJOR冠军！”——NIKO圆梦科隆Major！,AYCS2,网络游戏,游戏,65,298,2656009,1799,13767,156654,70566,36655,9626,1782078868,https://www.bilibili.com/video/BV1X37c6vEcB,http://i2.hdslb.com/bfs/archive/1bdd25e9721279f6870ec585223314be1d06890f.jpg
2026-06-23,2026-06-23 13:14:50,6,BV17BjB6UEeP,116776536902641,一坨泥巴也来跳迈克尔·杰克逊《顫栗》？,宅叔飞飞,手工,生活,161,67,3876766,452,1668,426339,96489,26847,2720,1781868799,https://www.bilibili.com/video/BV17BjB6UEeP,http://i0.hdslb.com/bfs/archive/8c7d6784a5fe4aa117f1c0c53696dadb050b0d1d.jpg
2026-06-23,2026-06-23 13:14:50,7,BV1xXjn6LEwc,116783247787866,人，停下！,幸仁儿鲨,绘画,绘画,162,475,1213914,10059,8832,148377,49220,61540,4740,1781971350,https://www.bilibili.com/video/BV1xXjn6LEwc,http://i2.hdslb.com/bfs/archive/cfe6b10df7f5630e9cb80f9edffe4b9a15c6024a.jpg
2026-06-23,2026-06-23 13:14:50,8,BV1g7jJ6nE1E,116782207602137,“入室抢劫般的队友”,胡胡不胡o,日常,生活,21,363,3209755,1783,4172,213886,10851,26317,8383,1781955576,https://www.bilibili.com/video/BV1g7jJ6nE1E,http://i2.hdslb.com/bfs/archive/9b3e18bf8311f44867bcc78534904eb86d1072c4.jpg
2026-06-23,2026-06-23 13:14:50,9,BV1usjH6WEoz,116782694139715,曾沛慈｜《怎么说我不爱你》舞台,曾沛慈_TsengPets,明星综合,明星综合,137,279,2057747,21938,25835,94055,76797,35207,14177,1781962856,https://www.bilibili.com/video/BV1usjH6WEoz,http://i0.hdslb.com/bfs/archive/bb4c91ef35acc1e06800c178e2600fd8d5509e78.jpg
2026-06-23,2026-06-23 13:14:50,10,BV1uHjJ6mEpe,116781888833434,地牢酒馆-15集 《一支欢快的舞》,粘土工厂,单机游戏,游戏,17,265,1681210,5314,3445,194655,23342,21145,2113,1781951423,https://www.bilibili.com/video/BV1uHjJ6mEpe,http://i0.hdslb.com/bfs/archive/6b4c38e45f3f0de7eaf9b7ec420a773be89a3de3.jpg
2026-06-23,2026-06-23 13:14:50,11,BV199jJ6REJR,116781536511840,【干货】为什么不建议你今年考高考状元？,闪电侠-flash,校园学习,知识,208,149,2537200,3417,4535,250069,2759,16863,8141,1781949600,https://www.bilibili.com/video/BV199jJ6REJR,http://i1.hdslb.com/bfs/archive/e9e898756d4f16f348bd9866f5f50d18f0a74c2a.jpg
2026-06-23,2026-06-23 13:14:50,12,BV15Qj66mE5z,116776956336801,快乐 童年,榴莲阿呀,搞笑,娱乐,138,538,5314157,10334,11666,308005,79043,125414,5057,1781875232,https://www.bilibili.com/video/BV15Qj66mE5z,http://i1.hdslb.com/bfs/archive/fd70d470e4de0758969faf57cfd3f789c6e5e222.jpg
2026-06-23,2026-06-23 13:14:50,13,BV1K3jn65ECR,116781352032938,躲在超市后门智斗的二人,沃滋基-尼,综合,综合,27,92,2037581,4101,6068,228651,16317,56585,27532,1781942609,https://www.bilibili.com/video/BV1K3jn65ECR,http://i0.hdslb.com/bfs/archive/bdab827cde03d4f1eddf9ceb001b20129cc95c54.jpg
2026-06-23,2026-06-23 13:14:50,14,BV1dMjJ64Emt,116782241286100,新番时光机！十年前的观众都在看什么神片？「2016年4月篇」泛式,泛式,动漫杂谈,动画,253,1104,1185293,14587,8562,118056,59984,26490,9793,1781955914,https://www.bilibili.com/video/BV1dMjJ64Emt,http://i2.hdslb.com/bfs/archive/81e6a2baf73a0864c80081301e66022a9641d9f3.jpg
2026-06-23,2026-06-23 13:14:50,15,BV1Qg7c6KE9V,116790126447382,《后悔の保安》,伤心欲茄222,搞笑,娱乐,138,95,3635068,1442,5869,270102,8055,14745,7236,1782100800,https://www.bilibili.com/video/BV1Qg7c6KE9V,http://i0.hdslb.com/bfs/archive/212c2d91a9cd193c0394ddb4757b5b9fa498c675.jpg
2026-06-23,2026-06-23 13:14:50,16,BV1WFjW6EEMQ,116783734328117,《独家记忆》,王濛,明星综合,明星综合,137,320,1522799,13791,21609,79695,76932,22263,7838,1781978557,https://www.bilibili.com/video/BV1WFjW6EEMQ,http://i1.hdslb.com/bfs/archive/7d952ec82a9aaf29c190029494576c283ac9ffd5.jpg
2026-06-23,2026-06-23 13:14:50,17,BV1DKjp6sESX,116782442483852,新金蝉脱壳,Y的生存手记,综合,综合,27,534,1357880,3128,5611,138418,3027,39177,1015,1781958906,https://www.bilibili.com/video/BV1DKjp6sESX,http://i1.hdslb.com/bfs/archive/f7b66f77c006bb86c17cf6ef1501dfcc4cf5cb8d.png
2026-06-23,2026-06-23 13:14:50,18,BV1RSj76SEhJ,116780747985960,【究极佐菲格斗】第四集 奥特兄弟暗杀计划！佐菲机器人 雷欧 泰罗 爱迪 黑暗星人巴巴尔 登场,Dennis飞昊,特摄,动画,86,1034,1365865,3661,4434,93049,74252,41326,9915,1781932942,https://www.bilibili.com/video/BV1RSj76SEhJ,http://i1.hdslb.com/bfs/archive/8609ad0d770e88507e1b65a46221b41d8ea40af4.jpg
2026-06-23,2026-06-23 13:14:50,19,BV1iZjc6gEJr,116769893128777,来赣州包个鱼塘，帮少年减轻家庭重担，鱼多鱼少不重要，得让孩子安心完成学业,李维刚的日常,三农,生活,251,635,1139538,4441,5039,145526,109240,7733,1663,1781946000,https://www.bilibili.com/video/BV1iZjc6gEJr,http://i0.hdslb.com/bfs/archive/68345d040fbae81a977a9631c9d78df717416345.jpg
2026-06-23,2026-06-23 13:14:50,20,BV1Dejq6aEVp,116774892738063,循环歌单|【像个白痴一样】|“【不会哄人の小曲】”,蛋某人音乐,乐评盘点,音乐,243,2993,3157605,454,5196,208373,6488,110480,3459,1781913600,https://www.bilibili.com/video/BV1Dejq6aEVp,http://i0.hdslb.com/bfs/archive/76d35bc1f4f338083694865437ba95ae366e46db.jpg
2026-06-23,2026-06-23 13:14:50,21,BV1Pujz6tEMM,116775932927915,没有赶不上的早八,张河清教授,日常,生活,21,25,5149874,2250,2113,591842,7026,32425,2348,1781859604,https://www.bilibili.com/video/BV1Pujz6tEMM,http://i2.hdslb.com/bfs/archive/a277e56a98fc32a94e934d36101d44508170e860.jpg
2026-06-23,2026-06-23 13:14:50,22,BV1PyjZ6jEc1,116789774131069,来自Major冠军的信息：中国粉丝们，你们是这成功的一部分,IEM成都,电子竞技,游戏,171,35,2464669,6296,13288,286883,45319,26979,16212,1782070680,https://www.bilibili.com/video/BV1PyjZ6jEc1,http://i0.hdslb.com/bfs/archive/b8bcc4897c74fb3389c187ade722f33aa86faad3.jpg
2026-06-23,2026-06-23 13:14:50,23,BV19Kjf6cEh8,116789337921082,【泰拉瑞亚】32位计算机电路 RISC-V CPU 348KHz,混乱沉睡,单机游戏,游戏,17,639,1482664,1010,2853,123383,36620,33718,15561,1782063994,https://www.bilibili.com/video/BV19Kjf6cEh8,http://i0.hdslb.com/bfs/archive/751337b64ce9f1f12d3979dbe8e54d4c29c91459.jpg
2026-06-23,2026-06-23 13:14:50,24,BV1Bq7c6mEr6,116790025783520,佩洛伊斯什么时候逃离原生家庭？,鼎芸,同人·手书,动画,47,282,1111493,465,1400,147982,12198,28625,2872,1782086400,https://www.bilibili.com/video/BV1Bq7c6mEr6,http://i2.hdslb.com/bfs/archive/a0094b395427b8157e591144aef2bf0f73071d6b.jpg
2026-06-23,2026-06-23 13:14:50,25,BV1adjJ6sE1D,116781721193950,大学禁止和课本谈恋爱！！！,快乐的台长,日常,生活,21,335,1372231,1688,1777,171309,5634,44092,5163,1781948457,https://www.bilibili.com/video/BV1adjJ6sE1D,http://i1.hdslb.com/bfs/archive/a6efce7bf64d83e1007d6f491da2e923dc3d746c.jpg
2026-06-23,2026-06-23 13:14:50,26,BV1ZEjz6nER3,116775899368374,按到音乐键了,黄沙大圣圣,汪星人,汪星人,219,13,3638778,678,7048,316229,7653,56476,35656,1781859015,https://www.bilibili.com/video/BV1ZEjz6nER3,http://i2.hdslb.com/bfs/archive/948d86110fd0a8045495af7a2c5fdac595ce5df6.jpg
2026-06-23,2026-06-23 13:14:50,27,BV1wULQ64EB9,116764960825221,《绝区零》先导演示丨蕾米埃尔,哔哩哔哩游戏中心,手机游戏,游戏,172,91,3177414,6610,25925,206540,79598,43258,111932,1781920800,https://www.bilibili.com/video/BV1wULQ64EB9,http://i2.hdslb.com/bfs/archive/4373a99ec734fa760ccab2161d38ef6294815f24.jpg
2026-06-23,2026-06-23 13:14:50,28,BV1imjh6bErF,116772174827175,一个跟头十万八千里2.0,孤鹜AH,搞笑,娱乐,138,151,2615701,699,1493,183105,5717,43958,11274,1781863200,https://www.bilibili.com/video/BV1imjh6bErF,http://i1.hdslb.com/bfs/archive/63af2fba214108093162b7977e0bfa42a5f0a242.jpg
2026-06-23,2026-06-23 13:14:50,29,BV1MNjC62EVv,116780127227543,美国要给伊朗赔款,燕三嘤嘤嘤,人文历史,知识,228,1122,2833272,9575,6343,132501,27651,19974,3301,1781927400,https://www.bilibili.com/video/BV1MNjC62EVv,http://i2.hdslb.com/bfs/archive/787956eaf6b9381b36339aaf595081152abadcf0.jpg
2026-06-23,2026-06-23 13:14:50,30,BV1rZjr6aErt,116778717938040,末日高架桥，我们被困了100天！,马里奥红叔,单机游戏,游戏,17,1463,1284708,3742,1973,143756,53547,53780,2149,1781924400,https://www.bilibili.com/video/BV1rZjr6aErt,http://i0.hdslb.com/bfs/archive/112ae27cde1480e5ed760c9b5927159b8764e1e4.jpg
2026-06-23,2026-06-23 13:14:50,31,BV12t7A6YEvx,116792844558250,《阴阳师》毗沙门天CG丨金砂福威（CV：福西胜也）,网易阴阳师手游,手机游戏,游戏,172,210,1181458,1384,2923,62900,56733,47278,22194,1782117740,https://www.bilibili.com/video/BV12t7A6YEvx,http://i1.hdslb.com/bfs/archive/0da370078c072e00ce00a245313679b7eda4c1a4.jpg
2026-06-23,2026-06-23 13:14:50,32,BV1aqjE6mEid,116780160782699,你cos我憋笑挑战,我是易拉爆,日常,生活,21,73,3382626,842,1962,207623,3039,32918,6558,1781923956,https://www.bilibili.com/video/BV1aqjE6mEid,http://i0.hdslb.com/bfs/archive/57352c8c5bc8fe7b8ba2d61d6d5c028d1d3d9bc7.jpg
2026-06-23,2026-06-23 13:14:50,33,BV1RXjJ6xEur,116781553287621,【TF家族练习生】《突围II破局》先导片,TF家族,明星综合,明星综合,137,2035,1722138,1081360,16149,86309,9302,34167,3724,1781953200,https://www.bilibili.com/video/BV1RXjJ6xEur,http://i0.hdslb.com/bfs/archive/aaa47f5a479a534903218d33c24af6b22221c58d.jpg
2026-06-23,2026-06-23 13:14:50,34,BV1wE7P6bESL,116792357950508,真开上机甲了？影视飓风1600万粉丝Q&A！,影视飓风,数码,科技,95,1032,1011467,17753,5585,111660,51744,18884,6950,1782118800,https://www.bilibili.com/video/BV1wE7P6bESL,http://i0.hdslb.com/bfs/archive/97584af6b48769acf00522439a20ed4a2058b959.jpg
2026-06-23,2026-06-23 13:14:50,35,BV1RSj76SEXn,116780747985261,你看不起的工作，可能是别人考不进去的门槛,如见未来AI,影视剪辑,影视,183,44,2910090,829,5075,205011,1576,26658,2850,1781932918,https://www.bilibili.com/video/BV1RSj76SEXn,http://i1.hdslb.com/bfs/archive/8c63f016f8287b11fb8f15f4852c38974dfd487e.jpg
2026-06-23,2026-06-23 13:14:50,36,BV1dJjv6PEpz,116774490085009,⚡秒 开 仙 人⚡,不抽象的真菌零_Jack,鬼畜调教,鬼畜,22,153,1282809,4080,5173,170136,7957,52803,14674,1781837474,https://www.bilibili.com/video/BV1dJjv6PEpz,http://i1.hdslb.com/bfs/archive/860876c570ba90ec71fa5c2d257d2736f690050f.jpg
2026-06-23,2026-06-23 13:14:50,37,BV1USjC61EFe,116779573582726,治沙人,沙漠里的四妹,三农,生活,251,14,839144,2090,2269,298988,24569,5886,193,1781915068,https://www.bilibili.com/video/BV1USjC61EFe,http://i1.hdslb.com/bfs/archive/0ac158a54177ad00bc812a809b0e9dab9edbd46a.jpg
2026-06-23,2026-06-23 13:14:50,38,BV1Z27A6JEjM,116792911534635,今年干的最牛的事！你们的导航软件还有广告吗？,销冠李老板,日常,生活,21,45,1372409,10312,10659,226246,46354,9669,5007,1782118587,https://www.bilibili.com/video/BV1Z27A6JEjM,http://i1.hdslb.com/bfs/archive/26ab151e43194f7ee490c739829559cb8b40b254.jpg
2026-06-23,2026-06-23 13:14:50,39,BV12Gjn6kEP6,116781335187792,一个环艺老学长的填志愿忏悔录！,是莫叔叔吗,搞笑,娱乐,138,361,1456825,690,3231,185929,1097,17189,1359,1781942826,https://www.bilibili.com/video/BV12Gjn6kEP6,http://i0.hdslb.com/bfs/archive/814cbb7312342c2b6cc7179ae6a82b9e23ee79af.jpg
2026-06-23,2026-06-23 13:14:50,40,BV1B4jn6AEGW,116781385516992,百年真心！终于重逢！《凡人修仙传》179逐帧解析,利维坦mY,动漫杂谈,动画,253,937,963363,7498,8325,82685,59553,10287,2826,1781949900,https://www.bilibili.com/video/BV1B4jn6AEGW,http://i2.hdslb.com/bfs/archive/d8106b030d97cdc30ee38dde90e3f42a07a06af3.jpg
2026-06-23,2026-06-23 13:14:50,41,BV1EHjE6fEhG,116780664226179,咱兄弟俩真是这个👍（端午大合集）,亿本満足,日常,生活,21,7632,1245164,2864,2073,92588,9238,44548,1858,1781932103,https://www.bilibili.com/video/BV1EHjE6fEhG,http://i1.hdslb.com/bfs/archive/6379f6d8484e6bdf5dc21d458a1bf7343d06a6e3.jpg
2026-06-23,2026-06-23 13:14:50,42,BV1jbja6hE3o,116771990277534,炒菜好不好吃不是放多少调料而是掌握食材时间、火候、和烹饪技巧,灶台阿连,日常,生活,21,627,2565842,4580,8338,188174,22746,69284,8284,1781799497,https://www.bilibili.com/video/BV1jbja6hE3o,http://i1.hdslb.com/bfs/archive/ab2d3085ec3329c0de7ed86cda1263841a4753e4.jpg
2026-06-23,2026-06-23 13:14:50,43,BV1uyja6nEZY,116771621175583,送你个机器人女友#AI,90后的日常,影视剪辑,影视,183,206,1530367,5571,17502,156639,14585,29311,11629,1781793601,https://www.bilibili.com/video/BV1uyja6nEZY,http://i2.hdslb.com/bfs/archive/a8408ab240cbc1f57b155cb91d2a631688d5a0d2.jpg
2026-06-23,2026-06-23 13:14:50,44,BV1rvjb6fEKU,116786838112232,什么叫人类最强的去当魔王是为了平衡战力？,Mr-Ferret,绘画,绘画,162,133,1793688,565,1295,135101,1998,18099,4405,1782026099,https://www.bilibili.com/video/BV1rvjb6fEKU,http://i2.hdslb.com/bfs/archive/8042679d5e89cf7eb377c7a1f277dc696d63f7ca.jpg
2026-06-23,2026-06-23 13:14:50,45,BV1vSjb6JEjz,116788499062621,他的麦田要一株株手拔！整整20年！农村老人自己搞育种！【主播说三农】,央视农业,三农,生活,251,182,932782,1426,2439,130776,12442,6203,1415,1782051197,https://www.bilibili.com/video/BV1vSjb6JEjz,http://i2.hdslb.com/bfs/archive/e57c7e322be6be3edc3ae557f0d07d5b579378dd.jpg
2026-06-23,2026-06-23 13:14:50,46,BV1nHja6KEA3,116771872835698,做律师没料到要去村里抓猪抵债。法官：我也没料到～,戴律请回答,社科·法律·心理,知识,124,972,1654137,2440,4676,167357,90066,16457,3101,1781835600,https://www.bilibili.com/video/BV1nHja6KEA3,http://i1.hdslb.com/bfs/archive/4d8f84e7426f13b922911fd6eaa5c8d849a2b1af.jpg
2026-06-23,2026-06-23 13:14:50,47,BV1wLjz6WEw5,116775865815369,《红脸的关公战长沙》,龙馍馍,动物二创,动物二创,220,90,1632166,576,1519,150430,27580,25449,18282,1781913600,https://www.bilibili.com/video/BV1wLjz6WEw5,http://i0.hdslb.com/bfs/archive/f8766e70c711a7a264a42b0464ef54fe915949c2.jpg
2026-06-23,2026-06-23 13:14:50,48,BV1GDjB66EE9,116776134246683,花37天，破解上海最贵汉堡，成本只要。。。,绵羊料理,美食制作,美食,76,408,2254890,8554,2370,156211,61106,31293,5426,1781862487,https://www.bilibili.com/video/BV1GDjB66EE9,http://i0.hdslb.com/bfs/archive/b7f0e83cb8a595492fe7c45b2e56bc59b662e664.jpg
2026-06-23,2026-06-23 13:14:50,49,BV1NjjC6uE5A,116779741352400,2026报志愿！八大结论！不走弯路！,一数,校园学习,知识,208,411,591530,3535,4834,69763,9455,41665,6451,1781938800,https://www.bilibili.com/video/BV1NjjC6uE5A,http://i2.hdslb.com/bfs/archive/8f50bb1a0884ffe5ac33b9c9064fa72fe96719e5.jpg
2026-06-23,2026-06-23 13:14:50,50,BV1cMjc61EL9,116770430194149,磨银墨写悬浮 李商隐《无题》,小秋习字,绘画,绘画,162,80,4214147,2196,3690,292613,8397,30086,3333,1781775628,https://www.bilibili.com/video/BV1cMjc61EL9,http://i1.hdslb.com/bfs/archive/d4681f759763d5562bd4a4347209a15aa66918be.jpg
2026-06-23,2026-06-23 13:14:50,51,BV1YNjP6VEr6,116770648098260,我 伪 装,阴间滴贰哈鸽鸽,单机游戏,游戏,17,560,3755949,2243,1938,152315,4693,28405,16037,1781779073,https://www.bilibili.com/video/BV1YNjP6VEr6,http://i1.hdslb.com/bfs/archive/aad734a51fb0edd1446ad186f77bf3c9a7eb5c35.jpg
2026-06-23,2026-06-23 13:14:50,52,BV1QdjJ6WEXe,116781721063124,评论区摄影大赛梦核篇开启，今天是善良人格，欢迎投稿好的作品会让更多人看到。,摄影恩哥,日常,生活,21,108,2332872,1274,4919,140238,1455,11420,413,1781948068,https://www.bilibili.com/video/BV1QdjJ6WEXe,http://i0.hdslb.com/bfs/archive/4ed53967ff14e4b0ff9827f165ead7dbd344d674.jpg
2026-06-23,2026-06-23 13:14:50,53,BV1bdj46qEwz,116785781149073,同性恋不能生孩子，为什么没有被自然选择淘汰？,李论科学,科学科普,知识,201,316,1145354,1248,5998,84085,5274,16230,6382,1782009804,https://www.bilibili.com/video/BV1bdj46qEwz,http://i0.hdslb.com/bfs/archive/3d99731ee829b980c39b3c8f69e740d5583cb1f3.jpg
2026-06-23,2026-06-23 13:14:50,54,BV1ArjW6nE1V,116783616887594,《明日方舟》危机合约新赛季「涤墨作战」宣传PV,明日方舟,手机游戏,游戏,172,108,1323234,9811,16465,98522,24019,14873,48746,1782010800,https://www.bilibili.com/video/BV1ArjW6nE1V,http://i0.hdslb.com/bfs/archive/5ecd97f01f442270285e760493ad7840c33033df.jpg
2026-06-23,2026-06-23 13:14:50,55,BV1RGjh6pEbo,116787928637352,看看假货最多的地方#食品安全#假货,陈大成bili,美食记录,美食,215,153,1352074,1187,3759,92854,8204,18079,12802,1782043550,https://www.bilibili.com/video/BV1RGjh6pEbo,http://i0.hdslb.com/bfs/archive/75cc77cd07b6561a7faabcdecf6d091ab267d77a.jpg
2026-06-23,2026-06-23 13:14:50,56,BV1Tqjq6hEHF,116774792138101,我只是做错了事，可我不是坏孩子,源小仔,亲子,生活,254,114,1653021,3675,1663,177799,86585,37149,632,1781842522,https://www.bilibili.com/video/BV1Tqjq6hEHF,http://i2.hdslb.com/bfs/archive/767c3396b8774d2ea06329d31ffbd78cab9401dd.jpg
2026-06-23,2026-06-23 13:14:50,57,BV1o5jv6qExG,116774473303913,巴啦啦小魔仙—芮闪的帽子,-蒋-丞-_,搞笑,娱乐,138,187,1684268,3593,8687,108250,9336,13207,29320,1781837618,https://www.bilibili.com/video/BV1o5jv6qExG,http://i0.hdslb.com/bfs/archive/1081baa744ad129c3d34a1108a6eee3ea0287965.jpg
2026-06-23,2026-06-23 13:14:50,58,BV1hNjw6vEa6,116769876347422,“啊，是关中王来了！”,三木刃,鬼畜剧场,鬼畜剧场,216,337,2998951,1743,2745,185271,24074,38123,10937,1781841300,https://www.bilibili.com/video/BV1hNjw6vEa6,http://i1.hdslb.com/bfs/archive/bfab94865def24138b661b7340eeed674179a6ea.jpg
2026-06-23,2026-06-23 13:14:50,59,BV1Qtjq6iEoF,116775228278653,祝大家端午節快樂,台灣館長,日常,生活,21,17,3452675,13597,12993,591984,21295,41023,33597,1781848904,https://www.bilibili.com/video/BV1Qtjq6iEoF,http://i1.hdslb.com/bfs/archive/bdd921fa27274787b2e615a36e2417695d23128d.jpg
2026-06-23,2026-06-23 13:14:50,60,BV1L2jB6VEtj,116776251692569,【潘宏爱玩狗】最新视频来袭，快来看看吧！,潘宏爱玩狗,汪星人,汪星人,219,248,1514414,2458,3008,195853,12071,13603,2170,1781865081,https://www.bilibili.com/video/BV1L2jB6VEtj,http://i1.hdslb.com/bfs/archive/40496da5f89a0e49899b18803e8a64319fd0f3a9.jpg
2026-06-23,2026-06-23 13:14:50,61,BV1BPjJ6FEGP,116782090226507,嘻嘻。,小酥猫饼,美食记录,美食,215,217,1381246,1186,3413,93237,3749,8029,816,1781953425,https://www.bilibili.com/video/BV1BPjJ6FEGP,http://i0.hdslb.com/bfs/archive/851c2cfda81099df21795340f9af0b9a951c065c.jpg
2026-06-23,2026-06-23 13:14:50,62,BV1txjk6VEek,116778080405500,马西西位！🤯🤯🤯🤯,Team_Spirit,日常,生活,21,31,3044226,722,9101,225388,19220,17142,15371,1781892376,https://www.bilibili.com/video/BV1txjk6VEek,http://i0.hdslb.com/bfs/archive/186291f5cb166207208b9f64b08af7fbf2686906.jpg
2026-06-23,2026-06-23 13:14:50,63,BV1MnjB6wEiB,116776469927608,请吃我画的鬼泣动画,台古_Taigu,同人·手书,动画,47,26,1032039,203,2331,197950,34768,50747,7967,1781867758,https://www.bilibili.com/video/BV1MnjB6wEiB,http://i1.hdslb.com/bfs/archive/1dd96e8863e516ea883bc2ad0f670b011cbe00fd.jpg
2026-06-23,2026-06-23 13:14:50,64,BV1tbjk63EN2,116778113964904,原来死刑犯还有这种用处,拧不动啊真拧不动,单机游戏,游戏,17,1746,3829068,3603,991,106121,12017,72666,2173,1781920800,https://www.bilibili.com/video/BV1tbjk63EN2,http://i1.hdslb.com/bfs/archive/bcd97f6d5485a81d662f3f5a137c07bb02625217.jpg
2026-06-23,2026-06-23 13:14:50,65,BV1bWjk6yEuu,116778097182096,❤️【可能是你听过的最好听的一版翻唱】像笨蛋一样❤️バカみたいに,翼灵Official,翻唱,音乐,31,132,340111,824,1047,102962,7656,36784,1106,1781930100,https://www.bilibili.com/video/BV1bWjk6yEuu,http://i2.hdslb.com/bfs/archive/6a5a523bf2cc6c3031412d9c4c0888d40513e148.jpg
2026-06-23,2026-06-23 13:14:50,66,BV1Lnjv6eE76,116774406262942,这恐怖的细节还是三角洲吗？核工作者带你感受核电站的种种还原！,Key725,网络游戏,游戏,65,1559,3394912,6341,4453,138903,8988,53674,5777,1781870466,https://www.bilibili.com/video/BV1Lnjv6eE76,http://i1.hdslb.com/bfs/archive/0b500acd1480b98bfb94a76ca22399ff785a228e.jpg
2026-06-23,2026-06-23 13:14:50,67,BV1eGj665Ewd,116777728087237,玩了3天终于得到神器了，再也不用惧怕太阳【我是僵尸】,磊哥游戏,单机游戏,游戏,17,367,1831675,1655,2835,139198,12077,12557,1218,1781917200,https://www.bilibili.com/video/BV1eGj665Ewd,http://i1.hdslb.com/bfs/archive/a87e14455efa511e53419aa62c29ec9608241e8a.jpg
2026-06-23,2026-06-23 13:14:50,68,BV19Q7c6MEGd,116791821015845,为什么要有女朋友,叶玲秋雨,手机游戏,游戏,172,107,808269,635,3284,96858,19943,24166,5750,1782124200,https://www.bilibili.com/video/BV19Q7c6MEGd,http://i1.hdslb.com/bfs/archive/bc8cea1d92987e28da5f6565f67bee6348114e25.jpg
2026-06-23,2026-06-23 13:14:50,69,BV1ZbjC6FEMX,116779875567544,🪳 广 东 人 的 一 天 🪳,路路迷路路,综合,综合,27,33,2512410,507,3907,175842,3354,11359,8311,1781926200,https://www.bilibili.com/video/BV1ZbjC6FEMX,http://i1.hdslb.com/bfs/archive/101adca376d1a6f2c6e60489ffe8ebb9bbb3b27b.jpg
2026-06-23,2026-06-23 13:14:50,70,BV1Bfjq6LEDi,116776771784834,【洛天依原创】人是猫,张卡斯,VOCALOID·UTAU,VOCALOID·UTAU,30,133,557074,1046,3691,134061,33242,74594,11885,1781872274,https://www.bilibili.com/video/BV1Bfjq6LEDi,http://i0.hdslb.com/bfs/archive/7a760fc57dd165eaa62e96849c3757524f842c7b.jpg
2026-06-23,2026-06-23 13:14:50,71,BV1wjjr6hEAR,116778835378560,#手工制作绘本 我的第三本《拥有神笔的马户》 #改编 #寓言故事 #原创绘画 #爱是什么,XS王棕棕,绘画,绘画,162,205,670766,408,1263,88221,10358,13938,2340,1781903756,https://www.bilibili.com/video/BV1wjjr6hEAR,http://i1.hdslb.com/bfs/archive/5b6cd6fe529e649ea4a3ff642bddca6e43a945dc.jpg
2026-06-23,2026-06-23 13:14:50,72,BV1Wej66FEnX,116777426096188,我来到了mc虚空的最深处？！,Super橘星,单机游戏,游戏,17,1217,570325,1835,1095,74553,5728,24490,591,1781882664,https://www.bilibili.com/video/BV1Wej66FEnX,http://i2.hdslb.com/bfs/archive/42570f2c3101c029882b69fb03c35e7e4e462b70.jpg
2026-06-23,2026-06-23 13:14:50,73,BV1KMjC6yEoF,116780026562717,和我弟玩cosplay,卡迪那-猫meme版,搞笑,娱乐,138,90,1417387,675,2439,123843,1222,13520,4345,1781936494,https://www.bilibili.com/video/BV1KMjC6yEoF,http://i1.hdslb.com/bfs/archive/0ef8758b4ab101727170661e8f0685c4c758f6aa.jpg
2026-06-23,2026-06-23 13:14:50,74,BV1nhji61E9A,116775849038176,现在的恐怖游戏VS以前的恐怖游戏,Mc队友,日常,生活,21,33,941490,771,3130,123404,6279,54136,2568,1781858276,https://www.bilibili.com/video/BV1nhji61E9A,http://i1.hdslb.com/bfs/archive/5fb581d5933d90ae27d3a29d99c05b07b2f531af.jpg
2026-06-23,2026-06-23 13:14:50,75,BV1fLjt69ERX,116787442223218,【Reaction】穷人永远接触不到的场景,沙雕网友咸叽叽,乐评盘点,音乐,243,172,1343859,1487,5627,91207,1037,5106,687,1782035106,https://www.bilibili.com/video/BV1fLjt69ERX,http://i1.hdslb.com/bfs/archive/1a8dcea2f814b644570e01fcba31c46109631c89.jpg
2026-06-23,2026-06-23 13:14:50,76,BV1fFjb6XEg1,116786888449719,桑葚与桑树活在地球是屈才了,小时好食禄,科学科普,知识,201,315,1207040,1617,4787,59931,5506,25878,4616,1782034200,https://www.bilibili.com/video/BV1fFjb6XEg1,http://i0.hdslb.com/bfs/archive/0ea9d26a19b0ab1267f1aba35320f97f4f0d6b6c.jpg
2026-06-23,2026-06-23 13:14:50,77,BV1vhjn68EUr,116781402295077,NiKo科隆电影感混剪短片——《应无所住，而生其心》,CS2芬了个黎,网络游戏,游戏,65,278,530971,1636,11916,37481,22007,15944,3664,1781943472,https://www.bilibili.com/video/BV1vhjn68EUr,http://i0.hdslb.com/bfs/archive/1cba7feea4d47ff3eaade9473e705dc80f4dca7d.jpg
2026-06-23,2026-06-23 13:14:50,78,BV1wijJ6MEoy,116782006273890,云璃：让你入赘就算便宜你了，你还想逃婚？,我要吃蛋炒饭饭,手机游戏,游戏,172,167,661345,896,2239,65226,4419,20058,2515,1781952160,https://www.bilibili.com/video/BV1wijJ6MEoy,http://i0.hdslb.com/bfs/archive/73c0e3e74a781d9d62773ff71df48d3fb9c98d61.jpg
2026-06-23,2026-06-23 13:14:50,79,BV1Bbjp6zEcd,116784338308431,特厨探店|新疆最好的烤全羊？！—尉犁烤羊,特厨隋坡,美食侦探,美食,212,234,1023005,1211,2954,80199,5324,7033,5621,1782012600,https://www.bilibili.com/video/BV1Bbjp6zEcd,http://i0.hdslb.com/bfs/archive/a02d6ae871de5eee0fb2f0d2a8504524c84d2c3c.jpg
2026-06-23,2026-06-23 13:14:50,80,BV1eejn6tENU,116783180679398,新三国up锐评神探狄仁杰02：我们也有自己的孙乾,吃蛋挞的折棒,影视剪辑,影视,183,2021,803336,12921,5132,52294,33790,8195,820,1782007200,https://www.bilibili.com/video/BV1eejn6tENU,http://i1.hdslb.com/bfs/archive/35f91d598d941bb588f548e0643f15fd8afe1a54.jpg
2026-06-23,2026-06-23 13:14:50,81,BV1udjB6TEQr,116776352351491,我体内有寄生蜂的卵，寄生在寄生蜂卵上的…,-维C动物园-,野生动物,野生动物,221,635,904113,5326,1211,72091,3693,10788,2250,1781949600,https://www.bilibili.com/video/BV1udjB6TEQr,http://i1.hdslb.com/bfs/archive/2be4aa04f1d10a77669d0a1af52bef28ee4e0ea2.jpg
2026-06-23,2026-06-23 13:14:50,82,BV1MJj46AEX8,116785915433448,勃然大怒：以色列大使怒斥“闭嘴”“滚粗”，副球长病遁跑路,小Q不是导盲犬,社科·法律·心理,知识,124,1046,1416437,10678,4932,61563,8998,11034,3348,1782012063,https://www.bilibili.com/video/BV1MJj46AEX8,http://i1.hdslb.com/bfs/archive/5944656bc047407b9fce3d737d9e9070d35b84a1.jpg
2026-06-23,2026-06-23 13:14:50,83,BV1czjJ6KETp,116781905611355,欢迎来到男子汉的世界……,隔壁小贾-暗区突围,网络游戏,游戏,65,22,1160625,124,1018,117582,1955,27347,2565,1781950586,https://www.bilibili.com/video/BV1czjJ6KETp,http://i0.hdslb.com/bfs/archive/ae4f08c7a54e48b8866e4e773102010d2a67c6ac.jpg
2026-06-23,2026-06-23 13:14:50,84,BV1NMjt68EuL,116787526113006,《这最后几天是关键》,嘞是唐孃孃,搞笑,娱乐,138,81,1894099,1680,4975,142648,1313,5730,2844,1782036578,https://www.bilibili.com/video/BV1NMjt68EuL,http://i1.hdslb.com/bfs/archive/dc7e16c7acf08bccc36bd768ad05da4e2d8b93b8.jpg
2026-06-23,2026-06-23 13:14:50,85,BV1RJjv6PEQN,116774490087302,今天教大家如何跟女生说话,其实我是超级小孩,单机游戏,游戏,17,52,1973844,561,4734,272827,6801,66965,15532,1781837467,https://www.bilibili.com/video/BV1RJjv6PEQN,http://i2.hdslb.com/bfs/archive/2518c2fb18de178908b9c3b67ad646cefc88f7f0.jpg
2026-06-23,2026-06-23 13:14:50,86,BV1UWLf6REiz,116769154928275,鲁豫对话蔡磊 段睿：只要不放弃，四面八方都是前方 | 陈鲁豫·慢谈EP20【视频播客】,陈鲁豫-慢谈,人文历史,知识,228,7111,1015091,3101,1719,37293,18590,15977,10957,1782014400,https://www.bilibili.com/video/BV1UWLf6REiz,http://i2.hdslb.com/bfs/archive/900fae2889a18a54362f333d8db2c33ce5d12328.jpg
2026-06-23,2026-06-23 13:14:50,87,BV1KVjC63Ezz,116779707797561,什么叫把复活赛打成翻身仗？Unity还能搓出这种中式开放都市？！《望月》线下试玩！,鬼叔黍,单机游戏,游戏,17,793,1284624,662,2206,81018,8148,10654,3860,1781922306,https://www.bilibili.com/video/BV1KVjC63Ezz,http://i0.hdslb.com/bfs/archive/b318146908bf7fcef592692d63ed61d5fa707367.jpg
2026-06-23,2026-06-23 13:14:50,88,BV1HM7F6UE5q,116788918488583,【IEM科隆Major】FURIA vs Falcons  6月21日 总决赛,CSGO官方赛事,电子竞技,游戏,171,26533,1420014,5804,16186,31784,13135,12052,1931,1782057533,https://www.bilibili.com/video/BV1HM7F6UE5q,http://i0.hdslb.com/bfs/archive/05d78af3ff5fe3d933470ea2b430ee7ddcec81d4.jpg
2026-06-23,2026-06-23 13:14:50,89,BV1XRj76jE7i,116780898981058,⚡女士也要电量满满⚡,我没魔芋爽,日常,生活,21,32,1335482,1677,2502,133899,2062,15952,13637,1781949600,https://www.bilibili.com/video/BV1XRj76jE7i,http://i1.hdslb.com/bfs/archive/78a8b243a8590c7ff7b4119b5ba91b99a9dcdab1.jpg
2026-06-23,2026-06-23 13:14:50,90,BV1bwj863E1t,116788633279136,王老菊教你断剑奇侠·S3-ep01：小本买卖堂堂正正,怕上火暴王老菊,单机游戏,游戏,17,4592,699414,6212,3990,41638,32045,11413,1226,1782053692,https://www.bilibili.com/video/BV1bwj863E1t,http://i0.hdslb.com/bfs/archive/fd1f1da8d94bf5e90b57498f98bf7409929e6215.jpg
2026-06-23,2026-06-23 13:14:50,91,BV1GtJG63ES5,116754088985117,2026年6月20日海水淹没了宿舍我决定拆掉床板造一艘无敌战舰去征服一万个星球,哔哩哔哩弹幕网,综艺,综艺,71,402,3837522,13041,2359,32334,6378,15794,3345,1781920800,https://www.bilibili.com/video/BV1GtJG63ES5,http://i1.hdslb.com/bfs/archive/a3a23d0d80c0014647951912e1d7d09f8f7b8761.jpg
2026-06-23,2026-06-23 13:14:50,92,BV14pjB6fEcV,116776503352076,纸诛侠·篇子传奇,微波炉大人,日常,生活,21,40,871000,18638,7717,119986,3669,26811,21579,1781868085,https://www.bilibili.com/video/BV14pjB6fEcV,http://i1.hdslb.com/bfs/archive/523752108c480f40b91442c9bb7aa166e18b3b71.jpg
2026-06-23,2026-06-23 13:14:50,93,BV16bjs6EEtn,116785244474725,🐲🦐“猎鹰战胜绿龙！看哭100亿鹰美！”🦐🐲,Chamri_Channel,电子竞技,游戏,171,248,1098691,813,3803,61059,8328,6984,9085,1782003600,https://www.bilibili.com/video/BV16bjs6EEtn,http://i2.hdslb.com/bfs/archive/3c5a64e5ea6db98edfb5da7910807719a36d6150.jpg
2026-06-23,2026-06-23 13:14:50,94,BV1qhjn68Epa,116781402296392,有一只小傻龙前来买包子,小陈的脚凑凑的,日常,生活,21,74,562040,131,793,116850,6656,26838,2549,1781942983,https://www.bilibili.com/video/BV1qhjn68Epa,http://i0.hdslb.com/bfs/archive/1b268cb1f2cd4a131ce27b5e241d3496dacb3cc3.jpg
2026-06-23,2026-06-23 13:14:50,95,BV1HyjH66EWe,116782744539240,🥕躲在超市后门吃萝卜的越狱兔🥕,天鹅绒寝室长,日常,生活,21,163,560000,473,1241,75771,15257,14476,5807,1782012600,https://www.bilibili.com/video/BV1HyjH66EWe,http://i0.hdslb.com/bfs/archive/09fc4d6424dd8439d4afdd0aba7821c59f3f1f7b.jpg
2026-06-23,2026-06-23 13:14:50,96,BV1oDjh64E1y,116772208447972,当我在MC中放下地球仪,摆烂中的小宜zzz,单机游戏,游戏,17,53,622418,627,1009,139868,24170,35477,3115,1781841600,https://www.bilibili.com/video/BV1oDjh64E1y,http://i1.hdslb.com/bfs/archive/37c8db579ef68a83a6a3958b8bf682163f4417a0.jpg
2026-06-23,2026-06-23 13:14:50,97,BV1ZCj769E75,116780815096691,【异环剧场】卡厄斯：怎么有人顶替我成了嘉豪？,嘻嘻nja,配音,配音,257,356,779525,1336,1548,55292,10739,10684,4273,1781933963,https://www.bilibili.com/video/BV1ZCj769E75,http://i2.hdslb.com/bfs/archive/3a3cf05a351a7b6cdaccc7b0599179db01693da6.jpg
2026-06-23,2026-06-23 13:14:50,98,BV1Ndje6DEkS,116774674631565,【特效向】剧⚡终 但是成龙🐉,豪言の经理,鬼畜剧场,鬼畜剧场,216,131,1432282,1140,2153,164003,41275,38387,8690,1781840398,https://www.bilibili.com/video/BV1Ndje6DEkS,http://i0.hdslb.com/bfs/archive/9472cf3932257bbb43d2ed7c875116b0016e129d.jpg
2026-06-23,2026-06-23 13:14:50,99,BV1XGjb6yE4x,116787022667386,如果爱昴天团看到了死归全过程【4】,生锈的包子,综合,综合,27,356,753878,1559,2859,47328,10317,12359,983,1782028719,https://www.bilibili.com/video/BV1XGjb6yE4x,http://i1.hdslb.com/bfs/archive/9ed4171a3dc15fde30421516d3366a0239feeda6.jpg
2026-06-23,2026-06-23 13:14:50,100,BV1K3jC6kEX1,116780060121777,《鸣潮》巡回演唱会「致予新世界」预告动画,鸣潮,手机游戏,游戏,172,106,1637133,2020,5995,100162,42384,25597,16178,1781924400,https://www.bilibili.com/video/BV1K3jC6kEX1,http://i1.hdslb.com/bfs/archive/9abf9ecaffbd55cab43ad74807aa69e249997b36.jpg
2026-06-23,2026-06-23 16:40:00,1,BV1oTjk6xEea,116778281796886,我发誓这是我看过最震撼的漫展爬台变装演唱！！,夏旬Natsuki,翻唱,音乐,31,84,5581039,1597,5851,650310,49788,70512,9051,1781947800,https://www.bilibili.com/video/BV1oTjk6xEea,http://i0.hdslb.com/bfs/archive/c937405b0e26e4652af142f494911c0cf97d0f26.jpg
2026-06-23,2026-06-23 16:40:00,2,BV1Cvjk6TEB3,116778046915958,🎨要看看这样的视频才有力气讨生活【三角洲】,牧牧川,单机游戏,游戏,17,192,4297075,739,2308,312997,12419,48341,2581,1781926200,https://www.bilibili.com/video/BV1Cvjk6TEB3,http://i1.hdslb.com/bfs/archive/9c3b114670250931e6264389d05a263039d091d9.jpg
2026-06-23,2026-06-23 16:40:00,3,BV1fJjE6FEqW,116780630609640,《崩坏：因缘精灵》进化PV：直至遇见它,崩坏因缘精灵,手机游戏,游戏,172,351,2332403,20616,28204,171471,63820,33762,48234,1782100800,https://www.bilibili.com/video/BV1fJjE6FEqW,http://i2.hdslb.com/bfs/archive/29e4ee8844cb4d82aefa07d1011ad4438da2c9c3.jpg
2026-06-23,2026-06-23 16:40:00,4,BV1JKjH6iE6y,116782895470334,多少年了，人们还记得你真实的样子吗？,何大爷课堂,人文历史,知识,228,218,4149737,613,3724,267691,8503,16843,1641,1781965957,https://www.bilibili.com/video/BV1JKjH6iE6y,http://i1.hdslb.com/bfs/archive/ce0fa067f5c90abd4ceb01108697be8f556ecd57.jpg
2026-06-23,2026-06-23 16:40:00,5,BV1X37c6vEcB,116790311001648,“终有一天，我会成为MAJOR冠军！”——NIKO圆梦科隆Major！,AYCS2,网络游戏,游戏,65,298,2747946,1819,14063,160378,72771,37659,9985,1782078868,https://www.bilibili.com/video/BV1X37c6vEcB,http://i2.hdslb.com/bfs/archive/1bdd25e9721279f6870ec585223314be1d06890f.jpg
2026-06-23,2026-06-23 16:40:00,6,BV1g7jJ6nE1E,116782207602137,“入室抢劫般的队友”,胡胡不胡o,日常,生活,21,363,3384028,1869,4318,223853,11861,27985,9093,1781955576,https://www.bilibili.com/video/BV1g7jJ6nE1E,http://i2.hdslb.com/bfs/archive/9b3e18bf8311f44867bcc78534904eb86d1072c4.jpg
2026-06-23,2026-06-23 16:40:00,7,BV1xXjn6LEwc,116783247787866,人，停下！,幸仁儿鲨,绘画,绘画,162,475,1241577,10296,9083,152309,50605,63172,4924,1781971350,https://www.bilibili.com/video/BV1xXjn6LEwc,http://i2.hdslb.com/bfs/archive/cfe6b10df7f5630e9cb80f9edffe4b9a15c6024a.jpg
2026-06-23,2026-06-23 16:40:00,8,BV17BjB6UEeP,116776536902641,一坨泥巴也来跳迈克尔·杰克逊《顫栗》？,宅叔飞飞,手工,生活,161,67,3935177,454,1677,433630,98762,27389,2786,1781868799,https://www.bilibili.com/video/BV17BjB6UEeP,http://i0.hdslb.com/bfs/archive/8c7d6784a5fe4aa117f1c0c53696dadb050b0d1d.jpg
2026-06-23,2026-06-23 16:40:00,9,BV1usjH6WEoz,116782694139715,曾沛慈｜《怎么说我不爱你》舞台,曾沛慈_TsengPets,明星综合,明星综合,137,279,2121068,22417,26698,95923,78259,35911,14673,1781962856,https://www.bilibili.com/video/BV1usjH6WEoz,http://i0.hdslb.com/bfs/archive/bb4c91ef35acc1e06800c178e2600fd8d5509e78.jpg
2026-06-23,2026-06-23 16:40:00,10,BV1uHjJ6mEpe,116781888833434,地牢酒馆-15集 《一支欢快的舞》,粘土工厂,单机游戏,游戏,17,265,1715329,5386,3468,197403,23516,21462,2136,1781951423,https://www.bilibili.com/video/BV1uHjJ6mEpe,http://i0.hdslb.com/bfs/archive/6b4c38e45f3f0de7eaf9b7ec420a773be89a3de3.jpg
2026-06-23,2026-06-23 16:40:00,11,BV199jJ6REJR,116781536511840,【干货】为什么不建议你今年考高考状元？,闪电侠-flash,校园学习,知识,208,149,2635892,3481,4632,252219,2989,17046,8357,1781949600,https://www.bilibili.com/video/BV199jJ6REJR,http://i1.hdslb.com/bfs/archive/e9e898756d4f16f348bd9866f5f50d18f0a74c2a.jpg
2026-06-23,2026-06-23 16:40:00,12,BV19Kjf6cEh8,116789337921082,【泰拉瑞亚】32位计算机电路 RISC-V CPU 348KHz,混乱沉睡,单机游戏,游戏,17,639,1662508,1101,3256,138249,41075,37692,17431,1782063994,https://www.bilibili.com/video/BV19Kjf6cEh8,http://i0.hdslb.com/bfs/archive/751337b64ce9f1f12d3979dbe8e54d4c29c91459.jpg
2026-06-23,2026-06-23 16:40:00,13,BV1dMjJ64Emt,116782241286100,新番时光机！十年前的观众都在看什么神片？「2016年4月篇」泛式,泛式,动漫杂谈,动画,253,1104,1199049,14735,8629,119030,60533,26695,9875,1781955914,https://www.bilibili.com/video/BV1dMjJ64Emt,http://i2.hdslb.com/bfs/archive/81e6a2baf73a0864c80081301e66022a9641d9f3.jpg
2026-06-23,2026-06-23 16:40:00,14,BV1WFjW6EEMQ,116783734328117,《独家记忆》,王濛,明星综合,明星综合,137,320,1574595,14432,22317,81578,78877,22893,8318,1781978557,https://www.bilibili.com/video/BV1WFjW6EEMQ,http://i1.hdslb.com/bfs/archive/7d952ec82a9aaf29c190029494576c283ac9ffd5.jpg
2026-06-23,2026-06-23 16:40:00,15,BV1K3jn65ECR,116781352032938,躲在超市后门智斗的二人,沃滋基-尼,综合,综合,27,92,2068153,4259,6191,231297,16648,57451,28076,1781942609,https://www.bilibili.com/video/BV1K3jn65ECR,http://i0.hdslb.com/bfs/archive/bdab827cde03d4f1eddf9ceb001b20129cc95c54.jpg
2026-06-23,2026-06-23 16:40:00,16,BV1DKjp6sESX,116782442483852,新金蝉脱壳,Y的生存手记,综合,综合,27,534,1362466,3145,5625,138824,3048,39264,1023,1781958906,https://www.bilibili.com/video/BV1DKjp6sESX,http://i1.hdslb.com/bfs/archive/f7b66f77c006bb86c17cf6ef1501dfcc4cf5cb8d.png
2026-06-23,2026-06-23 16:40:00,17,BV1Bq7c6mEr6,116790025783520,佩洛伊斯什么时候逃离原生家庭？,鼎芸,同人·手书,动画,47,282,1156383,483,1454,154287,12981,29962,3024,1782086400,https://www.bilibili.com/video/BV1Bq7c6mEr6,http://i2.hdslb.com/bfs/archive/a0094b395427b8157e591144aef2bf0f73071d6b.jpg
2026-06-23,2026-06-23 16:40:00,18,BV1iZjc6gEJr,116769893128777,来赣州包个鱼塘，帮少年减轻家庭重担，鱼多鱼少不重要，得让孩子安心完成学业,李维刚的日常,三农,生活,251,635,1155429,4481,5112,147454,110863,7823,1681,1781946000,https://www.bilibili.com/video/BV1iZjc6gEJr,http://i0.hdslb.com/bfs/archive/68345d040fbae81a977a9631c9d78df717416345.jpg
2026-06-23,2026-06-23 16:40:00,19,BV1wE7P6bESL,116792357950508,真开上机甲了？影视飓风1600万粉丝Q&A！,影视飓风,数码,科技,95,1032,1154984,20108,6207,125494,56801,20529,7747,1782118800,https://www.bilibili.com/video/BV1wE7P6bESL,http://i0.hdslb.com/bfs/archive/97584af6b48769acf00522439a20ed4a2058b959.jpg
2026-06-23,2026-06-23 16:40:00,20,BV1adjJ6sE1D,116781721193950,大学禁止和课本谈恋爱！！！,快乐的台长,日常,生活,21,335,1446663,1723,1833,173416,5963,44814,5387,1781948457,https://www.bilibili.com/video/BV1adjJ6sE1D,http://i1.hdslb.com/bfs/archive/a6efce7bf64d83e1007d6f491da2e923dc3d746c.jpg
2026-06-23,2026-06-23 16:40:00,21,BV1PyjZ6jEc1,116789774131069,来自Major冠军的信息：中国粉丝们，你们是这成功的一部分,IEM成都,电子竞技,游戏,171,35,2527741,6454,13600,294781,46075,27461,16365,1782070680,https://www.bilibili.com/video/BV1PyjZ6jEc1,http://i0.hdslb.com/bfs/archive/b8bcc4897c74fb3389c187ade722f33aa86faad3.jpg
2026-06-23,2026-06-23 16:40:00,22,BV1Qg7c6KE9V,116790126447382,《后悔の保安》,伤心欲茄222,搞笑,娱乐,138,95,3886943,1511,6231,287560,8675,15744,7636,1782100800,https://www.bilibili.com/video/BV1Qg7c6KE9V,http://i0.hdslb.com/bfs/archive/212c2d91a9cd193c0394ddb4757b5b9fa498c675.jpg
2026-06-23,2026-06-23 16:40:00,23,BV1Pujz6tEMM,116775932927915,没有赶不上的早八,张河清教授,日常,生活,21,25,5195727,2294,2146,597542,7298,32821,2378,1781859604,https://www.bilibili.com/video/BV1Pujz6tEMM,http://i2.hdslb.com/bfs/archive/a277e56a98fc32a94e934d36101d44508170e860.jpg
2026-06-23,2026-06-23 16:40:00,24,BV1Z27A6JEjM,116792911534635,今年干的最牛的事！你们的导航软件还有广告吗？,销冠李老板,日常,生活,21,45,1576283,11280,12298,249300,51507,11275,5907,1782118587,https://www.bilibili.com/video/BV1Z27A6JEjM,http://i1.hdslb.com/bfs/archive/26ab151e43194f7ee490c739829559cb8b40b254.jpg
2026-06-23,2026-06-23 16:40:00,25,BV12t7A6YEvx,116792844558250,《阴阳师》毗沙门天CG丨金砂福威（CV：福西胜也）,网易阴阳师手游,手机游戏,游戏,172,210,1267554,1439,3116,70071,63248,53179,25361,1782117740,https://www.bilibili.com/video/BV12t7A6YEvx,http://i1.hdslb.com/bfs/archive/0da370078c072e00ce00a245313679b7eda4c1a4.jpg
2026-06-23,2026-06-23 16:40:00,26,BV1Dejq6aEVp,116774892738063,循环歌单|【像个白痴一样】|“【不会哄人の小曲】”,蛋某人音乐,乐评盘点,音乐,243,2993,3180882,455,5229,210080,6733,111557,3487,1781913600,https://www.bilibili.com/video/BV1Dejq6aEVp,http://i0.hdslb.com/bfs/archive/76d35bc1f4f338083694865437ba95ae366e46db.jpg
2026-06-23,2026-06-23 16:40:00,27,BV1RXjJ6xEur,116781553287621,【TF家族练习生】《突围II破局》先导片,TF家族,明星综合,明星综合,137,2035,1741261,1084996,16184,86716,9580,34393,3738,1781953200,https://www.bilibili.com/video/BV1RXjJ6xEur,http://i0.hdslb.com/bfs/archive/aaa47f5a479a534903218d33c24af6b22221c58d.jpg
2026-06-23,2026-06-23 16:40:00,28,BV1aqjE6mEid,116780160782699,你cos我憋笑挑战,我是易拉爆,日常,生活,21,73,3395870,843,1986,208706,3072,33132,6607,1781923956,https://www.bilibili.com/video/BV1aqjE6mEid,http://i0.hdslb.com/bfs/archive/57352c8c5bc8fe7b8ba2d61d6d5c028d1d3d9bc7.jpg
2026-06-23,2026-06-23 16:40:00,29,BV1RSj76SEhJ,116780747985960,【究极佐菲格斗】第四集 奥特兄弟暗杀计划！佐菲机器人 雷欧 泰罗 爱迪 黑暗星人巴巴尔 登场,Dennis飞昊,特摄,动画,86,1034,1395825,3687,4472,94499,75238,42086,10071,1781932942,https://www.bilibili.com/video/BV1RSj76SEhJ,http://i1.hdslb.com/bfs/archive/8609ad0d770e88507e1b65a46221b41d8ea40af4.jpg
2026-06-23,2026-06-23 16:40:00,30,BV15Qj66mE5z,116776956336801,快乐 童年,榴莲阿呀,搞笑,娱乐,138,538,5418428,10478,11855,313747,80448,128101,5212,1781875232,https://www.bilibili.com/video/BV15Qj66mE5z,http://i1.hdslb.com/bfs/archive/fd70d470e4de0758969faf57cfd3f789c6e5e222.jpg
2026-06-23,2026-06-23 16:40:00,31,BV1ZEjz6nER3,116775899368374,按到音乐键了,黄沙大圣圣,汪星人,汪星人,219,13,3754731,693,7282,324357,7928,58112,36936,1781859015,https://www.bilibili.com/video/BV1ZEjz6nER3,http://i2.hdslb.com/bfs/archive/948d86110fd0a8045495af7a2c5fdac595ce5df6.jpg
2026-06-23,2026-06-23 16:40:00,32,BV12Gjn6kEP6,116781335187792,一个环艺老学长的填志愿忏悔录！,是莫叔叔吗,搞笑,娱乐,138,361,1579628,720,3509,197408,1155,18269,1510,1781942826,https://www.bilibili.com/video/BV12Gjn6kEP6,http://i0.hdslb.com/bfs/archive/814cbb7312342c2b6cc7179ae6a82b9e23ee79af.jpg
2026-06-23,2026-06-23 16:40:00,33,BV1USjC61EFe,116779573582726,治沙人,沙漠里的四妹,三农,生活,251,14,847669,2135,2307,302144,25006,5981,194,1781915068,https://www.bilibili.com/video/BV1USjC61EFe,http://i1.hdslb.com/bfs/archive/0ac158a54177ad00bc812a809b0e9dab9edbd46a.jpg
2026-06-23,2026-06-23 16:40:00,34,BV1B4jn6AEGW,116781385516992,百年真心！终于重逢！《凡人修仙传》179逐帧解析,利维坦mY,动漫杂谈,动画,253,937,972019,7522,8357,83113,60050,10349,2850,1781949900,https://www.bilibili.com/video/BV1B4jn6AEGW,http://i2.hdslb.com/bfs/archive/d8106b030d97cdc30ee38dde90e3f42a07a06af3.jpg
2026-06-23,2026-06-23 16:40:00,35,BV1imjh6bErF,116772174827175,一个跟头十万八千里2.0,孤鹜AH,搞笑,娱乐,138,151,2661746,709,1525,186192,5845,44719,11483,1781863200,https://www.bilibili.com/video/BV1imjh6bErF,http://i1.hdslb.com/bfs/archive/63af2fba214108093162b7977e0bfa42a5f0a242.jpg
2026-06-23,2026-06-23 16:40:00,36,BV1RSj76SEXn,116780747985261,你看不起的工作，可能是别人考不进去的门槛,如见未来AI,影视剪辑,影视,183,44,2979826,849,5280,211760,1651,27447,2955,1781932918,https://www.bilibili.com/video/BV1RSj76SEXn,http://i1.hdslb.com/bfs/archive/8c63f016f8287b11fb8f15f4852c38974dfd487e.jpg
2026-06-23,2026-06-23 16:40:00,37,BV1rZjr6aErt,116778717938040,末日高架桥，我们被困了100天！,马里奥红叔,单机游戏,游戏,17,1463,1305068,3758,1988,145294,54214,54457,2175,1781924400,https://www.bilibili.com/video/BV1rZjr6aErt,http://i0.hdslb.com/bfs/archive/112ae27cde1480e5ed760c9b5927159b8764e1e4.jpg
2026-06-23,2026-06-23 16:40:00,38,BV1rvjb6fEKU,116786838112232,什么叫人类最强的去当魔王是为了平衡战力？,Mr-Ferret,绘画,绘画,162,133,1836500,577,1330,138539,2060,18626,4539,1782026099,https://www.bilibili.com/video/BV1rvjb6fEKU,http://i2.hdslb.com/bfs/archive/8042679d5e89cf7eb377c7a1f277dc696d63f7ca.jpg
2026-06-23,2026-06-23 16:40:00,39,BV1vSjb6JEjz,116788499062621,他的麦田要一株株手拔！整整20年！农村老人自己搞育种！【主播说三农】,央视农业,三农,生活,251,182,967894,1469,2559,135733,13206,6510,1467,1782051197,https://www.bilibili.com/video/BV1vSjb6JEjz,http://i2.hdslb.com/bfs/archive/e57c7e322be6be3edc3ae557f0d07d5b579378dd.jpg
2026-06-23,2026-06-23 16:40:00,40,BV1EHjE6fEhG,116780664226179,咱兄弟俩真是这个👍（端午大合集）,亿本満足,日常,生活,21,7632,1275057,2908,2106,94501,9459,45723,1897,1781932103,https://www.bilibili.com/video/BV1EHjE6fEhG,http://i1.hdslb.com/bfs/archive/6379f6d8484e6bdf5dc21d458a1bf7343d06a6e3.jpg
2026-06-23,2026-06-23 16:40:00,41,BV1bdj46qEwz,116785781149073,同性恋不能生孩子，为什么没有被自然选择淘汰？,李论科学,科学科普,知识,201,316,1198974,1300,6290,88514,5888,17221,6897,1782009804,https://www.bilibili.com/video/BV1bdj46qEwz,http://i0.hdslb.com/bfs/archive/3d99731ee829b980c39b3c8f69e740d5583cb1f3.jpg
2026-06-23,2026-06-23 16:40:00,42,BV1RGjh6pEbo,116787928637352,看看假货最多的地方#食品安全#假货,陈大成bili,美食记录,美食,215,153,1405548,1218,3857,96555,8657,18936,13434,1782043550,https://www.bilibili.com/video/BV1RGjh6pEbo,http://i0.hdslb.com/bfs/archive/75cc77cd07b6561a7faabcdecf6d091ab267d77a.jpg
2026-06-23,2026-06-23 16:40:00,43,BV1jbja6hE3o,116771990277534,炒菜好不好吃不是放多少调料而是掌握食材时间、火候、和烹饪技巧,灶台阿连,日常,生活,21,627,2580605,4606,8404,189566,22926,69872,8349,1781799497,https://www.bilibili.com/video/BV1jbja6hE3o,http://i1.hdslb.com/bfs/archive/ab2d3085ec3329c0de7ed86cda1263841a4753e4.jpg
2026-06-23,2026-06-23 16:40:00,44,BV1QdjJ6WEXe,116781721063124,评论区摄影大赛梦核篇开启，今天是善良人格，欢迎投稿好的作品会让更多人看到。,摄影恩哥,日常,生活,21,108,2342547,1278,4936,140776,1675,11496,414,1781948068,https://www.bilibili.com/video/BV1QdjJ6WEXe,http://i0.hdslb.com/bfs/archive/4ed53967ff14e4b0ff9827f165ead7dbd344d674.jpg
2026-06-23,2026-06-23 16:40:00,45,BV1ArjW6nE1V,116783616887594,《明日方舟》危机合约新赛季「涤墨作战」宣传PV,明日方舟,手机游戏,游戏,172,108,1342761,9910,16617,99171,24425,15000,48951,1782010800,https://www.bilibili.com/video/BV1ArjW6nE1V,http://i0.hdslb.com/bfs/archive/5ecd97f01f442270285e760493ad7840c33033df.jpg
2026-06-23,2026-06-23 16:40:00,46,BV1MNjC62EVv,116780127227543,美国要给伊朗赔款,燕三嘤嘤嘤,人文历史,知识,228,1122,2869905,9628,6362,133462,28041,20061,3333,1781927400,https://www.bilibili.com/video/BV1MNjC62EVv,http://i2.hdslb.com/bfs/archive/787956eaf6b9381b36339aaf595081152abadcf0.jpg
2026-06-23,2026-06-23 16:40:00,47,BV19Q7c6MEGd,116791821015845,为什么要有女朋友,叶玲秋雨,手机游戏,游戏,172,107,904541,663,3590,105794,21190,26369,6255,1782124200,https://www.bilibili.com/video/BV19Q7c6MEGd,http://i1.hdslb.com/bfs/archive/bc8cea1d92987e28da5f6565f67bee6348114e25.jpg
2026-06-23,2026-06-23 16:40:00,48,BV1dJjv6PEpz,116774490085009,⚡秒 开 仙 人⚡,不抽象的真菌零_Jack,鬼畜调教,鬼畜,22,153,1299148,4164,5269,172290,8073,53458,14923,1781837474,https://www.bilibili.com/video/BV1dJjv6PEpz,http://i1.hdslb.com/bfs/archive/860876c570ba90ec71fa5c2d257d2736f690050f.jpg
2026-06-23,2026-06-23 16:40:00,49,BV1uyja6nEZY,116771621175583,送你个机器人女友#AI,90后的日常,影视剪辑,影视,183,206,1555907,5642,17715,158646,14849,29750,11834,1781793601,https://www.bilibili.com/video/BV1uyja6nEZY,http://i2.hdslb.com/bfs/archive/a8408ab240cbc1f57b155cb91d2a631688d5a0d2.jpg
2026-06-23,2026-06-23 16:40:00,50,BV1wLjz6WEw5,116775865815369,《红脸的关公战长沙》,龙馍馍,动物二创,动物二创,220,90,1654734,585,1546,152540,28211,25863,18552,1781913600,https://www.bilibili.com/video/BV1wLjz6WEw5,http://i0.hdslb.com/bfs/archive/f8766e70c711a7a264a42b0464ef54fe915949c2.jpg
2026-06-23,2026-06-23 16:40:00,51,BV1BPjJ6FEGP,116782090226507,嘻嘻。,小酥猫饼,美食记录,美食,215,217,1395706,1197,3443,94583,3784,8120,827,1781953425,https://www.bilibili.com/video/BV1BPjJ6FEGP,http://i0.hdslb.com/bfs/archive/851c2cfda81099df21795340f9af0b9a951c065c.jpg
2026-06-23,2026-06-23 16:40:00,52,BV1o5jv6qExG,116774473303913,巴啦啦小魔仙—芮闪的帽子,-蒋-丞-_,搞笑,娱乐,138,187,1725946,3657,8910,111024,9692,13559,30222,1781837618,https://www.bilibili.com/video/BV1o5jv6qExG,http://i0.hdslb.com/bfs/archive/1081baa744ad129c3d34a1108a6eee3ea0287965.jpg
2026-06-23,2026-06-23 16:40:00,53,BV1wULQ64EB9,116764960825221,《绝区零》先导演示丨蕾米埃尔,哔哩哔哩游戏中心,手机游戏,游戏,172,91,3215905,6631,26047,207381,80033,43445,112422,1781920800,https://www.bilibili.com/video/BV1wULQ64EB9,http://i2.hdslb.com/bfs/archive/4373a99ec734fa760ccab2161d38ef6294815f24.jpg
2026-06-23,2026-06-23 16:40:00,54,BV1NjjC6uE5A,116779741352400,2026报志愿！八大结论！不走弯路！,一数,校园学习,知识,208,411,606166,3684,5019,71713,9884,42806,6667,1781938800,https://www.bilibili.com/video/BV1NjjC6uE5A,http://i2.hdslb.com/bfs/archive/8f50bb1a0884ffe5ac33b9c9064fa72fe96719e5.jpg
2026-06-23,2026-06-23 16:40:00,55,BV1tg7K6rEjD,116793549003302,你 哦 齁 不 过 我 你 信 吗,萌花Moeka,同人·手书,动画,47,152,905391,380,2077,59161,3048,33969,11355,1782128182,https://www.bilibili.com/video/BV1tg7K6rEjD,http://i2.hdslb.com/bfs/archive/2ed268196dd608abe07e74e9a688121285443505.jpg
2026-06-23,2026-06-23 16:40:00,56,BV1tbjk63EN2,116778113964904,原来死刑犯还有这种用处,拧不动啊真拧不动,单机游戏,游戏,17,1746,3914084,3688,1016,108385,12515,74231,2279,1781920800,https://www.bilibili.com/video/BV1tbjk63EN2,http://i1.hdslb.com/bfs/archive/bcd97f6d5485a81d662f3f5a137c07bb02625217.jpg
2026-06-23,2026-06-23 16:40:00,57,BV1YNjP6VEr6,116770648098260,我 伪 装,阴间滴贰哈鸽鸽,单机游戏,游戏,17,560,3860019,2285,1997,156005,4834,29237,16608,1781779073,https://www.bilibili.com/video/BV1YNjP6VEr6,http://i1.hdslb.com/bfs/archive/aad734a51fb0edd1446ad186f77bf3c9a7eb5c35.jpg
2026-06-23,2026-06-23 16:40:00,58,BV1GDjB66EE9,116776134246683,花37天，破解上海最贵汉堡，成本只要。。。,绵羊料理,美食制作,美食,76,408,2280253,8653,2394,157784,61940,31671,5549,1781862487,https://www.bilibili.com/video/BV1GDjB66EE9,http://i0.hdslb.com/bfs/archive/b7f0e83cb8a595492fe7c45b2e56bc59b662e664.jpg
2026-06-23,2026-06-23 16:40:00,59,BV1fLjt69ERX,116787442223218,【Reaction】穷人永远接触不到的场景,沙雕网友咸叽叽,乐评盘点,音乐,243,172,1477221,1605,5887,96947,1320,5445,790,1782035106,https://www.bilibili.com/video/BV1fLjt69ERX,http://i1.hdslb.com/bfs/archive/1a8dcea2f814b644570e01fcba31c46109631c89.jpg
2026-06-23,2026-06-23 16:40:00,60,BV1HyjH66EWe,116782744539240,🥕躲在超市后门吃萝卜的越狱兔🥕,天鹅绒寝室长,日常,生活,21,163,622871,508,1349,84234,16642,15792,6460,1782012600,https://www.bilibili.com/video/BV1HyjH66EWe,http://i0.hdslb.com/bfs/archive/09fc4d6424dd8439d4afdd0aba7821c59f3f1f7b.jpg
2026-06-23,2026-06-23 16:40:00,61,BV1wjjr6hEAR,116778835378560,#手工制作绘本 我的第三本《拥有神笔的马户》 #改编 #寓言故事 #原创绘画 #爱是什么,XS王棕棕,绘画,绘画,162,205,680888,411,1285,89697,10720,14175,2381,1781903756,https://www.bilibili.com/video/BV1wjjr6hEAR,http://i1.hdslb.com/bfs/archive/5b6cd6fe529e649ea4a3ff642bddca6e43a945dc.jpg
2026-06-23,2026-06-23 16:40:00,62,BV1UWLf6REiz,116769154928275,鲁豫对话蔡磊 段睿：只要不放弃，四面八方都是前方 | 陈鲁豫·慢谈EP20【视频播客】,陈鲁豫-慢谈,人文历史,知识,228,7111,1525137,3201,1811,39630,19583,16883,11527,1782014400,https://www.bilibili.com/video/BV1UWLf6REiz,http://i2.hdslb.com/bfs/archive/900fae2889a18a54362f333d8db2c33ce5d12328.jpg
2026-06-23,2026-06-23 16:40:00,63,BV1bWjk6yEuu,116778097182096,❤️【可能是你听过的最好听的一版翻唱】像笨蛋一样❤️バカみたいに,翼灵Official,翻唱,音乐,31,132,343442,868,1063,103877,7774,37206,1128,1781930100,https://www.bilibili.com/video/BV1bWjk6yEuu,http://i2.hdslb.com/bfs/archive/6a5a523bf2cc6c3031412d9c4c0888d40513e148.jpg
2026-06-23,2026-06-23 16:40:00,64,BV1Tqjq6hEHF,116774792138101,我只是做错了事，可我不是坏孩子,源小仔,亲子,生活,254,114,1678096,3722,1680,180367,88009,37967,639,1781842522,https://www.bilibili.com/video/BV1Tqjq6hEHF,http://i2.hdslb.com/bfs/archive/767c3396b8774d2ea06329d31ffbd78cab9401dd.jpg
2026-06-23,2026-06-23 16:40:00,65,BV1ZbjC6FEMX,116779875567544,🪳 广 东 人 的 一 天 🪳,路路迷路路,综合,综合,27,33,2551702,510,3959,178547,3652,11588,8446,1781926200,https://www.bilibili.com/video/BV1ZbjC6FEMX,http://i1.hdslb.com/bfs/archive/101adca376d1a6f2c6e60489ffe8ebb9bbb3b27b.jpg
2026-06-23,2026-06-23 16:40:00,66,BV1nHja6KEA3,116771872835698,做律师没料到要去村里抓猪抵债。法官：我也没料到～,戴律请回答,社科·法律·心理,知识,124,972,1668735,2461,4718,168814,91073,16634,3132,1781835600,https://www.bilibili.com/video/BV1nHja6KEA3,http://i1.hdslb.com/bfs/archive/4d8f84e7426f13b922911fd6eaa5c8d849a2b1af.jpg
2026-06-23,2026-06-23 16:40:00,67,BV1fFjb6XEg1,116786888449719,桑葚与桑树活在地球是屈才了,小时好食禄,科学科普,知识,201,315,1346318,1708,5039,64954,5893,28870,4966,1782034200,https://www.bilibili.com/video/BV1fFjb6XEg1,http://i0.hdslb.com/bfs/archive/0ea9d26a19b0ab1267f1aba35320f97f4f0d6b6c.jpg
2026-06-23,2026-06-23 16:40:00,68,BV1cMjc61EL9,116770430194149,磨银墨写悬浮 李商隐《无题》,小秋习字,绘画,绘画,162,80,4284116,2229,3755,298323,8608,30813,3415,1781775628,https://www.bilibili.com/video/BV1cMjc61EL9,http://i1.hdslb.com/bfs/archive/d4681f759763d5562bd4a4347209a15aa66918be.jpg
2026-06-23,2026-06-23 16:40:00,69,BV1Wej66FEnX,116777426096188,我来到了mc虚空的最深处？！,Super橘星,单机游戏,游戏,17,1217,581211,1860,1113,75924,5830,24949,604,1781882664,https://www.bilibili.com/video/BV1Wej66FEnX,http://i2.hdslb.com/bfs/archive/42570f2c3101c029882b69fb03c35e7e4e462b70.jpg
2026-06-23,2026-06-23 16:40:00,70,BV1wijJ6MEoy,116782006273890,云璃：让你入赘就算便宜你了，你还想逃婚？,我要吃蛋炒饭饭,手机游戏,游戏,172,167,669929,909,2282,66025,4477,20364,2544,1781952160,https://www.bilibili.com/video/BV1wijJ6MEoy,http://i0.hdslb.com/bfs/archive/73c0e3e74a781d9d62773ff71df48d3fb9c98d61.jpg
2026-06-23,2026-06-23 16:40:00,71,BV1eejn6tENU,116783180679398,新三国up锐评神探狄仁杰02：我们也有自己的孙乾,吃蛋挞的折棒,影视剪辑,影视,183,2021,817552,13044,5190,52865,34406,8265,848,1782007200,https://www.bilibili.com/video/BV1eejn6tENU,http://i1.hdslb.com/bfs/archive/35f91d598d941bb588f548e0643f15fd8afe1a54.jpg
2026-06-23,2026-06-23 16:40:00,72,BV1Bbjp6zEcd,116784338308431,特厨探店|新疆最好的烤全羊？！—尉犁烤羊,特厨隋坡,美食侦探,美食,212,234,1032722,1217,2984,80799,5575,7082,5688,1782012600,https://www.bilibili.com/video/BV1Bbjp6zEcd,http://i0.hdslb.com/bfs/archive/a02d6ae871de5eee0fb2f0d2a8504524c84d2c3c.jpg
2026-06-23,2026-06-23 16:40:00,73,BV1Xcjp6ZEqJ,116782559927212,当僵尸就是好，不缺吃的了，蜘蛛眼当瓜子嗑【我是僵尸】,磊哥游戏,单机游戏,游戏,17,329,967558,934,2015,94116,9559,7731,809,1782003600,https://www.bilibili.com/video/BV1Xcjp6ZEqJ,http://i0.hdslb.com/bfs/archive/d0c1cdbad64f5623e33e8c9c3a9c8deff947653e.jpg
2026-06-23,2026-06-23 16:40:00,74,BV1udjB6TEQr,116776352351491,我体内有寄生蜂的卵，寄生在寄生蜂卵上的…,-维C动物园-,野生动物,野生动物,221,635,924834,5459,1228,73443,3953,11036,2338,1781949600,https://www.bilibili.com/video/BV1udjB6TEQr,http://i1.hdslb.com/bfs/archive/2be4aa04f1d10a77669d0a1af52bef28ee4e0ea2.jpg
2026-06-23,2026-06-23 16:40:00,75,BV1MJj46AEX8,116785915433448,勃然大怒：以色列大使怒斥“闭嘴”“滚粗”，副球长病遁跑路,小Q不是导盲犬,社科·法律·心理,知识,124,1046,1436913,10804,4980,62298,9366,11154,3414,1782012063,https://www.bilibili.com/video/BV1MJj46AEX8,http://i1.hdslb.com/bfs/archive/5944656bc047407b9fce3d737d9e9070d35b84a1.jpg
2026-06-23,2026-06-23 16:40:00,76,BV1NMjt68EuL,116787526113006,《这最后几天是关键》,嘞是唐孃孃,搞笑,娱乐,138,81,1944005,1715,5099,145773,1549,5921,2924,1782036578,https://www.bilibili.com/video/BV1NMjt68EuL,http://i1.hdslb.com/bfs/archive/dc7e16c7acf08bccc36bd768ad05da4e2d8b93b8.jpg
2026-06-23,2026-06-23 16:40:00,77,BV1czjJ6KETp,116781905611355,欢迎来到男子汉的世界……,隔壁小贾-暗区突围,网络游戏,游戏,65,22,1177860,124,1030,119322,1999,27833,2616,1781950586,https://www.bilibili.com/video/BV1czjJ6KETp,http://i0.hdslb.com/bfs/archive/ae4f08c7a54e48b8866e4e773102010d2a67c6ac.jpg
2026-06-23,2026-06-23 16:40:00,78,BV1HM7F6UE5q,116788918488583,【IEM科隆Major】FURIA vs Falcons  6月21日 总决赛,CSGO官方赛事,电子竞技,游戏,171,26533,1451447,5937,16471,32576,13564,12311,2041,1782057533,https://www.bilibili.com/video/BV1HM7F6UE5q,http://i0.hdslb.com/bfs/archive/05d78af3ff5fe3d933470ea2b430ee7ddcec81d4.jpg
2026-06-23,2026-06-23 16:40:00,79,BV1xX7P6NEsJ,116792190114788,外星人来地球了！但迟到了那么一小会......,张拉灯,同人·手书,动画,47,183,500814,427,1762,72777,18442,15608,4806,1782107634,https://www.bilibili.com/video/BV1xX7P6NEsJ,http://i0.hdslb.com/bfs/archive/865ebc3a306d1ad3441c8514ae8f78cb14caa1a8.jpg
2026-06-23,2026-06-23 16:40:00,80,BV1XRj76jE7i,116780898981058,⚡女士也要电量满满⚡,我没魔芋爽,日常,生活,21,32,1362133,1732,2528,136103,2131,16221,13836,1781949600,https://www.bilibili.com/video/BV1XRj76jE7i,http://i1.hdslb.com/bfs/archive/78a8b243a8590c7ff7b4119b5ba91b99a9dcdab1.jpg
2026-06-23,2026-06-23 16:40:00,81,BV1LNj46kEJu,116786267754544,假如踢足球没有规则,阿君AI小剧场,足球,足球,249,173,977285,500,655,88917,734,6520,2361,1782025200,https://www.bilibili.com/video/BV1LNj46kEJu,http://i1.hdslb.com/bfs/archive/412542add5f182c307bcd31f38b9325b5ec3f06b.jpg
2026-06-23,2026-06-23 16:40:00,82,BV1KMjC6yEoF,116780026562717,和我弟玩cosplay,卡迪那-猫meme版,搞笑,娱乐,138,90,1429038,677,2467,124909,1242,13692,4402,1781936494,https://www.bilibili.com/video/BV1KMjC6yEoF,http://i1.hdslb.com/bfs/archive/0ef8758b4ab101727170661e8f0685c4c758f6aa.jpg
2026-06-23,2026-06-23 16:40:00,83,BV1bwj863E1t,116788633279136,王老菊教你断剑奇侠·S3-ep01：小本买卖堂堂正正,怕上火暴王老菊,单机游戏,游戏,17,4592,712018,6292,4123,41969,32590,11492,1231,1782053692,https://www.bilibili.com/video/BV1bwj863E1t,http://i0.hdslb.com/bfs/archive/fd1f1da8d94bf5e90b57498f98bf7409929e6215.jpg
2026-06-23,2026-06-23 16:40:00,84,BV1nhji61E9A,116775849038176,现在的恐怖游戏VS以前的恐怖游戏,Mc队友,日常,生活,21,33,949106,777,3164,124610,6379,54777,2598,1781858276,https://www.bilibili.com/video/BV1nhji61E9A,http://i1.hdslb.com/bfs/archive/5fb581d5933d90ae27d3a29d99c05b07b2f531af.jpg
2026-06-23,2026-06-23 16:40:00,85,BV1vhjn68EUr,116781402295077,NiKo科隆电影感混剪短片——《应无所住，而生其心》,CS2芬了个黎,网络游戏,游戏,65,278,537664,1642,11959,38039,22382,16176,3759,1781943472,https://www.bilibili.com/video/BV1vhjn68EUr,http://i0.hdslb.com/bfs/archive/1cba7feea4d47ff3eaade9473e705dc80f4dca7d.jpg
2026-06-23,2026-06-23 16:40:00,86,BV16bjs6EEtn,116785244474725,🐲🦐“猎鹰战胜绿龙！看哭100亿鹰美！”🦐🐲,Chamri_Channel,电子竞技,游戏,171,248,1112577,815,3816,61862,8436,7047,9135,1782003600,https://www.bilibili.com/video/BV16bjs6EEtn,http://i2.hdslb.com/bfs/archive/3c5a64e5ea6db98edfb5da7910807719a36d6150.jpg
2026-06-23,2026-06-23 16:40:00,87,BV1Tkjt6KEUd,116787358211683,当初我说假小子好 跟害你们似得,擦擦玩游戏,娱乐杂谈,娱乐杂谈,241,47,1439970,223,2122,89475,613,31232,3902,1782037800,https://www.bilibili.com/video/BV1Tkjt6KEUd,http://i1.hdslb.com/bfs/archive/e27a77e767aad466f77fd9eb5e40c492c2df80f0.jpg
2026-06-23,2026-06-23 16:40:00,88,BV1hNjw6vEa6,116769876347422,“啊，是关中王来了！”,三木刃,鬼畜剧场,鬼畜剧场,216,337,3042588,1756,2791,187872,24600,38726,11114,1781841300,https://www.bilibili.com/video/BV1hNjw6vEa6,http://i1.hdslb.com/bfs/archive/bfab94865def24138b661b7340eeed674179a6ea.jpg
2026-06-23,2026-06-23 16:40:00,89,BV1oDjh64E1y,116772208447972,当我在MC中放下地球仪,摆烂中的小宜zzz,单机游戏,游戏,17,53,648070,653,1030,144833,25465,36805,3240,1781841600,https://www.bilibili.com/video/BV1oDjh64E1y,http://i1.hdslb.com/bfs/archive/37c8db579ef68a83a6a3958b8bf682163f4417a0.jpg
2026-06-23,2026-06-23 16:40:00,90,BV1Rujb62EVn,116787123329993,假如你让太空死灵怀孕了！会发生什么？,爱冒险的柯基,鬼畜调教,鬼畜,22,511,659120,2083,3491,41125,5701,19291,3065,1782030295,https://www.bilibili.com/video/BV1Rujb62EVn,http://i2.hdslb.com/bfs/archive/7ed6dcbcb8086368725049e7ab5162518cf032f9.jpg
2026-06-23,2026-06-23 16:40:00,91,BV1XGjb6yE4x,116787022667386,如果爱昴天团看到了死归全过程【4】,生锈的包子,综合,综合,27,356,770227,1580,2926,47957,10505,12556,997,1782028719,https://www.bilibili.com/video/BV1XGjb6yE4x,http://i1.hdslb.com/bfs/archive/9ed4171a3dc15fde30421516d3366a0239feeda6.jpg
2026-06-23,2026-06-23 16:40:00,92,BV1kGjt6dECk,116787408605658,萧敬腾首次公开的秘密:我曾讨厌自己的声音。丨HOPICOx萧敬腾 对谈50分,HOPICO,乐评盘点,音乐,243,2952,1889507,1579,1453,45954,4465,8274,1131,1782120600,https://www.bilibili.com/video/BV1kGjt6dECk,http://i1.hdslb.com/bfs/archive/cefd9b1202147b34dad1ac9b56f937c441981a30.jpg
2026-06-23,2026-06-23 16:40:00,93,BV1zb7K6bEiA,116793079304242,有能的阿伟,神威-狗剩,影视剪辑,影视,183,137,1106091,1147,1800,81884,3078,12190,8349,1782121085,https://www.bilibili.com/video/BV1zb7K6bEiA,http://i1.hdslb.com/bfs/archive/536a424c8dd8c9f5672ffd9f7bd0669c4b6598e5.jpg
2026-06-23,2026-06-23 16:40:00,94,BV1FX7F6UE8f,116790512322760,原来男生也可以收到惊喜和花,特工001k,搞笑,娱乐,138,246,500269,3186,5417,70135,6594,9027,5994,1782082060,https://www.bilibili.com/video/BV1FX7F6UE8f,http://i0.hdslb.com/bfs/archive/14a3bd87a8f978d732e2e7b0f76e39a30509a52b.jpg
2026-06-23,2026-06-23 16:40:00,95,BV1dTjh6dE12,116787710528262,这个骗子估计晚上睡觉都会想起那几个字，作为一个销冠必须拿的住一切,一只鱼雨鱼,喵星人,喵星人,218,182,685183,819,2052,53253,3867,14151,15092,1782039061,https://www.bilibili.com/video/BV1dTjh6dE12,http://i1.hdslb.com/bfs/archive/1055879dbcbf0390a858ca2e6557cf42cbb7f806.jpg
2026-06-23,2026-06-23 16:40:00,96,BV14pjB6fEcV,116776503352076,纸诛侠·篇子传奇,微波炉大人,日常,生活,21,40,882682,18871,7785,121688,3788,27206,22021,1781868085,https://www.bilibili.com/video/BV14pjB6fEcV,http://i1.hdslb.com/bfs/archive/523752108c480f40b91442c9bb7aa166e18b3b71.jpg
2026-06-23,2026-06-23 16:40:00,97,BV1Qtjq6iEoF,116775228278653,祝大家端午節快樂,台灣館長,日常,生活,21,17,3473078,13748,13024,595182,21632,41296,33703,1781848904,https://www.bilibili.com/video/BV1Qtjq6iEoF,http://i1.hdslb.com/bfs/archive/bdd921fa27274787b2e615a36e2417695d23128d.jpg
2026-06-23,2026-06-23 16:40:00,98,BV1P2jt6YEn9,116787374984615,蒜苔不就是食品版的拼豆吗,周大爷不服老,搞笑,娱乐,138,30,1357515,181,456,140050,809,9402,2791,1782034356,https://www.bilibili.com/video/BV1P2jt6YEn9,http://i0.hdslb.com/bfs/archive/7e029d35b87c4857651e3d9277b041f42ab1d866.jpg
2026-06-23,2026-06-23 16:40:00,99,BV1qhjn68Epa,116781402296392,有一只小傻龙前来买包子,小陈的脚凑凑的,日常,生活,21,74,574453,131,815,118445,6792,27275,2591,1781942983,https://www.bilibili.com/video/BV1qhjn68Epa,http://i0.hdslb.com/bfs/archive/1b268cb1f2cd4a131ce27b5e241d3496dacb3cc3.jpg
2026-06-23,2026-06-23 16:40:00,100,BV1d8jC6bEBv,116779858791895,“那是我等待了一生的巨浪”【Changes-Remix】【不屈の小曲】,早睡起大王,音乐综合,音乐,130,163,816228,158,903,69132,1051,13911,426,1781920800,https://www.bilibili.com/video/BV1d8jC6bEBv,http://i1.hdslb.com/bfs/archive/73e76ff035bf2f87e78755842d288667e7426dae.jpg
