rank_date,snapshot_time,rank_position,bvid,aid,title,author,category,main_category,tid,duration,view_count,danmaku_count,reply_count,like_count,coin_count,favorite_count,share_count,pubdate,video_url,cover_url
2026-06-08,2026-06-08 10:02:23,1,BV15C7k6REKC,116697197451293,公测定档7月 | 《遗忘之海》船员集结摇滚MV「燥」,遗忘之海,GMV,GMV,121,205,7077695,1383,2575,129808,86115,84056,4774,1780711200,https://www.bilibili.com/video/BV15C7k6REKC,http://i0.hdslb.com/bfs/archive/bef8db958217ad42ed011f4bf5d5d6c1cf3a4bad.jpg
2026-06-08,2026-06-08 10:02:23,2,BV1cu7r6FEPd,116696023045705,英国，沦为印度殖民地,平原公子,日常,生活,21,463,3282902,13466,9322,212803,9533,23268,21078,1780640137,https://www.bilibili.com/video/BV1cu7r6FEPd,http://i1.hdslb.com/bfs/archive/95ba7fb80bc2a46fc2c8f7ff69a08c57c40ef914.jpg
2026-06-08,2026-06-08 10:02:23,3,BV1Uj7k6VEPU,116697432395968,信 |《归唐》19分钟完整实机演示,归唐,单机游戏,游戏,17,1167,7119151,20708,29544,124511,40564,25022,52590,1780791300,https://www.bilibili.com/video/BV1Uj7k6VEPU,http://i1.hdslb.com/bfs/archive/73972f02b3d2a52c97a1ec81e53403fef6160006.jpg
2026-06-08,2026-06-08 10:02:23,4,BV17GEP6xEDW,116692348832614,新三国up锐评楚汉传奇01：是不是我打开的方式不太对？,吃蛋挞的折棒,影视杂谈,影视,182,1348,1594905,20317,11736,137096,131405,28621,10596,1780624800,https://www.bilibili.com/video/BV17GEP6xEDW,http://i2.hdslb.com/bfs/archive/4e5cd47c8551d2b66643e2800041b7ec2d3bf729.jpg
2026-06-08,2026-06-08 10:02:23,5,BV1WY7U6dEJ5,116699814693875,【微电影】人类文明的最后一届高考,最后讲述者,鬼畜剧场,鬼畜剧场,216,263,2167809,2900,6076,174645,20476,39848,9517,1780709400,https://www.bilibili.com/video/BV1WY7U6dEJ5,http://i2.hdslb.com/bfs/archive/40a717d48c3dbeb9559b00a07a88af6cfd5181fb.jpg
2026-06-08,2026-06-08 10:02:23,6,BV1wEEc6REms,116692097238799,城市大富翁（5）,雨哥到处跑,日常,生活,21,3846,1763362,39261,5215,151677,120039,40657,5158,1780628700,https://www.bilibili.com/video/BV1wEEc6REms,http://i1.hdslb.com/bfs/archive/8628e50dc2e56aec5815c8e3f665d304cfe23d80.jpg
2026-06-08,2026-06-08 10:02:23,7,BV1rg7C6TEUm,116696912369911,一句“一氧化二氢”能钓出多少“读稿机”？,中国食品报融媒体,科学科普,知识,201,291,4668643,6494,22295,197678,15623,24288,16218,1780653928,https://www.bilibili.com/video/BV1rg7C6TEUm,http://i1.hdslb.com/bfs/archive/1081ed32a36e81bee443915a997ed5f2bd56badd.jpg
2026-06-08,2026-06-08 10:02:23,8,BV1T9Vm6UE2N,116684681647760,《古剑》3分钟战斗实机 | 线下试玩招募开启,古剑,单机游戏,游戏,17,168,5071810,3571,10264,96663,54132,34407,23031,1780698215,https://www.bilibili.com/video/BV1T9Vm6UE2N,http://i0.hdslb.com/bfs/archive/d18a0e2a80905c1a2bfe0d000c3ca47aa1548899.jpg
2026-06-08,2026-06-08 10:02:23,9,BV19ZEF6MEBV,116690117464228,人在干坏事的时候是不怕苦不怕累的,我是易拉爆,日常,生活,21,309,2176238,1475,4094,207151,15675,31191,15560,1780550100,https://www.bilibili.com/video/BV19ZEF6MEBV,http://i2.hdslb.com/bfs/archive/5a3e59dd5183e87d69b1ad3224466b821bf05e23.jpg
2026-06-08,2026-06-08 10:02:23,10,BV13s7z63EjV,116695016477738,《绝区零》3.0新地块实机演示,绝区零,手机游戏,游戏,172,599,1454380,9421,13690,125886,58823,22467,25003,1780624803,https://www.bilibili.com/video/BV13s7z63EjV,http://i0.hdslb.com/bfs/archive/ac132a13aed30f0b83ff50dfb56d83e2e518206a.jpg
2026-06-08,2026-06-08 10:02:23,11,BV1xU7f6xEjt,116690939546284,CF单机叙事续作——《穿越火线：潜伏》实机首曝,穿越火线潜伏,单机游戏,游戏,17,308,5941426,1875,6181,129161,7424,26345,14604,1780696800,https://www.bilibili.com/video/BV1xU7f6xEjt,http://i0.hdslb.com/bfs/archive/140a4abb0c80a2aa1e7cb7126c978567b667ed12.jpg
2026-06-08,2026-06-08 10:02:23,12,BV15v7S65EWD,116701022717876,挑战给历史故事打tag（标签）,混饭达人,娱乐杂谈,娱乐杂谈,241,77,3193024,2895,2469,254540,6080,29862,15420,1780716510,https://www.bilibili.com/video/BV15v7S65EWD,http://i2.hdslb.com/bfs/archive/1845b193e356ee0f6b686419e20cc96fe1678367.jpg
2026-06-08,2026-06-08 10:02:23,13,BV16w7D6RERW,116700921988742,007看后:追逐战？,MEspace天植,绘画,绘画,162,49,2652170,265,1101,259798,24800,44952,2306,1780714922,https://www.bilibili.com/video/BV16w7D6RERW,http://i2.hdslb.com/bfs/archive/f35dab38094910739815ae6424bcceee9316f8f7.jpg
2026-06-08,2026-06-08 10:02:23,14,BV1df7r6REpB,116695469463690,如何在家制造浓汤宝,嘤武罗,日常,生活,21,501,4812494,3635,3373,187764,47304,45872,2840,1780650000,https://www.bilibili.com/video/BV1df7r6REpB,http://i2.hdslb.com/bfs/archive/94c85d2ebad9002fcbad0c7ef2f3c8a3f1ec6768.jpg
2026-06-08,2026-06-08 10:02:23,15,BV1uXEA6gEMu,116692567070822,“别着急，我来给你补充「偶！像！能！量！」”,小耗owo,手机游戏,游戏,172,80,1216900,946,2578,240249,16798,54487,11155,1780624800,https://www.bilibili.com/video/BV1uXEA6gEMu,http://i1.hdslb.com/bfs/archive/64822f49e99e9fb8b41ba5e0f9e06f48d4b76446.jpg
2026-06-08,2026-06-08 10:02:23,16,BV1xR7S6hEkB,116700804683368,菲比：就你们寝室最吵！！,Lm海洋,音乐综合,音乐,130,262,1115879,732,3845,89463,65230,40007,14059,1780713190,https://www.bilibili.com/video/BV1xR7S6hEkB,http://i1.hdslb.com/bfs/archive/348cd3608f962369b093721ee90e2515a127a833.jpg
2026-06-08,2026-06-08 10:02:23,17,BV1pDV86oE6S,116657217344637,热烈欢迎薛凯琪！工作之余，Fiona会带哪些让自己感到快乐的东西呢～（录完这期脑海里都是Fifi的笑声,papi酱,短片,动画,256,2017,1390953,11582,4901,138188,54384,17296,7769,1780632000,https://www.bilibili.com/video/BV1pDV86oE6S,http://i2.hdslb.com/bfs/archive/032f4048d6f94c465fc10972289999cf79f2572f.jpg
2026-06-08,2026-06-08 10:02:23,18,BV1PP7C63E2J,116696710912022,《师》我回母校当老师,阿廖沙别害怕_,搞笑,娱乐,138,296,1938934,524,1116,180132,5026,14240,633,1780650587,https://www.bilibili.com/video/BV1PP7C63E2J,http://i0.hdslb.com/bfs/archive/b04455fde128b88ff0a92e264778512242510bc9.jpg
2026-06-08,2026-06-08 10:02:23,19,BV1ZREP6dEcU,116693758117714,扫落叶全清洁100%速通39分03秒leaf it alone,闲云豹,单机游戏,游戏,17,2367,1595398,1776,2396,139410,14667,30139,5772,1780605809,https://www.bilibili.com/video/BV1ZREP6dEcU,http://i1.hdslb.com/bfs/archive/310db23466f62e9399f25f92c8d2b0af953476d6.jpg
2026-06-08,2026-06-08 10:02:23,20,BV1Qi7f6eE59,116690805395451,致敬每一个心中有花，努力奔跑的人,爱画画的子衿,亲子,生活,254,313,1751595,3472,3678,238894,120787,16015,3847,1780561800,https://www.bilibili.com/video/BV1Qi7f6eE59,http://i1.hdslb.com/bfs/archive/2c9cc3dd70d264a8473e46b8bebaad7db4d6ef2c.jpg
2026-06-08,2026-06-08 10:02:23,21,BV1uX7k6UENx,116696761239484,巨构：没有告别,巨构ai,网络游戏,游戏,65,19,2979390,5965,7638,475532,24492,160672,7316,1780651506,https://www.bilibili.com/video/BV1uX7k6UENx,http://i0.hdslb.com/bfs/archive/1422e60b2923b373953bd4ce6433b6f0e91f9501.jpg
2026-06-08,2026-06-08 10:02:23,22,BV168796PEv1,116685839403735,如此仙音唯有挠臭,lulu和露爸,喵星人,喵星人,218,26,5110149,18655,6119,638378,18820,124232,27188,1780484850,https://www.bilibili.com/video/BV168796PEv1,http://i1.hdslb.com/bfs/archive/87f3ce4876a2e50e34a2c1b24dfe10ae34700a55.jpg
2026-06-08,2026-06-08 10:02:23,23,BV1s7V46XEix,116655590017716,评论区摄影大赛之火遍全网的佳作篇，本期有锐评系列也有破败与新生佳作，欢迎投稿好的作品会让更多人看到。,摄影恩哥,日常,生活,21,124,5060852,1845,9998,319588,2541,24275,1017,1780738200,https://www.bilibili.com/video/BV1s7V46XEix,http://i1.hdslb.com/bfs/archive/58aada2ca9cd83b3f4d86b331759b2c832c8bcb4.jpg
2026-06-08,2026-06-08 10:02:23,24,BV15iEc6VEfH,116691577216788,路边一块，也能变废为宝，雕刻出大家想要的题材我不知道什么时候天才会亮，但我知道，跑着跑着，天就亮了。,小梨家的和田玉,手工,生活,161,220,6211520,4077,12112,236778,8313,22838,3890,1780572193,https://www.bilibili.com/video/BV15iEc6VEfH,http://i2.hdslb.com/bfs/archive/c1597efe82d66a7f728f8bdd84505eff4b7f5ac9.jpg
2026-06-08,2026-06-08 10:02:23,25,BV1gsEw6zExs,116691040208641,你的高考/中考/期末考belike,哈基mer-猫meme,搞笑,娱乐,138,22,942248,31147,2689,307974,32755,62118,5614,1780564012,https://www.bilibili.com/video/BV1gsEw6zExs,http://i2.hdslb.com/bfs/archive/4f76f8d127f1c6d5a990c89a161f10356e783cd4.jpg
2026-06-08,2026-06-08 10:02:23,26,BV1w6EF6QEjZ,116690033778619,不看后悔！史上最神人店家！,转生成为毛毛,美食侦探,美食,212,186,3513659,4085,9357,180460,5341,30521,15213,1780563600,https://www.bilibili.com/video/BV1w6EF6QEjZ,http://i1.hdslb.com/bfs/archive/07cb98d8f59285212c90c7646739a87803bf06c0.jpg
2026-06-08,2026-06-08 10:02:23,27,BV1pW7Q68Emz,116702180348281,这期谁能绷住,呱唧菌,搞笑,娱乐,138,339,1560554,1954,1511,141588,7200,25607,2018,1780741800,https://www.bilibili.com/video/BV1pW7Q68Emz,http://i2.hdslb.com/bfs/archive/5ae6e1d11721490eb4a17034e97a4c36afdca5f0.jpg
2026-06-08,2026-06-08 10:02:23,28,BV1wE7m67EAF,116700569671653,“我在成华大道「拼接遗憾」”,Dieorite,人力VOCALOID,人力VOCALOID,126,116,690979,3006,1690,153610,32881,43717,2738,1780709690,https://www.bilibili.com/video/BV1wE7m67EAF,http://i1.hdslb.com/bfs/archive/b7a88bfce9322211ddb670d69d549967dba6591e.jpg
2026-06-08,2026-06-08 10:02:23,29,BV1TR766zEvE,116695972714489,在沙漠里种了1800万棵树，然后呢？,影视飓风,娱乐粉丝创作,娱乐,242,756,3001387,10265,2898,153576,57905,26398,2727,1780650000,https://www.bilibili.com/video/BV1TR766zEvE,http://i1.hdslb.com/bfs/archive/af434541e40c0402ac850fc6783faa3ed5bfdda9.jpg
2026-06-08,2026-06-08 10:02:23,30,BV1WT7C6uEj8,116696878749194,猫 咪 的 花 语 是 老 吴🎵,幾加乘,同人·手书,动画,47,259,1689702,1684,3290,121192,18554,25512,11078,1780653131,https://www.bilibili.com/video/BV1WT7C6uEj8,http://i0.hdslb.com/bfs/archive/ad354ddb8c2e2bf697327dc182835b3d6014f4b1.jpg
2026-06-08,2026-06-08 10:02:23,31,BV1Ja7k6AE1b,116697063235411,我又给花朵加了个开关！,是玉木呀,设计·创意,设计·创意,229,104,1060335,558,891,169953,19723,34549,3513,1780656042,https://www.bilibili.com/video/BV1Ja7k6AE1b,http://i0.hdslb.com/bfs/archive/c05470a618fc67ee60cb9df153eb5ad6d3c8ce08.jpg
2026-06-08,2026-06-08 10:02:23,32,BV1UV7k6LEUG,116697264627213,航天会刷典狱长？！【三角洲动画】,手折余弦丶,电子竞技,游戏,171,300,1294225,1434,1755,108392,12452,27846,3340,1780659017,https://www.bilibili.com/video/BV1UV7k6LEUG,http://i0.hdslb.com/bfs/archive/eb575db6391346950b2623259e6c0c6469239e03.jpg
2026-06-08,2026-06-08 10:02:23,33,BV1hG7y69Ej2,116698036313694,史上最骚特工(第二集),老番茄,单机游戏,游戏,17,842,2297189,3273,1771,136559,44673,38232,2326,1780716600,https://www.bilibili.com/video/BV1hG7y69Ej2,http://i2.hdslb.com/bfs/archive/c4778bfde8d395e0f91e2f746393736302e8205c.jpg
2026-06-08,2026-06-08 10:02:23,34,BV1um7665EpW,116696325033820,讷,水生植物人owo,日常,生活,21,16,1336112,966,7497,193617,5158,50342,17797,1780644714,https://www.bilibili.com/video/BV1um7665EpW,http://i2.hdslb.com/bfs/archive/ce971f171b1f22d061819b3fea882f5d4af2a608.jpg
2026-06-08,2026-06-08 10:02:23,35,BV1bV7k6LExn,116697264560365,再见！一系列！高考必胜！,一数,校园学习,知识,208,193,930877,29869,15420,87705,33798,18057,5776,1780659292,https://www.bilibili.com/video/BV1bV7k6LExn,http://i2.hdslb.com/bfs/archive/5df66240b2b71ca2bc6ce697e929657b1b1df5a4.jpg
2026-06-08,2026-06-08 10:02:23,36,BV1gWEw6gE4X,116691056987748,“这种没流量的画画最狠了”,像风如你o_O,日常,生活,21,25,2269783,686,3347,278518,7714,23888,1128,1780564358,https://www.bilibili.com/video/BV1gWEw6gE4X,http://i0.hdslb.com/bfs/archive/96621cf035234fbf3c3d6f498d6f4d5eae388c12.jpg
2026-06-08,2026-06-08 10:02:23,37,BV1GHEw6rEo4,116691140875979,无能的杰哥,神威-狗剩,影视剪辑,影视,183,154,2824303,1904,3850,138317,8414,25623,27893,1780565876,https://www.bilibili.com/video/BV1GHEw6rEo4,http://i2.hdslb.com/bfs/archive/0814d03bdf68a6a83cba4b8ba18fa6d58d6de912.jpg
2026-06-08,2026-06-08 10:02:23,38,BV1dY7Q6pEQZ,116701878291791,千里奔赴只为弥补40年前的遗憾,赛亚人阿廖,出行,生活,250,246,1075726,2066,1736,127771,33241,13138,456,1780729530,https://www.bilibili.com/video/BV1dY7Q6pEQZ,http://i0.hdslb.com/bfs/archive/5f9f719eb1fb6326b0a2eabe298cd1484afab3e6.jpg
2026-06-08,2026-06-08 10:02:23,39,BV1vR7D6JEEm,116702566223209,全球吃席！自驾巴尔干婚礼，吃欧洲乡村大席,食贫道,日常,生活,21,3274,1145496,7820,1650,109931,41111,14419,3370,1780741089,https://www.bilibili.com/video/BV1vR7D6JEEm,http://i2.hdslb.com/bfs/archive/b23120503d27e3049c25e887901c19df17a98fe1.jpg
2026-06-08,2026-06-08 10:02:23,40,BV1vEEP6HEFw,116692281789801,2025年出货量370万台！激光雷达真成“安全气囊”了？,保镖的车库,新能源车,新能源车,247,606,2234852,631,959,122442,3520,12443,491,1780653900,https://www.bilibili.com/video/BV1vEEP6HEFw,http://i1.hdslb.com/bfs/archive/76872e6b743f73527ee70c89a75c39214a868540.jpg
2026-06-08,2026-06-08 10:02:23,41,BV1kCVU65ERM,116669112386149,初中生斗胆跳一段jam,特崮斯,篮球,运动,235,45,6746941,10873,19084,1284937,211044,136408,20259,1780229707,https://www.bilibili.com/video/BV1kCVU65ERM,http://i1.hdslb.com/bfs/archive/5871a66dc8e356ff71da4a6d99d5922b4a6a3fce.jpg
2026-06-08,2026-06-08 10:02:23,42,BV19N7y6bE1e,116698455803490,全体起立鼓掌！人类发现了治癌症的新药！🤯,蜗牛的科技笔记,软件应用,软件应用,230,115,1521056,1302,7029,140362,5850,23535,9932,1780677279,https://www.bilibili.com/video/BV19N7y6bE1e,http://i2.hdslb.com/bfs/archive/3b5f57bbd2f68b33097261f34d0cbb700b9439ce.jpg
2026-06-08,2026-06-08 10:02:23,43,BV1xkE46PE59,116707649656463,参加了九次高考的考生采访,自来卷三木,日常,生活,21,99,2734159,1840,2477,188431,5133,11166,5041,1780817665,https://www.bilibili.com/video/BV1xkE46PE59,http://i1.hdslb.com/bfs/archive/2c51e17d5ab278033691d055015af26638867e5b.jpg
2026-06-08,2026-06-08 10:02:23,44,BV17q7y6qEeG,116697767874225,当代牢大学生论文现状belike：,黑曼波语录,鬼畜调教,鬼畜,22,78,1652625,256,1982,125287,4465,85150,9931,1780716900,https://www.bilibili.com/video/BV17q7y6qEeG,http://i2.hdslb.com/bfs/archive/a42866374c2dd87fd5093121386c1dd1372e10a6.jpg
2026-06-08,2026-06-08 10:02:23,45,BV1LR7D6JEV7,116702566156828,Re：佩恩从零开始的异世界生活！！！【水门篇】,-夏秋冬-,综合,综合,27,416,1097545,1540,3682,75875,27027,22212,4526,1780740005,https://www.bilibili.com/video/BV1LR7D6JEV7,http://i0.hdslb.com/bfs/archive/bb4c488614d181445341190010ddfd29eae8cfb7.jpg
2026-06-08,2026-06-08 10:02:23,46,BV1CQ7o61ERo,116689798764442,人，握爪后就不要放开咯！——《伊莫》握爪测试招募开启,伊莫,手机游戏,游戏,172,119,3376235,719,3294,80725,41048,40680,33651,1780797600,https://www.bilibili.com/video/BV1CQ7o61ERo,http://i0.hdslb.com/bfs/archive/06bcb84e42974283a3ade3bf6fbee2302b4b4d96.jpg
2026-06-08,2026-06-08 10:02:23,47,BV1tV7k6LEyH,116697264556028,你或许不认识我 但我唱的歌你或许？？听过？,喵☆酱,翻唱,音乐,31,443,594526,5713,2642,120833,8184,17917,1331,1780659262,https://www.bilibili.com/video/BV1tV7k6LEyH,http://i1.hdslb.com/bfs/archive/f27fa302b117dedb6f353c75770d440ca8982c33.jpg
2026-06-08,2026-06-08 10:02:23,48,BV1VD726iE1t,116698791282580,《猴王出事》,伤心欲茄222,搞笑,娱乐,138,103,2380209,1214,3677,167143,6701,8664,6007,1780718400,https://www.bilibili.com/video/BV1VD726iE1t,http://i1.hdslb.com/bfs/archive/2fa41f4d1af95817e553d8fd8c6eeb7fc16a9d82.jpg
2026-06-08,2026-06-08 10:02:23,49,BV13HEw6rEhc,116691140873202,接龙游戏开发，但都绷住了,M木糖M,单机游戏,游戏,17,933,1740295,1605,1110,85273,12374,15978,1455,1780630200,https://www.bilibili.com/video/BV13HEw6rEhc,http://i2.hdslb.com/bfs/archive/1083ae38f0917802668505e94ed2fe06226cc58b.jpg
2026-06-08,2026-06-08 10:02:23,50,BV1Qt7X61Enn,116686241993999,百万英镑，但素质过低,青时晚,影视剪辑,影视,183,174,2499986,2096,2663,147117,12193,37753,14912,1780490956,https://www.bilibili.com/video/BV1Qt7X61Enn,http://i0.hdslb.com/bfs/archive/1573985b4950f4d1001b3a21a50adab722b0a0f1.jpg
2026-06-08,2026-06-08 10:02:23,51,BV1jz7k6tEkL,116696979347018,教程来啦兄弟们 拍起来,是柳宗元,电子竞技,游戏,171,46,2314109,193,929,175876,3041,26771,1423,1780654702,https://www.bilibili.com/video/BV1jz7k6tEkL,http://i0.hdslb.com/bfs/archive/becaa38ea9e7437bed18411340db6d5da7f4cd54.jpg
2026-06-08,2026-06-08 10:02:23,52,BV1Jj7C6AEPq,116696845193451,是我还不够好,怎么转身又是,MMD·3D,动画,25,67,1835821,4664,7061,182601,9712,44726,28137,1780652794,https://www.bilibili.com/video/BV1Jj7C6AEPq,http://i0.hdslb.com/bfs/archive/c261bcb22b8b34b31c0d9cb2e04b0a49a318b123.jpg
2026-06-08,2026-06-08 10:02:23,53,BV1dq7Q6SEbX,116701827961912,最不吃压力之熊,传奇飞行员_太日阳莽,鬼畜剧场,鬼畜剧场,216,91,1694886,648,2689,135835,2453,30973,4313,1780728644,https://www.bilibili.com/video/BV1dq7Q6SEbX,http://i2.hdslb.com/bfs/archive/cdfe2d04e5d60dbd700833f920d17d40cebc2d39.jpg
2026-06-08,2026-06-08 10:02:23,54,BV1yo7B68EHX,116695117207554,《鸣潮》×《赛博朋克：边缘行者》共鸣者战斗演示 | 露西,鸣潮,单机游戏,游戏,17,283,2289573,2476,8318,79081,24547,13864,14979,1780628400,https://www.bilibili.com/video/BV1yo7B68EHX,http://i2.hdslb.com/bfs/archive/61426f2876187b9326f1b732fdea7044e08d7ea3.jpg
2026-06-08,2026-06-08 10:02:23,55,BV1xZ7k6LESp,116696778084201,“哎呀 我们的主角倒下啦～”,西门小昭,综合,综合,27,30,791673,127,1168,150949,10752,60551,2768,1780655400,https://www.bilibili.com/video/BV1xZ7k6LESp,http://i2.hdslb.com/bfs/archive/2c5c6c548ed488771077293e2f7bfcfb435e4744.jpg
2026-06-08,2026-06-08 10:02:23,56,BV15z766SE1A,116696341812776,假如高考什么都可以带,小安苒AIGC,校园学习,知识,208,177,2394402,2935,2754,101818,2382,7972,1927,1780646400,https://www.bilibili.com/video/BV15z766SE1A,http://i2.hdslb.com/bfs/archive/ed743a6a86446310a9957bce92faa671a082a6d8.jpg
2026-06-08,2026-06-08 10:02:23,57,BV1JJ7m62ELC,116700620065327,最直接的伤害往往只需采用最简单的普通攻击 #超能力 #万万没想到 #反转 #劲大,刘不凡本凡,短片,动画,256,364,2155035,2683,5940,118951,1781,13877,796,1780719600,https://www.bilibili.com/video/BV1JJ7m62ELC,http://i1.hdslb.com/bfs/archive/1b35b982075822d704a03ec34c21632ebcfa9044.jpg
2026-06-08,2026-06-08 10:02:23,58,BV1EwEF62EhA,116690721443492,当校长挑选教室地板时,Cheems电玩屋,日常,生活,21,18,5159155,844,5085,208309,1261,7879,518,1780559484,https://www.bilibili.com/video/BV1EwEF62EhA,http://i0.hdslb.com/bfs/archive/8916553504d48aec3ba5ad2bdfeec5fcf7eefc1c.jpg
2026-06-08,2026-06-08 10:02:23,59,BV1Zj7C6wEJY,116696845125445,织棉为布，非遗土布。用千年蓝染，重现极致的东方浪漫,花木紫Huamuz,手工,生活,161,401,1206122,1725,2605,97590,9165,9747,733,1780652882,https://www.bilibili.com/video/BV1Zj7C6wEJY,http://i0.hdslb.com/bfs/archive/753a39454d2f1455af84effb021941e20ad4c2c7.jpg
2026-06-08,2026-06-08 10:02:23,60,BV15W7C6tEyc,116696425766532,送你一片夕阳！,困雀雀,仿妆cos,时尚,252,36,581334,148,2334,169796,9139,30849,2698,1780646468,https://www.bilibili.com/video/BV15W7C6tEyc,http://i2.hdslb.com/bfs/archive/86973af2078693bfe5fc81d4dae783648e7fb904.jpg
2026-06-08,2026-06-08 10:02:23,61,BV1YVEn6fEmZ,116703304356999,那天真有其他人在场，但我没法证明。,何大爷课堂,人文历史,知识,228,123,1705843,335,2462,133079,3086,11870,1014,1780751375,https://www.bilibili.com/video/BV1YVEn6fEmZ,http://i1.hdslb.com/bfs/archive/36a36b65d7a5cdced8c027e2371074acb5dd204b.jpg
2026-06-08,2026-06-08 10:02:23,62,BV1JAEw69EUS,116691342200777,生完宝宝之后我再也不敢得罪我老公了，因为……,笑哥走丢了a,亲子,生活,254,89,2411338,922,7559,184298,3554,9381,2107,1780568869,https://www.bilibili.com/video/BV1JAEw69EUS,http://i2.hdslb.com/bfs/archive/2496ecbfca22198efdffe5b1855ea840b90edb2a.jpg
2026-06-08,2026-06-08 10:02:23,63,BV1uX7k6UEPn,116696761239539,把硬装的喊过来！,脱缰凯Kk,小剧场,娱乐,85,219,1344880,1645,1684,98439,3392,10294,695,1780651876,https://www.bilibili.com/video/BV1uX7k6UEPn,http://i1.hdslb.com/bfs/archive/1a5306b127f7814fe75bc726966f0f675fcb7e33.jpg
2026-06-08,2026-06-08 10:02:23,64,BV1Xa7m6qEm7,116700217347938,意识深渊：我真的存在吗？,大圆镜科普,科学科普,知识,201,484,927579,1340,2119,85941,3122,16483,1497,1780704207,https://www.bilibili.com/video/BV1Xa7m6qEm7,http://i1.hdslb.com/bfs/archive/2d760490c4cfbae1c3b9168320f075ace66ad15a.jpg
2026-06-08,2026-06-08 10:02:23,65,BV17z7y6KEVT,116697751096214,可爱的安魂曲~,徐大花xudahua,手工,生活,161,158,1483805,370,1427,100645,6641,14329,2367,1780718400,https://www.bilibili.com/video/BV17z7y6KEVT,http://i2.hdslb.com/bfs/archive/2fbc38542399965a708c159f85533b4f5065fe8c.jpg
2026-06-08,2026-06-08 10:02:23,66,BV1yk7X6KEz4,116686023891513,2高中生屠杀同学，造成13人死亡后自杀，开启美国校园枪击案先河：科伦拜恩枪击案,捕月说,人文历史,知识,228,733,2320081,963,871,79029,1041,11209,493,1780654200,https://www.bilibili.com/video/BV1yk7X6KEz4,http://i2.hdslb.com/bfs/archive/b52e8d555de710438989ea0831c1fa8211fbe67d.jpg
2026-06-08,2026-06-08 10:02:23,67,BV1R7Ew65ERR,116691124229360,当爸爸找亲戚买手机,刘鸿哥哥,小剧场,娱乐,85,119,2461853,1002,3128,167069,1515,9008,1807,1780565630,https://www.bilibili.com/video/BV1R7Ew65ERR,http://i0.hdslb.com/bfs/archive/5e4feb10a7cf9e178bf7e9a619d62843bc5ae8b2.jpg
2026-06-08,2026-06-08 10:02:23,68,BV1W6VZ6MEbd,116674313328609,🍄欠揍气球🍄,纸片马力欧,日常,生活,21,40,4685828,6952,10851,536000,42968,284615,80840,1780309043,https://www.bilibili.com/video/BV1W6VZ6MEbd,http://i0.hdslb.com/bfs/archive/3d18bae01c4fc365d9e7e0ede5efb926e32115ad.jpg
2026-06-08,2026-06-08 10:02:23,69,BV1YV7U6zEps,116699697254319,小登VS老登,灼眼的SABER哒,同人·手书,动画,47,63,989456,465,2552,126755,11027,42506,10235,1780718400,https://www.bilibili.com/video/BV1YV7U6zEps,http://i0.hdslb.com/bfs/archive/dce2758cd8546e893008888b88f215364194d4a7.jpg
2026-06-08,2026-06-08 10:02:23,70,BV15d7D6UE4i,116702549379788,世界杯期间不抓移民？那这世界杯不是白办了吗,麻薯波比呀,社科·法律·心理,知识,124,995,1458044,6639,3104,84153,12099,9389,2028,1780740025,https://www.bilibili.com/video/BV15d7D6UE4i,http://i2.hdslb.com/bfs/archive/91940674117acf43b95f7a6e2e7ab686470cc3ea.jpg
2026-06-08,2026-06-08 10:02:23,71,BV1yc7r6vE1C,116695905734805,关于我18岁为什么不去参加高考,我不是赤寒,日常,生活,21,126,1148098,1511,6396,127549,6868,13765,1800,1780638439,https://www.bilibili.com/video/BV1yc7r6vE1C,http://i1.hdslb.com/bfs/archive/294ac25c415d3dcaf5c46bbc02fb5df23da86784.jpg
2026-06-08,2026-06-08 10:02:23,72,BV1TK7S6PESt,116701341420908,全记录！菲律宾防长躲避中方记者进后厨内幕,玉渊谭天,科学科普,知识,201,466,696992,5069,4346,77714,24680,8680,1967,1780729200,https://www.bilibili.com/video/BV1TK7S6PESt,http://i0.hdslb.com/bfs/archive/4f11eda2d2c34ea69bc20938c15ebcc0e4b3affc.jpg
2026-06-08,2026-06-08 10:02:23,73,BV1q1Vy64EqA,116682450274928,给朋友做的一本翻翻乐,花颜和鸣,日常,生活,21,70,673635,1024,2639,158898,13415,21677,1039,1780589700,https://www.bilibili.com/video/BV1q1Vy64EqA,http://i0.hdslb.com/bfs/archive/b6ed86d5a0591cf027f6b65a4770f1c9656617d7.jpg
2026-06-08,2026-06-08 10:02:23,74,BV1kv7262EyU,116698623578210,公司给粉丝安排了30万的水上宫殿...,飓多多StormCrew,日常,生活,21,852,1550763,3529,2362,79571,18645,16404,1878,1780714800,https://www.bilibili.com/video/BV1kv7262EyU,http://i2.hdslb.com/bfs/archive/a59944bd6ce91c0bbc28d8c8b560e8b73c31e976.jpg
2026-06-08,2026-06-08 10:02:23,75,BV1Bm7U6jEDZ,116701542815709,《爱，你》,是许木木啊,日常,生活,21,1043,881031,5327,4262,92201,11712,22657,1604,1780738200,https://www.bilibili.com/video/BV1Bm7U6jEDZ,http://i0.hdslb.com/bfs/archive/fd7de4f643c70f1117b5d4f7ef9d1878ffc094bd.jpg
2026-06-08,2026-06-08 10:02:23,76,BV1bd7k62Epb,116696794863371,LV6有啥用?一个视频看懂LV6所有特权功能,威尔斯耍流氓,搞笑,娱乐,138,193,564323,8543,15340,52772,32073,6935,3616,1780652357,https://www.bilibili.com/video/BV1bd7k62Epb,http://i1.hdslb.com/bfs/archive/96eeed5029dce27d3f6ea0160d4ade58d6afb34e.jpg
2026-06-08,2026-06-08 10:02:23,77,BV19J7r6HESb,116695704274527,【抱佛脚】高考语文！选择题？最后一课！,学过石油的语文老师,校园学习,知识,208,1200,882231,37019,11369,41968,17086,20343,4085,1780660800,https://www.bilibili.com/video/BV19J7r6HESb,http://i0.hdslb.com/bfs/archive/f8d05a7621ff85694f1ddb7ac6c3c775b0e01965.jpg
2026-06-08,2026-06-08 10:02:23,78,BV1787S6mEV8,116701073053928,这里藏着一群“伪人”,摸鱼佬临风,鬼畜剧场,鬼畜剧场,216,354,373238,426,804,82298,5544,26482,1044,1780717427,https://www.bilibili.com/video/BV1787S6mEV8,http://i2.hdslb.com/bfs/archive/d2a4fc8b8017160bc03e17f14d6fbedd690059c1.jpg
2026-06-08,2026-06-08 10:02:23,79,BV1n17D6xEX2,116702331278408,这就是7JIA最强之人,杨齐家_,单机游戏,游戏,17,1221,2178073,5028,2333,105698,9320,15862,863,1780736508,https://www.bilibili.com/video/BV1n17D6xEX2,http://i1.hdslb.com/bfs/archive/63922fa2e9e8a18b95b8175a3bea61b0779794d1.jpg
2026-06-08,2026-06-08 10:02:23,80,BV1MtEF6fEga,116690436233152,全国男生统一迷惑行为,王小洋-已黑化,日常,生活,21,446,1137250,3396,2357,92318,2192,17422,2581,1780567200,https://www.bilibili.com/video/BV1MtEF6fEga,http://i1.hdslb.com/bfs/archive/696e0beeae3b0520b2aeae3a4aa24c0eeb689fcd.jpg
2026-06-08,2026-06-08 10:02:23,81,BV1Vz766DE6S,116696342006745,“从来就没有什么意外 ”,DKM莫天行,GMV,GMV,121,142,894443,231,1679,104118,17080,33178,923,1780653600,https://www.bilibili.com/video/BV1Vz766DE6S,http://i1.hdslb.com/bfs/archive/ebae2236febce20da402b0789a87254a40b4e8b8.jpg
2026-06-08,2026-06-08 10:02:23,82,BV1jeEc6yE75,116691593992011,《你说谁错谁就错，因为你开迈巴赫》,嘞是唐孃孃,搞笑,娱乐,138,34,3209608,180,2001,241371,3487,16298,1315,1780572588,https://www.bilibili.com/video/BV1jeEc6yE75,http://i0.hdslb.com/bfs/archive/cc74080d84744d7622f9f9dd492a1583e00aaed7.jpg
2026-06-08,2026-06-08 10:02:23,83,BV13c7S6qE5a,116701324648092,大哥豪刷10个爱神之箭！头开8个苹果全程揪心，接连翻车差点心态崩盘！,语格yoga,舞蹈综合,舞蹈综合,154,271,1425578,1937,3225,80111,9096,5762,2390,1780721492,https://www.bilibili.com/video/BV13c7S6qE5a,http://i1.hdslb.com/bfs/archive/e2af963c319aa3c1083f65f39306936b272010b5.jpg
2026-06-08,2026-06-08 10:02:23,84,BV16DVz6UE77,116679229180052,如何拍出电影感大片,喜欢拍照的皮皮,日常,生活,21,60,4008884,369,2408,375712,13829,111114,9138,1780384052,https://www.bilibili.com/video/BV16DVz6UE77,http://i1.hdslb.com/bfs/archive/82ba23d6fb45244f769f8f127cfbe2f51afe67c8.jpg
2026-06-08,2026-06-08 10:02:23,85,BV16kV26TES7,116685470175022,当父母说出了正确答案：,进击的金厂长,搞笑,娱乐,138,129,6365172,2515,2574,419737,155037,199113,3509,1780479155,https://www.bilibili.com/video/BV16kV26TES7,http://i0.hdslb.com/bfs/archive/982b25c4ef21fb08f77ae933c89f4b99d5b0c86a.jpg
2026-06-08,2026-06-08 10:02:23,86,BV16sEc6SEwE,116692030070649,班级里的某些努力姐belike：,不懂爱的喵,AI音乐,AI音乐,265,81,2368160,669,4803,137488,709,11012,4765,1780579469,https://www.bilibili.com/video/BV16sEc6SEwE,http://i2.hdslb.com/bfs/archive/711ed87052e442f67c408a6e4e372e876c02a3f0.jpg
2026-06-08,2026-06-08 10:02:23,87,BV1fV7C6PEC3,116696811571160,当我出提纳里时收到了植物学博士录取通知,乔落落啊,仿妆cos,时尚,252,27,763195,3509,2635,183134,4499,5323,561,1780652265,https://www.bilibili.com/video/BV1fV7C6PEC3,http://i1.hdslb.com/bfs/archive/a6bca5345beae937c7e2979d6d22be6cbdaa9f2e.jpg
2026-06-08,2026-06-08 10:02:23,88,BV1Vq7m6NEN8,116700368408896,【时代少年团】系列纪录片《光辉岁月》——“回南天”,时代少年团,明星综合,明星综合,137,13990,1260056,22716,3459,44022,12720,15170,1846,1780718400,https://www.bilibili.com/video/BV1Vq7m6NEN8,http://i2.hdslb.com/bfs/archive/bc281db3fee5c37911a273d2435afe8e9047405f.jpg
2026-06-08,2026-06-08 10:02:23,89,BV1KG7S6FECF,116701274313735,小孩只是请男人吃了一块羊肉，男人转手就掏出一个900克的大金轮,懂一点人情世故,影视剪辑,影视,183,425,1391445,851,880,76506,883,7984,323,1780720244,https://www.bilibili.com/video/BV1KG7S6FECF,http://i2.hdslb.com/bfs/archive/7635c90a615f292f19e67c7de1d91e5c8a697033.jpg
2026-06-08,2026-06-08 10:02:23,90,BV12R7Q6MEJX,116686543914174,你说你有点难追～,未知艺术家_611,搞笑,娱乐,138,30,2877646,241,2060,256898,3170,27385,4024,1780495648,https://www.bilibili.com/video/BV12R7Q6MEJX,http://i2.hdslb.com/bfs/archive/aeaf33a25e079b26433a425ee56ac24f566861d7.jpg
2026-06-08,2026-06-08 10:02:23,91,BV1um7665EHP,116696325033953,谁是猜价超人？,小杨Johnson,搞笑,娱乐,138,621,2096930,1911,688,45541,11875,8907,655,1780650000,https://www.bilibili.com/video/BV1um7665EHP,http://i2.hdslb.com/bfs/archive/4a683ea3a122ada0dd88fb184da7439b6831fdfe.jpg
2026-06-08,2026-06-08 10:02:23,92,BV19J7r6HEV7,116695704276560,咕嘎吃掉了整个幼儿园的伙食,咕咕嘎画,搞笑,娱乐,138,46,1639084,147,1233,123265,6486,18610,3619,1780635229,https://www.bilibili.com/video/BV19J7r6HEV7,http://i0.hdslb.com/bfs/archive/6f27e7f3c76289f0fac5ed16261338d0a6c2d5f2.jpg
2026-06-08,2026-06-08 10:02:23,93,BV1ksEA6tEHn,116692801819881,挑战从上海走回深圳！1357公里我能成功吗?,拉宏桑,日常,生活,21,610,1173594,4198,2579,77554,8470,5002,2329,1780651200,https://www.bilibili.com/video/BV1ksEA6tEHn,http://i1.hdslb.com/bfs/archive/1a330af59312e3157e5eddc870a27205d9dfb031.jpg
2026-06-08,2026-06-08 10:02:23,94,BV1BQ7r68Ejy,116695553280188,高考加油！！！,青柳尊哉,日常,生活,21,25,427018,5412,2790,164612,12682,12126,3514,1780650000,https://www.bilibili.com/video/BV1BQ7r68Ejy,http://i1.hdslb.com/bfs/archive/d2a9b7766bc4f672f01dd4b2805739df436bfc4b.jpg
2026-06-08,2026-06-08 10:02:23,95,BV1DB7f6AEBK,116690989942959,最 不 物 质 之 人,张八筒筒,日常,生活,21,127,2713263,944,963,171515,1625,9061,889,1780563943,https://www.bilibili.com/video/BV1DB7f6AEBK,http://i1.hdslb.com/bfs/archive/612e05a8e02454bd4e3723991d4808f061b1c188.jpg
2026-06-08,2026-06-08 10:02:23,96,BV1aM7k6UELy,116697314890238,JO等了！介绍一下我的六个替身,曦曦鱼SAKANA,日常,生活,21,57,2107530,388,2159,131857,2856,11720,3790,1780660000,https://www.bilibili.com/video/BV1aM7k6UELy,http://i1.hdslb.com/bfs/archive/885aa33388ed27e0d72abdd95cd0e74a19046a67.jpg
2026-06-08,2026-06-08 10:02:23,97,BV1s47y65E4g,116698153752165,那年你写下了什么？复盘1977—2025年高考作文题【大国之治·高考作文题】,大象放映室,财经商业,知识,207,2306,1180737,2344,4594,32411,10808,25235,6957,1780801200,https://www.bilibili.com/video/BV1s47y65E4g,http://i1.hdslb.com/bfs/archive/e403ab5119fb220e6ae7654b859643b16dec3709.jpg
2026-06-08,2026-06-08 10:02:23,98,BV1U27f6oE3S,116690956390857,凡事别猎奇 入坑不由己,-大大大大古,日常,生活,21,205,580604,1406,1092,78708,1324,12800,1929,1780625621,https://www.bilibili.com/video/BV1U27f6oE3S,http://i0.hdslb.com/bfs/archive/995ee6d254e2379e73a1416a7762bfe76465ba46.jpg
2026-06-08,2026-06-08 10:02:23,99,BV1sC7R6VEF3,116687181451048,【侯绿萝】视频加载中，速速查收惊喜！,侯绿萝,小剧场,娱乐,85,233,1993583,1601,1459,189692,11371,15757,1910,1780538400,https://www.bilibili.com/video/BV1sC7R6VEF3,http://i0.hdslb.com/bfs/archive/e40df1469a3bc68659f30a77b0e0801ae88938bb.jpg
2026-06-08,2026-06-08 10:02:23,100,BV1HL7m6JECt,116700670395936,霸总腌入味，王鹤棣太让人笑幻了……【不舒服学】逐帧分析,一只吐槽圆,娱乐杂谈,娱乐杂谈,241,1774,1376134,19386,4339,61604,23970,10977,11618,1780711190,https://www.bilibili.com/video/BV1HL7m6JECt,http://i0.hdslb.com/bfs/archive/cfe030cb9db76b0cad1dc763db5d7299bfd51ab9.jpg
2026-06-08,2026-06-08 11:09:22,1,BV15C7k6REKC,116697197451293,公测定档7月 | 《遗忘之海》船员集结摇滚MV「燥」,遗忘之海,GMV,GMV,121,205,7256879,1390,2582,130546,86182,84170,4810,1780711200,https://www.bilibili.com/video/BV15C7k6REKC,http://i0.hdslb.com/bfs/archive/bef8db958217ad42ed011f4bf5d5d6c1cf3a4bad.jpg
2026-06-08,2026-06-08 11:09:22,2,BV1cu7r6FEPd,116696023045705,英国，沦为印度殖民地,平原公子,日常,生活,21,463,3313903,13576,9429,214611,9688,23476,21321,1780640137,https://www.bilibili.com/video/BV1cu7r6FEPd,http://i1.hdslb.com/bfs/archive/95ba7fb80bc2a46fc2c8f7ff69a08c57c40ef914.jpg
2026-06-08,2026-06-08 11:09:22,3,BV1Uj7k6VEPU,116697432395968,信 |《归唐》19分钟完整实机演示,归唐,单机游戏,游戏,17,1167,7333650,20985,29938,126729,41048,25422,53531,1780791300,https://www.bilibili.com/video/BV1Uj7k6VEPU,http://i1.hdslb.com/bfs/archive/73972f02b3d2a52c97a1ec81e53403fef6160006.jpg
2026-06-08,2026-06-08 11:09:22,4,BV1WY7U6dEJ5,116699814693875,【微电影】人类文明的最后一届高考,最后讲述者,鬼畜剧场,鬼畜剧场,216,263,2176928,2915,6135,175364,20696,40127,9592,1780709400,https://www.bilibili.com/video/BV1WY7U6dEJ5,http://i2.hdslb.com/bfs/archive/40a717d48c3dbeb9559b00a07a88af6cfd5181fb.jpg
2026-06-08,2026-06-08 11:09:22,5,BV1wEEc6REms,116692097238799,城市大富翁（5）,雨哥到处跑,日常,生活,21,3846,1768546,39349,5221,152059,120245,40733,5166,1780628700,https://www.bilibili.com/video/BV1wEEc6REms,http://i1.hdslb.com/bfs/archive/8628e50dc2e56aec5815c8e3f665d304cfe23d80.jpg
2026-06-08,2026-06-08 11:09:22,6,BV17GEP6xEDW,116692348832614,新三国up锐评楚汉传奇01：是不是我打开的方式不太对？,吃蛋挞的折棒,影视杂谈,影视,182,1348,1600717,20350,11752,137328,131609,28678,10609,1780624800,https://www.bilibili.com/video/BV17GEP6xEDW,http://i2.hdslb.com/bfs/archive/4e5cd47c8551d2b66643e2800041b7ec2d3bf729.jpg
2026-06-08,2026-06-08 11:09:22,7,BV1rg7C6TEUm,116696912369911,一句“一氧化二氢”能钓出多少“读稿机”？,中国食品报融媒体,科学科普,知识,201,291,4699048,6542,22494,199007,15726,24413,16372,1780653928,https://www.bilibili.com/video/BV1rg7C6TEUm,http://i1.hdslb.com/bfs/archive/1081ed32a36e81bee443915a997ed5f2bd56badd.jpg
2026-06-08,2026-06-08 11:09:22,8,BV1T9Vm6UE2N,116684681647760,《古剑》3分钟战斗实机 | 线下试玩招募开启,古剑,单机游戏,游戏,17,168,5074344,3578,10283,96739,54177,34421,23087,1780698215,https://www.bilibili.com/video/BV1T9Vm6UE2N,http://i0.hdslb.com/bfs/archive/d18a0e2a80905c1a2bfe0d000c3ca47aa1548899.jpg
2026-06-08,2026-06-08 11:09:22,9,BV19ZEF6MEBV,116690117464228,人在干坏事的时候是不怕苦不怕累的,我是易拉爆,日常,生活,21,309,2179085,1482,4106,207460,15737,31257,15604,1780550100,https://www.bilibili.com/video/BV19ZEF6MEBV,http://i2.hdslb.com/bfs/archive/5a3e59dd5183e87d69b1ad3224466b821bf05e23.jpg
2026-06-08,2026-06-08 11:09:22,10,BV1xU7f6xEjt,116690939546284,CF单机叙事续作——《穿越火线：潜伏》实机首曝,穿越火线潜伏,单机游戏,游戏,17,308,5974851,1886,6174,129812,7444,26460,14697,1780696800,https://www.bilibili.com/video/BV1xU7f6xEjt,http://i0.hdslb.com/bfs/archive/140a4abb0c80a2aa1e7cb7126c978567b667ed12.jpg
2026-06-08,2026-06-08 11:09:22,11,BV16w7D6RERW,116700921988742,007看后:追逐战？,MEspace天植,绘画,绘画,162,49,2668110,267,1110,261504,24987,45290,2336,1780714922,https://www.bilibili.com/video/BV16w7D6RERW,http://i2.hdslb.com/bfs/archive/f35dab38094910739815ae6424bcceee9316f8f7.jpg
2026-06-08,2026-06-08 11:09:22,12,BV15v7S65EWD,116701022717876,挑战给历史故事打tag（标签）,混饭达人,娱乐杂谈,娱乐杂谈,241,77,3212139,2928,2497,256370,6127,30120,15554,1780716510,https://www.bilibili.com/video/BV15v7S65EWD,http://i2.hdslb.com/bfs/archive/1845b193e356ee0f6b686419e20cc96fe1678367.jpg
2026-06-08,2026-06-08 11:09:22,13,BV1df7r6REpB,116695469463690,如何在家制造浓汤宝,嘤武罗,日常,生活,21,501,4822529,3646,3385,188226,47404,45964,2847,1780650000,https://www.bilibili.com/video/BV1df7r6REpB,http://i2.hdslb.com/bfs/archive/94c85d2ebad9002fcbad0c7ef2f3c8a3f1ec6768.jpg
2026-06-08,2026-06-08 11:09:22,14,BV1xR7S6hEkB,116700804683368,菲比：就你们寝室最吵！！,Lm海洋,音乐综合,音乐,130,262,1130988,733,3877,90368,65766,40453,14183,1780713190,https://www.bilibili.com/video/BV1xR7S6hEkB,http://i1.hdslb.com/bfs/archive/348cd3608f962369b093721ee90e2515a127a833.jpg
2026-06-08,2026-06-08 11:09:22,15,BV13s7z63EjV,116695016477738,《绝区零》3.0新地块实机演示,绝区零,手机游戏,游戏,172,599,1455537,9423,13696,125955,58831,22471,25012,1780624803,https://www.bilibili.com/video/BV13s7z63EjV,http://i0.hdslb.com/bfs/archive/ac132a13aed30f0b83ff50dfb56d83e2e518206a.jpg
2026-06-08,2026-06-08 11:09:22,16,BV1pDV86oE6S,116657217344637,热烈欢迎薛凯琪！工作之余，Fiona会带哪些让自己感到快乐的东西呢～（录完这期脑海里都是Fifi的笑声,papi酱,短片,动画,256,2017,1396204,11601,4918,138593,54502,17351,7790,1780632000,https://www.bilibili.com/video/BV1pDV86oE6S,http://i2.hdslb.com/bfs/archive/032f4048d6f94c465fc10972289999cf79f2572f.jpg
2026-06-08,2026-06-08 11:09:22,17,BV1PP7C63E2J,116696710912022,《师》我回母校当老师,阿廖沙别害怕_,搞笑,娱乐,138,296,1956814,529,1125,181385,5051,14326,641,1780650587,https://www.bilibili.com/video/BV1PP7C63E2J,http://i0.hdslb.com/bfs/archive/b04455fde128b88ff0a92e264778512242510bc9.jpg
2026-06-08,2026-06-08 11:09:22,18,BV1ZREP6dEcU,116693758117714,扫落叶全清洁100%速通39分03秒leaf it alone,闲云豹,单机游戏,游戏,17,2367,1605324,1779,2403,139858,14720,30300,5812,1780605809,https://www.bilibili.com/video/BV1ZREP6dEcU,http://i1.hdslb.com/bfs/archive/310db23466f62e9399f25f92c8d2b0af953476d6.jpg
2026-06-08,2026-06-08 11:09:22,19,BV1uXEA6gEMu,116692567070822,“别着急，我来给你补充「偶！像！能！量！」”,小耗owo,手机游戏,游戏,172,80,1222048,948,2587,241111,16887,54719,11202,1780624800,https://www.bilibili.com/video/BV1uXEA6gEMu,http://i1.hdslb.com/bfs/archive/64822f49e99e9fb8b41ba5e0f9e06f48d4b76446.jpg
2026-06-08,2026-06-08 11:09:22,20,BV1pW7Q68Emz,116702180348281,这期谁能绷住,呱唧菌,搞笑,娱乐,138,339,1591141,1959,1518,143008,7301,26246,2025,1780741800,https://www.bilibili.com/video/BV1pW7Q68Emz,http://i2.hdslb.com/bfs/archive/5ae6e1d11721490eb4a17034e97a4c36afdca5f0.jpg
2026-06-08,2026-06-08 11:09:22,21,BV1uX7k6UENx,116696761239484,巨构：没有告别,巨构ai,网络游戏,游戏,65,19,2992926,5996,7676,476896,24607,161164,7359,1780651506,https://www.bilibili.com/video/BV1uX7k6UENx,http://i0.hdslb.com/bfs/archive/1422e60b2923b373953bd4ce6433b6f0e91f9501.jpg
2026-06-08,2026-06-08 11:09:22,22,BV168796PEv1,116685839403735,如此仙音唯有挠臭,lulu和露爸,喵星人,喵星人,218,26,5126711,18732,6136,640433,18899,124638,27283,1780484850,https://www.bilibili.com/video/BV168796PEv1,http://i1.hdslb.com/bfs/archive/87f3ce4876a2e50e34a2c1b24dfe10ae34700a55.jpg
2026-06-08,2026-06-08 11:09:22,23,BV1s7V46XEix,116655590017716,评论区摄影大赛之火遍全网的佳作篇，本期有锐评系列也有破败与新生佳作，欢迎投稿好的作品会让更多人看到。,摄影恩哥,日常,生活,21,124,5086337,1858,10052,320746,2562,24357,1025,1780738200,https://www.bilibili.com/video/BV1s7V46XEix,http://i1.hdslb.com/bfs/archive/58aada2ca9cd83b3f4d86b331759b2c832c8bcb4.jpg
2026-06-08,2026-06-08 11:09:22,24,BV15iEc6VEfH,116691577216788,路边一块，也能变废为宝，雕刻出大家想要的题材我不知道什么时候天才会亮，但我知道，跑着跑着，天就亮了。,小梨家的和田玉,手工,生活,161,220,6226586,4089,12146,237307,8340,22871,3897,1780572193,https://www.bilibili.com/video/BV15iEc6VEfH,http://i2.hdslb.com/bfs/archive/c1597efe82d66a7f728f8bdd84505eff4b7f5ac9.jpg
2026-06-08,2026-06-08 11:09:22,25,BV1gsEw6zExs,116691040208641,你的高考/中考/期末考belike,哈基mer-猫meme,搞笑,娱乐,138,22,946945,31196,2693,309029,32792,62274,5625,1780564012,https://www.bilibili.com/video/BV1gsEw6zExs,http://i2.hdslb.com/bfs/archive/4f76f8d127f1c6d5a990c89a161f10356e783cd4.jpg
2026-06-08,2026-06-08 11:09:22,26,BV1Qi7f6eE59,116690805395451,致敬每一个心中有花，努力奔跑的人,爱画画的子衿,亲子,生活,254,313,1754613,3481,3686,239291,120982,16052,3851,1780561800,https://www.bilibili.com/video/BV1Qi7f6eE59,http://i1.hdslb.com/bfs/archive/2c9cc3dd70d264a8473e46b8bebaad7db4d6ef2c.jpg
2026-06-08,2026-06-08 11:09:22,27,BV1wE7m67EAF,116700569671653,“我在成华大道「拼接遗憾」”,Dieorite,人力VOCALOID,人力VOCALOID,126,116,694648,3021,1696,154485,33166,44009,2769,1780709690,https://www.bilibili.com/video/BV1wE7m67EAF,http://i1.hdslb.com/bfs/archive/b7a88bfce9322211ddb670d69d549967dba6591e.jpg
2026-06-08,2026-06-08 11:09:22,28,BV1TR766zEvE,116695972714489,在沙漠里种了1800万棵树，然后呢？,影视飓风,娱乐粉丝创作,娱乐,242,756,3037265,10310,2920,154736,58123,26536,2745,1780650000,https://www.bilibili.com/video/BV1TR766zEvE,http://i1.hdslb.com/bfs/archive/af434541e40c0402ac850fc6783faa3ed5bfdda9.jpg
2026-06-08,2026-06-08 11:09:22,29,BV1w6EF6QEjZ,116690033778619,不看后悔！史上最神人店家！,转生成为毛毛,美食侦探,美食,212,186,3521018,4093,9372,180726,5353,30563,15245,1780563600,https://www.bilibili.com/video/BV1w6EF6QEjZ,http://i1.hdslb.com/bfs/archive/07cb98d8f59285212c90c7646739a87803bf06c0.jpg
2026-06-08,2026-06-08 11:09:22,30,BV1WT7C6uEj8,116696878749194,猫 咪 的 花 语 是 老 吴🎵,幾加乘,同人·手书,动画,47,259,1699388,1686,3312,121694,18638,25637,11127,1780653131,https://www.bilibili.com/video/BV1WT7C6uEj8,http://i0.hdslb.com/bfs/archive/ad354ddb8c2e2bf697327dc182835b3d6014f4b1.jpg
2026-06-08,2026-06-08 11:09:22,31,BV1Ja7k6AE1b,116697063235411,我又给花朵加了个开关！,是玉木呀,设计·创意,设计·创意,229,104,1064200,560,892,170715,19818,34715,3530,1780656042,https://www.bilibili.com/video/BV1Ja7k6AE1b,http://i0.hdslb.com/bfs/archive/c05470a618fc67ee60cb9df153eb5ad6d3c8ce08.jpg
2026-06-08,2026-06-08 11:09:22,32,BV1UV7k6LEUG,116697264627213,航天会刷典狱长？！【三角洲动画】,手折余弦丶,电子竞技,游戏,171,300,1302803,1440,1770,109043,12543,28048,3365,1780659017,https://www.bilibili.com/video/BV1UV7k6LEUG,http://i0.hdslb.com/bfs/archive/eb575db6391346950b2623259e6c0c6469239e03.jpg
2026-06-08,2026-06-08 11:09:22,33,BV1hG7y69Ej2,116698036313694,史上最骚特工(第二集),老番茄,单机游戏,游戏,17,842,2312357,3289,1776,137269,44905,38424,2338,1780716600,https://www.bilibili.com/video/BV1hG7y69Ej2,http://i2.hdslb.com/bfs/archive/c4778bfde8d395e0f91e2f746393736302e8205c.jpg
2026-06-08,2026-06-08 11:09:22,34,BV1um7665EpW,116696325033820,讷,水生植物人owo,日常,生活,21,16,1343635,971,7536,194876,5203,50652,17872,1780644714,https://www.bilibili.com/video/BV1um7665EpW,http://i2.hdslb.com/bfs/archive/ce971f171b1f22d061819b3fea882f5d4af2a608.jpg
2026-06-08,2026-06-08 11:09:22,35,BV1bV7k6LExn,116697264560365,再见！一系列！高考必胜！,一数,校园学习,知识,208,193,934423,29925,15447,87890,33872,18087,5783,1780659292,https://www.bilibili.com/video/BV1bV7k6LExn,http://i2.hdslb.com/bfs/archive/5df66240b2b71ca2bc6ce697e929657b1b1df5a4.jpg
2026-06-08,2026-06-08 11:09:22,36,BV1dY7Q6pEQZ,116701878291791,千里奔赴只为弥补40年前的遗憾,赛亚人阿廖,出行,生活,250,246,1081872,2081,1751,128488,33392,13239,458,1780729530,https://www.bilibili.com/video/BV1dY7Q6pEQZ,http://i0.hdslb.com/bfs/archive/5f9f719eb1fb6326b0a2eabe298cd1484afab3e6.jpg
2026-06-08,2026-06-08 11:09:22,37,BV1gWEw6gE4X,116691056987748,“这种没流量的画画最狠了”,像风如你o_O,日常,生活,21,25,2271634,686,3350,278706,7720,23914,1129,1780564358,https://www.bilibili.com/video/BV1gWEw6gE4X,http://i0.hdslb.com/bfs/archive/96621cf035234fbf3c3d6f498d6f4d5eae388c12.jpg
2026-06-08,2026-06-08 11:09:22,38,BV1vR7D6JEEm,116702566223209,全球吃席！自驾巴尔干婚礼，吃欧洲乡村大席,食贫道,日常,生活,21,3274,1150766,7883,1658,110590,41454,14482,3371,1780741089,https://www.bilibili.com/video/BV1vR7D6JEEm,http://i2.hdslb.com/bfs/archive/b23120503d27e3049c25e887901c19df17a98fe1.jpg
2026-06-08,2026-06-08 11:09:22,39,BV1GHEw6rEo4,116691140875979,无能的杰哥,神威-狗剩,影视剪辑,影视,183,154,2826928,1907,3859,138501,8444,25664,27941,1780565876,https://www.bilibili.com/video/BV1GHEw6rEo4,http://i2.hdslb.com/bfs/archive/0814d03bdf68a6a83cba4b8ba18fa6d58d6de912.jpg
2026-06-08,2026-06-08 11:09:22,40,BV1xkE46PE59,116707649656463,参加了九次高考的考生采访,自来卷三木,日常,生活,21,99,2928780,2054,2738,200820,5388,12006,5469,1780817665,https://www.bilibili.com/video/BV1xkE46PE59,http://i1.hdslb.com/bfs/archive/2c51e17d5ab278033691d055015af26638867e5b.jpg
2026-06-08,2026-06-08 11:09:22,41,BV1vEEP6HEFw,116692281789801,2025年出货量370万台！激光雷达真成“安全气囊”了？,保镖的车库,新能源车,新能源车,247,606,2243012,632,962,127670,3524,12455,494,1780653900,https://www.bilibili.com/video/BV1vEEP6HEFw,http://i1.hdslb.com/bfs/archive/76872e6b743f73527ee70c89a75c39214a868540.jpg
2026-06-08,2026-06-08 11:09:22,42,BV1kCVU65ERM,116669112386149,初中生斗胆跳一段jam,特崮斯,篮球,运动,235,45,6758018,10936,19119,1286792,211349,136587,20296,1780229707,https://www.bilibili.com/video/BV1kCVU65ERM,http://i1.hdslb.com/bfs/archive/5871a66dc8e356ff71da4a6d99d5922b4a6a3fce.jpg
2026-06-08,2026-06-08 11:09:22,43,BV19N7y6bE1e,116698455803490,全体起立鼓掌！人类发现了治癌症的新药！🤯,蜗牛的科技笔记,软件应用,软件应用,230,115,1527262,1306,7056,140950,5876,23625,9966,1780677279,https://www.bilibili.com/video/BV19N7y6bE1e,http://i2.hdslb.com/bfs/archive/3b5f57bbd2f68b33097261f34d0cbb700b9439ce.jpg
2026-06-08,2026-06-08 11:09:22,44,BV1LR7D6JEV7,116702566156828,Re：佩恩从零开始的异世界生活！！！【水门篇】,-夏秋冬-,综合,综合,27,416,1112487,1550,3701,76513,27321,22415,4580,1780740005,https://www.bilibili.com/video/BV1LR7D6JEV7,http://i0.hdslb.com/bfs/archive/bb4c488614d181445341190010ddfd29eae8cfb7.jpg
2026-06-08,2026-06-08 11:09:22,45,BV17q7y6qEeG,116697767874225,当代牢大学生论文现状belike：,黑曼波语录,鬼畜调教,鬼畜,22,78,1660088,256,1992,126032,4491,85726,9995,1780716900,https://www.bilibili.com/video/BV17q7y6qEeG,http://i2.hdslb.com/bfs/archive/a42866374c2dd87fd5093121386c1dd1372e10a6.jpg
2026-06-08,2026-06-08 11:09:22,46,BV1CQ7o61ERo,116689798764442,人，握爪后就不要放开咯！——《伊莫》握爪测试招募开启,伊莫,手机游戏,游戏,172,119,3464029,724,3436,80989,41072,40732,33746,1780797600,https://www.bilibili.com/video/BV1CQ7o61ERo,http://i0.hdslb.com/bfs/archive/06bcb84e42974283a3ade3bf6fbee2302b4b4d96.jpg
2026-06-08,2026-06-08 11:09:22,47,BV1tV7k6LEyH,116697264556028,你或许不认识我 但我唱的歌你或许？？听过？,喵☆酱,翻唱,音乐,31,443,598520,5753,2659,121536,8236,18067,1333,1780659262,https://www.bilibili.com/video/BV1tV7k6LEyH,http://i1.hdslb.com/bfs/archive/f27fa302b117dedb6f353c75770d440ca8982c33.jpg
2026-06-08,2026-06-08 11:09:22,48,BV1VD726iE1t,116698791282580,《猴王出事》,伤心欲茄222,搞笑,娱乐,138,103,2397975,1217,3695,168021,6744,8722,6049,1780718400,https://www.bilibili.com/video/BV1VD726iE1t,http://i1.hdslb.com/bfs/archive/2fa41f4d1af95817e553d8fd8c6eeb7fc16a9d82.jpg
2026-06-08,2026-06-08 11:09:22,49,BV1dq7Q6SEbX,116701827961912,最不吃压力之熊,传奇飞行员_太日阳莽,鬼畜剧场,鬼畜剧场,216,91,1766360,664,2759,141149,2570,32013,4474,1780728644,https://www.bilibili.com/video/BV1dq7Q6SEbX,http://i2.hdslb.com/bfs/archive/cdfe2d04e5d60dbd700833f920d17d40cebc2d39.jpg
2026-06-08,2026-06-08 11:09:22,50,BV13HEw6rEhc,116691140873202,接龙游戏开发，但都绷住了,M木糖M,单机游戏,游戏,17,933,1756979,1611,1115,85816,12435,16074,1467,1780630200,https://www.bilibili.com/video/BV13HEw6rEhc,http://i2.hdslb.com/bfs/archive/1083ae38f0917802668505e94ed2fe06226cc58b.jpg
2026-06-08,2026-06-08 11:09:22,51,BV1Jj7C6AEPq,116696845193451,是我还不够好,怎么转身又是,MMD·3D,动画,25,67,1852143,4719,7131,183888,9811,45042,28419,1780652794,https://www.bilibili.com/video/BV1Jj7C6AEPq,http://i0.hdslb.com/bfs/archive/c261bcb22b8b34b31c0d9cb2e04b0a49a318b123.jpg
2026-06-08,2026-06-08 11:09:22,52,BV1jz7k6tEkL,116696979347018,教程来啦兄弟们 拍起来,是柳宗元,电子竞技,游戏,171,46,2320310,195,931,176393,3044,26833,1426,1780654702,https://www.bilibili.com/video/BV1jz7k6tEkL,http://i0.hdslb.com/bfs/archive/becaa38ea9e7437bed18411340db6d5da7f4cd54.jpg
2026-06-08,2026-06-08 11:09:22,53,BV1yo7B68EHX,116695117207554,《鸣潮》×《赛博朋克：边缘行者》共鸣者战斗演示 | 露西,鸣潮,单机游戏,游戏,17,283,2291663,2481,8322,79125,24557,13875,15011,1780628400,https://www.bilibili.com/video/BV1yo7B68EHX,http://i2.hdslb.com/bfs/archive/61426f2876187b9326f1b732fdea7044e08d7ea3.jpg
2026-06-08,2026-06-08 11:09:22,54,BV1xZ7k6LESp,116696778084201,“哎呀 我们的主角倒下啦～”,西门小昭,综合,综合,27,30,796247,127,1175,151725,10820,60839,2784,1780655400,https://www.bilibili.com/video/BV1xZ7k6LESp,http://i2.hdslb.com/bfs/archive/2c5c6c548ed488771077293e2f7bfcfb435e4744.jpg
2026-06-08,2026-06-08 11:09:22,55,BV1Qt7X61Enn,116686241993999,百万英镑，但素质过低,青时晚,影视剪辑,影视,183,174,2530720,2107,2680,148267,12342,38108,15060,1780490956,https://www.bilibili.com/video/BV1Qt7X61Enn,http://i0.hdslb.com/bfs/archive/1573985b4950f4d1001b3a21a50adab722b0a0f1.jpg
2026-06-08,2026-06-08 11:09:22,56,BV1JJ7m62ELC,116700620065327,最直接的伤害往往只需采用最简单的普通攻击 #超能力 #万万没想到 #反转 #劲大,刘不凡本凡,短片,动画,256,364,2211795,2759,6178,123128,1844,14185,822,1780719600,https://www.bilibili.com/video/BV1JJ7m62ELC,http://i1.hdslb.com/bfs/archive/1b35b982075822d704a03ec34c21632ebcfa9044.jpg
2026-06-08,2026-06-08 11:09:22,57,BV15z766SE1A,116696341812776,假如高考什么都可以带,小安苒AIGC,校园学习,知识,208,177,2396291,2942,2761,101878,2385,7976,1928,1780646400,https://www.bilibili.com/video/BV15z766SE1A,http://i2.hdslb.com/bfs/archive/ed743a6a86446310a9957bce92faa671a082a6d8.jpg
2026-06-08,2026-06-08 11:09:22,58,BV1EwEF62EhA,116690721443492,当校长挑选教室地板时,Cheems电玩屋,日常,生活,21,18,5176663,846,5099,209039,1265,7903,521,1780559484,https://www.bilibili.com/video/BV1EwEF62EhA,http://i0.hdslb.com/bfs/archive/8916553504d48aec3ba5ad2bdfeec5fcf7eefc1c.jpg
2026-06-08,2026-06-08 11:09:22,59,BV1YVEn6fEmZ,116703304356999,那天真有其他人在场，但我没法证明。,何大爷课堂,人文历史,知识,228,123,1746658,341,2564,137015,3180,12222,1037,1780751375,https://www.bilibili.com/video/BV1YVEn6fEmZ,http://i1.hdslb.com/bfs/archive/36a36b65d7a5cdced8c027e2371074acb5dd204b.jpg
2026-06-08,2026-06-08 11:09:22,60,BV1Zj7C6wEJY,116696845125445,织棉为布，非遗土布。用千年蓝染，重现极致的东方浪漫,花木紫Huamuz,手工,生活,161,401,1209252,1728,2609,97874,9197,9790,738,1780652882,https://www.bilibili.com/video/BV1Zj7C6wEJY,http://i0.hdslb.com/bfs/archive/753a39454d2f1455af84effb021941e20ad4c2c7.jpg
2026-06-08,2026-06-08 11:09:22,61,BV15W7C6tEyc,116696425766532,送你一片夕阳！,困雀雀,仿妆cos,时尚,252,36,583655,148,2343,170264,9170,30948,2707,1780646468,https://www.bilibili.com/video/BV15W7C6tEyc,http://i2.hdslb.com/bfs/archive/86973af2078693bfe5fc81d4dae783648e7fb904.jpg
2026-06-08,2026-06-08 11:09:22,62,BV17z7y6KEVT,116697751096214,可爱的安魂曲~,徐大花xudahua,手工,生活,161,158,1502011,373,1435,101770,6728,14549,2390,1780718400,https://www.bilibili.com/video/BV17z7y6KEVT,http://i2.hdslb.com/bfs/archive/2fbc38542399965a708c159f85533b4f5065fe8c.jpg
2026-06-08,2026-06-08 11:09:22,63,BV1Xa7m6qEm7,116700217347938,意识深渊：我真的存在吗？,大圆镜科普,科学科普,知识,201,484,934003,1341,2129,86480,3142,16594,1512,1780704207,https://www.bilibili.com/video/BV1Xa7m6qEm7,http://i1.hdslb.com/bfs/archive/2d760490c4cfbae1c3b9168320f075ace66ad15a.jpg
2026-06-08,2026-06-08 11:09:22,64,BV1uX7k6UEPn,116696761239539,把硬装的喊过来！,脱缰凯Kk,小剧场,娱乐,85,219,1349887,1651,1687,98812,3396,10316,697,1780651876,https://www.bilibili.com/video/BV1uX7k6UEPn,http://i1.hdslb.com/bfs/archive/1a5306b127f7814fe75bc726966f0f675fcb7e33.jpg
2026-06-08,2026-06-08 11:09:22,65,BV1yk7X6KEz4,116686023891513,2高中生屠杀同学，造成13人死亡后自杀，开启美国校园枪击案先河：科伦拜恩枪击案,捕月说,人文历史,知识,228,733,2346825,973,886,79668,1052,11315,502,1780654200,https://www.bilibili.com/video/BV1yk7X6KEz4,http://i2.hdslb.com/bfs/archive/b52e8d555de710438989ea0831c1fa8211fbe67d.jpg
2026-06-08,2026-06-08 11:09:22,66,BV1JAEw69EUS,116691342200777,生完宝宝之后我再也不敢得罪我老公了，因为……,笑哥走丢了a,亲子,生活,254,89,2419954,923,7573,184807,3573,9432,2117,1780568869,https://www.bilibili.com/video/BV1JAEw69EUS,http://i2.hdslb.com/bfs/archive/2496ecbfca22198efdffe5b1855ea840b90edb2a.jpg
2026-06-08,2026-06-08 11:09:22,67,BV1R7Ew65ERR,116691124229360,当爸爸找亲戚买手机,刘鸿哥哥,小剧场,娱乐,85,119,2468629,1009,3156,167522,1522,9024,1814,1780565630,https://www.bilibili.com/video/BV1R7Ew65ERR,http://i0.hdslb.com/bfs/archive/5e4feb10a7cf9e178bf7e9a619d62843bc5ae8b2.jpg
2026-06-08,2026-06-08 11:09:22,68,BV1W6VZ6MEbd,116674313328609,🍄欠揍气球🍄,纸片马力欧,日常,生活,21,40,4701455,6976,10892,537271,43126,285166,81032,1780309043,https://www.bilibili.com/video/BV1W6VZ6MEbd,http://i0.hdslb.com/bfs/archive/3d18bae01c4fc365d9e7e0ede5efb926e32115ad.jpg
2026-06-08,2026-06-08 11:09:22,69,BV1YV7U6zEps,116699697254319,小登VS老登,灼眼的SABER哒,同人·手书,动画,47,63,994782,468,2564,127305,11094,42694,10289,1780718400,https://www.bilibili.com/video/BV1YV7U6zEps,http://i0.hdslb.com/bfs/archive/dce2758cd8546e893008888b88f215364194d4a7.jpg
2026-06-08,2026-06-08 11:09:22,70,BV15d7D6UE4i,116702549379788,世界杯期间不抓移民？那这世界杯不是白办了吗,麻薯波比呀,社科·法律·心理,知识,124,995,1488743,6713,3134,85201,12299,9495,2079,1780740025,https://www.bilibili.com/video/BV15d7D6UE4i,http://i2.hdslb.com/bfs/archive/91940674117acf43b95f7a6e2e7ab686470cc3ea.jpg
2026-06-08,2026-06-08 11:09:22,71,BV1TK7S6PESt,116701341420908,全记录！菲律宾防长躲避中方记者进后厨内幕,玉渊谭天,科学科普,知识,201,466,706804,5134,4394,78635,25088,8786,2000,1780729200,https://www.bilibili.com/video/BV1TK7S6PESt,http://i0.hdslb.com/bfs/archive/4f11eda2d2c34ea69bc20938c15ebcc0e4b3affc.jpg
2026-06-08,2026-06-08 11:09:22,72,BV1q1Vy64EqA,116682450274928,给朋友做的一本翻翻乐,花颜和鸣,日常,生活,21,70,681574,1034,2657,160631,13575,22023,1052,1780589700,https://www.bilibili.com/video/BV1q1Vy64EqA,http://i0.hdslb.com/bfs/archive/b6ed86d5a0591cf027f6b65a4770f1c9656617d7.jpg
2026-06-08,2026-06-08 11:09:22,73,BV1yc7r6vE1C,116695905734805,关于我18岁为什么不去参加高考,我不是赤寒,日常,生活,21,126,1152629,1516,6404,127974,6875,13821,1804,1780638439,https://www.bilibili.com/video/BV1yc7r6vE1C,http://i1.hdslb.com/bfs/archive/294ac25c415d3dcaf5c46bbc02fb5df23da86784.jpg
2026-06-08,2026-06-08 11:09:22,74,BV1bd7k62Epb,116696794863371,LV6有啥用?一个视频看懂LV6所有特权功能,威尔斯耍流氓,搞笑,娱乐,138,193,580278,8764,15715,54166,32917,7144,3711,1780652357,https://www.bilibili.com/video/BV1bd7k62Epb,http://i1.hdslb.com/bfs/archive/96eeed5029dce27d3f6ea0160d4ade58d6afb34e.jpg
2026-06-08,2026-06-08 11:09:22,75,BV1Bm7U6jEDZ,116701542815709,《爱，你》,是许木木啊,日常,生活,21,1043,887835,5345,4236,92715,11787,22742,1613,1780738200,https://www.bilibili.com/video/BV1Bm7U6jEDZ,http://i0.hdslb.com/bfs/archive/fd7de4f643c70f1117b5d4f7ef9d1878ffc094bd.jpg
2026-06-08,2026-06-08 11:09:22,76,BV1kv7262EyU,116698623578210,公司给粉丝安排了30万的水上宫殿...,飓多多StormCrew,日常,生活,21,852,1556270,3542,2369,79863,18756,16441,1886,1780714800,https://www.bilibili.com/video/BV1kv7262EyU,http://i2.hdslb.com/bfs/archive/a59944bd6ce91c0bbc28d8c8b560e8b73c31e976.jpg
2026-06-08,2026-06-08 11:09:22,77,BV1787S6mEV8,116701073053928,这里藏着一群“伪人”,摸鱼佬临风,鬼畜剧场,鬼畜剧场,216,354,379140,427,808,82568,5606,26602,1060,1780717427,https://www.bilibili.com/video/BV1787S6mEV8,http://i2.hdslb.com/bfs/archive/d2a4fc8b8017160bc03e17f14d6fbedd690059c1.jpg
2026-06-08,2026-06-08 11:09:22,78,BV19J7r6HESb,116695704274527,【抱佛脚】高考语文！选择题？最后一课！,学过石油的语文老师,校园学习,知识,208,1200,882775,37022,11370,41971,17091,20326,4085,1780660800,https://www.bilibili.com/video/BV19J7r6HESb,http://i0.hdslb.com/bfs/archive/f8d05a7621ff85694f1ddb7ac6c3c775b0e01965.jpg
2026-06-08,2026-06-08 11:09:22,79,BV1n17D6xEX2,116702331278408,这就是7JIA最强之人,杨齐家_,单机游戏,游戏,17,1221,2202067,5047,2339,106463,9372,15950,869,1780736508,https://www.bilibili.com/video/BV1n17D6xEX2,http://i1.hdslb.com/bfs/archive/63922fa2e9e8a18b95b8175a3bea61b0779794d1.jpg
2026-06-08,2026-06-08 11:09:22,80,BV1Vz766DE6S,116696342006745,“从来就没有什么意外 ”,DKM莫天行,GMV,GMV,121,142,905804,232,1696,105155,17256,33669,930,1780653600,https://www.bilibili.com/video/BV1Vz766DE6S,http://i1.hdslb.com/bfs/archive/ebae2236febce20da402b0789a87254a40b4e8b8.jpg
2026-06-08,2026-06-08 11:09:22,81,BV13c7S6qE5a,116701324648092,大哥豪刷10个爱神之箭！头开8个苹果全程揪心，接连翻车差点心态崩盘！,语格yoga,舞蹈综合,舞蹈综合,154,271,1442083,1954,3276,80870,9202,5827,2422,1780721492,https://www.bilibili.com/video/BV13c7S6qE5a,http://i1.hdslb.com/bfs/archive/e2af963c319aa3c1083f65f39306936b272010b5.jpg
2026-06-08,2026-06-08 11:09:22,82,BV1MtEF6fEga,116690436233152,全国男生统一迷惑行为,王小洋-已黑化,日常,生活,21,446,1145528,3419,2382,92845,2213,17503,2593,1780567200,https://www.bilibili.com/video/BV1MtEF6fEga,http://i1.hdslb.com/bfs/archive/696e0beeae3b0520b2aeae3a4aa24c0eeb689fcd.jpg
2026-06-08,2026-06-08 11:09:22,83,BV16DVz6UE77,116679229180052,如何拍出电影感大片,喜欢拍照的皮皮,日常,生活,21,60,4014666,369,2414,376423,13883,111339,9149,1780384052,https://www.bilibili.com/video/BV16DVz6UE77,http://i1.hdslb.com/bfs/archive/82ba23d6fb45244f769f8f127cfbe2f51afe67c8.jpg
2026-06-08,2026-06-08 11:09:22,84,BV1fV7C6PEC3,116696811571160,当我出提纳里时收到了植物学博士录取通知,乔落落啊,仿妆cos,时尚,252,27,767529,3536,2645,184034,4522,5350,561,1780652265,https://www.bilibili.com/video/BV1fV7C6PEC3,http://i1.hdslb.com/bfs/archive/a6bca5345beae937c7e2979d6d22be6cbdaa9f2e.jpg
2026-06-08,2026-06-08 11:09:22,85,BV1KG7S6FECF,116701274313735,小孩只是请男人吃了一块羊肉，男人转手就掏出一个900克的大金轮,懂一点人情世故,影视剪辑,影视,183,425,1408053,875,896,77241,901,8056,327,1780720244,https://www.bilibili.com/video/BV1KG7S6FECF,http://i2.hdslb.com/bfs/archive/7635c90a615f292f19e67c7de1d91e5c8a697033.jpg
2026-06-08,2026-06-08 11:09:22,86,BV16sEc6SEwE,116692030070649,班级里的某些努力姐belike：,不懂爱的喵,AI音乐,AI音乐,265,81,2379780,673,4826,137897,722,11057,4787,1780579469,https://www.bilibili.com/video/BV16sEc6SEwE,http://i2.hdslb.com/bfs/archive/711ed87052e442f67c408a6e4e372e876c02a3f0.jpg
2026-06-08,2026-06-08 11:09:22,87,BV1Vq7m6NEN8,116700368408896,【时代少年团】系列纪录片《光辉岁月》——“回南天”,时代少年团,明星综合,明星综合,137,13990,1270278,23718,3467,44248,12766,15244,1851,1780718400,https://www.bilibili.com/video/BV1Vq7m6NEN8,http://i2.hdslb.com/bfs/archive/bc281db3fee5c37911a273d2435afe8e9047405f.jpg
2026-06-08,2026-06-08 11:09:22,88,BV1jeEc6yE75,116691593992011,《你说谁错谁就错，因为你开迈巴赫》,嘞是唐孃孃,搞笑,娱乐,138,34,3213269,180,2001,241649,3491,16312,1317,1780572588,https://www.bilibili.com/video/BV1jeEc6yE75,http://i0.hdslb.com/bfs/archive/cc74080d84744d7622f9f9dd492a1583e00aaed7.jpg
2026-06-08,2026-06-08 11:09:22,89,BV16kV26TES7,116685470175022,当父母说出了正确答案：,进击的金厂长,搞笑,娱乐,138,129,6378191,2523,2583,420769,155467,199516,3525,1780479155,https://www.bilibili.com/video/BV16kV26TES7,http://i0.hdslb.com/bfs/archive/982b25c4ef21fb08f77ae933c89f4b99d5b0c86a.jpg
2026-06-08,2026-06-08 11:09:22,90,BV19J7r6HEV7,116695704276560,咕嘎吃掉了整个幼儿园的伙食,咕咕嘎画,搞笑,娱乐,138,46,1644544,149,1239,123791,6529,18708,3635,1780635229,https://www.bilibili.com/video/BV19J7r6HEV7,http://i0.hdslb.com/bfs/archive/6f27e7f3c76289f0fac5ed16261338d0a6c2d5f2.jpg
2026-06-08,2026-06-08 11:09:22,91,BV1ksEA6tEHn,116692801819881,挑战从上海走回深圳！1357公里我能成功吗?,拉宏桑,日常,生活,21,610,1180809,4233,2595,77995,8517,5043,2352,1780651200,https://www.bilibili.com/video/BV1ksEA6tEHn,http://i1.hdslb.com/bfs/archive/1a330af59312e3157e5eddc870a27205d9dfb031.jpg
2026-06-08,2026-06-08 11:09:22,92,BV1um7665EHP,116696325033953,谁是猜价超人？,小杨Johnson,搞笑,娱乐,138,621,2099118,1911,689,45625,11889,8910,658,1780650000,https://www.bilibili.com/video/BV1um7665EHP,http://i2.hdslb.com/bfs/archive/4a683ea3a122ada0dd88fb184da7439b6831fdfe.jpg
2026-06-08,2026-06-08 11:09:22,93,BV1BQ7r68Ejy,116695553280188,高考加油！！！,青柳尊哉,日常,生活,21,25,427749,5418,2792,164864,12708,12150,3515,1780650000,https://www.bilibili.com/video/BV1BQ7r68Ejy,http://i1.hdslb.com/bfs/archive/d2a9b7766bc4f672f01dd4b2805739df436bfc4b.jpg
2026-06-08,2026-06-08 11:09:22,94,BV1s47y65E4g,116698153752165,那年你写下了什么？复盘1977—2025年高考作文题【大国之治·高考作文题】,大象放映室,财经商业,知识,207,2306,1195219,2371,4652,32831,10978,25577,7070,1780801200,https://www.bilibili.com/video/BV1s47y65E4g,http://i1.hdslb.com/bfs/archive/e403ab5119fb220e6ae7654b859643b16dec3709.jpg
2026-06-08,2026-06-08 11:09:22,95,BV1aM7k6UELy,116697314890238,JO等了！介绍一下我的六个替身,曦曦鱼SAKANA,日常,生活,21,57,2111179,388,2164,132128,2860,11746,3799,1780660000,https://www.bilibili.com/video/BV1aM7k6UELy,http://i1.hdslb.com/bfs/archive/885aa33388ed27e0d72abdd95cd0e74a19046a67.jpg
2026-06-08,2026-06-08 11:09:22,96,BV1DB7f6AEBK,116690989942959,最 不 物 质 之 人,张八筒筒,日常,生活,21,127,2713916,944,963,171546,1625,9061,889,1780563943,https://www.bilibili.com/video/BV1DB7f6AEBK,http://i1.hdslb.com/bfs/archive/612e05a8e02454bd4e3723991d4808f061b1c188.jpg
2026-06-08,2026-06-08 11:09:22,97,BV1HL7m6JECt,116700670395936,霸总腌入味，王鹤棣太让人笑幻了……【不舒服学】逐帧分析,一只吐槽圆,娱乐杂谈,娱乐杂谈,241,1774,1385200,19516,4378,62028,24198,11041,11721,1780711190,https://www.bilibili.com/video/BV1HL7m6JECt,http://i0.hdslb.com/bfs/archive/cfe030cb9db76b0cad1dc763db5d7299bfd51ab9.jpg
2026-06-08,2026-06-08 11:09:22,98,BV12R7Q6MEJX,116686543914174,你说你有点难追～,未知艺术家_611,搞笑,娱乐,138,30,2885129,243,2063,257386,3181,27449,4036,1780495648,https://www.bilibili.com/video/BV12R7Q6MEJX,http://i2.hdslb.com/bfs/archive/aeaf33a25e079b26433a425ee56ac24f566861d7.jpg
2026-06-08,2026-06-08 11:09:22,99,BV1v5Ew6jEL1,116691493260833,128的烤冷面,小豪饿了-,美食侦探,美食,212,965,1471659,6749,3172,87547,1853,7230,5294,1780571512,https://www.bilibili.com/video/BV1v5Ew6jEL1,http://i2.hdslb.com/bfs/archive/cd4350a37a6b78560645427692b3c0f7f18fbb46.jpg
2026-06-08,2026-06-08 11:09:22,100,BV1di7Q6nEu4,116701777627095,兄弟们！今天带良子水上训练，你们觉得良子能坚持多久？,健身华哥,运动综合,运动,238,217,1490552,855,8203,76776,1906,3062,3051,1780728153,https://www.bilibili.com/video/BV1di7Q6nEu4,http://i1.hdslb.com/bfs/archive/48f8a7c3b0af6baea81d423375f3ea0e18e4a44d.jpg
2026-06-08,2026-06-08 12:09:22,1,BV15C7k6REKC,116697197451293,公测定档7月 | 《遗忘之海》船员集结摇滚MV「燥」,遗忘之海,GMV,GMV,121,205,7367933,1397,2607,131535,86260,84290,4846,1780711200,https://www.bilibili.com/video/BV15C7k6REKC,http://i0.hdslb.com/bfs/archive/bef8db958217ad42ed011f4bf5d5d6c1cf3a4bad.jpg
2026-06-08,2026-06-08 12:09:22,2,BV1cu7r6FEPd,116696023045705,英国，沦为印度殖民地,平原公子,日常,生活,21,463,3345608,13708,9523,216675,9853,23677,21591,1780640137,https://www.bilibili.com/video/BV1cu7r6FEPd,http://i1.hdslb.com/bfs/archive/95ba7fb80bc2a46fc2c8f7ff69a08c57c40ef914.jpg
2026-06-08,2026-06-08 12:09:22,3,BV1Uj7k6VEPU,116697432395968,信 |《归唐》19分钟完整实机演示,归唐,单机游戏,游戏,17,1167,7544861,21258,30418,130376,41561,26006,54438,1780791300,https://www.bilibili.com/video/BV1Uj7k6VEPU,http://i1.hdslb.com/bfs/archive/73972f02b3d2a52c97a1ec81e53403fef6160006.jpg
2026-06-08,2026-06-08 12:09:22,4,BV1WY7U6dEJ5,116699814693875,【微电影】人类文明的最后一届高考,最后讲述者,鬼畜剧场,鬼畜剧场,216,263,2189430,2948,6199,176378,21015,40523,9704,1780709400,https://www.bilibili.com/video/BV1WY7U6dEJ5,http://i2.hdslb.com/bfs/archive/40a717d48c3dbeb9559b00a07a88af6cfd5181fb.jpg
2026-06-08,2026-06-08 12:09:22,5,BV1rg7C6TEUm,116696912369911,一句“一氧化二氢”能钓出多少“读稿机”？,中国食品报融媒体,科学科普,知识,201,291,4732344,6593,21945,200556,15855,24574,16541,1780653928,https://www.bilibili.com/video/BV1rg7C6TEUm,http://i1.hdslb.com/bfs/archive/1081ed32a36e81bee443915a997ed5f2bd56badd.jpg
2026-06-08,2026-06-08 12:09:22,6,BV1wEEc6REms,116692097238799,城市大富翁（5）,雨哥到处跑,日常,生活,21,3846,1778107,39477,5225,152574,120628,40827,5182,1780628700,https://www.bilibili.com/video/BV1wEEc6REms,http://i1.hdslb.com/bfs/archive/8628e50dc2e56aec5815c8e3f665d304cfe23d80.jpg
2026-06-08,2026-06-08 12:09:22,7,BV1T9Vm6UE2N,116684681647760,《古剑》3分钟战斗实机 | 线下试玩招募开启,古剑,单机游戏,游戏,17,168,5151486,3585,10324,98733,56395,36155,23206,1780698215,https://www.bilibili.com/video/BV1T9Vm6UE2N,http://i0.hdslb.com/bfs/archive/d18a0e2a80905c1a2bfe0d000c3ca47aa1548899.jpg
2026-06-08,2026-06-08 12:09:22,8,BV17GEP6xEDW,116692348832614,新三国up锐评楚汉传奇01：是不是我打开的方式不太对？,吃蛋挞的折棒,影视杂谈,影视,182,1348,1608470,20374,11790,137625,131817,28739,10623,1780624800,https://www.bilibili.com/video/BV17GEP6xEDW,http://i2.hdslb.com/bfs/archive/4e5cd47c8551d2b66643e2800041b7ec2d3bf729.jpg
2026-06-08,2026-06-08 12:09:22,9,BV19ZEF6MEBV,116690117464228,人在干坏事的时候是不怕苦不怕累的,我是易拉爆,日常,生活,21,309,2181228,1484,4111,207658,15775,31315,15638,1780550100,https://www.bilibili.com/video/BV19ZEF6MEBV,http://i2.hdslb.com/bfs/archive/5a3e59dd5183e87d69b1ad3224466b821bf05e23.jpg
2026-06-08,2026-06-08 12:09:22,10,BV1xU7f6xEjt,116690939546284,CF单机叙事续作——《穿越火线：潜伏》实机首曝,穿越火线潜伏,单机游戏,游戏,17,308,6002543,1895,6235,130281,7465,26566,14786,1780696800,https://www.bilibili.com/video/BV1xU7f6xEjt,http://i0.hdslb.com/bfs/archive/140a4abb0c80a2aa1e7cb7126c978567b667ed12.jpg
2026-06-08,2026-06-08 12:09:22,11,BV15v7S65EWD,116701022717876,挑战给历史故事打tag（标签）,混饭达人,娱乐杂谈,娱乐杂谈,241,77,3229477,2959,2519,258408,6178,30385,15743,1780716510,https://www.bilibili.com/video/BV15v7S65EWD,http://i2.hdslb.com/bfs/archive/1845b193e356ee0f6b686419e20cc96fe1678367.jpg
2026-06-08,2026-06-08 12:09:22,12,BV16w7D6RERW,116700921988742,007看后:追逐战？,MEspace天植,绘画,绘画,162,49,2686139,268,1128,263507,25234,45661,2361,1780714922,https://www.bilibili.com/video/BV16w7D6RERW,http://i2.hdslb.com/bfs/archive/f35dab38094910739815ae6424bcceee9316f8f7.jpg
2026-06-08,2026-06-08 12:09:22,13,BV1df7r6REpB,116695469463690,如何在家制造浓汤宝,嘤武罗,日常,生活,21,501,4835984,3651,3392,188788,47577,46108,2858,1780650000,https://www.bilibili.com/video/BV1df7r6REpB,http://i2.hdslb.com/bfs/archive/94c85d2ebad9002fcbad0c7ef2f3c8a3f1ec6768.jpg
2026-06-08,2026-06-08 12:09:22,14,BV1xR7S6hEkB,116700804683368,菲比：就你们寝室最吵！！,Lm海洋,音乐综合,音乐,130,262,1147741,738,3905,91361,66383,40944,14339,1780713190,https://www.bilibili.com/video/BV1xR7S6hEkB,http://i1.hdslb.com/bfs/archive/348cd3608f962369b093721ee90e2515a127a833.jpg
2026-06-08,2026-06-08 12:09:22,15,BV1pDV86oE6S,116657217344637,热烈欢迎薛凯琪！工作之余，Fiona会带哪些让自己感到快乐的东西呢～（录完这期脑海里都是Fifi的笑声,papi酱,短片,动画,256,2017,1404747,11630,4927,139152,54665,17407,7820,1780632000,https://www.bilibili.com/video/BV1pDV86oE6S,http://i2.hdslb.com/bfs/archive/032f4048d6f94c465fc10972289999cf79f2572f.jpg
2026-06-08,2026-06-08 12:09:22,16,BV1PP7C63E2J,116696710912022,《师》我回母校当老师,阿廖沙别害怕_,搞笑,娱乐,138,296,1977281,532,1133,182623,5094,14407,643,1780650587,https://www.bilibili.com/video/BV1PP7C63E2J,http://i0.hdslb.com/bfs/archive/b04455fde128b88ff0a92e264778512242510bc9.jpg
2026-06-08,2026-06-08 12:09:22,17,BV1ZREP6dEcU,116693758117714,扫落叶全清洁100%速通39分03秒leaf it alone,闲云豹,单机游戏,游戏,17,2367,1615742,1783,2409,140437,14784,30481,5850,1780605809,https://www.bilibili.com/video/BV1ZREP6dEcU,http://i1.hdslb.com/bfs/archive/310db23466f62e9399f25f92c8d2b0af953476d6.jpg
2026-06-08,2026-06-08 12:09:22,18,BV1uXEA6gEMu,116692567070822,“别着急，我来给你补充「偶！像！能！量！」”,小耗owo,手机游戏,游戏,172,80,1227132,954,2597,241983,16960,54937,11251,1780624800,https://www.bilibili.com/video/BV1uXEA6gEMu,http://i1.hdslb.com/bfs/archive/64822f49e99e9fb8b41ba5e0f9e06f48d4b76446.jpg
2026-06-08,2026-06-08 12:09:22,19,BV1pW7Q68Emz,116702180348281,这期谁能绷住,呱唧菌,搞笑,娱乐,138,339,1637520,1965,1529,145011,7470,27296,2041,1780741800,https://www.bilibili.com/video/BV1pW7Q68Emz,http://i2.hdslb.com/bfs/archive/5ae6e1d11721490eb4a17034e97a4c36afdca5f0.jpg
2026-06-08,2026-06-08 12:09:22,20,BV1wE7m67EAF,116700569671653,“我在成华大道「拼接遗憾」”,Dieorite,人力VOCALOID,人力VOCALOID,126,116,699139,3047,1704,155449,33454,44335,2801,1780709690,https://www.bilibili.com/video/BV1wE7m67EAF,http://i1.hdslb.com/bfs/archive/b7a88bfce9322211ddb670d69d549967dba6591e.jpg
2026-06-08,2026-06-08 12:09:22,21,BV1uX7k6UENx,116696761239484,巨构：没有告别,巨构ai,网络游戏,游戏,65,19,3007169,6031,7703,478565,24780,161734,7387,1780651506,https://www.bilibili.com/video/BV1uX7k6UENx,http://i0.hdslb.com/bfs/archive/1422e60b2923b373953bd4ce6433b6f0e91f9501.jpg
2026-06-08,2026-06-08 12:09:22,22,BV168796PEv1,116685839403735,如此仙音唯有挠臭,lulu和露爸,喵星人,喵星人,218,26,5145054,18829,6164,642763,19019,125108,27386,1780484850,https://www.bilibili.com/video/BV168796PEv1,http://i1.hdslb.com/bfs/archive/87f3ce4876a2e50e34a2c1b24dfe10ae34700a55.jpg
2026-06-08,2026-06-08 12:09:22,23,BV1s7V46XEix,116655590017716,评论区摄影大赛之火遍全网的佳作篇，本期有锐评系列也有破败与新生佳作，欢迎投稿好的作品会让更多人看到。,摄影恩哥,日常,生活,21,124,5108757,1870,10119,321977,2586,24459,1029,1780738200,https://www.bilibili.com/video/BV1s7V46XEix,http://i1.hdslb.com/bfs/archive/58aada2ca9cd83b3f4d86b331759b2c832c8bcb4.jpg
2026-06-08,2026-06-08 12:09:22,24,BV15iEc6VEfH,116691577216788,路边一块，也能变废为宝，雕刻出大家想要的题材我不知道什么时候天才会亮，但我知道，跑着跑着，天就亮了。,小梨家的和田玉,手工,生活,161,220,6239871,4107,12190,237856,8367,22926,3909,1780572193,https://www.bilibili.com/video/BV15iEc6VEfH,http://i2.hdslb.com/bfs/archive/c1597efe82d66a7f728f8bdd84505eff4b7f5ac9.jpg
2026-06-08,2026-06-08 12:09:22,25,BV1gsEw6zExs,116691040208641,你的高考/中考/期末考belike,哈基mer-猫meme,搞笑,娱乐,138,22,954094,31280,2698,310499,32877,62503,5645,1780564012,https://www.bilibili.com/video/BV1gsEw6zExs,http://i2.hdslb.com/bfs/archive/4f76f8d127f1c6d5a990c89a161f10356e783cd4.jpg
2026-06-08,2026-06-08 12:09:22,26,BV1TR766zEvE,116695972714489,在沙漠里种了1800万棵树，然后呢？,影视飓风,娱乐粉丝创作,娱乐,242,756,3073618,10421,2940,156351,58714,26703,2778,1780650000,https://www.bilibili.com/video/BV1TR766zEvE,http://i1.hdslb.com/bfs/archive/af434541e40c0402ac850fc6783faa3ed5bfdda9.jpg
2026-06-08,2026-06-08 12:09:22,27,BV1WT7C6uEj8,116696878749194,猫 咪 的 花 语 是 老 吴🎵,幾加乘,同人·手书,动画,47,259,1710937,1694,3337,122224,18733,25752,11196,1780653131,https://www.bilibili.com/video/BV1WT7C6uEj8,http://i0.hdslb.com/bfs/archive/ad354ddb8c2e2bf697327dc182835b3d6014f4b1.jpg
2026-06-08,2026-06-08 12:09:22,28,BV1w6EF6QEjZ,116690033778619,不看后悔！史上最神人店家！,转生成为毛毛,美食侦探,美食,212,186,3532975,4106,9401,181206,5378,30642,15303,1780563600,https://www.bilibili.com/video/BV1w6EF6QEjZ,http://i1.hdslb.com/bfs/archive/07cb98d8f59285212c90c7646739a87803bf06c0.jpg
2026-06-08,2026-06-08 12:09:22,29,BV1Ja7k6AE1b,116697063235411,我又给花朵加了个开关！,是玉木呀,设计·创意,设计·创意,229,104,1068749,566,898,171683,19942,34917,3550,1780656042,https://www.bilibili.com/video/BV1Ja7k6AE1b,http://i0.hdslb.com/bfs/archive/c05470a618fc67ee60cb9df153eb5ad6d3c8ce08.jpg
2026-06-08,2026-06-08 12:09:22,30,BV1UV7k6LEUG,116697264627213,航天会刷典狱长？！【三角洲动画】,手折余弦丶,电子竞技,游戏,171,300,1312048,1453,1782,109749,12642,28286,3395,1780659017,https://www.bilibili.com/video/BV1UV7k6LEUG,http://i0.hdslb.com/bfs/archive/eb575db6391346950b2623259e6c0c6469239e03.jpg
2026-06-08,2026-06-08 12:09:22,31,BV1Qi7f6eE59,116690805395451,致敬每一个心中有花，努力奔跑的人,爱画画的子衿,亲子,生活,254,313,1757381,3490,3686,239636,121169,16086,3856,1780561800,https://www.bilibili.com/video/BV1Qi7f6eE59,http://i1.hdslb.com/bfs/archive/2c9cc3dd70d264a8473e46b8bebaad7db4d6ef2c.jpg
2026-06-08,2026-06-08 12:09:22,32,BV1hG7y69Ej2,116698036313694,史上最骚特工(第二集),老番茄,单机游戏,游戏,17,842,2334122,3306,1778,138311,45298,38700,2355,1780716600,https://www.bilibili.com/video/BV1hG7y69Ej2,http://i2.hdslb.com/bfs/archive/c4778bfde8d395e0f91e2f746393736302e8205c.jpg
2026-06-08,2026-06-08 12:09:22,33,BV1xkE46PE59,116707649656463,参加了九次高考的考生采访,自来卷三木,日常,生活,21,99,3123627,2251,2993,215188,5763,13148,6062,1780817665,https://www.bilibili.com/video/BV1xkE46PE59,http://i1.hdslb.com/bfs/archive/2c51e17d5ab278033691d055015af26638867e5b.jpg
2026-06-08,2026-06-08 12:09:22,34,BV1um7665EpW,116696325033820,讷,水生植物人owo,日常,生活,21,16,1351828,972,7573,196395,5246,51021,17982,1780644714,https://www.bilibili.com/video/BV1um7665EpW,http://i2.hdslb.com/bfs/archive/ce971f171b1f22d061819b3fea882f5d4af2a608.jpg
2026-06-08,2026-06-08 12:09:22,35,BV1bV7k6LExn,116697264560365,再见！一系列！高考必胜！,一数,校园学习,知识,208,193,938012,29987,15480,88154,33942,18123,5794,1780659292,https://www.bilibili.com/video/BV1bV7k6LExn,http://i2.hdslb.com/bfs/archive/5df66240b2b71ca2bc6ce697e929657b1b1df5a4.jpg
2026-06-08,2026-06-08 12:09:22,36,BV13s7z63EjV,116695016477738,《绝区零》3.0新地块实机演示,绝区零,手机游戏,游戏,172,599,1456788,9423,13697,126024,58848,22479,25027,1780624803,https://www.bilibili.com/video/BV13s7z63EjV,http://i0.hdslb.com/bfs/archive/ac132a13aed30f0b83ff50dfb56d83e2e518206a.jpg
2026-06-08,2026-06-08 12:09:22,37,BV1dY7Q6pEQZ,116701878291791,千里奔赴只为弥补40年前的遗憾,赛亚人阿廖,出行,生活,250,246,1094814,2102,1750,129880,33761,13443,463,1780729530,https://www.bilibili.com/video/BV1dY7Q6pEQZ,http://i0.hdslb.com/bfs/archive/5f9f719eb1fb6326b0a2eabe298cd1484afab3e6.jpg
2026-06-08,2026-06-08 12:09:22,38,BV1vEEP6HEFw,116692281789801,2025年出货量370万台！激光雷达真成“安全气囊”了？,保镖的车库,新能源车,新能源车,247,606,2243816,633,963,127689,3528,12458,494,1780653900,https://www.bilibili.com/video/BV1vEEP6HEFw,http://i1.hdslb.com/bfs/archive/76872e6b743f73527ee70c89a75c39214a868540.jpg
2026-06-08,2026-06-08 12:09:22,39,BV1vR7D6JEEm,116702566223209,全球吃席！自驾巴尔干婚礼，吃欧洲乡村大席,食贫道,日常,生活,21,3274,1170733,7968,1672,112342,42117,14635,3387,1780741089,https://www.bilibili.com/video/BV1vR7D6JEEm,http://i2.hdslb.com/bfs/archive/b23120503d27e3049c25e887901c19df17a98fe1.jpg
2026-06-08,2026-06-08 12:09:22,40,BV19N7y6bE1e,116698455803490,全体起立鼓掌！人类发现了治癌症的新药！🤯,蜗牛的科技笔记,软件应用,软件应用,230,115,1532919,1311,7081,141427,5907,23713,10010,1780677279,https://www.bilibili.com/video/BV19N7y6bE1e,http://i2.hdslb.com/bfs/archive/3b5f57bbd2f68b33097261f34d0cbb700b9439ce.jpg
2026-06-08,2026-06-08 12:09:22,41,BV1kCVU65ERM,116669112386149,初中生斗胆跳一段jam,特崮斯,篮球,运动,235,45,6770290,10992,19142,1288864,211745,136799,20337,1780229707,https://www.bilibili.com/video/BV1kCVU65ERM,http://i1.hdslb.com/bfs/archive/5871a66dc8e356ff71da4a6d99d5922b4a6a3fce.jpg
2026-06-08,2026-06-08 12:09:22,42,BV1gWEw6gE4X,116691056987748,“这种没流量的画画最狠了”,像风如你o_O,日常,生活,21,25,2273605,688,3350,278886,7741,23939,1132,1780564358,https://www.bilibili.com/video/BV1gWEw6gE4X,http://i0.hdslb.com/bfs/archive/96621cf035234fbf3c3d6f498d6f4d5eae388c12.jpg
2026-06-08,2026-06-08 12:09:22,43,BV1GHEw6rEo4,116691140875979,无能的杰哥,神威-狗剩,影视剪辑,影视,183,154,2829992,1912,3855,138680,8464,25707,27998,1780565876,https://www.bilibili.com/video/BV1GHEw6rEo4,http://i2.hdslb.com/bfs/archive/0814d03bdf68a6a83cba4b8ba18fa6d58d6de912.jpg
2026-06-08,2026-06-08 12:09:22,44,BV1LR7D6JEV7,116702566156828,Re：佩恩从零开始的异世界生活！！！【水门篇】,-夏秋冬-,综合,综合,27,416,1132727,1557,3747,77277,27652,22633,4653,1780740005,https://www.bilibili.com/video/BV1LR7D6JEV7,http://i0.hdslb.com/bfs/archive/bb4c488614d181445341190010ddfd29eae8cfb7.jpg
2026-06-08,2026-06-08 12:09:22,45,BV17q7y6qEeG,116697767874225,当代牢大学生论文现状belike：,黑曼波语录,鬼畜调教,鬼畜,22,78,1669018,257,2005,126950,4545,86447,10098,1780716900,https://www.bilibili.com/video/BV17q7y6qEeG,http://i2.hdslb.com/bfs/archive/a42866374c2dd87fd5093121386c1dd1372e10a6.jpg
2026-06-08,2026-06-08 12:09:22,46,BV1CQ7o61ERo,116689798764442,人，握爪后就不要放开咯！——《伊莫》握爪测试招募开启,伊莫,手机游戏,游戏,172,119,3614085,730,3571,81930,41115,40853,33852,1780797600,https://www.bilibili.com/video/BV1CQ7o61ERo,http://i0.hdslb.com/bfs/archive/06bcb84e42974283a3ade3bf6fbee2302b4b4d96.jpg
2026-06-08,2026-06-08 12:09:22,47,BV1dq7Q6SEbX,116701827961912,最不吃压力之熊,传奇飞行员_太日阳莽,鬼畜剧场,鬼畜剧场,216,91,1839335,674,2821,146468,2693,33029,4675,1780728644,https://www.bilibili.com/video/BV1dq7Q6SEbX,http://i2.hdslb.com/bfs/archive/cdfe2d04e5d60dbd700833f920d17d40cebc2d39.jpg
2026-06-08,2026-06-08 12:09:22,48,BV1tV7k6LEyH,116697264556028,你或许不认识我 但我唱的歌你或许？？听过？,喵☆酱,翻唱,音乐,31,443,602435,5785,2676,122116,8281,18238,1337,1780659262,https://www.bilibili.com/video/BV1tV7k6LEyH,http://i1.hdslb.com/bfs/archive/f27fa302b117dedb6f353c75770d440ca8982c33.jpg
2026-06-08,2026-06-08 12:09:22,49,BV1VD726iE1t,116698791282580,《猴王出事》,伤心欲茄222,搞笑,娱乐,138,103,2417082,1219,3715,168996,6777,8780,6098,1780718400,https://www.bilibili.com/video/BV1VD726iE1t,http://i1.hdslb.com/bfs/archive/2fa41f4d1af95817e553d8fd8c6eeb7fc16a9d82.jpg
2026-06-08,2026-06-08 12:09:22,50,BV13HEw6rEhc,116691140873202,接龙游戏开发，但都绷住了,M木糖M,单机游戏,游戏,17,933,1777685,1620,1124,86434,12516,16186,1481,1780630200,https://www.bilibili.com/video/BV13HEw6rEhc,http://i2.hdslb.com/bfs/archive/1083ae38f0917802668505e94ed2fe06226cc58b.jpg
2026-06-08,2026-06-08 12:09:22,51,BV1JJ7m62ELC,116700620065327,最直接的伤害往往只需采用最简单的普通攻击 #超能力 #万万没想到 #反转 #劲大,刘不凡本凡,短片,动画,256,364,2277119,2838,6361,127190,1921,14564,853,1780719600,https://www.bilibili.com/video/BV1JJ7m62ELC,http://i1.hdslb.com/bfs/archive/1b35b982075822d704a03ec34c21632ebcfa9044.jpg
2026-06-08,2026-06-08 12:09:22,52,BV1Jj7C6AEPq,116696845193451,是我还不够好,怎么转身又是,MMD·3D,动画,25,67,1873173,4781,7197,185416,9949,45508,28787,1780652794,https://www.bilibili.com/video/BV1Jj7C6AEPq,http://i0.hdslb.com/bfs/archive/c261bcb22b8b34b31c0d9cb2e04b0a49a318b123.jpg
2026-06-08,2026-06-08 12:09:22,53,BV1jz7k6tEkL,116696979347018,教程来啦兄弟们 拍起来,是柳宗元,电子竞技,游戏,171,46,2327840,195,937,177024,3059,26923,1430,1780654702,https://www.bilibili.com/video/BV1jz7k6tEkL,http://i0.hdslb.com/bfs/archive/becaa38ea9e7437bed18411340db6d5da7f4cd54.jpg
2026-06-08,2026-06-08 12:09:22,54,BV1xZ7k6LESp,116696778084201,“哎呀 我们的主角倒下啦～”,西门小昭,综合,综合,27,30,801630,128,1180,152719,10906,61192,2804,1780655400,https://www.bilibili.com/video/BV1xZ7k6LESp,http://i2.hdslb.com/bfs/archive/2c5c6c548ed488771077293e2f7bfcfb435e4744.jpg
2026-06-08,2026-06-08 12:09:22,55,BV1Qt7X61Enn,116686241993999,百万英镑，但素质过低,青时晚,影视剪辑,影视,183,174,2561966,2116,2711,149486,12507,38492,15237,1780490956,https://www.bilibili.com/video/BV1Qt7X61Enn,http://i0.hdslb.com/bfs/archive/1573985b4950f4d1001b3a21a50adab722b0a0f1.jpg
2026-06-08,2026-06-08 12:09:22,56,BV1FV7C6NECz,116696811574425,《鸣潮》×《赛博朋克：边缘行者》特别对谈,鸣潮,搞笑,娱乐,138,1763,699515,10137,12175,62700,33863,12009,13946,1780653600,https://www.bilibili.com/video/BV1FV7C6NECz,http://i0.hdslb.com/bfs/archive/27fb7525094384a11b11552c91c8525f59087c80.jpg
2026-06-08,2026-06-08 12:09:22,57,BV15z766SE1A,116696341812776,假如高考什么都可以带,小安苒AIGC,校园学习,知识,208,177,2398918,2947,2768,101994,2390,7996,1932,1780646400,https://www.bilibili.com/video/BV15z766SE1A,http://i2.hdslb.com/bfs/archive/ed743a6a86446310a9957bce92faa671a082a6d8.jpg
2026-06-08,2026-06-08 12:09:22,58,BV1YVEn6fEmZ,116703304356999,那天真有其他人在场，但我没法证明。,何大爷课堂,人文历史,知识,228,123,1792798,350,2654,140699,3273,12531,1073,1780751375,https://www.bilibili.com/video/BV1YVEn6fEmZ,http://i1.hdslb.com/bfs/archive/36a36b65d7a5cdced8c027e2371074acb5dd204b.jpg
2026-06-08,2026-06-08 12:09:22,59,BV1EwEF62EhA,116690721443492,当校长挑选教室地板时,Cheems电玩屋,日常,生活,21,18,5197554,848,5113,209944,1269,7933,522,1780559484,https://www.bilibili.com/video/BV1EwEF62EhA,http://i0.hdslb.com/bfs/archive/8916553504d48aec3ba5ad2bdfeec5fcf7eefc1c.jpg
2026-06-08,2026-06-08 12:09:22,60,BV1Zj7C6wEJY,116696845125445,织棉为布，非遗土布。用千年蓝染，重现极致的东方浪漫,花木紫Huamuz,手工,生活,161,401,1212395,1731,2615,98166,9214,9825,740,1780652882,https://www.bilibili.com/video/BV1Zj7C6wEJY,http://i0.hdslb.com/bfs/archive/753a39454d2f1455af84effb021941e20ad4c2c7.jpg
2026-06-08,2026-06-08 12:09:22,61,BV15W7C6tEyc,116696425766532,送你一片夕阳！,困雀雀,仿妆cos,时尚,252,36,585878,150,2347,170725,9193,31035,2713,1780646468,https://www.bilibili.com/video/BV15W7C6tEyc,http://i2.hdslb.com/bfs/archive/86973af2078693bfe5fc81d4dae783648e7fb904.jpg
2026-06-08,2026-06-08 12:09:22,62,BV17z7y6KEVT,116697751096214,可爱的安魂曲~,徐大花xudahua,手工,生活,161,158,1526720,380,1445,103120,6860,14820,2435,1780718400,https://www.bilibili.com/video/BV17z7y6KEVT,http://i2.hdslb.com/bfs/archive/2fbc38542399965a708c159f85533b4f5065fe8c.jpg
2026-06-08,2026-06-08 12:09:22,63,BV1Xa7m6qEm7,116700217347938,意识深渊：我真的存在吗？,大圆镜科普,科学科普,知识,201,484,940175,1352,2140,87047,3170,16698,1529,1780704207,https://www.bilibili.com/video/BV1Xa7m6qEm7,http://i1.hdslb.com/bfs/archive/2d760490c4cfbae1c3b9168320f075ace66ad15a.jpg
2026-06-08,2026-06-08 12:09:22,64,BV1uX7k6UEPn,116696761239539,把硬装的喊过来！,脱缰凯Kk,小剧场,娱乐,85,219,1356192,1651,1689,99176,3404,10349,697,1780651876,https://www.bilibili.com/video/BV1uX7k6UEPn,http://i1.hdslb.com/bfs/archive/1a5306b127f7814fe75bc726966f0f675fcb7e33.jpg
2026-06-08,2026-06-08 12:09:22,65,BV1yk7X6KEz4,116686023891513,2高中生屠杀同学，造成13人死亡后自杀，开启美国校园枪击案先河：科伦拜恩枪击案,捕月说,人文历史,知识,228,733,2374774,1001,904,80418,1088,11428,517,1780654200,https://www.bilibili.com/video/BV1yk7X6KEz4,http://i2.hdslb.com/bfs/archive/b52e8d555de710438989ea0831c1fa8211fbe67d.jpg
2026-06-08,2026-06-08 12:09:22,66,BV1JAEw69EUS,116691342200777,生完宝宝之后我再也不敢得罪我老公了，因为……,笑哥走丢了a,亲子,生活,254,89,2427805,927,7599,185266,3590,9473,2127,1780568869,https://www.bilibili.com/video/BV1JAEw69EUS,http://i2.hdslb.com/bfs/archive/2496ecbfca22198efdffe5b1855ea840b90edb2a.jpg
2026-06-08,2026-06-08 12:09:22,67,BV1W6VZ6MEbd,116674313328609,🍄欠揍气球🍄,纸片马力欧,日常,生活,21,40,4717182,7020,10921,538644,43288,285792,81229,1780309043,https://www.bilibili.com/video/BV1W6VZ6MEbd,http://i0.hdslb.com/bfs/archive/3d18bae01c4fc365d9e7e0ede5efb926e32115ad.jpg
2026-06-08,2026-06-08 12:09:22,68,BV1R7Ew65ERR,116691124229360,当爸爸找亲戚买手机,刘鸿哥哥,小剧场,娱乐,85,119,2477804,1013,3176,168321,1532,9071,1825,1780565630,https://www.bilibili.com/video/BV1R7Ew65ERR,http://i0.hdslb.com/bfs/archive/5e4feb10a7cf9e178bf7e9a619d62843bc5ae8b2.jpg
2026-06-08,2026-06-08 12:09:22,69,BV15d7D6UE4i,116702549379788,世界杯期间不抓移民？那这世界杯不是白办了吗,麻薯波比呀,社科·法律·心理,知识,124,995,1535075,6813,3178,86663,12594,9629,2123,1780740025,https://www.bilibili.com/video/BV15d7D6UE4i,http://i2.hdslb.com/bfs/archive/91940674117acf43b95f7a6e2e7ab686470cc3ea.jpg
2026-06-08,2026-06-08 12:09:22,70,BV1YV7U6zEps,116699697254319,小登VS老登,灼眼的SABER哒,同人·手书,动画,47,63,1000372,469,2572,127857,11162,42875,10339,1780718400,https://www.bilibili.com/video/BV1YV7U6zEps,http://i0.hdslb.com/bfs/archive/dce2758cd8546e893008888b88f215364194d4a7.jpg
2026-06-08,2026-06-08 12:09:22,71,BV1bd7k62Epb,116696794863371,LV6有啥用?一个视频看懂LV6所有特权功能,威尔斯耍流氓,搞笑,娱乐,138,193,601490,9098,16283,56094,34015,7391,3840,1780652357,https://www.bilibili.com/video/BV1bd7k62Epb,http://i1.hdslb.com/bfs/archive/96eeed5029dce27d3f6ea0160d4ade58d6afb34e.jpg
2026-06-08,2026-06-08 12:09:22,72,BV1TK7S6PESt,116701341420908,日菲台岛东部“划界”，我们和两国防长现场对线！,玉渊谭天,科学科普,知识,201,466,717530,5198,4412,79534,25432,8877,2029,1780729200,https://www.bilibili.com/video/BV1TK7S6PESt,http://i0.hdslb.com/bfs/archive/4f11eda2d2c34ea69bc20938c15ebcc0e4b3affc.jpg
2026-06-08,2026-06-08 12:09:22,73,BV1q1Vy64EqA,116682450274928,给朋友做的一本翻翻乐,花颜和鸣,日常,生活,21,70,691259,1044,2689,162470,13795,22458,1067,1780589700,https://www.bilibili.com/video/BV1q1Vy64EqA,http://i0.hdslb.com/bfs/archive/b6ed86d5a0591cf027f6b65a4770f1c9656617d7.jpg
2026-06-08,2026-06-08 12:09:22,74,BV1yc7r6vE1C,116695905734805,关于我18岁为什么不去参加高考,我不是赤寒,日常,生活,21,126,1156438,1522,6413,128360,6898,13867,1806,1780638439,https://www.bilibili.com/video/BV1yc7r6vE1C,http://i1.hdslb.com/bfs/archive/294ac25c415d3dcaf5c46bbc02fb5df23da86784.jpg
2026-06-08,2026-06-08 12:09:22,75,BV1Bm7U6jEDZ,116701542815709,《爱，你》,是许木木啊,日常,生活,21,1043,896662,5385,4247,93368,11871,22857,1622,1780738200,https://www.bilibili.com/video/BV1Bm7U6jEDZ,http://i0.hdslb.com/bfs/archive/fd7de4f643c70f1117b5d4f7ef9d1878ffc094bd.jpg
2026-06-08,2026-06-08 12:09:22,76,BV1kv7262EyU,116698623578210,公司给粉丝安排了30万的水上宫殿...,飓多多StormCrew,日常,生活,21,852,1565056,3557,2377,80279,18941,16521,1900,1780714800,https://www.bilibili.com/video/BV1kv7262EyU,http://i2.hdslb.com/bfs/archive/a59944bd6ce91c0bbc28d8c8b560e8b73c31e976.jpg
2026-06-08,2026-06-08 12:09:22,77,BV1787S6mEV8,116701073053928,这里藏着一群“伪人”,摸鱼佬临风,鬼畜剧场,鬼畜剧场,216,354,385842,433,817,82855,5646,26730,1069,1780717427,https://www.bilibili.com/video/BV1787S6mEV8,http://i2.hdslb.com/bfs/archive/d2a4fc8b8017160bc03e17f14d6fbedd690059c1.jpg
2026-06-08,2026-06-08 12:09:22,78,BV19J7r6HESb,116695704274527,【抱佛脚】高考语文！选择题？最后一课！,学过石油的语文老师,校园学习,知识,208,1200,883450,37026,11374,41975,17094,20313,4086,1780660800,https://www.bilibili.com/video/BV19J7r6HESb,http://i0.hdslb.com/bfs/archive/f8d05a7621ff85694f1ddb7ac6c3c775b0e01965.jpg
2026-06-08,2026-06-08 12:09:22,79,BV1n17D6xEX2,116702331278408,这就是7JIA最强之人,杨齐家_,单机游戏,游戏,17,1221,2232969,5064,2350,107485,9451,16104,881,1780736508,https://www.bilibili.com/video/BV1n17D6xEX2,http://i1.hdslb.com/bfs/archive/63922fa2e9e8a18b95b8175a3bea61b0779794d1.jpg
2026-06-08,2026-06-08 12:09:22,80,BV1Vz766DE6S,116696342006745,“从来就没有什么意外 ”,DKM莫天行,GMV,GMV,121,142,922789,232,1706,106286,17511,34396,947,1780653600,https://www.bilibili.com/video/BV1Vz766DE6S,http://i1.hdslb.com/bfs/archive/ebae2236febce20da402b0789a87254a40b4e8b8.jpg
2026-06-08,2026-06-08 12:09:22,81,BV13c7S6qE5a,116701324648092,大哥豪刷10个爱神之箭！头开8个苹果全程揪心，接连翻车差点心态崩盘！,语格yoga,舞蹈综合,舞蹈综合,154,271,1460270,1981,3317,81795,9318,5911,2463,1780721492,https://www.bilibili.com/video/BV13c7S6qE5a,http://i1.hdslb.com/bfs/archive/e2af963c319aa3c1083f65f39306936b272010b5.jpg
2026-06-08,2026-06-08 12:09:22,82,BV1MtEF6fEga,116690436233152,全国男生统一迷惑行为,王小洋-已黑化,日常,生活,21,446,1149471,3435,2391,93078,2221,17544,2601,1780567200,https://www.bilibili.com/video/BV1MtEF6fEga,http://i1.hdslb.com/bfs/archive/696e0beeae3b0520b2aeae3a4aa24c0eeb689fcd.jpg
2026-06-08,2026-06-08 12:09:22,83,BV1KG7S6FECF,116701274313735,小孩只是请男人吃了一块羊肉，男人转手就掏出一个900克的大金轮,懂一点人情世故,影视剪辑,影视,183,425,1431775,889,923,78125,935,8165,334,1780720244,https://www.bilibili.com/video/BV1KG7S6FECF,http://i2.hdslb.com/bfs/archive/7635c90a615f292f19e67c7de1d91e5c8a697033.jpg
2026-06-08,2026-06-08 12:09:22,84,BV1fV7C6PEC3,116696811571160,当我出提纳里时收到了植物学博士录取通知,乔落落啊,仿妆cos,时尚,252,27,773276,3567,2660,185132,4583,5388,564,1780652265,https://www.bilibili.com/video/BV1fV7C6PEC3,http://i1.hdslb.com/bfs/archive/a6bca5345beae937c7e2979d6d22be6cbdaa9f2e.jpg
2026-06-08,2026-06-08 12:09:22,85,BV1Vq7m6NEN8,116700368408896,【时代少年团】系列纪录片《光辉岁月》——“回南天”,时代少年团,明星综合,明星综合,137,13990,1285661,24953,3476,44507,12846,15332,1858,1780718400,https://www.bilibili.com/video/BV1Vq7m6NEN8,http://i2.hdslb.com/bfs/archive/bc281db3fee5c37911a273d2435afe8e9047405f.jpg
2026-06-08,2026-06-08 12:09:22,86,BV16DVz6UE77,116679229180052,如何拍出电影感大片,喜欢拍照的皮皮,日常,生活,21,60,4019316,369,2417,377009,13908,111517,9158,1780384052,https://www.bilibili.com/video/BV16DVz6UE77,http://i1.hdslb.com/bfs/archive/82ba23d6fb45244f769f8f127cfbe2f51afe67c8.jpg
2026-06-08,2026-06-08 12:09:22,87,BV19J7r6HEV7,116695704276560,咕嘎吃掉了整个幼儿园的伙食,咕咕嘎画,搞笑,娱乐,138,46,1649587,149,1243,124267,6565,18780,3645,1780635229,https://www.bilibili.com/video/BV19J7r6HEV7,http://i0.hdslb.com/bfs/archive/6f27e7f3c76289f0fac5ed16261338d0a6c2d5f2.jpg
2026-06-08,2026-06-08 12:09:22,88,BV1ksEA6tEHn,116692801819881,挑战从上海走回深圳！1357公里我能成功吗?,拉宏桑,日常,生活,21,610,1187423,4245,2613,78382,8570,5069,2371,1780651200,https://www.bilibili.com/video/BV1ksEA6tEHn,http://i1.hdslb.com/bfs/archive/1a330af59312e3157e5eddc870a27205d9dfb031.jpg
2026-06-08,2026-06-08 12:09:22,89,BV1um7665EHP,116696325033953,谁是猜价超人？,小杨Johnson,搞笑,娱乐,138,621,2102935,1917,693,45798,11940,8917,659,1780650000,https://www.bilibili.com/video/BV1um7665EHP,http://i2.hdslb.com/bfs/archive/4a683ea3a122ada0dd88fb184da7439b6831fdfe.jpg
2026-06-08,2026-06-08 12:09:22,90,BV1BQ7r68Ejy,116695553280188,高考加油！！！,青柳尊哉,日常,生活,21,25,428530,5433,2792,165153,12746,12179,3520,1780650000,https://www.bilibili.com/video/BV1BQ7r68Ejy,http://i1.hdslb.com/bfs/archive/d2a9b7766bc4f672f01dd4b2805739df436bfc4b.jpg
2026-06-08,2026-06-08 12:09:22,91,BV16sEc6SEwE,116692030070649,班级里的某些努力姐belike：,不懂爱的喵,AI音乐,AI音乐,265,81,2395611,678,4856,138468,726,11145,4818,1780579469,https://www.bilibili.com/video/BV16sEc6SEwE,http://i2.hdslb.com/bfs/archive/711ed87052e442f67c408a6e4e372e876c02a3f0.jpg
2026-06-08,2026-06-08 12:09:22,92,BV16kV26TES7,116685470175022,当父母说出了正确答案：,进击的金厂长,搞笑,娱乐,138,129,6397589,2528,2590,422048,155944,200127,3545,1780479155,https://www.bilibili.com/video/BV16kV26TES7,http://i0.hdslb.com/bfs/archive/982b25c4ef21fb08f77ae933c89f4b99d5b0c86a.jpg
2026-06-08,2026-06-08 12:09:22,93,BV1s47y65E4g,116698153752165,那年你写下了什么？复盘1977—2025年高考作文题【大国之治·高考作文题】,大象放映室,财经商业,知识,207,2306,1209147,2405,4713,33217,11142,25920,7167,1780801200,https://www.bilibili.com/video/BV1s47y65E4g,http://i1.hdslb.com/bfs/archive/e403ab5119fb220e6ae7654b859643b16dec3709.jpg
2026-06-08,2026-06-08 12:09:22,94,BV1aM7k6UELy,116697314890238,JO等了！介绍一下我的六个替身,曦曦鱼SAKANA,日常,生活,21,57,2114404,388,2168,132392,2866,11766,3808,1780660000,https://www.bilibili.com/video/BV1aM7k6UELy,http://i1.hdslb.com/bfs/archive/885aa33388ed27e0d72abdd95cd0e74a19046a67.jpg
2026-06-08,2026-06-08 12:09:22,95,BV1HL7m6JECt,116700670395936,霸总腌入味，王鹤棣太让人笑幻了……【不舒服学】逐帧分析,一只吐槽圆,娱乐杂谈,娱乐杂谈,241,1774,1397504,19672,4414,62556,24429,11101,11863,1780711190,https://www.bilibili.com/video/BV1HL7m6JECt,http://i0.hdslb.com/bfs/archive/cfe030cb9db76b0cad1dc763db5d7299bfd51ab9.jpg
2026-06-08,2026-06-08 12:09:22,96,BV1DB7f6AEBK,116690989942959,最 不 物 质 之 人,张八筒筒,日常,生活,21,127,2714516,944,964,171568,1625,9063,891,1780563943,https://www.bilibili.com/video/BV1DB7f6AEBK,http://i1.hdslb.com/bfs/archive/612e05a8e02454bd4e3723991d4808f061b1c188.jpg
2026-06-08,2026-06-08 12:09:22,97,BV1jeEc6yE75,116691593992011,《你说谁错谁就错，因为你开迈巴赫》,嘞是唐孃孃,搞笑,娱乐,138,34,3219333,180,2002,242060,3493,16335,1318,1780572588,https://www.bilibili.com/video/BV1jeEc6yE75,http://i0.hdslb.com/bfs/archive/cc74080d84744d7622f9f9dd492a1583e00aaed7.jpg
2026-06-08,2026-06-08 12:09:22,98,BV1di7Q6nEu4,116701777627095,兄弟们！今天带良子水上训练，你们觉得良子能坚持多久？,健身华哥,运动综合,运动,238,217,1504316,859,8438,77287,1920,3084,3076,1780728153,https://www.bilibili.com/video/BV1di7Q6nEu4,http://i1.hdslb.com/bfs/archive/48f8a7c3b0af6baea81d423375f3ea0e18e4a44d.jpg
2026-06-08,2026-06-08 12:09:22,99,BV1D97y6dERH,116697919004560,拿人罐罐，替人消灾,布丁仔和泡芙妹的一天,喵星人,喵星人,218,23,2524965,478,2967,141741,443,5706,772,1780669119,https://www.bilibili.com/video/BV1D97y6dERH,http://i2.hdslb.com/bfs/archive/fc9d115669e9ba8a3d141ba74d6e7da1e5f327c9.jpg
2026-06-08,2026-06-08 12:09:22,100,BV1usEw6zEzz,116691040210285,吉时已到｜谁不想急头白脸地和朋友们一起搓一个群像电影啊！,爱黏人的圆子哔___,日常,生活,21,23783,361006,29670,3324,41192,42091,16852,2588,1780657200,https://www.bilibili.com/video/BV1usEw6zEzz,http://i2.hdslb.com/bfs/archive/4179c4c6089c95549d97a8322fe540958201cde3.jpg
2026-06-08,2026-06-08 18:50:15,1,BV15C7k6REKC,116697197451293,公测定档7月 | 《遗忘之海》船员集结摇滚MV「燥」,遗忘之海,GMV,GMV,121,205,7466007,1508,2676,132869,86337,84561,4956,1780711200,https://www.bilibili.com/video/BV15C7k6REKC,http://i0.hdslb.com/bfs/archive/bef8db958217ad42ed011f4bf5d5d6c1cf3a4bad.jpg
2026-06-08,2026-06-08 18:50:15,2,BV1Uj7k6VEPU,116697432395968,信 |《归唐》19分钟完整实机演示,归唐,单机游戏,游戏,17,1167,8873585,22745,32567,142696,44796,28547,58838,1780791300,https://www.bilibili.com/video/BV1Uj7k6VEPU,http://i1.hdslb.com/bfs/archive/73972f02b3d2a52c97a1ec81e53403fef6160006.jpg
2026-06-08,2026-06-08 18:50:15,3,BV1cu7r6FEPd,116696023045705,英国，沦为印度殖民地,平原公子,日常,生活,21,463,3513247,14406,9990,227454,10604,24899,23137,1780640137,https://www.bilibili.com/video/BV1cu7r6FEPd,http://i1.hdslb.com/bfs/archive/95ba7fb80bc2a46fc2c8f7ff69a08c57c40ef914.jpg
2026-06-08,2026-06-08 18:50:15,4,BV1WY7U6dEJ5,116699814693875,【微电影】人类文明的最后一届高考,最后讲述者,鬼畜剧场,鬼畜剧场,216,263,2244375,3069,6371,181163,22392,42241,10213,1780709400,https://www.bilibili.com/video/BV1WY7U6dEJ5,http://i2.hdslb.com/bfs/archive/40a717d48c3dbeb9559b00a07a88af6cfd5181fb.jpg
2026-06-08,2026-06-08 18:50:15,5,BV1T9Vm6UE2N,116684681647760,《古剑》3分钟战斗实机 | 线下试玩招募开启,古剑,单机游戏,游戏,17,168,5493036,3644,10577,104173,64048,46188,23947,1780698215,https://www.bilibili.com/video/BV1T9Vm6UE2N,http://i0.hdslb.com/bfs/archive/d18a0e2a80905c1a2bfe0d000c3ca47aa1548899.jpg
2026-06-08,2026-06-08 18:50:15,6,BV1rg7C6TEUm,116696912369911,一句“一氧化二氢”能钓出多少“读稿机”？,中国食品报融媒体,科学科普,知识,201,291,4949521,6876,22819,210160,16710,25584,17472,1780653928,https://www.bilibili.com/video/BV1rg7C6TEUm,http://i1.hdslb.com/bfs/archive/1081ed32a36e81bee443915a997ed5f2bd56badd.jpg
2026-06-08,2026-06-08 18:50:15,7,BV1xkE46PE59,116707649656463,参加了九次高考的考生采访,自来卷三木,日常,生活,21,99,3966828,3232,3715,267259,7048,17490,7680,1780817665,https://www.bilibili.com/video/BV1xkE46PE59,http://i1.hdslb.com/bfs/archive/2c51e17d5ab278033691d055015af26638867e5b.jpg
2026-06-08,2026-06-08 18:50:15,8,BV15v7S65EWD,116701022717876,挑战给历史故事打tag（标签）,混饭达人,娱乐杂谈,娱乐杂谈,241,77,3401934,3337,2668,275141,6781,32506,17084,1780716510,https://www.bilibili.com/video/BV15v7S65EWD,http://i2.hdslb.com/bfs/archive/1845b193e356ee0f6b686419e20cc96fe1678367.jpg
2026-06-08,2026-06-08 18:50:15,9,BV1xU7f6xEjt,116690939546284,CF单机叙事续作——《穿越火线：潜伏》实机首曝,穿越火线潜伏,单机游戏,游戏,17,308,6357701,1941,6484,131434,7563,26940,15339,1780696800,https://www.bilibili.com/video/BV1xU7f6xEjt,http://i0.hdslb.com/bfs/archive/140a4abb0c80a2aa1e7cb7126c978567b667ed12.jpg
2026-06-08,2026-06-08 18:50:15,10,BV16w7D6RERW,116700921988742,007看后:追逐战？,MEspace天植,绘画,绘画,162,49,2793340,281,1177,274610,26614,47750,2486,1780714922,https://www.bilibili.com/video/BV16w7D6RERW,http://i2.hdslb.com/bfs/archive/f35dab38094910739815ae6424bcceee9316f8f7.jpg
2026-06-08,2026-06-08 18:50:15,11,BV1xR7S6hEkB,116700804683368,菲比：就你们寝室最吵！！,Lm海洋,音乐综合,音乐,130,262,1236630,759,4116,96722,69902,43463,15223,1780713190,https://www.bilibili.com/video/BV1xR7S6hEkB,http://i1.hdslb.com/bfs/archive/348cd3608f962369b093721ee90e2515a127a833.jpg
2026-06-08,2026-06-08 18:50:15,12,BV1CQ7o61ERo,116689798764442,人，握爪后就不要放开咯！——《伊莫》握爪测试招募开启,伊莫,手机游戏,游戏,172,119,4815672,777,4295,133411,41705,117820,73200,1780797600,https://www.bilibili.com/video/BV1CQ7o61ERo,http://i0.hdslb.com/bfs/archive/06bcb84e42974283a3ade3bf6fbee2302b4b4d96.jpg
2026-06-08,2026-06-08 18:50:15,13,BV1ZREP6dEcU,116693758117714,扫落叶全清洁100%速通39分03秒leaf it alone,闲云豹,单机游戏,游戏,17,2367,1675638,1814,2487,143599,15160,31528,6074,1780605809,https://www.bilibili.com/video/BV1ZREP6dEcU,http://i1.hdslb.com/bfs/archive/310db23466f62e9399f25f92c8d2b0af953476d6.jpg
2026-06-08,2026-06-08 18:50:15,14,BV1uXEA6gEMu,116692567070822,“别着急，我来给你补充「偶！像！能！量！」”,小耗owo,手机游戏,游戏,172,80,1262918,989,2680,248494,17714,56686,11631,1780624800,https://www.bilibili.com/video/BV1uXEA6gEMu,http://i1.hdslb.com/bfs/archive/64822f49e99e9fb8b41ba5e0f9e06f48d4b76446.jpg
2026-06-08,2026-06-08 18:50:15,15,BV1PP7C63E2J,116696710912022,《师》我回母校当老师,阿廖沙别害怕_,搞笑,娱乐,138,296,2102826,550,1179,190864,5331,15052,672,1780650587,https://www.bilibili.com/video/BV1PP7C63E2J,http://i0.hdslb.com/bfs/archive/b04455fde128b88ff0a92e264778512242510bc9.jpg
2026-06-08,2026-06-08 18:50:15,16,BV1df7r6REpB,116695469463690,如何在家制造浓汤宝,嘤武罗,日常,生活,21,501,4969435,3718,3466,193909,48925,47532,2959,1780650000,https://www.bilibili.com/video/BV1df7r6REpB,http://i2.hdslb.com/bfs/archive/94c85d2ebad9002fcbad0c7ef2f3c8a3f1ec6768.jpg
2026-06-08,2026-06-08 18:50:15,17,BV1wE7m67EAF,116700569671653,“我在成华大道「拼接遗憾」”,Dieorite,人力VOCALOID,人力VOCALOID,126,116,726554,3203,1738,161316,35034,46050,2972,1780709690,https://www.bilibili.com/video/BV1wE7m67EAF,http://i1.hdslb.com/bfs/archive/b7a88bfce9322211ddb670d69d549967dba6591e.jpg
2026-06-08,2026-06-08 18:50:15,18,BV1pW7Q68Emz,116702180348281,这期谁能绷住,呱唧菌,搞笑,娱乐,138,339,2062758,2072,1607,162910,8842,37700,2180,1780741800,https://www.bilibili.com/video/BV1pW7Q68Emz,http://i2.hdslb.com/bfs/archive/5ae6e1d11721490eb4a17034e97a4c36afdca5f0.jpg
2026-06-08,2026-06-08 18:50:15,19,BV1UV7k6LEUG,116697264627213,航天会刷典狱长？！【三角洲动画】,手折余弦丶,电子竞技,游戏,171,300,1375992,1491,1880,114457,13397,30019,3593,1780659017,https://www.bilibili.com/video/BV1UV7k6LEUG,http://i0.hdslb.com/bfs/archive/eb575db6391346950b2623259e6c0c6469239e03.jpg
2026-06-08,2026-06-08 18:50:15,20,BV1Ja7k6AE1b,116697063235411,我又给花朵加了个开关！,是玉木呀,设计·创意,设计·创意,229,104,1098237,580,918,177405,20789,36118,3671,1780656042,https://www.bilibili.com/video/BV1Ja7k6AE1b,http://i0.hdslb.com/bfs/archive/c05470a618fc67ee60cb9df153eb5ad6d3c8ce08.jpg
2026-06-08,2026-06-08 18:50:15,21,BV1uX7k6UENx,116696761239484,巨构：没有告别,巨构ai,网络游戏,游戏,65,19,3110407,6301,7889,491255,26006,166032,7713,1780651506,https://www.bilibili.com/video/BV1uX7k6UENx,http://i0.hdslb.com/bfs/archive/1422e60b2923b373953bd4ce6433b6f0e91f9501.jpg
2026-06-08,2026-06-08 18:50:15,22,BV1s7V46XEix,116655590017716,评论区摄影大赛之火遍全网的佳作篇，本期有锐评系列也有破败与新生佳作，欢迎投稿好的作品会让更多人看到。,摄影恩哥,日常,生活,21,124,5300160,1916,10576,332172,2755,25399,1067,1780738200,https://www.bilibili.com/video/BV1s7V46XEix,http://i1.hdslb.com/bfs/archive/58aada2ca9cd83b3f4d86b331759b2c832c8bcb4.jpg
2026-06-08,2026-06-08 18:50:15,23,BV168796PEv1,116685839403735,如此仙音唯有挠臭,lulu和露爸,喵星人,喵星人,218,26,5264498,19475,6357,657476,19678,127787,28127,1780484850,https://www.bilibili.com/video/BV168796PEv1,http://i1.hdslb.com/bfs/archive/87f3ce4876a2e50e34a2c1b24dfe10ae34700a55.jpg
2026-06-08,2026-06-08 18:50:15,24,BV15iEc6VEfH,116691577216788,路边一块，也能变废为宝，雕刻出大家想要的题材我不知道什么时候天才会亮，但我知道，跑着跑着，天就亮了。,小梨家的和田玉,手工,生活,161,220,6365022,4183,12519,242962,8654,23367,4009,1780572193,https://www.bilibili.com/video/BV15iEc6VEfH,http://i2.hdslb.com/bfs/archive/c1597efe82d66a7f728f8bdd84505eff4b7f5ac9.jpg
2026-06-08,2026-06-08 18:50:15,25,BV1gsEw6zExs,116691040208641,你的高考/中考/期末考belike,哈基mer-猫meme,搞笑,娱乐,138,22,995710,31847,2769,319402,33505,64156,5744,1780564012,https://www.bilibili.com/video/BV1gsEw6zExs,http://i2.hdslb.com/bfs/archive/4f76f8d127f1c6d5a990c89a161f10356e783cd4.jpg
2026-06-08,2026-06-08 18:50:15,26,BV1hG7y69Ej2,116698036313694,史上最骚特工(第二集),老番茄,单机游戏,游戏,17,842,2480889,3408,1812,144950,47509,40756,2472,1780716600,https://www.bilibili.com/video/BV1hG7y69Ej2,http://i2.hdslb.com/bfs/archive/c4778bfde8d395e0f91e2f746393736302e8205c.jpg
2026-06-08,2026-06-08 18:50:15,27,BV1vR7D6JEEm,116702566223209,全球吃席！自驾巴尔干婚礼，吃欧洲乡村大席,食贫道,日常,生活,21,3274,1391670,8637,1761,126962,46360,16342,3552,1780741089,https://www.bilibili.com/video/BV1vR7D6JEEm,http://i2.hdslb.com/bfs/archive/b23120503d27e3049c25e887901c19df17a98fe1.jpg
2026-06-08,2026-06-08 18:50:15,28,BV1dY7Q6pEQZ,116701878291791,千里奔赴只为弥补40年前的遗憾,赛亚人阿廖,出行,生活,250,246,1189713,2256,1805,138299,35861,14848,491,1780729530,https://www.bilibili.com/video/BV1dY7Q6pEQZ,http://i0.hdslb.com/bfs/archive/5f9f719eb1fb6326b0a2eabe298cd1484afab3e6.jpg
2026-06-08,2026-06-08 18:50:15,29,BV1bV7k6LExn,116697264560365,再见！一系列！高考必胜！,一数,校园学习,知识,208,193,957509,30332,15569,89406,34360,18333,5841,1780659292,https://www.bilibili.com/video/BV1bV7k6LExn,http://i2.hdslb.com/bfs/archive/5df66240b2b71ca2bc6ce697e929657b1b1df5a4.jpg
2026-06-08,2026-06-08 18:50:15,30,BV1dq7Q6SEbX,116701827961912,最不吃压力之熊,传奇飞行员_太日阳莽,鬼畜剧场,鬼畜剧场,216,91,2173808,764,3172,170668,3290,38106,5623,1780728644,https://www.bilibili.com/video/BV1dq7Q6SEbX,http://i2.hdslb.com/bfs/archive/cdfe2d04e5d60dbd700833f920d17d40cebc2d39.jpg
2026-06-08,2026-06-08 18:50:15,31,BV1WT7C6uEj8,116696878749194,猫 咪 的 花 语 是 老 吴🎵,幾加乘,同人·手书,动画,47,259,1783609,1763,3501,125896,19442,26672,11818,1780653131,https://www.bilibili.com/video/BV1WT7C6uEj8,http://i0.hdslb.com/bfs/archive/ad354ddb8c2e2bf697327dc182835b3d6014f4b1.jpg
2026-06-08,2026-06-08 18:50:15,32,BV1wEEc6REms,116692097238799,城市大富翁（5）,雨哥到处跑,日常,生活,21,3846,1857692,40583,5300,156468,123760,41682,5271,1780628700,https://www.bilibili.com/video/BV1wEEc6REms,http://i1.hdslb.com/bfs/archive/8628e50dc2e56aec5815c8e3f665d304cfe23d80.jpg
2026-06-08,2026-06-08 18:50:15,33,BV19ZEF6MEBV,116690117464228,人在干坏事的时候是不怕苦不怕累的,我是易拉爆,日常,生活,21,309,2204615,1513,4241,210674,16218,31934,16056,1780550100,https://www.bilibili.com/video/BV19ZEF6MEBV,http://i2.hdslb.com/bfs/archive/5a3e59dd5183e87d69b1ad3224466b821bf05e23.jpg
2026-06-08,2026-06-08 18:50:15,34,BV1um7665EpW,116696325033820,讷,水生植物人owo,日常,生活,21,16,1429737,1018,7938,208174,5622,53885,19150,1780644714,https://www.bilibili.com/video/BV1um7665EpW,http://i2.hdslb.com/bfs/archive/ce971f171b1f22d061819b3fea882f5d4af2a608.jpg
2026-06-08,2026-06-08 18:50:15,35,BV1JJ7m62ELC,116700620065327,最直接的伤害往往只需采用最简单的普通攻击 #超能力 #万万没想到 #反转 #劲大,刘不凡本凡,短片,动画,256,364,2660185,3079,7074,143892,2257,16749,995,1780719600,https://www.bilibili.com/video/BV1JJ7m62ELC,http://i1.hdslb.com/bfs/archive/1b35b982075822d704a03ec34c21632ebcfa9044.jpg
2026-06-08,2026-06-08 18:50:15,36,BV1TR766zEvE,116695972714489,在沙漠里种了1800万棵树，然后呢？,影视飓风,娱乐粉丝创作,娱乐,242,756,3269652,11003,3074,163849,61550,27688,2914,1780650000,https://www.bilibili.com/video/BV1TR766zEvE,http://i1.hdslb.com/bfs/archive/af434541e40c0402ac850fc6783faa3ed5bfdda9.jpg
2026-06-08,2026-06-08 18:50:15,37,BV1LR7D6JEV7,116702566156828,Re：佩恩从零开始的异世界生活！！！【水门篇】,-夏秋冬-,综合,综合,27,416,1241737,1629,3971,82266,29822,24196,5096,1780740005,https://www.bilibili.com/video/BV1LR7D6JEV7,http://i1.hdslb.com/bfs/archive/b4025d955dad0ab2980e828a0a8ff74dea74f319.jpg
2026-06-08,2026-06-08 18:50:15,38,BV19N7y6bE1e,116698455803490,全体起立鼓掌！人类发现了治癌症的新药！🤯,蜗牛的科技笔记,软件应用,软件应用,230,115,1587250,1350,7185,146132,6109,24500,10314,1780677279,https://www.bilibili.com/video/BV19N7y6bE1e,http://i2.hdslb.com/bfs/archive/3b5f57bbd2f68b33097261f34d0cbb700b9439ce.jpg
2026-06-08,2026-06-08 18:50:15,39,BV17q7y6qEeG,116697767874225,当代牢大学生论文现状belike：,黑曼波语录,鬼畜调教,鬼畜,22,78,1748448,265,2085,134435,4930,91871,10932,1780716900,https://www.bilibili.com/video/BV17q7y6qEeG,http://i2.hdslb.com/bfs/archive/a42866374c2dd87fd5093121386c1dd1372e10a6.jpg
2026-06-08,2026-06-08 18:50:15,40,BV1vEEP6HEFw,116692281789801,2025年出货量370万台！激光雷达真成“安全气囊”了？,保镖的车库,新能源车,新能源车,247,606,2249268,647,973,142841,3584,12475,497,1780653900,https://www.bilibili.com/video/BV1vEEP6HEFw,http://i1.hdslb.com/bfs/archive/76872e6b743f73527ee70c89a75c39214a868540.jpg
2026-06-08,2026-06-08 18:50:15,41,BV1ZvEt6oEWR,116709209935672,锐评2026年数学高考，我雷霆大怒,聊城市茬平区第一中学,日常,生活,21,739,2082742,3690,18026,82767,13367,19443,15450,1780841328,https://www.bilibili.com/video/BV1ZvEt6oEWR,http://i0.hdslb.com/bfs/archive/6d19a0c156e6b82f71035cacec0f450bd19fb6c6.jpg
2026-06-08,2026-06-08 18:50:15,42,BV1YVEn6fEmZ,116703304356999,那天真有其他人在场，但我没法证明。,何大爷课堂,人文历史,知识,228,123,2089332,391,3171,160752,3795,14489,1209,1780751375,https://www.bilibili.com/video/BV1YVEn6fEmZ,http://i1.hdslb.com/bfs/archive/36a36b65d7a5cdced8c027e2371074acb5dd204b.jpg
2026-06-08,2026-06-08 18:50:15,43,BV1VD726iE1t,116698791282580,《猴王出事》,伤心欲茄222,搞笑,娱乐,138,103,2564283,1252,3907,176685,7077,9220,6471,1780718400,https://www.bilibili.com/video/BV1VD726iE1t,http://i1.hdslb.com/bfs/archive/2fa41f4d1af95817e553d8fd8c6eeb7fc16a9d82.jpg
2026-06-08,2026-06-08 18:50:15,44,BV1tV7k6LEyH,116697264556028,你或许不认识我 但我唱的歌你或许？？听过？,喵☆酱,翻唱,音乐,31,443,628900,6047,2805,126441,8600,19349,1362,1780659262,https://www.bilibili.com/video/BV1tV7k6LEyH,http://i1.hdslb.com/bfs/archive/f27fa302b117dedb6f353c75770d440ca8982c33.jpg
2026-06-08,2026-06-08 18:50:15,45,BV17z7y6KEVT,116697751096214,可爱的安魂曲~,徐大花xudahua,手工,生活,161,158,1714900,417,1521,115432,7649,16880,2774,1780718400,https://www.bilibili.com/video/BV17z7y6KEVT,http://i2.hdslb.com/bfs/archive/2fbc38542399965a708c159f85533b4f5065fe8c.jpg
2026-06-08,2026-06-08 18:50:15,46,BV17GEP6xEDW,116692348832614,新三国up锐评楚汉传奇01：是不是我打开的方式不太对？,吃蛋挞的折棒,影视杂谈,影视,182,1348,1651162,20641,11972,139420,133238,29129,10740,1780624800,https://www.bilibili.com/video/BV17GEP6xEDW,http://i2.hdslb.com/bfs/archive/4e5cd47c8551d2b66643e2800041b7ec2d3bf729.jpg
2026-06-08,2026-06-08 18:50:15,47,BV1xZ7k6LESp,116696778084201,“哎呀 我们的主角倒下啦～”,西门小昭,综合,综合,27,30,830842,131,1223,158058,11471,63452,2959,1780655400,https://www.bilibili.com/video/BV1xZ7k6LESp,http://i2.hdslb.com/bfs/archive/2c5c6c548ed488771077293e2f7bfcfb435e4744.jpg
2026-06-08,2026-06-08 18:50:15,48,BV1pDV86oE6S,116657217344637,热烈欢迎薛凯琪！工作之余，Fiona会带哪些让自己感到快乐的东西呢～（录完这期脑海里都是Fifi的笑声,papi酱,短片,动画,256,2017,1451796,11820,5019,143224,56088,17883,8032,1780632000,https://www.bilibili.com/video/BV1pDV86oE6S,http://i2.hdslb.com/bfs/archive/032f4048d6f94c465fc10972289999cf79f2572f.jpg
2026-06-08,2026-06-08 18:50:15,49,BV1kCVU65ERM,116669112386149,初中生斗胆跳一段jam,特崮斯,篮球,运动,235,45,6857691,11367,19320,1302906,214243,138143,20601,1780229707,https://www.bilibili.com/video/BV1kCVU65ERM,http://i1.hdslb.com/bfs/archive/5871a66dc8e356ff71da4a6d99d5922b4a6a3fce.jpg
2026-06-08,2026-06-08 18:50:15,50,BV1Jj7C6AEPq,116696845193451,是我还不够好,怎么转身又是,MMD·3D,动画,25,67,2044165,5314,7715,197871,11087,49752,31575,1780652794,https://www.bilibili.com/video/BV1Jj7C6AEPq,http://i0.hdslb.com/bfs/archive/c261bcb22b8b34b31c0d9cb2e04b0a49a318b123.jpg
2026-06-08,2026-06-08 18:50:15,51,BV1bd7k62Epb,116696794863371,LV6有啥用?一个视频看懂LV6所有特权功能,威尔斯耍流氓,搞笑,娱乐,138,193,721836,10730,19129,66596,40018,9130,4404,1780652357,https://www.bilibili.com/video/BV1bd7k62Epb,http://i1.hdslb.com/bfs/archive/96eeed5029dce27d3f6ea0160d4ade58d6afb34e.jpg
2026-06-08,2026-06-08 18:50:15,52,BV1TnEt6MEHn,116709042165737,《原神》角色预告-「洛恩：『杰作』」,原神,手机游戏,游戏,172,729,647952,4761,6833,96035,42889,22171,16407,1780891200,https://www.bilibili.com/video/BV1TnEt6MEHn,http://i1.hdslb.com/bfs/archive/338dd06fe0b8324ca26ec3f146f610f500448221.jpg
2026-06-08,2026-06-08 18:50:15,53,BV1Xa7m6qEm7,116700217347938,意识深渊：我真的存在吗？,大圆镜科普,科学科普,知识,201,484,977468,1394,2250,90473,3357,17407,1602,1780704207,https://www.bilibili.com/video/BV1Xa7m6qEm7,http://i1.hdslb.com/bfs/archive/2d760490c4cfbae1c3b9168320f075ace66ad15a.jpg
2026-06-08,2026-06-08 18:50:15,54,BV1jz7k6tEkL,116696979347018,教程来啦兄弟们 拍起来,是柳宗元,电子竞技,游戏,171,46,2379441,201,952,181471,3130,27532,1469,1780654702,https://www.bilibili.com/video/BV1jz7k6tEkL,http://i0.hdslb.com/bfs/archive/becaa38ea9e7437bed18411340db6d5da7f4cd54.jpg
2026-06-08,2026-06-08 18:50:15,55,BV1g8Es6vEKZ,116706609598663,《鸣潮》× 《赛博朋克：边缘行者》 联动PV | 暗巷怪谈,鸣潮,手机游戏,游戏,172,598,2416635,1991,9649,67010,23356,11551,11903,1780804800,https://www.bilibili.com/video/BV1g8Es6vEKZ,http://i2.hdslb.com/bfs/archive/e73c3fc833ee1693dcf748e29538070e01b8fd40.jpg
2026-06-08,2026-06-08 18:50:15,56,BV13HEw6rEhc,116691140873202,接龙游戏开发，但都绷住了,M木糖M,单机游戏,游戏,17,933,1911297,1694,1184,91130,13168,17058,1590,1780630200,https://www.bilibili.com/video/BV13HEw6rEhc,http://i2.hdslb.com/bfs/archive/1083ae38f0917802668505e94ed2fe06226cc58b.jpg
2026-06-08,2026-06-08 18:50:15,57,BV15d7D6UE4i,116702549379788,世界杯期间不抓移民？那这世界杯不是白办了吗,麻薯波比呀,社科·法律·心理,知识,124,995,1862819,7537,3805,97029,13959,11576,2636,1780740025,https://www.bilibili.com/video/BV15d7D6UE4i,http://i2.hdslb.com/bfs/archive/91940674117acf43b95f7a6e2e7ab686470cc3ea.jpg
2026-06-08,2026-06-08 18:50:15,58,BV1TK7S6PESt,116701341420908,日菲台岛东部“划界”，我们和两国防长现场对线！,玉渊谭天,科学科普,知识,201,466,769501,5538,4700,84358,27408,9483,2213,1780729200,https://www.bilibili.com/video/BV1TK7S6PESt,http://i0.hdslb.com/bfs/archive/4f11eda2d2c34ea69bc20938c15ebcc0e4b3affc.jpg
2026-06-08,2026-06-08 18:50:15,59,BV1yk7X6KEz4,116686023891513,2高中生屠杀同学，造成13人死亡后自杀，开启美国校园枪击案先河：科伦拜恩枪击案,捕月说,人文历史,知识,228,733,2599334,1113,996,86637,1228,12310,602,1780654200,https://www.bilibili.com/video/BV1yk7X6KEz4,http://i2.hdslb.com/bfs/archive/b52e8d555de710438989ea0831c1fa8211fbe67d.jpg
2026-06-08,2026-06-08 18:50:15,60,BV1kv7262EyU,116698623578210,公司给粉丝安排了30万的水上宫殿...,飓多多StormCrew,日常,生活,21,852,1765951,3735,2549,88705,20167,17453,2057,1780714800,https://www.bilibili.com/video/BV1kv7262EyU,http://i2.hdslb.com/bfs/archive/a59944bd6ce91c0bbc28d8c8b560e8b73c31e976.jpg
2026-06-08,2026-06-08 18:50:15,61,BV15z766SE1A,116696341812776,假如高考什么都可以带,小安苒AIGC,校园学习,知识,208,177,2420686,2996,2689,102951,2433,8148,1962,1780646400,https://www.bilibili.com/video/BV15z766SE1A,http://i2.hdslb.com/bfs/archive/ed743a6a86446310a9957bce92faa671a082a6d8.jpg
2026-06-08,2026-06-08 18:50:15,62,BV1Zj7C6wEJY,116696845125445,织棉为布，非遗土布。用千年蓝染，重现极致的东方浪漫,花木紫Huamuz,手工,生活,161,401,1239695,1777,2651,100762,9458,10161,759,1780652882,https://www.bilibili.com/video/BV1Zj7C6wEJY,http://i0.hdslb.com/bfs/archive/753a39454d2f1455af84effb021941e20ad4c2c7.jpg
2026-06-08,2026-06-08 18:50:15,63,BV1w6EF6QEjZ,116690033778619,不看后悔！史上最神人店家！,转生成为毛毛,美食侦探,美食,212,186,3608817,4147,9528,184423,5497,31124,15612,1780563600,https://www.bilibili.com/video/BV1w6EF6QEjZ,http://i1.hdslb.com/bfs/archive/07cb98d8f59285212c90c7646739a87803bf06c0.jpg
2026-06-08,2026-06-08 18:50:15,64,BV1YV7U6zEps,116699697254319,小登VS老登,灼眼的SABER哒,同人·手书,动画,47,63,1042356,486,2649,132172,11753,44726,10749,1780718400,https://www.bilibili.com/video/BV1YV7U6zEps,http://i0.hdslb.com/bfs/archive/dce2758cd8546e893008888b88f215364194d4a7.jpg
2026-06-08,2026-06-08 18:50:15,65,BV1Bm7U6jEDZ,116701542815709,《爱，你》,是许木木啊,日常,生活,21,1043,950953,5567,4359,97225,12287,23702,1683,1780738200,https://www.bilibili.com/video/BV1Bm7U6jEDZ,http://i0.hdslb.com/bfs/archive/fd7de4f643c70f1117b5d4f7ef9d1878ffc094bd.jpg
2026-06-08,2026-06-08 18:50:15,66,BV1787S6mEV8,116701073053928,这里藏着一群“伪人”,摸鱼佬临风,鬼畜剧场,鬼畜剧场,216,354,434271,446,864,84531,5993,27588,1152,1780717427,https://www.bilibili.com/video/BV1787S6mEV8,http://i2.hdslb.com/bfs/archive/d2a4fc8b8017160bc03e17f14d6fbedd690059c1.jpg
2026-06-08,2026-06-08 18:50:15,67,BV1EwEF62EhA,116690721443492,当校长挑选教室地板时,Cheems电玩屋,日常,生活,21,18,5359904,867,5293,216915,1346,8198,556,1780559484,https://www.bilibili.com/video/BV1EwEF62EhA,http://i0.hdslb.com/bfs/archive/8916553504d48aec3ba5ad2bdfeec5fcf7eefc1c.jpg
2026-06-08,2026-06-08 18:50:15,68,BV15W7C6tEyc,116696425766532,送你一片夕阳！,困雀雀,仿妆cos,时尚,252,36,601594,157,2412,174875,9468,31904,2777,1780646468,https://www.bilibili.com/video/BV15W7C6tEyc,http://i2.hdslb.com/bfs/archive/86973af2078693bfe5fc81d4dae783648e7fb904.jpg
2026-06-08,2026-06-08 18:50:15,69,BV1q1Vy64EqA,116682450274928,给朋友做的一本翻翻乐,花颜和鸣,日常,生活,21,70,790237,1119,2917,179179,15716,26711,1184,1780589700,https://www.bilibili.com/video/BV1q1Vy64EqA,http://i0.hdslb.com/bfs/archive/b6ed86d5a0591cf027f6b65a4770f1c9656617d7.jpg
2026-06-08,2026-06-08 18:50:15,70,BV13c7S6qE5a,116701324648092,大哥豪刷10个爱神之箭！头开8个苹果全程揪心，接连翻车差点心态崩盘！,语格yoga,舞蹈综合,舞蹈综合,154,271,1549550,2097,3563,86657,9969,6305,2675,1780721492,https://www.bilibili.com/video/BV13c7S6qE5a,http://i1.hdslb.com/bfs/archive/e2af963c319aa3c1083f65f39306936b272010b5.jpg
2026-06-08,2026-06-08 18:50:15,71,BV1uX7k6UEPn,116696761239539,把硬装的喊过来！,脱缰凯Kk,小剧场,娱乐,85,219,1402316,1681,1745,101828,3523,10554,717,1780651876,https://www.bilibili.com/video/BV1uX7k6UEPn,http://i1.hdslb.com/bfs/archive/1a5306b127f7814fe75bc726966f0f675fcb7e33.jpg
2026-06-08,2026-06-08 18:50:15,72,BV1KG7S6FECF,116701274313735,小孩只是请男人吃了一块羊肉，男人转手就掏出一个900克的大金轮,懂一点人情世故,影视剪辑,影视,183,425,1677077,1119,1062,86751,1146,9060,429,1780720244,https://www.bilibili.com/video/BV1KG7S6FECF,http://i2.hdslb.com/bfs/archive/7635c90a615f292f19e67c7de1d91e5c8a697033.jpg
2026-06-08,2026-06-08 18:50:15,73,BV1n17D6xEX2,116702331278408,这就是7JIA最强之人,杨齐家_,单机游戏,游戏,17,1221,2402499,5250,2416,112196,9856,17045,924,1780736508,https://www.bilibili.com/video/BV1n17D6xEX2,http://i1.hdslb.com/bfs/archive/63922fa2e9e8a18b95b8175a3bea61b0779794d1.jpg
2026-06-08,2026-06-08 18:50:15,74,BV19v7S65ESU,116701022849204,我给爱车打造了一套废土战甲,手工耿,手工,生活,161,829,1524549,7545,2155,83026,17528,7134,4061,1780799533,https://www.bilibili.com/video/BV19v7S65ESU,http://i2.hdslb.com/bfs/archive/b1cf38027520b335d07b96dd1246fcde8d20a730.jpg
2026-06-08,2026-06-08 18:50:15,75,BV1Qi7f6eE59,116690805395451,致敬每一个心中有花，努力奔跑的人,爱画画的子衿,亲子,生活,254,313,1795088,3551,3773,244707,123509,16471,3967,1780561800,https://www.bilibili.com/video/BV1Qi7f6eE59,http://i1.hdslb.com/bfs/archive/2c9cc3dd70d264a8473e46b8bebaad7db4d6ef2c.jpg
2026-06-08,2026-06-08 18:50:15,76,BV19J7r6HESb,116695704274527,【抱佛脚】高考语文！选择题？最后一课！,学过石油的语文老师,校园学习,知识,208,1200,886389,37043,11386,42041,17152,20287,4090,1780660800,https://www.bilibili.com/video/BV19J7r6HESb,http://i0.hdslb.com/bfs/archive/f8d05a7621ff85694f1ddb7ac6c3c775b0e01965.jpg
2026-06-08,2026-06-08 18:50:15,77,BV1W6VZ6MEbd,116674313328609,🍄欠揍气球🍄,纸片马力欧,日常,生活,21,40,4832378,7330,10702,548046,44314,290941,82493,1780309043,https://www.bilibili.com/video/BV1W6VZ6MEbd,http://i0.hdslb.com/bfs/archive/3d18bae01c4fc365d9e7e0ede5efb926e32115ad.jpg
2026-06-08,2026-06-08 18:50:15,78,BV1Vz766DE6S,116696342006745,“从来就没有什么意外 ”,DKM莫天行,GMV,GMV,121,142,1041528,244,1760,115038,19297,39728,1072,1780653600,https://www.bilibili.com/video/BV1Vz766DE6S,http://i1.hdslb.com/bfs/archive/ebae2236febce20da402b0789a87254a40b4e8b8.jpg
2026-06-08,2026-06-08 18:50:15,79,BV1Qt7X61Enn,116686241993999,百万英镑，但素质过低,青时晚,影视剪辑,影视,183,174,2698574,2196,2867,156026,13248,40293,16077,1780490956,https://www.bilibili.com/video/BV1Qt7X61Enn,http://i0.hdslb.com/bfs/archive/1573985b4950f4d1001b3a21a50adab722b0a0f1.jpg
2026-06-08,2026-06-08 18:50:15,80,BV1Vq7m6NEN8,116700368408896,【时代少年团】系列纪录片《光辉岁月》——“回南天”,时代少年团,明星综合,明星综合,137,13990,1367931,34606,3540,46301,13355,16112,1902,1780718400,https://www.bilibili.com/video/BV1Vq7m6NEN8,http://i2.hdslb.com/bfs/archive/bc281db3fee5c37911a273d2435afe8e9047405f.jpg
2026-06-08,2026-06-08 18:50:15,81,BV1GHEw6rEo4,116691140875979,无能的杰哥,神威-狗剩,影视剪辑,影视,183,154,2850049,1931,3920,140061,8648,26043,28425,1780565876,https://www.bilibili.com/video/BV1GHEw6rEo4,http://i2.hdslb.com/bfs/archive/0814d03bdf68a6a83cba4b8ba18fa6d58d6de912.jpg
2026-06-08,2026-06-08 18:50:15,82,BV13PEx63EJ3,116706575912358,这样的幸运，你想拥有吗！？🥳 #挑战# #野兽先生# #MrBeast# #vlog# #整活#,MrBeast官方账号,日常,生活,21,36,2603198,371,2065,168463,4364,8641,598,1780801241,https://www.bilibili.com/video/BV13PEx63EJ3,http://i1.hdslb.com/bfs/archive/060ed908afe9f422de1f1a505ade5b1e4ca3d8ae.jpg
2026-06-08,2026-06-08 18:50:15,83,BV1JAEw69EUS,116691342200777,生完宝宝之后我再也不敢得罪我老公了，因为……,笑哥走丢了a,亲子,生活,254,89,2564961,966,7879,191546,3798,9931,2279,1780568869,https://www.bilibili.com/video/BV1JAEw69EUS,http://i2.hdslb.com/bfs/archive/2496ecbfca22198efdffe5b1855ea840b90edb2a.jpg
2026-06-08,2026-06-08 18:50:15,84,BV1HL7m6JECt,116700670395936,霸总腌入味，王鹤棣太让人笑幻了……【不舒服学】逐帧分析,一只吐槽圆,娱乐杂谈,娱乐杂谈,241,1774,1482156,20796,4533,66726,26138,11706,12915,1780711190,https://www.bilibili.com/video/BV1HL7m6JECt,http://i0.hdslb.com/bfs/archive/cfe030cb9db76b0cad1dc763db5d7299bfd51ab9.jpg
2026-06-08,2026-06-08 18:50:15,85,BV1s47y65E4g,116698153752165,那年你写下了什么？复盘1977—2025年高考作文题【大国之治·高考作文题】,大象放映室,财经商业,知识,207,2306,1242116,2497,4804,34314,11712,26678,7503,1780801200,https://www.bilibili.com/video/BV1s47y65E4g,http://i1.hdslb.com/bfs/archive/e403ab5119fb220e6ae7654b859643b16dec3709.jpg
2026-06-08,2026-06-08 18:50:15,86,BV1di7Q6nEu4,116701777627095,兄弟们！今天带良子水上训练，你们觉得良子能坚持多久？,健身华哥,运动综合,运动,238,217,1612325,906,10053,81178,2006,3220,3262,1780728153,https://www.bilibili.com/video/BV1di7Q6nEu4,http://i1.hdslb.com/bfs/archive/48f8a7c3b0af6baea81d423375f3ea0e18e4a44d.jpg
2026-06-08,2026-06-08 18:50:15,87,BV1D97y6dERH,116697919004560,拿人罐罐，替人消灾,布丁仔和泡芙妹的一天,喵星人,喵星人,218,23,2671810,504,2990,149158,481,6068,822,1780669119,https://www.bilibili.com/video/BV1D97y6dERH,http://i2.hdslb.com/bfs/archive/fc9d115669e9ba8a3d141ba74d6e7da1e5f327c9.jpg
2026-06-08,2026-06-08 18:50:15,88,BV1wPEs6pEMm,116706894749229,孤岛小夫 第二集,派之新,同人·手书,动画,47,503,1221966,659,1029,65264,4048,11037,1970,1780807094,https://www.bilibili.com/video/BV1wPEs6pEMm,http://i1.hdslb.com/bfs/archive/f16994491642562a05defddee6f04d3d2f428f15.jpg
2026-06-08,2026-06-08 18:50:15,89,BV1usEw6zEzz,116691040210285,吉时已到｜谁不想急头白脸地和朋友们一起搓一个群像电影啊！,爱黏人的圆子哔___,日常,生活,21,23783,382953,30826,3409,42845,43961,17574,2702,1780657200,https://www.bilibili.com/video/BV1usEw6zEzz,http://i2.hdslb.com/bfs/archive/4179c4c6089c95549d97a8322fe540958201cde3.jpg
2026-06-08,2026-06-08 18:50:15,90,BV1aM7k6UELy,116697314890238,JO等了！介绍一下我的六个替身,曦曦鱼SAKANA,日常,生活,21,57,2136986,392,2194,134099,2954,11933,3872,1780660000,https://www.bilibili.com/video/BV1aM7k6UELy,http://i1.hdslb.com/bfs/archive/885aa33388ed27e0d72abdd95cd0e74a19046a67.jpg
2026-06-08,2026-06-08 18:50:15,91,BV1fV7C6PEC3,116696811571160,当我出提纳里时收到了植物学博士录取通知,乔落落啊,仿妆cos,时尚,252,27,800665,3712,2741,191010,4878,5584,600,1780652265,https://www.bilibili.com/video/BV1fV7C6PEC3,http://i1.hdslb.com/bfs/archive/a6bca5345beae937c7e2979d6d22be6cbdaa9f2e.jpg
2026-06-08,2026-06-08 18:50:15,92,BV1x77Q6eE7o,116702247457814,《绝区零》3.0版本PV | 某个梦游者的自白,绝区零,手机游戏,游戏,172,2575,845228,3955,5391,55224,15501,9967,2577,1780749000,https://www.bilibili.com/video/BV1x77Q6eE7o,http://i2.hdslb.com/bfs/archive/87c8066e1d2dab7418e493b02cf3efa0e0b9a4b7.jpg
2026-06-08,2026-06-08 18:50:15,93,BV1747S6SExf,116701039495420,师傅：成功挑战人类！,猪大肠and方一蛋,喵星人,喵星人,218,44,1838547,944,2172,158136,4316,5830,3757,1780717504,https://www.bilibili.com/video/BV1747S6SExf,http://i2.hdslb.com/bfs/archive/3449f80a251dbb861606222cd047b34839e4e173.jpg
2026-06-08,2026-06-08 18:50:15,94,BV1FV7C6KESW,116696811773804,好惨一国家，盛产倒霉总统【东非02丨马拉维】,小王Albert,人文历史,知识,228,1494,1123525,2478,1207,63542,11569,8976,601,1780707600,https://www.bilibili.com/video/BV1FV7C6KESW,http://i2.hdslb.com/bfs/archive/2e15f92493ab2c9e39e067e70d1399dcd094f406.jpg
2026-06-08,2026-06-08 18:50:15,95,BV1ksEA6tEHn,116692801819881,挑战从上海走回深圳！1357公里我能成功吗?,拉宏桑,日常,生活,21,610,1257779,4477,2762,82790,9174,5372,2591,1780651200,https://www.bilibili.com/video/BV1ksEA6tEHn,http://i1.hdslb.com/bfs/archive/1a330af59312e3157e5eddc870a27205d9dfb031.jpg
2026-06-08,2026-06-08 18:50:15,96,BV1Lt7m63EdD,116700267742890,你脑中出现两个声音…,四夕小田木_,小剧场,娱乐,85,38,917276,183,1437,151458,5464,10232,1014,1780705023,https://www.bilibili.com/video/BV1Lt7m63EdD,http://i0.hdslb.com/bfs/archive/7a454bc24acdaf53f3719c390fd9ec4c58605c0c.jpg
2026-06-08,2026-06-08 18:50:15,97,BV15sVz6iEKR,116679514265050,《猫和老鼠》中竟然有这么多小时候看不懂的情节？,大福咕咕,动漫杂谈,动画,253,464,1843418,1684,927,88950,14143,30345,751,1780657200,https://www.bilibili.com/video/BV15sVz6iEKR,http://i0.hdslb.com/bfs/archive/3cad871923666a856e9f4e6e0b00128225274106.jpg
2026-06-08,2026-06-08 18:50:15,98,BV1Xh7168ESr,116699395266567,一期视频教会你公式化手炮开局炸一队,麒麟--三角洲行动,网络游戏,游戏,65,53,1368296,83,970,82314,1349,45544,7325,1780729200,https://www.bilibili.com/video/BV1Xh7168ESr,http://i1.hdslb.com/bfs/archive/40350b382e3bd6f3e06fd0adf770a6010bb346b2.jpg
2026-06-08,2026-06-08 18:50:15,99,BV1p47k6iE77,116697381999776,这种细菌曾毁灭世界，如今依旧执掌你的生杀大权,芳斯塔芙,科学科普,知识,201,1342,688761,4307,1575,56905,11905,15377,1278,1780663629,https://www.bilibili.com/video/BV1p47k6iE77,http://i2.hdslb.com/bfs/archive/997a49bbb2e507dbfcf8911ecfadb72291f47a22.jpg
2026-06-08,2026-06-08 18:50:15,100,BV1yc7r6vE1C,116695905734805,关于我18岁为什么不去参加高考,我不是赤寒,日常,生活,21,126,1183316,1621,6472,130871,7050,14206,1829,1780638439,https://www.bilibili.com/video/BV1yc7r6vE1C,http://i1.hdslb.com/bfs/archive/294ac25c415d3dcaf5c46bbc02fb5df23da86784.jpg
2026-06-08,2026-06-08 19:41:25,1,BV15C7k6REKC,116697197451293,公测定档7月 | 《遗忘之海》船员集结摇滚MV「燥」,遗忘之海,GMV,GMV,121,205,7467060,1509,2682,132891,86341,84563,4961,1780711200,https://www.bilibili.com/video/BV15C7k6REKC,http://i0.hdslb.com/bfs/archive/bef8db958217ad42ed011f4bf5d5d6c1cf3a4bad.jpg
2026-06-08,2026-06-08 19:41:25,2,BV1Uj7k6VEPU,116697432395968,信 |《归唐》19分钟完整实机演示,归唐,单机游戏,游戏,17,1167,9110408,22981,32853,145304,45289,29079,59474,1780791300,https://www.bilibili.com/video/BV1Uj7k6VEPU,http://i1.hdslb.com/bfs/archive/73972f02b3d2a52c97a1ec81e53403fef6160006.jpg
2026-06-08,2026-06-08 19:41:25,3,BV1cu7r6FEPd,116696023045705,英国，沦为印度殖民地,平原公子,日常,生活,21,463,3534727,14529,10043,228747,10710,25077,23343,1780640137,https://www.bilibili.com/video/BV1cu7r6FEPd,http://i1.hdslb.com/bfs/archive/95ba7fb80bc2a46fc2c8f7ff69a08c57c40ef914.jpg
2026-06-08,2026-06-08 19:41:25,4,BV1WY7U6dEJ5,116699814693875,【微电影】人类文明的最后一届高考,最后讲述者,鬼畜剧场,鬼畜剧场,216,263,2252014,3082,6403,181934,22619,42512,10285,1780709400,https://www.bilibili.com/video/BV1WY7U6dEJ5,http://i2.hdslb.com/bfs/archive/40a717d48c3dbeb9559b00a07a88af6cfd5181fb.jpg
2026-06-08,2026-06-08 19:41:25,5,BV1T9Vm6UE2N,116684681647760,《古剑》3分钟战斗实机 | 线下试玩招募开启,古剑,单机游戏,游戏,17,168,5495498,3648,10592,104239,64077,46200,23986,1780698215,https://www.bilibili.com/video/BV1T9Vm6UE2N,http://i0.hdslb.com/bfs/archive/d18a0e2a80905c1a2bfe0d000c3ca47aa1548899.jpg
2026-06-08,2026-06-08 19:41:25,6,BV1rg7C6TEUm,116696912369911,一句“一氧化二氢”能钓出多少“读稿机”？,中国食品报融媒体,科学科普,知识,201,291,4980550,6908,22958,211467,16858,25739,17608,1780653928,https://www.bilibili.com/video/BV1rg7C6TEUm,http://i1.hdslb.com/bfs/archive/1081ed32a36e81bee443915a997ed5f2bd56badd.jpg
2026-06-08,2026-06-08 19:41:25,7,BV1xkE46PE59,116707649656463,参加了九次高考的考生采访,自来卷三木,日常,生活,21,99,4087344,3434,3830,275316,7274,18347,7958,1780817665,https://www.bilibili.com/video/BV1xkE46PE59,http://i1.hdslb.com/bfs/archive/2c51e17d5ab278033691d055015af26638867e5b.jpg
2026-06-08,2026-06-08 19:41:25,8,BV15v7S65EWD,116701022717876,挑战给历史故事打tag（标签）,混饭达人,娱乐杂谈,娱乐杂谈,241,77,3435258,3412,2691,277907,6911,32898,17360,1780716510,https://www.bilibili.com/video/BV15v7S65EWD,http://i2.hdslb.com/bfs/archive/1845b193e356ee0f6b686419e20cc96fe1678367.jpg
2026-06-08,2026-06-08 19:41:25,9,BV1CQ7o61ERo,116689798764442,人，握爪后就不要放开咯！——《伊莫》握爪测试招募开启,伊莫,手机游戏,游戏,172,119,4970153,778,4327,161224,41720,127994,75112,1780797600,https://www.bilibili.com/video/BV1CQ7o61ERo,http://i0.hdslb.com/bfs/archive/06bcb84e42974283a3ade3bf6fbee2302b4b4d96.jpg
2026-06-08,2026-06-08 19:41:25,10,BV1xU7f6xEjt,116690939546284,CF单机叙事续作——《穿越火线：潜伏》实机首曝,穿越火线潜伏,单机游戏,游戏,17,308,6382108,1948,6502,131570,7566,27000,15387,1780696800,https://www.bilibili.com/video/BV1xU7f6xEjt,http://i0.hdslb.com/bfs/archive/140a4abb0c80a2aa1e7cb7126c978567b667ed12.jpg
2026-06-08,2026-06-08 19:41:25,11,BV16w7D6RERW,116700921988742,007看后:追逐战？,MEspace天植,绘画,绘画,162,49,2807798,283,1182,275906,26769,48006,2499,1780714922,https://www.bilibili.com/video/BV16w7D6RERW,http://i2.hdslb.com/bfs/archive/f35dab38094910739815ae6424bcceee9316f8f7.jpg
2026-06-08,2026-06-08 19:41:25,12,BV1xR7S6hEkB,116700804683368,菲比：就你们寝室最吵！！,Lm海洋,音乐综合,音乐,130,262,1247229,764,4134,97400,70347,43801,15354,1780713190,https://www.bilibili.com/video/BV1xR7S6hEkB,http://i1.hdslb.com/bfs/archive/348cd3608f962369b093721ee90e2515a127a833.jpg
2026-06-08,2026-06-08 19:41:25,13,BV1ZREP6dEcU,116693758117714,扫落叶全清洁100%速通39分03秒leaf it alone,闲云豹,单机游戏,游戏,17,2367,1687073,1819,2506,144097,15205,31753,6092,1780605809,https://www.bilibili.com/video/BV1ZREP6dEcU,http://i1.hdslb.com/bfs/archive/310db23466f62e9399f25f92c8d2b0af953476d6.jpg
2026-06-08,2026-06-08 19:41:25,14,BV1PP7C63E2J,116696710912022,《师》我回母校当老师,阿廖沙别害怕_,搞笑,娱乐,138,296,2125070,551,1187,192036,5360,15170,678,1780650587,https://www.bilibili.com/video/BV1PP7C63E2J,http://i0.hdslb.com/bfs/archive/b04455fde128b88ff0a92e264778512242510bc9.jpg
2026-06-08,2026-06-08 19:41:25,15,BV1uXEA6gEMu,116692567070822,“别着急，我来给你补充「偶！像！能！量！」”,小耗owo,手机游戏,游戏,172,80,1268380,991,2697,249429,17851,57038,11676,1780624800,https://www.bilibili.com/video/BV1uXEA6gEMu,http://i1.hdslb.com/bfs/archive/64822f49e99e9fb8b41ba5e0f9e06f48d4b76446.jpg
2026-06-08,2026-06-08 19:41:25,16,BV1wE7m67EAF,116700569671653,“我在成华大道「拼接遗憾」”,Dieorite,人力VOCALOID,人力VOCALOID,126,116,731267,3247,1745,162288,35326,46384,2996,1780709690,https://www.bilibili.com/video/BV1wE7m67EAF,http://i1.hdslb.com/bfs/archive/b7a88bfce9322211ddb670d69d549967dba6591e.jpg
2026-06-08,2026-06-08 19:41:25,17,BV1TnEt6MEHn,116709042165737,《原神》角色预告-「洛恩：『杰作』」,原神,手机游戏,游戏,172,729,876311,5703,7558,121332,47885,27047,19411,1780891200,https://www.bilibili.com/video/BV1TnEt6MEHn,http://i1.hdslb.com/bfs/archive/338dd06fe0b8324ca26ec3f146f610f500448221.jpg
2026-06-08,2026-06-08 19:41:25,18,BV1pW7Q68Emz,116702180348281,这期谁能绷住,呱唧菌,搞笑,娱乐,138,339,2180016,2092,1614,166812,9159,40909,2208,1780741800,https://www.bilibili.com/video/BV1pW7Q68Emz,http://i2.hdslb.com/bfs/archive/5ae6e1d11721490eb4a17034e97a4c36afdca5f0.jpg
2026-06-08,2026-06-08 19:41:25,19,BV1df7r6REpB,116695469463690,如何在家制造浓汤宝,嘤武罗,日常,生活,21,501,4994915,3734,3478,194820,49167,47795,2981,1780650000,https://www.bilibili.com/video/BV1df7r6REpB,http://i2.hdslb.com/bfs/archive/94c85d2ebad9002fcbad0c7ef2f3c8a3f1ec6768.jpg
2026-06-08,2026-06-08 19:41:25,20,BV1vR7D6JEEm,116702566223209,全球吃席！自驾巴尔干婚礼，吃欧洲乡村大席,食贫道,日常,生活,21,3274,1424184,8755,1784,129392,47210,16639,3585,1780741089,https://www.bilibili.com/video/BV1vR7D6JEEm,http://i2.hdslb.com/bfs/archive/b23120503d27e3049c25e887901c19df17a98fe1.jpg
2026-06-08,2026-06-08 19:41:25,21,BV1uX7k6UENx,116696761239484,巨构：没有告别,巨构ai,网络游戏,游戏,65,19,3123381,6344,7919,492974,26173,166633,7748,1780651506,https://www.bilibili.com/video/BV1uX7k6UENx,http://i0.hdslb.com/bfs/archive/1422e60b2923b373953bd4ce6433b6f0e91f9501.jpg
2026-06-08,2026-06-08 19:41:25,22,BV1s7V46XEix,116655590017716,评论区摄影大赛之火遍全网的佳作篇，本期有锐评系列也有破败与新生佳作，欢迎投稿好的作品会让更多人看到。,摄影恩哥,日常,生活,21,124,5337142,1930,10690,334056,2791,25597,1075,1780738200,https://www.bilibili.com/video/BV1s7V46XEix,http://i1.hdslb.com/bfs/archive/58aada2ca9cd83b3f4d86b331759b2c832c8bcb4.jpg
2026-06-08,2026-06-08 19:41:25,23,BV168796PEv1,116685839403735,如此仙音唯有挠臭,lulu和露爸,喵星人,喵星人,218,26,5283407,19587,6383,659705,19782,128236,28248,1780484850,https://www.bilibili.com/video/BV168796PEv1,http://i1.hdslb.com/bfs/archive/87f3ce4876a2e50e34a2c1b24dfe10ae34700a55.jpg
2026-06-08,2026-06-08 19:41:25,24,BV15iEc6VEfH,116691577216788,路边一块，也能变废为宝，雕刻出大家想要的题材我不知道什么时候天才会亮，但我知道，跑着跑着，天就亮了。,小梨家的和田玉,手工,生活,161,220,6388240,4194,12571,243985,8693,23465,4030,1780572193,https://www.bilibili.com/video/BV15iEc6VEfH,http://i2.hdslb.com/bfs/archive/c1597efe82d66a7f728f8bdd84505eff4b7f5ac9.jpg
2026-06-08,2026-06-08 19:41:25,25,BV1UV7k6LEUG,116697264627213,航天会刷典狱长？！【三角洲动画】,手折余弦丶,电子竞技,游戏,171,300,1386895,1495,1891,115162,13515,30364,3633,1780659017,https://www.bilibili.com/video/BV1UV7k6LEUG,http://i0.hdslb.com/bfs/archive/eb575db6391346950b2623259e6c0c6469239e03.jpg
2026-06-08,2026-06-08 19:41:25,26,BV1hG7y69Ej2,116698036313694,史上最骚特工(第二集),老番茄,单机游戏,游戏,17,842,2512173,3413,1822,146217,47853,41250,2494,1780716600,https://www.bilibili.com/video/BV1hG7y69Ej2,http://i2.hdslb.com/bfs/archive/c4778bfde8d395e0f91e2f746393736302e8205c.jpg
2026-06-08,2026-06-08 19:41:25,27,BV1dY7Q6pEQZ,116701878291791,千里奔赴只为弥补40年前的遗憾,赛亚人阿廖,出行,生活,250,246,1212278,2286,1824,140297,36376,15213,498,1780729530,https://www.bilibili.com/video/BV1dY7Q6pEQZ,http://i0.hdslb.com/bfs/archive/5f9f719eb1fb6326b0a2eabe298cd1484afab3e6.jpg
2026-06-08,2026-06-08 19:41:25,28,BV1gsEw6zExs,116691040208641,你的高考/中考/期末考belike,哈基mer-猫meme,搞笑,娱乐,138,22,1005752,32013,2792,321147,33709,64606,5768,1780564012,https://www.bilibili.com/video/BV1gsEw6zExs,http://i2.hdslb.com/bfs/archive/4f76f8d127f1c6d5a990c89a161f10356e783cd4.jpg
2026-06-08,2026-06-08 19:41:25,29,BV1dq7Q6SEbX,116701827961912,最不吃压力之熊,传奇飞行员_太日阳莽,鬼畜剧场,鬼畜剧场,216,91,2197727,774,3190,172555,3354,38701,5709,1780728644,https://www.bilibili.com/video/BV1dq7Q6SEbX,http://i2.hdslb.com/bfs/archive/cdfe2d04e5d60dbd700833f920d17d40cebc2d39.jpg
2026-06-08,2026-06-08 19:41:25,30,BV1bV7k6LExn,116697264560365,再见！一系列！高考必胜！,一数,校园学习,知识,208,193,961408,30438,15595,89643,34413,18372,5857,1780659292,https://www.bilibili.com/video/BV1bV7k6LExn,http://i2.hdslb.com/bfs/archive/5df66240b2b71ca2bc6ce697e929657b1b1df5a4.jpg
2026-06-08,2026-06-08 19:41:25,31,BV1Ja7k6AE1b,116697063235411,我又给花朵加了个开关！,是玉木呀,设计·创意,设计·创意,229,104,1101478,583,922,178012,20881,36239,3690,1780656042,https://www.bilibili.com/video/BV1Ja7k6AE1b,http://i0.hdslb.com/bfs/archive/c05470a618fc67ee60cb9df153eb5ad6d3c8ce08.jpg
2026-06-08,2026-06-08 19:41:25,32,BV1ZvEt6oEWR,116709209935672,锐评2026年数学高考，我雷霆大怒,聊城市茬平区第一中学,日常,生活,21,739,2192591,3913,18675,87949,14315,20592,16396,1780841328,https://www.bilibili.com/video/BV1ZvEt6oEWR,http://i0.hdslb.com/bfs/archive/6d19a0c156e6b82f71035cacec0f450bd19fb6c6.jpg
2026-06-08,2026-06-08 19:41:25,33,BV1um7665EpW,116696325033820,讷,水生植物人owo,日常,生活,21,16,1455543,1048,8065,211465,5760,54806,19560,1780644714,https://www.bilibili.com/video/BV1um7665EpW,http://i2.hdslb.com/bfs/archive/ce971f171b1f22d061819b3fea882f5d4af2a608.jpg
2026-06-08,2026-06-08 19:41:25,34,BV1WT7C6uEj8,116696878749194,猫 咪 的 花 语 是 老 吴🎵,幾加乘,同人·手书,动画,47,259,1793037,1769,3527,126397,19534,26806,11893,1780653131,https://www.bilibili.com/video/BV1WT7C6uEj8,http://i0.hdslb.com/bfs/archive/ad354ddb8c2e2bf697327dc182835b3d6014f4b1.jpg
2026-06-08,2026-06-08 19:41:25,35,BV1JJ7m62ELC,116700620065327,最直接的伤害往往只需采用最简单的普通攻击 #超能力 #万万没想到 #反转 #劲大,刘不凡本凡,短片,动画,256,364,2708297,3129,7176,145740,2291,17167,1008,1780719600,https://www.bilibili.com/video/BV1JJ7m62ELC,http://i1.hdslb.com/bfs/archive/1b35b982075822d704a03ec34c21632ebcfa9044.jpg
2026-06-08,2026-06-08 19:41:25,36,BV1LR7D6JEV7,116702566156828,Re：佩恩从零开始的异世界生活！！！【水门篇】,-夏秋冬-,综合,综合,27,416,1260710,1643,4029,83041,30139,24458,5184,1780740005,https://www.bilibili.com/video/BV1LR7D6JEV7,http://i1.hdslb.com/bfs/archive/7b1442110a7b65950b9bb9ed1c2c29908c642732.jpg
2026-06-08,2026-06-08 19:41:25,37,BV19N7y6bE1e,116698455803490,全体起立鼓掌！人类发现了治癌症的新药！🤯,蜗牛的科技笔记,软件应用,软件应用,230,115,1601247,1361,7257,147321,6158,24698,10402,1780677279,https://www.bilibili.com/video/BV19N7y6bE1e,http://i2.hdslb.com/bfs/archive/3b5f57bbd2f68b33097261f34d0cbb700b9439ce.jpg
2026-06-08,2026-06-08 19:41:25,38,BV17q7y6qEeG,116697767874225,当代牢大学生论文现状belike：,黑曼波语录,鬼畜调教,鬼畜,22,78,1762104,266,2101,135513,4981,92631,11037,1780716900,https://www.bilibili.com/video/BV17q7y6qEeG,http://i2.hdslb.com/bfs/archive/a42866374c2dd87fd5093121386c1dd1372e10a6.jpg
2026-06-08,2026-06-08 19:41:25,39,BV1wEEc6REms,116692097238799,城市大富翁（5）,雨哥到处跑,日常,生活,21,3846,1882343,40799,5309,157314,124378,41842,5286,1780628700,https://www.bilibili.com/video/BV1wEEc6REms,http://i1.hdslb.com/bfs/archive/8628e50dc2e56aec5815c8e3f665d304cfe23d80.jpg
2026-06-08,2026-06-08 19:41:25,40,BV1vEEP6HEFw,116692281789801,2025年出货量370万台！激光雷达真成“安全气囊”了？,保镖的车库,新能源车,新能源车,247,606,2250187,648,977,142865,3598,12474,498,1780653900,https://www.bilibili.com/video/BV1vEEP6HEFw,http://i1.hdslb.com/bfs/archive/76872e6b743f73527ee70c89a75c39214a868540.jpg
2026-06-08,2026-06-08 19:41:25,41,BV1TR766zEvE,116695972714489,在沙漠里种了1800万棵树，然后呢？,影视飓风,娱乐粉丝创作,娱乐,242,756,3281581,11072,3081,164547,61928,27796,2924,1780650000,https://www.bilibili.com/video/BV1TR766zEvE,http://i1.hdslb.com/bfs/archive/af434541e40c0402ac850fc6783faa3ed5bfdda9.jpg
2026-06-08,2026-06-08 19:41:25,42,BV1YVEn6fEmZ,116703304356999,那天真有其他人在场，但我没法证明。,何大爷课堂,人文历史,知识,228,123,2142704,397,3200,164043,3860,14824,1229,1780751375,https://www.bilibili.com/video/BV1YVEn6fEmZ,http://i1.hdslb.com/bfs/archive/36a36b65d7a5cdced8c027e2371074acb5dd204b.jpg
2026-06-08,2026-06-08 19:41:25,43,BV19ZEF6MEBV,116690117464228,人在干坏事的时候是不怕苦不怕累的,我是易拉爆,日常,生活,21,309,2209057,1521,4265,211372,16305,32107,16128,1780550100,https://www.bilibili.com/video/BV19ZEF6MEBV,http://i2.hdslb.com/bfs/archive/5a3e59dd5183e87d69b1ad3224466b821bf05e23.jpg
2026-06-08,2026-06-08 19:41:25,44,BV1VD726iE1t,116698791282580,《猴王出事》,伤心欲茄222,搞笑,娱乐,138,103,2592392,1257,3935,177993,7142,9308,6534,1780718400,https://www.bilibili.com/video/BV1VD726iE1t,http://i1.hdslb.com/bfs/archive/2fa41f4d1af95817e553d8fd8c6eeb7fc16a9d82.jpg
2026-06-08,2026-06-08 19:41:25,45,BV1tV7k6LEyH,116697264556028,你或许不认识我 但我唱的歌你或许？？听过？,喵☆酱,翻唱,音乐,31,443,634487,6091,2826,127351,8660,19616,1370,1780659262,https://www.bilibili.com/video/BV1tV7k6LEyH,http://i1.hdslb.com/bfs/archive/f27fa302b117dedb6f353c75770d440ca8982c33.jpg
2026-06-08,2026-06-08 19:41:25,46,BV17z7y6KEVT,116697751096214,可爱的安魂曲~,徐大花xudahua,手工,生活,161,158,1732947,419,1529,116736,7750,17127,2797,1780718400,https://www.bilibili.com/video/BV17z7y6KEVT,http://i2.hdslb.com/bfs/archive/2fbc38542399965a708c159f85533b4f5065fe8c.jpg
2026-06-08,2026-06-08 19:41:25,47,BV1Jj7C6AEPq,116696845193451,是我还不够好,怎么转身又是,MMD·3D,动画,25,67,2080382,5407,7821,200253,11323,51002,32008,1780652794,https://www.bilibili.com/video/BV1Jj7C6AEPq,http://i0.hdslb.com/bfs/archive/c261bcb22b8b34b31c0d9cb2e04b0a49a318b123.jpg
2026-06-08,2026-06-08 19:41:25,48,BV1bd7k62Epb,116696794863371,LV6有啥用?一个视频看懂LV6所有特权功能,威尔斯耍流氓,搞笑,娱乐,138,193,743078,10955,19440,68029,40984,9527,4469,1780652357,https://www.bilibili.com/video/BV1bd7k62Epb,http://i1.hdslb.com/bfs/archive/96eeed5029dce27d3f6ea0160d4ade58d6afb34e.jpg
2026-06-08,2026-06-08 19:41:25,49,BV17GEP6xEDW,116692348832614,新三国up锐评楚汉传奇01：是不是我打开的方式不太对？,吃蛋挞的折棒,影视杂谈,影视,182,1348,1658994,20694,11987,139780,133488,29213,10766,1780624800,https://www.bilibili.com/video/BV17GEP6xEDW,http://i2.hdslb.com/bfs/archive/4e5cd47c8551d2b66643e2800041b7ec2d3bf729.jpg
2026-06-08,2026-06-08 19:41:25,50,BV1Xa7m6qEm7,116700217347938,意识深渊：我真的存在吗？,大圆镜科普,科学科普,知识,201,484,986445,1403,2268,91029,3396,17541,1610,1780704207,https://www.bilibili.com/video/BV1Xa7m6qEm7,http://i1.hdslb.com/bfs/archive/2d760490c4cfbae1c3b9168320f075ace66ad15a.jpg
2026-06-08,2026-06-08 19:41:25,51,BV1pDV86oE6S,116657217344637,热烈欢迎薛凯琪！工作之余，Fiona会带哪些让自己感到快乐的东西呢～（录完这期脑海里都是Fifi的笑声,papi酱,短片,动画,256,2017,1462493,11851,5029,143996,56362,17945,8069,1780632000,https://www.bilibili.com/video/BV1pDV86oE6S,http://i2.hdslb.com/bfs/archive/032f4048d6f94c465fc10972289999cf79f2572f.jpg
2026-06-08,2026-06-08 19:41:25,52,BV15d7D6UE4i,116702549379788,世界杯期间不抓移民？那这世界杯不是白办了吗,麻薯波比呀,社科·法律·心理,知识,124,995,1899625,7612,3856,98201,14134,11714,2714,1780740025,https://www.bilibili.com/video/BV15d7D6UE4i,http://i2.hdslb.com/bfs/archive/91940674117acf43b95f7a6e2e7ab686470cc3ea.jpg
2026-06-08,2026-06-08 19:41:25,53,BV1jz7k6tEkL,116696979347018,教程来啦兄弟们 拍起来,是柳宗元,电子竞技,游戏,171,46,2385453,201,952,182064,3136,27647,1475,1780654702,https://www.bilibili.com/video/BV1jz7k6tEkL,http://i0.hdslb.com/bfs/archive/becaa38ea9e7437bed18411340db6d5da7f4cd54.jpg
2026-06-08,2026-06-08 19:41:25,54,BV1kCVU65ERM,116669112386149,初中生斗胆跳一段jam,特崮斯,篮球,运动,235,45,6874233,11471,19346,1305699,214724,138441,20640,1780229707,https://www.bilibili.com/video/BV1kCVU65ERM,http://i1.hdslb.com/bfs/archive/5871a66dc8e356ff71da4a6d99d5922b4a6a3fce.jpg
2026-06-08,2026-06-08 19:41:25,55,BV1xZ7k6LESp,116696778084201,“哎呀 我们的主角倒下啦～”,西门小昭,综合,综合,27,30,835913,132,1231,158919,11583,63829,2983,1780655400,https://www.bilibili.com/video/BV1xZ7k6LESp,http://i2.hdslb.com/bfs/archive/2c5c6c548ed488771077293e2f7bfcfb435e4744.jpg
2026-06-08,2026-06-08 19:41:25,56,BV1g8Es6vEKZ,116706609598663,《鸣潮》× 《赛博朋克：边缘行者》 联动PV | 暗巷怪谈,鸣潮,手机游戏,游戏,172,598,2421868,1992,9707,67159,23400,11594,11956,1780804800,https://www.bilibili.com/video/BV1g8Es6vEKZ,http://i2.hdslb.com/bfs/archive/e73c3fc833ee1693dcf748e29538070e01b8fd40.jpg
2026-06-08,2026-06-08 19:41:25,57,BV1TK7S6PESt,116701341420908,日菲台岛东部“划界”，我们和两国防长现场对线！,玉渊谭天,科学科普,知识,201,466,775858,5573,4723,84957,27651,9559,2224,1780729200,https://www.bilibili.com/video/BV1TK7S6PESt,http://i0.hdslb.com/bfs/archive/4f11eda2d2c34ea69bc20938c15ebcc0e4b3affc.jpg
2026-06-08,2026-06-08 19:41:25,58,BV1yk7X6KEz4,116686023891513,2高中生屠杀同学，造成13人死亡后自杀，开启美国校园枪击案先河：科伦拜恩枪击案,捕月说,人文历史,知识,228,733,2638191,1124,1002,87682,1252,12460,619,1780654200,https://www.bilibili.com/video/BV1yk7X6KEz4,http://i2.hdslb.com/bfs/archive/b52e8d555de710438989ea0831c1fa8211fbe67d.jpg
2026-06-08,2026-06-08 19:41:25,59,BV13HEw6rEhc,116691140873202,接龙游戏开发，但都绷住了,M木糖M,单机游戏,游戏,17,933,1932350,1712,1190,91996,13269,17232,1608,1780630200,https://www.bilibili.com/video/BV13HEw6rEhc,http://i2.hdslb.com/bfs/archive/1083ae38f0917802668505e94ed2fe06226cc58b.jpg
2026-06-08,2026-06-08 19:41:25,60,BV1kv7262EyU,116698623578210,公司给粉丝安排了30万的水上宫殿...,飓多多StormCrew,日常,生活,21,852,1779946,3765,2568,89295,20381,17593,2070,1780714800,https://www.bilibili.com/video/BV1kv7262EyU,http://i2.hdslb.com/bfs/archive/a59944bd6ce91c0bbc28d8c8b560e8b73c31e976.jpg
2026-06-08,2026-06-08 19:41:25,61,BV15z766SE1A,116696341812776,假如高考什么都可以带,小安苒AIGC,校园学习,知识,208,177,2424032,3004,2692,103091,2434,8173,1964,1780646400,https://www.bilibili.com/video/BV15z766SE1A,http://i2.hdslb.com/bfs/archive/ed743a6a86446310a9957bce92faa671a082a6d8.jpg
2026-06-08,2026-06-08 19:41:25,62,BV1Zj7C6wEJY,116696845125445,织棉为布，非遗土布。用千年蓝染，重现极致的东方浪漫,花木紫Huamuz,手工,生活,161,401,1243843,1782,2659,101191,9490,10213,761,1780652882,https://www.bilibili.com/video/BV1Zj7C6wEJY,http://i0.hdslb.com/bfs/archive/753a39454d2f1455af84effb021941e20ad4c2c7.jpg
2026-06-08,2026-06-08 19:41:25,63,BV19v7S65ESU,116701022849204,我给爱车打造了一套废土战甲,手工耿,手工,生活,161,829,1597884,7796,2219,97269,18074,8121,4253,1780799533,https://www.bilibili.com/video/BV19v7S65ESU,http://i2.hdslb.com/bfs/archive/b1cf38027520b335d07b96dd1246fcde8d20a730.jpg
2026-06-08,2026-06-08 19:41:25,64,BV1Bm7U6jEDZ,116701542815709,《爱，你》,是许木木啊,日常,生活,21,1043,961375,5621,4386,97991,12371,23877,1695,1780738200,https://www.bilibili.com/video/BV1Bm7U6jEDZ,http://i0.hdslb.com/bfs/archive/fd7de4f643c70f1117b5d4f7ef9d1878ffc094bd.jpg
2026-06-08,2026-06-08 19:41:25,65,BV1YV7U6zEps,116699697254319,小登VS老登,灼眼的SABER哒,同人·手书,动画,47,63,1049246,488,2684,132878,11834,45096,10806,1780718400,https://www.bilibili.com/video/BV1YV7U6zEps,http://i0.hdslb.com/bfs/archive/dce2758cd8546e893008888b88f215364194d4a7.jpg
2026-06-08,2026-06-08 19:41:25,66,BV1787S6mEV8,116701073053928,这里藏着一群“伪人”,摸鱼佬临风,鬼畜剧场,鬼畜剧场,216,354,439218,448,869,84734,6038,27700,1163,1780717427,https://www.bilibili.com/video/BV1787S6mEV8,http://i2.hdslb.com/bfs/archive/d2a4fc8b8017160bc03e17f14d6fbedd690059c1.jpg
2026-06-08,2026-06-08 19:41:25,67,BV1EwEF62EhA,116690721443492,当校长挑选教室地板时,Cheems电玩屋,日常,生活,21,18,5384083,871,5312,217995,1362,8250,560,1780559484,https://www.bilibili.com/video/BV1EwEF62EhA,http://i0.hdslb.com/bfs/archive/8916553504d48aec3ba5ad2bdfeec5fcf7eefc1c.jpg
2026-06-08,2026-06-08 19:41:25,68,BV1KG7S6FECF,116701274313735,小孩只是请男人吃了一块羊肉，男人转手就掏出一个900克的大金轮,懂一点人情世故,影视剪辑,影视,183,425,1712124,1144,1076,87870,1181,9181,447,1780720244,https://www.bilibili.com/video/BV1KG7S6FECF,http://i2.hdslb.com/bfs/archive/7635c90a615f292f19e67c7de1d91e5c8a697033.jpg
2026-06-08,2026-06-08 19:41:25,69,BV15W7C6tEyc,116696425766532,送你一片夕阳！,困雀雀,仿妆cos,时尚,252,36,604257,159,2429,175620,9519,32057,2788,1780646468,https://www.bilibili.com/video/BV15W7C6tEyc,http://i2.hdslb.com/bfs/archive/86973af2078693bfe5fc81d4dae783648e7fb904.jpg
2026-06-08,2026-06-08 19:41:25,70,BV13c7S6qE5a,116701324648092,大哥豪刷10个爱神之箭！头开8个苹果全程揪心，接连翻车差点心态崩盘！,语格yoga,舞蹈综合,舞蹈综合,154,271,1559154,2106,3584,87161,10058,6351,2692,1780721492,https://www.bilibili.com/video/BV13c7S6qE5a,http://i1.hdslb.com/bfs/archive/e2af963c319aa3c1083f65f39306936b272010b5.jpg
2026-06-08,2026-06-08 19:41:25,71,BV1q1Vy64EqA,116682450274928,给朋友做的一本翻翻乐,花颜和鸣,日常,生活,21,70,815776,1134,2973,183172,16248,27859,1222,1780589700,https://www.bilibili.com/video/BV1q1Vy64EqA,http://i0.hdslb.com/bfs/archive/b6ed86d5a0591cf027f6b65a4770f1c9656617d7.jpg
2026-06-08,2026-06-08 19:41:25,72,BV1n17D6xEX2,116702331278408,这就是7JIA最强之人,杨齐家_,单机游戏,游戏,17,1221,2428809,5294,2426,112997,9940,17216,933,1780736508,https://www.bilibili.com/video/BV1n17D6xEX2,http://i1.hdslb.com/bfs/archive/63922fa2e9e8a18b95b8175a3bea61b0779794d1.jpg
2026-06-08,2026-06-08 19:41:25,73,BV1w6EF6QEjZ,116690033778619,不看后悔！史上最神人店家！,转生成为毛毛,美食侦探,美食,212,186,3625684,4153,9545,185101,5520,31211,15667,1780563600,https://www.bilibili.com/video/BV1w6EF6QEjZ,http://i1.hdslb.com/bfs/archive/07cb98d8f59285212c90c7646739a87803bf06c0.jpg
2026-06-08,2026-06-08 19:41:25,74,BV19J7r6HESb,116695704274527,【抱佛脚】高考语文！选择题？最后一课！,学过石油的语文老师,校园学习,知识,208,1200,887058,37043,11391,42050,17160,20277,4091,1780660800,https://www.bilibili.com/video/BV19J7r6HESb,http://i0.hdslb.com/bfs/archive/f8d05a7621ff85694f1ddb7ac6c3c775b0e01965.jpg
2026-06-08,2026-06-08 19:41:25,75,BV1uX7k6UEPn,116696761239539,把硬装的喊过来！,脱缰凯Kk,小剧场,娱乐,85,219,1410438,1689,1748,102281,3547,10618,718,1780651876,https://www.bilibili.com/video/BV1uX7k6UEPn,http://i1.hdslb.com/bfs/archive/1a5306b127f7814fe75bc726966f0f675fcb7e33.jpg
2026-06-08,2026-06-08 19:41:25,76,BV1Vz766DE6S,116696342006745,“从来就没有什么意外 ”,DKM莫天行,GMV,GMV,121,142,1057477,245,1766,116393,19638,40664,1092,1780653600,https://www.bilibili.com/video/BV1Vz766DE6S,http://i1.hdslb.com/bfs/archive/ebae2236febce20da402b0789a87254a40b4e8b8.jpg
2026-06-08,2026-06-08 19:41:25,77,BV13PEx63EJ3,116706575912358,这样的幸运，你想拥有吗！？🥳 #挑战# #野兽先生# #MrBeast# #vlog# #整活#,MrBeast官方账号,日常,生活,21,36,2649143,376,2110,172119,4495,8932,604,1780801241,https://www.bilibili.com/video/BV13PEx63EJ3,http://i1.hdslb.com/bfs/archive/060ed908afe9f422de1f1a505ade5b1e4ca3d8ae.jpg
2026-06-08,2026-06-08 19:41:25,78,BV1Vq7m6NEN8,116700368408896,【时代少年团】系列纪录片《光辉岁月》——“回南天”,时代少年团,明星综合,明星综合,137,13990,1382499,36468,3548,46591,13441,16286,1904,1780718400,https://www.bilibili.com/video/BV1Vq7m6NEN8,http://i2.hdslb.com/bfs/archive/bc281db3fee5c37911a273d2435afe8e9047405f.jpg
2026-06-08,2026-06-08 19:41:25,79,BV1W6VZ6MEbd,116674313328609,🍄欠揍气球🍄,纸片马力欧,日常,生活,21,40,4853265,7407,10751,549973,44532,292396,82707,1780309043,https://www.bilibili.com/video/BV1W6VZ6MEbd,http://i0.hdslb.com/bfs/archive/3d18bae01c4fc365d9e7e0ede5efb926e32115ad.jpg
2026-06-08,2026-06-08 19:41:25,80,BV1HL7m6JECt,116700670395936,霸总腌入味，王鹤棣太让人笑幻了……【不舒服学】逐帧分析,一只吐槽圆,娱乐杂谈,娱乐杂谈,241,1774,1500883,20969,4550,67411,26422,11811,13118,1780711190,https://www.bilibili.com/video/BV1HL7m6JECt,http://i0.hdslb.com/bfs/archive/cfe030cb9db76b0cad1dc763db5d7299bfd51ab9.jpg
2026-06-08,2026-06-08 19:41:25,81,BV1Qi7f6eE59,116690805395451,致敬每一个心中有花，努力奔跑的人,爱画画的子衿,亲子,生活,254,313,1801706,3561,3783,245640,123935,16535,3977,1780561800,https://www.bilibili.com/video/BV1Qi7f6eE59,http://i1.hdslb.com/bfs/archive/2c9cc3dd70d264a8473e46b8bebaad7db4d6ef2c.jpg
2026-06-08,2026-06-08 19:41:25,82,BV1wPEs6pEMm,116706894749229,孤岛小夫 第二集,派之新,同人·手书,动画,47,503,1256098,685,1064,67162,4157,11408,2050,1780807094,https://www.bilibili.com/video/BV1wPEs6pEMm,http://i1.hdslb.com/bfs/archive/f16994491642562a05defddee6f04d3d2f428f15.jpg
2026-06-08,2026-06-08 19:41:25,83,BV1Qt7X61Enn,116686241993999,百万英镑，但素质过低,青时晚,影视剪辑,影视,183,174,2724563,2203,2891,157250,13394,40667,16252,1780490956,https://www.bilibili.com/video/BV1Qt7X61Enn,http://i0.hdslb.com/bfs/archive/1573985b4950f4d1001b3a21a50adab722b0a0f1.jpg
2026-06-08,2026-06-08 19:41:25,84,BV1s47y65E4g,116698153752165,那年你写下了什么？复盘1977—2025年高考作文题【大国之治·高考作文题】,大象放映室,财经商业,知识,207,2306,1248454,2524,4817,34517,11812,26848,7594,1780801200,https://www.bilibili.com/video/BV1s47y65E4g,http://i1.hdslb.com/bfs/archive/e403ab5119fb220e6ae7654b859643b16dec3709.jpg
2026-06-08,2026-06-08 19:41:25,85,BV1D97y6dERH,116697919004560,拿人罐罐，替人消灾,布丁仔和泡芙妹的一天,喵星人,喵星人,218,23,2701242,506,3015,150875,485,6172,832,1780669119,https://www.bilibili.com/video/BV1D97y6dERH,http://i2.hdslb.com/bfs/archive/fc9d115669e9ba8a3d141ba74d6e7da1e5f327c9.jpg
2026-06-08,2026-06-08 19:41:25,86,BV1di7Q6nEu4,116701777627095,兄弟们！今天带良子水上训练，你们觉得良子能坚持多久？,健身华哥,运动综合,运动,238,217,1627055,909,10271,81736,2026,3246,3293,1780728153,https://www.bilibili.com/video/BV1di7Q6nEu4,http://i1.hdslb.com/bfs/archive/48f8a7c3b0af6baea81d423375f3ea0e18e4a44d.jpg
2026-06-08,2026-06-08 19:41:25,87,BV1JAEw69EUS,116691342200777,生完宝宝之后我再也不敢得罪我老公了，因为……,笑哥走丢了a,亲子,生活,254,89,2597508,976,7974,192856,3840,10047,2307,1780568869,https://www.bilibili.com/video/BV1JAEw69EUS,http://i2.hdslb.com/bfs/archive/2496ecbfca22198efdffe5b1855ea840b90edb2a.jpg
2026-06-08,2026-06-08 19:41:25,88,BV1fV7C6PEC3,116696811571160,当我出提纳里时收到了植物学博士录取通知,乔落落啊,仿妆cos,时尚,252,27,806120,3735,2746,192158,4934,5623,607,1780652265,https://www.bilibili.com/video/BV1fV7C6PEC3,http://i1.hdslb.com/bfs/archive/a6bca5345beae937c7e2979d6d22be6cbdaa9f2e.jpg
2026-06-08,2026-06-08 19:41:25,89,BV1747S6SExf,116701039495420,师傅：成功挑战人类！,猪大肠and方一蛋,喵星人,喵星人,218,44,1848710,950,2189,159317,4379,5891,3795,1780717504,https://www.bilibili.com/video/BV1747S6SExf,http://i2.hdslb.com/bfs/archive/3449f80a251dbb861606222cd047b34839e4e173.jpg
2026-06-08,2026-06-08 19:41:25,90,BV1x77Q6eE7o,116702247457814,《绝区零》3.0版本PV | 某个梦游者的自白,绝区零,手机游戏,游戏,172,2575,852080,3969,5429,55460,15551,10019,2585,1780749000,https://www.bilibili.com/video/BV1x77Q6eE7o,http://i2.hdslb.com/bfs/archive/87c8066e1d2dab7418e493b02cf3efa0e0b9a4b7.jpg
2026-06-08,2026-06-08 19:41:25,91,BV1aM7k6UELy,116697314890238,JO等了！介绍一下我的六个替身,曦曦鱼SAKANA,日常,生活,21,57,2139912,392,2197,134387,2969,11957,3877,1780660000,https://www.bilibili.com/video/BV1aM7k6UELy,http://i1.hdslb.com/bfs/archive/885aa33388ed27e0d72abdd95cd0e74a19046a67.jpg
2026-06-08,2026-06-08 19:41:25,92,BV1FV7C6KESW,116696811773804,好惨一国家，盛产倒霉总统【东非02丨马拉维】,小王Albert,人文历史,知识,228,1494,1133832,2486,1212,63979,11662,9026,604,1780707600,https://www.bilibili.com/video/BV1FV7C6KESW,http://i2.hdslb.com/bfs/archive/2e15f92493ab2c9e39e067e70d1399dcd094f406.jpg
2026-06-08,2026-06-08 19:41:25,93,BV1Lt7m63EdD,116700267742890,你脑中出现两个声音…,四夕小田木_,小剧场,娱乐,85,38,922678,186,1448,152635,5520,10345,1029,1780705023,https://www.bilibili.com/video/BV1Lt7m63EdD,http://i0.hdslb.com/bfs/archive/7a454bc24acdaf53f3719c390fd9ec4c58605c0c.jpg
2026-06-08,2026-06-08 19:41:25,94,BV1zDE46ZEzL,116707213512648,虎哥摩根时代只有自己用的是真的,虎哥二次元教父,鬼畜调教,鬼畜,22,16,1775796,123,1327,157588,1149,6391,668,1780811019,https://www.bilibili.com/video/BV1zDE46ZEzL,http://i2.hdslb.com/bfs/archive/167cc262dd29aa3be2b9730c13c4ce9733856d97.jpg
2026-06-08,2026-06-08 19:41:25,95,BV1ksEA6tEHn,116692801819881,挑战从上海走回深圳！1357公里我能成功吗?,拉宏桑,日常,生活,21,610,1272383,4536,2798,83691,9309,5431,2634,1780651200,https://www.bilibili.com/video/BV1ksEA6tEHn,http://i1.hdslb.com/bfs/archive/1a330af59312e3157e5eddc870a27205d9dfb031.jpg
2026-06-08,2026-06-08 19:41:25,96,BV1Xh7168ESr,116699395266567,一期视频教会你公式化手炮开局炸一队,麒麟--三角洲行动,网络游戏,游戏,65,53,1391628,85,975,83384,1413,46557,7395,1780729200,https://www.bilibili.com/video/BV1Xh7168ESr,http://i1.hdslb.com/bfs/archive/40350b382e3bd6f3e06fd0adf770a6010bb346b2.jpg
2026-06-08,2026-06-08 19:41:25,97,BV1U87D6iEK2,116702834662934,老吴大师,皮欧皮皮,喵星人,喵星人,218,116,907975,1134,2400,100906,1620,10604,8309,1780744103,https://www.bilibili.com/video/BV1U87D6iEK2,http://i0.hdslb.com/bfs/archive/d0b24d7ecbe3b7c2fbd943beec85bee6128300d7.jpg
2026-06-08,2026-06-08 19:41:25,98,BV1p47k6iE77,116697381999776,这种细菌曾毁灭世界，如今依旧执掌你的生杀大权,芳斯塔芙,科学科普,知识,201,1342,693261,4317,1583,57199,11958,15451,1288,1780663629,https://www.bilibili.com/video/BV1p47k6iE77,http://i2.hdslb.com/bfs/archive/997a49bbb2e507dbfcf8911ecfadb72291f47a22.jpg
2026-06-08,2026-06-08 19:41:25,99,BV1cs7Q6fEQX,116702230616264,双绝之战,ioeop,网络游戏,游戏,65,35,1782050,121,1221,126455,1416,15000,6499,1780734931,https://www.bilibili.com/video/BV1cs7Q6fEQX,http://i1.hdslb.com/bfs/archive/1026961aa82bcc307e2feec6322493bb3d5b1190.jpg
2026-06-08,2026-06-08 19:41:25,100,BV1GHEw6rEo4,116691140875979,无能的杰哥,神威-狗剩,影视剪辑,影视,183,154,2852678,1943,3926,140255,8670,26088,28485,1780565876,https://www.bilibili.com/video/BV1GHEw6rEo4,http://i2.hdslb.com/bfs/archive/0814d03bdf68a6a83cba4b8ba18fa6d58d6de912.jpg
2026-06-08,2026-06-08 21:39:01,1,BV15C7k6REKC,116697197451293,公测定档7月 | 《遗忘之海》船员集结摇滚MV「燥」,遗忘之海,GMV,GMV,121,205,7469445,1509,2692,132944,86353,84578,4968,1780711200,https://www.bilibili.com/video/BV15C7k6REKC,http://i0.hdslb.com/bfs/archive/bef8db958217ad42ed011f4bf5d5d6c1cf3a4bad.jpg
2026-06-08,2026-06-08 21:39:01,2,BV1Uj7k6VEPU,116697432395968,信 |《归唐》19分钟完整实机演示,归唐,单机游戏,游戏,17,1167,9618299,23509,33313,150955,46506,30259,60789,1780791300,https://www.bilibili.com/video/BV1Uj7k6VEPU,http://i1.hdslb.com/bfs/archive/73972f02b3d2a52c97a1ec81e53403fef6160006.jpg
2026-06-08,2026-06-08 21:39:01,3,BV1cu7r6FEPd,116696023045705,英国，沦为印度殖民地,平原公子,日常,生活,21,463,3584316,14769,10221,231826,10973,25479,23746,1780640137,https://www.bilibili.com/video/BV1cu7r6FEPd,http://i1.hdslb.com/bfs/archive/95ba7fb80bc2a46fc2c8f7ff69a08c57c40ef914.jpg
2026-06-08,2026-06-08 21:39:01,4,BV1WY7U6dEJ5,116699814693875,【微电影】人类文明的最后一届高考,最后讲述者,鬼畜剧场,鬼畜剧场,216,263,2270667,3121,6350,183517,23042,43066,10449,1780709400,https://www.bilibili.com/video/BV1WY7U6dEJ5,http://i2.hdslb.com/bfs/archive/40a717d48c3dbeb9559b00a07a88af6cfd5181fb.jpg
2026-06-08,2026-06-08 21:39:01,5,BV1T9Vm6UE2N,116684681647760,《古剑》3分钟战斗实机 | 线下试玩招募开启,古剑,单机游戏,游戏,17,168,5501283,3656,10632,104416,64170,46225,24063,1780698215,https://www.bilibili.com/video/BV1T9Vm6UE2N,http://i0.hdslb.com/bfs/archive/d18a0e2a80905c1a2bfe0d000c3ca47aa1548899.jpg
2026-06-08,2026-06-08 21:39:01,6,BV1xkE46PE59,116707649656463,参加了九次高考的考生采访,自来卷三木,日常,生活,21,99,4330359,3913,4046,290284,7705,19935,8436,1780817665,https://www.bilibili.com/video/BV1xkE46PE59,http://i1.hdslb.com/bfs/archive/2c51e17d5ab278033691d055015af26638867e5b.jpg
2026-06-08,2026-06-08 21:39:01,7,BV1CQ7o61ERo,116689798764442,人，握爪后就不要放开咯！——《伊莫》握爪测试招募开启,伊莫,手机游戏,游戏,172,119,5215168,779,4495,168491,41764,128275,80536,1780797600,https://www.bilibili.com/video/BV1CQ7o61ERo,http://i0.hdslb.com/bfs/archive/06bcb84e42974283a3ade3bf6fbee2302b4b4d96.jpg
2026-06-08,2026-06-08 21:39:01,8,BV1rg7C6TEUm,116696912369911,一句“一氧化二氢”能钓出多少“读稿机”？,中国食品报融媒体,科学科普,知识,201,291,5048335,6984,23205,214264,17102,26068,17840,1780653928,https://www.bilibili.com/video/BV1rg7C6TEUm,http://i1.hdslb.com/bfs/archive/1081ed32a36e81bee443915a997ed5f2bd56badd.jpg
2026-06-08,2026-06-08 21:39:01,9,BV15v7S65EWD,116701022717876,挑战给历史故事打tag（标签）,混饭达人,娱乐杂谈,娱乐杂谈,241,77,3517766,3577,2756,284583,7129,33851,17902,1780716510,https://www.bilibili.com/video/BV15v7S65EWD,http://i2.hdslb.com/bfs/archive/1845b193e356ee0f6b686419e20cc96fe1678367.jpg
2026-06-08,2026-06-08 21:39:01,10,BV1TnEt6MEHn,116709042165737,《原神》角色预告-「洛恩：『杰作』」,原神,手机游戏,游戏,172,729,1184284,7331,8507,155513,55431,34680,23507,1780891200,https://www.bilibili.com/video/BV1TnEt6MEHn,http://i1.hdslb.com/bfs/archive/338dd06fe0b8324ca26ec3f146f610f500448221.jpg
2026-06-08,2026-06-08 21:39:01,11,BV1xU7f6xEjt,116690939546284,CF单机叙事续作——《穿越火线：潜伏》实机首曝,穿越火线潜伏,单机游戏,游戏,17,308,6438494,1958,6534,131862,7582,27103,15466,1780696800,https://www.bilibili.com/video/BV1xU7f6xEjt,http://i0.hdslb.com/bfs/archive/140a4abb0c80a2aa1e7cb7126c978567b667ed12.jpg
2026-06-08,2026-06-08 21:39:01,12,BV16w7D6RERW,116700921988742,007看后:追逐战？,MEspace天植,绘画,绘画,162,49,2834401,286,1196,278469,27159,48574,2523,1780714922,https://www.bilibili.com/video/BV16w7D6RERW,http://i2.hdslb.com/bfs/archive/f35dab38094910739815ae6424bcceee9316f8f7.jpg
2026-06-08,2026-06-08 21:39:01,13,BV1xR7S6hEkB,116700804683368,菲比：就你们寝室最吵！！,Lm海洋,音乐综合,音乐,130,262,1279615,776,4169,99020,71415,44573,15590,1780713190,https://www.bilibili.com/video/BV1xR7S6hEkB,http://i1.hdslb.com/bfs/archive/348cd3608f962369b093721ee90e2515a127a833.jpg
2026-06-08,2026-06-08 21:39:01,14,BV1PP7C63E2J,116696710912022,《师》我回母校当老师,阿廖沙别害怕_,搞笑,娱乐,138,296,2177670,559,1200,195481,5448,15509,697,1780650587,https://www.bilibili.com/video/BV1PP7C63E2J,http://i0.hdslb.com/bfs/archive/b04455fde128b88ff0a92e264778512242510bc9.jpg
2026-06-08,2026-06-08 21:39:01,15,BV1wE7m67EAF,116700569671653,“我在成华大道「拼接遗憾」”,Dieorite,人力VOCALOID,人力VOCALOID,126,116,737304,3301,1756,163660,35787,46902,3043,1780709690,https://www.bilibili.com/video/BV1wE7m67EAF,http://i1.hdslb.com/bfs/archive/b7a88bfce9322211ddb670d69d549967dba6591e.jpg
2026-06-08,2026-06-08 21:39:01,16,BV1ZREP6dEcU,116693758117714,扫落叶全清洁100%速通39分03秒leaf it alone,闲云豹,单机游戏,游戏,17,2367,1720204,1830,2530,145477,15347,32450,6146,1780605809,https://www.bilibili.com/video/BV1ZREP6dEcU,http://i1.hdslb.com/bfs/archive/310db23466f62e9399f25f92c8d2b0af953476d6.jpg
2026-06-08,2026-06-08 21:39:01,17,BV1uXEA6gEMu,116692567070822,“别着急，我来给你补充「偶！像！能！量！」”,小耗owo,手机游戏,游戏,172,80,1279760,1001,2720,251366,18044,57743,11788,1780624800,https://www.bilibili.com/video/BV1uXEA6gEMu,http://i1.hdslb.com/bfs/archive/64822f49e99e9fb8b41ba5e0f9e06f48d4b76446.jpg
2026-06-08,2026-06-08 21:39:01,18,BV1pW7Q68Emz,116702180348281,这期谁能绷住,呱唧菌,搞笑,娱乐,138,339,2470009,2155,1637,176952,9991,48401,2300,1780741800,https://www.bilibili.com/video/BV1pW7Q68Emz,http://i2.hdslb.com/bfs/archive/5ae6e1d11721490eb4a17034e97a4c36afdca5f0.jpg
2026-06-08,2026-06-08 21:39:01,19,BV1vR7D6JEEm,116702566223209,全球吃席！自驾巴尔干婚礼，吃欧洲乡村大席,食贫道,日常,生活,21,3274,1488140,8987,1851,134090,49085,17290,3647,1780741089,https://www.bilibili.com/video/BV1vR7D6JEEm,http://i2.hdslb.com/bfs/archive/b23120503d27e3049c25e887901c19df17a98fe1.jpg
2026-06-08,2026-06-08 21:39:01,20,BV1hG7y69Ej2,116698036313694,史上最骚特工(第二集),老番茄,单机游戏,游戏,17,842,2579531,3443,1840,148741,48599,42346,2544,1780716600,https://www.bilibili.com/video/BV1hG7y69Ej2,http://i2.hdslb.com/bfs/archive/c4778bfde8d395e0f91e2f746393736302e8205c.jpg
2026-06-08,2026-06-08 21:39:01,21,BV1uX7k6UENx,116696761239484,巨构：没有告别,巨构ai,网络游戏,游戏,65,19,3158465,6457,7996,498014,26627,168325,7873,1780651506,https://www.bilibili.com/video/BV1uX7k6UENx,http://i0.hdslb.com/bfs/archive/1422e60b2923b373953bd4ce6433b6f0e91f9501.jpg
2026-06-08,2026-06-08 21:39:01,22,BV1s7V46XEix,116655590017716,评论区摄影大赛之火遍全网的佳作篇，本期有锐评系列也有破败与新生佳作，欢迎投稿好的作品会让更多人看到。,摄影恩哥,日常,生活,21,124,5424968,1959,10988,338867,2849,26188,1095,1780738200,https://www.bilibili.com/video/BV1s7V46XEix,http://i1.hdslb.com/bfs/archive/58aada2ca9cd83b3f4d86b331759b2c832c8bcb4.jpg
2026-06-08,2026-06-08 21:39:01,23,BV168796PEv1,116685839403735,如此仙音唯有挠臭,lulu和露爸,喵星人,喵星人,218,26,5330556,19844,6463,664993,20050,129364,28560,1780484850,https://www.bilibili.com/video/BV168796PEv1,http://i1.hdslb.com/bfs/archive/87f3ce4876a2e50e34a2c1b24dfe10ae34700a55.jpg
2026-06-08,2026-06-08 21:39:01,24,BV1df7r6REpB,116695469463690,如何在家制造浓汤宝,嘤武罗,日常,生活,21,501,5051698,3768,3502,196841,49726,48426,3023,1780650000,https://www.bilibili.com/video/BV1df7r6REpB,http://i2.hdslb.com/bfs/archive/94c85d2ebad9002fcbad0c7ef2f3c8a3f1ec6768.jpg
2026-06-08,2026-06-08 21:39:01,25,BV1dY7Q6pEQZ,116701878291791,千里奔赴只为弥补40年前的遗憾,赛亚人阿廖,出行,生活,250,246,1278785,2384,1857,145580,37764,16162,516,1780729530,https://www.bilibili.com/video/BV1dY7Q6pEQZ,http://i0.hdslb.com/bfs/archive/5f9f719eb1fb6326b0a2eabe298cd1484afab3e6.jpg
2026-06-08,2026-06-08 21:39:01,26,BV15iEc6VEfH,116691577216788,路边一块，也能变废为宝，雕刻出大家想要的题材我不知道什么时候天才会亮，但我知道，跑着跑着，天就亮了。,小梨家的和田玉,手工,生活,161,220,6437378,4221,12691,245913,8810,23679,4069,1780572193,https://www.bilibili.com/video/BV15iEc6VEfH,http://i2.hdslb.com/bfs/archive/c1597efe82d66a7f728f8bdd84505eff4b7f5ac9.jpg
2026-06-08,2026-06-08 21:39:01,27,BV1ZvEt6oEWR,116709209935672,锐评2026年数学高考，我雷霆大怒,聊城市茬平区第一中学,日常,生活,21,739,2435347,4397,19906,99850,16506,23303,18377,1780841328,https://www.bilibili.com/video/BV1ZvEt6oEWR,http://i0.hdslb.com/bfs/archive/6d19a0c156e6b82f71035cacec0f450bd19fb6c6.jpg
2026-06-08,2026-06-08 21:39:01,28,BV1dq7Q6SEbX,116701827961912,最不吃压力之熊,传奇飞行员_太日阳莽,鬼畜剧场,鬼畜剧场,216,91,2260226,785,3255,177234,3524,40120,5893,1780728644,https://www.bilibili.com/video/BV1dq7Q6SEbX,http://i2.hdslb.com/bfs/archive/cdfe2d04e5d60dbd700833f920d17d40cebc2d39.jpg
2026-06-08,2026-06-08 21:39:01,29,BV1um7665EpW,116696325033820,讷,水生植物人owo,日常,生活,21,16,1517596,1180,8380,219662,6103,57110,20592,1780644714,https://www.bilibili.com/video/BV1um7665EpW,http://i2.hdslb.com/bfs/archive/ce971f171b1f22d061819b3fea882f5d4af2a608.jpg
2026-06-08,2026-06-08 21:39:01,30,BV1UV7k6LEUG,116697264627213,航天会刷典狱长？！【三角洲动画】,手折余弦丶,电子竞技,游戏,171,300,1417939,1521,1909,116998,13794,31269,3682,1780659017,https://www.bilibili.com/video/BV1UV7k6LEUG,http://i0.hdslb.com/bfs/archive/eb575db6391346950b2623259e6c0c6469239e03.jpg
2026-06-08,2026-06-08 21:39:01,31,BV1Ja7k6AE1b,116697063235411,我又给花朵加了个开关！,是玉木呀,设计·创意,设计·创意,229,104,1110442,588,932,179669,21171,36633,3748,1780656042,https://www.bilibili.com/video/BV1Ja7k6AE1b,http://i0.hdslb.com/bfs/archive/c05470a618fc67ee60cb9df153eb5ad6d3c8ce08.jpg
2026-06-08,2026-06-08 21:39:01,32,BV1JJ7m62ELC,116700620065327,最直接的伤害往往只需采用最简单的普通攻击 #超能力 #万万没想到 #反转 #劲大,刘不凡本凡,短片,动画,256,364,2807405,3220,7439,149315,2360,18034,1038,1780719600,https://www.bilibili.com/video/BV1JJ7m62ELC,http://i1.hdslb.com/bfs/archive/1b35b982075822d704a03ec34c21632ebcfa9044.jpg
2026-06-08,2026-06-08 21:39:01,33,BV1LR7D6JEV7,116702566156828,Re：佩恩从零开始的异世界生活！！！【水门篇】,-夏秋冬-,综合,综合,27,416,1307145,1671,4107,85017,30861,25113,5363,1780740005,https://www.bilibili.com/video/BV1LR7D6JEV7,http://i1.hdslb.com/bfs/archive/7b1442110a7b65950b9bb9ed1c2c29908c642732.jpg
2026-06-08,2026-06-08 21:39:01,34,BV19N7y6bE1e,116698455803490,全体起立鼓掌！人类发现了治癌症的新药！🤯,蜗牛的科技笔记,软件应用,软件应用,230,115,1633178,1387,7357,150061,6265,25159,10563,1780677279,https://www.bilibili.com/video/BV19N7y6bE1e,http://i2.hdslb.com/bfs/archive/3b5f57bbd2f68b33097261f34d0cbb700b9439ce.jpg
2026-06-08,2026-06-08 21:39:01,35,BV1gsEw6zExs,116691040208641,你的高考/中考/期末考belike,哈基mer-猫meme,搞笑,娱乐,138,22,1032845,32423,2712,325884,34202,65728,5831,1780564012,https://www.bilibili.com/video/BV1gsEw6zExs,http://i2.hdslb.com/bfs/archive/4f76f8d127f1c6d5a990c89a161f10356e783cd4.jpg
2026-06-08,2026-06-08 21:39:01,36,BV17q7y6qEeG,116697767874225,当代牢大学生论文现状belike：,黑曼波语录,鬼畜调教,鬼畜,22,78,1784455,268,2111,137167,5052,93736,11230,1780716900,https://www.bilibili.com/video/BV17q7y6qEeG,http://i2.hdslb.com/bfs/archive/a42866374c2dd87fd5093121386c1dd1372e10a6.jpg
2026-06-08,2026-06-08 21:39:01,37,BV1WT7C6uEj8,116696878749194,猫 咪 的 花 语 是 老 吴🎵,幾加乘,同人·手书,动画,47,259,1814204,1785,3564,127601,19759,27096,12053,1780653131,https://www.bilibili.com/video/BV1WT7C6uEj8,http://i0.hdslb.com/bfs/archive/ad354ddb8c2e2bf697327dc182835b3d6014f4b1.jpg
2026-06-08,2026-06-08 21:39:01,38,BV1YVEn6fEmZ,116703304356999,那天真有其他人在场，但我没法证明。,何大爷课堂,人文历史,知识,228,123,2254777,409,3254,171824,4031,15662,1270,1780751375,https://www.bilibili.com/video/BV1YVEn6fEmZ,http://i1.hdslb.com/bfs/archive/36a36b65d7a5cdced8c027e2371074acb5dd204b.jpg
2026-06-08,2026-06-08 21:39:01,39,BV1VD726iE1t,116698791282580,《猴王出事》,伤心欲茄222,搞笑,娱乐,138,103,2651416,1285,3989,180693,7250,9493,6657,1780718400,https://www.bilibili.com/video/BV1VD726iE1t,http://i1.hdslb.com/bfs/archive/2fa41f4d1af95817e553d8fd8c6eeb7fc16a9d82.jpg
2026-06-08,2026-06-08 21:39:01,40,BV1wEEc6REms,116692097238799,城市大富翁（5）,雨哥到处跑,日常,生活,21,3846,1922740,41225,5315,159046,125697,42177,5311,1780628700,https://www.bilibili.com/video/BV1wEEc6REms,http://i1.hdslb.com/bfs/archive/8628e50dc2e56aec5815c8e3f665d304cfe23d80.jpg
2026-06-08,2026-06-08 21:39:01,41,BV1vEEP6HEFw,116692281789801,2025年出货量370万台！激光雷达真成“安全气囊”了？,保镖的车库,新能源车,新能源车,247,606,2251558,648,982,142907,3604,12481,500,1780653900,https://www.bilibili.com/video/BV1vEEP6HEFw,http://i1.hdslb.com/bfs/archive/76872e6b743f73527ee70c89a75c39214a868540.jpg
2026-06-08,2026-06-08 21:39:01,42,BV17z7y6KEVT,116697751096214,可爱的安魂曲~,徐大花xudahua,手工,生活,161,158,1841763,433,1616,120805,8069,17864,2945,1780718400,https://www.bilibili.com/video/BV17z7y6KEVT,http://i2.hdslb.com/bfs/archive/2fbc38542399965a708c159f85533b4f5065fe8c.jpg
2026-06-08,2026-06-08 21:39:01,43,BV1bV7k6LExn,116697264560365,再见！一系列！高考必胜！,一数,校园学习,知识,208,193,973450,30688,15678,90377,34690,18524,5900,1780659292,https://www.bilibili.com/video/BV1bV7k6LExn,http://i2.hdslb.com/bfs/archive/5df66240b2b71ca2bc6ce697e929657b1b1df5a4.jpg
2026-06-08,2026-06-08 21:39:01,44,BV1TR766zEvE,116695972714489,在沙漠里种了1800万棵树，然后呢？,影视飓风,娱乐粉丝创作,娱乐,242,756,3297274,11207,3100,165766,62604,27933,2946,1780650000,https://www.bilibili.com/video/BV1TR766zEvE,http://i1.hdslb.com/bfs/archive/af434541e40c0402ac850fc6783faa3ed5bfdda9.jpg
2026-06-08,2026-06-08 21:39:01,45,BV1bd7k62Epb,116696794863371,LV6有啥用?一个视频看懂LV6所有特权功能,威尔斯耍流氓,搞笑,娱乐,138,193,786931,11402,20175,71150,43088,10250,4629,1780652357,https://www.bilibili.com/video/BV1bd7k62Epb,http://i1.hdslb.com/bfs/archive/96eeed5029dce27d3f6ea0160d4ade58d6afb34e.jpg
2026-06-08,2026-06-08 21:39:01,46,BV19ZEF6MEBV,116690117464228,人在干坏事的时候是不怕苦不怕累的,我是易拉爆,日常,生活,21,309,2218337,1535,4315,212653,16468,32386,16312,1780550100,https://www.bilibili.com/video/BV19ZEF6MEBV,http://i2.hdslb.com/bfs/archive/5a3e59dd5183e87d69b1ad3224466b821bf05e23.jpg
2026-06-08,2026-06-08 21:39:01,47,BV1Jj7C6AEPq,116696845193451,是我还不够好,怎么转身又是,MMD·3D,动画,25,67,2177976,5717,8063,207196,11882,54172,33126,1780652794,https://www.bilibili.com/video/BV1Jj7C6AEPq,http://i0.hdslb.com/bfs/archive/c261bcb22b8b34b31c0d9cb2e04b0a49a318b123.jpg
2026-06-08,2026-06-08 21:39:01,48,BV1tV7k6LEyH,116697264556028,你或许不认识我 但我唱的歌你或许？？听过？,喵☆酱,翻唱,音乐,31,443,648279,6246,2868,129581,8813,20128,1387,1780659262,https://www.bilibili.com/video/BV1tV7k6LEyH,http://i1.hdslb.com/bfs/archive/f27fa302b117dedb6f353c75770d440ca8982c33.jpg
2026-06-08,2026-06-08 21:39:01,49,BV1Xa7m6qEm7,116700217347938,意识深渊：我真的存在吗？,大圆镜科普,科学科普,知识,201,484,1001027,1416,2291,92058,3456,17758,1638,1780704207,https://www.bilibili.com/video/BV1Xa7m6qEm7,http://i1.hdslb.com/bfs/archive/2d760490c4cfbae1c3b9168320f075ace66ad15a.jpg
2026-06-08,2026-06-08 21:39:01,50,BV19v7S65ESU,116701022849204,我给爱车打造了一套废土战甲,手工耿,手工,生活,161,829,1751964,8335,2352,114326,19311,9607,4596,1780799533,https://www.bilibili.com/video/BV19v7S65ESU,http://i2.hdslb.com/bfs/archive/b1cf38027520b335d07b96dd1246fcde8d20a730.jpg
2026-06-08,2026-06-08 21:39:01,51,BV15d7D6UE4i,116702549379788,世界杯期间不抓移民？那这世界杯不是白办了吗,麻薯波比呀,社科·法律·心理,知识,124,995,1970972,7724,3935,100115,14407,11948,2810,1780740025,https://www.bilibili.com/video/BV15d7D6UE4i,http://i2.hdslb.com/bfs/archive/91940674117acf43b95f7a6e2e7ab686470cc3ea.jpg
2026-06-08,2026-06-08 21:39:01,52,BV1xZ7k6LESp,116696778084201,“哎呀 我们的主角倒下啦～”,西门小昭,综合,综合,27,30,849770,138,1245,161397,11865,64892,3028,1780655400,https://www.bilibili.com/video/BV1xZ7k6LESp,http://i2.hdslb.com/bfs/archive/2c5c6c548ed488771077293e2f7bfcfb435e4744.jpg
2026-06-08,2026-06-08 21:39:01,53,BV1g8Es6vEKZ,116706609598663,《鸣潮》× 《赛博朋克：边缘行者》 联动PV | 暗巷怪谈,鸣潮,手机游戏,游戏,172,598,2432762,1995,9874,67489,23531,11674,12042,1780804800,https://www.bilibili.com/video/BV1g8Es6vEKZ,http://i2.hdslb.com/bfs/archive/e73c3fc833ee1693dcf748e29538070e01b8fd40.jpg
2026-06-08,2026-06-08 21:39:01,54,BV1jz7k6tEkL,116696979347018,教程来啦兄弟们 拍起来,是柳宗元,电子竞技,游戏,171,46,2405318,203,958,183750,3160,27950,1494,1780654702,https://www.bilibili.com/video/BV1jz7k6tEkL,http://i0.hdslb.com/bfs/archive/becaa38ea9e7437bed18411340db6d5da7f4cd54.jpg
2026-06-08,2026-06-08 21:39:01,55,BV1yk7X6KEz4,116686023891513,2高中生屠杀同学，造成13人死亡后自杀，开启美国校园枪击案先河：科伦拜恩枪击案,捕月说,人文历史,知识,228,733,2734749,1141,1034,90044,1289,12775,640,1780654200,https://www.bilibili.com/video/BV1yk7X6KEz4,http://i2.hdslb.com/bfs/archive/b52e8d555de710438989ea0831c1fa8211fbe67d.jpg
2026-06-08,2026-06-08 21:39:01,56,BV1TK7S6PESt,116701341420908,日菲台岛东部“划界”，我们和两国防长现场对线！,玉渊谭天,科学科普,知识,201,466,794596,5662,4834,86590,28233,9758,2265,1780729200,https://www.bilibili.com/video/BV1TK7S6PESt,http://i0.hdslb.com/bfs/archive/4f11eda2d2c34ea69bc20938c15ebcc0e4b3affc.jpg
2026-06-08,2026-06-08 21:39:01,57,BV1kv7262EyU,116698623578210,公司给粉丝安排了30万的水上宫殿...,飓多多StormCrew,日常,生活,21,852,1807894,3802,2599,90497,20814,17876,2134,1780714800,https://www.bilibili.com/video/BV1kv7262EyU,http://i2.hdslb.com/bfs/archive/a59944bd6ce91c0bbc28d8c8b560e8b73c31e976.jpg
2026-06-08,2026-06-08 21:39:01,58,BV1pDV86oE6S,116657217344637,热烈欢迎薛凯琪！工作之余，Fiona会带哪些让自己感到快乐的东西呢～（录完这期脑海里都是Fifi的笑声,papi酱,短片,动画,256,2017,1485116,11933,5056,145673,56964,18129,8142,1780632000,https://www.bilibili.com/video/BV1pDV86oE6S,http://i2.hdslb.com/bfs/archive/032f4048d6f94c465fc10972289999cf79f2572f.jpg
2026-06-08,2026-06-08 21:39:01,59,BV13HEw6rEhc,116691140873202,接龙游戏开发，但都绷住了,M木糖M,单机游戏,游戏,17,933,1980689,1755,1210,94064,13526,17660,1651,1780630200,https://www.bilibili.com/video/BV13HEw6rEhc,http://i2.hdslb.com/bfs/archive/1083ae38f0917802668505e94ed2fe06226cc58b.jpg
2026-06-08,2026-06-08 21:39:01,60,BV1kCVU65ERM,116669112386149,初中生斗胆跳一段jam,特崮斯,篮球,运动,235,45,6916217,11677,19427,1311945,215924,139157,20799,1780229707,https://www.bilibili.com/video/BV1kCVU65ERM,http://i1.hdslb.com/bfs/archive/5871a66dc8e356ff71da4a6d99d5922b4a6a3fce.jpg
2026-06-08,2026-06-08 21:39:01,61,BV17GEP6xEDW,116692348832614,新三国up锐评楚汉传奇01：是不是我打开的方式不太对？,吃蛋挞的折棒,影视杂谈,影视,182,1348,1673416,20786,12038,140394,133943,29346,10804,1780624800,https://www.bilibili.com/video/BV17GEP6xEDW,http://i2.hdslb.com/bfs/archive/4e5cd47c8551d2b66643e2800041b7ec2d3bf729.jpg
2026-06-08,2026-06-08 21:39:01,62,BV1Bm7U6jEDZ,116701542815709,《爱，你》,是许木木啊,日常,生活,21,1043,980031,5703,4430,99436,12494,24224,1728,1780738200,https://www.bilibili.com/video/BV1Bm7U6jEDZ,http://i0.hdslb.com/bfs/archive/fd7de4f643c70f1117b5d4f7ef9d1878ffc094bd.jpg
2026-06-08,2026-06-08 21:39:01,63,BV1Zj7C6wEJY,116696845125445,织棉为布，非遗土布。用千年蓝染，重现极致的东方浪漫,花木紫Huamuz,手工,生活,161,401,1258525,1797,2683,102319,9622,10361,780,1780652882,https://www.bilibili.com/video/BV1Zj7C6wEJY,http://i0.hdslb.com/bfs/archive/753a39454d2f1455af84effb021941e20ad4c2c7.jpg
2026-06-08,2026-06-08 21:39:01,64,BV1YV7U6zEps,116699697254319,小登VS老登,灼眼的SABER哒,同人·手书,动画,47,63,1069063,531,2715,134578,12080,46085,10955,1780718400,https://www.bilibili.com/video/BV1YV7U6zEps,http://i0.hdslb.com/bfs/archive/dce2758cd8546e893008888b88f215364194d4a7.jpg
2026-06-08,2026-06-08 21:39:01,65,BV1787S6mEV8,116701073053928,这里藏着一群“伪人”,摸鱼佬临风,鬼畜剧场,鬼畜剧场,216,354,444702,450,877,85065,6092,27908,1178,1780717427,https://www.bilibili.com/video/BV1787S6mEV8,http://i2.hdslb.com/bfs/archive/d2a4fc8b8017160bc03e17f14d6fbedd690059c1.jpg
2026-06-08,2026-06-08 21:39:01,66,BV15z766SE1A,116696341812776,假如高考什么都可以带,小安苒AIGC,校园学习,知识,208,177,2432126,3026,2704,103485,2451,8237,1972,1780646400,https://www.bilibili.com/video/BV15z766SE1A,http://i2.hdslb.com/bfs/archive/ed743a6a86446310a9957bce92faa671a082a6d8.jpg
2026-06-08,2026-06-08 21:39:01,67,BV1KG7S6FECF,116701274313735,小孩只是请男人吃了一块羊肉，男人转手就掏出一个900克的大金轮,懂一点人情世故,影视剪辑,影视,183,425,1790185,1187,1117,91260,1242,9547,463,1780720244,https://www.bilibili.com/video/BV1KG7S6FECF,http://i2.hdslb.com/bfs/archive/7635c90a615f292f19e67c7de1d91e5c8a697033.jpg
2026-06-08,2026-06-08 21:39:01,68,BV1EwEF62EhA,116690721443492,当校长挑选教室地板时,Cheems电玩屋,日常,生活,21,18,5442380,877,5346,220112,1373,8377,566,1780559484,https://www.bilibili.com/video/BV1EwEF62EhA,http://i0.hdslb.com/bfs/archive/8916553504d48aec3ba5ad2bdfeec5fcf7eefc1c.jpg
2026-06-08,2026-06-08 21:39:01,69,BV13c7S6qE5a,116701324648092,大哥豪刷10个爱神之箭！头开8个苹果全程揪心，接连翻车差点心态崩盘！,语格yoga,舞蹈综合,舞蹈综合,154,271,1581451,2137,3633,88535,10257,6475,2754,1780721492,https://www.bilibili.com/video/BV13c7S6qE5a,http://i1.hdslb.com/bfs/archive/e2af963c319aa3c1083f65f39306936b272010b5.jpg
2026-06-08,2026-06-08 21:39:01,70,BV1q1Vy64EqA,116682450274928,给朋友做的一本翻翻乐,花颜和鸣,日常,生活,21,70,867791,1168,3065,191664,17243,30339,1278,1780589700,https://www.bilibili.com/video/BV1q1Vy64EqA,http://i0.hdslb.com/bfs/archive/b6ed86d5a0591cf027f6b65a4770f1c9656617d7.jpg
2026-06-08,2026-06-08 21:39:01,71,BV15W7C6tEyc,116696425766532,送你一片夕阳！,困雀雀,仿妆cos,时尚,252,36,610966,163,2450,177434,9659,32429,2815,1780646468,https://www.bilibili.com/video/BV15W7C6tEyc,http://i2.hdslb.com/bfs/archive/86973af2078693bfe5fc81d4dae783648e7fb904.jpg
2026-06-08,2026-06-08 21:39:01,72,BV1n17D6xEX2,116702331278408,这就是7JIA最强之人,杨齐家_,单机游戏,游戏,17,1221,2509246,5365,2449,114850,10091,17907,945,1780736508,https://www.bilibili.com/video/BV1n17D6xEX2,http://i1.hdslb.com/bfs/archive/63922fa2e9e8a18b95b8175a3bea61b0779794d1.jpg
2026-06-08,2026-06-08 21:39:01,73,BV1Vz766DE6S,116696342006745,“从来就没有什么意外 ”,DKM莫天行,GMV,GMV,121,142,1099702,257,1829,121187,20683,43230,1139,1780653600,https://www.bilibili.com/video/BV1Vz766DE6S,http://i1.hdslb.com/bfs/archive/ebae2236febce20da402b0789a87254a40b4e8b8.jpg
2026-06-08,2026-06-08 21:39:01,74,BV13PEx63EJ3,116706575912358,这样的幸运，你想拥有吗！？🥳 #挑战# #野兽先生# #MrBeast# #vlog# #整活#,MrBeast官方账号,日常,生活,21,36,2707078,387,2162,177249,4650,9398,618,1780801241,https://www.bilibili.com/video/BV13PEx63EJ3,http://i1.hdslb.com/bfs/archive/060ed908afe9f422de1f1a505ade5b1e4ca3d8ae.jpg
2026-06-08,2026-06-08 21:39:01,75,BV11cEK6rELU,116712364116494,地牢酒馆-13集 《碎骨大帐篷》,粘土工厂,单机游戏,游戏,17,257,651480,987,2213,99826,17134,11861,1397,1780891200,https://www.bilibili.com/video/BV11cEK6rELU,http://i1.hdslb.com/bfs/archive/436f2a6d53b97fddf0f85b258c997b4f911e2a32.jpg
2026-06-08,2026-06-08 21:39:01,76,BV1Vq7m6NEN8,116700368408896,【时代少年团】系列纪录片《光辉岁月》——“回南天”,时代少年团,明星综合,明星综合,137,13990,1413421,39449,3566,47256,13591,16607,1916,1780718400,https://www.bilibili.com/video/BV1Vq7m6NEN8,http://i2.hdslb.com/bfs/archive/bc281db3fee5c37911a273d2435afe8e9047405f.jpg
2026-06-08,2026-06-08 21:39:01,77,BV1uX7k6UEPn,116696761239539,把硬装的喊过来！,脱缰凯Kk,小剧场,娱乐,85,219,1427170,1699,1769,103090,3575,10700,727,1780651876,https://www.bilibili.com/video/BV1uX7k6UEPn,http://i1.hdslb.com/bfs/archive/1a5306b127f7814fe75bc726966f0f675fcb7e33.jpg
2026-06-08,2026-06-08 21:39:01,78,BV1wPEs6pEMm,116706894749229,孤岛小夫 第二集,派之新,同人·手书,动画,47,503,1316399,715,1127,70582,4365,12192,2182,1780807094,https://www.bilibili.com/video/BV1wPEs6pEMm,http://i1.hdslb.com/bfs/archive/f16994491642562a05defddee6f04d3d2f428f15.jpg
2026-06-08,2026-06-08 21:39:01,79,BV1HL7m6JECt,116700670395936,霸总腌入味，王鹤棣太让人笑幻了……【不舒服学】逐帧分析,一只吐槽圆,娱乐杂谈,娱乐杂谈,241,1774,1541300,21399,4600,68939,26969,12073,13560,1780711190,https://www.bilibili.com/video/BV1HL7m6JECt,http://i0.hdslb.com/bfs/archive/cfe030cb9db76b0cad1dc763db5d7299bfd51ab9.jpg
2026-06-08,2026-06-08 21:39:01,80,BV1w6EF6QEjZ,116690033778619,不看后悔！史上最神人店家！,转生成为毛毛,美食侦探,美食,212,186,3660076,4181,9587,186521,5557,31428,15804,1780563600,https://www.bilibili.com/video/BV1w6EF6QEjZ,http://i1.hdslb.com/bfs/archive/07cb98d8f59285212c90c7646739a87803bf06c0.jpg
2026-06-08,2026-06-08 21:39:01,81,BV1s47y65E4g,116698153752165,那年你写下了什么？复盘1977—2025年高考作文题【大国之治·高考作文题】,大象放映室,财经商业,知识,207,2306,1258529,2594,4850,34928,12061,27171,7697,1780801200,https://www.bilibili.com/video/BV1s47y65E4g,http://i1.hdslb.com/bfs/archive/e403ab5119fb220e6ae7654b859643b16dec3709.jpg
2026-06-08,2026-06-08 21:39:01,82,BV1W6VZ6MEbd,116674313328609,🍄欠揍气球🍄,纸片马力欧,日常,生活,21,40,4904729,7578,11299,554218,45043,295401,83257,1780309043,https://www.bilibili.com/video/BV1W6VZ6MEbd,http://i0.hdslb.com/bfs/archive/3d18bae01c4fc365d9e7e0ede5efb926e32115ad.jpg
2026-06-08,2026-06-08 21:39:01,83,BV1D97y6dERH,116697919004560,拿人罐罐，替人消灾,布丁仔和泡芙妹的一天,喵星人,喵星人,218,23,2734336,506,3044,152942,492,6274,841,1780669119,https://www.bilibili.com/video/BV1D97y6dERH,http://i2.hdslb.com/bfs/archive/fc9d115669e9ba8a3d141ba74d6e7da1e5f327c9.jpg
2026-06-08,2026-06-08 21:39:01,84,BV1di7Q6nEu4,116701777627095,兄弟们！今天带良子水上训练，你们觉得良子能坚持多久？,健身华哥,运动综合,运动,238,217,1656063,916,10646,82774,2042,3293,3334,1780728153,https://www.bilibili.com/video/BV1di7Q6nEu4,http://i1.hdslb.com/bfs/archive/48f8a7c3b0af6baea81d423375f3ea0e18e4a44d.jpg
2026-06-08,2026-06-08 21:39:01,85,BV19J7r6HESb,116695704274527,【抱佛脚】高考语文！选择题？最后一课！,学过石油的语文老师,校园学习,知识,208,1200,889061,37049,11398,42077,17176,20246,4094,1780660800,https://www.bilibili.com/video/BV19J7r6HESb,http://i0.hdslb.com/bfs/archive/f8d05a7621ff85694f1ddb7ac6c3c775b0e01965.jpg
2026-06-08,2026-06-08 21:39:01,86,BV1fV7C6PEC3,116696811571160,当我出提纳里时收到了植物学博士录取通知,乔落落啊,仿妆cos,时尚,252,27,819593,3780,2760,194605,5025,5710,613,1780652265,https://www.bilibili.com/video/BV1fV7C6PEC3,http://i1.hdslb.com/bfs/archive/a6bca5345beae937c7e2979d6d22be6cbdaa9f2e.jpg
2026-06-08,2026-06-08 21:39:01,87,BV1747S6SExf,116701039495420,师傅：成功挑战人类！,猪大肠and方一蛋,喵星人,喵星人,218,44,1875213,963,2249,161930,4469,6037,3862,1780717504,https://www.bilibili.com/video/BV1747S6SExf,http://i2.hdslb.com/bfs/archive/3449f80a251dbb861606222cd047b34839e4e173.jpg
2026-06-08,2026-06-08 21:39:01,88,BV1x77Q6eE7o,116702247457814,《绝区零》3.0版本PV | 某个梦游者的自白,绝区零,手机游戏,游戏,172,2575,866677,3998,5449,56014,15625,10109,2613,1780749000,https://www.bilibili.com/video/BV1x77Q6eE7o,http://i2.hdslb.com/bfs/archive/87c8066e1d2dab7418e493b02cf3efa0e0b9a4b7.jpg
2026-06-08,2026-06-08 21:39:01,89,BV1FV7C6KESW,116696811773804,好惨一国家，盛产倒霉总统【东非02丨马拉维】,小王Albert,人文历史,知识,228,1494,1153431,2511,1218,64831,11810,9105,618,1780707600,https://www.bilibili.com/video/BV1FV7C6KESW,http://i2.hdslb.com/bfs/archive/2e15f92493ab2c9e39e067e70d1399dcd094f406.jpg
2026-06-08,2026-06-08 21:39:01,90,BV1zDE46ZEzL,116707213512648,虎哥摩根时代只有自己用的是真的,虎哥二次元教父,鬼畜调教,鬼畜,22,16,1891361,130,1295,165421,1236,6897,729,1780811019,https://www.bilibili.com/video/BV1zDE46ZEzL,http://i2.hdslb.com/bfs/archive/167cc262dd29aa3be2b9730c13c4ce9733856d97.jpg
2026-06-08,2026-06-08 21:39:01,91,BV1Lt7m63EdD,116700267742890,你脑中出现两个声音…,四夕小田木_,小剧场,娱乐,85,38,941084,188,1484,156133,5688,10649,1061,1780705023,https://www.bilibili.com/video/BV1Lt7m63EdD,http://i0.hdslb.com/bfs/archive/7a454bc24acdaf53f3719c390fd9ec4c58605c0c.jpg
2026-06-08,2026-06-08 21:39:01,92,BV1JAEw69EUS,116691342200777,生完宝宝之后我再也不敢得罪我老公了，因为……,笑哥走丢了a,亲子,生活,254,89,2675654,991,8122,195882,3921,10330,2374,1780568869,https://www.bilibili.com/video/BV1JAEw69EUS,http://i2.hdslb.com/bfs/archive/2496ecbfca22198efdffe5b1855ea840b90edb2a.jpg
2026-06-08,2026-06-08 21:39:01,93,BV1Qt7X61Enn,116686241993999,百万英镑，但素质过低,青时晚,影视剪辑,影视,183,174,2801124,2253,2977,160643,13826,41741,16705,1780490956,https://www.bilibili.com/video/BV1Qt7X61Enn,http://i0.hdslb.com/bfs/archive/1573985b4950f4d1001b3a21a50adab722b0a0f1.jpg
2026-06-08,2026-06-08 21:39:01,94,BV1U87D6iEK2,116702834662934,老吴大师,皮欧皮皮,喵星人,喵星人,218,116,938211,1163,2470,103938,1681,11004,8579,1780744103,https://www.bilibili.com/video/BV1U87D6iEK2,http://i0.hdslb.com/bfs/archive/d0b24d7ecbe3b7c2fbd943beec85bee6128300d7.jpg
2026-06-08,2026-06-08 21:39:01,95,BV1cs7Q6fEQX,116702230616264,双绝之战,ioeop,网络游戏,游戏,65,35,1833016,122,1248,129185,1480,15762,6655,1780734931,https://www.bilibili.com/video/BV1cs7Q6fEQX,http://i1.hdslb.com/bfs/archive/1026961aa82bcc307e2feec6322493bb3d5b1190.jpg
2026-06-08,2026-06-08 21:39:01,96,BV1Xh7168ESr,116699395266567,一期视频教会你公式化手炮开局炸一队,麒麟--三角洲行动,网络游戏,游戏,65,53,1432645,87,993,85783,1532,48701,7507,1780729200,https://www.bilibili.com/video/BV1Xh7168ESr,http://i1.hdslb.com/bfs/archive/40350b382e3bd6f3e06fd0adf770a6010bb346b2.jpg
2026-06-08,2026-06-08 21:39:01,97,BV1GiEg6PE3v,116713588787899,《明日方舟》EP - 夏日远去之后,明日方舟,手机游戏,游戏,172,256,321123,4350,6926,57191,26819,17021,15613,1780909200,https://www.bilibili.com/video/BV1GiEg6PE3v,http://i1.hdslb.com/bfs/archive/a5c5345866b686d7c435dfd3080cd1d16d129659.jpg
2026-06-08,2026-06-08 21:39:01,98,BV1p47k6iE77,116697381999776,这种细菌曾毁灭世界，如今依旧执掌你的生杀大权,芳斯塔芙,科学科普,知识,201,1342,702073,4354,1588,57719,12068,15618,1310,1780663629,https://www.bilibili.com/video/BV1p47k6iE77,http://i2.hdslb.com/bfs/archive/997a49bbb2e507dbfcf8911ecfadb72291f47a22.jpg
2026-06-08,2026-06-08 21:39:01,99,BV1fd7C6vEA8,116698489357988,开局仅有一格云平台？传奇极限空岛生存！,陶艺猫,单机游戏,游戏,17,951,718003,1091,955,57066,25490,10677,1491,1780711500,https://www.bilibili.com/video/BV1fd7C6vEA8,http://i0.hdslb.com/bfs/archive/fe29c19a4bfe19e414b572cc9869ab6a64e80601.jpg
2026-06-08,2026-06-08 21:39:01,100,BV1ksEA6tEHn,116692801819881,挑战从上海走回深圳！1357公里我能成功吗?,拉宏桑,日常,生活,21,610,1303792,4638,2870,85621,9542,5584,2718,1780651200,https://www.bilibili.com/video/BV1ksEA6tEHn,http://i1.hdslb.com/bfs/archive/1a330af59312e3157e5eddc870a27205d9dfb031.jpg
2026-06-08,2026-06-08 22:52:38,1,BV15C7k6REKC,116697197451293,公测定档7月 | 《遗忘之海》船员集结摇滚MV「燥」,遗忘之海,GMV,GMV,121,205,7470844,1511,2699,132970,86359,84586,4973,1780711200,https://www.bilibili.com/video/BV15C7k6REKC,http://i0.hdslb.com/bfs/archive/bef8db958217ad42ed011f4bf5d5d6c1cf3a4bad.jpg
2026-06-08,2026-06-08 22:52:38,2,BV1Uj7k6VEPU,116697432395968,信 |《归唐》19分钟完整实机演示,归唐,单机游戏,游戏,17,1167,9971111,23773,33650,153667,47200,30831,61491,1780791300,https://www.bilibili.com/video/BV1Uj7k6VEPU,http://i1.hdslb.com/bfs/archive/73972f02b3d2a52c97a1ec81e53403fef6160006.jpg
2026-06-08,2026-06-08 22:52:38,3,BV1WY7U6dEJ5,116699814693875,【微电影】人类文明的最后一届高考,最后讲述者,鬼畜剧场,鬼畜剧场,216,263,2282757,3142,6386,184866,23334,43498,10554,1780709400,https://www.bilibili.com/video/BV1WY7U6dEJ5,http://i2.hdslb.com/bfs/archive/40a717d48c3dbeb9559b00a07a88af6cfd5181fb.jpg
2026-06-08,2026-06-08 22:52:38,4,BV1cu7r6FEPd,116696023045705,英国，沦为印度殖民地,平原公子,日常,生活,21,463,3613447,14926,10279,233608,11110,25755,23995,1780640137,https://www.bilibili.com/video/BV1cu7r6FEPd,http://i1.hdslb.com/bfs/archive/95ba7fb80bc2a46fc2c8f7ff69a08c57c40ef914.jpg
2026-06-08,2026-06-08 22:52:38,5,BV1TnEt6MEHn,116709042165737,《原神》角色预告-「洛恩：『杰作』」,原神,手机游戏,游戏,172,729,1365799,8238,9095,175652,59910,39080,25823,1780891200,https://www.bilibili.com/video/BV1TnEt6MEHn,http://i1.hdslb.com/bfs/archive/338dd06fe0b8324ca26ec3f146f610f500448221.jpg
2026-06-08,2026-06-08 22:52:38,6,BV1xkE46PE59,116707649656463,参加了九次高考的考生采访,自来卷三木,日常,生活,21,99,4435649,4124,4175,298183,7951,20788,8690,1780817665,https://www.bilibili.com/video/BV1xkE46PE59,http://i1.hdslb.com/bfs/archive/2c51e17d5ab278033691d055015af26638867e5b.jpg
2026-06-08,2026-06-08 22:52:38,7,BV1T9Vm6UE2N,116684681647760,《古剑》3分钟战斗实机 | 线下试玩招募开启,古剑,单机游戏,游戏,17,168,5504578,3663,10658,104520,64217,46243,24109,1780698215,https://www.bilibili.com/video/BV1T9Vm6UE2N,http://i0.hdslb.com/bfs/archive/d18a0e2a80905c1a2bfe0d000c3ca47aa1548899.jpg
2026-06-08,2026-06-08 22:52:38,8,BV1CQ7o61ERo,116689798764442,人，握爪后就不要放开咯！——《伊莫》握爪测试招募开启,伊莫,手机游戏,游戏,172,119,5256303,780,4539,168662,41769,128328,82795,1780797600,https://www.bilibili.com/video/BV1CQ7o61ERo,http://i0.hdslb.com/bfs/archive/06bcb84e42974283a3ade3bf6fbee2302b4b4d96.jpg
2026-06-08,2026-06-08 22:52:38,9,BV15v7S65EWD,116701022717876,挑战给历史故事打tag（标签）,混饭达人,娱乐杂谈,娱乐杂谈,241,77,3562005,3683,2789,288463,7267,34382,18210,1780716510,https://www.bilibili.com/video/BV15v7S65EWD,http://i2.hdslb.com/bfs/archive/1845b193e356ee0f6b686419e20cc96fe1678367.jpg
2026-06-08,2026-06-08 22:52:38,10,BV1rg7C6TEUm,116696912369911,一句“一氧化二氢”能钓出多少“读稿机”？,中国食品报融媒体,科学科普,知识,201,291,5083736,7012,23328,215724,17247,26261,17962,1780653928,https://www.bilibili.com/video/BV1rg7C6TEUm,http://i1.hdslb.com/bfs/archive/1081ed32a36e81bee443915a997ed5f2bd56badd.jpg
2026-06-08,2026-06-08 22:52:38,11,BV16w7D6RERW,116700921988742,007看后:追逐战？,MEspace天植,绘画,绘画,162,49,2845657,286,1198,279725,27375,48898,2537,1780714922,https://www.bilibili.com/video/BV16w7D6RERW,http://i2.hdslb.com/bfs/archive/f35dab38094910739815ae6424bcceee9316f8f7.jpg
2026-06-08,2026-06-08 22:52:38,12,BV1xU7f6xEjt,116690939546284,CF单机叙事续作——《穿越火线：潜伏》实机首曝,穿越火线潜伏,单机游戏,游戏,17,308,6475368,1959,6549,132027,7594,27168,15522,1780696800,https://www.bilibili.com/video/BV1xU7f6xEjt,http://i0.hdslb.com/bfs/archive/140a4abb0c80a2aa1e7cb7126c978567b667ed12.jpg
2026-06-08,2026-06-08 22:52:38,13,BV1xR7S6hEkB,116700804683368,菲比：就你们寝室最吵！！,Lm海洋,音乐综合,音乐,130,262,1298937,782,4196,99928,72039,45020,15707,1780713190,https://www.bilibili.com/video/BV1xR7S6hEkB,http://i1.hdslb.com/bfs/archive/348cd3608f962369b093721ee90e2515a127a833.jpg
2026-06-08,2026-06-08 22:52:38,14,BV1ZvEt6oEWR,116709209935672,锐评2026年数学高考，我雷霆大怒,聊城市茬平区第一中学,日常,生活,21,739,2577654,4712,20955,107652,18120,25413,19580,1780841328,https://www.bilibili.com/video/BV1ZvEt6oEWR,http://i0.hdslb.com/bfs/archive/6d19a0c156e6b82f71035cacec0f450bd19fb6c6.jpg
2026-06-08,2026-06-08 22:52:38,15,BV1wE7m67EAF,116700569671653,“我在成华大道「拼接遗憾」”,Dieorite,人力VOCALOID,人力VOCALOID,126,116,741194,3331,1764,164627,36088,47285,3078,1780709690,https://www.bilibili.com/video/BV1wE7m67EAF,http://i1.hdslb.com/bfs/archive/b7a88bfce9322211ddb670d69d549967dba6591e.jpg
2026-06-08,2026-06-08 22:52:38,16,BV1PP7C63E2J,116696710912022,《师》我回母校当老师,阿廖沙别害怕_,搞笑,娱乐,138,296,2210706,560,1206,197696,5511,15734,711,1780650587,https://www.bilibili.com/video/BV1PP7C63E2J,http://i0.hdslb.com/bfs/archive/b04455fde128b88ff0a92e264778512242510bc9.jpg
2026-06-08,2026-06-08 22:52:38,17,BV1vR7D6JEEm,116702566223209,全球吃席！自驾巴尔干婚礼，吃欧洲乡村大席,食贫道,日常,生活,21,3274,1513359,9110,1868,135969,49954,17578,3675,1780741089,https://www.bilibili.com/video/BV1vR7D6JEEm,http://i2.hdslb.com/bfs/archive/b23120503d27e3049c25e887901c19df17a98fe1.jpg
2026-06-08,2026-06-08 22:52:38,18,BV1ZREP6dEcU,116693758117714,扫落叶全清洁100%速通39分03秒leaf it alone,闲云豹,单机游戏,游戏,17,2367,1735708,1836,2545,146209,15446,32823,6189,1780605809,https://www.bilibili.com/video/BV1ZREP6dEcU,http://i1.hdslb.com/bfs/archive/310db23466f62e9399f25f92c8d2b0af953476d6.jpg
2026-06-08,2026-06-08 22:52:38,19,BV1pW7Q68Emz,116702180348281,这期谁能绷住,呱唧菌,搞笑,娱乐,138,339,2565548,2186,1661,181419,10347,51090,2348,1780741800,https://www.bilibili.com/video/BV1pW7Q68Emz,http://i2.hdslb.com/bfs/archive/5ae6e1d11721490eb4a17034e97a4c36afdca5f0.jpg
2026-06-08,2026-06-08 22:52:38,20,BV1dY7Q6pEQZ,116701878291791,千里奔赴只为弥补40年前的遗憾,赛亚人阿廖,出行,生活,250,246,1311139,2464,1903,148480,38529,16639,525,1780729530,https://www.bilibili.com/video/BV1dY7Q6pEQZ,http://i0.hdslb.com/bfs/archive/5f9f719eb1fb6326b0a2eabe298cd1484afab3e6.jpg
2026-06-08,2026-06-08 22:52:38,21,BV1uX7k6UENx,116696761239484,巨构：没有告别,巨构ai,网络游戏,游戏,65,19,3179640,6531,8034,501018,26924,169354,7944,1780651506,https://www.bilibili.com/video/BV1uX7k6UENx,http://i0.hdslb.com/bfs/archive/1422e60b2923b373953bd4ce6433b6f0e91f9501.jpg
2026-06-08,2026-06-08 22:52:38,22,BV1s7V46XEix,116655590017716,评论区摄影大赛之火遍全网的佳作篇，本期有锐评系列也有破败与新生佳作，欢迎投稿好的作品会让更多人看到。,摄影恩哥,日常,生活,21,124,5471056,1969,11094,341147,2868,26439,1105,1780738200,https://www.bilibili.com/video/BV1s7V46XEix,http://i1.hdslb.com/bfs/archive/58aada2ca9cd83b3f4d86b331759b2c832c8bcb4.jpg
2026-06-08,2026-06-08 22:52:38,23,BV168796PEv1,116685839403735,如此仙音唯有挠臭,lulu和露爸,喵星人,喵星人,218,26,5358246,19975,6498,668033,20248,129988,28747,1780484850,https://www.bilibili.com/video/BV168796PEv1,http://i1.hdslb.com/bfs/archive/87f3ce4876a2e50e34a2c1b24dfe10ae34700a55.jpg
2026-06-08,2026-06-08 22:52:38,24,BV1hG7y69Ej2,116698036313694,史上最骚特工(第二集),老番茄,单机游戏,游戏,17,842,2613601,3459,1857,150132,49016,42938,2576,1780716600,https://www.bilibili.com/video/BV1hG7y69Ej2,http://i2.hdslb.com/bfs/archive/c4778bfde8d395e0f91e2f746393736302e8205c.jpg
2026-06-08,2026-06-08 22:52:38,25,BV1dq7Q6SEbX,116701827961912,最不吃压力之熊,传奇飞行员_太日阳莽,鬼畜剧场,鬼畜剧场,216,91,2290586,803,3306,179860,3605,40914,6003,1780728644,https://www.bilibili.com/video/BV1dq7Q6SEbX,http://i2.hdslb.com/bfs/archive/cdfe2d04e5d60dbd700833f920d17d40cebc2d39.jpg
2026-06-08,2026-06-08 22:52:38,26,BV1um7665EpW,116696325033820,讷,水生植物人owo,日常,生活,21,16,1557310,1276,8563,224504,6307,58606,21174,1780644714,https://www.bilibili.com/video/BV1um7665EpW,http://i2.hdslb.com/bfs/archive/ce971f171b1f22d061819b3fea882f5d4af2a608.jpg
2026-06-08,2026-06-08 22:52:38,27,BV1df7r6REpB,116695469463690,如何在家制造浓汤宝,嘤武罗,日常,生活,21,501,5080243,3777,3520,198017,50064,48732,3055,1780650000,https://www.bilibili.com/video/BV1df7r6REpB,http://i2.hdslb.com/bfs/archive/94c85d2ebad9002fcbad0c7ef2f3c8a3f1ec6768.jpg
2026-06-08,2026-06-08 22:52:38,28,BV1uXEA6gEMu,116692567070822,“别着急，我来给你补充「偶！像！能！量！」”,小耗owo,手机游戏,游戏,172,80,1286701,1010,2734,252678,18208,58160,11836,1780624800,https://www.bilibili.com/video/BV1uXEA6gEMu,http://i1.hdslb.com/bfs/archive/64822f49e99e9fb8b41ba5e0f9e06f48d4b76446.jpg
2026-06-08,2026-06-08 22:52:38,29,BV1UV7k6LEUG,116697264627213,航天会刷典狱长？！【三角洲动画】,手折余弦丶,电子竞技,游戏,171,300,1434204,1532,1926,118101,13980,31777,3712,1780659017,https://www.bilibili.com/video/BV1UV7k6LEUG,http://i0.hdslb.com/bfs/archive/eb575db6391346950b2623259e6c0c6469239e03.jpg
2026-06-08,2026-06-08 22:52:38,30,BV1Ja7k6AE1b,116697063235411,我又给花朵加了个开关！,是玉木呀,设计·创意,设计·创意,229,104,1115197,589,935,180622,21337,36864,3775,1780656042,https://www.bilibili.com/video/BV1Ja7k6AE1b,http://i0.hdslb.com/bfs/archive/c05470a618fc67ee60cb9df153eb5ad6d3c8ce08.jpg
2026-06-08,2026-06-08 22:52:38,31,BV1JJ7m62ELC,116700620065327,最直接的伤害往往只需采用最简单的普通攻击 #超能力 #万万没想到 #反转 #劲大,刘不凡本凡,短片,动画,256,364,2846048,3259,7547,151489,2413,18496,1053,1780719600,https://www.bilibili.com/video/BV1JJ7m62ELC,http://i1.hdslb.com/bfs/archive/1b35b982075822d704a03ec34c21632ebcfa9044.jpg
2026-06-08,2026-06-08 22:52:38,32,BV1LR7D6JEV7,116702566156828,Re：佩恩从零开始的异世界生活！！！【水门篇】,-夏秋冬-,综合,综合,27,416,1332935,1698,4168,86149,31362,25506,5467,1780740005,https://www.bilibili.com/video/BV1LR7D6JEV7,http://i1.hdslb.com/bfs/archive/7b1442110a7b65950b9bb9ed1c2c29908c642732.jpg
2026-06-08,2026-06-08 22:52:38,33,BV19N7y6bE1e,116698455803490,全体起立鼓掌！人类发现了治癌症的新药！🤯,蜗牛的科技笔记,软件应用,软件应用,230,115,1651904,1407,7408,151996,6333,25484,10666,1780677279,https://www.bilibili.com/video/BV19N7y6bE1e,http://i2.hdslb.com/bfs/archive/3b5f57bbd2f68b33097261f34d0cbb700b9439ce.jpg
2026-06-08,2026-06-08 22:52:38,34,BV17q7y6qEeG,116697767874225,当代牢大学生论文现状belike：,黑曼波语录,鬼畜调教,鬼畜,22,78,1794068,268,2123,138087,5088,94318,11321,1780716900,https://www.bilibili.com/video/BV17q7y6qEeG,http://i2.hdslb.com/bfs/archive/a42866374c2dd87fd5093121386c1dd1372e10a6.jpg
2026-06-08,2026-06-08 22:52:38,35,BV1YVEn6fEmZ,116703304356999,那天真有其他人在场，但我没法证明。,何大爷课堂,人文历史,知识,228,123,2317770,414,3323,176501,4142,16154,1293,1780751375,https://www.bilibili.com/video/BV1YVEn6fEmZ,http://i1.hdslb.com/bfs/archive/36a36b65d7a5cdced8c027e2371074acb5dd204b.jpg
2026-06-08,2026-06-08 22:52:38,36,BV1VD726iE1t,116698791282580,《猴王出事》,伤心欲茄222,搞笑,娱乐,138,103,2684473,1299,4018,182245,7308,9588,6744,1780718400,https://www.bilibili.com/video/BV1VD726iE1t,http://i1.hdslb.com/bfs/archive/2fa41f4d1af95817e553d8fd8c6eeb7fc16a9d82.jpg
2026-06-08,2026-06-08 22:52:38,37,BV1WT7C6uEj8,116696878749194,猫 咪 的 花 语 是 老 吴🎵,幾加乘,同人·手书,动画,47,259,1825224,1793,3587,128263,19865,27230,12130,1780653131,https://www.bilibili.com/video/BV1WT7C6uEj8,http://i0.hdslb.com/bfs/archive/ad354ddb8c2e2bf697327dc182835b3d6014f4b1.jpg
2026-06-08,2026-06-08 22:52:38,38,BV17z7y6KEVT,116697751096214,可爱的安魂曲~,徐大花xudahua,手工,生活,161,158,1941871,442,1675,123466,8272,18411,3074,1780718400,https://www.bilibili.com/video/BV17z7y6KEVT,http://i2.hdslb.com/bfs/archive/2fbc38542399965a708c159f85533b4f5065fe8c.jpg
2026-06-08,2026-06-08 22:52:38,39,BV19v7S65ESU,116701022849204,我给爱车打造了一套废土战甲,手工耿,手工,生活,161,829,1793426,8520,2393,116114,19865,9761,4747,1780799533,https://www.bilibili.com/video/BV19v7S65ESU,http://i2.hdslb.com/bfs/archive/b1cf38027520b335d07b96dd1246fcde8d20a730.jpg
2026-06-08,2026-06-08 22:52:38,40,BV15iEc6VEfH,116691577216788,路边一块，也能变废为宝，雕刻出大家想要的题材我不知道什么时候天才会亮，但我知道，跑着跑着，天就亮了。,小梨家的和田玉,手工,生活,161,220,6462617,4247,12760,246865,8853,23785,4092,1780572193,https://www.bilibili.com/video/BV15iEc6VEfH,http://i2.hdslb.com/bfs/archive/c1597efe82d66a7f728f8bdd84505eff4b7f5ac9.jpg
2026-06-08,2026-06-08 22:52:38,41,BV1bd7k62Epb,116696794863371,LV6有啥用?一个视频看懂LV6所有特权功能,威尔斯耍流氓,搞笑,娱乐,138,193,808983,11680,20608,73157,44364,10607,4734,1780652357,https://www.bilibili.com/video/BV1bd7k62Epb,http://i1.hdslb.com/bfs/archive/96eeed5029dce27d3f6ea0160d4ade58d6afb34e.jpg
2026-06-08,2026-06-08 22:52:38,42,BV1Jj7C6AEPq,116696845193451,是我还不够好,怎么转身又是,MMD·3D,动画,25,67,2230006,5943,8241,211166,12262,55750,33850,1780652794,https://www.bilibili.com/video/BV1Jj7C6AEPq,http://i0.hdslb.com/bfs/archive/c261bcb22b8b34b31c0d9cb2e04b0a49a318b123.jpg
2026-06-08,2026-06-08 22:52:38,43,BV1tV7k6LEyH,116697264556028,你或许不认识我 但我唱的歌你或许？？听过？,喵☆酱,翻唱,音乐,31,443,659442,6337,2917,131175,8936,20488,1401,1780659262,https://www.bilibili.com/video/BV1tV7k6LEyH,http://i1.hdslb.com/bfs/archive/f27fa302b117dedb6f353c75770d440ca8982c33.jpg
2026-06-08,2026-06-08 22:52:38,44,BV1gsEw6zExs,116691040208641,你的高考/中考/期末考belike,哈基mer-猫meme,搞笑,娱乐,138,22,1045664,32656,2750,328262,34495,66259,5853,1780564012,https://www.bilibili.com/video/BV1gsEw6zExs,http://i2.hdslb.com/bfs/archive/4f76f8d127f1c6d5a990c89a161f10356e783cd4.jpg
2026-06-08,2026-06-08 22:52:38,45,BV1wEEc6REms,116692097238799,城市大富翁（5）,雨哥到处跑,日常,生活,21,3846,1944488,41396,5321,159865,126332,42368,5337,1780628700,https://www.bilibili.com/video/BV1wEEc6REms,http://i1.hdslb.com/bfs/archive/8628e50dc2e56aec5815c8e3f665d304cfe23d80.jpg
2026-06-08,2026-06-08 22:52:38,46,BV1TR766zEvE,116695972714489,在沙漠里种了1800万棵树，然后呢？,影视飓风,娱乐粉丝创作,娱乐,242,756,3305204,11302,3116,166393,62949,28009,2973,1780650000,https://www.bilibili.com/video/BV1TR766zEvE,http://i1.hdslb.com/bfs/archive/af434541e40c0402ac850fc6783faa3ed5bfdda9.jpg
2026-06-08,2026-06-08 22:52:38,47,BV1Xa7m6qEm7,116700217347938,意识深渊：我真的存在吗？,大圆镜科普,科学科普,知识,201,484,1011016,1427,2325,92924,3506,17965,1662,1780704207,https://www.bilibili.com/video/BV1Xa7m6qEm7,http://i1.hdslb.com/bfs/archive/2d760490c4cfbae1c3b9168320f075ace66ad15a.jpg
2026-06-08,2026-06-08 22:52:38,48,BV11cEK6rELU,116712364116494,地牢酒馆-13集 《碎骨大帐篷》,粘土工厂,单机游戏,游戏,17,257,713931,1149,2294,106564,17990,12852,1475,1780891200,https://www.bilibili.com/video/BV11cEK6rELU,http://i1.hdslb.com/bfs/archive/436f2a6d53b97fddf0f85b258c997b4f911e2a32.jpg
2026-06-08,2026-06-08 22:52:38,49,BV15d7D6UE4i,116702549379788,世界杯期间不抓移民？那这世界杯不是白办了吗,麻薯波比呀,社科·法律·心理,知识,124,995,2009152,7789,3952,101181,14585,12109,2860,1780740025,https://www.bilibili.com/video/BV15d7D6UE4i,http://i2.hdslb.com/bfs/archive/91940674117acf43b95f7a6e2e7ab686470cc3ea.jpg
2026-06-08,2026-06-08 22:52:38,50,BV1xZ7k6LESp,116696778084201,“哎呀 我们的主角倒下啦～”,西门小昭,综合,综合,27,30,859332,139,1254,163241,12079,65732,3073,1780655400,https://www.bilibili.com/video/BV1xZ7k6LESp,http://i2.hdslb.com/bfs/archive/2c5c6c548ed488771077293e2f7bfcfb435e4744.jpg
2026-06-08,2026-06-08 22:52:38,51,BV1yk7X6KEz4,116686023891513,2高中生屠杀同学，造成13人死亡后自杀，开启美国校园枪击案先河：科伦拜恩枪击案,捕月说,人文历史,知识,228,733,2780268,1151,1043,91168,1300,12934,653,1780654200,https://www.bilibili.com/video/BV1yk7X6KEz4,http://i2.hdslb.com/bfs/archive/b52e8d555de710438989ea0831c1fa8211fbe67d.jpg
2026-06-08,2026-06-08 22:52:38,52,BV1TK7S6PESt,116701341420908,日菲台岛东部“划界”，我们和两国防长现场对线！,玉渊谭天,科学科普,知识,201,466,806139,5749,4902,87617,28609,9900,2304,1780729200,https://www.bilibili.com/video/BV1TK7S6PESt,http://i0.hdslb.com/bfs/archive/4f11eda2d2c34ea69bc20938c15ebcc0e4b3affc.jpg
2026-06-08,2026-06-08 22:52:38,53,BV1g8Es6vEKZ,116706609598663,《鸣潮》× 《赛博朋克：边缘行者》 联动PV | 暗巷怪谈,鸣潮,手机游戏,游戏,172,598,2438881,2000,9969,67692,23601,11724,12106,1780804800,https://www.bilibili.com/video/BV1g8Es6vEKZ,http://i2.hdslb.com/bfs/archive/e73c3fc833ee1693dcf748e29538070e01b8fd40.jpg
2026-06-08,2026-06-08 22:52:38,54,BV1jz7k6tEkL,116696979347018,教程来啦兄弟们 拍起来,是柳宗元,电子竞技,游戏,171,46,2417450,203,964,184648,3180,28119,1500,1780654702,https://www.bilibili.com/video/BV1jz7k6tEkL,http://i0.hdslb.com/bfs/archive/becaa38ea9e7437bed18411340db6d5da7f4cd54.jpg
2026-06-08,2026-06-08 22:52:38,55,BV1kv7262EyU,116698623578210,公司给粉丝安排了30万的水上宫殿...,飓多多StormCrew,日常,生活,21,852,1821452,3833,2616,91052,21006,18036,2153,1780714800,https://www.bilibili.com/video/BV1kv7262EyU,http://i2.hdslb.com/bfs/archive/a59944bd6ce91c0bbc28d8c8b560e8b73c31e976.jpg
2026-06-08,2026-06-08 22:52:38,56,BV1bV7k6LExn,116697264560365,再见！一系列！高考必胜！,一数,校园学习,知识,208,193,981250,30885,15718,90908,34885,18645,5921,1780659292,https://www.bilibili.com/video/BV1bV7k6LExn,http://i2.hdslb.com/bfs/archive/5df66240b2b71ca2bc6ce697e929657b1b1df5a4.jpg
2026-06-08,2026-06-08 22:52:38,57,BV1Bm7U6jEDZ,116701542815709,《爱，你》,是许木木啊,日常,生活,21,1043,990725,5737,4458,100253,12583,24391,1744,1780738200,https://www.bilibili.com/video/BV1Bm7U6jEDZ,http://i0.hdslb.com/bfs/archive/fd7de4f643c70f1117b5d4f7ef9d1878ffc094bd.jpg
2026-06-08,2026-06-08 22:52:38,58,BV1Zj7C6wEJY,116696845125445,织棉为布，非遗土布。用千年蓝染，重现极致的东方浪漫,花木紫Huamuz,手工,生活,161,401,1263988,1808,2690,102842,9689,10414,786,1780652882,https://www.bilibili.com/video/BV1Zj7C6wEJY,http://i0.hdslb.com/bfs/archive/753a39454d2f1455af84effb021941e20ad4c2c7.jpg
2026-06-08,2026-06-08 22:52:38,59,BV1KG7S6FECF,116701274313735,小孩只是请男人吃了一块羊肉，男人转手就掏出一个900克的大金轮,懂一点人情世故,影视剪辑,影视,183,425,1837918,1225,1137,93235,1281,9799,476,1780720244,https://www.bilibili.com/video/BV1KG7S6FECF,http://i2.hdslb.com/bfs/archive/7635c90a615f292f19e67c7de1d91e5c8a697033.jpg
2026-06-08,2026-06-08 22:52:38,60,BV1YV7U6zEps,116699697254319,小登VS老登,灼眼的SABER哒,同人·手书,动画,47,63,1079743,534,2730,135535,12187,46618,11025,1780718400,https://www.bilibili.com/video/BV1YV7U6zEps,http://i0.hdslb.com/bfs/archive/dce2758cd8546e893008888b88f215364194d4a7.jpg
2026-06-08,2026-06-08 22:52:38,61,BV19ZEF6MEBV,116690117464228,人在干坏事的时候是不怕苦不怕累的,我是易拉爆,日常,生活,21,309,2224833,1541,4345,213474,16586,32566,16425,1780550100,https://www.bilibili.com/video/BV19ZEF6MEBV,http://i2.hdslb.com/bfs/archive/5a3e59dd5183e87d69b1ad3224466b821bf05e23.jpg
2026-06-08,2026-06-08 22:52:38,62,BV1787S6mEV8,116701073053928,这里藏着一群“伪人”,摸鱼佬临风,鬼畜剧场,鬼畜剧场,216,354,447856,452,882,85301,6133,28034,1189,1780717427,https://www.bilibili.com/video/BV1787S6mEV8,http://i2.hdslb.com/bfs/archive/d2a4fc8b8017160bc03e17f14d6fbedd690059c1.jpg
2026-06-08,2026-06-08 22:52:38,63,BV1GiEg6PE3v,116713588787899,《明日方舟》EP - 夏日远去之后,明日方舟,手机游戏,游戏,172,256,363236,4966,7914,63639,29717,19226,16750,1780909200,https://www.bilibili.com/video/BV1GiEg6PE3v,http://i1.hdslb.com/bfs/archive/a5c5345866b686d7c435dfd3080cd1d16d129659.jpg
2026-06-08,2026-06-08 22:52:38,64,BV1q1Vy64EqA,116682450274928,给朋友做的一本翻翻乐,花颜和鸣,日常,生活,21,70,896609,1199,3121,196666,17836,31631,1304,1780589700,https://www.bilibili.com/video/BV1q1Vy64EqA,http://i0.hdslb.com/bfs/archive/b6ed86d5a0591cf027f6b65a4770f1c9656617d7.jpg
2026-06-08,2026-06-08 22:52:38,65,BV13HEw6rEhc,116691140873202,接龙游戏开发，但都绷住了,M木糖M,单机游戏,游戏,17,933,2006765,1777,1235,95120,13657,17898,1672,1780630200,https://www.bilibili.com/video/BV13HEw6rEhc,http://i2.hdslb.com/bfs/archive/1083ae38f0917802668505e94ed2fe06226cc58b.jpg
2026-06-08,2026-06-08 22:52:38,66,BV13c7S6qE5a,116701324648092,大哥豪刷10个爱神之箭！头开8个苹果全程揪心，接连翻车差点心态崩盘！,语格yoga,舞蹈综合,舞蹈综合,154,271,1598376,2160,3657,89360,10371,6534,2775,1780721492,https://www.bilibili.com/video/BV13c7S6qE5a,http://i1.hdslb.com/bfs/archive/e2af963c319aa3c1083f65f39306936b272010b5.jpg
2026-06-08,2026-06-08 22:52:38,67,BV1n17D6xEX2,116702331278408,这就是7JIA最强之人,杨齐家_,单机游戏,游戏,17,1221,2547106,5411,2461,115880,10181,18255,956,1780736508,https://www.bilibili.com/video/BV1n17D6xEX2,http://i1.hdslb.com/bfs/archive/63922fa2e9e8a18b95b8175a3bea61b0779794d1.jpg
2026-06-08,2026-06-08 22:52:38,68,BV1Vz766DE6S,116696342006745,“从来就没有什么意外 ”,DKM莫天行,GMV,GMV,121,142,1121325,261,1869,123751,21166,44503,1170,1780653600,https://www.bilibili.com/video/BV1Vz766DE6S,http://i1.hdslb.com/bfs/archive/ebae2236febce20da402b0789a87254a40b4e8b8.jpg
2026-06-08,2026-06-08 22:52:38,69,BV1EwEF62EhA,116690721443492,当校长挑选教室地板时,Cheems电玩屋,日常,生活,21,18,5468388,883,5371,221194,1376,8454,574,1780559484,https://www.bilibili.com/video/BV1EwEF62EhA,http://i0.hdslb.com/bfs/archive/8916553504d48aec3ba5ad2bdfeec5fcf7eefc1c.jpg
2026-06-08,2026-06-08 22:52:38,70,BV1pDV86oE6S,116657217344637,热烈欢迎薛凯琪！工作之余，Fiona会带哪些让自己感到快乐的东西呢～（录完这期脑海里都是Fifi的笑声,papi酱,短片,动画,256,2017,1500802,12050,5076,146857,57367,18282,8212,1780632000,https://www.bilibili.com/video/BV1pDV86oE6S,http://i2.hdslb.com/bfs/archive/032f4048d6f94c465fc10972289999cf79f2572f.jpg
2026-06-08,2026-06-08 22:52:38,71,BV13PEx63EJ3,116706575912358,这样的幸运，你想拥有吗！？🥳 #挑战# #野兽先生# #MrBeast# #vlog# #整活#,MrBeast官方账号,日常,生活,21,36,2733853,393,2185,179865,4722,9632,625,1780801241,https://www.bilibili.com/video/BV13PEx63EJ3,http://i1.hdslb.com/bfs/archive/060ed908afe9f422de1f1a505ade5b1e4ca3d8ae.jpg
2026-06-08,2026-06-08 22:52:38,72,BV15W7C6tEyc,116696425766532,送你一片夕阳！,困雀雀,仿妆cos,时尚,252,36,615362,165,2487,178616,9720,32681,2837,1780646468,https://www.bilibili.com/video/BV15W7C6tEyc,http://i2.hdslb.com/bfs/archive/86973af2078693bfe5fc81d4dae783648e7fb904.jpg
2026-06-08,2026-06-08 22:52:38,73,BV1kCVU65ERM,116669112386149,初中生斗胆跳一段jam,特崮斯,篮球,运动,235,45,6950055,11810,19479,1316790,216844,139751,20913,1780229707,https://www.bilibili.com/video/BV1kCVU65ERM,http://i1.hdslb.com/bfs/archive/5871a66dc8e356ff71da4a6d99d5922b4a6a3fce.jpg
2026-06-08,2026-06-08 22:52:38,74,BV1wPEs6pEMm,116706894749229,孤岛小夫 第二集,派之新,同人·手书,动画,47,503,1341995,726,1144,72025,4462,12472,2249,1780807094,https://www.bilibili.com/video/BV1wPEs6pEMm,http://i1.hdslb.com/bfs/archive/f16994491642562a05defddee6f04d3d2f428f15.jpg
2026-06-08,2026-06-08 22:52:38,75,BV15z766SE1A,116696341812776,假如高考什么都可以带,小安苒AIGC,校园学习,知识,208,177,2436223,3041,2717,103717,2461,8276,1989,1780646400,https://www.bilibili.com/video/BV15z766SE1A,http://i2.hdslb.com/bfs/archive/ed743a6a86446310a9957bce92faa671a082a6d8.jpg
2026-06-08,2026-06-08 22:52:38,76,BV1Vq7m6NEN8,116700368408896,【时代少年团】系列纪录片《光辉岁月》——“回南天”,时代少年团,明星综合,明星综合,137,13990,1430694,41467,3562,47593,13681,16769,1926,1780718400,https://www.bilibili.com/video/BV1Vq7m6NEN8,http://i2.hdslb.com/bfs/archive/bc281db3fee5c37911a273d2435afe8e9047405f.jpg
2026-06-08,2026-06-08 22:52:38,77,BV1HL7m6JECt,116700670395936,霸总腌入味，王鹤棣太让人笑幻了……【不舒服学】逐帧分析,一只吐槽圆,娱乐杂谈,娱乐杂谈,241,1774,1563349,21683,4631,69889,27341,12212,13807,1780711190,https://www.bilibili.com/video/BV1HL7m6JECt,http://i0.hdslb.com/bfs/archive/cfe030cb9db76b0cad1dc763db5d7299bfd51ab9.jpg
2026-06-08,2026-06-08 22:52:38,78,BV17GEP6xEDW,116692348832614,新三国up锐评楚汉传奇01：是不是我打开的方式不太对？,吃蛋挞的折棒,影视杂谈,影视,182,1348,1682270,20829,12065,140814,134238,29435,10836,1780624800,https://www.bilibili.com/video/BV17GEP6xEDW,http://i2.hdslb.com/bfs/archive/4e5cd47c8551d2b66643e2800041b7ec2d3bf729.jpg
2026-06-08,2026-06-08 22:52:38,79,BV1zDE46ZEzL,116707213512648,虎哥摩根时代只有自己用的是真的,虎哥二次元教父,鬼畜调教,鬼畜,22,16,1945603,131,1339,169201,1266,7119,752,1780811019,https://www.bilibili.com/video/BV1zDE46ZEzL,http://i2.hdslb.com/bfs/archive/167cc262dd29aa3be2b9730c13c4ce9733856d97.jpg
2026-06-08,2026-06-08 22:52:38,80,BV1s47y65E4g,116698153752165,那年你写下了什么？复盘1977—2025年高考作文题【大国之治·高考作文题】,大象放映室,财经商业,知识,207,2306,1262820,2607,4856,35125,12184,27309,7744,1780801200,https://www.bilibili.com/video/BV1s47y65E4g,http://i1.hdslb.com/bfs/archive/e403ab5119fb220e6ae7654b859643b16dec3709.jpg
2026-06-08,2026-06-08 22:52:38,81,BV1di7Q6nEu4,116701777627095,兄弟们！今天带良子水上训练，你们觉得良子能坚持多久？,健身华哥,运动综合,运动,238,217,1671687,926,10860,83413,2052,3329,3355,1780728153,https://www.bilibili.com/video/BV1di7Q6nEu4,http://i1.hdslb.com/bfs/archive/48f8a7c3b0af6baea81d423375f3ea0e18e4a44d.jpg
2026-06-08,2026-06-08 22:52:38,82,BV1vEEP6HEFw,116692281789801,2025年出货量370万台！激光雷达真成“安全气囊”了？,保镖的车库,新能源车,新能源车,247,606,2252290,650,985,142939,3606,12486,500,1780653900,https://www.bilibili.com/video/BV1vEEP6HEFw,http://i1.hdslb.com/bfs/archive/76872e6b743f73527ee70c89a75c39214a868540.jpg
2026-06-08,2026-06-08 22:52:38,83,BV1747S6SExf,116701039495420,师傅：成功挑战人类！,猪大肠and方一蛋,喵星人,喵星人,218,44,1890204,971,2283,163632,4521,6136,3912,1780717504,https://www.bilibili.com/video/BV1747S6SExf,http://i2.hdslb.com/bfs/archive/3449f80a251dbb861606222cd047b34839e4e173.jpg
2026-06-08,2026-06-08 22:52:38,84,BV1fV7C6PEC3,116696811571160,当我出提纳里时收到了植物学博士录取通知,乔落落啊,仿妆cos,时尚,252,27,826114,3813,2781,195886,5066,5757,614,1780652265,https://www.bilibili.com/video/BV1fV7C6PEC3,http://i1.hdslb.com/bfs/archive/a6bca5345beae937c7e2979d6d22be6cbdaa9f2e.jpg
2026-06-08,2026-06-08 22:52:38,85,BV1x77Q6eE7o,116702247457814,《绝区零》3.0版本PV | 某个梦游者的自白,绝区零,手机游戏,游戏,172,2575,876509,4049,5469,56377,15692,10167,2628,1780749000,https://www.bilibili.com/video/BV1x77Q6eE7o,http://i2.hdslb.com/bfs/archive/87c8066e1d2dab7418e493b02cf3efa0e0b9a4b7.jpg
2026-06-08,2026-06-08 22:52:38,86,BV1Lt7m63EdD,116700267742890,你脑中出现两个声音…,四夕小田木_,小剧场,娱乐,85,38,951074,190,1505,157972,5795,10799,1076,1780705023,https://www.bilibili.com/video/BV1Lt7m63EdD,http://i0.hdslb.com/bfs/archive/7a454bc24acdaf53f3719c390fd9ec4c58605c0c.jpg
2026-06-08,2026-06-08 22:52:38,87,BV1FV7C6KESW,116696811773804,好惨一国家，盛产倒霉总统【东非02丨马拉维】,小王Albert,人文历史,知识,228,1494,1163977,2524,1222,65254,11892,9144,625,1780707600,https://www.bilibili.com/video/BV1FV7C6KESW,http://i2.hdslb.com/bfs/archive/2e15f92493ab2c9e39e067e70d1399dcd094f406.jpg
2026-06-08,2026-06-08 22:52:38,88,BV1fd7C6vEA8,116698489357988,开局仅有一格云平台？传奇极限空岛生存！,陶艺猫,单机游戏,游戏,17,951,737970,1104,968,58347,26161,10962,1531,1780711500,https://www.bilibili.com/video/BV1fd7C6vEA8,http://i0.hdslb.com/bfs/archive/fe29c19a4bfe19e414b572cc9869ab6a64e80601.jpg
2026-06-08,2026-06-08 22:52:38,89,BV1xzE46KEFk,116707616098534,为了知晓地球年龄，人类究竟有多难？,星团菌,日常,生活,21,2606,1154526,1909,1329,52542,10426,14345,1101,1780835400,https://www.bilibili.com/video/BV1xzE46KEFk,http://i2.hdslb.com/bfs/archive/deeb691257a57979e33569ddbda3f66373262351.jpg
2026-06-08,2026-06-08 22:52:38,90,BV1uX7k6UEPn,116696761239539,把硬装的喊过来！,脱缰凯Kk,小剧场,娱乐,85,219,1437050,1709,1779,103598,3587,10766,729,1780651876,https://www.bilibili.com/video/BV1uX7k6UEPn,http://i1.hdslb.com/bfs/archive/1a5306b127f7814fe75bc726966f0f675fcb7e33.jpg
2026-06-08,2026-06-08 22:52:38,91,BV1U87D6iEK2,116702834662934,老吴大师,皮欧皮皮,喵星人,喵星人,218,116,952080,1180,2505,105187,1706,11178,8726,1780744103,https://www.bilibili.com/video/BV1U87D6iEK2,http://i0.hdslb.com/bfs/archive/d0b24d7ecbe3b7c2fbd943beec85bee6128300d7.jpg
2026-06-08,2026-06-08 22:52:38,92,BV1xCEb63Ewg,116708471736833,【TF家族练习生】《四一有意思》09:《我们与“影弟”的距离》（下）,TF家族,明星综合,明星综合,137,2405,904477,331099,3854,45328,5757,20295,1229,1780830000,https://www.bilibili.com/video/BV1xCEb63Ewg,http://i0.hdslb.com/bfs/archive/5d11b912eac44c5ad5cf8c93db359e80e3186d2e.jpg
2026-06-08,2026-06-08 22:52:38,93,BV1W6VZ6MEbd,116674313328609,🍄欠揍气球🍄,纸片马力欧,日常,生活,21,40,4937355,7737,11351,557145,45412,297034,83686,1780309043,https://www.bilibili.com/video/BV1W6VZ6MEbd,http://i0.hdslb.com/bfs/archive/3d18bae01c4fc365d9e7e0ede5efb926e32115ad.jpg
2026-06-08,2026-06-08 22:52:38,94,BV1cs7Q6fEQX,116702230616264,双绝之战,ioeop,网络游戏,游戏,65,35,1853744,123,1258,130490,1521,16082,6709,1780734931,https://www.bilibili.com/video/BV1cs7Q6fEQX,http://i1.hdslb.com/bfs/archive/1026961aa82bcc307e2feec6322493bb3d5b1190.jpg
2026-06-08,2026-06-08 22:52:38,95,BV1Xh7168ESr,116699395266567,一期视频教会你公式化手炮开局炸一队,麒麟--三角洲行动,网络游戏,游戏,65,53,1449346,87,1002,87019,1579,49671,7583,1780729200,https://www.bilibili.com/video/BV1Xh7168ESr,http://i1.hdslb.com/bfs/archive/40350b382e3bd6f3e06fd0adf770a6010bb346b2.jpg
2026-06-08,2026-06-08 22:52:38,96,BV1eVEn6fEwP,116703304357775,高考日子678，祝你—录取吧！,碎嘴企鹅,搞笑,娱乐,138,110,775575,1189,7741,117279,2133,4952,516,1780751436,https://www.bilibili.com/video/BV1eVEn6fEwP,http://i0.hdslb.com/bfs/archive/89dfb44cf51f7845972489cbc8fed63d78368801.jpg
2026-06-08,2026-06-08 22:52:38,97,BV1w6EF6QEjZ,116690033778619,不看后悔！史上最神人店家！,转生成为毛毛,美食侦探,美食,212,186,3677584,4195,9619,187191,5584,31555,15882,1780563600,https://www.bilibili.com/video/BV1w6EF6QEjZ,http://i1.hdslb.com/bfs/archive/07cb98d8f59285212c90c7646739a87803bf06c0.jpg
2026-06-08,2026-06-08 22:52:38,98,BV1D97y6dERH,116697919004560,拿人罐罐，替人消灾,布丁仔和泡芙妹的一天,喵星人,喵星人,218,23,2744066,508,3055,153667,495,6320,849,1780669119,https://www.bilibili.com/video/BV1D97y6dERH,http://i2.hdslb.com/bfs/archive/fc9d115669e9ba8a3d141ba74d6e7da1e5f327c9.jpg
2026-06-08,2026-06-08 22:52:38,99,BV1dhEH6KERy,116704277435502,【良子本人胃袋这一块】新作上线，快来看看！,良子本人胃袋这一块,美食记录,美食,215,48,2942296,1069,2935,128075,484,7066,3731,1780766174,https://www.bilibili.com/video/BV1dhEH6KERy,http://i2.hdslb.com/bfs/archive/f1437a5649b4d529e263388e4c95984ffb5cad90.jpg
2026-06-08,2026-06-08 22:52:38,100,BV1gP7Q6VE6p,116702129950535,选择你的高考助力官,三三-关注取图,综合,综合,27,16,391148,548,4121,112600,1381,32052,3357,1780733269,https://www.bilibili.com/video/BV1gP7Q6VE6p,http://i0.hdslb.com/bfs/archive/dc9248cceb1e04dbd4235ea16c486602da7d7cbc.jpg
2026-06-08,2026-06-08 22:53:53,1,BV15C7k6REKC,116697197451293,公测定档7月 | 《遗忘之海》船员集结摇滚MV「燥」,遗忘之海,GMV,GMV,121,205,7470873,1511,2699,132971,86359,84587,4973,1780711200,https://www.bilibili.com/video/BV15C7k6REKC,http://i0.hdslb.com/bfs/archive/bef8db958217ad42ed011f4bf5d5d6c1cf3a4bad.jpg
2026-06-08,2026-06-08 22:53:53,2,BV1Uj7k6VEPU,116697432395968,信 |《归唐》19分钟完整实机演示,归唐,单机游戏,游戏,17,1167,9977732,23782,33659,153712,47205,30844,61503,1780791300,https://www.bilibili.com/video/BV1Uj7k6VEPU,http://i1.hdslb.com/bfs/archive/73972f02b3d2a52c97a1ec81e53403fef6160006.jpg
2026-06-08,2026-06-08 22:53:53,3,BV1WY7U6dEJ5,116699814693875,【微电影】人类文明的最后一届高考,最后讲述者,鬼畜剧场,鬼畜剧场,216,263,2282963,3142,6386,184887,23340,43503,10559,1780709400,https://www.bilibili.com/video/BV1WY7U6dEJ5,http://i2.hdslb.com/bfs/archive/40a717d48c3dbeb9559b00a07a88af6cfd5181fb.jpg
2026-06-08,2026-06-08 22:53:53,4,BV1cu7r6FEPd,116696023045705,英国，沦为印度殖民地,平原公子,日常,生活,21,463,3613942,14928,10281,233647,11110,25759,23998,1780640137,https://www.bilibili.com/video/BV1cu7r6FEPd,http://i1.hdslb.com/bfs/archive/95ba7fb80bc2a46fc2c8f7ff69a08c57c40ef914.jpg
2026-06-08,2026-06-08 22:53:53,5,BV1TnEt6MEHn,116709042165737,《原神》角色预告-「洛恩：『杰作』」,原神,手机游戏,游戏,172,729,1368577,8254,9105,175908,59974,39130,25857,1780891200,https://www.bilibili.com/video/BV1TnEt6MEHn,http://i1.hdslb.com/bfs/archive/338dd06fe0b8324ca26ec3f146f610f500448221.jpg
2026-06-08,2026-06-08 22:53:53,6,BV1xkE46PE59,116707649656463,参加了九次高考的考生采访,自来卷三木,日常,生活,21,99,4437265,4127,4179,298314,7955,20801,8693,1780817665,https://www.bilibili.com/video/BV1xkE46PE59,http://i1.hdslb.com/bfs/archive/2c51e17d5ab278033691d055015af26638867e5b.jpg
2026-06-08,2026-06-08 22:53:53,7,BV1T9Vm6UE2N,116684681647760,《古剑》3分钟战斗实机 | 线下试玩招募开启,古剑,单机游戏,游戏,17,168,5504649,3663,10659,104521,64217,46243,24109,1780698215,https://www.bilibili.com/video/BV1T9Vm6UE2N,http://i0.hdslb.com/bfs/archive/d18a0e2a80905c1a2bfe0d000c3ca47aa1548899.jpg
2026-06-08,2026-06-08 22:53:53,8,BV1CQ7o61ERo,116689798764442,人，握爪后就不要放开咯！——《伊莫》握爪测试招募开启,伊莫,手机游戏,游戏,172,119,5256410,780,4539,168663,41769,128328,82795,1780797600,https://www.bilibili.com/video/BV1CQ7o61ERo,http://i0.hdslb.com/bfs/archive/06bcb84e42974283a3ade3bf6fbee2302b4b4d96.jpg
2026-06-08,2026-06-08 22:53:53,9,BV15v7S65EWD,116701022717876,挑战给历史故事打tag（标签）,混饭达人,娱乐杂谈,娱乐杂谈,241,77,3562637,3684,2792,288530,7270,34391,18213,1780716510,https://www.bilibili.com/video/BV15v7S65EWD,http://i2.hdslb.com/bfs/archive/1845b193e356ee0f6b686419e20cc96fe1678367.jpg
2026-06-08,2026-06-08 22:53:53,10,BV1rg7C6TEUm,116696912369911,一句“一氧化二氢”能钓出多少“读稿机”？,中国食品报融媒体,科学科普,知识,201,291,5084248,7012,23331,215747,17247,26266,17964,1780653928,https://www.bilibili.com/video/BV1rg7C6TEUm,http://i1.hdslb.com/bfs/archive/1081ed32a36e81bee443915a997ed5f2bd56badd.jpg
2026-06-08,2026-06-08 22:53:53,11,BV16w7D6RERW,116700921988742,007看后:追逐战？,MEspace天植,绘画,绘画,162,49,2845849,286,1198,279736,27375,48901,2537,1780714922,https://www.bilibili.com/video/BV16w7D6RERW,http://i2.hdslb.com/bfs/archive/f35dab38094910739815ae6424bcceee9316f8f7.jpg
2026-06-08,2026-06-08 22:53:53,12,BV1xU7f6xEjt,116690939546284,CF单机叙事续作——《穿越火线：潜伏》实机首曝,穿越火线潜伏,单机游戏,游戏,17,308,6476089,1960,6549,132030,7594,27171,15522,1780696800,https://www.bilibili.com/video/BV1xU7f6xEjt,http://i0.hdslb.com/bfs/archive/140a4abb0c80a2aa1e7cb7126c978567b667ed12.jpg
2026-06-08,2026-06-08 22:53:53,13,BV1xR7S6hEkB,116700804683368,菲比：就你们寝室最吵！！,Lm海洋,音乐综合,音乐,130,262,1299143,782,4196,99941,72043,45029,15709,1780713190,https://www.bilibili.com/video/BV1xR7S6hEkB,http://i1.hdslb.com/bfs/archive/348cd3608f962369b093721ee90e2515a127a833.jpg
2026-06-08,2026-06-08 22:53:53,14,BV1ZvEt6oEWR,116709209935672,锐评2026年数学高考，我雷霆大怒,聊城市茬平区第一中学,日常,生活,21,739,2579813,4717,20975,107769,18135,25448,19593,1780841328,https://www.bilibili.com/video/BV1ZvEt6oEWR,http://i0.hdslb.com/bfs/archive/6d19a0c156e6b82f71035cacec0f450bd19fb6c6.jpg
2026-06-08,2026-06-08 22:53:53,15,BV1wE7m67EAF,116700569671653,“我在成华大道「拼接遗憾」”,Dieorite,人力VOCALOID,人力VOCALOID,126,116,741244,3331,1764,164642,36090,47288,3078,1780709690,https://www.bilibili.com/video/BV1wE7m67EAF,http://i1.hdslb.com/bfs/archive/b7a88bfce9322211ddb670d69d549967dba6591e.jpg
2026-06-08,2026-06-08 22:53:53,16,BV1PP7C63E2J,116696710912022,《师》我回母校当老师,阿廖沙别害怕_,搞笑,娱乐,138,296,2210957,560,1206,197722,5511,15736,711,1780650587,https://www.bilibili.com/video/BV1PP7C63E2J,http://i0.hdslb.com/bfs/archive/b04455fde128b88ff0a92e264778512242510bc9.jpg
2026-06-08,2026-06-08 22:53:53,17,BV1vR7D6JEEm,116702566223209,全球吃席！自驾巴尔干婚礼，吃欧洲乡村大席,食贫道,日常,生活,21,3274,1513649,9110,1868,135999,49971,17582,3676,1780741089,https://www.bilibili.com/video/BV1vR7D6JEEm,http://i2.hdslb.com/bfs/archive/b23120503d27e3049c25e887901c19df17a98fe1.jpg
2026-06-08,2026-06-08 22:53:53,18,BV1ZREP6dEcU,116693758117714,扫落叶全清洁100%速通39分03秒leaf it alone,闲云豹,单机游戏,游戏,17,2367,1735868,1836,2545,146218,15449,32824,6189,1780605809,https://www.bilibili.com/video/BV1ZREP6dEcU,http://i1.hdslb.com/bfs/archive/310db23466f62e9399f25f92c8d2b0af953476d6.jpg
2026-06-08,2026-06-08 22:53:53,19,BV1pW7Q68Emz,116702180348281,这期谁能绷住,呱唧菌,搞笑,娱乐,138,339,2566688,2186,1662,181499,10351,51114,2350,1780741800,https://www.bilibili.com/video/BV1pW7Q68Emz,http://i2.hdslb.com/bfs/archive/5ae6e1d11721490eb4a17034e97a4c36afdca5f0.jpg
2026-06-08,2026-06-08 22:53:53,20,BV1dY7Q6pEQZ,116701878291791,千里奔赴只为弥补40年前的遗憾,赛亚人阿廖,出行,生活,250,246,1311450,2464,1902,148515,38541,16645,525,1780729530,https://www.bilibili.com/video/BV1dY7Q6pEQZ,http://i0.hdslb.com/bfs/archive/5f9f719eb1fb6326b0a2eabe298cd1484afab3e6.jpg
2026-06-08,2026-06-08 22:53:53,21,BV1uX7k6UENx,116696761239484,巨构：没有告别,巨构ai,网络游戏,游戏,65,19,3180003,6531,8034,501061,26932,169372,7944,1780651506,https://www.bilibili.com/video/BV1uX7k6UENx,http://i0.hdslb.com/bfs/archive/1422e60b2923b373953bd4ce6433b6f0e91f9501.jpg
2026-06-08,2026-06-08 22:53:53,22,BV1s7V46XEix,116655590017716,评论区摄影大赛之火遍全网的佳作篇，本期有锐评系列也有破败与新生佳作，欢迎投稿好的作品会让更多人看到。,摄影恩哥,日常,生活,21,124,5471787,1969,11096,341185,2868,26443,1106,1780738200,https://www.bilibili.com/video/BV1s7V46XEix,http://i1.hdslb.com/bfs/archive/58aada2ca9cd83b3f4d86b331759b2c832c8bcb4.jpg
2026-06-08,2026-06-08 22:53:53,23,BV168796PEv1,116685839403735,如此仙音唯有挠臭,lulu和露爸,喵星人,喵星人,218,26,5358726,19975,6498,668086,20254,129995,28752,1780484850,https://www.bilibili.com/video/BV168796PEv1,http://i1.hdslb.com/bfs/archive/87f3ce4876a2e50e34a2c1b24dfe10ae34700a55.jpg
2026-06-08,2026-06-08 22:53:53,24,BV1hG7y69Ej2,116698036313694,史上最骚特工(第二集),老番茄,单机游戏,游戏,17,842,2614043,3459,1857,150149,49021,42946,2576,1780716600,https://www.bilibili.com/video/BV1hG7y69Ej2,http://i2.hdslb.com/bfs/archive/c4778bfde8d395e0f91e2f746393736302e8205c.jpg
2026-06-08,2026-06-08 22:53:53,25,BV1dq7Q6SEbX,116701827961912,最不吃压力之熊,传奇飞行员_太日阳莽,鬼畜剧场,鬼畜剧场,216,91,2290942,804,3307,179886,3605,40929,6005,1780728644,https://www.bilibili.com/video/BV1dq7Q6SEbX,http://i2.hdslb.com/bfs/archive/cdfe2d04e5d60dbd700833f920d17d40cebc2d39.jpg
2026-06-08,2026-06-08 22:53:53,26,BV1um7665EpW,116696325033820,讷,水生植物人owo,日常,生活,21,16,1558050,1276,8567,224606,6313,58626,21188,1780644714,https://www.bilibili.com/video/BV1um7665EpW,http://i2.hdslb.com/bfs/archive/ce971f171b1f22d061819b3fea882f5d4af2a608.jpg
2026-06-08,2026-06-08 22:53:53,27,BV1df7r6REpB,116695469463690,如何在家制造浓汤宝,嘤武罗,日常,生活,21,501,5080638,3777,3520,198034,50072,48739,3056,1780650000,https://www.bilibili.com/video/BV1df7r6REpB,http://i2.hdslb.com/bfs/archive/94c85d2ebad9002fcbad0c7ef2f3c8a3f1ec6768.jpg
2026-06-08,2026-06-08 22:53:53,28,BV1uXEA6gEMu,116692567070822,“别着急，我来给你补充「偶！像！能！量！」”,小耗owo,手机游戏,游戏,172,80,1286795,1010,2734,252687,18208,58161,11837,1780624800,https://www.bilibili.com/video/BV1uXEA6gEMu,http://i1.hdslb.com/bfs/archive/64822f49e99e9fb8b41ba5e0f9e06f48d4b76446.jpg
2026-06-08,2026-06-08 22:53:53,29,BV1UV7k6LEUG,116697264627213,航天会刷典狱长？！【三角洲动画】,手折余弦丶,电子竞技,游戏,171,300,1434417,1532,1926,118116,13986,31784,3712,1780659017,https://www.bilibili.com/video/BV1UV7k6LEUG,http://i0.hdslb.com/bfs/archive/eb575db6391346950b2623259e6c0c6469239e03.jpg
2026-06-08,2026-06-08 22:53:53,30,BV1Ja7k6AE1b,116697063235411,我又给花朵加了个开关！,是玉木呀,设计·创意,设计·创意,229,104,1115298,589,935,180647,21337,36870,3775,1780656042,https://www.bilibili.com/video/BV1Ja7k6AE1b,http://i0.hdslb.com/bfs/archive/c05470a618fc67ee60cb9df153eb5ad6d3c8ce08.jpg
2026-06-08,2026-06-08 22:53:53,31,BV1JJ7m62ELC,116700620065327,最直接的伤害往往只需采用最简单的普通攻击 #超能力 #万万没想到 #反转 #劲大,刘不凡本凡,短片,动画,256,364,2846575,3259,7549,151524,2413,18509,1053,1780719600,https://www.bilibili.com/video/BV1JJ7m62ELC,http://i1.hdslb.com/bfs/archive/1b35b982075822d704a03ec34c21632ebcfa9044.jpg
2026-06-08,2026-06-08 22:53:53,32,BV1LR7D6JEV7,116702566156828,Re：佩恩从零开始的异世界生活！！！【水门篇】,-夏秋冬-,综合,综合,27,416,1333348,1699,4169,86161,31372,25508,5470,1780740005,https://www.bilibili.com/video/BV1LR7D6JEV7,http://i1.hdslb.com/bfs/archive/7b1442110a7b65950b9bb9ed1c2c29908c642732.jpg
2026-06-08,2026-06-08 22:53:53,33,BV19N7y6bE1e,116698455803490,全体起立鼓掌！人类发现了治癌症的新药！🤯,蜗牛的科技笔记,软件应用,软件应用,230,115,1652142,1407,7409,152020,6333,25489,10666,1780677279,https://www.bilibili.com/video/BV19N7y6bE1e,http://i2.hdslb.com/bfs/archive/3b5f57bbd2f68b33097261f34d0cbb700b9439ce.jpg
2026-06-08,2026-06-08 22:53:53,34,BV17q7y6qEeG,116697767874225,当代牢大学生论文现状belike：,黑曼波语录,鬼畜调教,鬼畜,22,78,1794197,268,2123,138100,5090,94331,11323,1780716900,https://www.bilibili.com/video/BV17q7y6qEeG,http://i2.hdslb.com/bfs/archive/a42866374c2dd87fd5093121386c1dd1372e10a6.jpg
2026-06-08,2026-06-08 22:53:53,35,BV1YVEn6fEmZ,116703304356999,那天真有其他人在场，但我没法证明。,何大爷课堂,人文历史,知识,228,123,2318427,414,3324,176554,4142,16160,1293,1780751375,https://www.bilibili.com/video/BV1YVEn6fEmZ,http://i1.hdslb.com/bfs/archive/36a36b65d7a5cdced8c027e2371074acb5dd204b.jpg
2026-06-08,2026-06-08 22:53:53,36,BV1VD726iE1t,116698791282580,《猴王出事》,伤心欲茄222,搞笑,娱乐,138,103,2684912,1299,4020,182261,7308,9590,6744,1780718400,https://www.bilibili.com/video/BV1VD726iE1t,http://i1.hdslb.com/bfs/archive/2fa41f4d1af95817e553d8fd8c6eeb7fc16a9d82.jpg
2026-06-08,2026-06-08 22:53:53,37,BV1WT7C6uEj8,116696878749194,猫 咪 的 花 语 是 老 吴🎵,幾加乘,同人·手书,动画,47,259,1825390,1793,3588,128278,19867,27231,12134,1780653131,https://www.bilibili.com/video/BV1WT7C6uEj8,http://i0.hdslb.com/bfs/archive/ad354ddb8c2e2bf697327dc182835b3d6014f4b1.jpg
2026-06-08,2026-06-08 22:53:53,38,BV17z7y6KEVT,116697751096214,可爱的安魂曲~,徐大花xudahua,手工,生活,161,158,1942248,442,1678,123481,8273,18418,3074,1780718400,https://www.bilibili.com/video/BV17z7y6KEVT,http://i2.hdslb.com/bfs/archive/2fbc38542399965a708c159f85533b4f5065fe8c.jpg
2026-06-08,2026-06-08 22:53:53,39,BV19v7S65ESU,116701022849204,我给爱车打造了一套废土战甲,手工耿,手工,生活,161,829,1794088,8521,2393,116148,19874,9765,4750,1780799533,https://www.bilibili.com/video/BV19v7S65ESU,http://i2.hdslb.com/bfs/archive/b1cf38027520b335d07b96dd1246fcde8d20a730.jpg
2026-06-08,2026-06-08 22:53:53,40,BV15iEc6VEfH,116691577216788,路边一块，也能变废为宝，雕刻出大家想要的题材我不知道什么时候天才会亮，但我知道，跑着跑着，天就亮了。,小梨家的和田玉,手工,生活,161,220,6462982,4247,12760,246881,8853,23786,4093,1780572193,https://www.bilibili.com/video/BV15iEc6VEfH,http://i2.hdslb.com/bfs/archive/c1597efe82d66a7f728f8bdd84505eff4b7f5ac9.jpg
2026-06-08,2026-06-08 22:53:53,41,BV1bd7k62Epb,116696794863371,LV6有啥用?一个视频看懂LV6所有特权功能,威尔斯耍流氓,搞笑,娱乐,138,193,809223,11684,20615,73176,44372,10608,4735,1780652357,https://www.bilibili.com/video/BV1bd7k62Epb,http://i1.hdslb.com/bfs/archive/96eeed5029dce27d3f6ea0160d4ade58d6afb34e.jpg
2026-06-08,2026-06-08 22:53:53,42,BV1Jj7C6AEPq,116696845193451,是我还不够好,怎么转身又是,MMD·3D,动画,25,67,2230665,5948,8246,211226,12269,55765,33867,1780652794,https://www.bilibili.com/video/BV1Jj7C6AEPq,http://i0.hdslb.com/bfs/archive/c261bcb22b8b34b31c0d9cb2e04b0a49a318b123.jpg
2026-06-08,2026-06-08 22:53:53,43,BV1tV7k6LEyH,116697264556028,你或许不认识我 但我唱的歌你或许？？听过？,喵☆酱,翻唱,音乐,31,443,659613,6337,2917,131194,8937,20493,1401,1780659262,https://www.bilibili.com/video/BV1tV7k6LEyH,http://i1.hdslb.com/bfs/archive/f27fa302b117dedb6f353c75770d440ca8982c33.jpg
2026-06-08,2026-06-08 22:53:53,44,BV1gsEw6zExs,116691040208641,你的高考/中考/期末考belike,哈基mer-猫meme,搞笑,娱乐,138,22,1045818,32658,2750,328294,34504,66268,5853,1780564012,https://www.bilibili.com/video/BV1gsEw6zExs,http://i2.hdslb.com/bfs/archive/4f76f8d127f1c6d5a990c89a161f10356e783cd4.jpg
2026-06-08,2026-06-08 22:53:53,45,BV1wEEc6REms,116692097238799,城市大富翁（5）,雨哥到处跑,日常,生活,21,3846,1944809,41404,5322,159873,126338,42369,5339,1780628700,https://www.bilibili.com/video/BV1wEEc6REms,http://i1.hdslb.com/bfs/archive/8628e50dc2e56aec5815c8e3f665d304cfe23d80.jpg
2026-06-08,2026-06-08 22:53:53,46,BV1TR766zEvE,116695972714489,在沙漠里种了1800万棵树，然后呢？,影视飓风,娱乐粉丝创作,娱乐,242,756,3305322,11302,3116,166408,62959,28012,2973,1780650000,https://www.bilibili.com/video/BV1TR766zEvE,http://i1.hdslb.com/bfs/archive/af434541e40c0402ac850fc6783faa3ed5bfdda9.jpg
2026-06-08,2026-06-08 22:53:53,47,BV1Xa7m6qEm7,116700217347938,意识深渊：我真的存在吗？,大圆镜科普,科学科普,知识,201,484,1011114,1427,2325,92938,3508,17965,1662,1780704207,https://www.bilibili.com/video/BV1Xa7m6qEm7,http://i1.hdslb.com/bfs/archive/2d760490c4cfbae1c3b9168320f075ace66ad15a.jpg
2026-06-08,2026-06-08 22:53:53,48,BV11cEK6rELU,116712364116494,地牢酒馆-13集 《碎骨大帐篷》,粘土工厂,单机游戏,游戏,17,257,714440,1149,2294,106637,18004,12859,1477,1780891200,https://www.bilibili.com/video/BV11cEK6rELU,http://i1.hdslb.com/bfs/archive/436f2a6d53b97fddf0f85b258c997b4f911e2a32.jpg
2026-06-08,2026-06-08 22:53:53,49,BV15d7D6UE4i,116702549379788,世界杯期间不抓移民？那这世界杯不是白办了吗,麻薯波比呀,社科·法律·心理,知识,124,995,2009657,7789,3954,101196,14586,12110,2860,1780740025,https://www.bilibili.com/video/BV15d7D6UE4i,http://i2.hdslb.com/bfs/archive/91940674117acf43b95f7a6e2e7ab686470cc3ea.jpg
2026-06-08,2026-06-08 22:53:53,50,BV1xZ7k6LESp,116696778084201,“哎呀 我们的主角倒下啦～”,西门小昭,综合,综合,27,30,859538,139,1254,163275,12081,65751,3075,1780655400,https://www.bilibili.com/video/BV1xZ7k6LESp,http://i2.hdslb.com/bfs/archive/2c5c6c548ed488771077293e2f7bfcfb435e4744.jpg
2026-06-08,2026-06-08 22:53:53,51,BV1yk7X6KEz4,116686023891513,2高中生屠杀同学，造成13人死亡后自杀，开启美国校园枪击案先河：科伦拜恩枪击案,捕月说,人文历史,知识,228,733,2780912,1151,1043,91179,1300,12934,653,1780654200,https://www.bilibili.com/video/BV1yk7X6KEz4,http://i2.hdslb.com/bfs/archive/b52e8d555de710438989ea0831c1fa8211fbe67d.jpg
2026-06-08,2026-06-08 22:53:53,52,BV1TK7S6PESt,116701341420908,日菲台岛东部“划界”，我们和两国防长现场对线！,玉渊谭天,科学科普,知识,201,466,806318,5749,4904,87632,28617,9903,2305,1780729200,https://www.bilibili.com/video/BV1TK7S6PESt,http://i0.hdslb.com/bfs/archive/4f11eda2d2c34ea69bc20938c15ebcc0e4b3affc.jpg
2026-06-08,2026-06-08 22:53:53,53,BV1g8Es6vEKZ,116706609598663,《鸣潮》× 《赛博朋克：边缘行者》 联动PV | 暗巷怪谈,鸣潮,手机游戏,游戏,172,598,2438984,2000,9970,67697,23601,11723,12106,1780804800,https://www.bilibili.com/video/BV1g8Es6vEKZ,http://i2.hdslb.com/bfs/archive/e73c3fc833ee1693dcf748e29538070e01b8fd40.jpg
2026-06-08,2026-06-08 22:53:53,54,BV1jz7k6tEkL,116696979347018,教程来啦兄弟们 拍起来,是柳宗元,电子竞技,游戏,171,46,2417601,203,964,184661,3180,28120,1500,1780654702,https://www.bilibili.com/video/BV1jz7k6tEkL,http://i0.hdslb.com/bfs/archive/becaa38ea9e7437bed18411340db6d5da7f4cd54.jpg
2026-06-08,2026-06-08 22:53:53,55,BV1kv7262EyU,116698623578210,公司给粉丝安排了30万的水上宫殿...,飓多多StormCrew,日常,生活,21,852,1821644,3834,2617,91063,21008,18039,2153,1780714800,https://www.bilibili.com/video/BV1kv7262EyU,http://i2.hdslb.com/bfs/archive/a59944bd6ce91c0bbc28d8c8b560e8b73c31e976.jpg
2026-06-08,2026-06-08 22:53:53,56,BV1bV7k6LExn,116697264560365,再见！一系列！高考必胜！,一数,校园学习,知识,208,193,981366,30890,15719,90914,34886,18647,5921,1780659292,https://www.bilibili.com/video/BV1bV7k6LExn,http://i2.hdslb.com/bfs/archive/5df66240b2b71ca2bc6ce697e929657b1b1df5a4.jpg
2026-06-08,2026-06-08 22:53:53,57,BV1Bm7U6jEDZ,116701542815709,《爱，你》,是许木木啊,日常,生活,21,1043,990885,5737,4458,100264,12584,24396,1744,1780738200,https://www.bilibili.com/video/BV1Bm7U6jEDZ,http://i0.hdslb.com/bfs/archive/fd7de4f643c70f1117b5d4f7ef9d1878ffc094bd.jpg
2026-06-08,2026-06-08 22:53:53,58,BV1Zj7C6wEJY,116696845125445,织棉为布，非遗土布。用千年蓝染，重现极致的东方浪漫,花木紫Huamuz,手工,生活,161,401,1264050,1808,2690,102851,9689,10414,786,1780652882,https://www.bilibili.com/video/BV1Zj7C6wEJY,http://i0.hdslb.com/bfs/archive/753a39454d2f1455af84effb021941e20ad4c2c7.jpg
2026-06-08,2026-06-08 22:53:53,59,BV1KG7S6FECF,116701274313735,小孩只是请男人吃了一块羊肉，男人转手就掏出一个900克的大金轮,懂一点人情世故,影视剪辑,影视,183,425,1838902,1225,1137,93275,1281,9802,476,1780720244,https://www.bilibili.com/video/BV1KG7S6FECF,http://i2.hdslb.com/bfs/archive/7635c90a615f292f19e67c7de1d91e5c8a697033.jpg
2026-06-08,2026-06-08 22:53:53,60,BV1YV7U6zEps,116699697254319,小登VS老登,灼眼的SABER哒,同人·手书,动画,47,63,1079901,534,2730,135551,12187,46630,11027,1780718400,https://www.bilibili.com/video/BV1YV7U6zEps,http://i0.hdslb.com/bfs/archive/dce2758cd8546e893008888b88f215364194d4a7.jpg
2026-06-08,2026-06-08 22:53:53,61,BV19ZEF6MEBV,116690117464228,人在干坏事的时候是不怕苦不怕累的,我是易拉爆,日常,生活,21,309,2224979,1542,4345,213489,16586,32568,16428,1780550100,https://www.bilibili.com/video/BV19ZEF6MEBV,http://i2.hdslb.com/bfs/archive/5a3e59dd5183e87d69b1ad3224466b821bf05e23.jpg
2026-06-08,2026-06-08 22:53:53,62,BV1787S6mEV8,116701073053928,这里藏着一群“伪人”,摸鱼佬临风,鬼畜剧场,鬼畜剧场,216,354,447918,452,883,85305,6134,28039,1189,1780717427,https://www.bilibili.com/video/BV1787S6mEV8,http://i2.hdslb.com/bfs/archive/d2a4fc8b8017160bc03e17f14d6fbedd690059c1.jpg
2026-06-08,2026-06-08 22:53:53,63,BV1GiEg6PE3v,116713588787899,《明日方舟》EP - 夏日远去之后,明日方舟,手机游戏,游戏,172,256,363906,4974,7926,63744,29758,19262,16766,1780909200,https://www.bilibili.com/video/BV1GiEg6PE3v,http://i1.hdslb.com/bfs/archive/a5c5345866b686d7c435dfd3080cd1d16d129659.jpg
2026-06-08,2026-06-08 22:53:53,64,BV1q1Vy64EqA,116682450274928,给朋友做的一本翻翻乐,花颜和鸣,日常,生活,21,70,896917,1199,3121,196725,17839,31641,1304,1780589700,https://www.bilibili.com/video/BV1q1Vy64EqA,http://i0.hdslb.com/bfs/archive/b6ed86d5a0591cf027f6b65a4770f1c9656617d7.jpg
2026-06-08,2026-06-08 22:53:53,65,BV13HEw6rEhc,116691140873202,接龙游戏开发，但都绷住了,M木糖M,单机游戏,游戏,17,933,2007120,1777,1235,95129,13659,17899,1672,1780630200,https://www.bilibili.com/video/BV13HEw6rEhc,http://i2.hdslb.com/bfs/archive/1083ae38f0917802668505e94ed2fe06226cc58b.jpg
2026-06-08,2026-06-08 22:53:53,66,BV13c7S6qE5a,116701324648092,大哥豪刷10个爱神之箭！头开8个苹果全程揪心，接连翻车差点心态崩盘！,语格yoga,舞蹈综合,舞蹈综合,154,271,1598376,2160,3657,89378,10371,6534,2775,1780721492,https://www.bilibili.com/video/BV13c7S6qE5a,http://i1.hdslb.com/bfs/archive/e2af963c319aa3c1083f65f39306936b272010b5.jpg
2026-06-08,2026-06-08 22:53:53,67,BV1n17D6xEX2,116702331278408,这就是7JIA最强之人,杨齐家_,单机游戏,游戏,17,1221,2547500,5411,2461,115886,10183,18260,956,1780736508,https://www.bilibili.com/video/BV1n17D6xEX2,http://i1.hdslb.com/bfs/archive/63922fa2e9e8a18b95b8175a3bea61b0779794d1.jpg
2026-06-08,2026-06-08 22:53:53,68,BV1Vz766DE6S,116696342006745,“从来就没有什么意外 ”,DKM莫天行,GMV,GMV,121,142,1121587,261,1869,123790,21174,44528,1170,1780653600,https://www.bilibili.com/video/BV1Vz766DE6S,http://i1.hdslb.com/bfs/archive/ebae2236febce20da402b0789a87254a40b4e8b8.jpg
2026-06-08,2026-06-08 22:53:53,69,BV1EwEF62EhA,116690721443492,当校长挑选教室地板时,Cheems电玩屋,日常,生活,21,18,5468905,883,5372,221216,1376,8454,575,1780559484,https://www.bilibili.com/video/BV1EwEF62EhA,http://i0.hdslb.com/bfs/archive/8916553504d48aec3ba5ad2bdfeec5fcf7eefc1c.jpg
2026-06-08,2026-06-08 22:53:53,70,BV1pDV86oE6S,116657217344637,热烈欢迎薛凯琪！工作之余，Fiona会带哪些让自己感到快乐的东西呢～（录完这期脑海里都是Fifi的笑声,papi酱,短片,动画,256,2017,1501032,12050,5077,146876,57374,18285,8214,1780632000,https://www.bilibili.com/video/BV1pDV86oE6S,http://i2.hdslb.com/bfs/archive/032f4048d6f94c465fc10972289999cf79f2572f.jpg
2026-06-08,2026-06-08 22:53:53,71,BV13PEx63EJ3,116706575912358,这样的幸运，你想拥有吗！？🥳 #挑战# #野兽先生# #MrBeast# #vlog# #整活#,MrBeast官方账号,日常,生活,21,36,2734191,393,2185,179894,4722,9632,625,1780801241,https://www.bilibili.com/video/BV13PEx63EJ3,http://i1.hdslb.com/bfs/archive/060ed908afe9f422de1f1a505ade5b1e4ca3d8ae.jpg
2026-06-08,2026-06-08 22:53:53,72,BV15W7C6tEyc,116696425766532,送你一片夕阳！,困雀雀,仿妆cos,时尚,252,36,615415,165,2487,178636,9722,32688,2838,1780646468,https://www.bilibili.com/video/BV15W7C6tEyc,http://i2.hdslb.com/bfs/archive/86973af2078693bfe5fc81d4dae783648e7fb904.jpg
2026-06-08,2026-06-08 22:53:53,73,BV1kCVU65ERM,116669112386149,初中生斗胆跳一段jam,特崮斯,篮球,运动,235,45,6950677,11811,19480,1316886,216866,139768,20915,1780229707,https://www.bilibili.com/video/BV1kCVU65ERM,http://i1.hdslb.com/bfs/archive/5871a66dc8e356ff71da4a6d99d5922b4a6a3fce.jpg
2026-06-08,2026-06-08 22:53:53,74,BV1wPEs6pEMm,116706894749229,孤岛小夫 第二集,派之新,同人·手书,动画,47,503,1342860,726,1144,72051,4464,12478,2253,1780807094,https://www.bilibili.com/video/BV1wPEs6pEMm,http://i1.hdslb.com/bfs/archive/f16994491642562a05defddee6f04d3d2f428f15.jpg
2026-06-08,2026-06-08 22:53:53,75,BV15z766SE1A,116696341812776,假如高考什么都可以带,小安苒AIGC,校园学习,知识,208,177,2436293,3041,2717,103720,2461,8276,1989,1780646400,https://www.bilibili.com/video/BV15z766SE1A,http://i2.hdslb.com/bfs/archive/ed743a6a86446310a9957bce92faa671a082a6d8.jpg
2026-06-08,2026-06-08 22:53:53,76,BV1Vq7m6NEN8,116700368408896,【时代少年团】系列纪录片《光辉岁月》——“回南天”,时代少年团,明星综合,明星综合,137,13990,1430917,41496,3562,47596,13683,16770,1927,1780718400,https://www.bilibili.com/video/BV1Vq7m6NEN8,http://i2.hdslb.com/bfs/archive/bc281db3fee5c37911a273d2435afe8e9047405f.jpg
2026-06-08,2026-06-08 22:53:53,77,BV1HL7m6JECt,116700670395936,霸总腌入味，王鹤棣太让人笑幻了……【不舒服学】逐帧分析,一只吐槽圆,娱乐杂谈,娱乐杂谈,241,1774,1563702,21686,4633,69906,27344,12214,13812,1780711190,https://www.bilibili.com/video/BV1HL7m6JECt,http://i0.hdslb.com/bfs/archive/cfe030cb9db76b0cad1dc763db5d7299bfd51ab9.jpg
2026-06-08,2026-06-08 22:53:53,78,BV17GEP6xEDW,116692348832614,新三国up锐评楚汉传奇01：是不是我打开的方式不太对？,吃蛋挞的折棒,影视杂谈,影视,182,1348,1682406,20829,12065,140824,134251,29436,10836,1780624800,https://www.bilibili.com/video/BV17GEP6xEDW,http://i2.hdslb.com/bfs/archive/4e5cd47c8551d2b66643e2800041b7ec2d3bf729.jpg
2026-06-08,2026-06-08 22:53:53,79,BV1zDE46ZEzL,116707213512648,虎哥摩根时代只有自己用的是真的,虎哥二次元教父,鬼畜调教,鬼畜,22,16,1946225,131,1339,169261,1266,7127,752,1780811019,https://www.bilibili.com/video/BV1zDE46ZEzL,http://i2.hdslb.com/bfs/archive/167cc262dd29aa3be2b9730c13c4ce9733856d97.jpg
2026-06-08,2026-06-08 22:53:53,80,BV1s47y65E4g,116698153752165,那年你写下了什么？复盘1977—2025年高考作文题【大国之治·高考作文题】,大象放映室,财经商业,知识,207,2306,1262880,2608,4856,35127,12184,27310,7745,1780801200,https://www.bilibili.com/video/BV1s47y65E4g,http://i1.hdslb.com/bfs/archive/e403ab5119fb220e6ae7654b859643b16dec3709.jpg
2026-06-08,2026-06-08 22:53:53,81,BV1di7Q6nEu4,116701777627095,兄弟们！今天带良子水上训练，你们觉得良子能坚持多久？,健身华哥,运动综合,运动,238,217,1671967,926,10863,83429,2052,3330,3357,1780728153,https://www.bilibili.com/video/BV1di7Q6nEu4,http://i1.hdslb.com/bfs/archive/48f8a7c3b0af6baea81d423375f3ea0e18e4a44d.jpg
2026-06-08,2026-06-08 22:53:53,82,BV1vEEP6HEFw,116692281789801,2025年出货量370万台！激光雷达真成“安全气囊”了？,保镖的车库,新能源车,新能源车,247,606,2252301,650,985,142939,3606,12486,500,1780653900,https://www.bilibili.com/video/BV1vEEP6HEFw,http://i1.hdslb.com/bfs/archive/76872e6b743f73527ee70c89a75c39214a868540.jpg
2026-06-08,2026-06-08 22:53:53,83,BV1747S6SExf,116701039495420,师傅：成功挑战人类！,猪大肠and方一蛋,喵星人,喵星人,218,44,1890421,971,2283,163664,4521,6139,3913,1780717504,https://www.bilibili.com/video/BV1747S6SExf,http://i2.hdslb.com/bfs/archive/3449f80a251dbb861606222cd047b34839e4e173.jpg
2026-06-08,2026-06-08 22:53:53,84,BV1fV7C6PEC3,116696811571160,当我出提纳里时收到了植物学博士录取通知,乔落落啊,仿妆cos,时尚,252,27,826182,3813,2781,195907,5066,5759,614,1780652265,https://www.bilibili.com/video/BV1fV7C6PEC3,http://i1.hdslb.com/bfs/archive/a6bca5345beae937c7e2979d6d22be6cbdaa9f2e.jpg
2026-06-08,2026-06-08 22:53:53,85,BV1x77Q6eE7o,116702247457814,《绝区零》3.0版本PV | 某个梦游者的自白,绝区零,手机游戏,游戏,172,2575,876681,4049,5469,56384,15692,10168,2629,1780749000,https://www.bilibili.com/video/BV1x77Q6eE7o,http://i2.hdslb.com/bfs/archive/87c8066e1d2dab7418e493b02cf3efa0e0b9a4b7.jpg
2026-06-08,2026-06-08 22:53:53,86,BV1Lt7m63EdD,116700267742890,你脑中出现两个声音…,四夕小田木_,小剧场,娱乐,85,38,951220,190,1505,158006,5797,10799,1077,1780705023,https://www.bilibili.com/video/BV1Lt7m63EdD,http://i0.hdslb.com/bfs/archive/7a454bc24acdaf53f3719c390fd9ec4c58605c0c.jpg
2026-06-08,2026-06-08 22:53:53,87,BV1FV7C6KESW,116696811773804,好惨一国家，盛产倒霉总统【东非02丨马拉维】,小王Albert,人文历史,知识,228,1494,1164151,2525,1222,65262,11896,9145,626,1780707600,https://www.bilibili.com/video/BV1FV7C6KESW,http://i2.hdslb.com/bfs/archive/2e15f92493ab2c9e39e067e70d1399dcd094f406.jpg
2026-06-08,2026-06-08 22:53:53,88,BV1fd7C6vEA8,116698489357988,开局仅有一格云平台？传奇极限空岛生存！,陶艺猫,单机游戏,游戏,17,951,738189,1104,969,58356,26168,10964,1531,1780711500,https://www.bilibili.com/video/BV1fd7C6vEA8,http://i0.hdslb.com/bfs/archive/fe29c19a4bfe19e414b572cc9869ab6a64e80601.jpg
2026-06-08,2026-06-08 22:53:53,89,BV1xzE46KEFk,116707616098534,为了知晓地球年龄，人类究竟有多难？,星团菌,日常,生活,21,2606,1156028,1910,1329,52617,10432,14378,1102,1780835400,https://www.bilibili.com/video/BV1xzE46KEFk,http://i2.hdslb.com/bfs/archive/deeb691257a57979e33569ddbda3f66373262351.jpg
2026-06-08,2026-06-08 22:53:53,90,BV1uX7k6UEPn,116696761239539,把硬装的喊过来！,脱缰凯Kk,小剧场,娱乐,85,219,1437191,1709,1779,103601,3587,10767,729,1780651876,https://www.bilibili.com/video/BV1uX7k6UEPn,http://i1.hdslb.com/bfs/archive/1a5306b127f7814fe75bc726966f0f675fcb7e33.jpg
2026-06-08,2026-06-08 22:53:53,91,BV1U87D6iEK2,116702834662934,老吴大师,皮欧皮皮,喵星人,喵星人,218,116,952297,1181,2505,105213,1706,11180,8728,1780744103,https://www.bilibili.com/video/BV1U87D6iEK2,http://i0.hdslb.com/bfs/archive/d0b24d7ecbe3b7c2fbd943beec85bee6128300d7.jpg
2026-06-08,2026-06-08 22:53:53,92,BV1xCEb63Ewg,116708471736833,【TF家族练习生】《四一有意思》09:《我们与“影弟”的距离》（下）,TF家族,明星综合,明星综合,137,2405,904835,331188,3854,45342,5758,20303,1229,1780830000,https://www.bilibili.com/video/BV1xCEb63Ewg,http://i0.hdslb.com/bfs/archive/5d11b912eac44c5ad5cf8c93db359e80e3186d2e.jpg
2026-06-08,2026-06-08 22:53:53,93,BV1W6VZ6MEbd,116674313328609,🍄欠揍气球🍄,纸片马力欧,日常,生活,21,40,4937936,7737,11351,557186,45426,297057,83689,1780309043,https://www.bilibili.com/video/BV1W6VZ6MEbd,http://i0.hdslb.com/bfs/archive/3d18bae01c4fc365d9e7e0ede5efb926e32115ad.jpg
2026-06-08,2026-06-08 22:53:53,94,BV1cs7Q6fEQX,116702230616264,双绝之战,ioeop,网络游戏,游戏,65,35,1854136,123,1258,130508,1521,16088,6710,1780734931,https://www.bilibili.com/video/BV1cs7Q6fEQX,http://i1.hdslb.com/bfs/archive/1026961aa82bcc307e2feec6322493bb3d5b1190.jpg
2026-06-08,2026-06-08 22:53:53,95,BV1Xh7168ESr,116699395266567,一期视频教会你公式化手炮开局炸一队,麒麟--三角洲行动,网络游戏,游戏,65,53,1449535,87,1002,87036,1579,49682,7585,1780729200,https://www.bilibili.com/video/BV1Xh7168ESr,http://i1.hdslb.com/bfs/archive/40350b382e3bd6f3e06fd0adf770a6010bb346b2.jpg
2026-06-08,2026-06-08 22:53:53,96,BV1eVEn6fEwP,116703304357775,高考日子678，祝你—录取吧！,碎嘴企鹅,搞笑,娱乐,138,110,775734,1190,7744,117321,2133,4956,516,1780751436,https://www.bilibili.com/video/BV1eVEn6fEwP,http://i0.hdslb.com/bfs/archive/89dfb44cf51f7845972489cbc8fed63d78368801.jpg
2026-06-08,2026-06-08 22:53:53,97,BV1w6EF6QEjZ,116690033778619,不看后悔！史上最神人店家！,转生成为毛毛,美食侦探,美食,212,186,3677846,4195,9619,187200,5584,31557,15883,1780563600,https://www.bilibili.com/video/BV1w6EF6QEjZ,http://i1.hdslb.com/bfs/archive/07cb98d8f59285212c90c7646739a87803bf06c0.jpg
2026-06-08,2026-06-08 22:53:53,98,BV1D97y6dERH,116697919004560,拿人罐罐，替人消灾,布丁仔和泡芙妹的一天,喵星人,喵星人,218,23,2744183,508,3055,153676,495,6321,849,1780669119,https://www.bilibili.com/video/BV1D97y6dERH,http://i2.hdslb.com/bfs/archive/fc9d115669e9ba8a3d141ba74d6e7da1e5f327c9.jpg
2026-06-08,2026-06-08 22:53:53,99,BV1dhEH6KERy,116704277435502,【良子本人胃袋这一块】新作上线，快来看看！,良子本人胃袋这一块,美食记录,美食,215,48,2943238,1070,2936,128109,484,7068,3731,1780766174,https://www.bilibili.com/video/BV1dhEH6KERy,http://i2.hdslb.com/bfs/archive/f1437a5649b4d529e263388e4c95984ffb5cad90.jpg
2026-06-08,2026-06-08 22:53:53,100,BV1gP7Q6VE6p,116702129950535,选择你的高考助力官,三三-关注取图,综合,综合,27,16,391173,548,4121,112602,1381,32053,3357,1780733269,https://www.bilibili.com/video/BV1gP7Q6VE6p,http://i0.hdslb.com/bfs/archive/dc9248cceb1e04dbd4235ea16c486602da7d7cbc.jpg
