rank_date,snapshot_time,rank_position,bvid,aid,title,author,category,main_category,tid,duration,view_count,danmaku_count,reply_count,like_count,coin_count,favorite_count,share_count,pubdate,video_url,cover_url
2026-06-09,2026-06-09 02:09:14,1,BV15C7k6REKC,116697197451293,公测定档7月 | 《遗忘之海》船员集结摇滚MV「燥」,遗忘之海,GMV,GMV,121,205,7473317,1511,2715,132996,86367,84600,4990,1780711200,https://www.bilibili.com/video/BV15C7k6REKC,http://i0.hdslb.com/bfs/archive/bef8db958217ad42ed011f4bf5d5d6c1cf3a4bad.jpg
2026-06-09,2026-06-09 02:09:14,2,BV1Uj7k6VEPU,116697432395968,信 |《归唐》19分钟完整实机演示,归唐,单机游戏,游戏,17,1167,10489303,24269,34346,157195,48394,31598,62767,1780791300,https://www.bilibili.com/video/BV1Uj7k6VEPU,http://i1.hdslb.com/bfs/archive/73972f02b3d2a52c97a1ec81e53403fef6160006.jpg
2026-06-09,2026-06-09 02:09:14,3,BV1TnEt6MEHn,116709042165737,《原神》角色预告-「洛恩：『杰作』」,原神,手机游戏,游戏,172,729,1671790,9321,10086,201641,66102,43864,28653,1780891200,https://www.bilibili.com/video/BV1TnEt6MEHn,http://i1.hdslb.com/bfs/archive/338dd06fe0b8324ca26ec3f146f610f500448221.jpg
2026-06-09,2026-06-09 02:09:14,4,BV1WY7U6dEJ5,116699814693875,【微电影】人类文明的最后一届高考,最后讲述者,鬼畜剧场,鬼畜剧场,216,263,2297046,3165,6437,186336,23720,44055,10677,1780709400,https://www.bilibili.com/video/BV1WY7U6dEJ5,http://i2.hdslb.com/bfs/archive/40a717d48c3dbeb9559b00a07a88af6cfd5181fb.jpg
2026-06-09,2026-06-09 02:09:14,5,BV1xkE46PE59,116707649656463,参加了九次高考的考生采访,自来卷三木,日常,生活,21,99,4612491,4319,4412,310057,8400,21923,9156,1780817665,https://www.bilibili.com/video/BV1xkE46PE59,http://i1.hdslb.com/bfs/archive/2c51e17d5ab278033691d055015af26638867e5b.jpg
2026-06-09,2026-06-09 02:09:14,6,BV1T9Vm6UE2N,116684681647760,《古剑》3分钟战斗实机 | 线下试玩招募开启,古剑,单机游戏,游戏,17,168,5510216,3672,10691,104671,64299,46267,24171,1780698215,https://www.bilibili.com/video/BV1T9Vm6UE2N,http://i0.hdslb.com/bfs/archive/d18a0e2a80905c1a2bfe0d000c3ca47aa1548899.jpg
2026-06-09,2026-06-09 02:09:14,7,BV1cu7r6FEPd,116696023045705,英国，沦为印度殖民地,平原公子,日常,生活,21,463,3670289,15164,10443,237326,11333,26295,24324,1780640137,https://www.bilibili.com/video/BV1cu7r6FEPd,http://i1.hdslb.com/bfs/archive/95ba7fb80bc2a46fc2c8f7ff69a08c57c40ef914.jpg
2026-06-09,2026-06-09 02:09:14,8,BV1CQ7o61ERo,116689798764442,人，握爪后就不要放开咯！——《伊莫》握爪测试招募开启,伊莫,手机游戏,游戏,172,119,5263345,782,4621,168757,41786,131289,85318,1780797600,https://www.bilibili.com/video/BV1CQ7o61ERo,http://i0.hdslb.com/bfs/archive/06bcb84e42974283a3ade3bf6fbee2302b4b4d96.jpg
2026-06-09,2026-06-09 02:09:14,9,BV15v7S65EWD,116701022717876,挑战给历史故事打tag（标签）,混饭达人,娱乐杂谈,娱乐杂谈,241,77,3627652,3802,2839,294609,7562,35179,18705,1780716510,https://www.bilibili.com/video/BV15v7S65EWD,http://i2.hdslb.com/bfs/archive/1845b193e356ee0f6b686419e20cc96fe1678367.jpg
2026-06-09,2026-06-09 02:09:14,10,BV16w7D6RERW,116700921988742,007看后:追逐战？,MEspace天植,绘画,绘画,162,49,2863651,288,1212,281763,27685,49277,2563,1780714922,https://www.bilibili.com/video/BV16w7D6RERW,http://i2.hdslb.com/bfs/archive/f35dab38094910739815ae6424bcceee9316f8f7.jpg
2026-06-09,2026-06-09 02:09:14,11,BV1xU7f6xEjt,116690939546284,CF单机叙事续作——《穿越火线：潜伏》实机首曝,穿越火线潜伏,单机游戏,游戏,17,308,6573680,1978,6597,132316,7619,27287,15629,1780696800,https://www.bilibili.com/video/BV1xU7f6xEjt,http://i0.hdslb.com/bfs/archive/140a4abb0c80a2aa1e7cb7126c978567b667ed12.jpg
2026-06-09,2026-06-09 02:09:14,12,BV1xR7S6hEkB,116700804683368,菲比：就你们寝室最吵！！,Lm海洋,音乐综合,音乐,130,262,1328391,789,4271,101963,73635,46022,15992,1780713190,https://www.bilibili.com/video/BV1xR7S6hEkB,http://i1.hdslb.com/bfs/archive/348cd3608f962369b093721ee90e2515a127a833.jpg
2026-06-09,2026-06-09 02:09:14,13,BV1rg7C6TEUm,116696912369911,一句“一氧化二氢”能钓出多少“读稿机”？,中国食品报融媒体,科学科普,知识,201,291,5130963,7060,23567,218035,17456,26532,18122,1780653928,https://www.bilibili.com/video/BV1rg7C6TEUm,http://i1.hdslb.com/bfs/archive/1081ed32a36e81bee443915a997ed5f2bd56badd.jpg
2026-06-09,2026-06-09 02:09:14,14,BV1ZvEt6oEWR,116709209935672,锐评2026年数学高考，我雷霆大怒,聊城市茬平区第一中学,日常,生活,21,739,2742789,5007,22415,116674,19734,27818,20713,1780841328,https://www.bilibili.com/video/BV1ZvEt6oEWR,http://i0.hdslb.com/bfs/archive/6d19a0c156e6b82f71035cacec0f450bd19fb6c6.jpg
2026-06-09,2026-06-09 02:09:14,15,BV1wE7m67EAF,116700569671653,“我在成华大道「拼接遗憾」”,Dieorite,人力VOCALOID,人力VOCALOID,126,116,746188,3366,1779,165923,36504,47723,3109,1780709690,https://www.bilibili.com/video/BV1wE7m67EAF,http://i1.hdslb.com/bfs/archive/b7a88bfce9322211ddb670d69d549967dba6591e.jpg
2026-06-09,2026-06-09 02:09:14,16,BV1pW7Q68Emz,116702180348281,这期谁能绷住,呱唧菌,搞笑,娱乐,138,339,2616918,2214,1676,184823,10518,51988,2411,1780741800,https://www.bilibili.com/video/BV1pW7Q68Emz,http://i2.hdslb.com/bfs/archive/5ae6e1d11721490eb4a17034e97a4c36afdca5f0.jpg
2026-06-09,2026-06-09 02:09:14,17,BV1vR7D6JEEm,116702566223209,全球吃席！自驾巴尔干婚礼，吃欧洲乡村大席,食贫道,日常,生活,21,3274,1532603,9232,1889,137661,50884,17876,3715,1780741089,https://www.bilibili.com/video/BV1vR7D6JEEm,http://i2.hdslb.com/bfs/archive/b23120503d27e3049c25e887901c19df17a98fe1.jpg
2026-06-09,2026-06-09 02:09:14,18,BV1dY7Q6pEQZ,116701878291791,千里奔赴只为弥补40年前的遗憾,赛亚人阿廖,出行,生活,250,246,1341065,2527,1939,151937,39470,16986,542,1780729530,https://www.bilibili.com/video/BV1dY7Q6pEQZ,http://i0.hdslb.com/bfs/archive/5f9f719eb1fb6326b0a2eabe298cd1484afab3e6.jpg
2026-06-09,2026-06-09 02:09:14,19,BV1hG7y69Ej2,116698036313694,史上最骚特工(第二集),老番茄,单机游戏,游戏,17,842,2658027,3477,1878,151925,49726,43464,2631,1780716600,https://www.bilibili.com/video/BV1hG7y69Ej2,http://i2.hdslb.com/bfs/archive/c4778bfde8d395e0f91e2f746393736302e8205c.jpg
2026-06-09,2026-06-09 02:09:14,20,BV1ZREP6dEcU,116693758117714,扫落叶全清洁100%速通39分03秒leaf it alone,闲云豹,单机游戏,游戏,17,2367,1767381,1858,2600,148295,15746,33457,6302,1780605809,https://www.bilibili.com/video/BV1ZREP6dEcU,http://i1.hdslb.com/bfs/archive/310db23466f62e9399f25f92c8d2b0af953476d6.jpg
2026-06-09,2026-06-09 02:09:14,21,BV1uX7k6UENx,116696761239484,巨构：没有告别,巨构ai,网络游戏,游戏,65,19,3229170,6664,8142,507892,27725,171665,8129,1780651506,https://www.bilibili.com/video/BV1uX7k6UENx,http://i0.hdslb.com/bfs/archive/1422e60b2923b373953bd4ce6433b6f0e91f9501.jpg
2026-06-09,2026-06-09 02:09:14,22,BV1s7V46XEix,116655590017716,评论区摄影大赛之火遍全网的佳作篇，本期有锐评系列也有破败与新生佳作，欢迎投稿好的作品会让更多人看到。,摄影恩哥,日常,生活,21,124,5539348,1987,11272,344823,2928,26707,1131,1780738200,https://www.bilibili.com/video/BV1s7V46XEix,http://i1.hdslb.com/bfs/archive/58aada2ca9cd83b3f4d86b331759b2c832c8bcb4.jpg
2026-06-09,2026-06-09 02:09:14,23,BV168796PEv1,116685839403735,如此仙音唯有挠臭,lulu和露爸,喵星人,喵星人,218,26,5406852,20130,6567,673680,20604,131044,29091,1780484850,https://www.bilibili.com/video/BV168796PEv1,http://i1.hdslb.com/bfs/archive/87f3ce4876a2e50e34a2c1b24dfe10ae34700a55.jpg
2026-06-09,2026-06-09 02:09:14,24,BV1dq7Q6SEbX,116701827961912,最不吃压力之熊,传奇飞行员_太日阳莽,鬼畜剧场,鬼畜剧场,216,91,2335444,812,3368,183634,3772,41929,6179,1780728644,https://www.bilibili.com/video/BV1dq7Q6SEbX,http://i2.hdslb.com/bfs/archive/cdfe2d04e5d60dbd700833f920d17d40cebc2d39.jpg
2026-06-09,2026-06-09 02:09:14,25,BV1PP7C63E2J,116696710912022,《师》我回母校当老师,阿廖沙别害怕_,搞笑,娱乐,138,296,2238732,567,1217,199949,5573,15930,720,1780650587,https://www.bilibili.com/video/BV1PP7C63E2J,http://i0.hdslb.com/bfs/archive/b04455fde128b88ff0a92e264778512242510bc9.jpg
2026-06-09,2026-06-09 02:09:14,26,BV1um7665EpW,116696325033820,讷,水生植物人owo,日常,生活,21,16,1603793,1341,8829,229607,6607,60002,21881,1780644714,https://www.bilibili.com/video/BV1um7665EpW,http://i2.hdslb.com/bfs/archive/ce971f171b1f22d061819b3fea882f5d4af2a608.jpg
2026-06-09,2026-06-09 02:09:14,27,BV1JJ7m62ELC,116700620065327,最直接的伤害往往只需采用最简单的普通攻击 #超能力 #万万没想到 #反转 #劲大,刘不凡本凡,短片,动画,256,364,2890184,3318,7747,154529,2506,18833,1098,1780719600,https://www.bilibili.com/video/BV1JJ7m62ELC,http://i1.hdslb.com/bfs/archive/1b35b982075822d704a03ec34c21632ebcfa9044.jpg
2026-06-09,2026-06-09 02:09:14,28,BV1LR7D6JEV7,116702566156828,Re：佩恩从零开始的异世界生活！！！【水门篇】,-夏秋冬-,综合,综合,27,416,1377828,1724,4262,88077,32252,26150,5620,1780740005,https://www.bilibili.com/video/BV1LR7D6JEV7,http://i1.hdslb.com/bfs/archive/7b1442110a7b65950b9bb9ed1c2c29908c642732.jpg
2026-06-09,2026-06-09 02:09:14,29,BV1UV7k6LEUG,116697264627213,航天会刷典狱长？！【三角洲动画】,手折余弦丶,电子竞技,游戏,171,300,1457039,1559,1973,120301,14478,32451,3807,1780659017,https://www.bilibili.com/video/BV1UV7k6LEUG,http://i0.hdslb.com/bfs/archive/eb575db6391346950b2623259e6c0c6469239e03.jpg
2026-06-09,2026-06-09 02:09:14,30,BV1Ja7k6AE1b,116697063235411,我又给花朵加了个开关！,是玉木呀,设计·创意,设计·创意,229,104,1124431,595,945,182543,21652,37344,3816,1780656042,https://www.bilibili.com/video/BV1Ja7k6AE1b,http://i0.hdslb.com/bfs/archive/c05470a618fc67ee60cb9df153eb5ad6d3c8ce08.jpg
2026-06-09,2026-06-09 02:09:14,31,BV1YVEn6fEmZ,116703304356999,那天真有其他人在场，但我没法证明。,何大爷课堂,人文历史,知识,228,123,2387139,424,3424,183714,4330,16797,1342,1780751375,https://www.bilibili.com/video/BV1YVEn6fEmZ,http://i1.hdslb.com/bfs/archive/36a36b65d7a5cdced8c027e2371074acb5dd204b.jpg
2026-06-09,2026-06-09 02:09:14,32,BV17q7y6qEeG,116697767874225,当代牢大学生论文现状belike：,黑曼波语录,鬼畜调教,鬼畜,22,78,1805104,269,2146,139177,5147,95004,11417,1780716900,https://www.bilibili.com/video/BV17q7y6qEeG,http://i2.hdslb.com/bfs/archive/a42866374c2dd87fd5093121386c1dd1372e10a6.jpg
2026-06-09,2026-06-09 02:09:14,33,BV17z7y6KEVT,116697751096214,可爱的安魂曲~,徐大花xudahua,手工,生活,161,158,2045738,456,1717,127041,8604,19072,3192,1780718400,https://www.bilibili.com/video/BV17z7y6KEVT,http://i2.hdslb.com/bfs/archive/2fbc38542399965a708c159f85533b4f5065fe8c.jpg
2026-06-09,2026-06-09 02:09:14,34,BV19N7y6bE1e,116698455803490,全体起立鼓掌！人类发现了治癌症的新药！🤯,蜗牛的科技笔记,软件应用,软件应用,230,115,1689550,1428,7508,155541,6463,26025,10851,1780677279,https://www.bilibili.com/video/BV19N7y6bE1e,http://i2.hdslb.com/bfs/archive/3b5f57bbd2f68b33097261f34d0cbb700b9439ce.jpg
2026-06-09,2026-06-09 02:09:14,35,BV1VD726iE1t,116698791282580,《猴王出事》,伤心欲茄222,搞笑,娱乐,138,103,2740977,1314,4070,185203,7431,9740,6901,1780718400,https://www.bilibili.com/video/BV1VD726iE1t,http://i1.hdslb.com/bfs/archive/2fa41f4d1af95817e553d8fd8c6eeb7fc16a9d82.jpg
2026-06-09,2026-06-09 02:09:14,36,BV1df7r6REpB,116695469463690,如何在家制造浓汤宝,嘤武罗,日常,生活,21,501,5123693,3800,3563,200760,50706,49239,3107,1780650000,https://www.bilibili.com/video/BV1df7r6REpB,http://i2.hdslb.com/bfs/archive/94c85d2ebad9002fcbad0c7ef2f3c8a3f1ec6768.jpg
2026-06-09,2026-06-09 02:09:14,37,BV1uXEA6gEMu,116692567070822,“别着急，我来给你补充「偶！像！能！量！」”,小耗owo,手机游戏,游戏,172,80,1299423,1015,2765,254983,18491,58788,11969,1780624800,https://www.bilibili.com/video/BV1uXEA6gEMu,http://i1.hdslb.com/bfs/archive/64822f49e99e9fb8b41ba5e0f9e06f48d4b76446.jpg
2026-06-09,2026-06-09 02:09:14,38,BV19v7S65ESU,116701022849204,我给爱车打造了一套废土战甲,手工耿,手工,生活,161,829,1859203,8751,2451,118729,20701,10007,4927,1780799533,https://www.bilibili.com/video/BV19v7S65ESU,http://i2.hdslb.com/bfs/archive/b1cf38027520b335d07b96dd1246fcde8d20a730.jpg
2026-06-09,2026-06-09 02:09:14,39,BV1bd7k62Epb,116696794863371,LV6有啥用?一个视频看懂LV6所有特权功能,威尔斯耍流氓,搞笑,娱乐,138,193,832779,12104,21307,75681,45768,10908,4909,1780652357,https://www.bilibili.com/video/BV1bd7k62Epb,http://i1.hdslb.com/bfs/archive/96eeed5029dce27d3f6ea0160d4ade58d6afb34e.jpg
2026-06-09,2026-06-09 02:09:14,40,BV1Jj7C6AEPq,116696845193451,是我还不够好,怎么转身又是,MMD·3D,动画,25,67,2294827,6201,8496,216817,12757,57035,35009,1780652794,https://www.bilibili.com/video/BV1Jj7C6AEPq,http://i0.hdslb.com/bfs/archive/c261bcb22b8b34b31c0d9cb2e04b0a49a318b123.jpg
2026-06-09,2026-06-09 02:09:14,41,BV1GiEg6PE3v,116713588787899,《明日方舟》EP - 夏日远去之后,明日方舟,手机游戏,游戏,172,256,438797,5400,8499,71874,32805,21670,17730,1780909200,https://www.bilibili.com/video/BV1GiEg6PE3v,http://i1.hdslb.com/bfs/archive/a5c5345866b686d7c435dfd3080cd1d16d129659.jpg
2026-06-09,2026-06-09 02:09:14,42,BV11cEK6rELU,116712364116494,地牢酒馆-13集 《碎骨大帐篷》,粘土工厂,单机游戏,游戏,17,257,781888,1196,2402,114152,19261,13755,1568,1780891200,https://www.bilibili.com/video/BV11cEK6rELU,http://i1.hdslb.com/bfs/archive/436f2a6d53b97fddf0f85b258c997b4f911e2a32.jpg
2026-06-09,2026-06-09 02:09:14,43,BV1WT7C6uEj8,116696878749194,猫 咪 的 花 语 是 老 吴🎵,幾加乘,同人·手书,动画,47,259,1843349,1804,3614,129358,20069,27429,12258,1780653131,https://www.bilibili.com/video/BV1WT7C6uEj8,http://i0.hdslb.com/bfs/archive/ad354ddb8c2e2bf697327dc182835b3d6014f4b1.jpg
2026-06-09,2026-06-09 02:09:14,44,BV1tV7k6LEyH,116697264556028,你或许不认识我 但我唱的歌你或许？？听过？,喵☆酱,翻唱,音乐,31,443,677035,6474,3011,133714,9070,20861,1423,1780659262,https://www.bilibili.com/video/BV1tV7k6LEyH,http://i1.hdslb.com/bfs/archive/f27fa302b117dedb6f353c75770d440ca8982c33.jpg
2026-06-09,2026-06-09 02:09:14,45,BV1Xa7m6qEm7,116700217347938,意识深渊：我真的存在吗？,大圆镜科普,科学科普,知识,201,484,1026495,1449,2402,94515,3572,18321,1694,1780704207,https://www.bilibili.com/video/BV1Xa7m6qEm7,http://i1.hdslb.com/bfs/archive/2d760490c4cfbae1c3b9168320f075ace66ad15a.jpg
2026-06-09,2026-06-09 02:09:14,46,BV1TK7S6PESt,116701341420908,日菲台岛东部“划界”，我们和两国防长现场对线！,玉渊谭天,科学科普,知识,201,466,826877,5882,5015,89441,29275,10142,2349,1780729200,https://www.bilibili.com/video/BV1TK7S6PESt,http://i0.hdslb.com/bfs/archive/4f11eda2d2c34ea69bc20938c15ebcc0e4b3affc.jpg
2026-06-09,2026-06-09 02:09:14,47,BV1yk7X6KEz4,116686023891513,2高中生屠杀同学，造成13人死亡后自杀，开启美国校园枪击案先河：科伦拜恩枪击案,捕月说,人文历史,知识,228,733,2903429,1198,1065,93890,1400,13286,696,1780654200,https://www.bilibili.com/video/BV1yk7X6KEz4,http://i2.hdslb.com/bfs/archive/b52e8d555de710438989ea0831c1fa8211fbe67d.jpg
2026-06-09,2026-06-09 02:09:14,48,BV15d7D6UE4i,116702549379788,世界杯期间不抓移民？那这世界杯不是白办了吗,麻薯波比呀,社科·法律·心理,知识,124,995,2052627,7865,4009,102599,14782,12284,2912,1780740025,https://www.bilibili.com/video/BV15d7D6UE4i,http://i2.hdslb.com/bfs/archive/91940674117acf43b95f7a6e2e7ab686470cc3ea.jpg
2026-06-09,2026-06-09 02:09:14,49,BV1xZ7k6LESp,116696778084201,“哎呀 我们的主角倒下啦～”,西门小昭,综合,综合,27,30,877130,140,1276,166395,12428,66953,3135,1780655400,https://www.bilibili.com/video/BV1xZ7k6LESp,http://i2.hdslb.com/bfs/archive/2c5c6c548ed488771077293e2f7bfcfb435e4744.jpg
2026-06-09,2026-06-09 02:09:14,50,BV1g8Es6vEKZ,116706609598663,《鸣潮》× 《赛博朋克：边缘行者》 联动PV | 暗巷怪谈,鸣潮,手机游戏,游戏,172,598,2449399,2015,10151,68027,23766,11785,12176,1780804800,https://www.bilibili.com/video/BV1g8Es6vEKZ,http://i2.hdslb.com/bfs/archive/e73c3fc833ee1693dcf748e29538070e01b8fd40.jpg
2026-06-09,2026-06-09 02:09:14,51,BV1kv7262EyU,116698623578210,公司给粉丝安排了30万的水上宫殿...,飓多多StormCrew,日常,生活,21,852,1834831,3861,2651,91720,21244,18146,2177,1780714800,https://www.bilibili.com/video/BV1kv7262EyU,http://i2.hdslb.com/bfs/archive/a59944bd6ce91c0bbc28d8c8b560e8b73c31e976.jpg
2026-06-09,2026-06-09 02:09:14,52,BV1KG7S6FECF,116701274313735,小孩只是请男人吃了一块羊肉，男人转手就掏出一个900克的大金轮,懂一点人情世故,影视剪辑,影视,183,425,1934119,1271,1174,96588,1404,10173,517,1780720244,https://www.bilibili.com/video/BV1KG7S6FECF,http://i2.hdslb.com/bfs/archive/7635c90a615f292f19e67c7de1d91e5c8a697033.jpg
2026-06-09,2026-06-09 02:09:14,53,BV1Bm7U6jEDZ,116701542815709,《爱，你》,是许木木啊,日常,生活,21,1043,1004556,5773,4502,101387,12717,24587,1777,1780738200,https://www.bilibili.com/video/BV1Bm7U6jEDZ,http://i0.hdslb.com/bfs/archive/fd7de4f643c70f1117b5d4f7ef9d1878ffc094bd.jpg
2026-06-09,2026-06-09 02:09:14,54,BV15iEc6VEfH,116691577216788,路边一块，也能变废为宝，雕刻出大家想要的题材我不知道什么时候天才会亮，但我知道，跑着跑着，天就亮了。,小梨家的和田玉,手工,生活,161,220,6505793,4280,12872,248478,8935,23934,4125,1780572193,https://www.bilibili.com/video/BV15iEc6VEfH,http://i2.hdslb.com/bfs/archive/c1597efe82d66a7f728f8bdd84505eff4b7f5ac9.jpg
2026-06-09,2026-06-09 02:09:14,55,BV1YV7U6zEps,116699697254319,小登VS老登,灼眼的SABER哒,同人·手书,动画,47,63,1094619,541,2763,136969,12391,47155,11162,1780718400,https://www.bilibili.com/video/BV1YV7U6zEps,http://i0.hdslb.com/bfs/archive/dce2758cd8546e893008888b88f215364194d4a7.jpg
2026-06-09,2026-06-09 02:09:14,56,BV1Zj7C6wEJY,116696845125445,织棉为布，非遗土布。用千年蓝染，重现极致的东方浪漫,花木紫Huamuz,手工,生活,161,401,1271027,1820,2703,103738,9780,10536,796,1780652882,https://www.bilibili.com/video/BV1Zj7C6wEJY,http://i0.hdslb.com/bfs/archive/753a39454d2f1455af84effb021941e20ad4c2c7.jpg
2026-06-09,2026-06-09 02:09:14,57,BV1TR766zEvE,116695972714489,在沙漠里种了1800万棵树，然后呢？,影视飓风,娱乐粉丝创作,娱乐,242,756,3316161,11394,3138,167259,63412,28099,2997,1780650000,https://www.bilibili.com/video/BV1TR766zEvE,http://i1.hdslb.com/bfs/archive/af434541e40c0402ac850fc6783faa3ed5bfdda9.jpg
2026-06-09,2026-06-09 02:09:14,58,BV1787S6mEV8,116701073053928,这里藏着一群“伪人”,摸鱼佬临风,鬼畜剧场,鬼畜剧场,216,354,453209,454,891,85643,6202,28228,1205,1780717427,https://www.bilibili.com/video/BV1787S6mEV8,http://i2.hdslb.com/bfs/archive/d2a4fc8b8017160bc03e17f14d6fbedd690059c1.jpg
2026-06-09,2026-06-09 02:09:14,59,BV13c7S6qE5a,116701324648092,大哥豪刷10个爱神之箭！头开8个苹果全程揪心，接连翻车差点心态崩盘！,语格yoga,舞蹈综合,舞蹈综合,154,271,1658116,2189,3703,92250,10746,6701,2857,1780721492,https://www.bilibili.com/video/BV13c7S6qE5a,http://i1.hdslb.com/bfs/archive/e2af963c319aa3c1083f65f39306936b272010b5.jpg
2026-06-09,2026-06-09 02:09:14,60,BV1Vz766DE6S,116696342006745,“从来就没有什么意外 ”,DKM莫天行,GMV,GMV,121,142,1139671,267,1894,126266,21635,45461,1207,1780653600,https://www.bilibili.com/video/BV1Vz766DE6S,http://i1.hdslb.com/bfs/archive/ebae2236febce20da402b0789a87254a40b4e8b8.jpg
2026-06-09,2026-06-09 02:09:14,61,BV1q1Vy64EqA,116682450274928,给朋友做的一本翻翻乐,花颜和鸣,日常,生活,21,70,918126,1220,3194,200857,18429,32520,1353,1780589700,https://www.bilibili.com/video/BV1q1Vy64EqA,http://i0.hdslb.com/bfs/archive/b6ed86d5a0591cf027f6b65a4770f1c9656617d7.jpg
2026-06-09,2026-06-09 02:09:14,62,BV1n17D6xEX2,116702331278408,这就是7JIA最强之人,杨齐家_,单机游戏,游戏,17,1221,2578993,5474,2484,117308,10283,18426,979,1780736508,https://www.bilibili.com/video/BV1n17D6xEX2,http://i1.hdslb.com/bfs/archive/63922fa2e9e8a18b95b8175a3bea61b0779794d1.jpg
2026-06-09,2026-06-09 02:09:14,63,BV13PEx63EJ3,116706575912358,这样的幸运，你想拥有吗！？🥳 #挑战# #野兽先生# #MrBeast# #vlog# #整活#,MrBeast官方账号,日常,生活,21,36,2767466,401,2210,183035,4798,9841,639,1780801241,https://www.bilibili.com/video/BV13PEx63EJ3,http://i1.hdslb.com/bfs/archive/060ed908afe9f422de1f1a505ade5b1e4ca3d8ae.jpg
2026-06-09,2026-06-09 02:09:14,64,BV1wEEc6REms,116692097238799,城市大富翁（5）,雨哥到处跑,日常,生活,21,3846,1979008,41693,5342,161061,127340,42618,5383,1780628700,https://www.bilibili.com/video/BV1wEEc6REms,http://i1.hdslb.com/bfs/archive/8628e50dc2e56aec5815c8e3f665d304cfe23d80.jpg
2026-06-09,2026-06-09 02:09:14,65,BV1wPEs6pEMm,116706894749229,孤岛小夫 第二集,派之新,同人·手书,动画,47,503,1404342,755,1212,75184,4696,13190,2375,1780807094,https://www.bilibili.com/video/BV1wPEs6pEMm,http://i1.hdslb.com/bfs/archive/f16994491642562a05defddee6f04d3d2f428f15.jpg
2026-06-09,2026-06-09 02:09:14,66,BV1xzE46KEFk,116707616098534,为了知晓地球年龄，人类究竟有多难？,星团菌,日常,生活,21,2606,1333918,2114,1545,59918,11792,16808,1309,1780835400,https://www.bilibili.com/video/BV1xzE46KEFk,http://i2.hdslb.com/bfs/archive/deeb691257a57979e33569ddbda3f66373262351.jpg
2026-06-09,2026-06-09 02:09:14,67,BV13HEw6rEhc,116691140873202,接龙游戏开发，但都绷住了,M木糖M,单机游戏,游戏,17,933,2056153,1818,1261,97671,13996,18400,1744,1780630200,https://www.bilibili.com/video/BV13HEw6rEhc,http://i2.hdslb.com/bfs/archive/1083ae38f0917802668505e94ed2fe06226cc58b.jpg
2026-06-09,2026-06-09 02:09:14,68,BV1gsEw6zExs,116691040208641,你的高考/中考/期末考belike,哈基mer-猫meme,搞笑,娱乐,138,22,1056945,32853,2788,330595,34738,66748,5877,1780564012,https://www.bilibili.com/video/BV1gsEw6zExs,http://i2.hdslb.com/bfs/archive/4f76f8d127f1c6d5a990c89a161f10356e783cd4.jpg
2026-06-09,2026-06-09 02:09:14,69,BV1Vq7m6NEN8,116700368408896,【时代少年团】系列纪录片《光辉岁月》——“回南天”,时代少年团,明星综合,明星综合,137,13990,1450505,44150,3590,48031,13817,16928,1942,1780718400,https://www.bilibili.com/video/BV1Vq7m6NEN8,http://i2.hdslb.com/bfs/archive/bc281db3fee5c37911a273d2435afe8e9047405f.jpg
2026-06-09,2026-06-09 02:09:14,70,BV1HL7m6JECt,116700670395936,霸总腌入味，王鹤棣太让人笑幻了……【不舒服学】逐帧分析,一只吐槽圆,娱乐杂谈,娱乐杂谈,241,1774,1596818,22115,4695,71475,28002,12473,14129,1780711190,https://www.bilibili.com/video/BV1HL7m6JECt,http://i0.hdslb.com/bfs/archive/cfe030cb9db76b0cad1dc763db5d7299bfd51ab9.jpg
2026-06-09,2026-06-09 02:09:14,71,BV1MyEg6ZEFt,116713823669040,德国的耻辱,燕三嘤嘤嘤,人文历史,知识,228,1108,832790,7193,2516,66509,19043,13058,756,1780912624,https://www.bilibili.com/video/BV1MyEg6ZEFt,http://i2.hdslb.com/bfs/archive/636366ae88e9b99461ee93fa2da8ff7f284c23a1.jpg
2026-06-09,2026-06-09 02:09:14,72,BV1m87D6iEgB,116702834657874,好多人想看Dangerous，那就斗胆跳一段。,特崮斯,篮球,运动,235,59,1054438,621,2714,158089,22896,9701,2236,1780744217,https://www.bilibili.com/video/BV1m87D6iEgB,http://i2.hdslb.com/bfs/archive/c883cf75d064cd54b77796c65fc6a55298f47367.jpg
2026-06-09,2026-06-09 02:09:14,73,BV1zDE46ZEzL,116707213512648,虎哥摩根时代只有自己用的是真的,虎哥二次元教父,鬼畜调教,鬼畜,22,16,2024721,137,1405,175188,1328,7367,792,1780811019,https://www.bilibili.com/video/BV1zDE46ZEzL,http://i2.hdslb.com/bfs/archive/167cc262dd29aa3be2b9730c13c4ce9733856d97.jpg
2026-06-09,2026-06-09 02:09:14,74,BV1jz7k6tEkL,116696979347018,教程来啦兄弟们 拍起来,是柳宗元,电子竞技,游戏,171,46,2432029,205,976,186046,3215,28335,1520,1780654702,https://www.bilibili.com/video/BV1jz7k6tEkL,http://i0.hdslb.com/bfs/archive/becaa38ea9e7437bed18411340db6d5da7f4cd54.jpg
2026-06-09,2026-06-09 02:09:14,75,BV1fd7C6vEA8,116698489357988,开局仅有一格云平台？传奇极限空岛生存！,陶艺猫,单机游戏,游戏,17,951,777019,1141,993,61205,27662,11608,1617,1780711500,https://www.bilibili.com/video/BV1fd7C6vEA8,http://i0.hdslb.com/bfs/archive/fe29c19a4bfe19e414b572cc9869ab6a64e80601.jpg
2026-06-09,2026-06-09 02:09:14,76,BV1di7Q6nEu4,116701777627095,兄弟们！今天带良子水上训练，你们觉得良子能坚持多久？,健身华哥,运动综合,运动,238,217,1696716,941,11172,84345,2076,3369,3388,1780728153,https://www.bilibili.com/video/BV1di7Q6nEu4,http://i1.hdslb.com/bfs/archive/48f8a7c3b0af6baea81d423375f3ea0e18e4a44d.jpg
2026-06-09,2026-06-09 02:09:14,77,BV15z766SE1A,116696341812776,假如高考什么都可以带,小安苒AIGC,校园学习,知识,208,177,2442708,3057,2714,104059,2468,8322,1998,1780646400,https://www.bilibili.com/video/BV15z766SE1A,http://i2.hdslb.com/bfs/archive/ed743a6a86446310a9957bce92faa671a082a6d8.jpg
2026-06-09,2026-06-09 02:09:14,78,BV1s47y65E4g,116698153752165,那年你写下了什么？复盘1977—2025年高考作文题【大国之治·高考作文题】,大象放映室,财经商业,知识,207,2306,1267153,2620,4870,35330,12289,27471,7794,1780801200,https://www.bilibili.com/video/BV1s47y65E4g,http://i1.hdslb.com/bfs/archive/e403ab5119fb220e6ae7654b859643b16dec3709.jpg
2026-06-09,2026-06-09 02:09:14,79,BV1747S6SExf,116701039495420,师傅：成功挑战人类！,猪大肠and方一蛋,喵星人,喵星人,218,44,1913277,992,2321,166549,4646,6288,4011,1780717504,https://www.bilibili.com/video/BV1747S6SExf,http://i2.hdslb.com/bfs/archive/3449f80a251dbb861606222cd047b34839e4e173.jpg
2026-06-09,2026-06-09 02:09:14,80,BV1Lt7m63EdD,116700267742890,你脑中出现两个声音…,四夕小田木_,小剧场,娱乐,85,38,974031,192,1560,162417,6061,11203,1115,1780705023,https://www.bilibili.com/video/BV1Lt7m63EdD,http://i0.hdslb.com/bfs/archive/7a454bc24acdaf53f3719c390fd9ec4c58605c0c.jpg
2026-06-09,2026-06-09 02:09:14,81,BV1EwEF62EhA,116690721443492,当校长挑选教室地板时,Cheems电玩屋,日常,生活,21,18,5514973,891,5402,223059,1387,8523,584,1780559484,https://www.bilibili.com/video/BV1EwEF62EhA,http://i0.hdslb.com/bfs/archive/8916553504d48aec3ba5ad2bdfeec5fcf7eefc1c.jpg
2026-06-09,2026-06-09 02:09:14,82,BV1fV7C6PEC3,116696811571160,当我出提纳里时收到了植物学博士录取通知,乔落落啊,仿妆cos,时尚,252,27,834129,3848,2809,197843,5129,5816,620,1780652265,https://www.bilibili.com/video/BV1fV7C6PEC3,http://i1.hdslb.com/bfs/archive/a6bca5345beae937c7e2979d6d22be6cbdaa9f2e.jpg
2026-06-09,2026-06-09 02:09:14,83,BV1x77Q6eE7o,116702247457814,《绝区零》3.0版本PV | 某个梦游者的自白,绝区零,手机游戏,游戏,172,2575,896358,4065,5492,56958,15805,10271,2645,1780749000,https://www.bilibili.com/video/BV1x77Q6eE7o,http://i2.hdslb.com/bfs/archive/87c8066e1d2dab7418e493b02cf3efa0e0b9a4b7.jpg
2026-06-09,2026-06-09 02:09:14,84,BV15W7C6tEyc,116696425766532,送你一片夕阳！,困雀雀,仿妆cos,时尚,252,36,622582,166,2535,180563,9859,33110,2883,1780646468,https://www.bilibili.com/video/BV15W7C6tEyc,http://i2.hdslb.com/bfs/archive/86973af2078693bfe5fc81d4dae783648e7fb904.jpg
2026-06-09,2026-06-09 02:09:14,85,BV1U87D6iEK2,116702834662934,老吴大师,皮欧皮皮,喵星人,喵星人,218,116,977323,1212,2558,107790,1776,11536,9019,1780744103,https://www.bilibili.com/video/BV1U87D6iEK2,http://i0.hdslb.com/bfs/archive/d0b24d7ecbe3b7c2fbd943beec85bee6128300d7.jpg
2026-06-09,2026-06-09 02:09:14,86,BV1xCEb63Ewg,116708471736833,【TF家族练习生】《四一有意思》09:《我们与“影弟”的距离》（下）,TF家族,明星综合,明星综合,137,2405,927551,337115,3865,46081,5879,20618,1254,1780830000,https://www.bilibili.com/video/BV1xCEb63Ewg,http://i0.hdslb.com/bfs/archive/5d11b912eac44c5ad5cf8c93db359e80e3186d2e.jpg
2026-06-09,2026-06-09 02:09:14,87,BV1FV7C6KESW,116696811773804,好惨一国家，盛产倒霉总统【东非02丨马拉维】,小王Albert,人文历史,知识,228,1494,1186501,2542,1229,66094,12042,9232,638,1780707600,https://www.bilibili.com/video/BV1FV7C6KESW,http://i2.hdslb.com/bfs/archive/2e15f92493ab2c9e39e067e70d1399dcd094f406.jpg
2026-06-09,2026-06-09 02:09:14,88,BV1eVEn6fEwP,116703304357775,高考日子678，祝你—录取吧！,碎嘴企鹅,搞笑,娱乐,138,110,796908,1223,7937,120559,2193,5142,535,1780751436,https://www.bilibili.com/video/BV1eVEn6fEwP,http://i0.hdslb.com/bfs/archive/89dfb44cf51f7845972489cbc8fed63d78368801.jpg
2026-06-09,2026-06-09 02:09:14,89,BV1cs7Q6fEQX,116702230616264,双绝之战,ioeop,网络游戏,游戏,65,35,1881390,124,1275,132362,1549,16387,6828,1780734931,https://www.bilibili.com/video/BV1cs7Q6fEQX,http://i1.hdslb.com/bfs/archive/1026961aa82bcc307e2feec6322493bb3d5b1190.jpg
2026-06-09,2026-06-09 02:09:14,90,BV1Xh7168ESr,116699395266567,一期视频教会你公式化手炮开局炸一队,麒麟--三角洲行动,网络游戏,游戏,65,53,1473269,88,1021,89197,1632,50791,7766,1780729200,https://www.bilibili.com/video/BV1Xh7168ESr,http://i1.hdslb.com/bfs/archive/40350b382e3bd6f3e06fd0adf770a6010bb346b2.jpg
2026-06-09,2026-06-09 02:09:14,91,BV1D97y6dERH,116697919004560,拿人罐罐，替人消灾,布丁仔和泡芙妹的一天,喵星人,喵星人,218,23,2769982,509,3074,155198,500,6409,861,1780669119,https://www.bilibili.com/video/BV1D97y6dERH,http://i2.hdslb.com/bfs/archive/fc9d115669e9ba8a3d141ba74d6e7da1e5f327c9.jpg
2026-06-09,2026-06-09 02:09:14,92,BV1dhEH6KERy,116704277435502,【良子本人胃袋这一块】新作上线，快来看看！,良子本人胃袋这一块,美食记录,美食,215,48,3014552,1088,2998,130028,513,7229,3851,1780766174,https://www.bilibili.com/video/BV1dhEH6KERy,http://i2.hdslb.com/bfs/archive/f1437a5649b4d529e263388e4c95984ffb5cad90.jpg
2026-06-09,2026-06-09 02:09:14,93,BV1bV7k6LExn,116697264560365,再见！一系列！高考必胜！,一数,校园学习,知识,208,193,988987,31044,15773,91504,35027,18732,5942,1780659292,https://www.bilibili.com/video/BV1bV7k6LExn,http://i2.hdslb.com/bfs/archive/5df66240b2b71ca2bc6ce697e929657b1b1df5a4.jpg
2026-06-09,2026-06-09 02:09:14,94,BV1Vf7D62EwZ,116702448716451,《我一级就是后期了》,尴尬的铁根er,网络游戏,游戏,65,216,2427394,511,1896,84733,2207,7071,1467,1780738656,https://www.bilibili.com/video/BV1Vf7D62EwZ,http://i0.hdslb.com/bfs/archive/dba54e23a9dce65e11940cc2a9adb0552774c7f5.jpg
2026-06-09,2026-06-09 02:09:14,95,BV1gP7Q6VE6p,116702129950535,选择你的高考助力官,三三-关注取图,综合,综合,27,16,393804,553,4165,113112,1408,32264,3377,1780733269,https://www.bilibili.com/video/BV1gP7Q6VE6p,http://i0.hdslb.com/bfs/archive/dc9248cceb1e04dbd4235ea16c486602da7d7cbc.jpg
2026-06-09,2026-06-09 02:09:14,96,BV1pDV86oE6S,116657217344637,热烈欢迎薛凯琪！工作之余，Fiona会带哪些让自己感到快乐的东西呢～（录完这期脑海里都是Fifi的笑声,papi酱,短片,动画,256,2017,1522049,12156,5104,148632,58007,18534,8301,1780632000,https://www.bilibili.com/video/BV1pDV86oE6S,http://i2.hdslb.com/bfs/archive/032f4048d6f94c465fc10972289999cf79f2572f.jpg
2026-06-09,2026-06-09 02:09:14,97,BV17U7D6WEU8,116702364831700,别笑，你也找不到欣答应在哪,七颗猩猩QKXX,日常,生活,21,176,1813849,592,784,99890,3844,14118,689,1780737386,https://www.bilibili.com/video/BV17U7D6WEU8,http://i0.hdslb.com/bfs/archive/a4aceec695e539b218d8c310d5e2318fc3fd53bb.jpg
2026-06-09,2026-06-09 02:09:14,98,BV1zf7163EXp,116699294603359,见到这个奇怪的马里奥！请立马关掉游戏！它已让我自闭！,与山0v0,单机游戏,游戏,17,1995,2505603,5328,968,108678,27421,67468,497,1780710900,https://www.bilibili.com/video/BV1zf7163EXp,http://i2.hdslb.com/bfs/archive/d4fdf10998965811bf8e67556c55332d8bba6f58.jpg
2026-06-09,2026-06-09 02:09:14,99,BV19ZEF6MEBV,116690117464228,人在干坏事的时候是不怕苦不怕累的,我是易拉爆,日常,生活,21,309,2233890,1553,4379,214753,16788,32879,16632,1780550100,https://www.bilibili.com/video/BV19ZEF6MEBV,http://i2.hdslb.com/bfs/archive/5a3e59dd5183e87d69b1ad3224466b821bf05e23.jpg
2026-06-09,2026-06-09 02:09:14,100,BV1W6VZ6MEbd,116674313328609,🍄欠揍气球🍄,纸片马力欧,日常,生活,21,40,4985881,7851,11443,560806,45912,298517,84304,1780309043,https://www.bilibili.com/video/BV1W6VZ6MEbd,http://i0.hdslb.com/bfs/archive/3d18bae01c4fc365d9e7e0ede5efb926e32115ad.jpg
2026-06-09,2026-06-09 04:33:28,1,BV15C7k6REKC,116697197451293,公测定档7月 | 《遗忘之海》船员集结摇滚MV「燥」,遗忘之海,GMV,GMV,121,205,7473878,1511,2717,133002,86369,84602,4991,1780711200,https://www.bilibili.com/video/BV15C7k6REKC,http://i0.hdslb.com/bfs/archive/bef8db958217ad42ed011f4bf5d5d6c1cf3a4bad.jpg
2026-06-09,2026-06-09 04:33:28,2,BV1Uj7k6VEPU,116697432395968,信 |《归唐》19分钟完整实机演示,归唐,单机游戏,游戏,17,1167,10597892,24410,34517,157712,48591,31752,62987,1780791300,https://www.bilibili.com/video/BV1Uj7k6VEPU,http://i1.hdslb.com/bfs/archive/73972f02b3d2a52c97a1ec81e53403fef6160006.jpg
2026-06-09,2026-06-09 04:33:28,3,BV1TnEt6MEHn,116709042165737,《原神》角色预告-「洛恩：『杰作』」,原神,手机游戏,游戏,172,729,1723041,9462,10247,204875,67145,44459,29045,1780891200,https://www.bilibili.com/video/BV1TnEt6MEHn,http://i1.hdslb.com/bfs/archive/338dd06fe0b8324ca26ec3f146f610f500448221.jpg
2026-06-09,2026-06-09 04:33:28,4,BV1WY7U6dEJ5,116699814693875,【微电影】人类文明的最后一届高考,最后讲述者,鬼畜剧场,鬼畜剧场,216,263,2298968,3167,6456,186540,23751,44131,10779,1780709400,https://www.bilibili.com/video/BV1WY7U6dEJ5,http://i2.hdslb.com/bfs/archive/40a717d48c3dbeb9559b00a07a88af6cfd5181fb.jpg
2026-06-09,2026-06-09 04:33:28,5,BV1xkE46PE59,116707649656463,参加了九次高考的考生采访,自来卷三木,日常,生活,21,99,4637910,4344,4462,311577,8774,22068,9305,1780817665,https://www.bilibili.com/video/BV1xkE46PE59,http://i1.hdslb.com/bfs/archive/2c51e17d5ab278033691d055015af26638867e5b.jpg
2026-06-09,2026-06-09 04:33:28,6,BV1T9Vm6UE2N,116684681647760,《古剑》3分钟战斗实机 | 线下试玩招募开启,古剑,单机游戏,游戏,17,168,5511418,3673,10696,104708,64316,46274,24239,1780698215,https://www.bilibili.com/video/BV1T9Vm6UE2N,http://i0.hdslb.com/bfs/archive/d18a0e2a80905c1a2bfe0d000c3ca47aa1548899.jpg
2026-06-09,2026-06-09 04:33:28,7,BV1cu7r6FEPd,116696023045705,英国，沦为印度殖民地,平原公子,日常,生活,21,463,3684496,15213,10503,238235,11381,26453,24473,1780640137,https://www.bilibili.com/video/BV1cu7r6FEPd,http://i1.hdslb.com/bfs/archive/95ba7fb80bc2a46fc2c8f7ff69a08c57c40ef914.jpg
2026-06-09,2026-06-09 04:33:28,8,BV15v7S65EWD,116701022717876,挑战给历史故事打tag（标签）,混饭达人,娱乐杂谈,娱乐杂谈,241,77,3638047,3827,2846,295621,7823,35340,18767,1780716510,https://www.bilibili.com/video/BV15v7S65EWD,http://i2.hdslb.com/bfs/archive/1845b193e356ee0f6b686419e20cc96fe1678367.jpg
2026-06-09,2026-06-09 04:33:28,9,BV1CQ7o61ERo,116689798764442,人，握爪后就不要放开咯！——《伊莫》握爪测试招募开启,伊莫,手机游戏,游戏,172,119,5264440,783,4637,168782,41802,131305,85355,1780797600,https://www.bilibili.com/video/BV1CQ7o61ERo,http://i0.hdslb.com/bfs/archive/06bcb84e42974283a3ade3bf6fbee2302b4b4d96.jpg
2026-06-09,2026-06-09 04:33:28,10,BV1xU7f6xEjt,116690939546284,CF单机叙事续作——《穿越火线：潜伏》实机首曝,穿越火线潜伏,单机游戏,游戏,17,308,6615557,1987,6628,132423,7623,27325,15666,1780696800,https://www.bilibili.com/video/BV1xU7f6xEjt,http://i0.hdslb.com/bfs/archive/140a4abb0c80a2aa1e7cb7126c978567b667ed12.jpg
2026-06-09,2026-06-09 04:33:28,11,BV16w7D6RERW,116700921988742,007看后:追逐战？,MEspace天植,绘画,绘画,162,49,2866816,288,1215,282119,27966,49355,2566,1780714922,https://www.bilibili.com/video/BV16w7D6RERW,http://i2.hdslb.com/bfs/archive/f35dab38094910739815ae6424bcceee9316f8f7.jpg
2026-06-09,2026-06-09 04:33:28,12,BV1xR7S6hEkB,116700804683368,菲比：就你们寝室最吵！！,Lm海洋,音乐综合,音乐,130,262,1335616,791,4290,102419,74143,46276,16155,1780713190,https://www.bilibili.com/video/BV1xR7S6hEkB,http://i1.hdslb.com/bfs/archive/348cd3608f962369b093721ee90e2515a127a833.jpg
2026-06-09,2026-06-09 04:33:28,13,BV1ZvEt6oEWR,116709209935672,锐评2026年数学高考，我雷霆大怒,聊城市茬平区第一中学,日常,生活,21,739,2761267,5049,22570,117450,20046,27996,20912,1780841328,https://www.bilibili.com/video/BV1ZvEt6oEWR,http://i0.hdslb.com/bfs/archive/6d19a0c156e6b82f71035cacec0f450bd19fb6c6.jpg
2026-06-09,2026-06-09 04:33:28,14,BV1rg7C6TEUm,116696912369911,一句“一氧化二氢”能钓出多少“读稿机”？,中国食品报融媒体,科学科普,知识,201,291,5138661,7065,23615,218438,17784,26578,18262,1780653928,https://www.bilibili.com/video/BV1rg7C6TEUm,http://i1.hdslb.com/bfs/archive/1081ed32a36e81bee443915a997ed5f2bd56badd.jpg
2026-06-09,2026-06-09 04:33:28,15,BV1wE7m67EAF,116700569671653,“我在成华大道「拼接遗憾」”,Dieorite,人力VOCALOID,人力VOCALOID,126,116,746998,3368,1782,166149,36569,47795,3114,1780709690,https://www.bilibili.com/video/BV1wE7m67EAF,http://i1.hdslb.com/bfs/archive/b7a88bfce9322211ddb670d69d549967dba6591e.jpg
2026-06-09,2026-06-09 04:33:28,16,BV1pW7Q68Emz,116702180348281,这期谁能绷住,呱唧菌,搞笑,娱乐,138,339,2624893,2217,1682,185335,10734,52064,2429,1780741800,https://www.bilibili.com/video/BV1pW7Q68Emz,http://i2.hdslb.com/bfs/archive/5ae6e1d11721490eb4a17034e97a4c36afdca5f0.jpg
2026-06-09,2026-06-09 04:33:28,17,BV1vR7D6JEEm,116702566223209,全球吃席！自驾巴尔干婚礼，吃欧洲乡村大席,食贫道,日常,生活,21,3274,1534810,9257,1896,137853,51142,17906,3720,1780741089,https://www.bilibili.com/video/BV1vR7D6JEEm,http://i2.hdslb.com/bfs/archive/b23120503d27e3049c25e887901c19df17a98fe1.jpg
2026-06-09,2026-06-09 04:33:28,18,BV1dY7Q6pEQZ,116701878291791,千里奔赴只为弥补40年前的遗憾,赛亚人阿廖,出行,生活,250,246,1345329,2537,1949,152392,39770,17029,543,1780729530,https://www.bilibili.com/video/BV1dY7Q6pEQZ,http://i0.hdslb.com/bfs/archive/5f9f719eb1fb6326b0a2eabe298cd1484afab3e6.jpg
2026-06-09,2026-06-09 04:33:28,19,BV1hG7y69Ej2,116698036313694,史上最骚特工(第二集),老番茄,单机游戏,游戏,17,842,2671352,3483,1880,152273,50046,43568,2640,1780716600,https://www.bilibili.com/video/BV1hG7y69Ej2,http://i2.hdslb.com/bfs/archive/c4778bfde8d395e0f91e2f746393736302e8205c.jpg
2026-06-09,2026-06-09 04:33:28,20,BV1dq7Q6SEbX,116701827961912,最不吃压力之熊,传奇飞行员_太日阳莽,鬼畜剧场,鬼畜剧场,216,91,2344008,813,3377,184280,3806,42127,6228,1780728644,https://www.bilibili.com/video/BV1dq7Q6SEbX,http://i2.hdslb.com/bfs/archive/cdfe2d04e5d60dbd700833f920d17d40cebc2d39.jpg
2026-06-09,2026-06-09 04:33:28,21,BV1uX7k6UENx,116696761239484,巨构：没有告别,巨构ai,网络游戏,游戏,65,19,3240850,6685,8165,509460,27935,172246,8186,1780651506,https://www.bilibili.com/video/BV1uX7k6UENx,http://i0.hdslb.com/bfs/archive/1422e60b2923b373953bd4ce6433b6f0e91f9501.jpg
2026-06-09,2026-06-09 04:33:28,22,BV1s7V46XEix,116655590017716,评论区摄影大赛之火遍全网的佳作篇，本期有锐评系列也有破败与新生佳作，欢迎投稿好的作品会让更多人看到。,摄影恩哥,日常,生活,21,124,5553843,1994,11305,345625,3141,26766,1136,1780738200,https://www.bilibili.com/video/BV1s7V46XEix,http://i1.hdslb.com/bfs/archive/58aada2ca9cd83b3f4d86b331759b2c832c8bcb4.jpg
2026-06-09,2026-06-09 04:33:28,23,BV168796PEv1,116685839403735,如此仙音唯有挠臭,lulu和露爸,喵星人,喵星人,218,26,5415849,20154,6580,674840,20684,131334,29167,1780484850,https://www.bilibili.com/video/BV168796PEv1,http://i1.hdslb.com/bfs/archive/87f3ce4876a2e50e34a2c1b24dfe10ae34700a55.jpg
2026-06-09,2026-06-09 04:33:28,24,BV1ZREP6dEcU,116693758117714,扫落叶全清洁100%速通39分03秒leaf it alone,闲云豹,单机游戏,游戏,17,2367,1776463,1862,2606,148797,15820,33626,6327,1780605809,https://www.bilibili.com/video/BV1ZREP6dEcU,http://i1.hdslb.com/bfs/archive/310db23466f62e9399f25f92c8d2b0af953476d6.jpg
2026-06-09,2026-06-09 04:33:28,25,BV1PP7C63E2J,116696710912022,《师》我回母校当老师,阿廖沙别害怕_,搞笑,娱乐,138,296,2242084,568,1219,200307,5765,15952,720,1780650587,https://www.bilibili.com/video/BV1PP7C63E2J,http://i0.hdslb.com/bfs/archive/b04455fde128b88ff0a92e264778512242510bc9.jpg
2026-06-09,2026-06-09 04:33:28,26,BV1um7665EpW,116696325033820,讷,水生植物人owo,日常,生活,21,16,1610595,1356,8863,230309,6649,60213,21974,1780644714,https://www.bilibili.com/video/BV1um7665EpW,http://i2.hdslb.com/bfs/archive/ce971f171b1f22d061819b3fea882f5d4af2a608.jpg
2026-06-09,2026-06-09 04:33:28,27,BV1JJ7m62ELC,116700620065327,最直接的伤害往往只需采用最简单的普通攻击 #超能力 #万万没想到 #反转 #劲大,刘不凡本凡,短片,动画,256,364,2901978,3332,7812,155425,2525,18897,1156,1780719600,https://www.bilibili.com/video/BV1JJ7m62ELC,http://i1.hdslb.com/bfs/archive/1b35b982075822d704a03ec34c21632ebcfa9044.jpg
2026-06-09,2026-06-09 04:33:28,28,BV1LR7D6JEV7,116702566156828,Re：佩恩从零开始的异世界生活！！！【水门篇】,-夏秋冬-,综合,综合,27,416,1388518,1728,4293,88420,32446,26259,5693,1780740005,https://www.bilibili.com/video/BV1LR7D6JEV7,http://i1.hdslb.com/bfs/archive/7b1442110a7b65950b9bb9ed1c2c29908c642732.jpg
2026-06-09,2026-06-09 04:33:28,29,BV1UV7k6LEUG,116697264627213,航天会刷典狱长？！【三角洲动画】,手折余弦丶,电子竞技,游戏,171,300,1462602,1564,1987,120868,14657,32636,3833,1780659017,https://www.bilibili.com/video/BV1UV7k6LEUG,http://i0.hdslb.com/bfs/archive/eb575db6391346950b2623259e6c0c6469239e03.jpg
2026-06-09,2026-06-09 04:33:28,30,BV1YVEn6fEmZ,116703304356999,那天真有其他人在场，但我没法证明。,何大爷课堂,人文历史,知识,228,123,2402583,425,3446,184767,4663,16903,1378,1780751375,https://www.bilibili.com/video/BV1YVEn6fEmZ,http://i1.hdslb.com/bfs/archive/36a36b65d7a5cdced8c027e2371074acb5dd204b.jpg
2026-06-09,2026-06-09 04:33:28,31,BV1Ja7k6AE1b,116697063235411,我又给花朵加了个开关！,是玉木呀,设计·创意,设计·创意,229,104,1125909,595,946,182826,21705,37447,3818,1780656042,https://www.bilibili.com/video/BV1Ja7k6AE1b,http://i0.hdslb.com/bfs/archive/c05470a618fc67ee60cb9df153eb5ad6d3c8ce08.jpg
2026-06-09,2026-06-09 04:33:28,32,BV17q7y6qEeG,116697767874225,当代牢大学生论文现状belike：,黑曼波语录,鬼畜调教,鬼畜,22,78,1807222,269,2146,139389,5166,95147,11433,1780716900,https://www.bilibili.com/video/BV17q7y6qEeG,http://i2.hdslb.com/bfs/archive/a42866374c2dd87fd5093121386c1dd1372e10a6.jpg
2026-06-09,2026-06-09 04:33:28,33,BV17z7y6KEVT,116697751096214,可爱的安魂曲~,徐大花xudahua,手工,生活,161,158,2073529,459,1731,127806,8908,19246,3258,1780718400,https://www.bilibili.com/video/BV17z7y6KEVT,http://i2.hdslb.com/bfs/archive/2fbc38542399965a708c159f85533b4f5065fe8c.jpg
2026-06-09,2026-06-09 04:33:28,34,BV19N7y6bE1e,116698455803490,全体起立鼓掌！人类发现了治癌症的新药！🤯,蜗牛的科技笔记,软件应用,软件应用,230,115,1695718,1434,7535,156130,6486,26131,10875,1780677279,https://www.bilibili.com/video/BV19N7y6bE1e,http://i2.hdslb.com/bfs/archive/3b5f57bbd2f68b33097261f34d0cbb700b9439ce.jpg
2026-06-09,2026-06-09 04:33:28,35,BV1VD726iE1t,116698791282580,《猴王出事》,伤心欲茄222,搞笑,娱乐,138,103,2749583,1317,4078,185622,7655,9769,6917,1780718400,https://www.bilibili.com/video/BV1VD726iE1t,http://i1.hdslb.com/bfs/archive/2fa41f4d1af95817e553d8fd8c6eeb7fc16a9d82.jpg
2026-06-09,2026-06-09 04:33:28,36,BV1bd7k62Epb,116696794863371,LV6有啥用?一个视频看懂LV6所有特权功能,威尔斯耍流氓,搞笑,娱乐,138,193,840933,12193,21489,76383,46295,11002,4959,1780652357,https://www.bilibili.com/video/BV1bd7k62Epb,http://i1.hdslb.com/bfs/archive/96eeed5029dce27d3f6ea0160d4ade58d6afb34e.jpg
2026-06-09,2026-06-09 04:33:28,37,BV19v7S65ESU,116701022849204,我给爱车打造了一套废土战甲,手工耿,手工,生活,161,829,1869091,8772,2464,119048,20992,10043,5006,1780799533,https://www.bilibili.com/video/BV19v7S65ESU,http://i2.hdslb.com/bfs/archive/b1cf38027520b335d07b96dd1246fcde8d20a730.jpg
2026-06-09,2026-06-09 04:33:28,38,BV1GiEg6PE3v,116713588787899,《明日方舟》EP - 夏日远去之后,明日方舟,手机游戏,游戏,172,256,450590,5440,8565,72840,33330,21969,17885,1780909200,https://www.bilibili.com/video/BV1GiEg6PE3v,http://i1.hdslb.com/bfs/archive/a5c5345866b686d7c435dfd3080cd1d16d129659.jpg
2026-06-09,2026-06-09 04:33:28,39,BV11cEK6rELU,116712364116494,地牢酒馆-13集 《碎骨大帐篷》,粘土工厂,单机游戏,游戏,17,257,794441,1205,2428,115514,19558,13930,1592,1780891200,https://www.bilibili.com/video/BV11cEK6rELU,http://i1.hdslb.com/bfs/archive/436f2a6d53b97fddf0f85b258c997b4f911e2a32.jpg
2026-06-09,2026-06-09 04:33:28,40,BV1Jj7C6AEPq,116696845193451,是我还不够好,怎么转身又是,MMD·3D,动画,25,67,2304003,6246,8535,217612,12838,57223,35212,1780652794,https://www.bilibili.com/video/BV1Jj7C6AEPq,http://i0.hdslb.com/bfs/archive/c261bcb22b8b34b31c0d9cb2e04b0a49a318b123.jpg
2026-06-09,2026-06-09 04:33:28,41,BV1df7r6REpB,116695469463690,如何在家制造浓汤宝,嘤武罗,日常,生活,21,501,5131303,3806,3571,201235,51009,49340,3121,1780650000,https://www.bilibili.com/video/BV1df7r6REpB,http://i2.hdslb.com/bfs/archive/94c85d2ebad9002fcbad0c7ef2f3c8a3f1ec6768.jpg
2026-06-09,2026-06-09 04:33:28,42,BV1uXEA6gEMu,116692567070822,“别着急，我来给你补充「偶！像！能！量！」”,小耗owo,手机游戏,游戏,172,80,1301881,1015,2770,255410,18539,58889,11983,1780624800,https://www.bilibili.com/video/BV1uXEA6gEMu,http://i1.hdslb.com/bfs/archive/64822f49e99e9fb8b41ba5e0f9e06f48d4b76446.jpg
2026-06-09,2026-06-09 04:33:28,43,BV1WT7C6uEj8,116696878749194,猫 咪 的 花 语 是 老 吴🎵,幾加乘,同人·手书,动画,47,259,1847356,1806,3621,129568,20277,27482,12288,1780653131,https://www.bilibili.com/video/BV1WT7C6uEj8,http://i0.hdslb.com/bfs/archive/ad354ddb8c2e2bf697327dc182835b3d6014f4b1.jpg
2026-06-09,2026-06-09 04:33:28,44,BV1Xa7m6qEm7,116700217347938,意识深渊：我真的存在吗？,大圆镜科普,科学科普,知识,201,484,1030057,1458,2451,94834,3772,18424,1700,1780704207,https://www.bilibili.com/video/BV1Xa7m6qEm7,http://i1.hdslb.com/bfs/archive/2d760490c4cfbae1c3b9168320f075ace66ad15a.jpg
2026-06-09,2026-06-09 04:33:28,45,BV1TK7S6PESt,116701341420908,日菲台岛东部“划界”，我们和两国防长现场对线！,玉渊谭天,科学科普,知识,201,466,831526,5908,5015,89775,29576,10213,2354,1780729200,https://www.bilibili.com/video/BV1TK7S6PESt,http://i0.hdslb.com/bfs/archive/4f11eda2d2c34ea69bc20938c15ebcc0e4b3affc.jpg
2026-06-09,2026-06-09 04:33:28,46,BV1yk7X6KEz4,116686023891513,2高中生屠杀同学，造成13人死亡后自杀，开启美国校园枪击案先河：科伦拜恩枪击案,捕月说,人文历史,知识,228,733,2933881,1207,1073,94505,1756,13382,777,1780654200,https://www.bilibili.com/video/BV1yk7X6KEz4,http://i2.hdslb.com/bfs/archive/b52e8d555de710438989ea0831c1fa8211fbe67d.jpg
2026-06-09,2026-06-09 04:33:28,47,BV15d7D6UE4i,116702549379788,世界杯期间不抓移民？那这世界杯不是白办了吗,麻薯波比呀,社科·法律·心理,知识,124,995,2059599,7876,4022,102800,15009,12314,2919,1780740025,https://www.bilibili.com/video/BV15d7D6UE4i,http://i2.hdslb.com/bfs/archive/91940674117acf43b95f7a6e2e7ab686470cc3ea.jpg
2026-06-09,2026-06-09 04:33:28,48,BV1g8Es6vEKZ,116706609598663,《鸣潮》× 《赛博朋克：边缘行者》 联动PV | 暗巷怪谈,鸣潮,手机游戏,游戏,172,598,2451793,2017,10206,68107,24014,11806,12228,1780804800,https://www.bilibili.com/video/BV1g8Es6vEKZ,http://i2.hdslb.com/bfs/archive/e73c3fc833ee1693dcf748e29538070e01b8fd40.jpg
2026-06-09,2026-06-09 04:33:28,49,BV1tV7k6LEyH,116697264556028,你或许不认识我 但我唱的歌你或许？？听过？,喵☆酱,翻唱,音乐,31,443,680596,6505,3023,134294,9317,20943,1426,1780659262,https://www.bilibili.com/video/BV1tV7k6LEyH,http://i1.hdslb.com/bfs/archive/f27fa302b117dedb6f353c75770d440ca8982c33.jpg
2026-06-09,2026-06-09 04:33:28,50,BV1xZ7k6LESp,116696778084201,“哎呀 我们的主角倒下啦～”,西门小昭,综合,综合,27,30,881014,140,1283,167084,12521,67248,3149,1780655400,https://www.bilibili.com/video/BV1xZ7k6LESp,http://i2.hdslb.com/bfs/archive/2c5c6c548ed488771077293e2f7bfcfb435e4744.jpg
2026-06-09,2026-06-09 04:33:28,51,BV1KG7S6FECF,116701274313735,小孩只是请男人吃了一块羊肉，男人转手就掏出一个900克的大金轮,懂一点人情世故,影视剪辑,影视,183,425,1960759,1284,1187,97527,1768,10278,571,1780720244,https://www.bilibili.com/video/BV1KG7S6FECF,http://i2.hdslb.com/bfs/archive/7635c90a615f292f19e67c7de1d91e5c8a697033.jpg
2026-06-09,2026-06-09 04:33:28,52,BV1kv7262EyU,116698623578210,公司给粉丝安排了30万的水上宫殿...,飓多多StormCrew,日常,生活,21,852,1836656,3864,2656,91806,21454,18163,2179,1780714800,https://www.bilibili.com/video/BV1kv7262EyU,http://i2.hdslb.com/bfs/archive/a59944bd6ce91c0bbc28d8c8b560e8b73c31e976.jpg
2026-06-09,2026-06-09 04:33:28,53,BV1Bm7U6jEDZ,116701542815709,《爱，你》,是许木木啊,日常,生活,21,1043,1007493,5780,4515,101570,12938,24614,1782,1780738200,https://www.bilibili.com/video/BV1Bm7U6jEDZ,http://i0.hdslb.com/bfs/archive/fd7de4f643c70f1117b5d4f7ef9d1878ffc094bd.jpg
2026-06-09,2026-06-09 04:33:28,54,BV1YV7U6zEps,116699697254319,小登VS老登,灼眼的SABER哒,同人·手书,动画,47,63,1097912,542,2768,137288,12450,47280,11185,1780718400,https://www.bilibili.com/video/BV1YV7U6zEps,http://i0.hdslb.com/bfs/archive/dce2758cd8546e893008888b88f215364194d4a7.jpg
2026-06-09,2026-06-09 04:33:28,55,BV13c7S6qE5a,116701324648092,大哥豪刷10个爱神之箭！头开8个苹果全程揪心，接连翻车差点心态崩盘！,语格yoga,舞蹈综合,舞蹈综合,154,271,1679969,2209,3747,93508,10933,6778,2895,1780721492,https://www.bilibili.com/video/BV13c7S6qE5a,http://i1.hdslb.com/bfs/archive/e2af963c319aa3c1083f65f39306936b272010b5.jpg
2026-06-09,2026-06-09 04:33:28,56,BV1Zj7C6wEJY,116696845125445,织棉为布，非遗土布。用千年蓝染，重现极致的东方浪漫,花木紫Huamuz,手工,生活,161,401,1272504,1823,2707,103917,9791,10567,798,1780652882,https://www.bilibili.com/video/BV1Zj7C6wEJY,http://i0.hdslb.com/bfs/archive/753a39454d2f1455af84effb021941e20ad4c2c7.jpg
2026-06-09,2026-06-09 04:33:28,57,BV1787S6mEV8,116701073053928,这里藏着一群“伪人”,摸鱼佬临风,鬼畜剧场,鬼畜剧场,216,354,454598,454,892,85728,6398,28281,1209,1780717427,https://www.bilibili.com/video/BV1787S6mEV8,http://i2.hdslb.com/bfs/archive/d2a4fc8b8017160bc03e17f14d6fbedd690059c1.jpg
2026-06-09,2026-06-09 04:33:28,58,BV1TR766zEvE,116695972714489,在沙漠里种了1800万棵树，然后呢？,影视飓风,娱乐粉丝创作,娱乐,242,756,3317903,11415,3141,167385,63684,28118,3028,1780650000,https://www.bilibili.com/video/BV1TR766zEvE,http://i1.hdslb.com/bfs/archive/af434541e40c0402ac850fc6783faa3ed5bfdda9.jpg
2026-06-09,2026-06-09 04:33:28,59,BV1Vz766DE6S,116696342006745,“从来就没有什么意外 ”,DKM莫天行,GMV,GMV,121,142,1142247,268,1912,126677,21889,45576,1272,1780653600,https://www.bilibili.com/video/BV1Vz766DE6S,http://i1.hdslb.com/bfs/archive/ebae2236febce20da402b0789a87254a40b4e8b8.jpg
2026-06-09,2026-06-09 04:33:28,60,BV15iEc6VEfH,116691577216788,路边一块，也能变废为宝，雕刻出大家想要的题材我不知道什么时候天才会亮，但我知道，跑着跑着，天就亮了。,小梨家的和田玉,手工,生活,161,220,6518118,4283,12896,249080,8980,24003,4136,1780572193,https://www.bilibili.com/video/BV15iEc6VEfH,http://i2.hdslb.com/bfs/archive/c1597efe82d66a7f728f8bdd84505eff4b7f5ac9.jpg
2026-06-09,2026-06-09 04:33:28,61,BV1xzE46KEFk,116707616098534,为了知晓地球年龄，人类究竟有多难？,星团菌,日常,生活,21,2606,1354775,2134,1617,60811,12133,17227,1447,1780835400,https://www.bilibili.com/video/BV1xzE46KEFk,http://i2.hdslb.com/bfs/archive/deeb691257a57979e33569ddbda3f66373262351.jpg
2026-06-09,2026-06-09 04:33:28,62,BV1n17D6xEX2,116702331278408,这就是7JIA最强之人,杨齐家_,单机游戏,游戏,17,1221,2584365,5490,2491,117591,10525,18447,982,1780736508,https://www.bilibili.com/video/BV1n17D6xEX2,http://i1.hdslb.com/bfs/archive/63922fa2e9e8a18b95b8175a3bea61b0779794d1.jpg
2026-06-09,2026-06-09 04:33:28,63,BV1wPEs6pEMm,116706894749229,孤岛小夫 第二集,派之新,同人·手书,动画,47,503,1412442,756,1238,75799,4755,13313,2463,1780807094,https://www.bilibili.com/video/BV1wPEs6pEMm,http://i1.hdslb.com/bfs/archive/f16994491642562a05defddee6f04d3d2f428f15.jpg
2026-06-09,2026-06-09 04:33:28,64,BV13PEx63EJ3,116706575912358,这样的幸运，你想拥有吗！？🥳 #挑战# #野兽先生# #MrBeast# #vlog# #整活#,MrBeast官方账号,日常,生活,21,36,2778011,401,2222,183756,5041,9879,642,1780801241,https://www.bilibili.com/video/BV13PEx63EJ3,http://i1.hdslb.com/bfs/archive/060ed908afe9f422de1f1a505ade5b1e4ca3d8ae.jpg
2026-06-09,2026-06-09 04:33:28,65,BV1MyEg6ZEFt,116713823669040,德国的耻辱,燕三嘤嘤嘤,人文历史,知识,228,1108,870053,7386,2605,68211,19807,13335,843,1780912624,https://www.bilibili.com/video/BV1MyEg6ZEFt,http://i2.hdslb.com/bfs/archive/636366ae88e9b99461ee93fa2da8ff7f284c23a1.jpg
2026-06-09,2026-06-09 04:33:28,66,BV1q1Vy64EqA,116682450274928,给朋友做的一本翻翻乐,花颜和鸣,日常,生活,21,70,920879,1222,3206,201432,18701,32642,1358,1780589700,https://www.bilibili.com/video/BV1q1Vy64EqA,http://i0.hdslb.com/bfs/archive/b6ed86d5a0591cf027f6b65a4770f1c9656617d7.jpg
2026-06-09,2026-06-09 04:33:28,67,BV13HEw6rEhc,116691140873202,接龙游戏开发，但都绷住了,M木糖M,单机游戏,游戏,17,933,2065930,1830,1277,98086,14227,18501,1749,1780630200,https://www.bilibili.com/video/BV13HEw6rEhc,http://i2.hdslb.com/bfs/archive/1083ae38f0917802668505e94ed2fe06226cc58b.jpg
2026-06-09,2026-06-09 04:33:28,68,BV1HL7m6JECt,116700670395936,霸总腌入味，王鹤棣太让人笑幻了……【不舒服学】逐帧分析,一只吐槽圆,娱乐杂谈,娱乐杂谈,241,1774,1601969,22200,4705,71775,28461,12538,14164,1780711190,https://www.bilibili.com/video/BV1HL7m6JECt,http://i0.hdslb.com/bfs/archive/cfe030cb9db76b0cad1dc763db5d7299bfd51ab9.jpg
2026-06-09,2026-06-09 04:33:28,69,BV1Vq7m6NEN8,116700368408896,【时代少年团】系列纪录片《光辉岁月》——“回南天”,时代少年团,明星综合,明星综合,137,13990,1452836,44572,3592,48079,14036,16943,1946,1780718400,https://www.bilibili.com/video/BV1Vq7m6NEN8,http://i2.hdslb.com/bfs/archive/bc281db3fee5c37911a273d2435afe8e9047405f.jpg
2026-06-09,2026-06-09 04:33:28,70,BV1zDE46ZEzL,116707213512648,虎哥摩根时代只有自己用的是真的,虎哥二次元教父,鬼畜调教,鬼畜,22,16,2043792,138,1420,176469,1574,7424,838,1780811019,https://www.bilibili.com/video/BV1zDE46ZEzL,http://i2.hdslb.com/bfs/archive/167cc262dd29aa3be2b9730c13c4ce9733856d97.jpg
2026-06-09,2026-06-09 04:33:28,71,BV1m87D6iEgB,116702834657874,好多人想看Dangerous，那就斗胆跳一段。,特崮斯,篮球,运动,235,59,1062578,625,2722,158901,23223,9781,2248,1780744217,https://www.bilibili.com/video/BV1m87D6iEgB,http://i2.hdslb.com/bfs/archive/c883cf75d064cd54b77796c65fc6a55298f47367.jpg
2026-06-09,2026-06-09 04:33:28,72,BV1wEEc6REms,116692097238799,城市大富翁（5）,雨哥到处跑,日常,生活,21,3846,1991253,41745,5353,161307,127766,42670,5390,1780628700,https://www.bilibili.com/video/BV1wEEc6REms,http://i1.hdslb.com/bfs/archive/8628e50dc2e56aec5815c8e3f665d304cfe23d80.jpg
2026-06-09,2026-06-09 04:33:28,73,BV1gsEw6zExs,116691040208641,你的高考/中考/期末考belike,哈基mer-猫meme,搞笑,娱乐,138,22,1057808,32856,2789,330804,34779,66782,5880,1780564012,https://www.bilibili.com/video/BV1gsEw6zExs,http://i2.hdslb.com/bfs/archive/4f76f8d127f1c6d5a990c89a161f10356e783cd4.jpg
2026-06-09,2026-06-09 04:33:28,74,BV1fd7C6vEA8,116698489357988,开局仅有一格云平台？传奇极限空岛生存！,陶艺猫,单机游戏,游戏,17,951,786632,1162,1003,61896,28096,11760,1704,1780711500,https://www.bilibili.com/video/BV1fd7C6vEA8,http://i0.hdslb.com/bfs/archive/fe29c19a4bfe19e414b572cc9869ab6a64e80601.jpg
2026-06-09,2026-06-09 04:33:28,75,BV1di7Q6nEu4,116701777627095,兄弟们！今天带良子水上训练，你们觉得良子能坚持多久？,健身华哥,运动综合,运动,238,217,1700684,942,11244,84485,2081,3373,3392,1780728153,https://www.bilibili.com/video/BV1di7Q6nEu4,http://i1.hdslb.com/bfs/archive/48f8a7c3b0af6baea81d423375f3ea0e18e4a44d.jpg
2026-06-09,2026-06-09 04:33:28,76,BV1747S6SExf,116701039495420,师傅：成功挑战人类！,猪大肠and方一蛋,喵星人,喵星人,218,44,1918307,997,2336,167210,4665,6323,4020,1780717504,https://www.bilibili.com/video/BV1747S6SExf,http://i2.hdslb.com/bfs/archive/3449f80a251dbb861606222cd047b34839e4e173.jpg
2026-06-09,2026-06-09 04:33:28,77,BV1s47y65E4g,116698153752165,那年你写下了什么？复盘1977—2025年高考作文题【大国之治·高考作文题】,大象放映室,财经商业,知识,207,2306,1267626,2623,4872,35356,12530,27484,7825,1780801200,https://www.bilibili.com/video/BV1s47y65E4g,http://i1.hdslb.com/bfs/archive/e403ab5119fb220e6ae7654b859643b16dec3709.jpg
2026-06-09,2026-06-09 04:33:28,78,BV1Lt7m63EdD,116700267742890,你脑中出现两个声音…,四夕小田木_,小剧场,娱乐,85,38,978446,192,1569,163259,6356,11280,1123,1780705023,https://www.bilibili.com/video/BV1Lt7m63EdD,http://i0.hdslb.com/bfs/archive/7a454bc24acdaf53f3719c390fd9ec4c58605c0c.jpg
2026-06-09,2026-06-09 04:33:28,79,BV1x77Q6eE7o,116702247457814,《绝区零》3.0版本PV | 某个梦游者的自白,绝区零,手机游戏,游戏,172,2575,902501,4066,5495,57075,16122,10294,2647,1780749000,https://www.bilibili.com/video/BV1x77Q6eE7o,http://i2.hdslb.com/bfs/archive/87c8066e1d2dab7418e493b02cf3efa0e0b9a4b7.jpg
2026-06-09,2026-06-09 04:33:28,80,BV1fV7C6PEC3,116696811571160,当我出提纳里时收到了植物学博士录取通知,乔落落啊,仿妆cos,时尚,252,27,835455,3854,2814,198214,5145,5829,620,1780652265,https://www.bilibili.com/video/BV1fV7C6PEC3,http://i1.hdslb.com/bfs/archive/a6bca5345beae937c7e2979d6d22be6cbdaa9f2e.jpg
2026-06-09,2026-06-09 04:33:28,81,BV1U87D6iEK2,116702834662934,老吴大师,皮欧皮皮,喵星人,喵星人,218,116,982260,1218,2569,108254,1802,11621,9139,1780744103,https://www.bilibili.com/video/BV1U87D6iEK2,http://i0.hdslb.com/bfs/archive/d0b24d7ecbe3b7c2fbd943beec85bee6128300d7.jpg
2026-06-09,2026-06-09 04:33:28,82,BV1jz7k6tEkL,116696979347018,教程来啦兄弟们 拍起来,是柳宗元,电子竞技,游戏,171,46,2435691,205,978,186358,3224,28392,1522,1780654702,https://www.bilibili.com/video/BV1jz7k6tEkL,http://i0.hdslb.com/bfs/archive/becaa38ea9e7437bed18411340db6d5da7f4cd54.jpg
2026-06-09,2026-06-09 04:33:28,83,BV1xCEb63Ewg,116708471736833,【TF家族练习生】《四一有意思》09:《我们与“影弟”的距离》（下）,TF家族,明星综合,明星综合,137,2405,930116,337853,3869,46150,6105,20653,1260,1780830000,https://www.bilibili.com/video/BV1xCEb63Ewg,http://i0.hdslb.com/bfs/archive/5d11b912eac44c5ad5cf8c93db359e80e3186d2e.jpg
2026-06-09,2026-06-09 04:33:28,84,BV1FV7C6KESW,116696811773804,好惨一国家，盛产倒霉总统【东非02丨马拉维】,小王Albert,人文历史,知识,228,1494,1191371,2544,1231,66257,12289,9256,641,1780707600,https://www.bilibili.com/video/BV1FV7C6KESW,http://i2.hdslb.com/bfs/archive/2e15f92493ab2c9e39e067e70d1399dcd094f406.jpg
2026-06-09,2026-06-09 04:33:28,85,BV1eVEn6fEwP,116703304357775,高考日子678，祝你—录取吧！,碎嘴企鹅,搞笑,娱乐,138,110,802754,1232,7980,121262,2414,5176,544,1780751436,https://www.bilibili.com/video/BV1eVEn6fEwP,http://i0.hdslb.com/bfs/archive/89dfb44cf51f7845972489cbc8fed63d78368801.jpg
2026-06-09,2026-06-09 04:33:28,86,BV1cs7Q6fEQX,116702230616264,双绝之战,ioeop,网络游戏,游戏,65,35,1885810,124,1276,132704,1604,16440,6847,1780734931,https://www.bilibili.com/video/BV1cs7Q6fEQX,http://i1.hdslb.com/bfs/archive/1026961aa82bcc307e2feec6322493bb3d5b1190.jpg
2026-06-09,2026-06-09 04:33:28,87,BV1Xh7168ESr,116699395266567,一期视频教会你公式化手炮开局炸一队,麒麟--三角洲行动,网络游戏,游戏,65,53,1478238,89,1023,89558,1646,50996,7788,1780729200,https://www.bilibili.com/video/BV1Xh7168ESr,http://i1.hdslb.com/bfs/archive/40350b382e3bd6f3e06fd0adf770a6010bb346b2.jpg
2026-06-09,2026-06-09 04:33:28,88,BV15z766SE1A,116696341812776,假如高考什么都可以带,小安苒AIGC,校园学习,知识,208,177,2444253,3058,2698,104120,2472,8331,1998,1780646400,https://www.bilibili.com/video/BV15z766SE1A,http://i2.hdslb.com/bfs/archive/ed743a6a86446310a9957bce92faa671a082a6d8.jpg
2026-06-09,2026-06-09 04:33:28,89,BV1dhEH6KERy,116704277435502,【良子本人胃袋这一块】新作上线，快来看看！,良子本人胃袋这一块,美食记录,美食,215,48,3032796,1095,3013,130514,516,7268,3891,1780766174,https://www.bilibili.com/video/BV1dhEH6KERy,http://i2.hdslb.com/bfs/archive/f1437a5649b4d529e263388e4c95984ffb5cad90.jpg
2026-06-09,2026-06-09 04:33:28,90,BV1D97y6dERH,116697919004560,拿人罐罐，替人消灾,布丁仔和泡芙妹的一天,喵星人,喵星人,218,23,2775651,510,3078,155525,500,6427,862,1780669119,https://www.bilibili.com/video/BV1D97y6dERH,http://i2.hdslb.com/bfs/archive/fc9d115669e9ba8a3d141ba74d6e7da1e5f327c9.jpg
2026-06-09,2026-06-09 04:33:28,91,BV15W7C6tEyc,116696425766532,送你一片夕阳！,困雀雀,仿妆cos,时尚,252,36,623899,166,2542,180888,9891,33190,2890,1780646468,https://www.bilibili.com/video/BV15W7C6tEyc,http://i2.hdslb.com/bfs/archive/86973af2078693bfe5fc81d4dae783648e7fb904.jpg
2026-06-09,2026-06-09 04:33:28,92,BV1Vf7D62EwZ,116702448716451,《我一级就是后期了》,尴尬的铁根er,网络游戏,游戏,65,216,2433356,512,1911,84951,2459,7085,1473,1780738656,https://www.bilibili.com/video/BV1Vf7D62EwZ,http://i0.hdslb.com/bfs/archive/dba54e23a9dce65e11940cc2a9adb0552774c7f5.jpg
2026-06-09,2026-06-09 04:33:28,93,BV1gP7Q6VE6p,116702129950535,选择你的高考助力官,三三-关注取图,综合,综合,27,16,394303,554,4169,113207,1421,32298,3380,1780733269,https://www.bilibili.com/video/BV1gP7Q6VE6p,http://i0.hdslb.com/bfs/archive/dc9248cceb1e04dbd4235ea16c486602da7d7cbc.jpg
2026-06-09,2026-06-09 04:33:28,94,BV1EwEF62EhA,116690721443492,当校长挑选教室地板时,Cheems电玩屋,日常,生活,21,18,5527471,892,5414,223532,1567,8545,586,1780559484,https://www.bilibili.com/video/BV1EwEF62EhA,http://i0.hdslb.com/bfs/archive/8916553504d48aec3ba5ad2bdfeec5fcf7eefc1c.jpg
2026-06-09,2026-06-09 04:33:28,95,BV17U7D6WEU8,116702364831700,别笑，你也找不到欣答应在哪,七颗猩猩QKXX,日常,生活,21,176,1817406,593,787,100171,4073,14129,693,1780737386,https://www.bilibili.com/video/BV17U7D6WEU8,http://i0.hdslb.com/bfs/archive/a4aceec695e539b218d8c310d5e2318fc3fd53bb.jpg
2026-06-09,2026-06-09 04:33:28,96,BV1bV7k6LExn,116697264560365,再见！一系列！高考必胜！,一数,校园学习,知识,208,193,990864,31046,15777,91635,35231,18748,5943,1780659292,https://www.bilibili.com/video/BV1bV7k6LExn,http://i2.hdslb.com/bfs/archive/5df66240b2b71ca2bc6ce697e929657b1b1df5a4.jpg
2026-06-09,2026-06-09 04:33:28,97,BV1zf7163EXp,116699294603359,见到这个奇怪的马里奥！请立马关掉游戏！它已让我自闭！,与山0v0,单机游戏,游戏,17,1995,2512564,5340,972,108872,27737,67542,509,1780710900,https://www.bilibili.com/video/BV1zf7163EXp,http://i2.hdslb.com/bfs/archive/d4fdf10998965811bf8e67556c55332d8bba6f58.jpg
2026-06-09,2026-06-09 04:33:28,98,BV1Ft7Q6oE4d,116701861517497,当我尝试做汉尼拔的菜谱,汉尼扳,小剧场,娱乐,85,279,618910,834,947,74803,2500,10831,1031,1780740000,https://www.bilibili.com/video/BV1Ft7Q6oE4d,http://i0.hdslb.com/bfs/archive/601a792216743016ddf8f3e63abded1f4eeb840d.jpg
2026-06-09,2026-06-09 04:33:28,99,BV1JyEp6jExj,116705619609485,【瓦赛杂谈】数据不足以体现CN选手基本职业素养的缺乏。,KiddoJioJio,网络游戏,游戏,65,908,866161,1604,7873,39044,23972,7878,10095,1780786587,https://www.bilibili.com/video/BV1JyEp6jExj,http://i1.hdslb.com/bfs/archive/8df6fc0aeeceb732a39b8029f16711194376342f.jpg
2026-06-09,2026-06-09 04:33:28,100,BV1AwEs69E4D,116706978633242,高考 标准答案正在进入考场,ring_of_power,日常,生活,21,19,2119569,897,7082,128574,444,7645,9264,1780807231,https://www.bilibili.com/video/BV1AwEs69E4D,http://i0.hdslb.com/bfs/archive/717464a151023d48916c1bc164a883d5454724ca.jpg
2026-06-09,2026-06-09 06:50:03,1,BV15C7k6REKC,116697197451293,公测定档7月 | 《遗忘之海》船员集结摇滚MV「燥」,遗忘之海,GMV,GMV,121,205,7474176,1511,2718,133006,86373,84601,4993,1780711200,https://www.bilibili.com/video/BV15C7k6REKC,http://i0.hdslb.com/bfs/archive/bef8db958217ad42ed011f4bf5d5d6c1cf3a4bad.jpg
2026-06-09,2026-06-09 06:50:03,2,BV1Uj7k6VEPU,116697432395968,信 |《归唐》19分钟完整实机演示,归唐,单机游戏,游戏,17,1167,10661946,24438,34597,157911,48656,31806,63041,1780791300,https://www.bilibili.com/video/BV1Uj7k6VEPU,http://i1.hdslb.com/bfs/archive/73972f02b3d2a52c97a1ec81e53403fef6160006.jpg
2026-06-09,2026-06-09 06:50:03,3,BV1TnEt6MEHn,116709042165737,《原神》角色预告-「洛恩：『杰作』」,原神,手机游戏,游戏,172,729,1747793,9519,10220,206367,67458,44888,29133,1780891200,https://www.bilibili.com/video/BV1TnEt6MEHn,http://i1.hdslb.com/bfs/archive/338dd06fe0b8324ca26ec3f146f610f500448221.jpg
2026-06-09,2026-06-09 06:50:03,4,BV1WY7U6dEJ5,116699814693875,【微电影】人类文明的最后一届高考,最后讲述者,鬼畜剧场,鬼畜剧场,216,263,2299906,3171,6473,186615,23767,44164,10781,1780709400,https://www.bilibili.com/video/BV1WY7U6dEJ5,http://i2.hdslb.com/bfs/archive/40a717d48c3dbeb9559b00a07a88af6cfd5181fb.jpg
2026-06-09,2026-06-09 06:50:03,5,BV1xkE46PE59,116707649656463,参加了九次高考的考生采访,自来卷三木,日常,生活,21,99,4660658,4370,4471,312835,8881,22189,9368,1780817665,https://www.bilibili.com/video/BV1xkE46PE59,http://i1.hdslb.com/bfs/archive/2c51e17d5ab278033691d055015af26638867e5b.jpg
2026-06-09,2026-06-09 06:50:03,6,BV15v7S65EWD,116701022717876,挑战给历史故事打tag（标签）,混饭达人,娱乐杂谈,娱乐杂谈,241,77,3642982,3835,2851,296091,7851,35428,18790,1780716510,https://www.bilibili.com/video/BV15v7S65EWD,http://i2.hdslb.com/bfs/archive/1845b193e356ee0f6b686419e20cc96fe1678367.jpg
2026-06-09,2026-06-09 06:50:03,7,BV1CQ7o61ERo,116689798764442,人，握爪后就不要放开咯！——《伊莫》握爪测试招募开启,伊莫,手机游戏,游戏,172,119,5265451,783,4656,168788,41804,131308,85357,1780797600,https://www.bilibili.com/video/BV1CQ7o61ERo,http://i0.hdslb.com/bfs/archive/06bcb84e42974283a3ade3bf6fbee2302b4b4d96.jpg
2026-06-09,2026-06-09 06:50:03,8,BV1T9Vm6UE2N,116684681647760,《古剑》3分钟战斗实机 | 线下试玩招募开启,古剑,单机游戏,游戏,17,168,5512131,3673,10700,104725,64324,46280,24244,1780698215,https://www.bilibili.com/video/BV1T9Vm6UE2N,http://i0.hdslb.com/bfs/archive/d18a0e2a80905c1a2bfe0d000c3ca47aa1548899.jpg
2026-06-09,2026-06-09 06:50:03,9,BV1cu7r6FEPd,116696023045705,英国，沦为印度殖民地,平原公子,日常,生活,21,463,3692170,15231,10526,238723,11406,26524,24488,1780640137,https://www.bilibili.com/video/BV1cu7r6FEPd,http://i1.hdslb.com/bfs/archive/95ba7fb80bc2a46fc2c8f7ff69a08c57c40ef914.jpg
2026-06-09,2026-06-09 06:50:03,10,BV16w7D6RERW,116700921988742,007看后:追逐战？,MEspace天植,绘画,绘画,162,49,2869979,289,1217,282409,28008,49438,2566,1780714922,https://www.bilibili.com/video/BV16w7D6RERW,http://i2.hdslb.com/bfs/archive/f35dab38094910739815ae6424bcceee9316f8f7.jpg
2026-06-09,2026-06-09 06:50:03,11,BV1xR7S6hEkB,116700804683368,菲比：就你们寝室最吵！！,Lm海洋,音乐综合,音乐,130,262,1339859,792,4298,102631,74266,46388,16173,1780713190,https://www.bilibili.com/video/BV1xR7S6hEkB,http://i1.hdslb.com/bfs/archive/348cd3608f962369b093721ee90e2515a127a833.jpg
2026-06-09,2026-06-09 06:50:03,12,BV1ZvEt6oEWR,116709209935672,锐评2026年数学高考，我雷霆大怒,聊城市茬平区第一中学,日常,生活,21,739,2784883,5071,22762,118126,20165,28274,21004,1780841328,https://www.bilibili.com/video/BV1ZvEt6oEWR,http://i0.hdslb.com/bfs/archive/6d19a0c156e6b82f71035cacec0f450bd19fb6c6.jpg
2026-06-09,2026-06-09 06:50:03,13,BV1xU7f6xEjt,116690939546284,CF单机叙事续作——《穿越火线：潜伏》实机首曝,穿越火线潜伏,单机游戏,游戏,17,308,6701036,1993,6645,132523,7632,27353,15683,1780696800,https://www.bilibili.com/video/BV1xU7f6xEjt,http://i0.hdslb.com/bfs/archive/140a4abb0c80a2aa1e7cb7126c978567b667ed12.jpg
2026-06-09,2026-06-09 06:50:03,14,BV1rg7C6TEUm,116696912369911,一句“一氧化二氢”能钓出多少“读稿机”？,中国食品报融媒体,科学科普,知识,201,291,5144385,7071,23658,218660,17837,26615,18306,1780653928,https://www.bilibili.com/video/BV1rg7C6TEUm,http://i1.hdslb.com/bfs/archive/1081ed32a36e81bee443915a997ed5f2bd56badd.jpg
2026-06-09,2026-06-09 06:50:03,15,BV1wE7m67EAF,116700569671653,“我在成华大道「拼接遗憾」”,Dieorite,人力VOCALOID,人力VOCALOID,126,116,747451,3371,1782,166255,36597,47841,3117,1780709690,https://www.bilibili.com/video/BV1wE7m67EAF,http://i1.hdslb.com/bfs/archive/b7a88bfce9322211ddb670d69d549967dba6591e.jpg
2026-06-09,2026-06-09 06:50:03,16,BV1pW7Q68Emz,116702180348281,这期谁能绷住,呱唧菌,搞笑,娱乐,138,339,2636819,2218,1685,185679,10776,52257,2433,1780741800,https://www.bilibili.com/video/BV1pW7Q68Emz,http://i2.hdslb.com/bfs/archive/5ae6e1d11721490eb4a17034e97a4c36afdca5f0.jpg
2026-06-09,2026-06-09 06:50:03,17,BV1vR7D6JEEm,116702566223209,全球吃席！自驾巴尔干婚礼，吃欧洲乡村大席,食贫道,日常,生活,21,3274,1537588,9266,1897,137979,51196,17935,3721,1780741089,https://www.bilibili.com/video/BV1vR7D6JEEm,http://i2.hdslb.com/bfs/archive/b23120503d27e3049c25e887901c19df17a98fe1.jpg
2026-06-09,2026-06-09 06:50:03,18,BV1dY7Q6pEQZ,116701878291791,千里奔赴只为弥补40年前的遗憾,赛亚人阿廖,出行,生活,250,246,1348464,2539,1953,152573,39822,17079,543,1780729530,https://www.bilibili.com/video/BV1dY7Q6pEQZ,http://i0.hdslb.com/bfs/archive/5f9f719eb1fb6326b0a2eabe298cd1484afab3e6.jpg
2026-06-09,2026-06-09 06:50:03,19,BV1hG7y69Ej2,116698036313694,史上最骚特工(第二集),老番茄,单机游戏,游戏,17,842,2680164,3483,1882,152469,50112,43644,2647,1780716600,https://www.bilibili.com/video/BV1hG7y69Ej2,http://i2.hdslb.com/bfs/archive/c4778bfde8d395e0f91e2f746393736302e8205c.jpg
2026-06-09,2026-06-09 06:50:03,20,BV1dq7Q6SEbX,116701827961912,最不吃压力之熊,传奇飞行员_太日阳莽,鬼畜剧场,鬼畜剧场,216,91,2351115,815,3385,184786,3829,42287,6248,1780728644,https://www.bilibili.com/video/BV1dq7Q6SEbX,http://i2.hdslb.com/bfs/archive/cdfe2d04e5d60dbd700833f920d17d40cebc2d39.jpg
2026-06-09,2026-06-09 06:50:03,21,BV1uX7k6UENx,116696761239484,巨构：没有告别,巨构ai,网络游戏,游戏,65,19,3246027,6693,8175,510075,27992,172469,8205,1780651506,https://www.bilibili.com/video/BV1uX7k6UENx,http://i0.hdslb.com/bfs/archive/1422e60b2923b373953bd4ce6433b6f0e91f9501.jpg
2026-06-09,2026-06-09 06:50:03,22,BV1s7V46XEix,116655590017716,评论区摄影大赛之火遍全网的佳作篇，本期有锐评系列也有破败与新生佳作，欢迎投稿好的作品会让更多人看到。,摄影恩哥,日常,生活,21,124,5559776,1994,11315,345857,3145,26794,1138,1780738200,https://www.bilibili.com/video/BV1s7V46XEix,http://i1.hdslb.com/bfs/archive/58aada2ca9cd83b3f4d86b331759b2c832c8bcb4.jpg
2026-06-09,2026-06-09 06:50:03,23,BV1ZREP6dEcU,116693758117714,扫落叶全清洁100%速通39分03秒leaf it alone,闲云豹,单机游戏,游戏,17,2367,1780572,1863,2614,148956,15841,33693,6333,1780605809,https://www.bilibili.com/video/BV1ZREP6dEcU,http://i1.hdslb.com/bfs/archive/310db23466f62e9399f25f92c8d2b0af953476d6.jpg
2026-06-09,2026-06-09 06:50:03,24,BV1JJ7m62ELC,116700620065327,最直接的伤害往往只需采用最简单的普通攻击 #超能力 #万万没想到 #反转 #劲大,刘不凡本凡,短片,动画,256,364,2909906,3335,7839,155777,2535,18982,1194,1780719600,https://www.bilibili.com/video/BV1JJ7m62ELC,http://i1.hdslb.com/bfs/archive/1b35b982075822d704a03ec34c21632ebcfa9044.jpg
2026-06-09,2026-06-09 06:50:03,25,BV1LR7D6JEV7,116702566156828,Re：佩恩从零开始的异世界生活！！！【水门篇】,-夏秋冬-,综合,综合,27,416,1397317,1733,4302,88721,32547,26356,5715,1780740005,https://www.bilibili.com/video/BV1LR7D6JEV7,http://i1.hdslb.com/bfs/archive/7b1442110a7b65950b9bb9ed1c2c29908c642732.jpg
2026-06-09,2026-06-09 06:50:03,26,BV1UV7k6LEUG,116697264627213,航天会刷典狱长？！【三角洲动画】,手折余弦丶,电子竞技,游戏,171,300,1466777,1571,1994,121099,14693,32730,3840,1780659017,https://www.bilibili.com/video/BV1UV7k6LEUG,http://i0.hdslb.com/bfs/archive/eb575db6391346950b2623259e6c0c6469239e03.jpg
2026-06-09,2026-06-09 06:50:03,27,BV1YVEn6fEmZ,116703304356999,那天真有其他人在场，但我没法证明。,何大爷课堂,人文历史,知识,228,123,2413016,426,3470,185257,4754,16956,1407,1780751375,https://www.bilibili.com/video/BV1YVEn6fEmZ,http://i1.hdslb.com/bfs/archive/36a36b65d7a5cdced8c027e2371074acb5dd204b.jpg
2026-06-09,2026-06-09 06:50:03,28,BV1um7665EpW,116696325033820,讷,水生植物人owo,日常,生活,21,16,1614204,1362,8880,230669,6669,60346,21996,1780644714,https://www.bilibili.com/video/BV1um7665EpW,http://i2.hdslb.com/bfs/archive/ce971f171b1f22d061819b3fea882f5d4af2a608.jpg
2026-06-09,2026-06-09 06:50:03,29,BV1PP7C63E2J,116696710912022,《师》我回母校当老师,阿廖沙别害怕_,搞笑,娱乐,138,296,2245975,569,1224,200569,5779,15981,721,1780650587,https://www.bilibili.com/video/BV1PP7C63E2J,http://i0.hdslb.com/bfs/archive/b04455fde128b88ff0a92e264778512242510bc9.jpg
2026-06-09,2026-06-09 06:50:03,30,BV1Ja7k6AE1b,116697063235411,我又给花朵加了个开关！,是玉木呀,设计·创意,设计·创意,229,104,1127105,597,946,182995,21714,37514,3819,1780656042,https://www.bilibili.com/video/BV1Ja7k6AE1b,http://i0.hdslb.com/bfs/archive/c05470a618fc67ee60cb9df153eb5ad6d3c8ce08.jpg
2026-06-09,2026-06-09 06:50:03,31,BV17q7y6qEeG,116697767874225,当代牢大学生论文现状belike：,黑曼波语录,鬼畜调教,鬼畜,22,78,1808760,270,2148,139528,5178,95246,11441,1780716900,https://www.bilibili.com/video/BV17q7y6qEeG,http://i2.hdslb.com/bfs/archive/a42866374c2dd87fd5093121386c1dd1372e10a6.jpg
2026-06-09,2026-06-09 06:50:03,32,BV17z7y6KEVT,116697751096214,可爱的安魂曲~,徐大花xudahua,手工,生活,161,158,2099810,460,1740,128353,8972,19404,3287,1780718400,https://www.bilibili.com/video/BV17z7y6KEVT,http://i2.hdslb.com/bfs/archive/2fbc38542399965a708c159f85533b4f5065fe8c.jpg
2026-06-09,2026-06-09 06:50:03,33,BV168796PEv1,116685839403735,如此仙音唯有挠臭,lulu和露爸,喵星人,喵星人,218,26,5421462,20184,6589,675449,20718,131464,29194,1780484850,https://www.bilibili.com/video/BV168796PEv1,http://i1.hdslb.com/bfs/archive/87f3ce4876a2e50e34a2c1b24dfe10ae34700a55.jpg
2026-06-09,2026-06-09 06:50:03,34,BV1VD726iE1t,116698791282580,《猴王出事》,伤心欲茄222,搞笑,娱乐,138,103,2757348,1320,4084,185918,7667,9794,6925,1780718400,https://www.bilibili.com/video/BV1VD726iE1t,http://i1.hdslb.com/bfs/archive/2fa41f4d1af95817e553d8fd8c6eeb7fc16a9d82.jpg
2026-06-09,2026-06-09 06:50:03,35,BV19N7y6bE1e,116698455803490,全体起立鼓掌！人类发现了治癌症的新药！🤯,蜗牛的科技笔记,软件应用,软件应用,230,115,1698716,1436,7551,156452,6492,26194,10884,1780677279,https://www.bilibili.com/video/BV19N7y6bE1e,http://i2.hdslb.com/bfs/archive/3b5f57bbd2f68b33097261f34d0cbb700b9439ce.jpg
2026-06-09,2026-06-09 06:50:03,36,BV19v7S65ESU,116701022849204,我给爱车打造了一套废土战甲,手工耿,手工,生活,161,829,1877957,8788,2472,119296,21104,10075,5023,1780799533,https://www.bilibili.com/video/BV19v7S65ESU,http://i2.hdslb.com/bfs/archive/b1cf38027520b335d07b96dd1246fcde8d20a730.jpg
2026-06-09,2026-06-09 06:50:03,37,BV1bd7k62Epb,116696794863371,LV6有啥用?一个视频看懂LV6所有特权功能,威尔斯耍流氓,搞笑,娱乐,138,193,845788,12246,21587,76865,46603,11091,4991,1780652357,https://www.bilibili.com/video/BV1bd7k62Epb,http://i1.hdslb.com/bfs/archive/96eeed5029dce27d3f6ea0160d4ade58d6afb34e.jpg
2026-06-09,2026-06-09 06:50:03,38,BV1GiEg6PE3v,116713588787899,《明日方舟》EP - 夏日远去之后,明日方舟,手机游戏,游戏,172,256,459618,5492,8660,73468,33656,22219,17973,1780909200,https://www.bilibili.com/video/BV1GiEg6PE3v,http://i1.hdslb.com/bfs/archive/a5c5345866b686d7c435dfd3080cd1d16d129659.jpg
2026-06-09,2026-06-09 06:50:03,39,BV11cEK6rELU,116712364116494,地牢酒馆-13集 《碎骨大帐篷》,粘土工厂,单机游戏,游戏,17,257,814246,1212,2444,116963,19664,14170,1597,1780891200,https://www.bilibili.com/video/BV11cEK6rELU,http://i1.hdslb.com/bfs/archive/436f2a6d53b97fddf0f85b258c997b4f911e2a32.jpg
2026-06-09,2026-06-09 06:50:03,40,BV1Jj7C6AEPq,116696845193451,是我还不够好,怎么转身又是,MMD·3D,动画,25,67,2309712,6261,8554,218004,12863,57374,35270,1780652794,https://www.bilibili.com/video/BV1Jj7C6AEPq,http://i0.hdslb.com/bfs/archive/c261bcb22b8b34b31c0d9cb2e04b0a49a318b123.jpg
2026-06-09,2026-06-09 06:50:03,41,BV1uXEA6gEMu,116692567070822,“别着急，我来给你补充「偶！像！能！量！」”,小耗owo,手机游戏,游戏,172,80,1303351,1015,2772,255667,18572,58981,11992,1780624800,https://www.bilibili.com/video/BV1uXEA6gEMu,http://i1.hdslb.com/bfs/archive/64822f49e99e9fb8b41ba5e0f9e06f48d4b76446.jpg
2026-06-09,2026-06-09 06:50:03,42,BV1df7r6REpB,116695469463690,如何在家制造浓汤宝,嘤武罗,日常,生活,21,501,5134598,3809,3574,201395,51054,49393,3123,1780650000,https://www.bilibili.com/video/BV1df7r6REpB,http://i2.hdslb.com/bfs/archive/94c85d2ebad9002fcbad0c7ef2f3c8a3f1ec6768.jpg
2026-06-09,2026-06-09 06:50:03,43,BV1Xa7m6qEm7,116700217347938,意识深渊：我真的存在吗？,大圆镜科普,科学科普,知识,201,484,1031928,1462,2466,94984,3779,18473,1703,1780704207,https://www.bilibili.com/video/BV1Xa7m6qEm7,http://i1.hdslb.com/bfs/archive/2d760490c4cfbae1c3b9168320f075ace66ad15a.jpg
2026-06-09,2026-06-09 06:50:03,44,BV1TK7S6PESt,116701341420908,日菲台岛东部“划界”，我们和两国防长现场对线！,玉渊谭天,科学科普,知识,201,466,835925,5936,5035,90067,29683,10274,2366,1780729200,https://www.bilibili.com/video/BV1TK7S6PESt,http://i0.hdslb.com/bfs/archive/4f11eda2d2c34ea69bc20938c15ebcc0e4b3affc.jpg
2026-06-09,2026-06-09 06:50:03,45,BV15d7D6UE4i,116702549379788,世界杯期间不抓移民？那这世界杯不是白办了吗,麻薯波比呀,社科·法律·心理,知识,124,995,2066202,7885,4043,102986,15041,12325,2931,1780740025,https://www.bilibili.com/video/BV15d7D6UE4i,http://i2.hdslb.com/bfs/archive/91940674117acf43b95f7a6e2e7ab686470cc3ea.jpg
2026-06-09,2026-06-09 06:50:03,46,BV1yk7X6KEz4,116686023891513,2高中生屠杀同学，造成13人死亡后自杀，开启美国校园枪击案先河：科伦拜恩枪击案,捕月说,人文历史,知识,228,733,2952496,1222,1084,94839,1845,13428,822,1780654200,https://www.bilibili.com/video/BV1yk7X6KEz4,http://i2.hdslb.com/bfs/archive/b52e8d555de710438989ea0831c1fa8211fbe67d.jpg
2026-06-09,2026-06-09 06:50:03,47,BV1g8Es6vEKZ,116706609598663,《鸣潮》× 《赛博朋克：边缘行者》 联动PV | 暗巷怪谈,鸣潮,手机游戏,游戏,172,598,2453337,2017,10229,68148,24028,11813,12230,1780804800,https://www.bilibili.com/video/BV1g8Es6vEKZ,http://i2.hdslb.com/bfs/archive/e73c3fc833ee1693dcf748e29538070e01b8fd40.jpg
2026-06-09,2026-06-09 06:50:03,48,BV1WT7C6uEj8,116696878749194,猫 咪 的 花 语 是 老 吴🎵,幾加乘,同人·手书,动画,47,259,1850661,1806,3623,129657,20290,27511,12294,1780653131,https://www.bilibili.com/video/BV1WT7C6uEj8,http://i0.hdslb.com/bfs/archive/ad354ddb8c2e2bf697327dc182835b3d6014f4b1.jpg
2026-06-09,2026-06-09 06:50:03,49,BV1KG7S6FECF,116701274313735,小孩只是请男人吃了一块羊肉，男人转手就掏出一个900克的大金轮,懂一点人情世故,影视剪辑,影视,183,425,1975420,1290,1192,97913,1854,10332,611,1780720244,https://www.bilibili.com/video/BV1KG7S6FECF,http://i2.hdslb.com/bfs/archive/7635c90a615f292f19e67c7de1d91e5c8a697033.jpg
2026-06-09,2026-06-09 06:50:03,50,BV1kv7262EyU,116698623578210,公司给粉丝安排了30万的水上宫殿...,飓多多StormCrew,日常,生活,21,852,1837847,3864,2657,91845,21469,18166,2181,1780714800,https://www.bilibili.com/video/BV1kv7262EyU,http://i2.hdslb.com/bfs/archive/a59944bd6ce91c0bbc28d8c8b560e8b73c31e976.jpg
2026-06-09,2026-06-09 06:50:03,51,BV1xZ7k6LESp,116696778084201,“哎呀 我们的主角倒下啦～”,西门小昭,综合,综合,27,30,883017,140,1285,167420,12557,67383,3157,1780655400,https://www.bilibili.com/video/BV1xZ7k6LESp,http://i2.hdslb.com/bfs/archive/2c5c6c548ed488771077293e2f7bfcfb435e4744.jpg
2026-06-09,2026-06-09 06:50:03,52,BV1Bm7U6jEDZ,116701542815709,《爱，你》,是许木木啊,日常,生活,21,1043,1009306,5782,4518,101676,12944,24639,1784,1780738200,https://www.bilibili.com/video/BV1Bm7U6jEDZ,http://i0.hdslb.com/bfs/archive/fd7de4f643c70f1117b5d4f7ef9d1878ffc094bd.jpg
2026-06-09,2026-06-09 06:50:03,53,BV1tV7k6LEyH,116697264556028,你或许不认识我 但我唱的歌你或许？？听过？,喵☆酱,翻唱,音乐,31,443,681832,6514,3026,134488,9331,20969,1431,1780659262,https://www.bilibili.com/video/BV1tV7k6LEyH,http://i1.hdslb.com/bfs/archive/f27fa302b117dedb6f353c75770d440ca8982c33.jpg
2026-06-09,2026-06-09 06:50:03,54,BV13c7S6qE5a,116701324648092,大哥豪刷10个爱神之箭！头开8个苹果全程揪心，接连翻车差点心态崩盘！,语格yoga,舞蹈综合,舞蹈综合,154,271,1693210,2219,3762,94099,11009,6825,2920,1780721492,https://www.bilibili.com/video/BV13c7S6qE5a,http://i1.hdslb.com/bfs/archive/e2af963c319aa3c1083f65f39306936b272010b5.jpg
2026-06-09,2026-06-09 06:50:03,55,BV1YV7U6zEps,116699697254319,小登VS老登,灼眼的SABER哒,同人·手书,动画,47,63,1099991,542,2772,137479,12463,47379,11191,1780718400,https://www.bilibili.com/video/BV1YV7U6zEps,http://i0.hdslb.com/bfs/archive/dce2758cd8546e893008888b88f215364194d4a7.jpg
2026-06-09,2026-06-09 06:50:03,56,BV1787S6mEV8,116701073053928,这里藏着一群“伪人”,摸鱼佬临风,鬼畜剧场,鬼畜剧场,216,354,455699,454,893,85793,6408,28315,1210,1780717427,https://www.bilibili.com/video/BV1787S6mEV8,http://i2.hdslb.com/bfs/archive/d2a4fc8b8017160bc03e17f14d6fbedd690059c1.jpg
2026-06-09,2026-06-09 06:50:03,57,BV1Zj7C6wEJY,116696845125445,织棉为布，非遗土布。用千年蓝染，重现极致的东方浪漫,花木紫Huamuz,手工,生活,161,401,1273298,1825,2707,104029,9801,10585,800,1780652882,https://www.bilibili.com/video/BV1Zj7C6wEJY,http://i0.hdslb.com/bfs/archive/753a39454d2f1455af84effb021941e20ad4c2c7.jpg
2026-06-09,2026-06-09 06:50:03,58,BV1xzE46KEFk,116707616098534,为了知晓地球年龄，人类究竟有多难？,星团菌,日常,生活,21,2606,1381124,2164,1663,61639,12296,17587,1484,1780835400,https://www.bilibili.com/video/BV1xzE46KEFk,http://i2.hdslb.com/bfs/archive/deeb691257a57979e33569ddbda3f66373262351.jpg
2026-06-09,2026-06-09 06:50:03,59,BV1Vz766DE6S,116696342006745,“从来就没有什么意外 ”,DKM莫天行,GMV,GMV,121,142,1144486,268,1912,126819,21909,45674,1287,1780653600,https://www.bilibili.com/video/BV1Vz766DE6S,http://i1.hdslb.com/bfs/archive/ebae2236febce20da402b0789a87254a40b4e8b8.jpg
2026-06-09,2026-06-09 06:50:03,60,BV1n17D6xEX2,116702331278408,这就是7JIA最强之人,杨齐家_,单机游戏,游戏,17,1221,2589582,5494,2499,117731,10539,18476,988,1780736508,https://www.bilibili.com/video/BV1n17D6xEX2,http://i1.hdslb.com/bfs/archive/63922fa2e9e8a18b95b8175a3bea61b0779794d1.jpg
2026-06-09,2026-06-09 06:50:03,61,BV1TR766zEvE,116695972714489,在沙漠里种了1800万棵树，然后呢？,影视飓风,娱乐粉丝创作,娱乐,242,756,3318735,11420,3142,167441,63709,28122,3028,1780650000,https://www.bilibili.com/video/BV1TR766zEvE,http://i1.hdslb.com/bfs/archive/af434541e40c0402ac850fc6783faa3ed5bfdda9.jpg
2026-06-09,2026-06-09 06:50:03,62,BV1wPEs6pEMm,116706894749229,孤岛小夫 第二集,派之新,同人·手书,动画,47,503,1421805,758,1238,76065,4779,13376,2501,1780807094,https://www.bilibili.com/video/BV1wPEs6pEMm,http://i1.hdslb.com/bfs/archive/f16994491642562a05defddee6f04d3d2f428f15.jpg
2026-06-09,2026-06-09 06:50:03,63,BV1MyEg6ZEFt,116713823669040,德国的耻辱,燕三嘤嘤嘤,人文历史,知识,228,1108,903285,7487,2671,69528,20214,13512,859,1780912624,https://www.bilibili.com/video/BV1MyEg6ZEFt,http://i2.hdslb.com/bfs/archive/636366ae88e9b99461ee93fa2da8ff7f284c23a1.jpg
2026-06-09,2026-06-09 06:50:03,64,BV13PEx63EJ3,116706575912358,这样的幸运，你想拥有吗！？🥳 #挑战# #野兽先生# #MrBeast# #vlog# #整活#,MrBeast官方账号,日常,生活,21,36,2784037,403,2229,184089,5053,9909,646,1780801241,https://www.bilibili.com/video/BV13PEx63EJ3,http://i1.hdslb.com/bfs/archive/060ed908afe9f422de1f1a505ade5b1e4ca3d8ae.jpg
2026-06-09,2026-06-09 06:50:03,65,BV15iEc6VEfH,116691577216788,路边一块，也能变废为宝，雕刻出大家想要的题材我不知道什么时候天才会亮，但我知道，跑着跑着，天就亮了。,小梨家的和田玉,手工,生活,161,220,6526327,4286,12918,249361,9005,24040,4146,1780572193,https://www.bilibili.com/video/BV15iEc6VEfH,http://i2.hdslb.com/bfs/archive/c1597efe82d66a7f728f8bdd84505eff4b7f5ac9.jpg
2026-06-09,2026-06-09 06:50:03,66,BV1q1Vy64EqA,116682450274928,给朋友做的一本翻翻乐,花颜和鸣,日常,生活,21,70,924242,1224,3208,201919,18774,32772,1359,1780589700,https://www.bilibili.com/video/BV1q1Vy64EqA,http://i0.hdslb.com/bfs/archive/b6ed86d5a0591cf027f6b65a4770f1c9656617d7.jpg
2026-06-09,2026-06-09 06:50:03,67,BV1HL7m6JECt,116700670395936,霸总腌入味，王鹤棣太让人笑幻了……【不舒服学】逐帧分析,一只吐槽圆,娱乐杂谈,娱乐杂谈,241,1774,1604522,22235,4710,71877,28511,12559,14180,1780711190,https://www.bilibili.com/video/BV1HL7m6JECt,http://i0.hdslb.com/bfs/archive/cfe030cb9db76b0cad1dc763db5d7299bfd51ab9.jpg
2026-06-09,2026-06-09 06:50:03,68,BV1zDE46ZEzL,116707213512648,虎哥摩根时代只有自己用的是真的,虎哥二次元教父,鬼畜调教,鬼畜,22,16,2058872,140,1436,177241,1582,7475,845,1780811019,https://www.bilibili.com/video/BV1zDE46ZEzL,http://i2.hdslb.com/bfs/archive/167cc262dd29aa3be2b9730c13c4ce9733856d97.jpg
2026-06-09,2026-06-09 06:50:03,69,BV1m87D6iEgB,116702834657874,好多人想看Dangerous，那就斗胆跳一段。,特崮斯,篮球,运动,235,59,1066051,625,2732,159232,23292,9818,2253,1780744217,https://www.bilibili.com/video/BV1m87D6iEgB,http://i2.hdslb.com/bfs/archive/c883cf75d064cd54b77796c65fc6a55298f47367.jpg
2026-06-09,2026-06-09 06:50:03,70,BV1Vq7m6NEN8,116700368408896,【时代少年团】系列纪录片《光辉岁月》——“回南天”,时代少年团,明星综合,明星综合,137,13990,1454194,21,3595,48106,14043,16956,1946,1780718400,https://www.bilibili.com/video/BV1Vq7m6NEN8,http://i2.hdslb.com/bfs/archive/bc281db3fee5c37911a273d2435afe8e9047405f.jpg
2026-06-09,2026-06-09 06:50:03,71,BV1fd7C6vEA8,116698489357988,开局仅有一格云平台？传奇极限空岛生存！,陶艺猫,单机游戏,游戏,17,951,791381,1167,1006,62176,28251,11840,1718,1780711500,https://www.bilibili.com/video/BV1fd7C6vEA8,http://i0.hdslb.com/bfs/archive/fe29c19a4bfe19e414b572cc9869ab6a64e80601.jpg
2026-06-09,2026-06-09 06:50:03,72,BV13HEw6rEhc,116691140873202,接龙游戏开发，但都绷住了,M木糖M,单机游戏,游戏,17,933,2070590,1830,1278,98223,14246,18532,1752,1780630200,https://www.bilibili.com/video/BV13HEw6rEhc,http://i2.hdslb.com/bfs/archive/1083ae38f0917802668505e94ed2fe06226cc58b.jpg
2026-06-09,2026-06-09 06:50:03,73,BV1di7Q6nEu4,116701777627095,兄弟们！今天带良子水上训练，你们觉得良子能坚持多久？,健身华哥,运动综合,运动,238,217,1702607,942,11263,84540,2081,3379,3395,1780728153,https://www.bilibili.com/video/BV1di7Q6nEu4,http://i1.hdslb.com/bfs/archive/48f8a7c3b0af6baea81d423375f3ea0e18e4a44d.jpg
2026-06-09,2026-06-09 06:50:03,74,BV1747S6SExf,116701039495420,师傅：成功挑战人类！,猪大肠and方一蛋,喵星人,喵星人,218,44,1920870,999,2345,167535,4678,6353,4021,1780717504,https://www.bilibili.com/video/BV1747S6SExf,http://i2.hdslb.com/bfs/archive/3449f80a251dbb861606222cd047b34839e4e173.jpg
2026-06-09,2026-06-09 06:50:03,75,BV1wEEc6REms,116692097238799,城市大富翁（5）,雨哥到处跑,日常,生活,21,3846,2031392,41782,5359,161448,127827,42707,5393,1780628700,https://www.bilibili.com/video/BV1wEEc6REms,http://i1.hdslb.com/bfs/archive/8628e50dc2e56aec5815c8e3f665d304cfe23d80.jpg
2026-06-09,2026-06-09 06:50:03,76,BV1s47y65E4g,116698153752165,那年你写下了什么？复盘1977—2025年高考作文题【大国之治·高考作文题】,大象放映室,财经商业,知识,207,2306,1268157,2624,4872,35365,12533,27492,7830,1780801200,https://www.bilibili.com/video/BV1s47y65E4g,http://i1.hdslb.com/bfs/archive/e403ab5119fb220e6ae7654b859643b16dec3709.jpg
2026-06-09,2026-06-09 06:50:03,77,BV1Lt7m63EdD,116700267742890,你脑中出现两个声音…,四夕小田木_,小剧场,娱乐,85,38,980477,192,1570,163590,6370,11318,1125,1780705023,https://www.bilibili.com/video/BV1Lt7m63EdD,http://i0.hdslb.com/bfs/archive/7a454bc24acdaf53f3719c390fd9ec4c58605c0c.jpg
2026-06-09,2026-06-09 06:50:03,78,BV1x77Q6eE7o,116702247457814,《绝区零》3.0版本PV | 某个梦游者的自白,绝区零,手机游戏,游戏,172,2575,910958,4068,5499,57173,16143,10313,2650,1780749000,https://www.bilibili.com/video/BV1x77Q6eE7o,http://i2.hdslb.com/bfs/archive/87c8066e1d2dab7418e493b02cf3efa0e0b9a4b7.jpg
2026-06-09,2026-06-09 06:50:03,79,BV1gsEw6zExs,116691040208641,你的高考/中考/期末考belike,哈基mer-猫meme,搞笑,娱乐,138,22,1058552,32880,2791,330959,34793,66820,5883,1780564012,https://www.bilibili.com/video/BV1gsEw6zExs,http://i2.hdslb.com/bfs/archive/4f76f8d127f1c6d5a990c89a161f10356e783cd4.jpg
2026-06-09,2026-06-09 06:50:03,80,BV1U87D6iEK2,116702834662934,老吴大师,皮欧皮皮,喵星人,喵星人,218,116,985411,1222,2584,108524,1803,11673,9157,1780744103,https://www.bilibili.com/video/BV1U87D6iEK2,http://i0.hdslb.com/bfs/archive/d0b24d7ecbe3b7c2fbd943beec85bee6128300d7.jpg
2026-06-09,2026-06-09 06:50:03,81,BV1fV7C6PEC3,116696811571160,当我出提纳里时收到了植物学博士录取通知,乔落落啊,仿妆cos,时尚,252,27,836221,3856,2819,198407,5149,5837,621,1780652265,https://www.bilibili.com/video/BV1fV7C6PEC3,http://i1.hdslb.com/bfs/archive/a6bca5345beae937c7e2979d6d22be6cbdaa9f2e.jpg
2026-06-09,2026-06-09 06:50:03,82,BV1xCEb63Ewg,116708471736833,【TF家族练习生】《四一有意思》09:《我们与“影弟”的距离》（下）,TF家族,明星综合,明星综合,137,2405,932605,338231,3873,46214,6113,20701,1260,1780830000,https://www.bilibili.com/video/BV1xCEb63Ewg,http://i0.hdslb.com/bfs/archive/5d11b912eac44c5ad5cf8c93db359e80e3186d2e.jpg
2026-06-09,2026-06-09 06:50:03,83,BV1eVEn6fEwP,116703304357775,高考日子678，祝你—录取吧！,碎嘴企鹅,搞笑,娱乐,138,110,804816,1237,7999,121549,2420,5183,547,1780751436,https://www.bilibili.com/video/BV1eVEn6fEwP,http://i0.hdslb.com/bfs/archive/89dfb44cf51f7845972489cbc8fed63d78368801.jpg
2026-06-09,2026-06-09 06:50:03,84,BV1FV7C6KESW,116696811773804,好惨一国家，盛产倒霉总统【东非02丨马拉维】,小王Albert,人文历史,知识,228,1494,1194993,2549,1234,66376,12302,9260,644,1780707600,https://www.bilibili.com/video/BV1FV7C6KESW,http://i2.hdslb.com/bfs/archive/2e15f92493ab2c9e39e067e70d1399dcd094f406.jpg
2026-06-09,2026-06-09 06:50:03,85,BV1cs7Q6fEQX,116702230616264,双绝之战,ioeop,网络游戏,游戏,65,35,1889241,124,1280,132912,1606,16480,6854,1780734931,https://www.bilibili.com/video/BV1cs7Q6fEQX,http://i1.hdslb.com/bfs/archive/1026961aa82bcc307e2feec6322493bb3d5b1190.jpg
2026-06-09,2026-06-09 06:50:03,86,BV1Xh7168ESr,116699395266567,一期视频教会你公式化手炮开局炸一队,麒麟--三角洲行动,网络游戏,游戏,65,53,1480417,89,1023,89708,1657,51096,7795,1780729200,https://www.bilibili.com/video/BV1Xh7168ESr,http://i1.hdslb.com/bfs/archive/40350b382e3bd6f3e06fd0adf770a6010bb346b2.jpg
2026-06-09,2026-06-09 06:50:03,87,BV1jz7k6tEkL,116696979347018,教程来啦兄弟们 拍起来,是柳宗元,电子竞技,游戏,171,46,2437770,205,981,186536,3229,28428,1522,1780654702,https://www.bilibili.com/video/BV1jz7k6tEkL,http://i0.hdslb.com/bfs/archive/becaa38ea9e7437bed18411340db6d5da7f4cd54.jpg
2026-06-09,2026-06-09 06:50:03,88,BV1dhEH6KERy,116704277435502,【良子本人胃袋这一块】新作上线，快来看看！,良子本人胃袋这一块,美食记录,美食,215,48,3045606,1099,3027,130881,524,7312,3900,1780766174,https://www.bilibili.com/video/BV1dhEH6KERy,http://i2.hdslb.com/bfs/archive/f1437a5649b4d529e263388e4c95984ffb5cad90.jpg
2026-06-09,2026-06-09 06:50:03,89,BV1D97y6dERH,116697919004560,拿人罐罐，替人消灾,布丁仔和泡芙妹的一天,喵星人,喵星人,218,23,2779981,512,3082,155781,505,6447,865,1780669119,https://www.bilibili.com/video/BV1D97y6dERH,http://i2.hdslb.com/bfs/archive/fc9d115669e9ba8a3d141ba74d6e7da1e5f327c9.jpg
2026-06-09,2026-06-09 06:50:03,90,BV1Vf7D62EwZ,116702448716451,《我一级就是后期了》,尴尬的铁根er,网络游戏,游戏,65,216,2437455,516,1919,85050,2463,7101,1475,1780738656,https://www.bilibili.com/video/BV1Vf7D62EwZ,http://i0.hdslb.com/bfs/archive/dba54e23a9dce65e11940cc2a9adb0552774c7f5.jpg
2026-06-09,2026-06-09 06:50:03,91,BV1gP7Q6VE6p,116702129950535,选择你的高考助力官,三三-关注取图,综合,综合,27,16,394765,554,4173,113298,1421,32346,3382,1780733269,https://www.bilibili.com/video/BV1gP7Q6VE6p,http://i0.hdslb.com/bfs/archive/dc9248cceb1e04dbd4235ea16c486602da7d7cbc.jpg
2026-06-09,2026-06-09 06:50:03,92,BV17U7D6WEU8,116702364831700,别笑，你也找不到欣答应在哪,七颗猩猩QKXX,日常,生活,21,176,1820160,593,786,100312,4077,14144,694,1780737386,https://www.bilibili.com/video/BV17U7D6WEU8,http://i0.hdslb.com/bfs/archive/a4aceec695e539b218d8c310d5e2318fc3fd53bb.jpg
2026-06-09,2026-06-09 06:50:03,93,BV1zf7163EXp,116699294603359,见到这个奇怪的马里奥！请立马关掉游戏！它已让我自闭！,与山0v0,单机游戏,游戏,17,1995,2519759,5345,972,109054,27788,67686,510,1780710900,https://www.bilibili.com/video/BV1zf7163EXp,http://i2.hdslb.com/bfs/archive/d4fdf10998965811bf8e67556c55332d8bba6f58.jpg
2026-06-09,2026-06-09 06:50:03,94,BV1Ft7Q6oE4d,116701861517497,当我尝试做汉尼拔的菜谱,汉尼扳,小剧场,娱乐,85,279,619426,834,950,74875,2500,10848,1033,1780740000,https://www.bilibili.com/video/BV1Ft7Q6oE4d,http://i0.hdslb.com/bfs/archive/601a792216743016ddf8f3e63abded1f4eeb840d.jpg
2026-06-09,2026-06-09 06:50:03,95,BV1JyEp6jExj,116705619609485,【瓦赛杂谈】数据不足以体现CN选手基本职业素养的缺乏。,KiddoJioJio,网络游戏,游戏,65,908,870719,1609,7917,39193,24055,7912,10110,1780786587,https://www.bilibili.com/video/BV1JyEp6jExj,http://i1.hdslb.com/bfs/archive/8df6fc0aeeceb732a39b8029f16711194376342f.jpg
2026-06-09,2026-06-09 06:50:03,96,BV1AwEs69E4D,116706978633242,高考 标准答案正在进入考场,ring_of_power,日常,生活,21,19,2134113,899,7137,129508,451,7705,9285,1780807231,https://www.bilibili.com/video/BV1AwEs69E4D,http://i0.hdslb.com/bfs/archive/717464a151023d48916c1bc164a883d5454724ca.jpg
2026-06-09,2026-06-09 06:50:03,97,BV1bV7k6LExn,116697264560365,再见！一系列！高考必胜！,一数,校园学习,知识,208,193,993650,31087,15796,91893,35275,18787,5950,1780659292,https://www.bilibili.com/video/BV1bV7k6LExn,http://i2.hdslb.com/bfs/archive/5df66240b2b71ca2bc6ce697e929657b1b1df5a4.jpg
2026-06-09,2026-06-09 06:50:03,98,BV1MaEs6PEN2,116706659927588,地狱门展开防御系统-歼神号空天航母KG2.0,雨川_叶のイレナqwq,单机游戏,游戏,17,49,819816,687,3285,99403,2213,26163,11412,1780802544,https://www.bilibili.com/video/BV1MaEs6PEN2,http://i1.hdslb.com/bfs/archive/51c05f83ebe30f181c40815bb8e00914d2a8536a.jpg
2026-06-09,2026-06-09 06:50:03,99,BV15z766SE1A,116696341812776,假如高考什么都可以带,小安苒AIGC,校园学习,知识,208,177,2445251,3059,2695,104150,2472,8336,1998,1780646400,https://www.bilibili.com/video/BV15z766SE1A,http://i2.hdslb.com/bfs/archive/ed743a6a86446310a9957bce92faa671a082a6d8.jpg
2026-06-09,2026-06-09 06:50:03,100,BV16oEJ66Epu,116703220468274,网飞新剧夯爆了，最狠教师，暴打校霸！提前锁定年度最佳！,噔噔悬疑社,影视杂谈,影视,182,3492,1150752,12902,4740,28588,8224,15558,6457,1780750042,https://www.bilibili.com/video/BV16oEJ66Epu,http://i2.hdslb.com/bfs/archive/1e5067324d5a67397855edb31e3650e31bb493a9.jpg
2026-06-09,2026-06-09 08:16:11,1,BV15C7k6REKC,116697197451293,公测定档7月 | 《遗忘之海》船员集结摇滚MV「燥」,遗忘之海,GMV,GMV,121,205,7474598,1511,2719,133014,86378,84601,4994,1780711200,https://www.bilibili.com/video/BV15C7k6REKC,http://i0.hdslb.com/bfs/archive/bef8db958217ad42ed011f4bf5d5d6c1cf3a4bad.jpg
2026-06-09,2026-06-09 08:16:11,2,BV1Uj7k6VEPU,116697432395968,信 |《归唐》19分钟完整实机演示,归唐,单机游戏,游戏,17,1167,10671967,24465,34631,158052,48697,31831,63099,1780791300,https://www.bilibili.com/video/BV1Uj7k6VEPU,http://i1.hdslb.com/bfs/archive/73972f02b3d2a52c97a1ec81e53403fef6160006.jpg
2026-06-09,2026-06-09 08:16:11,3,BV1TnEt6MEHn,116709042165737,《原神》角色预告-「洛恩：『杰作』」,原神,手机游戏,游戏,172,729,1788274,9614,10271,208725,67881,45546,29341,1780891200,https://www.bilibili.com/video/BV1TnEt6MEHn,http://i1.hdslb.com/bfs/archive/338dd06fe0b8324ca26ec3f146f610f500448221.jpg
2026-06-09,2026-06-09 08:16:11,4,BV1xkE46PE59,116707649656463,参加了九次高考的考生采访,自来卷三木,日常,生活,21,99,4712247,4420,4518,315404,8960,22392,9450,1780817665,https://www.bilibili.com/video/BV1xkE46PE59,http://i1.hdslb.com/bfs/archive/2c51e17d5ab278033691d055015af26638867e5b.jpg
2026-06-09,2026-06-09 08:16:11,5,BV1WY7U6dEJ5,116699814693875,【微电影】人类文明的最后一届高考,最后讲述者,鬼畜剧场,鬼畜剧场,216,263,2301681,3173,6491,186769,23799,44227,10793,1780709400,https://www.bilibili.com/video/BV1WY7U6dEJ5,http://i2.hdslb.com/bfs/archive/40a717d48c3dbeb9559b00a07a88af6cfd5181fb.jpg
2026-06-09,2026-06-09 08:16:11,6,BV15v7S65EWD,116701022717876,挑战给历史故事打tag（标签）,混饭达人,娱乐杂谈,娱乐杂谈,241,77,3652032,3849,2857,296796,7879,35541,18836,1780716510,https://www.bilibili.com/video/BV15v7S65EWD,http://i2.hdslb.com/bfs/archive/1845b193e356ee0f6b686419e20cc96fe1678367.jpg
2026-06-09,2026-06-09 08:16:11,7,BV1CQ7o61ERo,116689798764442,人，握爪后就不要放开咯！——《伊莫》握爪测试招募开启,伊莫,手机游戏,游戏,172,119,5267265,783,4680,168804,41807,131314,85364,1780797600,https://www.bilibili.com/video/BV1CQ7o61ERo,http://i0.hdslb.com/bfs/archive/06bcb84e42974283a3ade3bf6fbee2302b4b4d96.jpg
2026-06-09,2026-06-09 08:16:11,8,BV1T9Vm6UE2N,116684681647760,《古剑》3分钟战斗实机 | 线下试玩招募开启,古剑,单机游戏,游戏,17,168,5513090,3673,10708,104743,64342,46281,24254,1780698215,https://www.bilibili.com/video/BV1T9Vm6UE2N,http://i0.hdslb.com/bfs/archive/d18a0e2a80905c1a2bfe0d000c3ca47aa1548899.jpg
2026-06-09,2026-06-09 08:16:11,9,BV1cu7r6FEPd,116696023045705,英国，沦为印度殖民地,平原公子,日常,生活,21,463,3711612,15292,10585,239579,11446,26654,24588,1780640137,https://www.bilibili.com/video/BV1cu7r6FEPd,http://i1.hdslb.com/bfs/archive/95ba7fb80bc2a46fc2c8f7ff69a08c57c40ef914.jpg
2026-06-09,2026-06-09 08:16:11,10,BV16w7D6RERW,116700921988742,007看后:追逐战？,MEspace天植,绘画,绘画,162,49,2878601,290,1219,283153,28069,49591,2573,1780714922,https://www.bilibili.com/video/BV16w7D6RERW,http://i2.hdslb.com/bfs/archive/f35dab38094910739815ae6424bcceee9316f8f7.jpg
2026-06-09,2026-06-09 08:16:11,11,BV1ZvEt6oEWR,116709209935672,锐评2026年数学高考，我雷霆大怒,聊城市茬平区第一中学,日常,生活,21,739,2838904,5107,23053,119501,20393,28837,21188,1780841328,https://www.bilibili.com/video/BV1ZvEt6oEWR,http://i0.hdslb.com/bfs/archive/6d19a0c156e6b82f71035cacec0f450bd19fb6c6.jpg
2026-06-09,2026-06-09 08:16:11,12,BV1xR7S6hEkB,116700804683368,菲比：就你们寝室最吵！！,Lm海洋,音乐综合,音乐,130,262,1348655,792,4305,103017,74458,46582,16217,1780713190,https://www.bilibili.com/video/BV1xR7S6hEkB,http://i1.hdslb.com/bfs/archive/348cd3608f962369b093721ee90e2515a127a833.jpg
2026-06-09,2026-06-09 08:16:11,13,BV1xU7f6xEjt,116690939546284,CF单机叙事续作——《穿越火线：潜伏》实机首曝,穿越火线潜伏,单机游戏,游戏,17,308,6811750,2001,6671,132694,7646,27410,15707,1780696800,https://www.bilibili.com/video/BV1xU7f6xEjt,http://i0.hdslb.com/bfs/archive/140a4abb0c80a2aa1e7cb7126c978567b667ed12.jpg
2026-06-09,2026-06-09 08:16:11,14,BV1rg7C6TEUm,116696912369911,一句“一氧化二氢”能钓出多少“读稿机”？,中国食品报融媒体,科学科普,知识,201,291,5156227,7083,23709,219079,17869,26681,18358,1780653928,https://www.bilibili.com/video/BV1rg7C6TEUm,http://i1.hdslb.com/bfs/archive/1081ed32a36e81bee443915a997ed5f2bd56badd.jpg
2026-06-09,2026-06-09 08:16:11,15,BV1wE7m67EAF,116700569671653,“我在成华大道「拼接遗憾」”,Dieorite,人力VOCALOID,人力VOCALOID,126,116,748161,3378,1784,166443,36648,47916,3120,1780709690,https://www.bilibili.com/video/BV1wE7m67EAF,http://i1.hdslb.com/bfs/archive/b7a88bfce9322211ddb670d69d549967dba6591e.jpg
2026-06-09,2026-06-09 08:16:11,16,BV1pW7Q68Emz,116702180348281,这期谁能绷住,呱唧菌,搞笑,娱乐,138,339,2662162,2224,1694,186453,10845,52656,2441,1780741800,https://www.bilibili.com/video/BV1pW7Q68Emz,http://i2.hdslb.com/bfs/archive/5ae6e1d11721490eb4a17034e97a4c36afdca5f0.jpg
2026-06-09,2026-06-09 08:16:11,17,BV1dY7Q6pEQZ,116701878291791,千里奔赴只为弥补40年前的遗憾,赛亚人阿廖,出行,生活,250,246,1355170,2549,1962,153079,39933,17229,545,1780729530,https://www.bilibili.com/video/BV1dY7Q6pEQZ,http://i0.hdslb.com/bfs/archive/5f9f719eb1fb6326b0a2eabe298cd1484afab3e6.jpg
2026-06-09,2026-06-09 08:16:11,18,BV1vR7D6JEEm,116702566223209,全球吃席！自驾巴尔干婚礼，吃欧洲乡村大席,食贫道,日常,生活,21,3274,1543779,9284,1900,138231,51292,17989,3723,1780741089,https://www.bilibili.com/video/BV1vR7D6JEEm,http://i2.hdslb.com/bfs/archive/b23120503d27e3049c25e887901c19df17a98fe1.jpg
2026-06-09,2026-06-09 08:16:11,19,BV1hG7y69Ej2,116698036313694,史上最骚特工(第二集),老番茄,单机游戏,游戏,17,842,2690345,3489,1885,152734,50172,43754,2653,1780716600,https://www.bilibili.com/video/BV1hG7y69Ej2,http://i2.hdslb.com/bfs/archive/c4778bfde8d395e0f91e2f746393736302e8205c.jpg
2026-06-09,2026-06-09 08:16:11,20,BV1dq7Q6SEbX,116701827961912,最不吃压力之熊,传奇飞行员_太日阳莽,鬼畜剧场,鬼畜剧场,216,91,2361090,816,3391,185483,3864,42486,6274,1780728644,https://www.bilibili.com/video/BV1dq7Q6SEbX,http://i2.hdslb.com/bfs/archive/cdfe2d04e5d60dbd700833f920d17d40cebc2d39.jpg
2026-06-09,2026-06-09 08:16:11,21,BV1uX7k6UENx,116696761239484,巨构：没有告别,巨构ai,网络游戏,游戏,65,19,3253331,6703,8188,510935,28063,172745,8217,1780651506,https://www.bilibili.com/video/BV1uX7k6UENx,http://i0.hdslb.com/bfs/archive/1422e60b2923b373953bd4ce6433b6f0e91f9501.jpg
2026-06-09,2026-06-09 08:16:11,22,BV1s7V46XEix,116655590017716,评论区摄影大赛之火遍全网的佳作篇，本期有锐评系列也有破败与新生佳作，欢迎投稿好的作品会让更多人看到。,摄影恩哥,日常,生活,21,124,5571403,1995,11330,346238,3157,26855,1142,1780738200,https://www.bilibili.com/video/BV1s7V46XEix,http://i1.hdslb.com/bfs/archive/58aada2ca9cd83b3f4d86b331759b2c832c8bcb4.jpg
2026-06-09,2026-06-09 08:16:11,23,BV1ZREP6dEcU,116693758117714,扫落叶全清洁100%速通39分03秒leaf it alone,闲云豹,单机游戏,游戏,17,2367,1785401,1863,2616,149095,15861,33777,6344,1780605809,https://www.bilibili.com/video/BV1ZREP6dEcU,http://i1.hdslb.com/bfs/archive/310db23466f62e9399f25f92c8d2b0af953476d6.jpg
2026-06-09,2026-06-09 08:16:11,24,BV1JJ7m62ELC,116700620065327,最直接的伤害往往只需采用最简单的普通攻击 #超能力 #万万没想到 #反转 #劲大,刘不凡本凡,短片,动画,256,364,2927071,3349,7881,156535,2559,19129,1214,1780719600,https://www.bilibili.com/video/BV1JJ7m62ELC,http://i1.hdslb.com/bfs/archive/1b35b982075822d704a03ec34c21632ebcfa9044.jpg
2026-06-09,2026-06-09 08:16:11,25,BV1LR7D6JEV7,116702566156828,Re：佩恩从零开始的异世界生活！！！【水门篇】,-夏秋冬-,综合,综合,27,416,1414988,1742,4315,89328,32690,26565,5750,1780740005,https://www.bilibili.com/video/BV1LR7D6JEV7,http://i1.hdslb.com/bfs/archive/7b1442110a7b65950b9bb9ed1c2c29908c642732.jpg
2026-06-09,2026-06-09 08:16:11,26,BV1YVEn6fEmZ,116703304356999,那天真有其他人在场，但我没法证明。,何大爷课堂,人文历史,知识,228,123,2440318,430,3509,186597,4794,17099,1433,1780751375,https://www.bilibili.com/video/BV1YVEn6fEmZ,http://i1.hdslb.com/bfs/archive/36a36b65d7a5cdced8c027e2371074acb5dd204b.jpg
2026-06-09,2026-06-09 08:16:11,27,BV1UV7k6LEUG,116697264627213,航天会刷典狱长？！【三角洲动画】,手折余弦丶,电子竞技,游戏,171,300,1473868,1574,1998,121445,14736,32881,3853,1780659017,https://www.bilibili.com/video/BV1UV7k6LEUG,http://i0.hdslb.com/bfs/archive/eb575db6391346950b2623259e6c0c6469239e03.jpg
2026-06-09,2026-06-09 08:16:11,28,BV1um7665EpW,116696325033820,讷,水生植物人owo,日常,生活,21,16,1622045,1373,8915,231499,6713,60609,22046,1780644714,https://www.bilibili.com/video/BV1um7665EpW,http://i2.hdslb.com/bfs/archive/ce971f171b1f22d061819b3fea882f5d4af2a608.jpg
2026-06-09,2026-06-09 08:16:11,29,BV1Ja7k6AE1b,116697063235411,我又给花朵加了个开关！,是玉木呀,设计·创意,设计·创意,229,104,1130166,598,944,183429,21770,37627,3831,1780656042,https://www.bilibili.com/video/BV1Ja7k6AE1b,http://i0.hdslb.com/bfs/archive/c05470a618fc67ee60cb9df153eb5ad6d3c8ce08.jpg
2026-06-09,2026-06-09 08:16:11,30,BV17q7y6qEeG,116697767874225,当代牢大学生论文现状belike：,黑曼波语录,鬼畜调教,鬼畜,22,78,1811153,270,2149,139735,5186,95400,11447,1780716900,https://www.bilibili.com/video/BV17q7y6qEeG,http://i2.hdslb.com/bfs/archive/a42866374c2dd87fd5093121386c1dd1372e10a6.jpg
2026-06-09,2026-06-09 08:16:11,31,BV17z7y6KEVT,116697751096214,可爱的安魂曲~,徐大花xudahua,手工,生活,161,158,2158895,469,1770,129457,9093,19657,3347,1780718400,https://www.bilibili.com/video/BV17z7y6KEVT,http://i2.hdslb.com/bfs/archive/2fbc38542399965a708c159f85533b4f5065fe8c.jpg
2026-06-09,2026-06-09 08:16:11,32,BV1PP7C63E2J,116696710912022,《师》我回母校当老师,阿廖沙别害怕_,搞笑,娱乐,138,296,2257553,570,1229,201274,5805,16031,721,1780650587,https://www.bilibili.com/video/BV1PP7C63E2J,http://i0.hdslb.com/bfs/archive/b04455fde128b88ff0a92e264778512242510bc9.jpg
2026-06-09,2026-06-09 08:16:11,33,BV168796PEv1,116685839403735,如此仙音唯有挠臭,lulu和露爸,喵星人,喵星人,218,26,5429878,20221,6598,676259,20751,131641,29223,1780484850,https://www.bilibili.com/video/BV168796PEv1,http://i1.hdslb.com/bfs/archive/87f3ce4876a2e50e34a2c1b24dfe10ae34700a55.jpg
2026-06-09,2026-06-09 08:16:11,34,BV1VD726iE1t,116698791282580,《猴王出事》,伤心欲茄222,搞笑,娱乐,138,103,2772417,1328,4098,186473,7692,9828,6949,1780718400,https://www.bilibili.com/video/BV1VD726iE1t,http://i1.hdslb.com/bfs/archive/2fa41f4d1af95817e553d8fd8c6eeb7fc16a9d82.jpg
2026-06-09,2026-06-09 08:16:11,35,BV19N7y6bE1e,116698455803490,全体起立鼓掌！人类发现了治癌症的新药！🤯,蜗牛的科技笔记,软件应用,软件应用,230,115,1705162,1436,7583,157062,6524,26276,10902,1780677279,https://www.bilibili.com/video/BV19N7y6bE1e,http://i2.hdslb.com/bfs/archive/3b5f57bbd2f68b33097261f34d0cbb700b9439ce.jpg
2026-06-09,2026-06-09 08:16:11,36,BV1bd7k62Epb,116696794863371,LV6有啥用?一个视频看懂LV6所有特权功能,威尔斯耍流氓,搞笑,娱乐,138,193,853772,12338,21744,77699,47031,11237,5035,1780652357,https://www.bilibili.com/video/BV1bd7k62Epb,http://i1.hdslb.com/bfs/archive/96eeed5029dce27d3f6ea0160d4ade58d6afb34e.jpg
2026-06-09,2026-06-09 08:16:11,37,BV19v7S65ESU,116701022849204,我给爱车打造了一套废土战甲,手工耿,手工,生活,161,829,1897558,8825,2488,119798,21223,10149,5052,1780799533,https://www.bilibili.com/video/BV19v7S65ESU,http://i2.hdslb.com/bfs/archive/b1cf38027520b335d07b96dd1246fcde8d20a730.jpg
2026-06-09,2026-06-09 08:16:11,38,BV11cEK6rELU,116712364116494,地牢酒馆-13集 《碎骨大帐篷》,粘土工厂,单机游戏,游戏,17,257,853887,1220,2459,119752,19792,14585,1619,1780891200,https://www.bilibili.com/video/BV11cEK6rELU,http://i1.hdslb.com/bfs/archive/436f2a6d53b97fddf0f85b258c997b4f911e2a32.jpg
2026-06-09,2026-06-09 08:16:11,39,BV1GiEg6PE3v,116713588787899,《明日方舟》EP - 夏日远去之后,明日方舟,手机游戏,游戏,172,256,475959,5571,8777,74606,34059,22580,18120,1780909200,https://www.bilibili.com/video/BV1GiEg6PE3v,http://i1.hdslb.com/bfs/archive/a5c5345866b686d7c435dfd3080cd1d16d129659.jpg
2026-06-09,2026-06-09 08:16:11,40,BV1Jj7C6AEPq,116696845193451,是我还不够好,怎么转身又是,MMD·3D,动画,25,67,2319322,6297,8591,218637,12906,57572,35372,1780652794,https://www.bilibili.com/video/BV1Jj7C6AEPq,http://i0.hdslb.com/bfs/archive/c261bcb22b8b34b31c0d9cb2e04b0a49a318b123.jpg
2026-06-09,2026-06-09 08:16:11,41,BV1Xa7m6qEm7,116700217347938,意识深渊：我真的存在吗？,大圆镜科普,科学科普,知识,201,484,1036603,1467,2475,95300,3799,18540,1707,1780704207,https://www.bilibili.com/video/BV1Xa7m6qEm7,http://i1.hdslb.com/bfs/archive/2d760490c4cfbae1c3b9168320f075ace66ad15a.jpg
2026-06-09,2026-06-09 08:16:11,42,BV1TK7S6PESt,116701341420908,日菲台岛东部“划界”，我们和两国防长现场对线！,玉渊谭天,科学科普,知识,201,466,842434,5979,5064,90512,29826,10337,2379,1780729200,https://www.bilibili.com/video/BV1TK7S6PESt,http://i0.hdslb.com/bfs/archive/4f11eda2d2c34ea69bc20938c15ebcc0e4b3affc.jpg
2026-06-09,2026-06-09 08:16:11,43,BV1df7r6REpB,116695469463690,如何在家制造浓汤宝,嘤武罗,日常,生活,21,501,5138780,3810,3576,201566,51113,49446,3126,1780650000,https://www.bilibili.com/video/BV1df7r6REpB,http://i2.hdslb.com/bfs/archive/94c85d2ebad9002fcbad0c7ef2f3c8a3f1ec6768.jpg
2026-06-09,2026-06-09 08:16:11,44,BV1uXEA6gEMu,116692567070822,“别着急，我来给你补充「偶！像！能！量！」”,小耗owo,手机游戏,游戏,172,80,1305519,1016,2779,256024,18603,59091,12005,1780624800,https://www.bilibili.com/video/BV1uXEA6gEMu,http://i1.hdslb.com/bfs/archive/64822f49e99e9fb8b41ba5e0f9e06f48d4b76446.jpg
2026-06-09,2026-06-09 08:16:11,45,BV15d7D6UE4i,116702549379788,世界杯期间不抓移民？那这世界杯不是白办了吗,麻薯波比呀,社科·法律·心理,知识,124,995,2082722,7909,4057,103522,15124,12361,2950,1780740025,https://www.bilibili.com/video/BV15d7D6UE4i,http://i2.hdslb.com/bfs/archive/91940674117acf43b95f7a6e2e7ab686470cc3ea.jpg
2026-06-09,2026-06-09 08:16:11,46,BV1yk7X6KEz4,116686023891513,2高中生屠杀同学，造成13人死亡后自杀，开启美国校园枪击案先河：科伦拜恩枪击案,捕月说,人文历史,知识,228,733,2974895,1226,1097,95231,1880,13497,844,1780654200,https://www.bilibili.com/video/BV1yk7X6KEz4,http://i2.hdslb.com/bfs/archive/b52e8d555de710438989ea0831c1fa8211fbe67d.jpg
2026-06-09,2026-06-09 08:16:11,47,BV1g8Es6vEKZ,116706609598663,《鸣潮》× 《赛博朋克：边缘行者》 联动PV | 暗巷怪谈,鸣潮,手机游戏,游戏,172,598,2455519,2017,10230,68200,24048,11826,12237,1780804800,https://www.bilibili.com/video/BV1g8Es6vEKZ,http://i2.hdslb.com/bfs/archive/e73c3fc833ee1693dcf748e29538070e01b8fd40.jpg
2026-06-09,2026-06-09 08:16:11,48,BV1KG7S6FECF,116701274313735,小孩只是请男人吃了一块羊肉，男人转手就掏出一个900克的大金轮,懂一点人情世故,影视剪辑,影视,183,425,2006208,1304,1207,98589,1898,10404,637,1780720244,https://www.bilibili.com/video/BV1KG7S6FECF,http://i2.hdslb.com/bfs/archive/7635c90a615f292f19e67c7de1d91e5c8a697033.jpg
2026-06-09,2026-06-09 08:16:11,49,BV1kv7262EyU,116698623578210,公司给粉丝安排了30万的水上宫殿...,飓多多StormCrew,日常,生活,21,852,1840328,3868,2659,91929,21497,18188,2182,1780714800,https://www.bilibili.com/video/BV1kv7262EyU,http://i2.hdslb.com/bfs/archive/a59944bd6ce91c0bbc28d8c8b560e8b73c31e976.jpg
2026-06-09,2026-06-09 08:16:11,50,BV1Bm7U6jEDZ,116701542815709,《爱，你》,是许木木啊,日常,生活,21,1043,1011957,5788,4524,101845,12958,24675,1788,1780738200,https://www.bilibili.com/video/BV1Bm7U6jEDZ,http://i0.hdslb.com/bfs/archive/fd7de4f643c70f1117b5d4f7ef9d1878ffc094bd.jpg
2026-06-09,2026-06-09 08:16:11,51,BV1WT7C6uEj8,116696878749194,猫 咪 的 花 语 是 老 吴🎵,幾加乘,同人·手书,动画,47,259,1858197,1806,3634,129869,20313,27586,12314,1780653131,https://www.bilibili.com/video/BV1WT7C6uEj8,http://i0.hdslb.com/bfs/archive/ad354ddb8c2e2bf697327dc182835b3d6014f4b1.jpg
2026-06-09,2026-06-09 08:16:11,52,BV1xZ7k6LESp,116696778084201,“哎呀 我们的主角倒下啦～”,西门小昭,综合,综合,27,30,885223,141,1290,167731,12592,67517,3165,1780655400,https://www.bilibili.com/video/BV1xZ7k6LESp,http://i2.hdslb.com/bfs/archive/2c5c6c548ed488771077293e2f7bfcfb435e4744.jpg
2026-06-09,2026-06-09 08:16:11,53,BV13c7S6qE5a,116701324648092,大哥豪刷10个爱神之箭！头开8个苹果全程揪心，接连翻车差点心态崩盘！,语格yoga,舞蹈综合,舞蹈综合,154,271,1710432,2230,3788,94711,11094,6882,2952,1780721492,https://www.bilibili.com/video/BV13c7S6qE5a,http://i1.hdslb.com/bfs/archive/e2af963c319aa3c1083f65f39306936b272010b5.jpg
2026-06-09,2026-06-09 08:16:11,54,BV1tV7k6LEyH,116697264556028,你或许不认识我 但我唱的歌你或许？？听过？,喵☆酱,翻唱,音乐,31,443,683591,6529,3036,134777,9349,21028,1432,1780659262,https://www.bilibili.com/video/BV1tV7k6LEyH,http://i1.hdslb.com/bfs/archive/f27fa302b117dedb6f353c75770d440ca8982c33.jpg
2026-06-09,2026-06-09 08:16:11,55,BV1YV7U6zEps,116699697254319,小登VS老登,灼眼的SABER哒,同人·手书,动画,47,63,1103377,542,2775,137829,12497,47525,11214,1780718400,https://www.bilibili.com/video/BV1YV7U6zEps,http://i0.hdslb.com/bfs/archive/dce2758cd8546e893008888b88f215364194d4a7.jpg
2026-06-09,2026-06-09 08:16:11,56,BV1787S6mEV8,116701073053928,这里藏着一群“伪人”,摸鱼佬临风,鬼畜剧场,鬼畜剧场,216,354,456928,454,893,85844,6421,28340,1212,1780717427,https://www.bilibili.com/video/BV1787S6mEV8,http://i2.hdslb.com/bfs/archive/d2a4fc8b8017160bc03e17f14d6fbedd690059c1.jpg
2026-06-09,2026-06-09 08:16:11,57,BV1xzE46KEFk,116707616098534,为了知晓地球年龄，人类究竟有多难？,星团菌,日常,生活,21,2606,1428752,2222,1741,62775,12509,18072,1531,1780835400,https://www.bilibili.com/video/BV1xzE46KEFk,http://i2.hdslb.com/bfs/archive/deeb691257a57979e33569ddbda3f66373262351.jpg
2026-06-09,2026-06-09 08:16:11,58,BV1Zj7C6wEJY,116696845125445,织棉为布，非遗土布。用千年蓝染，重现极致的东方浪漫,花木紫Huamuz,手工,生活,161,401,1274438,1825,2711,104150,9812,10604,802,1780652882,https://www.bilibili.com/video/BV1Zj7C6wEJY,http://i0.hdslb.com/bfs/archive/753a39454d2f1455af84effb021941e20ad4c2c7.jpg
2026-06-09,2026-06-09 08:16:11,59,BV1MyEg6ZEFt,116713823669040,德国的耻辱,燕三嘤嘤嘤,人文历史,知识,228,1108,968580,7673,2736,72315,20974,13735,894,1780912624,https://www.bilibili.com/video/BV1MyEg6ZEFt,http://i2.hdslb.com/bfs/archive/636366ae88e9b99461ee93fa2da8ff7f284c23a1.jpg
2026-06-09,2026-06-09 08:16:11,60,BV1Vz766DE6S,116696342006745,“从来就没有什么意外 ”,DKM莫天行,GMV,GMV,121,142,1148121,268,1915,127098,21965,45843,1294,1780653600,https://www.bilibili.com/video/BV1Vz766DE6S,http://i1.hdslb.com/bfs/archive/ebae2236febce20da402b0789a87254a40b4e8b8.jpg
2026-06-09,2026-06-09 08:16:11,61,BV1n17D6xEX2,116702331278408,这就是7JIA最强之人,杨齐家_,单机游戏,游戏,17,1221,2608542,5502,2500,118052,10563,18606,990,1780736508,https://www.bilibili.com/video/BV1n17D6xEX2,http://i1.hdslb.com/bfs/archive/63922fa2e9e8a18b95b8175a3bea61b0779794d1.jpg
2026-06-09,2026-06-09 08:16:11,62,BV1wPEs6pEMm,116706894749229,孤岛小夫 第二集,派之新,同人·手书,动画,47,503,1446618,761,1242,76519,4818,13519,2532,1780807094,https://www.bilibili.com/video/BV1wPEs6pEMm,http://i1.hdslb.com/bfs/archive/f16994491642562a05defddee6f04d3d2f428f15.jpg
2026-06-09,2026-06-09 08:16:11,63,BV13PEx63EJ3,116706575912358,这样的幸运，你想拥有吗！？🥳 #挑战# #野兽先生# #MrBeast# #vlog# #整活#,MrBeast官方账号,日常,生活,21,36,2796570,406,2243,184781,5075,9960,650,1780801241,https://www.bilibili.com/video/BV13PEx63EJ3,http://i1.hdslb.com/bfs/archive/060ed908afe9f422de1f1a505ade5b1e4ca3d8ae.jpg
2026-06-09,2026-06-09 08:16:11,64,BV1TR766zEvE,116695972714489,在沙漠里种了1800万棵树，然后呢？,影视飓风,娱乐粉丝创作,娱乐,242,756,3320651,11433,3143,167552,63755,28140,3030,1780650000,https://www.bilibili.com/video/BV1TR766zEvE,http://i1.hdslb.com/bfs/archive/af434541e40c0402ac850fc6783faa3ed5bfdda9.jpg
2026-06-09,2026-06-09 08:16:11,65,BV1zDE46ZEzL,116707213512648,虎哥摩根时代只有自己用的是真的,虎哥二次元教父,鬼畜调教,鬼畜,22,16,2079170,140,1453,178187,1606,7539,852,1780811019,https://www.bilibili.com/video/BV1zDE46ZEzL,http://i2.hdslb.com/bfs/archive/167cc262dd29aa3be2b9730c13c4ce9733856d97.jpg
2026-06-09,2026-06-09 08:16:11,66,BV1HL7m6JECt,116700670395936,霸总腌入味，王鹤棣太让人笑幻了……【不舒服学】逐帧分析,一只吐槽圆,娱乐杂谈,娱乐杂谈,241,1774,1609119,22273,4716,72012,28566,12584,14205,1780711190,https://www.bilibili.com/video/BV1HL7m6JECt,http://i0.hdslb.com/bfs/archive/cfe030cb9db76b0cad1dc763db5d7299bfd51ab9.jpg
2026-06-09,2026-06-09 08:16:11,67,BV1m87D6iEgB,116702834657874,好多人想看Dangerous，那就斗胆跳一段。,特崮斯,篮球,运动,235,59,1072576,629,2751,159830,23412,9849,2269,1780744217,https://www.bilibili.com/video/BV1m87D6iEgB,http://i2.hdslb.com/bfs/archive/c883cf75d064cd54b77796c65fc6a55298f47367.jpg
2026-06-09,2026-06-09 08:16:11,68,BV1Vq7m6NEN8,116700368408896,【时代少年团】系列纪录片《光辉岁月》——“回南天”,时代少年团,明星综合,明星综合,137,13990,1456738,98,3597,48154,14057,16982,1946,1780718400,https://www.bilibili.com/video/BV1Vq7m6NEN8,http://i2.hdslb.com/bfs/archive/bc281db3fee5c37911a273d2435afe8e9047405f.jpg
2026-06-09,2026-06-09 08:16:11,69,BV15iEc6VEfH,116691577216788,路边一块，也能变废为宝，雕刻出大家想要的题材我不知道什么时候天才会亮，但我知道，跑着跑着，天就亮了。,小梨家的和田玉,手工,生活,161,220,6541467,4295,12945,249736,9045,24073,4159,1780572193,https://www.bilibili.com/video/BV15iEc6VEfH,http://i2.hdslb.com/bfs/archive/c1597efe82d66a7f728f8bdd84505eff4b7f5ac9.jpg
2026-06-09,2026-06-09 08:16:11,70,BV1fd7C6vEA8,116698489357988,开局仅有一格云平台？传奇极限空岛生存！,陶艺猫,单机游戏,游戏,17,951,795385,1169,1007,62382,28343,11897,1724,1780711500,https://www.bilibili.com/video/BV1fd7C6vEA8,http://i0.hdslb.com/bfs/archive/fe29c19a4bfe19e414b572cc9869ab6a64e80601.jpg
2026-06-09,2026-06-09 08:16:11,71,BV1q1Vy64EqA,116682450274928,给朋友做的一本翻翻乐,花颜和鸣,日常,生活,21,70,930989,1228,3221,202803,18873,33045,1363,1780589700,https://www.bilibili.com/video/BV1q1Vy64EqA,http://i0.hdslb.com/bfs/archive/b6ed86d5a0591cf027f6b65a4770f1c9656617d7.jpg
2026-06-09,2026-06-09 08:16:11,72,BV13HEw6rEhc,116691140873202,接龙游戏开发，但都绷住了,M木糖M,单机游戏,游戏,17,933,2080903,1831,1283,98465,14280,18590,1755,1780630200,https://www.bilibili.com/video/BV13HEw6rEhc,http://i2.hdslb.com/bfs/archive/1083ae38f0917802668505e94ed2fe06226cc58b.jpg
2026-06-09,2026-06-09 08:16:11,73,BV1di7Q6nEu4,116701777627095,兄弟们！今天带良子水上训练，你们觉得良子能坚持多久？,健身华哥,运动综合,运动,238,217,1705211,942,11286,84618,2086,3390,3401,1780728153,https://www.bilibili.com/video/BV1di7Q6nEu4,http://i1.hdslb.com/bfs/archive/48f8a7c3b0af6baea81d423375f3ea0e18e4a44d.jpg
2026-06-09,2026-06-09 08:16:11,74,BV1747S6SExf,116701039495420,师傅：成功挑战人类！,猪大肠and方一蛋,喵星人,喵星人,218,44,1926096,1009,2350,168031,4695,6395,4028,1780717504,https://www.bilibili.com/video/BV1747S6SExf,http://i2.hdslb.com/bfs/archive/3449f80a251dbb861606222cd047b34839e4e173.jpg
2026-06-09,2026-06-09 08:16:11,75,BV1wEEc6REms,116692097238799,城市大富翁（5）,雨哥到处跑,日常,生活,21,3846,2180221,41803,5366,161731,127962,42762,5399,1780628700,https://www.bilibili.com/video/BV1wEEc6REms,http://i1.hdslb.com/bfs/archive/8628e50dc2e56aec5815c8e3f665d304cfe23d80.jpg
2026-06-09,2026-06-09 08:16:11,76,BV1s47y65E4g,116698153752165,那年你写下了什么？复盘1977—2025年高考作文题【大国之治·高考作文题】,大象放映室,财经商业,知识,207,2306,1269344,2624,4863,35398,12556,27517,7849,1780801200,https://www.bilibili.com/video/BV1s47y65E4g,http://i1.hdslb.com/bfs/archive/e403ab5119fb220e6ae7654b859643b16dec3709.jpg
2026-06-09,2026-06-09 08:16:11,77,BV1Lt7m63EdD,116700267742890,你脑中出现两个声音…,四夕小田木_,小剧场,娱乐,85,38,982717,192,1572,163988,6379,11354,1127,1780705023,https://www.bilibili.com/video/BV1Lt7m63EdD,http://i0.hdslb.com/bfs/archive/7a454bc24acdaf53f3719c390fd9ec4c58605c0c.jpg
2026-06-09,2026-06-09 08:16:11,78,BV1x77Q6eE7o,116702247457814,《绝区零》3.0版本PV | 某个梦游者的自白,绝区零,手机游戏,游戏,172,2575,929596,4073,5501,57384,16159,10348,2653,1780749000,https://www.bilibili.com/video/BV1x77Q6eE7o,http://i2.hdslb.com/bfs/archive/87c8066e1d2dab7418e493b02cf3efa0e0b9a4b7.jpg
2026-06-09,2026-06-09 08:16:11,79,BV1U87D6iEK2,116702834662934,老吴大师,皮欧皮皮,喵星人,喵星人,218,116,990413,1226,2591,108963,1812,11745,9196,1780744103,https://www.bilibili.com/video/BV1U87D6iEK2,http://i0.hdslb.com/bfs/archive/d0b24d7ecbe3b7c2fbd943beec85bee6128300d7.jpg
2026-06-09,2026-06-09 08:16:11,80,BV1fV7C6PEC3,116696811571160,当我出提纳里时收到了植物学博士录取通知,乔落落啊,仿妆cos,时尚,252,27,837158,3860,2823,198684,5155,5846,621,1780652265,https://www.bilibili.com/video/BV1fV7C6PEC3,http://i1.hdslb.com/bfs/archive/a6bca5345beae937c7e2979d6d22be6cbdaa9f2e.jpg
2026-06-09,2026-06-09 08:16:11,81,BV1gsEw6zExs,116691040208641,你的高考/中考/期末考belike,哈基mer-猫meme,搞笑,娱乐,138,22,1060127,32920,2797,331283,34813,66900,5885,1780564012,https://www.bilibili.com/video/BV1gsEw6zExs,http://i2.hdslb.com/bfs/archive/4f76f8d127f1c6d5a990c89a161f10356e783cd4.jpg
2026-06-09,2026-06-09 08:16:11,82,BV1xCEb63Ewg,116708471736833,【TF家族练习生】《四一有意思》09:《我们与“影弟”的距离》（下）,TF家族,明星综合,明星综合,137,2405,936542,338567,3873,46300,6128,20782,1261,1780830000,https://www.bilibili.com/video/BV1xCEb63Ewg,http://i0.hdslb.com/bfs/archive/5d11b912eac44c5ad5cf8c93db359e80e3186d2e.jpg
2026-06-09,2026-06-09 08:16:11,83,BV1eVEn6fEwP,116703304357775,高考日子678，祝你—录取吧！,碎嘴企鹅,搞笑,娱乐,138,110,807583,1244,8031,121996,2427,5199,548,1780751436,https://www.bilibili.com/video/BV1eVEn6fEwP,http://i0.hdslb.com/bfs/archive/89dfb44cf51f7845972489cbc8fed63d78368801.jpg
2026-06-09,2026-06-09 08:16:11,84,BV1FV7C6KESW,116696811773804,好惨一国家，盛产倒霉总统【东非02丨马拉维】,小王Albert,人文历史,知识,228,1494,1202979,2553,1233,66629,12353,9289,655,1780707600,https://www.bilibili.com/video/BV1FV7C6KESW,http://i2.hdslb.com/bfs/archive/2e15f92493ab2c9e39e067e70d1399dcd094f406.jpg
2026-06-09,2026-06-09 08:16:11,85,BV1cs7Q6fEQX,116702230616264,双绝之战,ioeop,网络游戏,游戏,65,35,1894106,125,1283,133208,1606,16551,6866,1780734931,https://www.bilibili.com/video/BV1cs7Q6fEQX,http://i1.hdslb.com/bfs/archive/1026961aa82bcc307e2feec6322493bb3d5b1190.jpg
2026-06-09,2026-06-09 08:16:11,86,BV1Xh7168ESr,116699395266567,一期视频教会你公式化手炮开局炸一队,麒麟--三角洲行动,网络游戏,游戏,65,53,1484015,89,1027,89933,1677,51264,7806,1780729200,https://www.bilibili.com/video/BV1Xh7168ESr,http://i1.hdslb.com/bfs/archive/40350b382e3bd6f3e06fd0adf770a6010bb346b2.jpg
2026-06-09,2026-06-09 08:16:11,87,BV1dhEH6KERy,116704277435502,【良子本人胃袋这一块】新作上线，快来看看！,良子本人胃袋这一块,美食记录,美食,215,48,3070103,1104,3049,131448,531,7362,3925,1780766174,https://www.bilibili.com/video/BV1dhEH6KERy,http://i2.hdslb.com/bfs/archive/f1437a5649b4d529e263388e4c95984ffb5cad90.jpg
2026-06-09,2026-06-09 08:16:11,88,BV1D97y6dERH,116697919004560,拿人罐罐，替人消灾,布丁仔和泡芙妹的一天,喵星人,喵星人,218,23,2792873,514,3094,156434,511,6492,868,1780669119,https://www.bilibili.com/video/BV1D97y6dERH,http://i2.hdslb.com/bfs/archive/fc9d115669e9ba8a3d141ba74d6e7da1e5f327c9.jpg
2026-06-09,2026-06-09 08:16:11,89,BV1jz7k6tEkL,116696979347018,教程来啦兄弟们 拍起来,是柳宗元,电子竞技,游戏,171,46,2441428,205,982,186810,3240,28474,1523,1780654702,https://www.bilibili.com/video/BV1jz7k6tEkL,http://i0.hdslb.com/bfs/archive/becaa38ea9e7437bed18411340db6d5da7f4cd54.jpg
2026-06-09,2026-06-09 08:16:11,90,BV1Vf7D62EwZ,116702448716451,《我一级就是后期了》,尴尬的铁根er,网络游戏,游戏,65,216,2444789,516,1922,85252,2470,7120,1482,1780738656,https://www.bilibili.com/video/BV1Vf7D62EwZ,http://i0.hdslb.com/bfs/archive/dba54e23a9dce65e11940cc2a9adb0552774c7f5.jpg
2026-06-09,2026-06-09 08:16:11,91,BV1gP7Q6VE6p,116702129950535,选择你的高考助力官,三三-关注取图,综合,综合,27,16,395558,555,4179,113483,1425,32430,3383,1780733269,https://www.bilibili.com/video/BV1gP7Q6VE6p,http://i0.hdslb.com/bfs/archive/dc9248cceb1e04dbd4235ea16c486602da7d7cbc.jpg
2026-06-09,2026-06-09 08:16:11,92,BV17U7D6WEU8,116702364831700,别笑，你也找不到欣答应在哪,七颗猩猩QKXX,日常,生活,21,176,1826161,594,788,100584,4085,14182,696,1780737386,https://www.bilibili.com/video/BV17U7D6WEU8,http://i0.hdslb.com/bfs/archive/a4aceec695e539b218d8c310d5e2318fc3fd53bb.jpg
2026-06-09,2026-06-09 08:16:11,93,BV1zf7163EXp,116699294603359,见到这个奇怪的马里奥！请立马关掉游戏！它已让我自闭！,与山0v0,单机游戏,游戏,17,1995,2535729,5359,977,109462,27856,68079,510,1780710900,https://www.bilibili.com/video/BV1zf7163EXp,http://i2.hdslb.com/bfs/archive/d4fdf10998965811bf8e67556c55332d8bba6f58.jpg
2026-06-09,2026-06-09 08:16:11,94,BV1Ft7Q6oE4d,116701861517497,当我尝试做汉尼拔的菜谱,汉尼扳,小剧场,娱乐,85,279,619939,834,952,74965,2504,10877,1035,1780740000,https://www.bilibili.com/video/BV1Ft7Q6oE4d,http://i0.hdslb.com/bfs/archive/601a792216743016ddf8f3e63abded1f4eeb840d.jpg
2026-06-09,2026-06-09 08:16:11,95,BV1AwEs69E4D,116706978633242,高考 标准答案正在进入考场,ring_of_power,日常,生活,21,19,2160723,914,7214,131235,455,7838,9348,1780807231,https://www.bilibili.com/video/BV1AwEs69E4D,http://i0.hdslb.com/bfs/archive/717464a151023d48916c1bc164a883d5454724ca.jpg
2026-06-09,2026-06-09 08:16:11,96,BV1JyEp6jExj,116705619609485,【瓦赛杂谈】数据不足以体现CN选手基本职业素养的缺乏。,KiddoJioJio,网络游戏,游戏,65,908,876007,1612,7944,39304,24098,7929,10127,1780786587,https://www.bilibili.com/video/BV1JyEp6jExj,http://i1.hdslb.com/bfs/archive/8df6fc0aeeceb732a39b8029f16711194376342f.jpg
2026-06-09,2026-06-09 08:16:11,97,BV1MaEs6PEN2,116706659927588,地狱门展开防御系统-歼神号空天航母KG2.0,雨川_叶のイレナqwq,单机游戏,游戏,17,49,823042,690,3291,99753,2228,26304,11446,1780802544,https://www.bilibili.com/video/BV1MaEs6PEN2,http://i1.hdslb.com/bfs/archive/51c05f83ebe30f181c40815bb8e00914d2a8536a.jpg
2026-06-09,2026-06-09 08:16:11,98,BV16oEJ66Epu,116703220468274,网飞新剧夯爆了，最狠教师，暴打校霸！提前锁定年度最佳！,噔噔悬疑社,影视杂谈,影视,182,3492,1173526,12965,4790,28879,8276,15771,6519,1780750042,https://www.bilibili.com/video/BV16oEJ66Epu,http://i2.hdslb.com/bfs/archive/1e5067324d5a67397855edb31e3650e31bb493a9.jpg
2026-06-09,2026-06-09 08:16:11,99,BV1shEn67Eq6,116703052699756,《马上你们就不是高二的了》,嘞是唐孃孃,搞笑,娱乐,138,63,1600589,467,1705,147102,1092,7670,2553,1780747505,https://www.bilibili.com/video/BV1shEn67Eq6,http://i0.hdslb.com/bfs/archive/7c1542cfd8ae9a10117dc736a6103e3cab6276ec.jpg
2026-06-09,2026-06-09 08:16:11,100,BV1PV7m6DE51,116700687111995,瓜 卖 郝 哥,浅澄月,鬼畜剧场,鬼畜剧场,216,99,1703075,1251,1823,70719,5488,16502,10118,1780711276,https://www.bilibili.com/video/BV1PV7m6DE51,http://i1.hdslb.com/bfs/archive/57e7f688f436a1a598133b3660212da767646851.jpg
2026-06-09,2026-06-09 13:17:17,1,BV1Uj7k6VEPU,116697432395968,信 |《归唐》19分钟完整实机演示,归唐,单机游戏,游戏,17,1167,10710007,24653,35052,159092,49317,32002,63828,1780791300,https://www.bilibili.com/video/BV1Uj7k6VEPU,http://i1.hdslb.com/bfs/archive/73972f02b3d2a52c97a1ec81e53403fef6160006.jpg
2026-06-09,2026-06-09 13:17:17,2,BV1TnEt6MEHn,116709042165737,《原神》角色预告-「洛恩：『杰作』」,原神,手机游戏,游戏,172,729,1979757,10293,10308,222807,71024,49721,31148,1780891200,https://www.bilibili.com/video/BV1TnEt6MEHn,http://i1.hdslb.com/bfs/archive/338dd06fe0b8324ca26ec3f146f610f500448221.jpg
2026-06-09,2026-06-09 13:17:17,3,BV15C7k6REKC,116697197451293,公测定档7月 | 《遗忘之海》船员集结摇滚MV「燥」,遗忘之海,GMV,GMV,121,205,7476877,1513,2728,133062,86398,84620,5009,1780711200,https://www.bilibili.com/video/BV15C7k6REKC,http://i0.hdslb.com/bfs/archive/bef8db958217ad42ed011f4bf5d5d6c1cf3a4bad.jpg
2026-06-09,2026-06-09 13:17:17,4,BV1xkE46PE59,116707649656463,参加了九次高考的考生采访,自来卷三木,日常,生活,21,99,4996823,4734,4852,333732,9522,23745,10038,1780817665,https://www.bilibili.com/video/BV1xkE46PE59,http://i1.hdslb.com/bfs/archive/2c51e17d5ab278033691d055015af26638867e5b.jpg
2026-06-09,2026-06-09 13:17:17,5,BV1WY7U6dEJ5,116699814693875,【微电影】人类文明的最后一届高考,最后讲述者,鬼畜剧场,鬼畜剧场,216,263,2322701,3226,6625,188868,24296,44832,10942,1780709400,https://www.bilibili.com/video/BV1WY7U6dEJ5,http://i2.hdslb.com/bfs/archive/40a717d48c3dbeb9559b00a07a88af6cfd5181fb.jpg
2026-06-09,2026-06-09 13:17:17,6,BV1CQ7o61ERo,116689798764442,人，握爪后就不要放开咯！——《伊莫》握爪测试招募开启,伊莫,手机游戏,游戏,172,119,5275921,785,4705,168905,41844,131333,85498,1780797600,https://www.bilibili.com/video/BV1CQ7o61ERo,http://i0.hdslb.com/bfs/archive/06bcb84e42974283a3ade3bf6fbee2302b4b4d96.jpg
2026-06-09,2026-06-09 13:17:17,7,BV1ZvEt6oEWR,116709209935672,锐评2026年数学高考，我雷霆大怒,聊城市茬平区第一中学,日常,生活,21,739,3183616,5504,25295,136836,23019,33511,23084,1780841328,https://www.bilibili.com/video/BV1ZvEt6oEWR,http://i0.hdslb.com/bfs/archive/6d19a0c156e6b82f71035cacec0f450bd19fb6c6.jpg
2026-06-09,2026-06-09 13:17:17,8,BV15v7S65EWD,116701022717876,挑战给历史故事打tag（标签）,混饭达人,娱乐杂谈,娱乐杂谈,241,77,3725073,3982,2915,303050,8116,36464,19354,1780716510,https://www.bilibili.com/video/BV15v7S65EWD,http://i2.hdslb.com/bfs/archive/1845b193e356ee0f6b686419e20cc96fe1678367.jpg
2026-06-09,2026-06-09 13:17:17,9,BV16w7D6RERW,116700921988742,007看后:追逐战？,MEspace天植,绘画,绘画,162,49,2940410,294,1238,289841,28892,50765,2657,1780714922,https://www.bilibili.com/video/BV16w7D6RERW,http://i2.hdslb.com/bfs/archive/f35dab38094910739815ae6424bcceee9316f8f7.jpg
2026-06-09,2026-06-09 13:17:17,10,BV1xR7S6hEkB,116700804683368,菲比：就你们寝室最吵！！,Lm海洋,音乐综合,音乐,130,262,1402356,807,4394,105808,75913,47845,16600,1780713190,https://www.bilibili.com/video/BV1xR7S6hEkB,http://i1.hdslb.com/bfs/archive/348cd3608f962369b093721ee90e2515a127a833.jpg
2026-06-09,2026-06-09 13:17:17,11,BV1T9Vm6UE2N,116684681647760,《古剑》3分钟战斗实机 | 线下试玩招募开启,古剑,单机游戏,游戏,17,168,5519032,3687,10747,104896,64403,46293,24352,1780698215,https://www.bilibili.com/video/BV1T9Vm6UE2N,http://i0.hdslb.com/bfs/archive/d18a0e2a80905c1a2bfe0d000c3ca47aa1548899.jpg
2026-06-09,2026-06-09 13:17:17,12,BV1pW7Q68Emz,116702180348281,这期谁能绷住,呱唧菌,搞笑,娱乐,138,339,2832997,2242,1716,192362,11235,55782,2511,1780741800,https://www.bilibili.com/video/BV1pW7Q68Emz,http://i2.hdslb.com/bfs/archive/5ae6e1d11721490eb4a17034e97a4c36afdca5f0.jpg
2026-06-09,2026-06-09 13:17:17,13,BV1dY7Q6pEQZ,116701878291791,千里奔赴只为弥补40年前的遗憾,赛亚人阿廖,出行,生活,250,246,1383899,2613,1975,155618,40645,17923,548,1780729530,https://www.bilibili.com/video/BV1dY7Q6pEQZ,http://i0.hdslb.com/bfs/archive/5f9f719eb1fb6326b0a2eabe298cd1484afab3e6.jpg
2026-06-09,2026-06-09 13:17:17,14,BV1vR7D6JEEm,116702566223209,全球吃席！自驾巴尔干婚礼，吃欧洲乡村大席,食贫道,日常,生活,21,3274,1583400,9514,1927,141634,52886,18406,3766,1780741089,https://www.bilibili.com/video/BV1vR7D6JEEm,http://i2.hdslb.com/bfs/archive/b23120503d27e3049c25e887901c19df17a98fe1.jpg
2026-06-09,2026-06-09 13:17:17,15,BV1dq7Q6SEbX,116701827961912,最不吃压力之熊,传奇飞行员_太日阳莽,鬼畜剧场,鬼畜剧场,216,91,2423730,825,3451,189731,4032,43605,6478,1780728644,https://www.bilibili.com/video/BV1dq7Q6SEbX,http://i2.hdslb.com/bfs/archive/cdfe2d04e5d60dbd700833f920d17d40cebc2d39.jpg
2026-06-09,2026-06-09 13:17:17,16,BV1xU7f6xEjt,116690939546284,CF单机叙事续作——《穿越火线：潜伏》实机首曝,穿越火线潜伏,单机游戏,游戏,17,308,7029215,2025,6761,133121,7690,27528,15858,1780696800,https://www.bilibili.com/video/BV1xU7f6xEjt,http://i0.hdslb.com/bfs/archive/140a4abb0c80a2aa1e7cb7126c978567b667ed12.jpg
2026-06-09,2026-06-09 13:17:17,17,BV1cu7r6FEPd,116696023045705,英国，沦为印度殖民地,平原公子,日常,生活,21,463,3792441,15597,10758,243728,11773,27245,25271,1780640137,https://www.bilibili.com/video/BV1cu7r6FEPd,http://i1.hdslb.com/bfs/archive/95ba7fb80bc2a46fc2c8f7ff69a08c57c40ef914.jpg
2026-06-09,2026-06-09 13:17:17,18,BV1wE7m67EAF,116700569671653,“我在成华大道「拼接遗憾」”,Dieorite,人力VOCALOID,人力VOCALOID,126,116,753450,3423,1802,167811,37097,48358,3161,1780709690,https://www.bilibili.com/video/BV1wE7m67EAF,http://i1.hdslb.com/bfs/archive/b7a88bfce9322211ddb670d69d549967dba6591e.jpg
2026-06-09,2026-06-09 13:17:17,19,BV1LR7D6JEV7,116702566156828,Re：佩恩从零开始的异世界生活！！！【水门篇】,-夏秋冬-,综合,综合,27,416,1507172,1777,4430,93304,33730,27537,6089,1780740005,https://www.bilibili.com/video/BV1LR7D6JEV7,http://i1.hdslb.com/bfs/archive/7b1442110a7b65950b9bb9ed1c2c29908c642732.jpg
2026-06-09,2026-06-09 13:17:17,20,BV1YVEn6fEmZ,116703304356999,那天真有其他人在场，但我没法证明。,何大爷课堂,人文历史,知识,228,123,2570612,450,3784,195369,5073,17888,1537,1780751375,https://www.bilibili.com/video/BV1YVEn6fEmZ,http://i1.hdslb.com/bfs/archive/36a36b65d7a5cdced8c027e2371074acb5dd204b.jpg
2026-06-09,2026-06-09 13:17:17,21,BV1s7V46XEix,116655590017716,评论区摄影大赛之火遍全网的佳作篇，本期有锐评系列也有破败与新生佳作，欢迎投稿好的作品会让更多人看到。,摄影恩哥,日常,生活,21,124,5631160,2005,11392,348748,3201,27111,1151,1780738200,https://www.bilibili.com/video/BV1s7V46XEix,http://i1.hdslb.com/bfs/archive/58aada2ca9cd83b3f4d86b331759b2c832c8bcb4.jpg
2026-06-09,2026-06-09 13:17:17,22,BV1uX7k6UENx,116696761239484,巨构：没有告别,巨构ai,网络游戏,游戏,65,19,3290592,6820,8268,515458,28506,174303,8335,1780651506,https://www.bilibili.com/video/BV1uX7k6UENx,http://i0.hdslb.com/bfs/archive/1422e60b2923b373953bd4ce6433b6f0e91f9501.jpg
2026-06-09,2026-06-09 13:17:17,23,BV11cEK6rELU,116712364116494,地牢酒馆-13集 《碎骨大帐篷》,粘土工厂,单机游戏,游戏,17,257,993639,1280,2597,133238,20952,16220,1727,1780891200,https://www.bilibili.com/video/BV11cEK6rELU,http://i1.hdslb.com/bfs/archive/436f2a6d53b97fddf0f85b258c997b4f911e2a32.jpg
2026-06-09,2026-06-09 13:17:17,24,BV1GiEg6PE3v,116713588787899,《明日方舟》EP - 夏日远去之后,明日方舟,手机游戏,游戏,172,256,541919,5994,9354,80738,36146,24249,18890,1780909200,https://www.bilibili.com/video/BV1GiEg6PE3v,http://i1.hdslb.com/bfs/archive/a5c5345866b686d7c435dfd3080cd1d16d129659.jpg
2026-06-09,2026-06-09 13:17:17,25,BV1JJ7m62ELC,116700620065327,最直接的伤害往往只需采用最简单的普通攻击 #超能力 #万万没想到 #反转 #劲大,刘不凡本凡,短片,动画,256,364,2996449,3430,8114,160209,2645,19723,1258,1780719600,https://www.bilibili.com/video/BV1JJ7m62ELC,http://i1.hdslb.com/bfs/archive/1b35b982075822d704a03ec34c21632ebcfa9044.jpg
2026-06-09,2026-06-09 13:17:17,26,BV1ZREP6dEcU,116693758117714,扫落叶全清洁100%速通39分03秒leaf it alone,闲云豹,单机游戏,游戏,17,2367,1811258,1873,2645,150239,15989,34233,6403,1780605809,https://www.bilibili.com/video/BV1ZREP6dEcU,http://i1.hdslb.com/bfs/archive/310db23466f62e9399f25f92c8d2b0af953476d6.jpg
2026-06-09,2026-06-09 13:17:17,27,BV17z7y6KEVT,116697751096214,可爱的安魂曲~,徐大花xudahua,手工,生活,161,158,2467922,505,1908,139267,9898,21210,3768,1780718400,https://www.bilibili.com/video/BV17z7y6KEVT,http://i2.hdslb.com/bfs/archive/2fbc38542399965a708c159f85533b4f5065fe8c.jpg
2026-06-09,2026-06-09 13:17:17,28,BV19v7S65ESU,116701022849204,我给爱车打造了一套废土战甲,手工耿,手工,生活,161,829,2045221,9359,2690,124766,22578,10777,5484,1780799533,https://www.bilibili.com/video/BV19v7S65ESU,http://i2.hdslb.com/bfs/archive/b1cf38027520b335d07b96dd1246fcde8d20a730.jpg
2026-06-09,2026-06-09 13:17:17,29,BV1hG7y69Ej2,116698036313694,史上最骚特工(第二集),老番茄,单机游戏,游戏,17,842,2760274,3521,1905,155478,51157,44635,2718,1780716600,https://www.bilibili.com/video/BV1hG7y69Ej2,http://i2.hdslb.com/bfs/archive/c4778bfde8d395e0f91e2f746393736302e8205c.jpg
2026-06-09,2026-06-09 13:17:17,30,BV1UV7k6LEUG,116697264627213,航天会刷典狱长？！【三角洲动画】,手折余弦丶,电子竞技,游戏,171,300,1509461,1608,2032,124164,15272,33800,3956,1780659017,https://www.bilibili.com/video/BV1UV7k6LEUG,http://i0.hdslb.com/bfs/archive/eb575db6391346950b2623259e6c0c6469239e03.jpg
2026-06-09,2026-06-09 13:17:17,31,BV17q7y6qEeG,116697767874225,当代牢大学生论文现状belike：,黑曼波语录,鬼畜调教,鬼畜,22,78,1838751,271,2181,142231,5339,97344,11604,1780716900,https://www.bilibili.com/video/BV17q7y6qEeG,http://i2.hdslb.com/bfs/archive/a42866374c2dd87fd5093121386c1dd1372e10a6.jpg
2026-06-09,2026-06-09 13:17:17,32,BV19N7y6bE1e,116698455803490,全体起立鼓掌！人类发现了治癌症的新药！🤯,蜗牛的科技笔记,软件应用,软件应用,230,115,1726611,1453,7670,159087,6594,26549,11034,1780677279,https://www.bilibili.com/video/BV19N7y6bE1e,http://i2.hdslb.com/bfs/archive/3b5f57bbd2f68b33097261f34d0cbb700b9439ce.jpg
2026-06-09,2026-06-09 13:17:17,33,BV1bd7k62Epb,116696794863371,LV6有啥用?一个视频看懂LV6所有特权功能,威尔斯耍流氓,搞笑,娱乐,138,193,890624,12756,22449,81041,49051,11890,5229,1780652357,https://www.bilibili.com/video/BV1bd7k62Epb,http://i1.hdslb.com/bfs/archive/96eeed5029dce27d3f6ea0160d4ade58d6afb34e.jpg
2026-06-09,2026-06-09 13:17:17,34,BV1um7665EpW,116696325033820,讷,水生植物人owo,日常,生活,21,16,1668933,1448,9163,237882,7018,62051,22689,1780644714,https://www.bilibili.com/video/BV1um7665EpW,http://i2.hdslb.com/bfs/archive/ce971f171b1f22d061819b3fea882f5d4af2a608.jpg
2026-06-09,2026-06-09 13:17:17,35,BV1VD726iE1t,116698791282580,《猴王出事》,伤心欲茄222,搞笑,娱乐,138,103,2836363,1351,4163,189791,7845,10012,7115,1780718400,https://www.bilibili.com/video/BV1VD726iE1t,http://i1.hdslb.com/bfs/archive/2fa41f4d1af95817e553d8fd8c6eeb7fc16a9d82.jpg
2026-06-09,2026-06-09 13:17:17,36,BV1Jj7C6AEPq,116696845193451,是我还不够好,怎么转身又是,MMD·3D,动画,25,67,2393585,6558,8876,223876,13388,59183,36469,1780652794,https://www.bilibili.com/video/BV1Jj7C6AEPq,http://i0.hdslb.com/bfs/archive/c261bcb22b8b34b31c0d9cb2e04b0a49a318b123.jpg
2026-06-09,2026-06-09 13:17:17,37,BV1rg7C6TEUm,116696912369911,一句“一氧化二氢”能钓出多少“读稿机”？,中国食品报融媒体,科学科普,知识,201,291,5235541,7194,24138,222568,18189,27034,18756,1780653928,https://www.bilibili.com/video/BV1rg7C6TEUm,http://i1.hdslb.com/bfs/archive/1081ed32a36e81bee443915a997ed5f2bd56badd.jpg
2026-06-09,2026-06-09 13:17:17,38,BV1TK7S6PESt,116701341420908,日菲台岛东部“划界”，我们和两国防长现场对线！,玉渊谭天,科学科普,知识,201,466,877106,6277,5255,93113,30901,10713,2481,1780729200,https://www.bilibili.com/video/BV1TK7S6PESt,http://i0.hdslb.com/bfs/archive/4f11eda2d2c34ea69bc20938c15ebcc0e4b3affc.jpg
2026-06-09,2026-06-09 13:17:17,39,BV1Ja7k6AE1b,116697063235411,我又给花朵加了个开关！,是玉木呀,设计·创意,设计·创意,229,104,1148956,600,962,187119,22326,38480,3919,1780656042,https://www.bilibili.com/video/BV1Ja7k6AE1b,http://i0.hdslb.com/bfs/archive/c05470a618fc67ee60cb9df153eb5ad6d3c8ce08.jpg
2026-06-09,2026-06-09 13:17:17,40,BV15d7D6UE4i,116702549379788,世界杯期间不抓移民？那这世界杯不是白办了吗,麻薯波比呀,社科·法律·心理,知识,124,995,2166737,8080,4137,106361,15583,12632,3122,1780740025,https://www.bilibili.com/video/BV15d7D6UE4i,http://i2.hdslb.com/bfs/archive/91940674117acf43b95f7a6e2e7ab686470cc3ea.jpg
2026-06-09,2026-06-09 13:17:17,41,BV1KG7S6FECF,116701274313735,小孩只是请男人吃了一块羊肉，男人转手就掏出一个900克的大金轮,懂一点人情世故,影视剪辑,影视,183,425,2142436,1378,1274,102424,2063,10820,742,1780720244,https://www.bilibili.com/video/BV1KG7S6FECF,http://i2.hdslb.com/bfs/archive/7635c90a615f292f19e67c7de1d91e5c8a697033.jpg
2026-06-09,2026-06-09 13:17:17,42,BV1MyEg6ZEFt,116713823669040,德国的耻辱,燕三嘤嘤嘤,人文历史,知识,228,1108,1244313,9164,3201,87634,26192,15015,1101,1780912624,https://www.bilibili.com/video/BV1MyEg6ZEFt,http://i2.hdslb.com/bfs/archive/636366ae88e9b99461ee93fa2da8ff7f284c23a1.jpg
2026-06-09,2026-06-09 13:17:17,43,BV1g8Es6vEKZ,116706609598663,《鸣潮》× 《赛博朋克：边缘行者》 联动PV | 暗巷怪谈,鸣潮,手机游戏,游戏,172,598,2470041,2041,10337,68489,24179,11880,12300,1780804800,https://www.bilibili.com/video/BV1g8Es6vEKZ,http://i2.hdslb.com/bfs/archive/e73c3fc833ee1693dcf748e29538070e01b8fd40.jpg
2026-06-09,2026-06-09 13:17:17,44,BV1PP7C63E2J,116696710912022,《师》我回母校当老师,阿廖沙别害怕_,搞笑,娱乐,138,296,2331047,573,1250,206017,5924,16327,741,1780650587,https://www.bilibili.com/video/BV1PP7C63E2J,http://i0.hdslb.com/bfs/archive/b04455fde128b88ff0a92e264778512242510bc9.jpg
2026-06-09,2026-06-09 13:17:17,45,BV1Bm7U6jEDZ,116701542815709,《爱，你》,是许木木啊,日常,生活,21,1043,1039218,5871,4562,103479,13109,25060,1824,1780738200,https://www.bilibili.com/video/BV1Bm7U6jEDZ,http://i0.hdslb.com/bfs/archive/fd7de4f643c70f1117b5d4f7ef9d1878ffc094bd.jpg
2026-06-09,2026-06-09 13:17:17,46,BV13c7S6qE5a,116701324648092,大哥豪刷10个爱神之箭！头开8个苹果全程揪心，接连翻车差点心态崩盘！,语格yoga,舞蹈综合,舞蹈综合,154,271,1789577,2318,3936,98609,11590,7207,3126,1780721492,https://www.bilibili.com/video/BV13c7S6qE5a,http://i1.hdslb.com/bfs/archive/e2af963c319aa3c1083f65f39306936b272010b5.jpg
2026-06-09,2026-06-09 13:17:17,47,BV1xzE46KEFk,116707616098534,为了知晓地球年龄，人类究竟有多难？,星团菌,日常,生活,21,2606,1612044,2429,1957,68207,13667,20310,1761,1780835400,https://www.bilibili.com/video/BV1xzE46KEFk,http://i2.hdslb.com/bfs/archive/deeb691257a57979e33569ddbda3f66373262351.jpg
2026-06-09,2026-06-09 13:17:17,48,BV1wPEs6pEMm,116706894749229,孤岛小夫 第二集,派之新,同人·手书,动画,47,503,1540050,779,1295,79030,5037,14079,2684,1780807094,https://www.bilibili.com/video/BV1wPEs6pEMm,http://i1.hdslb.com/bfs/archive/f16994491642562a05defddee6f04d3d2f428f15.jpg
2026-06-09,2026-06-09 13:17:17,49,BV13PEx63EJ3,116706575912358,这样的幸运，你想拥有吗！？🥳 #挑战# #野兽先生# #MrBeast# #vlog# #整活#,MrBeast官方账号,日常,生活,21,36,2888083,414,2301,190615,5273,10301,670,1780801241,https://www.bilibili.com/video/BV13PEx63EJ3,http://i1.hdslb.com/bfs/archive/060ed908afe9f422de1f1a505ade5b1e4ca3d8ae.jpg
2026-06-09,2026-06-09 13:17:17,50,BV1yk7X6KEz4,116686023891513,2高中生屠杀同学，造成13人死亡后自杀，开启美国校园枪击案先河：科伦拜恩枪击案,捕月说,人文历史,知识,228,733,3095069,1270,1229,98087,1975,13866,953,1780654200,https://www.bilibili.com/video/BV1yk7X6KEz4,http://i2.hdslb.com/bfs/archive/b52e8d555de710438989ea0831c1fa8211fbe67d.jpg
2026-06-09,2026-06-09 13:17:17,51,BV168796PEv1,116685839403735,如此仙音唯有挠臭,lulu和露爸,喵星人,喵星人,218,26,5486687,20455,6664,683448,21079,133098,29588,1780484850,https://www.bilibili.com/video/BV168796PEv1,http://i1.hdslb.com/bfs/archive/87f3ce4876a2e50e34a2c1b24dfe10ae34700a55.jpg
2026-06-09,2026-06-09 13:17:17,52,BV1n17D6xEX2,116702331278408,这就是7JIA最强之人,杨齐家_,单机游戏,游戏,17,1221,2901970,5592,2549,120990,10789,20028,1004,1780736508,https://www.bilibili.com/video/BV1n17D6xEX2,http://i1.hdslb.com/bfs/archive/63922fa2e9e8a18b95b8175a3bea61b0779794d1.jpg
2026-06-09,2026-06-09 13:17:17,53,BV1zDE46ZEzL,116707213512648,虎哥摩根时代只有自己用的是真的,虎哥二次元教父,鬼畜调教,鬼畜,22,16,2217056,142,1524,185601,1712,7901,909,1780811019,https://www.bilibili.com/video/BV1zDE46ZEzL,http://i2.hdslb.com/bfs/archive/167cc262dd29aa3be2b9730c13c4ce9733856d97.jpg
2026-06-09,2026-06-09 13:17:17,54,BV1YV7U6zEps,116699697254319,小登VS老登,灼眼的SABER哒,同人·手书,动画,47,63,1122571,546,2807,139674,12750,48261,11392,1780718400,https://www.bilibili.com/video/BV1YV7U6zEps,http://i0.hdslb.com/bfs/archive/dce2758cd8546e893008888b88f215364194d4a7.jpg
2026-06-09,2026-06-09 13:17:17,55,BV1Vz766DE6S,116696342006745,“从来就没有什么意外 ”,DKM莫天行,GMV,GMV,121,142,1172684,274,1977,129807,22525,47144,1330,1780653600,https://www.bilibili.com/video/BV1Vz766DE6S,http://i1.hdslb.com/bfs/archive/ebae2236febce20da402b0789a87254a40b4e8b8.jpg
2026-06-09,2026-06-09 13:17:17,56,BV1Xa7m6qEm7,116700217347938,意识深渊：我真的存在吗？,大圆镜科普,科学科普,知识,201,484,1055975,1491,2557,97096,3885,18936,1749,1780704207,https://www.bilibili.com/video/BV1Xa7m6qEm7,http://i1.hdslb.com/bfs/archive/2d760490c4cfbae1c3b9168320f075ace66ad15a.jpg
2026-06-09,2026-06-09 13:17:17,57,BV1m87D6iEgB,116702834657874,好多人想看Dangerous，那就斗胆跳一段。,特崮斯,篮球,运动,235,59,1123207,652,2834,165078,24421,10258,2417,1780744217,https://www.bilibili.com/video/BV1m87D6iEgB,http://i2.hdslb.com/bfs/archive/c883cf75d064cd54b77796c65fc6a55298f47367.jpg
2026-06-09,2026-06-09 13:17:17,58,BV1787S6mEV8,116701073053928,这里藏着一群“伪人”,摸鱼佬临风,鬼畜剧场,鬼畜剧场,216,354,464031,460,897,86291,6497,28547,1227,1780717427,https://www.bilibili.com/video/BV1787S6mEV8,http://i2.hdslb.com/bfs/archive/d2a4fc8b8017160bc03e17f14d6fbedd690059c1.jpg
2026-06-09,2026-06-09 13:17:17,59,BV1df7r6REpB,116695469463690,如何在家制造浓汤宝,嘤武罗,日常,生活,21,501,5172964,3823,3593,203024,51499,49771,3158,1780650000,https://www.bilibili.com/video/BV1df7r6REpB,http://i2.hdslb.com/bfs/archive/94c85d2ebad9002fcbad0c7ef2f3c8a3f1ec6768.jpg
2026-06-09,2026-06-09 13:17:17,60,BV1kv7262EyU,116698623578210,公司给粉丝安排了30万的水上宫殿...,飓多多StormCrew,日常,生活,21,852,1867328,3917,2695,93086,21904,18419,2237,1780714800,https://www.bilibili.com/video/BV1kv7262EyU,http://i2.hdslb.com/bfs/archive/a59944bd6ce91c0bbc28d8c8b560e8b73c31e976.jpg
2026-06-09,2026-06-09 13:17:17,61,BV1xZ7k6LESp,116696778084201,“哎呀 我们的主角倒下啦～”,西门小昭,综合,综合,27,30,899131,143,1310,170116,12834,68408,3221,1780655400,https://www.bilibili.com/video/BV1xZ7k6LESp,http://i2.hdslb.com/bfs/archive/2c5c6c548ed488771077293e2f7bfcfb435e4744.jpg
2026-06-09,2026-06-09 13:17:17,62,BV1di7Q6nEu4,116701777627095,兄弟们！今天带良子水上训练，你们觉得良子能坚持多久？,健身华哥,运动综合,运动,238,217,1721199,944,11503,85191,2098,3412,3419,1780728153,https://www.bilibili.com/video/BV1di7Q6nEu4,http://i1.hdslb.com/bfs/archive/48f8a7c3b0af6baea81d423375f3ea0e18e4a44d.jpg
2026-06-09,2026-06-09 13:17:17,63,BV1Zj7C6wEJY,116696845125445,织棉为布，非遗土布。用千年蓝染，重现极致的东方浪漫,花木紫Huamuz,手工,生活,161,401,1286423,1837,2733,105336,9938,10762,814,1780652882,https://www.bilibili.com/video/BV1Zj7C6wEJY,http://i0.hdslb.com/bfs/archive/753a39454d2f1455af84effb021941e20ad4c2c7.jpg
2026-06-09,2026-06-09 13:17:17,64,BV1x77Q6eE7o,116702247457814,《绝区零》3.0版本PV | 某个梦游者的自白,绝区零,手机游戏,游戏,172,2575,972794,4109,5531,58353,16279,10512,2697,1780749000,https://www.bilibili.com/video/BV1x77Q6eE7o,http://i2.hdslb.com/bfs/archive/87c8066e1d2dab7418e493b02cf3efa0e0b9a4b7.jpg
2026-06-09,2026-06-09 13:17:17,65,BV1s47y65E4g,116698153752165,那年你写下了什么？复盘1977—2025年高考作文题【大国之治·高考作文题】,大象放映室,财经商业,知识,207,2306,1275401,2645,4886,35623,12696,27666,7953,1780801200,https://www.bilibili.com/video/BV1s47y65E4g,http://i1.hdslb.com/bfs/archive/e403ab5119fb220e6ae7654b859643b16dec3709.jpg
2026-06-09,2026-06-09 13:17:17,66,BV1U87D6iEK2,116702834662934,老吴大师,皮欧皮皮,喵星人,喵星人,218,116,1023240,1255,2662,112069,1887,12088,9538,1780744103,https://www.bilibili.com/video/BV1U87D6iEK2,http://i0.hdslb.com/bfs/archive/d0b24d7ecbe3b7c2fbd943beec85bee6128300d7.jpg
2026-06-09,2026-06-09 13:17:17,67,BV1eVEn6fEwP,116703304357775,高考日子678，祝你—录取吧！,碎嘴企鹅,搞笑,娱乐,138,110,823737,1291,8227,124790,2516,5365,560,1780751436,https://www.bilibili.com/video/BV1eVEn6fEwP,http://i0.hdslb.com/bfs/archive/89dfb44cf51f7845972489cbc8fed63d78368801.jpg
2026-06-09,2026-06-09 13:17:17,68,BV1fMV268E7X,116684027335970,《追逐卡蕾多》首次测试招募PV & 实机演示,追逐卡蕾多,手机游戏,游戏,172,1438,1832709,1021,2394,64648,2733,13438,3380,1780891200,https://www.bilibili.com/video/BV1fMV268E7X,http://i0.hdslb.com/bfs/archive/1db97203934b38058a9ba67943a3579393f4b222.jpg
2026-06-09,2026-06-09 13:17:17,69,BV1xCEb63Ewg,116708471736833,【TF家族练习生】《四一有意思》09:《我们与“影弟”的距离》（下）,TF家族,明星综合,明星综合,137,2405,980094,344098,3898,47156,6227,21274,1285,1780830000,https://www.bilibili.com/video/BV1xCEb63Ewg,http://i0.hdslb.com/bfs/archive/5d11b912eac44c5ad5cf8c93db359e80e3186d2e.jpg
2026-06-09,2026-06-09 13:17:17,70,BV1fd7C6vEA8,116698489357988,开局仅有一格云平台？传奇极限空岛生存！,陶艺猫,单机游戏,游戏,17,951,814994,1192,1025,63822,29320,12181,1788,1780711500,https://www.bilibili.com/video/BV1fd7C6vEA8,http://i0.hdslb.com/bfs/archive/fe29c19a4bfe19e414b572cc9869ab6a64e80601.jpg
2026-06-09,2026-06-09 13:17:17,71,BV1ijEs6VEER,116707028899046,当我问女朋友喝什么时,小姜的猫meme剧场,搞笑,娱乐,138,34,2159812,587,4878,128251,1130,27665,7701,1780808202,https://www.bilibili.com/video/BV1ijEs6VEER,http://i2.hdslb.com/bfs/archive/6df6508a701b0c86e229b3c37fe33c0ffb459257.jpg
2026-06-09,2026-06-09 13:17:17,72,BV1cs7Q6fEQX,116702230616264,双绝之战,ioeop,网络游戏,游戏,65,35,1924086,126,1305,135262,1642,16934,6977,1780734931,https://www.bilibili.com/video/BV1cs7Q6fEQX,http://i1.hdslb.com/bfs/archive/1026961aa82bcc307e2feec6322493bb3d5b1190.jpg
2026-06-09,2026-06-09 13:17:17,73,BV1TR766zEvE,116695972714489,在沙漠里种了1800万棵树，然后呢？,影视飓风,娱乐粉丝创作,娱乐,242,756,3338446,11637,3168,169055,64670,28310,3063,1780650000,https://www.bilibili.com/video/BV1TR766zEvE,http://i1.hdslb.com/bfs/archive/af434541e40c0402ac850fc6783faa3ed5bfdda9.jpg
2026-06-09,2026-06-09 13:17:17,74,BV1q1Vy64EqA,116682450274928,给朋友做的一本翻翻乐,花颜和鸣,日常,生活,21,70,978931,1259,3322,209463,19655,34796,1415,1780589700,https://www.bilibili.com/video/BV1q1Vy64EqA,http://i0.hdslb.com/bfs/archive/b6ed86d5a0591cf027f6b65a4770f1c9656617d7.jpg
2026-06-09,2026-06-09 13:17:17,75,BV1Vq7m6NEN8,116700368408896,【时代少年团】系列纪录片《光辉岁月》——“回南天”,时代少年团,明星综合,明星综合,137,13990,1493522,2911,3621,48846,14242,17221,1962,1780718400,https://www.bilibili.com/video/BV1Vq7m6NEN8,http://i2.hdslb.com/bfs/archive/bc281db3fee5c37911a273d2435afe8e9047405f.jpg
2026-06-09,2026-06-09 13:17:17,76,BV1AwEs69E4D,116706978633242,高考 标准答案正在进入考场,ring_of_power,日常,生活,21,19,2372714,1149,8194,144753,507,8776,10680,1780807231,https://www.bilibili.com/video/BV1AwEs69E4D,http://i0.hdslb.com/bfs/archive/717464a151023d48916c1bc164a883d5454724ca.jpg
2026-06-09,2026-06-09 13:17:17,77,BV1dhEH6KERy,116704277435502,【良子本人胃袋这一块】新作上线，快来看看！,良子本人胃袋这一块,美食记录,美食,215,48,3151732,1136,3138,133483,547,7492,4064,1780766174,https://www.bilibili.com/video/BV1dhEH6KERy,http://i2.hdslb.com/bfs/archive/f1437a5649b4d529e263388e4c95984ffb5cad90.jpg
2026-06-09,2026-06-09 13:17:17,78,BV1Xh7168ESr,116699395266567,一期视频教会你公式化手炮开局炸一队,麒麟--三角洲行动,网络游戏,游戏,65,53,1512621,90,1066,92091,1756,52550,8000,1780729200,https://www.bilibili.com/video/BV1Xh7168ESr,http://i1.hdslb.com/bfs/archive/40350b382e3bd6f3e06fd0adf770a6010bb346b2.jpg
2026-06-09,2026-06-09 13:17:17,79,BV1wEEc6REms,116692097238799,城市大富翁（5）,雨哥到处跑,日常,生活,21,3846,2554406,42490,5423,164174,129498,43256,5471,1780628700,https://www.bilibili.com/video/BV1wEEc6REms,http://i1.hdslb.com/bfs/archive/8628e50dc2e56aec5815c8e3f665d304cfe23d80.jpg
2026-06-09,2026-06-09 13:17:17,80,BV1uXEA6gEMu,116692567070822,“别着急，我来给你补充「偶！像！能！量！」”,小耗owo,手机游戏,游戏,172,80,1324525,1021,2826,259293,18937,60096,12163,1780624800,https://www.bilibili.com/video/BV1uXEA6gEMu,http://i1.hdslb.com/bfs/archive/64822f49e99e9fb8b41ba5e0f9e06f48d4b76446.jpg
2026-06-09,2026-06-09 13:17:17,81,BV1747S6SExf,116701039495420,师傅：成功挑战人类！,猪大肠and方一蛋,喵星人,喵星人,218,44,1961402,1022,2409,171905,4800,6620,4128,1780717504,https://www.bilibili.com/video/BV1747S6SExf,http://i2.hdslb.com/bfs/archive/3449f80a251dbb861606222cd047b34839e4e173.jpg
2026-06-09,2026-06-09 13:17:17,82,BV1Vf7D62EwZ,116702448716451,《我一级就是后期了》,尴尬的铁根er,网络游戏,游戏,65,216,2499266,521,1956,86741,2517,7270,1509,1780738656,https://www.bilibili.com/video/BV1Vf7D62EwZ,http://i0.hdslb.com/bfs/archive/dba54e23a9dce65e11940cc2a9adb0552774c7f5.jpg
2026-06-09,2026-06-09 13:17:17,83,BV1gP7Q6VE6p,116702129950535,选择你的高考助力官,三三-关注取图,综合,综合,27,16,401986,562,4229,115048,1451,32980,3432,1780733269,https://www.bilibili.com/video/BV1gP7Q6VE6p,http://i0.hdslb.com/bfs/archive/dc9248cceb1e04dbd4235ea16c486602da7d7cbc.jpg
2026-06-09,2026-06-09 13:17:17,84,BV13HEw6rEhc,116691140873202,接龙游戏开发，但都绷住了,M木糖M,单机游戏,游戏,17,933,2141703,1862,1311,100305,14576,18992,1815,1780630200,https://www.bilibili.com/video/BV13HEw6rEhc,http://i2.hdslb.com/bfs/archive/1083ae38f0917802668505e94ed2fe06226cc58b.jpg
2026-06-09,2026-06-09 13:17:17,85,BV1Lt7m63EdD,116700267742890,你脑中出现两个声音…,四夕小田木_,小剧场,娱乐,85,38,997483,193,1616,167067,6568,11622,1143,1780705023,https://www.bilibili.com/video/BV1Lt7m63EdD,http://i0.hdslb.com/bfs/archive/7a454bc24acdaf53f3719c390fd9ec4c58605c0c.jpg
2026-06-09,2026-06-09 13:17:17,86,BV17U7D6WEU8,116702364831700,别笑，你也找不到欣答应在哪,七颗猩猩QKXX,日常,生活,21,176,1867136,600,801,102818,4166,14366,713,1780737386,https://www.bilibili.com/video/BV17U7D6WEU8,http://i0.hdslb.com/bfs/archive/a4aceec695e539b218d8c310d5e2318fc3fd53bb.jpg
2026-06-09,2026-06-09 13:17:17,87,BV1D97y6dERH,116697919004560,拿人罐罐，替人消灾,布丁仔和泡芙妹的一天,喵星人,喵星人,218,23,2869488,523,3149,161792,545,6761,897,1780669119,https://www.bilibili.com/video/BV1D97y6dERH,http://i2.hdslb.com/bfs/archive/fc9d115669e9ba8a3d141ba74d6e7da1e5f327c9.jpg
2026-06-09,2026-06-09 13:17:17,88,BV16oEJ66Epu,116703220468274,网飞新剧夯爆了，最狠教师，暴打校霸！提前锁定年度最佳！,噔噔悬疑社,影视杂谈,影视,182,3492,1266485,13599,5179,30776,8837,16788,7205,1780750042,https://www.bilibili.com/video/BV16oEJ66Epu,http://i2.hdslb.com/bfs/archive/1e5067324d5a67397855edb31e3650e31bb493a9.jpg
2026-06-09,2026-06-09 13:17:17,89,BV1HL7m6JECt,116700670395936,霸总腌入味，王鹤棣太让人笑幻了……【不舒服学】逐帧分析,一只吐槽圆,娱乐杂谈,娱乐杂谈,241,1774,1645274,22672,4770,73462,29074,12756,14664,1780711190,https://www.bilibili.com/video/BV1HL7m6JECt,http://i0.hdslb.com/bfs/archive/cfe030cb9db76b0cad1dc763db5d7299bfd51ab9.jpg
2026-06-09,2026-06-09 13:17:17,90,BV1JyEp6jExj,116705619609485,【瓦赛杂谈】数据不足以体现CN选手基本职业素养的缺乏。,KiddoJioJio,网络游戏,游戏,65,908,913070,1651,8197,40515,24826,8142,10339,1780786587,https://www.bilibili.com/video/BV1JyEp6jExj,http://i1.hdslb.com/bfs/archive/8df6fc0aeeceb732a39b8029f16711194376342f.jpg
2026-06-09,2026-06-09 13:17:17,91,BV1MaEs6PEN2,116706659927588,地狱门展开防御系统-歼神号空天航母KG2.0,雨川_叶のイレナqwq,单机游戏,游戏,17,49,854602,705,3372,103413,2382,27564,12004,1780802544,https://www.bilibili.com/video/BV1MaEs6PEN2,http://i1.hdslb.com/bfs/archive/51c05f83ebe30f181c40815bb8e00914d2a8536a.jpg
2026-06-09,2026-06-09 13:17:17,92,BV1Ft7Q6oE4d,116701861517497,当我尝试做汉尼拔的菜谱,汉尼扳,小剧场,娱乐,85,279,625003,840,964,75759,2538,10995,1045,1780740000,https://www.bilibili.com/video/BV1Ft7Q6oE4d,http://i0.hdslb.com/bfs/archive/601a792216743016ddf8f3e63abded1f4eeb840d.jpg
2026-06-09,2026-06-09 13:17:17,93,BV1fV7C6PEC3,116696811571160,当我出提纳里时收到了植物学博士录取通知,乔落落啊,仿妆cos,时尚,252,27,845845,3928,2842,201315,5242,5946,631,1780652265,https://www.bilibili.com/video/BV1fV7C6PEC3,http://i1.hdslb.com/bfs/archive/a6bca5345beae937c7e2979d6d22be6cbdaa9f2e.jpg
2026-06-09,2026-06-09 13:17:17,94,BV1shEn67Eq6,116703052699756,《马上你们就不是高二的了》,嘞是唐孃孃,搞笑,娱乐,138,63,1646499,477,1767,151400,1138,7885,2636,1780747505,https://www.bilibili.com/video/BV1shEn67Eq6,http://i0.hdslb.com/bfs/archive/7c1542cfd8ae9a10117dc736a6103e3cab6276ec.jpg
2026-06-09,2026-06-09 13:17:17,95,BV1WT7C6uEj8,116696878749194,猫 咪 的 花 语 是 老 吴🎵,幾加乘,同人·手书,动画,47,259,1899455,1825,3721,131524,20624,27979,12553,1780653131,https://www.bilibili.com/video/BV1WT7C6uEj8,http://i0.hdslb.com/bfs/archive/ad354ddb8c2e2bf697327dc182835b3d6014f4b1.jpg
2026-06-09,2026-06-09 13:17:17,96,BV11KEb6iEcF,116708605956377,北方吃的都是“死荔枝”？？先别“破防”！展开讲讲！【主播说三农】,央视农业,三农,生活,251,215,1149057,1513,4155,75919,2117,3617,3450,1780832070,https://www.bilibili.com/video/BV11KEb6iEcF,http://i2.hdslb.com/bfs/archive/0499182ad9fbcf4a1c5c43b27a3ac394fb2bea48.jpg
2026-06-09,2026-06-09 13:17:17,97,BV1VgE86XEcy,116710250126890,高考结束敢打游戏？,锤子game,搞笑,娱乐,138,91,1466635,599,3677,126376,582,4838,4222,1780891200,https://www.bilibili.com/video/BV1VgE86XEcy,http://i2.hdslb.com/bfs/archive/04fdadd097cb7a6144fd987f4678f1aedfbeea73.jpg
2026-06-09,2026-06-09 13:17:17,98,BV1UQEx6ME4i,116708203301496,《你和兄弟打单挑时》,韩波格_,搞笑,娱乐,138,17,2513358,88,772,134169,582,5691,1411,1780826061,https://www.bilibili.com/video/BV1UQEx6ME4i,http://i1.hdslb.com/bfs/archive/ee8a15d19b3d9224e47b77a98e979a8a050cf01a.jpg
2026-06-09,2026-06-09 13:17:17,99,BV1XkEx65E2J,116707968420362,我创造了游戏史上最强Boss！？,FoFTG,单机游戏,游戏,17,485,1306267,1187,899,60140,13055,13440,373,1780826400,https://www.bilibili.com/video/BV1XkEx65E2J,http://i1.hdslb.com/bfs/archive/cb046550edba573ab64f33168fd8827a5cddf4c1.jpg
2026-06-09,2026-06-09 13:17:17,100,BV1CCEs6REPG,116706794083871,来杯好茶摇一摇,龙鹰三角洲行动,网络游戏,游戏,65,22,987505,273,2057,106707,1031,21578,11318,1780804399,https://www.bilibili.com/video/BV1CCEs6REPG,http://i2.hdslb.com/bfs/archive/26755fd236c5bdd6d950778caa0478fcd988457d.jpg
2026-06-09,2026-06-09 18:03:20,1,BV1Uj7k6VEPU,116697432395968,信 |《归唐》19分钟完整实机演示,归唐,单机游戏,游戏,17,1167,10737983,24797,35266,159802,49706,32134,64342,1780791300,https://www.bilibili.com/video/BV1Uj7k6VEPU,http://i1.hdslb.com/bfs/archive/73972f02b3d2a52c97a1ec81e53403fef6160006.jpg
2026-06-09,2026-06-09 18:03:20,2,BV1TnEt6MEHn,116709042165737,《原神》角色预告-「洛恩：『杰作』」,原神,手机游戏,游戏,172,729,2107974,10854,10745,233001,73942,52647,32582,1780891200,https://www.bilibili.com/video/BV1TnEt6MEHn,http://i1.hdslb.com/bfs/archive/338dd06fe0b8324ca26ec3f146f610f500448221.jpg
2026-06-09,2026-06-09 18:03:20,3,BV1xkE46PE59,116707649656463,参加了九次高考的考生采访,自来卷三木,日常,生活,21,99,5222487,5047,5127,348689,10024,24989,10572,1780817665,https://www.bilibili.com/video/BV1xkE46PE59,http://i1.hdslb.com/bfs/archive/2c51e17d5ab278033691d055015af26638867e5b.jpg
2026-06-09,2026-06-09 18:03:20,4,BV1ZvEt6oEWR,116709209935672,锐评2026年数学高考，我雷霆大怒,聊城市茬平区第一中学,日常,生活,21,739,3445539,5904,27203,150730,25229,37189,24627,1780841328,https://www.bilibili.com/video/BV1ZvEt6oEWR,http://i0.hdslb.com/bfs/archive/6d19a0c156e6b82f71035cacec0f450bd19fb6c6.jpg
2026-06-09,2026-06-09 18:03:20,5,BV1WY7U6dEJ5,116699814693875,【微电影】人类文明的最后一届高考,最后讲述者,鬼畜剧场,鬼畜剧场,216,263,2343357,3267,6535,190946,24789,45512,11115,1780709400,https://www.bilibili.com/video/BV1WY7U6dEJ5,http://i2.hdslb.com/bfs/archive/40a717d48c3dbeb9559b00a07a88af6cfd5181fb.jpg
2026-06-09,2026-06-09 18:03:20,6,BV1CQ7o61ERo,116689798764442,人，握爪后就不要放开咯！——《伊莫》握爪测试招募开启,伊莫,手机游戏,游戏,172,119,5281133,789,4747,174967,41892,131631,96378,1780797600,https://www.bilibili.com/video/BV1CQ7o61ERo,http://i0.hdslb.com/bfs/archive/06bcb84e42974283a3ade3bf6fbee2302b4b4d96.jpg
2026-06-09,2026-06-09 18:03:20,7,BV15C7k6REKC,116697197451293,公测定档7月 | 《遗忘之海》船员集结摇滚MV「燥」,遗忘之海,GMV,GMV,121,205,7478468,1513,2736,133093,86413,84633,5020,1780711200,https://www.bilibili.com/video/BV15C7k6REKC,http://i0.hdslb.com/bfs/archive/bef8db958217ad42ed011f4bf5d5d6c1cf3a4bad.jpg
2026-06-09,2026-06-09 18:03:20,8,BV15v7S65EWD,116701022717876,挑战给历史故事打tag（标签）,混饭达人,娱乐杂谈,娱乐杂谈,241,77,3806290,4123,2987,311020,8368,37606,19938,1780716510,https://www.bilibili.com/video/BV15v7S65EWD,http://i2.hdslb.com/bfs/archive/1845b193e356ee0f6b686419e20cc96fe1678367.jpg
2026-06-09,2026-06-09 18:03:20,9,BV16w7D6RERW,116700921988742,007看后:追逐战？,MEspace天植,绘画,绘画,162,49,2993590,296,1257,295857,29549,51758,2723,1780714922,https://www.bilibili.com/video/BV16w7D6RERW,http://i2.hdslb.com/bfs/archive/f35dab38094910739815ae6424bcceee9316f8f7.jpg
2026-06-09,2026-06-09 18:03:20,10,BV1vR7D6JEEm,116702566223209,全球吃席！自驾巴尔干婚礼，吃欧洲乡村大席,食贫道,日常,生活,21,3274,1633452,9722,1952,145284,54034,18772,3815,1780741089,https://www.bilibili.com/video/BV1vR7D6JEEm,http://i2.hdslb.com/bfs/archive/b23120503d27e3049c25e887901c19df17a98fe1.jpg
2026-06-09,2026-06-09 18:03:20,11,BV1pW7Q68Emz,116702180348281,这期谁能绷住,呱唧菌,搞笑,娱乐,138,339,2980354,2278,1741,198279,11648,58546,2584,1780741800,https://www.bilibili.com/video/BV1pW7Q68Emz,http://i2.hdslb.com/bfs/archive/5ae6e1d11721490eb4a17034e97a4c36afdca5f0.jpg
2026-06-09,2026-06-09 18:03:20,12,BV11cEK6rELU,116712364116494,地牢酒馆-13集 《碎骨大帐篷》,粘土工厂,单机游戏,游戏,17,257,1100498,1369,2759,145867,22522,17517,1834,1780891200,https://www.bilibili.com/video/BV11cEK6rELU,http://i1.hdslb.com/bfs/archive/436f2a6d53b97fddf0f85b258c997b4f911e2a32.jpg
2026-06-09,2026-06-09 18:03:20,13,BV1xR7S6hEkB,116700804683368,菲比：就你们寝室最吵！！,Lm海洋,音乐综合,音乐,130,262,1444496,822,4474,108240,77332,48965,16951,1780713190,https://www.bilibili.com/video/BV1xR7S6hEkB,http://i1.hdslb.com/bfs/archive/348cd3608f962369b093721ee90e2515a127a833.jpg
2026-06-09,2026-06-09 18:03:20,14,BV1LR7D6JEV7,116702566156828,Re：佩恩从零开始的异世界生活！！！【水门篇】,-夏秋冬-,综合,综合,27,416,1571396,1803,4509,96323,34512,28334,6354,1780740005,https://www.bilibili.com/video/BV1LR7D6JEV7,http://i1.hdslb.com/bfs/archive/7b1442110a7b65950b9bb9ed1c2c29908c642732.jpg
2026-06-09,2026-06-09 18:03:20,15,BV1YVEn6fEmZ,116703304356999,那天真有其他人在场，但我没法证明。,何大爷课堂,人文历史,知识,228,123,2676586,465,4011,203537,5268,18628,1578,1780751375,https://www.bilibili.com/video/BV1YVEn6fEmZ,http://i1.hdslb.com/bfs/archive/36a36b65d7a5cdced8c027e2371074acb5dd204b.jpg
2026-06-09,2026-06-09 18:03:20,16,BV1dY7Q6pEQZ,116701878291791,千里奔赴只为弥补40年前的遗憾,赛亚人阿廖,出行,生活,250,246,1418206,2688,2010,159210,41541,18656,556,1780729530,https://www.bilibili.com/video/BV1dY7Q6pEQZ,http://i0.hdslb.com/bfs/archive/5f9f719eb1fb6326b0a2eabe298cd1484afab3e6.jpg
2026-06-09,2026-06-09 18:03:20,17,BV1wE7m67EAF,116700569671653,“我在成华大道「拼接遗憾」”,Dieorite,人力VOCALOID,人力VOCALOID,126,116,759188,3469,1820,169405,37587,48806,3199,1780709690,https://www.bilibili.com/video/BV1wE7m67EAF,http://i1.hdslb.com/bfs/archive/b7a88bfce9322211ddb670d69d549967dba6591e.jpg
2026-06-09,2026-06-09 18:03:20,18,BV1GiEg6PE3v,116713588787899,《明日方舟》EP - 夏日远去之后,明日方舟,手机游戏,游戏,172,256,589636,6349,9944,85472,38117,25687,19706,1780909200,https://www.bilibili.com/video/BV1GiEg6PE3v,http://i1.hdslb.com/bfs/archive/a5c5345866b686d7c435dfd3080cd1d16d129659.jpg
2026-06-09,2026-06-09 18:03:20,19,BV1dq7Q6SEbX,116701827961912,最不吃压力之熊,传奇飞行员_太日阳莽,鬼畜剧场,鬼畜剧场,216,91,2481649,839,3502,193545,4161,44459,6638,1780728644,https://www.bilibili.com/video/BV1dq7Q6SEbX,http://i2.hdslb.com/bfs/archive/cdfe2d04e5d60dbd700833f920d17d40cebc2d39.jpg
2026-06-09,2026-06-09 18:03:20,20,BV1T9Vm6UE2N,116684681647760,《古剑》3分钟战斗实机 | 线下试玩招募开启,古剑,单机游戏,游戏,17,168,5522850,3700,10782,105018,64450,46304,24432,1780698215,https://www.bilibili.com/video/BV1T9Vm6UE2N,http://i0.hdslb.com/bfs/archive/d18a0e2a80905c1a2bfe0d000c3ca47aa1548899.jpg
2026-06-09,2026-06-09 18:03:20,21,BV1s7V46XEix,116655590017716,评论区摄影大赛之火遍全网的佳作篇，本期有锐评系列也有破败与新生佳作，欢迎投稿好的作品会让更多人看到。,摄影恩哥,日常,生活,21,124,5724962,2027,11564,353391,3274,27583,1169,1780738200,https://www.bilibili.com/video/BV1s7V46XEix,http://i1.hdslb.com/bfs/archive/58aada2ca9cd83b3f4d86b331759b2c832c8bcb4.jpg
2026-06-09,2026-06-09 18:03:20,22,BV1uX7k6UENx,116696761239484,巨构：没有告别,巨构ai,网络游戏,游戏,65,19,3326465,6953,8332,520830,29060,176118,8442,1780651506,https://www.bilibili.com/video/BV1uX7k6UENx,http://i0.hdslb.com/bfs/archive/1422e60b2923b373953bd4ce6433b6f0e91f9501.jpg
2026-06-09,2026-06-09 18:03:20,23,BV17z7y6KEVT,116697751096214,可爱的安魂曲~,徐大花xudahua,手工,生活,161,158,2649002,523,1991,147290,10365,22318,3987,1780718400,https://www.bilibili.com/video/BV17z7y6KEVT,http://i2.hdslb.com/bfs/archive/2fbc38542399965a708c159f85533b4f5065fe8c.jpg
2026-06-09,2026-06-09 18:03:20,24,BV19v7S65ESU,116701022849204,我给爱车打造了一套废土战甲,手工耿,手工,生活,161,829,2143367,9641,2778,128024,23474,11159,5789,1780799533,https://www.bilibili.com/video/BV19v7S65ESU,http://i2.hdslb.com/bfs/archive/b1cf38027520b335d07b96dd1246fcde8d20a730.jpg
2026-06-09,2026-06-09 18:03:20,25,BV1JJ7m62ELC,116700620065327,最直接的伤害往往只需采用最简单的普通攻击 #超能力 #万万没想到 #反转 #劲大,刘不凡本凡,短片,动画,256,364,3058833,3494,8296,163389,2710,20329,1281,1780719600,https://www.bilibili.com/video/BV1JJ7m62ELC,http://i1.hdslb.com/bfs/archive/1b35b982075822d704a03ec34c21632ebcfa9044.jpg
2026-06-09,2026-06-09 18:03:20,26,BV1T4E36FEUh,116715249797275,新三国up锐评老三国01：这才叫真正的三国！,吃蛋挞的折棒,影视杂谈,影视,182,1406,555813,10971,6801,83741,90217,18229,4655,1780970400,https://www.bilibili.com/video/BV1T4E36FEUh,http://i2.hdslb.com/bfs/archive/f970ea0af673a4fb40a103bd7530328c2d4550b8.jpg
2026-06-09,2026-06-09 18:03:20,27,BV17q7y6qEeG,116697767874225,当代牢大学生论文现状belike：,黑曼波语录,鬼畜调教,鬼畜,22,78,1873178,275,2221,145255,5498,99473,11909,1780716900,https://www.bilibili.com/video/BV17q7y6qEeG,http://i2.hdslb.com/bfs/archive/a42866374c2dd87fd5093121386c1dd1372e10a6.jpg
2026-06-09,2026-06-09 18:03:20,28,BV1bd7k62Epb,116696794863371,LV6有啥用?一个视频看懂LV6所有特权功能,威尔斯耍流氓,搞笑,娱乐,138,193,927113,13175,23164,84119,50885,12519,5381,1780652357,https://www.bilibili.com/video/BV1bd7k62Epb,http://i1.hdslb.com/bfs/archive/96eeed5029dce27d3f6ea0160d4ade58d6afb34e.jpg
2026-06-09,2026-06-09 18:03:20,29,BV1MyEg6ZEFt,116713823669040,德国的耻辱,燕三嘤嘤嘤,人文历史,知识,228,1108,1404765,9870,3459,95143,28516,15593,1228,1780912624,https://www.bilibili.com/video/BV1MyEg6ZEFt,http://i2.hdslb.com/bfs/archive/636366ae88e9b99461ee93fa2da8ff7f284c23a1.jpg
2026-06-09,2026-06-09 18:03:20,30,BV1xU7f6xEjt,116690939546284,CF单机叙事续作——《穿越火线：潜伏》实机首曝,穿越火线潜伏,单机游戏,游戏,17,308,7105125,2039,6809,133276,7712,27583,15924,1780696800,https://www.bilibili.com/video/BV1xU7f6xEjt,http://i0.hdslb.com/bfs/archive/140a4abb0c80a2aa1e7cb7126c978567b667ed12.jpg
2026-06-09,2026-06-09 18:03:20,31,BV1ZREP6dEcU,116693758117714,扫落叶全清洁100%速通39分03秒leaf it alone,闲云豹,单机游戏,游戏,17,2367,1839061,1884,2628,151606,16147,34740,6478,1780605809,https://www.bilibili.com/video/BV1ZREP6dEcU,http://i1.hdslb.com/bfs/archive/310db23466f62e9399f25f92c8d2b0af953476d6.jpg
2026-06-09,2026-06-09 18:03:20,32,BV15d7D6UE4i,116702549379788,世界杯期间不抓移民？那这世界杯不是白办了吗,麻薯波比呀,社科·法律·心理,知识,124,995,2222417,8204,4178,107952,15847,12820,3218,1780740025,https://www.bilibili.com/video/BV15d7D6UE4i,http://i2.hdslb.com/bfs/archive/91940674117acf43b95f7a6e2e7ab686470cc3ea.jpg
2026-06-09,2026-06-09 18:03:20,33,BV1cu7r6FEPd,116696023045705,英国，沦为印度殖民地,平原公子,日常,生活,21,463,3848516,15848,10900,247367,12009,27710,25670,1780640137,https://www.bilibili.com/video/BV1cu7r6FEPd,http://i1.hdslb.com/bfs/archive/95ba7fb80bc2a46fc2c8f7ff69a08c57c40ef914.jpg
2026-06-09,2026-06-09 18:03:20,34,BV1ijEs6VEER,116707028899046,当我问女朋友喝什么时,小姜的猫meme剧场,搞笑,娱乐,138,34,2644376,714,5863,160648,1430,33885,9388,1780808202,https://www.bilibili.com/video/BV1ijEs6VEER,http://i2.hdslb.com/bfs/archive/6df6508a701b0c86e229b3c37fe33c0ffb459257.jpg
2026-06-09,2026-06-09 18:03:20,35,BV1um7665EpW,116696325033820,讷,水生植物人owo,日常,生活,21,16,1715587,1521,9365,244837,7227,63438,23384,1780644714,https://www.bilibili.com/video/BV1um7665EpW,http://i2.hdslb.com/bfs/archive/ce971f171b1f22d061819b3fea882f5d4af2a608.jpg
2026-06-09,2026-06-09 18:03:20,36,BV1Jj7C6AEPq,116696845193451,是我还不够好,怎么转身又是,MMD·3D,动画,25,67,2470330,6833,9019,229538,13905,60847,37537,1780652794,https://www.bilibili.com/video/BV1Jj7C6AEPq,http://i0.hdslb.com/bfs/archive/c261bcb22b8b34b31c0d9cb2e04b0a49a318b123.jpg
2026-06-09,2026-06-09 18:03:20,37,BV1xzE46KEFk,116707616098534,为了知晓地球年龄，人类究竟有多难？,星团菌,日常,生活,21,2606,1718541,2645,2124,71758,14548,21843,1905,1780835400,https://www.bilibili.com/video/BV1xzE46KEFk,http://i2.hdslb.com/bfs/archive/deeb691257a57979e33569ddbda3f66373262351.jpg
2026-06-09,2026-06-09 18:03:20,38,BV19N7y6bE1e,116698455803490,全体起立鼓掌！人类发现了治癌症的新药！🤯,蜗牛的科技笔记,软件应用,软件应用,230,115,1743699,1468,7788,161199,6705,26912,11143,1780677279,https://www.bilibili.com/video/BV19N7y6bE1e,http://i2.hdslb.com/bfs/archive/3b5f57bbd2f68b33097261f34d0cbb700b9439ce.jpg
2026-06-09,2026-06-09 18:03:20,39,BV1UV7k6LEUG,116697264627213,航天会刷典狱长？！【三角洲动画】,手折余弦丶,电子竞技,游戏,171,300,1546307,1628,2086,127069,15827,34678,4050,1780659017,https://www.bilibili.com/video/BV1UV7k6LEUG,http://i0.hdslb.com/bfs/archive/eb575db6391346950b2623259e6c0c6469239e03.jpg
2026-06-09,2026-06-09 18:03:20,40,BV1g8Es6vEKZ,116706609598663,《鸣潮》× 《赛博朋克：边缘行者》 联动PV | 暗巷怪谈,鸣潮,手机游戏,游戏,172,598,2478204,2046,10379,68685,24244,11910,12336,1780804800,https://www.bilibili.com/video/BV1g8Es6vEKZ,http://i2.hdslb.com/bfs/archive/e73c3fc833ee1693dcf748e29538070e01b8fd40.jpg
2026-06-09,2026-06-09 18:03:20,41,BV1Bm7U6jEDZ,116701542815709,《爱，你》,是许木木啊,日常,生活,21,1043,1064681,5970,4638,105159,13282,25424,1849,1780738200,https://www.bilibili.com/video/BV1Bm7U6jEDZ,http://i0.hdslb.com/bfs/archive/fd7de4f643c70f1117b5d4f7ef9d1878ffc094bd.jpg
2026-06-09,2026-06-09 18:03:20,42,BV1hG7y69Ej2,116698036313694,史上最骚特工(第二集),老番茄,单机游戏,游戏,17,842,2817684,3571,1933,157921,51928,45388,2764,1780716600,https://www.bilibili.com/video/BV1hG7y69Ej2,http://i2.hdslb.com/bfs/archive/c4778bfde8d395e0f91e2f746393736302e8205c.jpg
2026-06-09,2026-06-09 18:03:20,43,BV1KG7S6FECF,116701274313735,小孩只是请男人吃了一块羊肉，男人转手就掏出一个900克的大金轮,懂一点人情世故,影视剪辑,影视,183,425,2242187,1420,1314,106371,2140,11223,782,1780720244,https://www.bilibili.com/video/BV1KG7S6FECF,http://i2.hdslb.com/bfs/archive/7635c90a615f292f19e67c7de1d91e5c8a697033.jpg
2026-06-09,2026-06-09 18:03:20,44,BV13PEx63EJ3,116706575912358,这样的幸运，你想拥有吗！？🥳 #挑战# #野兽先生# #MrBeast# #vlog# #整活#,MrBeast官方账号,日常,生活,21,36,2996109,433,2376,199249,5449,10791,700,1780801241,https://www.bilibili.com/video/BV13PEx63EJ3,http://i1.hdslb.com/bfs/archive/060ed908afe9f422de1f1a505ade5b1e4ca3d8ae.jpg
2026-06-09,2026-06-09 18:03:20,45,BV1wPEs6pEMm,116706894749229,孤岛小夫 第二集,派之新,同人·手书,动画,47,503,1613683,793,1321,81641,5201,14565,2822,1780807094,https://www.bilibili.com/video/BV1wPEs6pEMm,http://i1.hdslb.com/bfs/archive/f16994491642562a05defddee6f04d3d2f428f15.jpg
2026-06-09,2026-06-09 18:03:20,46,BV13c7S6qE5a,116701324648092,大哥豪刷10个爱神之箭！头开8个苹果全程揪心，接连翻车差点心态崩盘！,语格yoga,舞蹈综合,舞蹈综合,154,271,1859631,2407,4061,103847,12195,7529,3302,1780721492,https://www.bilibili.com/video/BV13c7S6qE5a,http://i1.hdslb.com/bfs/archive/e2af963c319aa3c1083f65f39306936b272010b5.jpg
2026-06-09,2026-06-09 18:03:20,47,BV1fMV268E7X,116684027335970,《追逐卡蕾多》首次测试招募PV & 实机演示,追逐卡蕾多,手机游戏,游戏,172,1438,2365133,1318,2873,75363,3098,16299,4086,1780891200,https://www.bilibili.com/video/BV1fMV268E7X,http://i0.hdslb.com/bfs/archive/1db97203934b38058a9ba67943a3579393f4b222.jpg
2026-06-09,2026-06-09 18:03:20,48,BV1zDE46ZEzL,116707213512648,虎哥摩根时代只有自己用的是真的,虎哥二次元教父,鬼畜调教,鬼畜,22,16,2383108,151,1602,194589,1843,8284,968,1780811019,https://www.bilibili.com/video/BV1zDE46ZEzL,http://i2.hdslb.com/bfs/archive/167cc262dd29aa3be2b9730c13c4ce9733856d97.jpg
2026-06-09,2026-06-09 18:03:20,49,BV1ALEg6UEeN,116714075461800,《高考固定NPC 2026》,嘞是唐孃孃,搞笑,娱乐,138,79,2319330,218,2468,174078,1770,9286,2130,1780915783,https://www.bilibili.com/video/BV1ALEg6UEeN,http://i1.hdslb.com/bfs/archive/609a023ae422249567553ffc4b214b75b2eb952d.jpg
2026-06-09,2026-06-09 18:03:20,50,BV1TK7S6PESt,116701341420908,日菲台岛东部“划界”，我们和两国防长现场对线！,玉渊谭天,科学科普,知识,201,466,905235,6462,5420,95588,31791,11033,2546,1780729200,https://www.bilibili.com/video/BV1TK7S6PESt,http://i0.hdslb.com/bfs/archive/4f11eda2d2c34ea69bc20938c15ebcc0e4b3affc.jpg
2026-06-09,2026-06-09 18:03:20,51,BV1m87D6iEgB,116702834657874,好多人想看Dangerous，那就斗胆跳一段。,特崮斯,篮球,运动,235,59,1163960,665,2913,169862,25195,10600,2519,1780744217,https://www.bilibili.com/video/BV1m87D6iEgB,http://i2.hdslb.com/bfs/archive/c883cf75d064cd54b77796c65fc6a55298f47367.jpg
2026-06-09,2026-06-09 18:03:20,52,BV1VD726iE1t,116698791282580,《猴王出事》,伤心欲茄222,搞笑,娱乐,138,103,2900620,1369,4242,193286,7963,10207,7255,1780718400,https://www.bilibili.com/video/BV1VD726iE1t,http://i1.hdslb.com/bfs/archive/2fa41f4d1af95817e553d8fd8c6eeb7fc16a9d82.jpg
2026-06-09,2026-06-09 18:03:20,53,BV1EnEg65EZx,116714092105178,死亡盲区：濒死时，人们能看见什么？,大圆镜科普,科学科普,知识,201,457,944746,1094,1584,85922,1855,13131,976,1780916623,https://www.bilibili.com/video/BV1EnEg65EZx,http://i2.hdslb.com/bfs/archive/3019a85021b4f6d2efe63b865eeacf6bd860ef52.jpg
2026-06-09,2026-06-09 18:03:20,54,BV1Vz766DE6S,116696342006745,“从来就没有什么意外 ”,DKM莫天行,GMV,GMV,121,142,1197433,280,2009,132504,23038,48482,1380,1780653600,https://www.bilibili.com/video/BV1Vz766DE6S,http://i1.hdslb.com/bfs/archive/ebae2236febce20da402b0789a87254a40b4e8b8.jpg
2026-06-09,2026-06-09 18:03:20,55,BV1AwEs69E4D,116706978633242,高考 标准答案正在进入考场,ring_of_power,日常,生活,21,19,2555764,1353,9028,157165,569,9663,11646,1780807231,https://www.bilibili.com/video/BV1AwEs69E4D,http://i0.hdslb.com/bfs/archive/717464a151023d48916c1bc164a883d5454724ca.jpg
2026-06-09,2026-06-09 18:03:20,56,BV1eVEn6fEwP,116703304357775,高考日子678，祝你—录取吧！,碎嘴企鹅,搞笑,娱乐,138,110,855272,1358,8517,129834,2663,5611,581,1780751436,https://www.bilibili.com/video/BV1eVEn6fEwP,http://i0.hdslb.com/bfs/archive/89dfb44cf51f7845972489cbc8fed63d78368801.jpg
2026-06-09,2026-06-09 18:03:20,57,BV1U87D6iEK2,116702834662934,老吴大师,皮欧皮皮,喵星人,喵星人,218,116,1049977,1272,2716,114753,1954,12400,9805,1780744103,https://www.bilibili.com/video/BV1U87D6iEK2,http://i0.hdslb.com/bfs/archive/d0b24d7ecbe3b7c2fbd943beec85bee6128300d7.jpg
2026-06-09,2026-06-09 18:03:20,58,BV1x77Q6eE7o,116702247457814,《绝区零》3.0版本PV | 某个梦游者的自白,绝区零,手机游戏,游戏,172,2575,1010925,4154,5551,59203,16405,10639,2732,1780749000,https://www.bilibili.com/video/BV1x77Q6eE7o,http://i2.hdslb.com/bfs/archive/87c8066e1d2dab7418e493b02cf3efa0e0b9a4b7.jpg
2026-06-09,2026-06-09 18:03:20,59,BV1uvEK6EEJZ,116712196278177,海上六十秒成功撤离,Z贤者,单机游戏,游戏,17,1075,1583307,2184,616,73298,2753,20539,1153,1780887036,https://www.bilibili.com/video/BV1uvEK6EEJZ,http://i1.hdslb.com/bfs/archive/93075bc98f14fac02640d2f20812a5cb5026fc5c.jpg
2026-06-09,2026-06-09 18:03:20,60,BV1n17D6xEX2,116702331278408,这就是7JIA最强之人,杨齐家_,单机游戏,游戏,17,1221,3092328,5643,2570,123482,10950,21125,1020,1780736508,https://www.bilibili.com/video/BV1n17D6xEX2,http://i1.hdslb.com/bfs/archive/63922fa2e9e8a18b95b8175a3bea61b0779794d1.jpg
2026-06-09,2026-06-09 18:03:20,61,BV1s47y65E4g,116698153752165,那年你写下了什么？复盘1977—2025年高考作文题【大国之治·高考作文题】,大象放映室,财经商业,知识,207,2306,1280143,2677,4898,35804,12793,27770,8028,1780801200,https://www.bilibili.com/video/BV1s47y65E4g,http://i1.hdslb.com/bfs/archive/e403ab5119fb220e6ae7654b859643b16dec3709.jpg
2026-06-09,2026-06-09 18:03:20,62,BV1xCEb63Ewg,116708471736833,【TF家族练习生】《四一有意思》09:《我们与“影弟”的距离》（下）,TF家族,明星综合,明星综合,137,2405,1014054,348609,3916,47988,6330,21721,1303,1780830000,https://www.bilibili.com/video/BV1xCEb63Ewg,http://i0.hdslb.com/bfs/archive/5d11b912eac44c5ad5cf8c93db359e80e3186d2e.jpg
2026-06-09,2026-06-09 18:03:20,63,BV1787S6mEV8,116701073053928,这里藏着一群“伪人”,摸鱼佬临风,鬼畜剧场,鬼畜剧场,216,354,469822,462,900,86643,6558,28718,1237,1780717427,https://www.bilibili.com/video/BV1787S6mEV8,http://i2.hdslb.com/bfs/archive/d2a4fc8b8017160bc03e17f14d6fbedd690059c1.jpg
2026-06-09,2026-06-09 18:03:20,64,BV1rg7C6TEUm,116696912369911,一句“一氧化二氢”能钓出多少“读稿机”？,中国食品报融媒体,科学科普,知识,201,291,5304290,7297,24635,225916,18474,27358,19094,1780653928,https://www.bilibili.com/video/BV1rg7C6TEUm,http://i1.hdslb.com/bfs/archive/1081ed32a36e81bee443915a997ed5f2bd56badd.jpg
2026-06-09,2026-06-09 18:03:20,65,BV1fd7C6vEA8,116698489357988,开局仅有一格云平台？传奇极限空岛生存！,陶艺猫,单机游戏,游戏,17,951,833088,1210,1052,65173,30261,12502,1850,1780711500,https://www.bilibili.com/video/BV1fd7C6vEA8,http://i0.hdslb.com/bfs/archive/fe29c19a4bfe19e414b572cc9869ab6a64e80601.jpg
2026-06-09,2026-06-09 18:03:20,66,BV1yk7X6KEz4,116686023891513,2高中生屠杀同学，造成13人死亡后自杀，开启美国校园枪击案先河：科伦拜恩枪击案,捕月说,人文历史,知识,228,733,3180761,1285,1211,100965,2030,14253,982,1780654200,https://www.bilibili.com/video/BV1yk7X6KEz4,http://i2.hdslb.com/bfs/archive/b52e8d555de710438989ea0831c1fa8211fbe67d.jpg
2026-06-09,2026-06-09 18:03:20,67,BV1dhEH6KERy,116704277435502,【良子本人胃袋这一块】新作上线，快来看看！,良子本人胃袋这一块,美食记录,美食,215,48,3214210,1156,3195,135930,564,7617,4157,1780766174,https://www.bilibili.com/video/BV1dhEH6KERy,http://i2.hdslb.com/bfs/archive/f1437a5649b4d529e263388e4c95984ffb5cad90.jpg
2026-06-09,2026-06-09 18:03:20,68,BV1VgE86XEcy,116710250126890,高考结束敢打游戏？,锤子game,搞笑,娱乐,138,91,1623263,655,4257,137406,642,5366,4766,1780891200,https://www.bilibili.com/video/BV1VgE86XEcy,http://i2.hdslb.com/bfs/archive/04fdadd097cb7a6144fd987f4678f1aedfbeea73.jpg
2026-06-09,2026-06-09 18:03:20,69,BV1YV7U6zEps,116699697254319,小登VS老登,灼眼的SABER哒,同人·手书,动画,47,63,1142437,554,2840,141808,13030,49072,11577,1780718400,https://www.bilibili.com/video/BV1YV7U6zEps,http://i0.hdslb.com/bfs/archive/dce2758cd8546e893008888b88f215364194d4a7.jpg
2026-06-09,2026-06-09 18:03:20,70,BV16oEJ66Epu,116703220468274,网飞新剧夯爆了，最狠教师，暴打校霸！提前锁定年度最佳！,噔噔悬疑社,影视杂谈,影视,182,3492,1343034,14117,5384,32476,9329,17649,7727,1780750042,https://www.bilibili.com/video/BV16oEJ66Epu,http://i2.hdslb.com/bfs/archive/1e5067324d5a67397855edb31e3650e31bb493a9.jpg
2026-06-09,2026-06-09 18:03:20,71,BV1Vf7D62EwZ,116702448716451,《我一级就是后期了》,尴尬的铁根er,网络游戏,游戏,65,216,2549817,526,1983,88322,2556,7409,1532,1780738656,https://www.bilibili.com/video/BV1Vf7D62EwZ,http://i0.hdslb.com/bfs/archive/dba54e23a9dce65e11940cc2a9adb0552774c7f5.jpg
2026-06-09,2026-06-09 18:03:20,72,BV1MaEs6PEN2,116706659927588,地狱门展开防御系统-歼神号空天航母KG2.0,雨川_叶のイレナqwq,单机游戏,游戏,17,49,879927,717,3419,107044,2541,28743,12417,1780802544,https://www.bilibili.com/video/BV1MaEs6PEN2,http://i1.hdslb.com/bfs/archive/51c05f83ebe30f181c40815bb8e00914d2a8536a.jpg
2026-06-09,2026-06-09 18:03:20,73,BV1JyEp6jExj,116705619609485,【瓦赛杂谈】数据不足以体现CN选手基本职业素养的缺乏。,KiddoJioJio,网络游戏,游戏,65,908,944348,1674,8385,41767,25575,8344,10560,1780786587,https://www.bilibili.com/video/BV1JyEp6jExj,http://i1.hdslb.com/bfs/archive/8df6fc0aeeceb732a39b8029f16711194376342f.jpg
2026-06-09,2026-06-09 18:03:20,74,BV1PP7C63E2J,116696710912022,《师》我回母校当老师,阿廖沙别害怕_,搞笑,娱乐,138,296,2383102,580,1272,211082,6040,16690,760,1780650587,https://www.bilibili.com/video/BV1PP7C63E2J,http://i0.hdslb.com/bfs/archive/b04455fde128b88ff0a92e264778512242510bc9.jpg
2026-06-09,2026-06-09 18:03:20,75,BV1747S6SExf,116701039495420,师傅：成功挑战人类！,猪大肠and方一蛋,喵星人,喵星人,218,44,2015251,1038,2473,177529,4916,6891,4249,1780717504,https://www.bilibili.com/video/BV1747S6SExf,http://i2.hdslb.com/bfs/archive/3449f80a251dbb861606222cd047b34839e4e173.jpg
2026-06-09,2026-06-09 18:03:20,76,BV1UQEx6ME4i,116708203301496,《你和兄弟打单挑时》,韩波格_,搞笑,娱乐,138,17,2651475,94,816,142938,635,6165,1518,1780826061,https://www.bilibili.com/video/BV1UQEx6ME4i,http://i1.hdslb.com/bfs/archive/ee8a15d19b3d9224e47b77a98e979a8a050cf01a.jpg
2026-06-09,2026-06-09 18:03:20,77,BV1Ja7k6AE1b,116697063235411,我又给花朵加了个开关！,是玉木呀,设计·创意,设计·创意,229,104,1162918,612,977,190017,22680,39117,3971,1780656042,https://www.bilibili.com/video/BV1Ja7k6AE1b,http://i0.hdslb.com/bfs/archive/c05470a618fc67ee60cb9df153eb5ad6d3c8ce08.jpg
2026-06-09,2026-06-09 18:03:20,78,BV1Ft7Q6oE4d,116701861517497,当我尝试做汉尼拔的菜谱,汉尼扳,小剧场,娱乐,85,279,632683,845,974,76733,2570,11165,1063,1780740000,https://www.bilibili.com/video/BV1Ft7Q6oE4d,http://i0.hdslb.com/bfs/archive/601a792216743016ddf8f3e63abded1f4eeb840d.jpg
2026-06-09,2026-06-09 18:03:20,79,BV11KEb6iEcF,116708605956377,北方吃的都是“死荔枝”？？先别“破防”！展开讲讲！【主播说三农】,央视农业,三农,生活,251,215,1208332,1582,4356,79033,2186,3788,3643,1780832070,https://www.bilibili.com/video/BV11KEb6iEcF,http://i2.hdslb.com/bfs/archive/0499182ad9fbcf4a1c5c43b27a3ac394fb2bea48.jpg
2026-06-09,2026-06-09 18:03:20,80,BV1dEE46SEEr,116707834267247,爽到头皮发麻！目前无差评，这剧太敢拍了！让韩国教师联名抵制的剧爆了，万字细嗦《铁拳教育》（上）,不善言辞的秃秃,影视杂谈,影视,182,3410,1186092,3661,2627,37809,9481,19053,4463,1780822847,https://www.bilibili.com/video/BV1dEE46SEEr,http://i0.hdslb.com/bfs/archive/df989b4e9c59120bd78012366b094e8c75762615.jpg
2026-06-09,2026-06-09 18:03:20,81,BV1cs7Q6fEQX,116702230616264,双绝之战,ioeop,网络游戏,游戏,65,35,1934944,126,1312,136089,1657,17116,7017,1780734931,https://www.bilibili.com/video/BV1cs7Q6fEQX,http://i1.hdslb.com/bfs/archive/1026961aa82bcc307e2feec6322493bb3d5b1190.jpg
2026-06-09,2026-06-09 18:03:20,82,BV1tZET6HESW,116713504902448,“同步率”三个字已经很难概括这个视频了,新华社,日常,生活,21,27,1603097,640,2752,157392,2441,7858,4320,1780906886,https://www.bilibili.com/video/BV1tZET6HESW,http://i1.hdslb.com/bfs/archive/4b20a6f517b4ad8f1b7ebbcf31ccb1317bb89fee.jpg
2026-06-09,2026-06-09 18:03:20,83,BV1Xh7168ESr,116699395266567,一期视频教会你公式化手炮开局炸一队,麒麟--三角洲行动,网络游戏,游戏,65,53,1544964,95,1095,94400,1818,53888,8161,1780729200,https://www.bilibili.com/video/BV1Xh7168ESr,http://i1.hdslb.com/bfs/archive/40350b382e3bd6f3e06fd0adf770a6010bb346b2.jpg
2026-06-09,2026-06-09 18:03:20,84,BV1CCE46YEi5,116707565832991,参加节目只是一种享福，把压力留给观众就行,接二连珊妄想症,娱乐杂谈,娱乐杂谈,241,878,1212542,14819,1964,66968,16027,11015,6805,1780821000,https://www.bilibili.com/video/BV1CCE46YEi5,http://i1.hdslb.com/bfs/archive/b20a8b0d4fa331b09a32499aab95459b9295b1e4.jpg
2026-06-09,2026-06-09 18:03:20,85,BV1vUEu6KEyw,116714175989459,和日本女友去她丈母娘家里,我不是黄毛-,搞笑,娱乐,138,276,1309314,1344,1353,79424,757,5232,731,1780917899,https://www.bilibili.com/video/BV1vUEu6KEyw,http://i0.hdslb.com/bfs/archive/0ff11df121432a1b7599f76c12954dfc8beb57a9.jpg
2026-06-09,2026-06-09 18:03:20,86,BV1CCEs6REPG,116706794083871,来杯好茶摇一摇,龙鹰三角洲行动,网络游戏,游戏,65,22,1019126,280,2105,110496,1076,22292,11644,1780804399,https://www.bilibili.com/video/BV1CCEs6REPG,http://i2.hdslb.com/bfs/archive/26755fd236c5bdd6d950778caa0478fcd988457d.jpg
2026-06-09,2026-06-09 18:03:20,87,BV1di7Q6nEu4,116701777627095,兄弟们！今天带良子水上训练，你们觉得良子能坚持多久？,健身华哥,运动综合,运动,238,217,1738374,951,11674,85873,2119,3446,3432,1780728153,https://www.bilibili.com/video/BV1di7Q6nEu4,http://i1.hdslb.com/bfs/archive/48f8a7c3b0af6baea81d423375f3ea0e18e4a44d.jpg
2026-06-09,2026-06-09 18:03:20,88,BV17U7D6WEU8,116702364831700,别笑，你也找不到欣答应在哪,七颗猩猩QKXX,日常,生活,21,176,1908011,606,819,105181,4253,14634,731,1780737386,https://www.bilibili.com/video/BV17U7D6WEU8,http://i0.hdslb.com/bfs/archive/a4aceec695e539b218d8c310d5e2318fc3fd53bb.jpg
2026-06-09,2026-06-09 18:03:20,89,BV1gP7Q6VE6p,116702129950535,选择你的高考助力官,三三-关注取图,综合,综合,27,16,407703,569,4272,116773,1491,33542,3479,1780733269,https://www.bilibili.com/video/BV1gP7Q6VE6p,http://i0.hdslb.com/bfs/archive/dc9248cceb1e04dbd4235ea16c486602da7d7cbc.jpg
2026-06-09,2026-06-09 18:03:20,90,BV1YWE46jEVk,116707850979344,这得看不少部！先生！2026年七月新番扫雷推荐！【瓶子君152】,瓶子君152,动漫杂谈,动画,253,717,639338,2897,2270,49036,18000,12267,2229,1780826400,https://www.bilibili.com/video/BV1YWE46jEVk,http://i2.hdslb.com/bfs/archive/9f1d187a3a50b4e61810619ddf92991416dda6c6.jpg
2026-06-09,2026-06-09 18:03:20,91,BV1q1Vy64EqA,116682450274928,给朋友做的一本翻翻乐,花颜和鸣,日常,生活,21,70,1016453,1288,3401,215526,20270,36036,1462,1780589700,https://www.bilibili.com/video/BV1q1Vy64EqA,http://i0.hdslb.com/bfs/archive/b6ed86d5a0591cf027f6b65a4770f1c9656617d7.jpg
2026-06-09,2026-06-09 18:03:20,92,BV1XkEx65E2J,116707968420362,我创造了游戏史上最强Boss！？,FoFTG,单机游戏,游戏,17,485,1341637,1206,910,60930,13082,13606,380,1780826400,https://www.bilibili.com/video/BV1XkEx65E2J,http://i1.hdslb.com/bfs/archive/cb046550edba573ab64f33168fd8827a5cddf4c1.jpg
2026-06-09,2026-06-09 18:03:20,93,BV1yREW6tE1P,116705183403563,小师弟，今天我，好看吗~,小弑弑,手机游戏,游戏,172,58,619944,288,1525,107653,9334,26220,4170,1780801200,https://www.bilibili.com/video/BV1yREW6tE1P,http://i1.hdslb.com/bfs/archive/b6271dbf605cc3c13b0ab190bb696ce6739fe8f5.jpg
2026-06-09,2026-06-09 18:03:20,94,BV1Lt7m63EdD,116700267742890,你脑中出现两个声音…,四夕小田木_,小剧场,娱乐,85,38,1015725,194,1647,171041,6724,11902,1164,1780705023,https://www.bilibili.com/video/BV1Lt7m63EdD,http://i0.hdslb.com/bfs/archive/7a454bc24acdaf53f3719c390fd9ec4c58605c0c.jpg
2026-06-09,2026-06-09 18:03:20,95,BV1i1ET68EuZ,116713370688013,我们的爸妈vs我们当爸妈,西维西师傅,搞笑,娱乐,138,52,1918267,144,842,145012,975,5475,1413,1780904802,https://www.bilibili.com/video/BV1i1ET68EuZ,http://i1.hdslb.com/bfs/archive/dc0eb35f93be0f394cef87901ba9db8de7c19abe.jpg
2026-06-09,2026-06-09 18:03:20,96,BV1kv7262EyU,116698623578210,公司给粉丝安排了30万的水上宫殿...,飓多多StormCrew,日常,生活,21,852,1893550,3941,2722,94090,22225,18676,2264,1780714800,https://www.bilibili.com/video/BV1kv7262EyU,http://i2.hdslb.com/bfs/archive/a59944bd6ce91c0bbc28d8c8b560e8b73c31e976.jpg
2026-06-09,2026-06-09 18:03:20,97,BV1kME464EJs,116707683209505,小小极客湾，拿下！,笔吧评测室,数码,科技,95,394,1097570,3484,2475,51159,11028,6917,3061,1780825198,https://www.bilibili.com/video/BV1kME464EJs,http://i2.hdslb.com/bfs/archive/ba90a910e391dc0aab61116cff6707a1253fa15d.jpg
2026-06-09,2026-06-09 18:03:20,98,BV1TR766zEvE,116695972714489,在沙漠里种了1800万棵树，然后呢？,影视飓风,娱乐粉丝创作,娱乐,242,756,3353909,11804,3196,170354,65371,28428,3102,1780650000,https://www.bilibili.com/video/BV1TR766zEvE,http://i1.hdslb.com/bfs/archive/af434541e40c0402ac850fc6783faa3ed5bfdda9.jpg
2026-06-09,2026-06-09 18:03:20,99,BV1wEEc6REms,116692097238799,城市大富翁（5）,雨哥到处跑,日常,生活,21,3846,2765455,42945,5491,166187,130752,43639,5507,1780628700,https://www.bilibili.com/video/BV1wEEc6REms,http://i1.hdslb.com/bfs/archive/8628e50dc2e56aec5815c8e3f665d304cfe23d80.jpg
2026-06-09,2026-06-09 18:03:20,100,BV168796PEv1,116685839403735,如此仙音唯有挠臭,lulu和露爸,喵星人,喵星人,218,26,5550498,20737,6738,692361,21519,134832,30037,1780484850,https://www.bilibili.com/video/BV168796PEv1,http://i1.hdslb.com/bfs/archive/87f3ce4876a2e50e34a2c1b24dfe10ae34700a55.jpg
2026-06-09,2026-06-09 20:51:19,1,BV1Uj7k6VEPU,116697432395968,信 |《归唐》19分钟完整实机演示,归唐,单机游戏,游戏,17,1167,10758268,24890,35424,160363,49973,32234,64632,1780791300,https://www.bilibili.com/video/BV1Uj7k6VEPU,http://i1.hdslb.com/bfs/archive/73972f02b3d2a52c97a1ec81e53403fef6160006.jpg
2026-06-09,2026-06-09 20:51:19,2,BV1TnEt6MEHn,116709042165737,《原神》角色预告-「洛恩：『杰作』」,原神,手机游戏,游戏,172,729,2194018,11339,11025,241068,76073,56001,33809,1780891200,https://www.bilibili.com/video/BV1TnEt6MEHn,http://i1.hdslb.com/bfs/archive/338dd06fe0b8324ca26ec3f146f610f500448221.jpg
2026-06-09,2026-06-09 20:51:19,3,BV1xkE46PE59,116707649656463,参加了九次高考的考生采访,自来卷三木,日常,生活,21,99,5403848,5454,5350,361273,10446,26278,10960,1780817665,https://www.bilibili.com/video/BV1xkE46PE59,http://i1.hdslb.com/bfs/archive/2c51e17d5ab278033691d055015af26638867e5b.jpg
2026-06-09,2026-06-09 20:51:19,4,BV1ZvEt6oEWR,116709209935672,锐评2026年数学高考，我雷霆大怒,聊城市茬平区第一中学,日常,生活,21,739,3684027,6173,28448,162672,27227,41200,26011,1780841328,https://www.bilibili.com/video/BV1ZvEt6oEWR,http://i0.hdslb.com/bfs/archive/6d19a0c156e6b82f71035cacec0f450bd19fb6c6.jpg
2026-06-09,2026-06-09 20:51:19,5,BV1WY7U6dEJ5,116699814693875,【微电影】人类文明的最后一届高考,最后讲述者,鬼畜剧场,鬼畜剧场,216,263,2362241,3301,6602,192719,25251,46112,11270,1780709400,https://www.bilibili.com/video/BV1WY7U6dEJ5,http://i2.hdslb.com/bfs/archive/40a717d48c3dbeb9559b00a07a88af6cfd5181fb.jpg
2026-06-09,2026-06-09 20:51:19,6,BV1CQ7o61ERo,116689798764442,人，握爪后就不要放开咯！——《伊莫》握爪测试招募开启,伊莫,手机游戏,游戏,172,119,5285027,789,4756,175028,41900,131674,96416,1780797600,https://www.bilibili.com/video/BV1CQ7o61ERo,http://i0.hdslb.com/bfs/archive/06bcb84e42974283a3ade3bf6fbee2302b4b4d96.jpg
2026-06-09,2026-06-09 20:51:19,7,BV1T4E36FEUh,116715249797275,新三国up锐评老三国01：这才叫真正的三国！,吃蛋挞的折棒,影视杂谈,影视,182,1406,832253,13392,7996,111636,116640,23862,5834,1780970400,https://www.bilibili.com/video/BV1T4E36FEUh,http://i2.hdslb.com/bfs/archive/f970ea0af673a4fb40a103bd7530328c2d4550b8.jpg
2026-06-09,2026-06-09 20:51:19,8,BV15v7S65EWD,116701022717876,挑战给历史故事打tag（标签）,混饭达人,娱乐杂谈,娱乐杂谈,241,77,3876564,4299,3035,317939,8647,38746,20490,1780716510,https://www.bilibili.com/video/BV15v7S65EWD,http://i2.hdslb.com/bfs/archive/1845b193e356ee0f6b686419e20cc96fe1678367.jpg
2026-06-09,2026-06-09 20:51:19,9,BV15C7k6REKC,116697197451293,公测定档7月 | 《遗忘之海》船员集结摇滚MV「燥」,遗忘之海,GMV,GMV,121,205,7479476,1515,2747,133107,86415,84638,5030,1780711200,https://www.bilibili.com/video/BV15C7k6REKC,http://i0.hdslb.com/bfs/archive/bef8db958217ad42ed011f4bf5d5d6c1cf3a4bad.jpg
2026-06-09,2026-06-09 20:51:19,10,BV11cEK6rELU,116712364116494,地牢酒馆-13集 《碎骨大帐篷》,粘土工厂,单机游戏,游戏,17,257,1162553,1417,2867,154176,23438,18528,1926,1780891200,https://www.bilibili.com/video/BV11cEK6rELU,http://i1.hdslb.com/bfs/archive/436f2a6d53b97fddf0f85b258c997b4f911e2a32.jpg
2026-06-09,2026-06-09 20:51:19,11,BV16w7D6RERW,116700921988742,007看后:追逐战？,MEspace天植,绘画,绘画,162,49,3023732,299,1266,299517,29955,52475,2756,1780714922,https://www.bilibili.com/video/BV16w7D6RERW,http://i2.hdslb.com/bfs/archive/f35dab38094910739815ae6424bcceee9316f8f7.jpg
2026-06-09,2026-06-09 20:51:19,12,BV1GiEg6PE3v,116713588787899,《明日方舟》EP - 夏日远去之后,明日方舟,手机游戏,游戏,172,256,632145,6911,10636,91089,40496,27572,20754,1780909200,https://www.bilibili.com/video/BV1GiEg6PE3v,http://i1.hdslb.com/bfs/archive/a5c5345866b686d7c435dfd3080cd1d16d129659.jpg
2026-06-09,2026-06-09 20:51:19,13,BV1YVEn6fEmZ,116703304356999,那天真有其他人在场，但我没法证明。,何大爷课堂,人文历史,知识,228,123,2760614,474,4134,208465,5399,19368,1611,1780751375,https://www.bilibili.com/video/BV1YVEn6fEmZ,http://i1.hdslb.com/bfs/archive/36a36b65d7a5cdced8c027e2371074acb5dd204b.jpg
2026-06-09,2026-06-09 20:51:19,14,BV1dY7Q6pEQZ,116701878291791,千里奔赴只为弥补40年前的遗憾,赛亚人阿廖,出行,生活,250,246,1479779,2767,2043,163408,42701,20083,566,1780729530,https://www.bilibili.com/video/BV1dY7Q6pEQZ,http://i0.hdslb.com/bfs/archive/5f9f719eb1fb6326b0a2eabe298cd1484afab3e6.jpg
2026-06-09,2026-06-09 20:51:19,15,BV1pW7Q68Emz,116702180348281,这期谁能绷住,呱唧菌,搞笑,娱乐,138,339,3269226,2319,1770,207097,12297,65136,2655,1780741800,https://www.bilibili.com/video/BV1pW7Q68Emz,http://i2.hdslb.com/bfs/archive/5ae6e1d11721490eb4a17034e97a4c36afdca5f0.jpg
2026-06-09,2026-06-09 20:51:19,16,BV1dq7Q6SEbX,116701827961912,最不吃压力之熊,传奇飞行员_太日阳莽,鬼畜剧场,鬼畜剧场,216,91,2531968,852,3555,197083,4307,45373,6772,1780728644,https://www.bilibili.com/video/BV1dq7Q6SEbX,http://i2.hdslb.com/bfs/archive/cdfe2d04e5d60dbd700833f920d17d40cebc2d39.jpg
2026-06-09,2026-06-09 20:51:19,17,BV1wE7m67EAF,116700569671653,“我在成华大道「拼接遗憾」”,Dieorite,人力VOCALOID,人力VOCALOID,126,116,764927,3530,1840,171013,38122,49377,3241,1780709690,https://www.bilibili.com/video/BV1wE7m67EAF,http://i1.hdslb.com/bfs/archive/b7a88bfce9322211ddb670d69d549967dba6591e.jpg
2026-06-09,2026-06-09 20:51:19,18,BV19v7S65ESU,116701022849204,我给爱车打造了一套废土战甲,手工耿,手工,生活,161,829,2209002,9803,2833,130147,23986,11388,5972,1780799533,https://www.bilibili.com/video/BV19v7S65ESU,http://i2.hdslb.com/bfs/archive/b1cf38027520b335d07b96dd1246fcde8d20a730.jpg
2026-06-09,2026-06-09 20:51:19,19,BV17z7y6KEVT,116697751096214,可爱的安魂曲~,徐大花xudahua,手工,生活,161,158,2729364,530,2044,151556,10651,23064,4091,1780718400,https://www.bilibili.com/video/BV17z7y6KEVT,http://i2.hdslb.com/bfs/archive/2fbc38542399965a708c159f85533b4f5065fe8c.jpg
2026-06-09,2026-06-09 20:51:19,20,BV1xR7S6hEkB,116700804683368,菲比：就你们寝室最吵！！,Lm海洋,音乐综合,音乐,130,262,1471938,831,4521,109916,78359,49738,17229,1780713190,https://www.bilibili.com/video/BV1xR7S6hEkB,http://i1.hdslb.com/bfs/archive/348cd3608f962369b093721ee90e2515a127a833.jpg
2026-06-09,2026-06-09 20:51:19,21,BV1s7V46XEix,116655590017716,评论区摄影大赛之火遍全网的佳作篇，本期有锐评系列也有破败与新生佳作，欢迎投稿好的作品会让更多人看到。,摄影恩哥,日常,生活,21,124,5801879,2047,11674,357468,3316,28081,1185,1780738200,https://www.bilibili.com/video/BV1s7V46XEix,http://i1.hdslb.com/bfs/archive/58aada2ca9cd83b3f4d86b331759b2c832c8bcb4.jpg
2026-06-09,2026-06-09 20:51:19,22,BV1uX7k6UENx,116696761239484,巨构：没有告别,巨构ai,网络游戏,游戏,65,19,3349234,7052,8375,525115,29420,177548,8520,1780651506,https://www.bilibili.com/video/BV1uX7k6UENx,http://i0.hdslb.com/bfs/archive/1422e60b2923b373953bd4ce6433b6f0e91f9501.jpg
2026-06-09,2026-06-09 20:51:19,23,BV1LR7D6JEV7,116702566156828,Re：佩恩从零开始的异世界生活！！！【水门篇】,-夏秋冬-,综合,综合,27,416,1608367,1824,4555,98386,35144,28915,6517,1780740005,https://www.bilibili.com/video/BV1LR7D6JEV7,http://i1.hdslb.com/bfs/archive/7b1442110a7b65950b9bb9ed1c2c29908c642732.jpg
2026-06-09,2026-06-09 20:51:19,24,BV1vR7D6JEEm,116702566223209,全球吃席！自驾巴尔干婚礼，吃欧洲乡村大席,食贫道,日常,生活,21,3274,1696499,9857,1993,149733,55402,19253,3864,1780741089,https://www.bilibili.com/video/BV1vR7D6JEEm,http://i2.hdslb.com/bfs/archive/b23120503d27e3049c25e887901c19df17a98fe1.jpg
2026-06-09,2026-06-09 20:51:19,25,BV1JJ7m62ELC,116700620065327,最直接的伤害往往只需采用最简单的普通攻击 #超能力 #万万没想到 #反转 #劲大,刘不凡本凡,短片,动画,256,364,3133663,3542,8413,165901,2767,21113,1292,1780719600,https://www.bilibili.com/video/BV1JJ7m62ELC,http://i1.hdslb.com/bfs/archive/1b35b982075822d704a03ec34c21632ebcfa9044.jpg
2026-06-09,2026-06-09 20:51:19,26,BV1ijEs6VEER,116707028899046,当我问女朋友喝什么时,小姜的猫meme剧场,搞笑,娱乐,138,34,3056224,820,6436,185786,1683,39860,10824,1780808202,https://www.bilibili.com/video/BV1ijEs6VEER,http://i2.hdslb.com/bfs/archive/6df6508a701b0c86e229b3c37fe33c0ffb459257.jpg
2026-06-09,2026-06-09 20:51:19,27,BV1MyEg6ZEFt,116713823669040,德国的耻辱,燕三嘤嘤嘤,人文历史,知识,228,1108,1528887,10419,3596,101485,30558,16089,1321,1780912624,https://www.bilibili.com/video/BV1MyEg6ZEFt,http://i2.hdslb.com/bfs/archive/636366ae88e9b99461ee93fa2da8ff7f284c23a1.jpg
2026-06-09,2026-06-09 20:51:19,28,BV17q7y6qEeG,116697767874225,当代牢大学生论文现状belike：,黑曼波语录,鬼畜调教,鬼畜,22,78,1894663,276,2247,147119,5623,100741,12126,1780716900,https://www.bilibili.com/video/BV17q7y6qEeG,http://i2.hdslb.com/bfs/archive/a42866374c2dd87fd5093121386c1dd1372e10a6.jpg
2026-06-09,2026-06-09 20:51:19,29,BV1T9Vm6UE2N,116684681647760,《古剑》3分钟战斗实机 | 线下试玩招募开启,古剑,单机游戏,游戏,17,168,5525563,3700,10800,105118,64480,46308,24479,1780698215,https://www.bilibili.com/video/BV1T9Vm6UE2N,http://i0.hdslb.com/bfs/archive/d18a0e2a80905c1a2bfe0d000c3ca47aa1548899.jpg
2026-06-09,2026-06-09 20:51:19,30,BV1bd7k62Epb,116696794863371,LV6有啥用?一个视频看懂LV6所有特权功能,威尔斯耍流氓,搞笑,娱乐,138,193,957211,13408,23554,86199,52234,13237,5460,1780652357,https://www.bilibili.com/video/BV1bd7k62Epb,http://i1.hdslb.com/bfs/archive/96eeed5029dce27d3f6ea0160d4ade58d6afb34e.jpg
2026-06-09,2026-06-09 20:51:19,31,BV1ALEg6UEeN,116714075461800,《高考固定NPC 2026》,嘞是唐孃孃,搞笑,娱乐,138,79,2704233,242,2705,200192,2124,11568,2518,1780915783,https://www.bilibili.com/video/BV1ALEg6UEeN,http://i1.hdslb.com/bfs/archive/609a023ae422249567553ffc4b214b75b2eb952d.jpg
2026-06-09,2026-06-09 20:51:19,32,BV1fMV268E7X,116684027335970,《追逐卡蕾多》首次测试招募PV & 实机演示,追逐卡蕾多,手机游戏,游戏,172,1438,2628909,1460,3180,85419,3378,18931,4601,1780891200,https://www.bilibili.com/video/BV1fMV268E7X,http://i0.hdslb.com/bfs/archive/1db97203934b38058a9ba67943a3579393f4b222.jpg
2026-06-09,2026-06-09 20:51:19,33,BV1xzE46KEFk,116707616098534,为了知晓地球年龄，人类究竟有多难？,星团菌,日常,生活,21,2606,1816746,2776,2204,74892,15134,23227,2020,1780835400,https://www.bilibili.com/video/BV1xzE46KEFk,http://i2.hdslb.com/bfs/archive/deeb691257a57979e33569ddbda3f66373262351.jpg
2026-06-09,2026-06-09 20:51:19,34,BV1KG7S6FECF,116701274313735,小孩只是请男人吃了一块羊肉，男人转手就掏出一个900克的大金轮,懂一点人情世故,影视剪辑,影视,183,425,2330683,1455,1343,109699,2208,11622,823,1780720244,https://www.bilibili.com/video/BV1KG7S6FECF,http://i2.hdslb.com/bfs/archive/7635c90a615f292f19e67c7de1d91e5c8a697033.jpg
2026-06-09,2026-06-09 20:51:19,35,BV1g8Es6vEKZ,116706609598663,《鸣潮》× 《赛博朋克：边缘行者》 联动PV | 暗巷怪谈,鸣潮,手机游戏,游戏,172,598,2483430,2051,10407,68842,24314,11951,12361,1780804800,https://www.bilibili.com/video/BV1g8Es6vEKZ,http://i2.hdslb.com/bfs/archive/e73c3fc833ee1693dcf748e29538070e01b8fd40.jpg
2026-06-09,2026-06-09 20:51:19,36,BV13PEx63EJ3,116706575912358,这样的幸运，你想拥有吗！？🥳 #挑战# #野兽先生# #MrBeast# #vlog# #整活#,MrBeast官方账号,日常,生活,21,36,3081661,447,2238,205973,5621,11311,722,1780801241,https://www.bilibili.com/video/BV13PEx63EJ3,http://i1.hdslb.com/bfs/archive/060ed908afe9f422de1f1a505ade5b1e4ca3d8ae.jpg
2026-06-09,2026-06-09 20:51:19,37,BV1wPEs6pEMm,116706894749229,孤岛小夫 第二集,派之新,同人·手书,动画,47,503,1652604,804,1354,83270,5331,14939,2889,1780807094,https://www.bilibili.com/video/BV1wPEs6pEMm,http://i1.hdslb.com/bfs/archive/f16994491642562a05defddee6f04d3d2f428f15.jpg
2026-06-09,2026-06-09 20:51:19,38,BV1zDE46ZEzL,116707213512648,虎哥摩根时代只有自己用的是真的,虎哥二次元教父,鬼畜调教,鬼畜,22,16,2438481,156,1627,198909,1883,8575,995,1780811019,https://www.bilibili.com/video/BV1zDE46ZEzL,http://i2.hdslb.com/bfs/archive/167cc262dd29aa3be2b9730c13c4ce9733856d97.jpg
2026-06-09,2026-06-09 20:51:19,39,BV1Jj7C6AEPq,116696845193451,是我还不够好,怎么转身又是,MMD·3D,动画,25,67,2553975,7120,9201,236124,14453,63874,38557,1780652794,https://www.bilibili.com/video/BV1Jj7C6AEPq,http://i0.hdslb.com/bfs/archive/c261bcb22b8b34b31c0d9cb2e04b0a49a318b123.jpg
2026-06-09,2026-06-09 20:51:19,40,BV13c7S6qE5a,116701324648092,大哥豪刷10个爱神之箭！头开8个苹果全程揪心，接连翻车差点心态崩盘！,语格yoga,舞蹈综合,舞蹈综合,154,271,1932058,2479,4177,108884,12895,7884,3486,1780721492,https://www.bilibili.com/video/BV13c7S6qE5a,http://i1.hdslb.com/bfs/archive/e2af963c319aa3c1083f65f39306936b272010b5.jpg
2026-06-09,2026-06-09 20:51:19,41,BV1cu7r6FEPd,116696023045705,英国，沦为印度殖民地,平原公子,日常,生活,21,463,3890704,16061,10958,250229,12207,28101,25988,1780640137,https://www.bilibili.com/video/BV1cu7r6FEPd,http://i1.hdslb.com/bfs/archive/95ba7fb80bc2a46fc2c8f7ff69a08c57c40ef914.jpg
2026-06-09,2026-06-09 20:51:19,42,BV1um7665EpW,116696325033820,讷,水生植物人owo,日常,生活,21,16,1747808,1636,9520,250066,7488,64878,23911,1780644714,https://www.bilibili.com/video/BV1um7665EpW,http://i2.hdslb.com/bfs/archive/ce971f171b1f22d061819b3fea882f5d4af2a608.jpg
2026-06-09,2026-06-09 20:51:19,43,BV1EnEg65EZx,116714092105178,死亡盲区：濒死时，人们能看见什么？,大圆镜科普,科学科普,知识,201,457,992405,1140,1689,89548,1974,13832,1039,1780916623,https://www.bilibili.com/video/BV1EnEg65EZx,http://i2.hdslb.com/bfs/archive/3019a85021b4f6d2efe63b865eeacf6bd860ef52.jpg
2026-06-09,2026-06-09 20:51:19,44,BV1zzEu6GEHW,116714209545674,《别替我吹了》,伤心欲茄222,搞笑,娱乐,138,119,1584377,2027,6573,151569,3376,7505,1459,1780977600,https://www.bilibili.com/video/BV1zzEu6GEHW,http://i2.hdslb.com/bfs/archive/a53f0df5bb61b89094597f7f5d9ca61c0dd0b6c8.jpg
2026-06-09,2026-06-09 20:51:19,45,BV1ZREP6dEcU,116693758117714,扫落叶全清洁100%速通39分03秒leaf it alone,闲云豹,单机游戏,游戏,17,2367,1869871,1891,2647,153109,16295,35564,6507,1780605809,https://www.bilibili.com/video/BV1ZREP6dEcU,http://i1.hdslb.com/bfs/archive/310db23466f62e9399f25f92c8d2b0af953476d6.jpg
2026-06-09,2026-06-09 20:51:19,46,BV19N7y6bE1e,116698455803490,全体起立鼓掌！人类发现了治癌症的新药！🤯,蜗牛的科技笔记,软件应用,软件应用,230,115,1762177,1486,7839,163791,6787,27378,11257,1780677279,https://www.bilibili.com/video/BV19N7y6bE1e,http://i2.hdslb.com/bfs/archive/3b5f57bbd2f68b33097261f34d0cbb700b9439ce.jpg
2026-06-09,2026-06-09 20:51:19,47,BV1AwEs69E4D,116706978633242,高考 标准答案正在进入考场,ring_of_power,日常,生活,21,19,2666638,1571,9492,163810,623,10346,12127,1780807231,https://www.bilibili.com/video/BV1AwEs69E4D,http://i0.hdslb.com/bfs/archive/717464a151023d48916c1bc164a883d5454724ca.jpg
2026-06-09,2026-06-09 20:51:19,48,BV1xU7f6xEjt,116690939546284,CF单机叙事续作——《穿越火线：潜伏》实机首曝,穿越火线潜伏,单机游戏,游戏,17,308,7107121,2040,6818,133306,7714,27584,15938,1780696800,https://www.bilibili.com/video/BV1xU7f6xEjt,http://i0.hdslb.com/bfs/archive/140a4abb0c80a2aa1e7cb7126c978567b667ed12.jpg
2026-06-09,2026-06-09 20:51:19,49,BV1UV7k6LEUG,116697264627213,航天会刷典狱长？！【三角洲动画】,手折余弦丶,电子竞技,游戏,171,300,1593313,1645,2111,129804,16202,35984,4135,1780659017,https://www.bilibili.com/video/BV1UV7k6LEUG,http://i0.hdslb.com/bfs/archive/eb575db6391346950b2623259e6c0c6469239e03.jpg
2026-06-09,2026-06-09 20:51:19,50,BV1uvEK6EEJZ,116712196278177,海上六十秒成功撤离,Z贤者,单机游戏,游戏,17,1075,1783470,2313,670,81008,3132,24651,1244,1780887036,https://www.bilibili.com/video/BV1uvEK6EEJZ,http://i1.hdslb.com/bfs/archive/93075bc98f14fac02640d2f20812a5cb5026fc5c.jpg
2026-06-09,2026-06-09 20:51:19,51,BV1hG7y69Ej2,116698036313694,史上最骚特工(第二集),老番茄,单机游戏,游戏,17,842,2872257,3594,1949,160254,52705,46248,2817,1780716600,https://www.bilibili.com/video/BV1hG7y69Ej2,http://i2.hdslb.com/bfs/archive/c4778bfde8d395e0f91e2f746393736302e8205c.jpg
2026-06-09,2026-06-09 20:51:19,52,BV1tZET6HESW,116713504902448,“同步率”三个字已经很难概括这个视频了,新华社,日常,生活,21,27,1889893,761,3271,184450,2998,9599,5450,1780906886,https://www.bilibili.com/video/BV1tZET6HESW,http://i1.hdslb.com/bfs/archive/4b20a6f517b4ad8f1b7ebbcf31ccb1317bb89fee.jpg
2026-06-09,2026-06-09 20:51:19,53,BV1eVEn6fEwP,116703304357775,高考日子678，祝你—录取吧！,碎嘴企鹅,搞笑,娱乐,138,110,877576,1401,8712,133486,2728,5774,599,1780751436,https://www.bilibili.com/video/BV1eVEn6fEwP,http://i0.hdslb.com/bfs/archive/89dfb44cf51f7845972489cbc8fed63d78368801.jpg
2026-06-09,2026-06-09 20:51:19,54,BV1TK7S6PESt,116701341420908,日菲台岛东部“划界”，我们和两国防长现场对线！,玉渊谭天,科学科普,知识,201,466,923839,6578,5477,97316,32415,11262,2597,1780729200,https://www.bilibili.com/video/BV1TK7S6PESt,http://i0.hdslb.com/bfs/archive/4f11eda2d2c34ea69bc20938c15ebcc0e4b3affc.jpg
2026-06-09,2026-06-09 20:51:19,55,BV1Vz766DE6S,116696342006745,“从来就没有什么意外 ”,DKM莫天行,GMV,GMV,121,142,1238760,282,2022,136291,23794,51290,1422,1780653600,https://www.bilibili.com/video/BV1Vz766DE6S,http://i1.hdslb.com/bfs/archive/ebae2236febce20da402b0789a87254a40b4e8b8.jpg
2026-06-09,2026-06-09 20:51:19,56,BV1m87D6iEgB,116702834657874,好多人想看Dangerous，那就斗胆跳一段。,特崮斯,篮球,运动,235,59,1194187,678,2991,173798,25919,10854,2622,1780744217,https://www.bilibili.com/video/BV1m87D6iEgB,http://i2.hdslb.com/bfs/archive/c883cf75d064cd54b77796c65fc6a55298f47367.jpg
2026-06-09,2026-06-09 20:51:19,57,BV1vUEu6KEyw,116714175989459,和日本女友去她丈母娘家里,我不是黄毛-,搞笑,娱乐,138,276,1517356,1477,1467,92593,837,6564,820,1780917899,https://www.bilibili.com/video/BV1vUEu6KEyw,http://i0.hdslb.com/bfs/archive/0ff11df121432a1b7599f76c12954dfc8beb57a9.jpg
2026-06-09,2026-06-09 20:51:19,58,BV16ZEh6zEN5,116711021940487,《垫底牢大重制版》：丁真帮助科比高考逆袭清北,村村狗熊,赛车,赛车,245,735,1161038,2394,2856,70573,9679,13129,7921,1780885800,https://www.bilibili.com/video/BV16ZEh6zEN5,http://i1.hdslb.com/bfs/archive/8d7c30025ee6b66fd8aafe7e64fe6b4890bbdf89.jpg
2026-06-09,2026-06-09 20:51:19,59,BV1x77Q6eE7o,116702247457814,《绝区零》3.0版本PV | 某个梦游者的自白,绝区零,手机游戏,游戏,172,2575,1031201,4175,5573,59906,16505,10774,2759,1780749000,https://www.bilibili.com/video/BV1x77Q6eE7o,http://i2.hdslb.com/bfs/archive/87c8066e1d2dab7418e493b02cf3efa0e0b9a4b7.jpg
2026-06-09,2026-06-09 20:51:19,60,BV1xCEb63Ewg,116708471736833,【TF家族练习生】《四一有意思》09:《我们与“影弟”的距离》（下）,TF家族,明星综合,明星综合,137,2405,1050785,354695,3937,49138,6457,22562,1335,1780830000,https://www.bilibili.com/video/BV1xCEb63Ewg,http://i0.hdslb.com/bfs/archive/5d11b912eac44c5ad5cf8c93db359e80e3186d2e.jpg
2026-06-09,2026-06-09 20:51:19,61,BV1s47y65E4g,116698153752165,那年你写下了什么？复盘1977—2025年高考作文题【大国之治·高考作文题】,大象放映室,财经商业,知识,207,2306,1284309,2719,4908,35987,12906,27901,8087,1780801200,https://www.bilibili.com/video/BV1s47y65E4g,http://i1.hdslb.com/bfs/archive/e403ab5119fb220e6ae7654b859643b16dec3709.jpg
2026-06-09,2026-06-09 20:51:19,62,BV1VgE86XEcy,116710250126890,高考结束敢打游戏？,锤子game,搞笑,娱乐,138,91,1795335,699,4677,146494,706,5927,5283,1780891200,https://www.bilibili.com/video/BV1VgE86XEcy,http://i2.hdslb.com/bfs/archive/04fdadd097cb7a6144fd987f4678f1aedfbeea73.jpg
2026-06-09,2026-06-09 20:51:19,63,BV15d7D6UE4i,116702549379788,世界杯期间不抓移民？那这世界杯不是白办了吗,麻薯波比呀,社科·法律·心理,知识,124,995,2275189,8276,4208,109341,16049,13013,3279,1780740025,https://www.bilibili.com/video/BV15d7D6UE4i,http://i2.hdslb.com/bfs/archive/91940674117acf43b95f7a6e2e7ab686470cc3ea.jpg
2026-06-09,2026-06-09 20:51:19,64,BV1fd7C6vEA8,116698489357988,开局仅有一格云平台？传奇极限空岛生存！,陶艺猫,单机游戏,游戏,17,951,844404,1223,1066,66073,30855,12697,1876,1780711500,https://www.bilibili.com/video/BV1fd7C6vEA8,http://i0.hdslb.com/bfs/archive/fe29c19a4bfe19e414b572cc9869ab6a64e80601.jpg
2026-06-09,2026-06-09 20:51:19,65,BV1dhEH6KERy,116704277435502,【良子本人胃袋这一块】新作上线，快来看看！,良子本人胃袋这一块,美食记录,美食,215,48,3256068,1163,3242,137376,575,7743,4230,1780766174,https://www.bilibili.com/video/BV1dhEH6KERy,http://i2.hdslb.com/bfs/archive/f1437a5649b4d529e263388e4c95984ffb5cad90.jpg
2026-06-09,2026-06-09 20:51:19,66,BV16oEJ66Epu,116703220468274,网飞新剧夯爆了，最狠教师，暴打校霸！提前锁定年度最佳！,噔噔悬疑社,影视杂谈,影视,182,3492,1426636,14580,5566,34132,9816,18467,8285,1780750042,https://www.bilibili.com/video/BV16oEJ66Epu,http://i2.hdslb.com/bfs/archive/1e5067324d5a67397855edb31e3650e31bb493a9.jpg
2026-06-09,2026-06-09 20:51:19,67,BV1dEE46SEEr,116707834267247,爽到头皮发麻！目前无差评，这剧太敢拍了！让韩国教师联名抵制的剧爆了，万字细嗦《铁拳教育》（上）,不善言辞的秃秃,影视杂谈,影视,182,3410,1341603,3948,2809,42305,10482,22532,4974,1780822847,https://www.bilibili.com/video/BV1dEE46SEEr,http://i0.hdslb.com/bfs/archive/df989b4e9c59120bd78012366b094e8c75762615.jpg
2026-06-09,2026-06-09 20:51:19,68,BV1787S6mEV8,116701073053928,这里藏着一群“伪人”,摸鱼佬临风,鬼畜剧场,鬼畜剧场,216,354,475482,466,906,86995,6613,28923,1244,1780717427,https://www.bilibili.com/video/BV1787S6mEV8,http://i2.hdslb.com/bfs/archive/d2a4fc8b8017160bc03e17f14d6fbedd690059c1.jpg
2026-06-09,2026-06-09 20:51:19,69,BV1UQEx6ME4i,116708203301496,《你和兄弟打单挑时》,韩波格_,搞笑,娱乐,138,17,2750417,95,840,149722,662,6590,1592,1780826061,https://www.bilibili.com/video/BV1UQEx6ME4i,http://i1.hdslb.com/bfs/archive/ee8a15d19b3d9224e47b77a98e979a8a050cf01a.jpg
2026-06-09,2026-06-09 20:51:19,70,BV1MaEs6PEN2,116706659927588,地狱门展开防御系统-歼神号空天航母KG2.0,雨川_叶のイレナqwq,单机游戏,游戏,17,49,895609,728,3458,109104,2624,29619,12648,1780802544,https://www.bilibili.com/video/BV1MaEs6PEN2,http://i1.hdslb.com/bfs/archive/51c05f83ebe30f181c40815bb8e00914d2a8536a.jpg
2026-06-09,2026-06-09 20:51:19,71,BV1U87D6iEK2,116702834662934,老吴大师,皮欧皮皮,喵星人,喵星人,218,116,1066607,1290,2744,116302,2004,12619,9958,1780744103,https://www.bilibili.com/video/BV1U87D6iEK2,http://i0.hdslb.com/bfs/archive/d0b24d7ecbe3b7c2fbd943beec85bee6128300d7.jpg
2026-06-09,2026-06-09 20:51:19,72,BV1JyEp6jExj,116705619609485,【瓦赛杂谈】数据不足以体现CN选手基本职业素养的缺乏。,KiddoJioJio,网络游戏,游戏,65,908,964578,1691,8482,42524,26013,8475,10692,1780786587,https://www.bilibili.com/video/BV1JyEp6jExj,http://i1.hdslb.com/bfs/archive/8df6fc0aeeceb732a39b8029f16711194376342f.jpg
2026-06-09,2026-06-09 20:51:19,73,BV1i1ET68EuZ,116713370688013,我们的爸妈vs我们当爸妈,西维西师傅,搞笑,娱乐,138,52,2136787,156,948,160094,1069,6408,1578,1780904802,https://www.bilibili.com/video/BV1i1ET68EuZ,http://i1.hdslb.com/bfs/archive/dc0eb35f93be0f394cef87901ba9db8de7c19abe.jpg
2026-06-09,2026-06-09 20:51:19,74,BV11KEb6iEcF,116708605956377,北方吃的都是“死荔枝”？？先别“破防”！展开讲讲！【主播说三农】,央视农业,三农,生活,251,215,1239900,1611,4483,81068,2239,3889,3754,1780832070,https://www.bilibili.com/video/BV11KEb6iEcF,http://i2.hdslb.com/bfs/archive/0499182ad9fbcf4a1c5c43b27a3ac394fb2bea48.jpg
2026-06-09,2026-06-09 20:51:19,75,BV1rg7C6TEUm,116696912369911,一句“一氧化二氢”能钓出多少“读稿机”？,中国食品报融媒体,科学科普,知识,201,291,5351245,7345,24865,228149,18679,27624,19316,1780653928,https://www.bilibili.com/video/BV1rg7C6TEUm,http://i1.hdslb.com/bfs/archive/1081ed32a36e81bee443915a997ed5f2bd56badd.jpg
2026-06-09,2026-06-09 20:51:19,76,BV1CCE46YEi5,116707565832991,参加节目只是一种享福，把压力留给观众就行,接二连珊妄想症,娱乐杂谈,娱乐杂谈,241,878,1279047,15358,1994,69506,16501,11538,7150,1780821000,https://www.bilibili.com/video/BV1CCE46YEi5,http://i1.hdslb.com/bfs/archive/b20a8b0d4fa331b09a32499aab95459b9295b1e4.jpg
2026-06-09,2026-06-09 20:51:19,77,BV1abEb6DEgd,116708287188581,jojo在哪里？jojo在开罗大街井盖里！！,猫店,鬼畜调教,鬼畜,22,73,824253,840,2545,101180,11181,27068,18838,1780827415,https://www.bilibili.com/video/BV1abEb6DEgd,http://i2.hdslb.com/bfs/archive/3d6493fce12e763f9dbe0553a5cce0fc6d934eaf.jpg
2026-06-09,2026-06-09 20:51:19,78,BV1yk7X6KEz4,116686023891513,2高中生屠杀同学，造成13人死亡后自杀，开启美国校园枪击案先河：科伦拜恩枪击案,捕月说,人文历史,知识,228,733,3248776,1319,1236,102923,2065,14525,1003,1780654200,https://www.bilibili.com/video/BV1yk7X6KEz4,http://i2.hdslb.com/bfs/archive/b52e8d555de710438989ea0831c1fa8211fbe67d.jpg
2026-06-09,2026-06-09 20:51:19,79,BV1cs7Q6fEQX,116702230616264,双绝之战,ioeop,网络游戏,游戏,65,35,1945838,126,1319,136810,1666,17451,7044,1780734931,https://www.bilibili.com/video/BV1cs7Q6fEQX,http://i1.hdslb.com/bfs/archive/1026961aa82bcc307e2feec6322493bb3d5b1190.jpg
2026-06-09,2026-06-09 20:51:19,80,BV1CCEs6REPG,116706794083871,来杯好茶摇一摇,龙鹰三角洲行动,网络游戏,游戏,65,22,1037571,283,2152,112880,1119,23029,11932,1780804399,https://www.bilibili.com/video/BV1CCEs6REPG,http://i2.hdslb.com/bfs/archive/26755fd236c5bdd6d950778caa0478fcd988457d.jpg
2026-06-09,2026-06-09 20:51:19,81,BV1Xh7168ESr,116699395266567,一期视频教会你公式化手炮开局炸一队,麒麟--三角洲行动,网络游戏,游戏,65,53,1581136,95,1112,96485,1919,55744,8294,1780729200,https://www.bilibili.com/video/BV1Xh7168ESr,http://i1.hdslb.com/bfs/archive/40350b382e3bd6f3e06fd0adf770a6010bb346b2.jpg
2026-06-09,2026-06-09 20:51:19,82,BV1yREW6tE1P,116705183403563,小师弟，今天我，好看吗~,小弑弑,手机游戏,游戏,172,58,640345,344,1568,111763,9850,27392,4334,1780801200,https://www.bilibili.com/video/BV1yREW6tE1P,http://i1.hdslb.com/bfs/archive/b6271dbf605cc3c13b0ab190bb696ce6739fe8f5.jpg
2026-06-09,2026-06-09 20:51:19,83,BV1YWE46jEVk,116707850979344,这得看不少部！先生！2026年七月新番扫雷推荐！【瓶子君152】,瓶子君152,动漫杂谈,动画,253,717,652560,2944,2294,49786,18295,12407,2274,1780826400,https://www.bilibili.com/video/BV1YWE46jEVk,http://i2.hdslb.com/bfs/archive/9f1d187a3a50b4e61810619ddf92991416dda6c6.jpg
2026-06-09,2026-06-09 20:51:19,84,BV1BJEb6oEjZ,116708723398287,优雅喵,辣椒素素素,颜值·网红舞,颜值·网红舞,255,20,812616,98,1169,118100,5878,22714,1946,1780834046,https://www.bilibili.com/video/BV1BJEb6oEjZ,http://i2.hdslb.com/bfs/archive/8cace26e015eff4f590c59bb5e20024c6a1c72eb.jpg
2026-06-09,2026-06-09 20:51:19,85,BV1XkEx65E2J,116707968420362,我创造了游戏史上最强Boss！？,FoFTG,单机游戏,游戏,17,485,1393196,1269,941,61980,13115,13929,386,1780826400,https://www.bilibili.com/video/BV1XkEx65E2J,http://i1.hdslb.com/bfs/archive/cb046550edba573ab64f33168fd8827a5cddf4c1.jpg
2026-06-09,2026-06-09 20:51:19,86,BV1gP7Q6VE6p,116702129950535,选择你的高考助力官,三三-关注取图,综合,综合,27,16,411753,576,4304,118380,1545,34125,3517,1780733269,https://www.bilibili.com/video/BV1gP7Q6VE6p,http://i0.hdslb.com/bfs/archive/dc9248cceb1e04dbd4235ea16c486602da7d7cbc.jpg
2026-06-09,2026-06-09 20:51:19,87,BV1hkEg6FExK,116713790183267,“差点没能绷住吗...？你这家伙！”,哈基漂不想睡大街,综合,综合,27,110,890742,577,881,89391,25551,8514,1988,1780911280,https://www.bilibili.com/video/BV1hkEg6FExK,http://i0.hdslb.com/bfs/archive/2b50e0bcdeb47aaf4bf732fc6cc40208d4b26b80.jpg
2026-06-09,2026-06-09 20:51:19,88,BV1Ft7Q6oE4d,116701861517497,当我尝试做汉尼拔的菜谱,汉尼扳,小剧场,娱乐,85,279,646405,858,993,78272,2624,11416,1095,1780740000,https://www.bilibili.com/video/BV1Ft7Q6oE4d,http://i0.hdslb.com/bfs/archive/601a792216743016ddf8f3e63abded1f4eeb840d.jpg
2026-06-09,2026-06-09 20:51:19,89,BV1747S6SExf,116701039495420,师傅：成功挑战人类！,猪大肠and方一蛋,喵星人,喵星人,218,44,2039474,1054,2515,180101,5024,7016,4319,1780717504,https://www.bilibili.com/video/BV1747S6SExf,http://i2.hdslb.com/bfs/archive/3449f80a251dbb861606222cd047b34839e4e173.jpg
2026-06-09,2026-06-09 20:51:19,90,BV1kME464EJs,116707683209505,小小极客湾，拿下！,笔吧评测室,数码,科技,95,394,1125378,3550,2530,52307,11287,7060,3104,1780825198,https://www.bilibili.com/video/BV1kME464EJs,http://i2.hdslb.com/bfs/archive/ba90a910e391dc0aab61116cff6707a1253fa15d.jpg
2026-06-09,2026-06-09 20:51:19,91,BV1Bm7U6jEDZ,116701542815709,《爱，你》,是许木木啊,日常,生活,21,1043,1088045,6076,4692,106805,13442,25857,1874,1780738200,https://www.bilibili.com/video/BV1Bm7U6jEDZ,http://i0.hdslb.com/bfs/archive/fd7de4f643c70f1117b5d4f7ef9d1878ffc094bd.jpg
2026-06-09,2026-06-09 20:51:19,92,BV1koEJ66EKE,116703220470081,【单依纯】梦中的《橄榄树》,单依纯,音乐现场,音乐,29,153,807174,3006,5838,36753,26344,11182,5314,1780749925,https://www.bilibili.com/video/BV1koEJ66EKE,http://i2.hdslb.com/bfs/archive/6836e109c7adc4f8882b0071ae64e407935ec0c7.jpg
2026-06-09,2026-06-09 20:51:19,93,BV1AnEx68Eh5,116706122927733,特厨探店|明星开的小面馆，真实水平到底怎么样—八号院儿,特厨隋坡,美食侦探,美食,212,157,1344303,1397,3089,76762,2786,2924,1588,1780803000,https://www.bilibili.com/video/BV1AnEx68Eh5,http://i0.hdslb.com/bfs/archive/ef4fdbb48e2a5d5ea262e50d686a682df48c1727.jpg
2026-06-09,2026-06-09 20:51:19,94,BV1Vf7D62EwZ,116702448716451,《我一级就是后期了》,尴尬的铁根er,网络游戏,游戏,65,216,2598994,531,1999,89457,2589,7592,1551,1780738656,https://www.bilibili.com/video/BV1Vf7D62EwZ,http://i0.hdslb.com/bfs/archive/dba54e23a9dce65e11940cc2a9adb0552774c7f5.jpg
2026-06-09,2026-06-09 20:51:19,95,BV17U7D6WEU8,116702364831700,别笑，你也找不到欣答应在哪,七颗猩猩QKXX,日常,生活,21,176,1968965,612,817,107586,4338,15366,751,1780737386,https://www.bilibili.com/video/BV17U7D6WEU8,http://i0.hdslb.com/bfs/archive/a4aceec695e539b218d8c310d5e2318fc3fd53bb.jpg
2026-06-09,2026-06-09 20:51:19,96,BV1szE46KE26,116707616099730,外挂般的跟枪,老机长带你起飞,电子竞技,游戏,171,16,1243926,264,3634,105349,1323,14252,7725,1780817067,https://www.bilibili.com/video/BV1szE46KE26,http://i2.hdslb.com/bfs/archive/aba8c08928a2654684ce392f02aebd9d1c3ba542.jpg
2026-06-09,2026-06-09 20:51:19,97,BV1q1Vy64EqA,116682450274928,给朋友做的一本翻翻乐,花颜和鸣,日常,生活,21,70,1049872,1312,3485,220474,20782,37413,1503,1780589700,https://www.bilibili.com/video/BV1q1Vy64EqA,http://i0.hdslb.com/bfs/archive/b6ed86d5a0591cf027f6b65a4770f1c9656617d7.jpg
2026-06-09,2026-06-09 20:51:19,98,BV1n17D6xEX2,116702331278408,这就是7JIA最强之人,杨齐家_,单机游戏,游戏,17,1221,3414860,5712,2584,126435,11145,22946,1036,1780736508,https://www.bilibili.com/video/BV1n17D6xEX2,http://i1.hdslb.com/bfs/archive/63922fa2e9e8a18b95b8175a3bea61b0779794d1.jpg
2026-06-09,2026-06-09 20:51:19,99,BV1Pi7D6hEfW,116702767749130,河南婚礼接亲保姆级教程,管家式婚礼主持刘潇,日常,生活,21,532,1068708,389,1601,72024,1365,7402,1531,1780743614,https://www.bilibili.com/video/BV1Pi7D6hEfW,http://i1.hdslb.com/bfs/archive/9d364a5eb9af93549a7c14e18546298e2fe74409.jpg
2026-06-09,2026-06-09 20:51:19,100,BV1BS7D6XEkm,116702348123871,西瓜芯对日本人的杀伤力,小雨和雄大,搞笑,娱乐,138,49,2956293,293,785,131702,1147,3950,541,1780736795,https://www.bilibili.com/video/BV1BS7D6XEkm,http://i2.hdslb.com/bfs/archive/8fa7208add6909a0677010f1333a485ed787db85.jpg
